,balanced_logistic_regression,weighted_random_forest,hist_gradient_boosting,target
0,0.39869051325464,0.76,0.7613910296274561,false
1,0.06628546747439175,0.24,0.0530292593936837,true
2,0.6019391032001457,0.37,0.5590736250205307,true
3,0.9334748233622745,0.33,0.6519006817121096,true
4,0.42515611803501774,0.36,0.38102181428412835,true
5,0.49386479521388443,0.28,0.5254076849673603,true
6,0.6148716916456077,0.15,0.6359170693848742,true
7,0.2649465183858092,0.13,0.15681841052208595,true
9,0.8632584558657818,0.93,0.902346741475486,true
10,0.6092956488496845,0.6,0.7150012364152525,true
11,0.6398752604872366,0.51,0.7002207351716988,true
12,0.37251062491803133,0.16,0.2736624352455341,true
13,0.5892403313279289,0.62,0.6357796644432817,true
15,0.8473234719736955,0.93,0.861793596880352,true
16,0.2594249234160211,0.9,0.556128556543286,true
18,0.41123783742893893,0.23,0.31393709418144694,true
20,0.7344200964710463,0.74,0.6996913117363422,true
21,0.5409052970415017,0.56,0.6193537887659271,true
22,0.7637030647222094,0.52,0.7623628839648199,true
24,0.4075516711583618,0.34,0.3723974571454021,true
25,0.9400517713285561,0.71,0.6337452131413513,true
26,0.47284582140625936,0.48,0.5664169792114464,true
27,0.7807430527428776,0.52,0.5952639625263597,true
28,0.5837915227481423,0.48,0.5201183425307925,true
29,0.6002383497167225,0.55,0.6281559576194801,true
30,0.3432264033867289,0.38,0.4010347629703801,true
31,0.4491573347297164,0.2838095238095238,0.38994538889390123,true
32,0.2681932376837603,0.9179999999999999,0.600705186620647,true
34,0.39474399950484895,0.7,0.5102181961485169,true
35,0.5718333985843512,0.4,0.7043583402294196,true
36,0.694448732280568,0.35,0.6478287101523682,true
38,0.32219135560305806,0.25,0.2595155323385489,true
39,0.4710073405569323,0.29,0.4966702048594808,true
40,0.3741676160536786,0.41,0.44873682265581366,true
41,0.38330518595408575,0.52,0.5523705156274754,true
42,0.564597054314199,0.21,0.6113734400785206,true
43,0.7753762071061825,0.53,0.535076752324075,true
44,0.6605509285962006,0.51,0.7972506332912539,true
45,0.47884610601901983,0.44,0.4142357274801459,true
46,0.7073381620982572,0.65,0.7315096873658725,true
47,0.409829367782922,0.16,0.1545269936356357,true
48,0.9999204679074899,0.79,0.9151146617507699,true
49,0.7949520825088369,0.85,0.8163798853682629,true
51,0.7343201520102474,0.29,0.38417401773411597,true
52,0.3958891419413089,0.23,0.4051932675807278,true
53,0.46510159697131864,0.42,0.5911229408616104,true
54,0.8510545642069001,0.48,0.6462174521816256,true
57,0.8926801666253106,0.89,0.8645545241965191,true
58,0.7593035035813285,0.61,0.7207865186978796,true
61,0.31032226594066686,0.03,0.15772280055585067,true
62,0.9292694608791279,0.44,0.61430538694423,true
63,0.9439501544744945,0.69,0.7485814409849774,true
64,0.6896917826139964,0.65,0.7549167925235277,true
66,0.39014264737730003,0.19,0.21818284199862673,true
68,0.34212797140026113,0.13,0.09329163165537606,true
69,0.3679770630766721,0.12,0.21159299895916028,true
70,0.6321119737796751,0.56,0.5715129524308773,true
71,0.38904443038952485,0.12,0.12921023589127947,true
72,0.5117315046308614,0.54,0.7144320156417807,true
73,0.8247718711753504,0.59,0.6870998007740529,true
75,0.3928538887594698,0.19,0.34573825154255156,true
76,0.4617161993998811,0.23,0.24303339796131768,true
77,0.3144263575572562,0.02,0.056588272433257036,true
79,0.2675071289804934,0.3491666666666666,0.3560005932667247,true
80,0.3449973162320525,0.03,0.12945243405244944,true
82,0.9847595785930285,0.76,0.9057039068342675,true
84,0.486764930404527,0.44,0.61569213165414,true
85,0.6748467228822882,0.55,0.6899087916546709,true
87,0.6864163110410358,0.33,0.26219104892193423,true
88,0.7093398106728153,0.67,0.6867971445463579,true
89,0.5345816808774292,0.52,0.2807766433376498,true
96,0.339520743494776,0.37,0.21526819347634668,true
97,0.3283755918763975,0.05,0.12628550104903494,true
98,0.8815558286180778,0.74,0.8376262829494925,true
99,0.4330269316165949,0.29,0.4528981540102996,true
101,0.33848181357021795,0.17,0.1776739790574648,true
104,0.45515159151472856,0.24,0.40660344677519733,true
105,0.5417191860410755,0.78,0.6806951013154029,true
107,0.5872943824550795,0.45,0.6356122275783453,true
109,0.4715397708310277,0.2,0.2793779038932816,true
110,0.46845757929205706,0.51,0.4549998661950903,true
111,0.37346717877884006,0.11,0.13707965098414968,true
112,0.5356443775467231,0.64,0.40279654882662885,true
113,0.4804914501987619,0.54,0.4087508351378781,true
114,0.8007157419256169,0.5,0.4610122356771347,true
115,0.7869459407650995,0.55,0.7056214794259416,true
116,0.6157164523639291,0.52,0.5111937894165999,true
117,0.49461571112033875,0.54,0.5859112434793909,true
118,0.3645564379523394,0.07,0.3647656785930787,true
119,0.7016603202877776,0.56,0.46669432050720855,true
120,0.4938716341421787,0.34,0.476221266210223,true
121,0.4432073306005677,0.21,0.5095774619861695,true
122,0.3379249601533509,0.15,0.1374909363331261,true
123,0.38172955165575007,0.3275,0.4095279687792121,true
124,0.48517153455843565,0.14,0.21676913720559737,true
125,0.30935905404857184,0.41,0.49963678606090484,true
126,0.32371714259148415,0.0575,0.33611603488817,true
127,0.4749869959235505,0.78,0.6157566038539593,true
128,0.5318996462338752,0.32,0.24174800127592888,true
129,0.5128965959384756,0.58,0.40508443928641996,true
130,0.30034333974233013,0.17,0.22803329367014244,true
131,0.6866200567743717,0.39,0.4943293126779265,true
132,0.4739454166358994,0.95,0.6193555690693017,true
133,0.3109926141910893,0.11,0.2443965996003662,true
134,0.4870798056116475,0.33,0.40175108256679654,true
135,0.7250588129550127,0.43,0.6682912956814211,true
136,0.40488353116273457,0.42,0.3768471501407372,true
138,0.4047666601276793,0.8,0.6294063663062047,true
139,0.40790111029332615,0.7,0.6184705623626449,true
140,0.46452486352724487,0.49,0.634181954879583,true
141,0.8062312351477152,0.6,0.57552405136612,true
142,0.6543017332622401,0.39,0.5652302044767468,true
143,0.42877344982696003,0.43,0.2418159421676428,true
144,0.6484684076977386,0.54,0.6670436410797309,true
145,0.38085696435184535,0.19,0.42530058380890723,true
146,0.6890552040467778,0.66,0.7371148123954714,true
147,0.6262741196114336,0.71,0.8015678531584082,true
148,0.5556826815437774,0.57,0.6412953041735426,true
149,0.7711418474663427,0.33,0.6813008977710484,true
150,0.4523819198189541,0.2,0.36683542233958927,true
151,0.46906694785669817,0.49,0.6288242089255904,true
152,0.38563904676700106,0.67,0.70443332232281,true
153,0.4778633604026954,0.36,0.5601765692259082,true
154,0.45467653550092074,0.35,0.34059395669543313,true
155,0.5657400343010409,0.47,0.4271218971631591,true
157,0.35939714762393105,0.02,0.27572475581226447,true
158,0.6220190947284696,0.51,0.561154666569374,true
160,0.3812057909003168,0.54,0.37829964197886345,true
161,0.31998377197043254,0.08,0.1614058219109116,true
162,0.5993893890918665,0.51,0.7637366407297678,true
163,0.4477108314190606,0.66,0.5007635163128602,true
164,0.43775707608570175,0.75,0.5624881730906849,true
165,0.4968254249679816,0.33,0.3912196507725137,true
166,0.6400916385680645,0.28,0.4606878791694675,true
167,0.6604109098080638,0.79,0.5169287670528192,true
169,0.5218122289782151,0.43,0.4963586676216429,true
170,0.6082017788295474,0.51,0.6917519677439563,true
171,0.4894665619037818,0.37,0.5238101868083146,true
172,0.5072484181818786,0.3,0.47094435727613354,true
173,0.9713785549620061,0.74,0.8871336490722009,true
174,0.3067937292067499,0.15,0.16236641986244532,true
175,0.4175789300691255,0.31,0.5060627640502762,true
177,0.42031067111813664,0.49,0.48322214745905506,true
178,0.4104115497190409,0.38,0.4665503060674855,true
179,0.5704406256885538,0.6,0.5260649290769422,true
181,0.463110597274277,0.32,0.3886960323520477,true
182,0.4813225071636347,0.26,0.3788217276820065,true
183,0.4777134185324264,0.4,0.46785207823902164,true
184,0.46413238377132093,0.33,0.4916362529524855,true
185,0.2525277969058011,0.02,0.08277950713117793,true
186,0.5319852463490344,0.47,0.5720559331574346,true
187,0.4492866646555936,0.34,0.4139673952603104,true
188,0.481769759491746,0.58,0.3900993354075347,true
190,0.8810303315372584,0.58,0.8725919036180956,true
191,0.44258663197693643,0.15,0.3038898699126053,true
192,0.7546297835563394,0.71,0.8492630144841848,true
194,0.37970870083107316,0.21,0.34620025695608053,true
195,0.3783372182923198,0.38833333333333336,0.42364777382838753,true
196,0.4604616917819176,0.13,0.13858108546399825,true
198,0.7207314996880803,0.61,0.8547256067129779,true
200,0.4360782032306696,0.14,0.31915028896792147,true
201,0.6024059559586006,0.5,0.7246603667770094,true
202,0.5060746472178643,0.34,0.45229337466144215,true
203,0.6754712491089752,0.72,0.6704864044501182,true
204,0.5740449503522963,0.35,0.14962425102166815,true
205,0.49061547527768773,0.19,0.3012867717131944,true
206,0.4884705621261458,0.35,0.22979753361627372,true
208,0.595727070234871,0.41,0.43455817215627257,true
209,0.7626641718106479,0.58,0.7487075838754814,true
210,0.4072548132440126,0.08,0.28128354142510414,true
211,0.4503248019928473,0.16,0.31157412821256264,true
212,0.2909587219034376,0.04,0.09965796192293747,true
213,0.2886553218805195,0.25,0.11183614404539254,true
214,0.5945867910775992,0.35,0.44902233055039426,true
215,0.5712544993979063,0.71,0.5675056806033916,true
217,0.42033685023444417,0.02,0.10159057229910147,true
218,0.42400833795304393,0.33,0.45905776806824866,true
219,0.5533337056878538,0.41,0.7449362524433595,true
221,0.43064482629182177,0.17,0.433368549583487,true
222,0.38212389637838795,0.05,0.1260759419064246,true
223,0.3335503106481893,0.08,0.18625185745835623,true
224,0.3686825705688702,0.08,0.3567189269313418,true
226,0.4930244948230737,0.51,0.5011499000312731,true
227,0.4238107587067209,0.11,0.17228192781533813,true
228,0.6020191842240114,0.72,0.7358103580855088,true
231,0.5464097901009494,0.39,0.4419858365547522,true
232,0.42728155515340266,0.39,0.4748396298805506,true
233,0.4376431456866879,0.31,0.17176238022211565,true
234,0.6925911123814738,0.5,0.503993675453273,true
235,0.200033526037513,0.0,0.06431450164869874,true
236,0.3393594649081191,0.38,0.34778260919905346,true
237,0.38756059253392927,0.11,0.10979727316081339,true
238,0.6268865706451352,0.54,0.7046961150247635,true
240,0.2933412559927924,0.29,0.3350405514302922,true
242,0.6104737047392297,0.47,0.5306709437895166,true
243,0.2775145738198885,0.08,0.23376973401309317,true
246,0.9999053403321101,0.7,0.7952018056797423,true
247,0.6598039696996629,0.46,0.6640922019495233,true
249,0.5000193618733184,0.47,0.692526524262507,true
250,0.5478494051504434,0.5,0.2875446290174422,true
251,0.6538817343366577,0.43,0.582722067232527,true
252,0.8332750298815651,0.52,0.7191481434537063,true
253,0.6384697820214874,0.39,0.7252383019128658,true
255,0.5726108070827177,0.34,0.565260594831694,true
258,0.45194341215746914,0.45,0.3523083520759307,true
259,0.27337739213244855,0.54,0.49642965703980835,true
260,0.9457064007110363,0.88,0.8914595920245967,true
261,0.4142330731117629,0.2,0.3548161319611145,true
262,0.49147302083319583,0.41,0.41501109483379084,true
263,0.44314414797701385,0.39,0.4519167680170709,true
264,0.8976563784681398,0.8,0.8932666571121799,true
265,0.42312715567913944,0.07,0.24243026418645977,true
266,0.39618771877791553,0.15,0.3134729001514615,true
267,0.43350892846121003,0.44,0.5047850844832839,true
268,0.3920800087366588,0.04,0.45546906110245394,true
269,0.3713726044569273,0.19,0.1284054497847187,true
270,0.30295820617707925,0.09,0.2724804433349783,true
271,0.44542129371068667,0.5,0.36473964890889715,true
273,0.46154675795516775,0.33,0.5147817658281711,true
274,0.6104324047130327,1.0,0.9580058171843745,true
275,0.817073462253777,0.7,0.8223316239729519,true
276,0.57159764479418,0.27,0.12057831341752649,true
277,0.5137729549100241,0.51,0.6476180411764464,true
278,0.41768284193176375,0.0725,0.40238354676452437,true
280,0.7162844692609931,0.56,0.7561181352658721,true
281,0.8936326066198514,0.58,0.6736010952208299,true
282,0.9125744742514561,0.75,0.8218999961975804,true
283,0.6036880156349277,0.31,0.14506983129871823,true
284,0.9627685784326356,0.91,0.954679341940613,true
285,0.5661122155002384,1.0,0.9522349681580355,true
286,0.701524516933869,0.64,0.50980300199268,true
287,0.729693350258517,0.91,0.8813748304555189,true
288,0.4384948034027644,0.19,0.4185630009332355,true
289,0.5954892802138306,0.26,0.232071159963818,true
290,0.702776952090772,0.28,0.5521862728419109,true
291,0.4420761707780373,0.26,0.4628002457795953,true
292,0.5196578079181874,0.55,0.5711947128751099,true
293,0.40114227943586084,0.52,0.489224273326014,true
294,0.41489725794293236,0.62,0.46302869516907924,true
295,0.5640887617809408,0.99,0.9429259091530108,true
296,0.6995567760352854,0.51,0.6890639934841987,true
297,0.3421506211958497,0.24,0.3228064340705717,true
298,0.5236608976280043,0.49,0.7374828506885984,true
299,0.6186833170600309,0.24,0.2659794163226545,true
301,0.46443221150623926,0.25,0.38277513481530306,true
302,0.5889105784951751,0.27,0.6332017523330998,true
303,0.579656300938572,0.25,0.4182702903261256,true
304,0.333600690078902,0.27,0.33611603488817,true
305,0.5029846512504019,0.49,0.589738474172793,true
306,0.5570170967837463,1.0,0.9542541101781257,true
307,0.5942287918211607,0.98,0.9508010843754503,true
308,0.7036283399494974,0.64,0.8414647916547503,true
309,0.6108365956292604,0.98,0.9405207317296853,true
310,0.6365309488791834,0.67,0.7357388570881703,true
311,0.9020224178745885,0.8,0.8415319587413225,true
312,0.6673254297435774,0.16,0.4064840848297909,true
314,0.6946676034138255,0.8,0.7143291233379738,true
315,0.5674186602862333,0.64,0.6750833527659721,true
316,0.561725496013014,1.0,0.9511832129456905,true
317,0.6332220912775066,0.25,0.4213838386740094,true
318,0.36474795231545426,0.52,0.5999674225881172,true
319,0.5660471549706967,0.4,0.6054028248665672,true
320,0.5234455726127932,0.45,0.6412776401251866,true
322,0.6020340753268536,0.33,0.3884982467571938,true
323,0.454921827967556,0.29,0.3235541591185959,true
324,0.3475998372174711,0.49,0.43184720977867386,true
326,0.5371066310805496,0.43,0.24545792618050405,true
327,0.4951730159586805,0.3,0.583997686247466,true
332,0.46527554239384217,0.28714285714285714,0.4514657943431948,true
333,0.44914861995006533,0.25,0.2336879748387873,true
334,0.4173979929330006,0.19,0.19582332365279212,true
335,0.8503027220790543,0.57,0.7360745212109367,true
336,0.382609646020878,0.42,0.3205079114173464,true
338,0.491083935080593,0.22,0.40657128857002944,true
339,0.3479577596174006,0.44,0.5390973909118828,true
341,0.38912018350198646,0.29,0.4385864748825824,true
344,0.34570127078132507,0.07,0.12745753906725454,true
345,0.3575813394806023,0.56,0.4399835660281724,true
346,0.5388914732060609,0.51,0.5171287405069558,true
347,0.25490679288188584,0.13,0.18987276167449366,true
348,0.4904325107113469,0.53,0.2938846378127618,true
349,0.43234351451513653,0.22,0.22631279573090304,true
350,0.35952054291764096,0.18,0.37762542825764644,true
351,0.344802277466544,0.05,0.21068100480534327,true
352,0.5931497540110946,0.61,0.7356085283390436,true
353,0.4973538022908959,0.26,0.4317004590858887,true
354,0.5661604688333816,0.68,0.8198155797607513,true
355,0.5633135780437865,0.42,0.7270456994305972,true
357,0.39387772091890516,0.38,0.6566404432631568,true
358,0.433813273132964,0.3,0.4269866294009493,true
359,0.5148969471558383,0.48,0.44573242039263433,true
360,0.8283654320594657,0.72,0.6696504670795375,true
361,0.49646260070099385,0.32,0.3221531376663161,true
362,0.404310904336508,0.25,0.31153137777422146,true
364,0.43437899707115907,0.15,0.17968035916527833,true
365,0.6086951050429131,0.54,0.6249952050827592,true
366,0.37844999454292616,0.1,0.09480970208818319,true
367,0.5320182162844391,0.44,0.5513246508073767,true
368,0.49610358359848633,0.42,0.646347157617457,true
369,0.30624467055546273,0.21,0.32021940748189487,true
371,0.736020043426225,0.41,0.5954657907678917,true
373,0.44422752087750217,0.11,0.2848766657991601,true
375,0.4776033358871814,0.23,0.1836274440165909,true
376,0.3620942024062337,0.25,0.0707033326783769,true
377,0.5235045074985977,0.26,0.4688921805858192,true
378,0.4239690621397074,0.26,0.5059048260440975,true
379,0.9931621732310368,0.94,0.9580275762854465,true
380,0.3304325016290443,0.08,0.09805431230528364,true
382,0.7218722394838214,0.72,0.7072275140247547,true
383,0.649642261189404,0.73,0.7420010863427108,true
384,0.3443718187279193,0.12,0.4268142907199193,true
385,0.7354928540950831,0.7,0.6317120832226588,true
387,0.42226842739442155,0.41,0.4186410553468523,true
388,0.6786453408679498,0.25,0.27011455202797624,true
389,0.47317940315211393,0.38,0.3695667669808738,true
390,0.4993703936868321,0.39,0.44549822249665727,true
391,0.35842183273698014,0.13,0.15745584395468734,true
392,0.3405699978873806,0.11,0.047426518624836274,true
394,0.40572587463151577,0.27,0.31275755339074907,true
395,0.42025185240270535,0.12,0.21300460775358926,true
396,0.582116306950757,0.39,0.3099850719964701,true
397,0.3576864643152971,0.1,0.3161162060472522,true
398,0.8057578126891781,0.78,0.8179309434313792,true
399,0.5288729425401796,0.47,0.4424436450935004,true
400,0.7042594797816953,0.67,0.8886598930492117,true
401,0.6945850089932302,0.36,0.36335784391044934,true
402,0.5455790783587608,0.71,0.6497166210191396,true
404,0.4235448506724642,0.33,0.3123983132135113,true
405,0.39494527600769225,0.32,0.36168440391799705,true
406,0.35022519915104416,0.47,0.3580239367911909,true
407,0.4765602401119657,0.51,0.7299899912897292,true
408,0.3539990460294677,0.26,0.40081236747854976,true
409,0.3588018017540359,0.14,0.2199483870618926,true
410,0.2558589773673292,0.06,0.24975573050320965,true
411,0.5661786352319454,0.57,0.7860780575858421,true
413,0.3744070003868293,0.34,0.5968123505162496,true
414,0.1987212507654627,0.03,0.13019263932971914,true
416,0.28063890620107745,0.52,0.21774198463632866,true
418,0.524978809243841,0.42,0.35660227012478846,true
419,0.3370482947218166,0.18,0.2507612165017799,true
420,0.37739272368942,0.26,0.38330650714389536,true
421,0.41240820194230937,0.3,0.25971995483583454,true
423,0.4433608730170377,0.31,0.3342230006378346,true
424,0.48619807709002677,0.37666666666666665,0.495429974675758,true
425,0.3451647319366138,0.31,0.5354139129293043,true
428,0.5629544493855386,0.74,0.6805733707387984,true
429,0.46975460593429325,0.28,0.2817961886909089,true
431,0.3708025880771759,0.39,0.47683220382410435,true
433,0.4217070846804227,0.16,0.3884014693945175,true
434,0.4326365177110283,0.67,0.6201622948111745,true
435,0.917277070138544,0.8,0.8739115433607613,true
436,0.49714808850056963,0.21,0.2555640892243279,true
437,0.5439952100427345,0.29,0.2641093960595445,true
438,0.42905507931456843,0.33,0.4182133720560473,true
439,0.46905857565325654,0.5,0.6241762778588463,true
440,0.4412603921441542,0.26,0.44142217231214687,true
441,0.4959722153022687,0.74,0.6507180164539281,true
443,0.44253516499148854,0.34,0.4072469701607343,true
444,0.4413420697943026,0.28,0.43542186387568715,true
446,0.45574599956243367,0.73,0.6720013869092626,true
447,0.41960043430005667,0.05,0.11448754457220656,true
448,0.5082106990437876,0.26,0.5607107186796069,true
452,0.5420322672208693,0.45,0.5742902701997467,true
454,0.33714114522678224,0.17,0.3591364411775952,true
455,0.3897659559776026,0.2,0.40277784712974446,true
456,0.324435604380071,0.14,0.1871936346711544,true
457,0.6757738680463146,0.58,0.5415706117785917,true
458,0.3210245656561352,0.09,0.12528577458290588,true
459,0.4674584219601074,0.26,0.5768079499617196,true
460,0.49628787440450167,0.61,0.5558658663391909,true
462,0.6198001761441522,0.52,0.6283687764164616,true
463,0.6774033547853406,0.4,0.5075538685957003,true
464,0.6408110528089057,0.63,0.7487561251123616,true
465,0.3308439222511213,0.28,0.34522352130228995,true
466,0.32824354770373115,0.22,0.3044492755382402,true
468,0.52066049711773,0.61,0.5629826651676535,true
470,0.5815250844805339,0.31,0.5512739758364957,true
472,0.5520730559874616,0.59,0.5472915683197364,true
473,0.7487890606321592,0.65,0.7093374457002186,true
474,0.6718075499150977,0.25,0.5870262554046483,true
476,0.3672681289317641,0.32,0.21321623308045165,true
477,0.33702337682993877,0.35,0.4956497862407239,true
478,0.48634589244071,0.35,0.4167304015574241,true
481,0.34456821637876406,0.07,0.07695690865622491,true
483,0.36105254050652413,0.19,0.3353460927392591,true
484,0.38504884953300017,0.18,0.20604988765857418,true
486,0.5106369705316129,0.2,0.18432952956486184,true
487,0.43010300236258364,0.22,0.4055533719112682,true
488,0.3890175424991928,0.06,0.17615388211621158,true
489,0.5915977197284796,0.4,0.6082978927990486,true
490,0.4042424554500988,0.14,0.271752337337613,true
491,0.408725566647453,0.55,0.5259719040141821,true
492,0.4512057769032648,0.88,0.5329211019323119,true
493,0.5299518419053696,0.37,0.45236159630257267,true
494,0.5073230636596343,0.43,0.5079747014027673,true
495,0.5960402831415471,0.43,0.5237618360894969,true
496,0.3884713290500204,0.17,0.19886975817557842,true
497,0.4033155284649221,0.18,0.395365483538529,true
500,0.8054049753795857,0.44,0.6128229326204179,true
501,0.385112964292478,0.24,0.3491294893726471,true
504,0.3810185312983756,0.27,0.37371105541736577,true
505,0.26016104831351666,0.16,0.350450287489938,true
506,0.7447891318732813,0.58,0.7122526562835154,true
507,0.41697449862231506,0.53,0.360590885047968,true
508,0.4202049599540076,0.66,0.42570336874661446,true
509,0.305889137062818,0.04,0.22218447266695737,true
510,0.3598295889415538,0.21,0.3907873326715791,true
511,0.3879727054268528,0.19,0.3162936823584758,true
513,0.716221152496717,0.72,0.6442723986442624,true
514,0.4444800424891965,0.26,0.587249333571952,true
515,0.6036087456367559,0.42,0.5925199812763968,true
516,0.6796348456338308,0.43,0.7341408540622811,true
517,0.5113534507396225,0.32,0.19146007972745419,true
518,0.41078840533721367,0.23,0.3357949573148679,true
519,0.5987253330214218,0.52,0.552267963401419,true
520,0.40144599304006584,0.17,0.3800402173515277,true
522,0.6454504624547857,0.6,0.6893406529315163,true
523,0.8027024285971786,0.48,0.7272372763440199,true
524,0.607798852776928,0.59,0.6675254784063381,true
525,0.6160004155359478,0.12,0.666757210309252,true
530,0.8152136964962745,0.69,0.8018374314510475,true
531,0.6912368155299392,0.34,0.6335944106424248,true
532,0.751817617327912,0.77,0.8929775741327362,true
533,0.5959101917563215,0.37,0.6399177665155913,true
534,0.6557899825519844,0.87,0.8929644564931665,true
535,0.5433736417715349,0.68,0.684341759488666,true
537,0.6528758343800439,0.97,0.8789074169701762,true
538,0.6146257574859123,0.59,0.8310113619150146,true
539,0.4028011452640775,0.32,0.28008099040296414,true
540,0.46862338786608004,0.31,0.6078955041457524,true
541,0.8858255343790092,0.36,0.47964246497487145,true
542,0.5127963114154189,0.4,0.4367833643920369,true
543,0.6339319492485739,0.35,0.6445278852343166,true
546,0.3431724880757543,0.37,0.3360477182243123,true
548,0.2993947448974259,0.27,0.21818816329543803,true
549,0.3773634765135001,0.15,0.1381145171803604,true
550,0.2636335329184439,0.04,0.4228102288550683,true
551,0.6163124810916708,0.32,0.6196693252396451,true
553,0.40365623805501605,0.34,0.5252828562365525,true
554,0.4445922634046998,0.42,0.449065459604259,true
555,0.4183796011938182,0.34,0.4476638926341137,true
556,0.3034309435632747,0.3,0.21818816329543803,true
559,0.46021048662445274,0.24,0.3663950196233813,true
561,0.4045594364712999,0.06166666666666667,0.35684873682874296,true
565,0.43836446299734666,0.17,0.3125668813846445,true
566,0.39286753385306533,0.17,0.2016962522297758,true
567,0.42130865914414695,0.35,0.49390394642549273,true
568,0.4507419954204432,0.2,0.25023837944713373,true
569,0.6500967173388771,0.45,0.7122492344616691,true
570,0.39240170896605575,0.34,0.48622044070974413,true
571,0.3589768626399332,0.17,0.16217865205230492,true
572,0.38141654392210883,0.42,0.37279453187784345,true
573,0.6160628836429923,0.75,0.7527661409592629,true
574,0.4676709248510854,0.42,0.44258962111435957,true
575,0.4838758611615568,0.27,0.5615609623661387,true
577,0.6055947802224149,0.36,0.41949902080986107,true
578,0.5732924982385851,0.38,0.6501485025045034,true
579,0.3118280392107074,0.03,0.09856354877307422,true
582,0.47298652523234413,0.52,0.3625483312764998,true
583,0.32429237663110905,0.96,0.48929326924831906,true
584,0.3512742365242762,0.7417261904761904,0.428413787770252,true
585,0.44842237312839633,0.18,0.2523082124713676,true
587,0.49259590968745215,0.31,0.4565375641759286,true
588,0.36330747494054316,0.19,0.32698009400824646,true
589,0.3449365853020898,0.11,0.19242646988359874,true
590,0.3418487436479626,0.07,0.2005044266666054,true
593,0.8169643879057045,0.49,0.7160374564686147,true
594,0.45452470130633343,0.5616666666666666,0.671619289515859,true
595,0.5899482471155717,0.35,0.38482554392089013,true
596,0.41818347184203936,0.93,0.4460746974130967,true
597,0.42720933996381183,0.77,0.5064683801350267,true
598,0.32541389231087126,0.1,0.16767327249733624,true
599,0.72927240071199,0.64,0.882976653006151,true
600,0.5077955158374834,0.3583333333333333,0.47962928490688783,true
601,0.4808706871724623,0.3375,0.3565972392997372,true
602,0.44052873304692647,0.28,0.33176734462914514,true
603,0.6263170781606988,0.56,0.5915717710933542,true
604,0.4487800307018072,0.34,0.3718966493438393,true
605,0.39117293435703765,0.19,0.3605807183453539,true
606,0.4437568616557405,0.54,0.5510521626835287,true
607,0.5714250790810459,0.37,0.6209420529577494,true
608,0.6028717683873491,0.34,0.3707463080553115,true
609,0.4872113240135166,0.43,0.6735726391439201,true
610,0.4159825029796196,0.1,0.17496668946859942,true
611,0.4533725620536113,0.16,0.1573970096924592,true
612,0.2717959816702807,0.11800000000000001,0.20771236067395366,true
613,0.2880580258648807,0.08,0.2144644123611747,true
614,0.7018381424913446,0.43,0.7837241277449967,true
615,0.32494162891773615,0.03,0.2543804373644293,true
616,0.40591667640082896,0.27,0.5077111046103446,true
618,0.27471105801078016,0.11,0.07526042722298079,true
620,0.4371769674180665,0.36,0.46120743440210854,true
621,0.7660399173822107,0.28,0.20634274591098048,true
622,0.2743037278358613,0.08,0.13578751830315128,true
623,0.683899546009904,0.58,0.6897631332107049,true
624,0.3597792370067505,0.17,0.23091097689907025,true
625,0.5907513982396062,0.41,0.29098128154397435,true
627,0.393946187539734,0.26,0.22882222287916185,true
628,0.2915997206409663,0.21,0.17387257421909583,true
630,0.669895557848034,0.67,0.7182967296918962,true
631,0.5576870358725223,0.6,0.5176268486655493,true
632,0.8647915956981096,0.82,0.5323817521020432,true
633,0.7599105367030176,0.72,0.7157082121492228,true
634,0.8983450564571669,0.82,0.967901634982616,true
635,0.7061743689942755,0.79,0.6799730609267832,true
636,0.46403021504540326,0.28,0.3995186901452718,true
637,0.3267808548421149,0.17,0.12817001893113428,true
638,0.45930803758315825,0.25,0.4741660091588121,true
639,0.6502472813314947,0.3,0.6660003817586536,true
640,0.4109788426975094,0.43,0.47081019623473847,true
641,0.34832930488203945,0.02,0.11513308183126182,true
642,0.3307797442809512,0.17,0.30434455151243833,true
643,0.4812313041311107,0.28,0.418431760413027,true
644,0.8037700549603982,0.53,0.7493700617634635,true
645,0.49576182904965926,0.1,0.11130337414405894,true
646,0.36571209115024145,0.18,0.18143327093344563,true
647,0.4121189873334482,0.12,0.1880624983619471,true
650,0.46845101042513276,0.13,0.30716835964814343,true
653,0.4221501645985187,0.2,0.30153623394271256,true
654,0.39551278082647706,0.05,0.1531633704885713,true
655,0.6982804197647164,0.5,0.8476136561206223,true
656,0.3543901261854349,0.09,0.09979441219747856,true
657,0.32987734266508956,0.53,0.5472375878621145,true
658,0.430913674421512,0.35,0.29166777952163564,true
659,0.6859091902862983,0.46,0.5180029545624721,true
660,0.5424158438532628,0.59,0.6667937243189005,true
661,0.4993544429259942,0.34,0.31491952765860337,true
662,0.5187679393639263,0.66,0.7161164895420046,true
664,0.7395759752404529,0.52,0.6151954507103367,true
665,0.8731117362912699,0.75,0.938678644706895,true
666,0.3874066308160306,0.11,0.3227429040259284,true
667,0.4120853503353593,0.18,0.3179419319983242,true
668,0.32766415075003397,0.25,0.41990878144766186,true
669,0.4734723164997782,0.34,0.3204155093284805,true
670,0.8105609826285339,0.64,0.7527617264799872,true
671,0.4970491948982829,0.43,0.440802370810806,true
672,0.8739671536583103,0.77,0.8615911031822999,true
674,0.47888408822725254,0.21,0.2870774820613215,true
675,0.41157672923207167,0.32,0.30309925833335966,true
676,0.5221023673320798,0.3575,0.5075501049153861,true
677,0.3990776629111609,0.23,0.06978784073769505,true
678,0.44752160235728017,0.35,0.29375953487525336,true
679,0.4503517212537757,0.39,0.4940447357695009,true
680,0.4680367526487722,0.16,0.3076442729147097,true
681,0.588305660025589,0.53,0.6537063366132633,true
684,0.2837957149412307,0.08,0.153294749604989,true
685,0.6140980211644751,0.46,0.5786390433405822,true
686,0.2879192454488415,0.1,0.1554217811583824,true
687,0.3734410275217506,0.12,0.231800373660509,true
688,0.3945686420619101,0.25,0.1217388933748438,true
689,0.664249792107167,0.6,0.6019870168740394,true
690,0.6278824028937953,0.44,0.4859134951363521,true
692,0.46992140733118426,0.35,0.2976329827843774,true
693,0.8894359868233935,0.71,0.8242160695183955,true
694,0.7157868705865775,0.43,0.6161662553854202,true
696,0.4838167290246273,0.36,0.49581480202755057,true
698,0.672861865407081,0.7,0.797341374009594,true
699,0.43481299931840567,0.43,0.43170039746526817,true
700,0.5017837083978163,0.26,0.4201483216721453,true
701,0.4343128922973619,0.38,0.4546400177495427,true
703,0.3590401928498941,0.06,0.14437582857185438,true
704,0.5137836237153376,0.2,0.282830581157075,true
706,0.3171718928664907,0.14,0.235960644304088,true
707,0.3872219456600942,0.2,0.23138930235406663,true
708,0.46324859651638217,0.48,0.3519146227405902,true
710,0.5236788674415066,0.5,0.5609588884825804,true
715,0.4874566219453365,0.74,0.5847154666384494,true
716,0.3260076572685413,0.07,0.15453998191748056,true
717,0.8309712666074166,0.9,0.9631650954770715,true
718,0.4943514154029824,0.3975,0.5468114040862841,true
719,0.4000112583682501,0.18,0.22701040269411915,true
720,0.6400525049105322,0.47,0.7643980616931796,true
721,0.5684782507469895,0.35,0.5221414358769418,true
722,0.6206504408139272,0.75,0.5003862352112588,true
723,0.6703726823477634,0.52,0.5603465807860737,true
724,0.4193459500577531,0.58,0.4881283635442877,true
725,0.47195921125855345,0.36,0.593719890570532,true
726,0.6044691726229614,0.49,0.6444829395135852,true
727,0.6230713462890428,0.59,0.687345710021103,true
728,0.871690526246295,0.75,0.7530703678783052,true
730,0.5068697026881381,0.32,0.527201489543392,true
731,0.4058598126983067,0.24,0.49810989773185665,true
732,0.34754942315614146,0.09,0.11844395465075515,true
734,0.7385274699014964,0.6,0.7893871694475485,true
735,0.6262182275662426,0.57,0.7330914260051966,true
736,0.45101649590244536,0.26,0.38442137088411715,true
737,0.38529933688592677,0.31,0.2129003197743096,true
738,0.626163015491367,0.23,0.537135005432067,true
739,0.3857645105502045,0.52,0.5799310856264352,true
740,0.601851306381671,0.42,0.6605072266742024,true
741,0.3730488219700484,0.32,0.5588946188107564,true
742,0.5253896625911028,0.23,0.27098633469896216,true
743,0.882864540379293,0.88,0.9330874658733219,true
744,0.43200712691997156,0.12,0.24736241947894777,true
746,0.47266285824834464,0.15,0.26907169035736805,true
748,0.30853928580753565,0.21,0.2836238659891297,true
749,0.723416555257868,0.92,0.8044977888219875,true
750,0.7406270048332328,0.76,0.8749297353066182,true
751,0.7236404637960117,0.36,0.5666248201169182,true
752,0.9124170714371992,0.7,0.8082001429265725,true
753,0.6937619080510731,0.65,0.6427820406925617,true
754,0.6417188831940952,0.4,0.6877965284989818,true
755,0.5720938353199606,0.45,0.5195031958363389,true
756,0.709845315376282,0.7,0.786754678083353,true
757,0.5313760741990924,0.42,0.6009543832880941,true
758,0.46634281761332413,0.42,0.5741028514630593,true
760,0.35748564382845044,0.33,0.31672908934944416,true
761,0.9020333289480803,0.78,0.8107355385577372,true
763,0.46516709237454934,0.26,0.3565988684359223,true
764,0.4582027872210196,0.1,0.38745909265499184,true
766,0.5412164012196515,0.38,0.6423071328947412,true
767,0.48421174168147013,0.48,0.3571830471415156,true
768,0.42444033012146476,0.27,0.33375782004018467,true
769,0.7645535998912198,0.6,0.7157467295530485,true
770,0.7145919107349211,0.72,0.8463372114967936,true
774,0.3279292865913958,0.0,0.19464713192162036,true
775,0.4537433513474955,0.26,0.26050014544080785,true
776,0.6358791188490059,0.38,0.6247276648988579,true
777,0.46454395515247054,0.84,0.7319058986049909,true
780,0.6280467976813402,0.45,0.4102083392661453,true
782,0.6710270652361724,0.69,0.8632151991392397,true
785,0.4214833019361722,0.27,0.4028002846092932,true
786,0.3300991647453061,0.0,0.19464713192162036,true
792,0.7402358570260983,0.86,0.9008187466973141,true
793,0.41372857843692207,0.53,0.3037420745049115,true
796,0.694216771785851,0.88,0.9338088122745543,true
798,0.4749559147911004,0.3,0.517759589861329,true
800,0.3639053177802274,0.28,0.234712455662737,true
801,0.5288071104711421,0.26,0.23907998600731237,true
804,0.5143547688207242,0.185,0.37789456129848764,true
807,0.7042262345865163,0.98,0.8739437443398208,true
809,0.8566211781973625,0.64,0.6055347985959697,true
812,0.9314359705416764,0.59,0.5600072721231015,true
813,0.4625368493514009,0.2,0.44153529981478157,true
814,0.9741037775749659,0.71,0.7929983480945731,true
815,0.9732524500598305,0.54,0.20060265004176991,true
817,0.4244341957143185,0.12,0.11942020461719231,true
818,0.5022879592813725,0.43,0.5027567775534834,true
820,0.5267036154583505,0.38,0.43795387772336186,true
822,0.8187115381849412,0.78,0.6816665346349469,true
823,0.595815304834934,0.62,0.6168957419958948,true
824,0.6825321292930704,0.7,0.8158889890736435,true
826,0.2810928528181647,0.01,0.176747756037462,true
828,0.39098843609968587,0.3,0.36458290567593327,true
829,0.30401398707974253,0.12,0.22025106129567407,true
833,0.39705325502549105,0.26,0.4951671163461579,true
836,0.7816056995826919,0.68,0.7188427077719549,true
837,0.5018383309920174,0.14,0.42220935650218433,true
838,0.4994092729432177,0.52,0.6055567660904562,true
840,0.3910635916859227,0.5,0.5277659903598874,true
845,0.5709987105546883,0.47,0.5201970289951101,true
846,0.4721167603560648,0.68,0.689124249739413,true
847,0.41695560062052583,0.48,0.5952953264281019,true
848,0.9313535217572108,0.71,0.6964419307079917,true
849,0.6954771509701115,0.67,0.6759450665518093,true
850,0.6545211669975894,0.46,0.4909800097088458,true
851,0.5335946105497305,0.32,0.2308822695809161,true
852,0.4890507764651617,0.35,0.36611799788725113,true
853,0.3721949079412176,0.09,0.12516711747839931,true
854,0.9591888284712532,0.72,0.8121525123260785,true
855,0.565047561545747,0.3,0.4664725861630071,true
856,0.46057663337127486,0.25,0.3709631409434424,true
858,0.5361511162064856,0.4,0.6931017265652303,true
862,0.462784500179494,0.25,0.31935743038308184,true
863,0.37463995311490605,0.05,0.08946282734660213,true
864,0.4070932230833693,0.11,0.23370910408875273,true
866,0.42958459913071395,0.4,0.5759158530635945,true
867,0.5055027871023966,0.63,0.708942749737764,true
869,0.3642117873884963,0.13,0.23445028257234726,true
870,0.5156568091839057,0.57,0.5830300342841461,true
871,0.25240193987894366,0.14,0.18437815612296482,true
872,0.2880467175716292,0.09,0.22038013906438958,true
873,0.40541550992846437,0.38,0.4136156915284065,true
874,0.2690365035319543,0.24,0.18909116715047244,true
876,0.5035507258400845,0.37,0.516122906637847,true
877,0.431815531080559,0.1,0.26045291942175364,true
878,0.33840205219566244,0.2,0.19978723596201917,true
879,0.5160202380681816,0.35333333333333333,0.4083862103368653,true
881,0.4180500385268499,0.23,0.23798790611294166,true
882,0.5358132751223048,0.48,0.6116360784564482,true
883,0.6964072026289764,0.73,0.7358999577585986,true
885,0.5841765497223551,0.57,0.3036083799900743,true
886,0.2810249774744028,0.2,0.19749271378358002,true
887,0.6244236932627772,0.3175,0.7531591273583793,true
889,0.3741274278237674,0.33,0.2938406084114977,true
890,0.3956726415428124,0.2,0.21173347722983182,true
891,0.13837778090524666,0.25,0.008723855042071202,true
892,0.649092088721095,0.5,0.6787673658479806,true
893,0.4204766371652018,0.37,0.5185651584073921,true
894,0.6196986255780553,0.63,0.6011874847272639,true
895,0.48187657408394907,0.245,0.15827947875836854,true
896,0.3887061984110913,0.28,0.2980225848392824,true
897,0.6876955047085422,0.44,0.5362727424933135,true
898,0.649542561865882,0.52,0.7503139516096754,true
899,0.7089913988792793,0.48,0.5696468621578492,true
900,0.5407884361210491,0.34,0.2726443392627355,true
901,0.5639593169120848,0.5,0.46824136668352595,true
902,0.7076735407745519,0.6,0.6448015350409685,true
904,0.6920597006682203,0.47,0.46125355641954024,true
905,0.40077398163251526,0.13,0.2662653397330913,true
906,0.40113102153829394,0.24,0.5193426657770704,true
908,0.36482991276644655,0.68,0.4402538214821283,true
909,0.5611830811957434,0.44,0.18291346417382648,true
910,0.6567135708152402,0.89,0.880193752371421,true
911,0.6162933558613838,0.92,0.8723394233558288,true
912,0.5728117264866056,0.56,0.7144981669654565,true
914,0.37588653877513767,0.11,0.23352244484701848,true
915,0.5302614314833,0.47,0.4520872139236613,true
916,0.48938334346712653,0.3,0.6373078927907416,true
917,0.353149464435849,0.11675,0.2817538190596617,true
918,0.7018744478308874,0.71,0.777656290309644,true
919,0.9041453539945339,0.74,0.9354627933661593,true
920,0.7036986699500811,0.43,0.5815496951025291,true
921,0.3237594127711821,0.15,0.07418874623142224,true
922,0.5557781467586326,0.44,0.3956186252014235,true
923,0.5461879722311457,0.4,0.5016221718189336,true
924,0.2840374291648448,0.0,0.14092743946720032,true
927,0.49503266001593715,0.38,0.5928969750640489,true
928,0.4381704846626747,0.12,0.29546970818990975,true
930,0.4063104667568351,0.08,0.33405039022845356,true
931,0.4108845867039964,0.26,0.2486816718157906,true
932,0.31605403593338477,0.06,0.062017752086356945,true
933,0.6213495393531037,0.44,0.6359065126488729,true
934,0.5071460820651743,0.38,0.6358784536280353,true
936,0.4199138626630459,0.21,0.3616175227985144,true
937,0.37000147379310366,0.16,0.36080354994238784,true
940,0.6767229524263405,0.38,0.5395044267898816,true
941,0.8478084732430242,0.55,0.2034470580495994,true
942,0.7414440336668322,0.48,0.8480631422840372,true
943,0.4215232427500761,0.58,0.5110377156424978,true
944,0.5609537422841413,0.57,0.7113012989553981,true
945,0.5147114304358275,0.28,0.29515273385060153,true
946,0.42730290164848034,0.36,0.5387562770410608,true
947,0.6741093070824171,0.49,0.7745671811484127,true
948,0.3941753521793351,0.72,0.646884130320987,true
949,0.4060068397970857,0.09,0.2613618101376026,true
951,0.38416568535543155,0.5,0.6114199954122199,true
952,0.5199760941927917,0.25,0.385125417192966,true
953,0.43683649444562134,0.29,0.39618060960410906,true
954,0.4873778382546721,0.2,0.4135406890232703,true
955,0.39506623690588205,0.22,0.264928627411927,true
957,0.3540723698258085,0.13,0.3041277145268483,true
958,0.41365635957698627,0.18,0.1087084994742113,true
959,0.43353031510917767,0.21,0.32146446538100754,true
960,0.4268387976654827,0.37,0.42993949080250354,true
961,0.5794518746554981,0.67,0.6494222327721818,true
962,0.3913709983774659,0.72,0.4426772261632465,true
963,0.39498485729960564,0.49,0.5352407009626874,true
967,0.39811110036879366,0.44,0.48028606559769754,true
968,0.4666709336621576,0.33666666666666667,0.46646321381021133,true
969,0.34197921666597675,0.02,0.25529157868686464,true
970,0.3843832031008655,0.12,0.15396813327889589,true
971,0.41499851537553456,0.23,0.28769830110033595,true
973,0.5025099382388659,0.23,0.1756652916314675,true
974,0.3117430361904805,0.03,0.24006814212094518,true
975,0.45458563231143745,0.38,0.48652875483169994,true
976,0.38122949436999887,0.39,0.4636250808139631,true
977,0.28213873757225993,0.17166666666666663,0.11916194947408283,true
979,0.3928151336441374,0.26,0.22245630809875364,true
980,0.7264287308108714,0.52,0.6443741782475415,true
982,0.37950176951332726,0.35,0.5275067425046917,true
984,0.44515873041570664,0.58,0.6098468267408573,true
985,0.8759456525654392,0.62,0.8325927224438948,true
986,0.7612657747595841,0.82,0.8749175435661241,true
987,0.3710412094240094,0.57,0.42019009995710227,true
988,0.43618269499774215,0.29,0.4418233262249225,true
989,0.9031884305789589,0.59,0.7349250848093515,true
990,0.7101138850658364,0.34,0.6206042408292434,true
992,0.3737501049140595,0.63,0.6025619235696211,true
993,0.4090787636554858,0.4,0.4841841560743433,true
994,0.8220748815087836,0.48,0.45964380531684584,true
995,0.4537076045329764,0.52,0.639965494110021,true
996,0.37021341287643833,0.17,0.3699620694839879,true
1003,0.5364516029166287,0.36,0.4667071200670485,true
1004,0.5923011524767845,0.46,0.13594995949387104,true
1006,0.4192941198724447,0.31,0.3260037266464189,true
1007,0.27404855320270993,0.07,0.09204006113209791,true
1008,0.411940540440389,0.25,0.13601951598341389,true
1009,0.33374683016193246,0.08,0.09392513782605995,true
1010,0.435234329964487,0.26,0.5139897166422202,true
1011,0.4898332106042752,0.2,0.27614439646071315,true
1012,0.6337622507701095,0.85,0.7491100335111628,true
1013,0.5989017317603398,0.85,0.7927185869379147,true
1015,0.3355502210519938,0.08,0.0983302998318873,true
1016,0.4102165377598583,0.33,0.47074345930771255,true
1018,0.6671853177680734,0.64,0.7275917942336093,true
1019,0.40705643436482764,0.2,0.36493978792620313,true
1021,0.28746381112984737,0.1,0.3542334663997405,true
1022,0.3151857827723817,0.05,0.06521636335356479,true
1024,0.3604913258495047,0.07,0.15741696726975038,true
1025,0.2800886428153613,0.3302777777777778,0.4139957631392624,true
1026,0.5886885167279478,0.24,0.26820511130118135,true
1028,0.3403230459582813,0.2,0.2372811087267141,true
1029,0.3925940483359046,0.33,0.523770482028917,true
1030,0.47930731493639644,0.19,0.1581029944587582,true
1031,0.7479966338444289,0.48,0.22580445226772325,true
1032,0.2731027386964336,0.04,0.12030862200885557,true
1033,0.3064917916497984,0.11,0.15107478595680662,true
1034,0.46393810722530415,0.44799999999999995,0.5403123567299623,true
1035,0.9017273711765117,0.45,0.6227002065031294,true
1036,0.30815410110173247,0.08,0.11043990764943432,true
1037,0.46647566194789286,0.27,0.5509351046586403,true
1038,0.6175165933995317,0.61,0.35832570796423885,true
1039,0.33148205824163224,0.14,0.14706678705871795,true
1040,0.29673725834133124,0.03,0.12333904511153727,true
1041,0.3067917623685213,0.17,0.28481223471782996,true
1042,0.5066807130947683,0.1,0.22677028480961817,true
1043,0.45723930063396456,0.4,0.4253885075415633,true
1044,0.80871458860636,0.89,0.8556238064948235,true
1045,0.7374533109916832,0.79,0.8840466046933367,true
1046,0.722728651417001,0.71,0.7016687096122696,true
1047,0.5382387156335957,0.53,0.5261956164166214,true
1048,0.47386819984203415,0.19,0.30218050403603397,true
1049,0.3158359354105432,0.15,0.22825165818190224,true
1050,0.527857239540907,0.36,0.48620373395901983,true
1051,0.2721848618573165,0.44,0.5598743524622042,true
1052,0.29209664734496693,0.42,0.4098731907088287,true
1055,0.43816851809445584,0.22,0.3665284151015544,true
1056,0.39868199944587296,0.29,0.4772843209638797,true
1057,0.37439414905237206,0.42,0.21491004932813326,true
1058,0.4569837262432567,0.5,0.717428162129121,true
1060,0.3236205754589755,0.08,0.16781465151151914,true
1061,0.7683779344559537,0.55,0.46166020814405345,true
1062,0.4397601724046507,0.6,0.4806040903612127,true
1065,0.4753589830944074,0.3,0.3126667919623964,true
1066,0.26470800732425653,0.05375,0.12952616658809324,true
1067,0.3759147838110694,0.08,0.16036235147986966,true
1068,0.49068193038841407,0.28,0.616253513306367,true
1070,0.22226572123166938,0.08833333333333332,0.16478349325282599,true
1071,0.7207124671641499,0.45,0.4746403827157385,true
1072,0.5815491773050209,0.49,0.7085170839004508,true
1073,0.9125230126744426,0.92,0.8885463160106274,true
1074,0.34578316590863084,0.17,0.20650112959833858,true
1078,0.38250153939748655,0.3,0.3682476542258634,true
1079,0.40580518819105305,0.6,0.5271885800047613,true
1080,0.4925128347210437,0.44,0.40827975392831856,true
1083,0.49250573122003916,0.58,0.6348117052870907,true
1084,0.5299886077216667,0.55,0.454823782874456,true
1085,0.3926102583962216,0.27,0.3332812837814432,true
1087,0.5212696142203604,0.23,0.23555436829576104,true
1088,0.586242482870445,0.47,0.6406675343690442,true
1089,0.6523910578181822,0.36,0.3569935462251909,true
1090,0.36191019645613187,0.26,0.30559148904740685,true
1091,0.4347258739431637,0.23,0.24118362380214795,true
1092,0.5549683421163597,0.17,0.1546906460658556,true
1093,0.36395536229698955,0.1,0.32937099275118925,true
1094,0.4112932225698376,0.15,0.08663153279782342,true
1096,0.6660868666543026,0.64,0.7693867681280184,true
1097,0.612251453421916,0.39,0.6091256854761139,true
1098,0.5457562058846229,0.28,0.46792231369639586,true
1100,0.7184542812670073,0.51,0.36069886625630826,true
1101,0.3732871318339109,0.16,0.2588331735388586,true
1102,0.5157648167238769,0.2,0.1610831052582339,true
1103,0.9120573111938187,0.54,0.47054669663097565,true
1104,0.7772254661238633,0.64,0.8576385082646513,true
1106,0.7646462946813051,0.56,0.768034466336431,true
1109,0.9464369304290451,0.27,0.3640216209621333,true
1110,0.36776626541903235,0.4,0.37371005495729254,true
1111,0.5426149750499695,0.32,0.26609109163874284,true
1112,0.9400318658975982,0.59,0.49907308409389894,true
1113,0.3015803554443851,0.25,0.47554293341592535,true
1114,0.7984152451206915,0.84,0.7532146059086304,true
1115,0.6901950276262685,0.53,0.8001173630036779,true
1116,0.6622870860630049,0.63,0.5702059751610625,true
1118,0.865143042115283,0.61,0.6754425163167411,true
1120,0.38855988920907597,0.23,0.2638349330554332,true
1121,0.586858221964894,0.31,0.3667130712170477,true
1122,0.6893707341180614,0.58,0.5376528793320741,true
1123,0.8451512671133474,0.42,0.580391712197419,true
1124,0.3546087704238583,0.25,0.37307058263384735,true
1125,0.6390429147118639,0.55,0.24070008132145018,true
1126,0.8795885657089997,0.72,0.8893969476702673,true
1127,0.34751000450794495,0.12,0.4943344660886046,true
1128,0.5232333257422204,0.36,0.525753969379967,true
1129,0.5162741758880828,0.44,0.47409161624561824,true
1131,0.4750398796041595,0.33,0.46743135989453277,true
1132,0.5801348613929114,0.6,0.6123588976595004,true
1134,0.6750113720860944,0.4,0.4158560692574306,true
1135,0.653573497392782,0.81,0.8143581533298883,true
1136,0.6503668215084397,0.4,0.7442038689491417,true
1139,0.27817441025279993,0.18,0.103469962324299,true
1141,0.39579921253349165,0.14,0.21653145712438124,true
1143,0.38633643926396577,0.53,0.4214578449986456,true
1144,0.3899303515241517,0.14,0.19436004379631583,true
1145,0.4116481777813285,0.42,0.3233424731179975,true
1146,0.41806635628067107,0.3,0.34737179150799974,true
1148,0.5653166928189618,0.91,0.7538903476105637,true
1149,0.5112832494633872,0.32,0.6399813684098113,true
1151,0.464105413530942,0.4,0.5234890868254867,true
1152,0.35570245876808787,0.23,0.3349062827957282,true
1154,0.7229904882035862,0.73,0.7897395595103945,true
1155,0.7145783085359463,0.59,0.7396249301521507,true
1156,0.5821010436235943,0.84,0.5472631990855318,true
1157,0.5926601861576368,0.73,0.590539182541097,true
1158,0.6746691132817776,0.73,0.8234052372086117,true
1159,0.6365460758594215,0.4,0.50469563165199,true
1160,0.6417975374487126,0.66,0.5383452122613436,true
1161,0.8001734513896253,0.64,0.14502369787414213,true
1162,0.4479039653341437,0.21,0.3350643988571409,true
1163,0.22272706604078044,0.0,0.058711572073386425,true
1164,0.5593031890633005,0.53,0.6827755208816623,true
1165,0.5897930667587009,0.61,0.758394637090254,true
1166,0.5473716564725412,0.55,0.5199625748148431,true
1167,0.4946881505428709,0.12,0.17922937436665778,true
1168,0.46195582044036043,0.52,0.470696068045485,true
1169,0.44867194564172536,0.15,0.36651171033347635,true
1170,0.44102367736550296,0.17,0.36926126371724394,true
1171,0.40402381273244875,0.22,0.3237925415067122,true
1173,0.43485337184615763,0.36,0.24088415914496442,true
1174,0.3322584749758353,0.07,0.1274860791806788,true
1175,0.43071229289207497,0.14,0.3630099526373949,true
1176,0.47728896343065336,0.22,0.30409183944026213,true
1177,0.8988397683167049,0.61,0.7469775000137837,true
1179,0.4648237994042553,0.31,0.48722290044808697,true
1180,0.47988767377822833,0.24,0.3066547132854573,true
1181,0.9509562408249462,0.78,0.7657515110118894,true
1182,0.9993303896750726,0.3,0.19901831364494252,true
1184,0.44753008891031987,0.31,0.4152972070098235,true
1185,0.848540553367037,0.6,0.8672357426717823,true
1186,0.35788951536042474,0.21,0.31500690465088216,true
1188,0.5603761476285665,0.38,0.542366880199241,true
1189,0.46376641566482746,0.31,0.5305019062013568,true
1190,0.3841524205137605,0.74,0.4289932597473098,true
1192,0.34782882004455995,0.24,0.35307497645871133,true
1193,0.5088452772668929,0.19,0.17464328873669072,true
1194,0.4100171847561502,0.21,0.32315545960309805,true
1195,0.6357097510309858,0.69,0.8119001660273022,true
1196,0.4252490808580315,0.42,0.4292752229121176,true
1197,0.3266790181830502,0.06,0.10180004154403124,true
1198,0.46201002487597237,0.27,0.6129773596297665,true
1199,0.41819907551882163,0.24,0.4844341697214834,true
1200,0.34629283087910245,0.08,0.14668863096089627,true
1201,0.7353982176340644,0.74,0.875243869714766,true
1202,0.6467078532860395,0.66,0.776883034187352,true
1204,0.3438576680311222,0.04,0.13437156211907467,true
1205,0.9297416864797025,0.84,0.7938059799243703,true
1207,0.7158687841902043,0.81,0.7399014978629681,true
1208,0.5494975048907511,0.55,0.610924804452581,true
1210,0.5770854372975072,0.39,0.6240145805151897,true
1212,0.44764294446472064,0.48,0.4012363910382921,true
1214,0.7164751270025147,0.65,0.4924952873059568,true
1215,0.788425535116493,0.61,0.4286101223751965,true
1216,0.3617924239323835,0.16,0.3883523255097859,true
1217,0.9214108543894577,0.47,0.5874828567515991,true
1218,0.42364264738031304,0.16,0.31911891244633056,true
1219,0.35975995429989993,0.255,0.35102516411244555,true
1222,0.6246268451695066,0.28,0.13980263077352503,true
1223,0.39651684719219493,0.26,0.45158794543830805,true
1224,0.7056672690842456,0.69,0.7078732479905632,true
1225,0.5226773650406907,0.2,0.2744049076347791,true
1226,0.5934320220620806,0.51,0.4515960063372818,true
1228,0.3596581484190745,0.11,0.1286536803052934,true
1229,0.6950754883744036,0.57,0.5317083778037426,true
1230,0.6374696646925586,0.49,0.6490603200881171,true
1231,0.40660255731319017,0.22,0.22283460325488827,true
1232,0.337179060707895,0.2,0.18588407694926776,true
1233,0.4057766053564355,0.21,0.35917507879213734,true
1234,0.33407731069811836,0.13,0.0761959132873095,true
1235,0.5375631672543854,0.39,0.6051716927434356,true
1236,0.4588735120025879,0.16,0.32938560529135047,true
1237,0.582869011002945,0.52,0.6597002316399134,true
1238,0.5193350204598507,0.46,0.6195417249309736,true
1239,0.44278537698484893,0.16,0.3149342726643528,true
1240,0.5132843386208699,0.35,0.5483970989842067,true
1241,0.5505130425451765,0.77,0.7748613213393233,true
1242,0.553321953695748,0.74,0.6726055876922531,true
1243,0.6396589748720047,0.33,0.5624030201878291,true
1244,0.4474140877044286,0.23,0.4394342744649636,true
1245,0.47110304100523137,0.38,0.4826692891090952,true
1246,0.48116269984549553,0.25,0.340581945250386,true
1247,0.5180179568290819,0.39,0.3944245410332962,true
1252,0.39838160643785947,0.16,0.28924027878131997,true
1253,0.5014628134047218,0.2316666666666667,0.43806235230299784,true
1254,0.493863155973768,0.45,0.3145281494427805,true
1256,0.38379663944724535,0.06,0.1696331650303438,true
1257,0.3019480213810281,0.06,0.11387922384229941,true
1258,0.45909250800217355,0.17,0.2742441395592998,true
1259,0.29209647320483356,0.2,0.22385551610190746,true
1260,0.43393736002806144,0.18,0.3407737866398315,true
1261,0.5490672507094755,0.4285714285714286,0.3415577347867747,true
1265,0.369075575371536,0.13,0.1307852347516902,true
1266,0.4780975253317615,0.29,0.5672348970432662,true
1268,0.454667245012656,0.1,0.1837339730067011,true
1269,0.6345470901898963,0.65,0.8563812243678834,true
1270,0.40166060281087723,0.23,0.39550222881663843,true
1271,0.2992526705685233,0.18,0.28862276070471854,true
1272,0.5479751082311001,0.24,0.29620776947055566,true
1275,0.4948933295421598,0.46,0.3982334420186112,true
1276,0.5290275553798064,0.37,0.5410468202392857,true
1277,0.5647857249204703,0.31,0.2760968923100981,true
1278,0.40593732698765406,0.13,0.1465141487549296,true
1279,0.5976257469894884,0.46,0.6143417237296541,true
1280,0.7272018988701852,0.8,0.7537940039154362,true
1281,0.5821000389801235,0.44875,0.4264560172264951,true
1282,0.46411834084849396,0.5195833333333334,0.6032151889289994,true
1283,0.423933472047987,0.4,0.5147265442127171,true
1284,0.37843534055607736,0.11,0.28008104838613634,true
1285,0.5539760549509832,0.23,0.4579402618361355,true
1286,0.42326688431579396,0.48,0.5593938619962882,true
1287,0.7119413828699491,0.44,0.5228088403788483,true
1290,0.6033003257392161,0.51,0.413966027906712,true
1291,0.38831872637480946,0.15,0.17463287784183543,true
1292,0.5846144870213299,0.56,0.6338353399816526,true
1293,0.628573172377168,0.53,0.7371891352740354,true
1294,0.3916246785131843,0.19,0.13736118763916708,true
1295,0.3719776341309099,0.13799999999999998,0.23441188451098777,true
1297,0.6855600876399724,0.53,0.41021141736453753,true
1298,0.4950829419437471,0.38,0.4172622016742352,true
1299,0.4462452927760347,0.28,0.5603655108850442,true
1300,0.7902600794755968,0.45,0.7997749448649469,true
1301,0.3752461656796111,0.12,0.20289710312224435,true
1302,0.8235177431613242,0.32,0.7351286948520631,true
1304,0.7143021306034913,0.68,0.7559071269478257,true
1305,0.5204070272412594,0.34,0.3376557431020379,true
1306,0.5670322204428756,0.44,0.3699572734384959,true
1307,0.6749739407049715,0.55,0.7165365836627046,true
1308,0.5422755195000405,0.42,0.5186938008938267,true
1309,0.9253121599271099,0.57,0.8474552085556558,true
1310,0.8937881730265314,0.66,0.8188896096999376,true
1312,0.6368407082117107,0.54,0.5814476353109977,true
1313,0.4575319465364677,0.36,0.47322468253043976,true
1314,0.3042790182510246,0.06,0.0898452350740295,true
1315,0.35660618929978677,0.3,0.26440622700078364,true
1316,0.31728030538629554,0.29,0.46034572587962047,true
1317,0.48695538325646004,0.55,0.5980644289978777,true
1318,0.4112335186880447,0.1,0.16586908134830972,true
1319,0.47017828138756496,0.61,0.6650355727845584,true
1320,0.6678553149163846,0.88,0.7778250660059097,true
1321,0.48788447800121115,0.67,0.6245750449626156,true
1323,0.4745086833654666,0.15,0.17469495440108163,true
1324,0.29223005382923467,0.18,0.05348176184516265,true
1326,0.5331540323326107,0.43,0.4417683915631798,true
1327,0.46446787249698823,0.56,0.9222130790190028,true
1328,0.6030031657212214,0.4,0.5648141437621397,true
1331,0.7207341534386603,0.39,0.7018641920820763,true
1332,0.5588693139622607,0.55,0.7526352811235116,true
1337,0.6067866968262213,0.37,0.676543828404175,true
1338,0.475371436541776,0.14,0.406661170665918,true
1339,0.5571429607094791,0.49,0.532559862219339,true
1342,0.6270414531043756,0.82,0.649893595138749,true
1344,0.6858318902407782,0.45,0.48565549179137435,true
1345,0.7181321381577015,0.48,0.5105173181025475,true
1346,0.4927254872593471,0.53,0.8047976907262,true
1347,0.40805210405694153,0.12,0.19280639912385805,true
1348,0.47851779118592586,0.3,0.5077114021485589,true
1349,0.5405546331583725,0.42,0.3922328530876561,true
1350,0.5553731896199282,0.36,0.45569152264952734,true
1351,0.47879888266357246,0.28,0.5357178190855613,true
1352,0.40981034364541497,0.16,0.09047346826149803,true
1353,0.3574442775463092,0.37,0.4500721791730416,true
1354,0.8143254477368006,0.7,0.7100246023927487,true
1355,0.39796978358742563,0.41,0.5689142737296807,true
1356,0.4411367796710994,0.17,0.38735993813866587,true
1357,0.6764386154387825,0.63,0.5927235768297324,true
1358,0.3307563386535632,0.21,0.12599363918598283,true
1359,0.6318413674436882,0.27,0.23427038681533024,true
1360,0.617223998243377,0.42,0.5136778135548873,true
1361,0.42123248534217084,0.28,0.3983257759366095,true
1362,0.3609891589535087,0.0,0.2757806896585865,true
1364,0.3397180315949858,0.31,0.33367747040591755,true
1365,0.43726300983370414,0.4,0.45939532151059664,true
1366,0.9080003901280536,0.68,0.8872349588103741,true
1367,0.44205415543759086,0.45,0.4005290040881186,true
1368,0.8701141488963261,0.99,0.9254756586204455,true
1369,0.8609268738237281,0.99,0.9065116677795689,true
1370,0.8731654858665618,1.0,0.9055209844500152,true
1372,0.5421115550728656,0.6,0.6377724756403561,true
1375,0.512432931585502,0.78,0.53048170786192,true
1376,0.842945608552411,0.57,0.7235307119914832,true
1377,0.7767655948593776,0.21,0.15144220227058627,true
1378,0.4413734269194254,0.17666666666666664,0.38755442065668877,true
1379,0.5534521388356067,0.13,0.6195030215737328,true
1380,0.32485438818769324,0.33,0.42993654843285567,true
1381,0.8062568427040353,0.61,0.7120691670374978,true
1382,0.43278176954571823,0.26,0.10699710385939495,true
1383,0.6441376185068696,0.55,0.3764343859178918,true
1386,0.5580462623238756,0.16,0.2249642158526763,true
1387,0.2983150219460107,0.21,0.1567609836482963,true
1388,0.4240688386723973,0.25,0.3976864203705692,true
1389,0.3558868173199391,0.33,0.1610379325090343,true
1390,0.3242582655415124,0.12,0.10050261656952054,true
1391,0.37394449136530905,0.05,0.06857380129213658,true
1392,0.7319604653478019,0.54,0.5311677958148249,true
1393,0.7015495152399445,0.57,0.7124268477875163,true
1394,0.623725602823451,0.61,0.7213915069710891,true
1395,0.3604715199238046,0.075,0.23441188451098777,true
1396,0.3929976895577161,0.12,0.1945909359303435,true
1397,0.5411443862982237,0.37,0.6012110118212178,true
1399,0.22983435119817924,0.01,0.14362593415945324,true
1403,0.3960970837748629,0.3,0.47719294014097463,true
1404,0.5208839513820955,0.5,0.6332223102478758,true
1405,0.6181157698380424,0.62,0.5835098231827912,true
1406,0.3244801962998227,0.13,0.3361622877934835,true
1408,0.6186582062811968,0.55,0.8024596680780772,true
1409,0.516974672656775,0.29,0.33044815843095615,true
1410,0.8984679871019036,0.43,0.6937995179505178,true
1411,0.9999434698751887,0.69,0.9705132839080489,true
1414,0.6909467188788709,0.74,0.8082793461371288,true
1415,0.5354264787544079,0.3,0.3207871306587083,true
1416,0.4690269643291453,0.26,0.5399286790470316,true
1417,0.560718105053905,0.76,0.6127776773242175,true
1418,0.70611384679452,0.65,0.8520205158233728,true
1419,0.37992281589460253,0.5,0.4896306258167455,true
1420,0.3934326733485444,0.34,0.25870161480749454,true
1421,0.3695777539636457,0.06,0.19510486477999892,true
1422,0.2940278127392584,0.45,0.2253872399843342,true
1423,0.6890000575450326,0.51,0.5536627403119676,true
1424,0.5372055131013549,0.48,0.7372089861305577,true
1426,0.7907131563580202,0.45,0.43000803782342817,true
1427,0.53956960455657,0.2,0.3701942499728314,true
1429,0.6098963224728441,0.38,0.6852452872432755,true
1430,0.5364524055817442,0.32,0.2721514843891245,true
1431,0.42499777897162944,0.27,0.36411553216140075,true
1432,0.6659266491790656,0.56,0.537355043126473,true
1433,0.45474780769394174,0.31,0.3185737610808179,true
1434,0.45900154944434024,0.29,0.4312094300958966,true
1435,0.5268981409652,0.11,0.39934913035807945,true
1436,0.35079747508518566,0.51,0.3574333746559777,true
1438,0.4377258384519859,0.57,0.7380840251766118,true
1439,0.4764380243732235,0.43,0.57388936297333,true
1440,0.9593795341145465,0.75,0.96546381229168,true
1441,0.27234050402241655,0.2,0.2073351147700939,true
1442,0.39504222261780025,0.93,0.6763733108189734,true
1443,0.3591578530356807,0.0,0.2613399301348451,true
1444,0.4054495653243317,0.42,0.4884003874899343,true
1445,0.7300166403778876,0.61,0.9112068072419558,true
1446,0.714888857828268,0.44,0.38769725427612056,true
1447,0.36732055325110036,0.12,0.5524857304407497,true
1452,0.429591365045695,0.69,0.4522890510944755,true
1456,0.4937654759857674,0.62,0.6886605310683862,true
1457,0.3701462149200775,0.78,0.7406525778373467,true
1459,0.4764912380666577,0.5,0.4765062664061302,true
1460,0.4418194674427288,0.36,0.5419582934445433,true
1461,0.4216727901103049,0.28,0.6348763604782919,true
1462,0.37300450460208473,0.72,0.7033570257946539,true
1463,0.6324612501766053,0.45,0.7145147767069322,true
1464,0.4986325059377694,0.82,0.7270353506273204,true
1465,0.48749066939007635,0.22,0.5605374506025423,true
1466,0.40613688503792233,0.16,0.38113185786145776,true
1467,0.3923881134356057,0.73,0.7090043906458663,true
1468,0.396907546278522,0.39,0.5496185968763274,true
1469,0.3946108982417017,0.55,0.5517588751569449,true
1470,0.4928318976003318,0.84,0.7622430176604901,true
1472,0.3865648696114707,0.37,0.44245294624380366,true
1473,0.38481784782318296,0.26,0.4097491915238201,true
1474,0.3406194742734863,0.3,0.3844283644277853,true
1476,0.543734469308501,0.34,0.3880292063145956,true
1477,0.5178396047861723,0.49,0.5142119018274591,true
1478,0.4997650842291946,0.47,0.35863651550458603,true
1479,0.35230369691162244,0.27,0.4054425148925533,true
1480,0.5519680395162728,0.39,0.5529270655476686,true
1481,0.4200871425100621,0.37,0.42374678090762735,true
1483,0.3773252628977816,0.47,0.3786283963820291,true
1485,0.3809623026477702,0.42,0.6055304527696153,true
1486,0.7862133117447674,0.77,0.7523590511777712,true
1487,0.38094670438936873,0.22,0.5206255619325233,true
1489,0.7543783656806332,0.3,0.03234662015426156,true
1490,0.5678071517061829,0.31,0.4103637720695625,true
1491,0.2793120916993548,0.05,0.13423678867183475,true
1492,0.7438506925239609,0.59,0.8366583945255321,true
1493,0.6669900145234647,0.66,0.7765289740564097,true
1494,0.3726643783792553,0.06,0.2688271932102878,true
1495,0.27912152782983957,0.04,0.17386418611622906,true
1496,0.3852055924445992,0.44,0.3554191608739929,true
1497,0.37994022071706696,0.36,0.33198221161397773,true
1498,0.4309640422274353,0.42,0.614852086951751,true
1500,0.4358075226398795,0.36,0.4413689604783865,true
1502,0.3787140442829246,0.24,0.2836564732019975,true
1504,0.45655067371318625,0.34,0.5138354559853983,true
1505,0.35783308408878045,0.22,0.21125281830451634,true
1506,0.37153098941003143,0.14,0.3203730769773167,true
1507,0.39935278191849344,0.28,0.2431912152617778,true
1509,0.5186643102156555,0.58,0.7099555481161112,true
1510,0.8890367310645897,0.51,0.7232800814733955,true
1512,0.27207109866178325,0.15,0.16551204702844197,true
1513,0.405802063702903,0.38,0.4442144803636126,true
1515,0.7976973140726134,0.51,0.4840041372287447,true
1516,0.4240832449485604,0.19,0.5165293939366683,true
1517,0.4057239260645998,0.16,0.3455007109700328,true
1518,0.7009227985205588,0.53,0.7188001896455369,true
1520,0.7778258768453562,0.64,0.607234219861293,true
1521,0.728176645843724,0.58,0.7924439733803921,true
1522,0.4973413747186398,0.4,0.3134377136881664,true
1523,0.38097382386054907,0.18,0.3305291340295888,true
1524,0.4246737406425297,0.17,0.2878990459023164,true
1525,0.8301173779347348,0.87,0.8642810254943248,true
1526,0.5031083946284115,0.56,0.6368108922726918,true
1527,0.5085100618017889,0.56,0.6368108922726918,true
1528,0.4430634203886712,0.47,0.5072439410941487,true
1529,0.4787207056167782,0.48,0.6413918707188115,true
1530,0.5008273258917161,0.38,0.41311447627819203,true
1533,0.4344860717234051,0.33,0.3798285304544449,true
1534,0.43677863517498416,0.55,0.6118654947382421,true
1535,0.34416782299064097,0.06,0.17355148889058647,true
1536,0.47762267762016747,0.46,0.4903692345679942,true
1537,0.531978046872977,0.4,0.5605574652333354,true
1538,0.4582136058134486,0.2,0.25592437846392985,true
1539,0.3332480173848444,0.28,0.24625062925414476,true
1540,0.5170757052628367,0.46,0.363288897593956,true
1541,0.4959696065348279,0.34299999999999997,0.5775678186321775,true
1542,0.4648628131112288,0.3,0.47456710268763097,true
1543,0.7303070681584369,0.55,0.7662431092581852,true
1544,0.5883357910439901,0.4,0.5035632821049815,true
1545,0.6526872763330762,0.66,0.6301046039222452,true
1546,0.858930872498212,0.67,0.7392520174381126,true
1547,0.7062384991503446,0.57,0.5072313505046748,true
1548,0.805561729827351,0.67,0.7597470029571178,true
1549,0.7935481367016471,0.67,0.7016901826937629,true
1550,0.48761489885108317,0.35,0.52626713255166,true
1551,0.527190494455041,0.4,0.5230641968715619,true
1552,0.6327884199847164,0.49,0.8041490940913981,true
1553,0.9645315132239366,0.93,0.9132105304391375,true
1554,0.6280656820243815,0.5,0.7506439718508444,true
1556,0.3653035455696475,0.3,0.29609480356701035,true
1557,0.559756530512391,0.95,0.6949083902075217,true
1558,0.5475204504894146,0.92,0.7071793045891139,true
1559,0.48512950269861344,0.44,0.7581765405666331,true
1560,0.5985273638339677,0.58,0.6496571067866554,true
1561,0.5099443593756811,0.26,0.7443143399521082,true
1562,0.7063877867928873,0.37,0.3091367650758179,true
1564,0.8905189905184001,0.69,0.8070852696749994,true
1565,0.9983654819283379,0.65,0.8905238316273162,true
1566,0.595076632511163,0.65,0.532165505961914,true
1567,0.7168473007013684,0.63,0.5187045645445563,true
1568,0.712721885952815,0.37,0.582605772442082,true
1569,0.5378981546834509,0.53,0.673150024647727,true
1570,0.4324356379585648,0.24,0.354814122441028,true
1571,0.6117974763897029,0.44,0.6505366311821842,true
1573,0.975957324708848,0.84,0.8748756118129394,true
1574,0.418119584507383,0.34,0.352145217773475,true
1576,0.34245524412238176,0.19,0.3992285267211671,true
1577,0.4901690715326203,0.57,0.5422627389422661,true
1578,0.8192100155997826,0.77,0.8156988527500505,true
1579,0.747275199407858,0.81,0.8908018848732637,true
1580,0.5961687531587011,0.69,0.7723703515132401,true
1581,0.4744713574450199,0.56,0.5064086792708339,true
1582,0.49900336366978737,0.18,0.5528524719940393,true
1583,0.962152138496954,0.9,0.9084523250198762,true
1584,0.9083442961252376,0.66,0.8603637673335882,true
1585,0.508835404254618,0.32,0.49462879166313656,true
1587,0.4857082045110504,0.23,0.2280556306135369,true
1588,0.9327960965711352,0.69,0.9344104092040316,true
1589,0.45194977464343755,0.22,0.2312409672255272,true
1590,0.5023468590678739,0.55,0.5130446324202612,true
1591,0.9355814279894201,0.9,0.8787214453038755,true
1592,0.4817762349098697,0.24,0.21240553724333947,true
1593,0.7137024535229876,0.14,0.6508793314859511,true
1594,0.5797803093998961,0.33,0.3369530662299853,true
1595,0.6176332630874051,0.53,0.3673692731835316,true
1596,0.5043667047349069,0.46,0.6373905238263184,true
1597,0.5664735157978703,0.38,0.400432672509364,true
1598,0.23447420410961023,0.37,0.41801420604336753,true
1599,0.5408471376354731,0.45,0.6541756816312834,true
1601,0.4733946142398126,0.58875,0.5040765298781943,true
1602,0.8263132616635223,0.67,0.7898639887930295,true
1603,0.5981880144759358,0.4,0.5376973907804687,true
1604,0.4448897471958831,0.27,0.3915439968108013,true
1605,0.6982750021361923,0.47,0.33176445891325085,true
1606,0.22236601363426006,0.0075,0.23834486864402696,true
1607,0.6995943502322373,0.44,0.501346162969567,true
1608,0.4398861941226453,0.38,0.514222156978816,true
1609,0.9085596198746949,0.62,0.7412989277236006,true
1610,0.8541163506044089,0.44,0.7705076788972028,true
1611,0.8098723676308712,0.74,0.9004342246307252,true
1613,0.9039211695303677,0.59,0.6988271223019058,true
1615,0.7845343469353495,0.63,0.7700461616834309,true
1616,0.5168031329904843,0.44,0.4400806598725209,true
1618,0.5698684603466686,0.3575,0.7101130218761202,true
1619,0.7888336522936699,0.71,0.7195210886033137,true
1621,0.540303839935295,0.44,0.48662225470312626,true
1622,0.862021899360895,0.7,0.6060088650512584,true
1623,0.7241852765626012,0.81,0.7532638685057064,true
1624,0.8773088857328664,0.51,0.6672830596167622,true
1625,0.5486500037422729,0.27,0.4464466945086608,true
1626,0.6885486790174776,0.61,0.6179300991221135,true
1629,0.403626337476338,0.26,0.5137477604378304,true
1630,0.5103525688897407,0.38,0.3816769836747995,true
1631,0.5400431117983899,0.65,0.6411865597609446,true
1632,0.6762364783669218,0.48,0.4731127431955457,true
1633,0.5705557883769488,0.37,0.3322503881062454,true
1634,0.8738280148321251,0.85,0.8315797232652954,true
1635,0.6264980335870634,0.5,0.7267695285111008,true
1636,0.45865387926533135,0.5,0.5037799843397611,true
1637,0.587885230173282,0.55,0.5326770533752547,true
1638,0.5126072396755436,0.31,0.5005260838636241,true
1639,0.5203971791271715,0.3,0.6660323465399192,true
1642,0.752165790212095,0.49,0.3943910634518303,true
1643,0.6220175386796224,0.35,0.509523795676179,true
1644,0.9823805188994044,0.82,0.5427273645255333,true
1647,0.47409840452092433,0.3,0.2698046139733588,true
1648,0.5909283175897511,0.56,0.6399560308234991,true
1649,0.5323774607848814,0.59,0.7321019671239883,true
1650,0.6687484412651485,0.44,0.3788725956250209,true
1651,0.6698377875779296,0.75,0.8350148782624718,true
1654,0.6814284494208469,0.58,0.7435029302237941,true
1655,0.6267656398267216,0.51,0.647774964839134,true
1656,0.6909614781652842,0.52,0.7063964725703724,true
1658,0.6518402067804212,0.58,0.7973955651929566,true
1659,0.45696438813602763,0.23,0.502102470317505,true
1661,0.5980029277364308,0.64,0.7359047193879291,true
1662,0.8372664417213483,0.75,0.8948050030293178,true
1664,0.6862515406090192,0.46,0.6643371361106077,true
1665,0.9807738881371911,0.83,0.8682686959762406,true
1666,0.7725810477660402,0.87,0.848399807093769,true
1667,0.4683435630277879,0.63,0.6557914905418726,true
1668,0.4978906192358265,0.45,0.6901496377578628,true
1669,0.5093636325140525,0.5,0.752174089240989,true
1671,0.5714984330927216,0.3,0.42843566527769145,true
1672,0.5559712132136676,0.21,0.13086710639433483,true
1673,0.5274569924221991,0.4,0.5182528187628,true
1674,0.710990266886519,0.52,0.728307018598725,true
1675,0.5480246830346978,0.4,0.6589727785716262,true
1676,0.5474524003814061,0.35,0.3979499836811591,true
1677,0.4428086797867385,0.32,0.3363146033620643,true
1678,0.7745661581060767,0.35,0.4126511041550867,true
1679,0.6957436065401315,0.48,0.511970113871867,true
1681,0.4067810278110041,0.24,0.3113024561127085,true
1682,0.6505057690895049,0.32,0.30458192665433,true
1683,0.3892802778625129,0.24,0.2693651727981736,true
1684,0.6504965526631002,0.64,0.7417694461131871,true
1685,0.7752449698805282,0.55,0.6469203067731832,true
1686,0.9157004368149374,0.88,0.9167041900354914,true
1687,0.2849543198066313,0.4195909090909091,0.2409380025493953,true
1688,0.5064320282302855,0.365,0.5401931944549194,true
1690,0.9456764641187344,0.6,0.8265029430040426,true
1691,0.8886520219680423,0.8,0.7405876223890259,true
1692,0.34197156085104596,0.19,0.18300627695872876,true
1693,0.4826283720863641,0.45,0.3624396398278409,true
1694,0.9230221307897118,0.54,0.5453619029839367,true
1695,0.7969674644134623,0.56,0.7079319343137034,true
1696,0.5022270967219745,0.26666666666666666,0.2212149983868856,true
1697,0.8510529595470494,0.6,0.49397022228545334,true
1698,0.8236732595435236,0.83,0.8999338825469846,true
1700,0.4430284929308557,0.23,0.4428185142401278,true
1702,0.40892379207487245,0.31,0.2904154566013389,true
1704,0.5360603952359688,0.89,0.53048170786192,true
1705,0.5274366293127632,0.78,0.5564625952651561,true
1706,0.7271948435438125,0.42,0.43328490671418673,true
1707,0.6312880203806353,0.82,0.7051262506617468,true
1708,0.44503118048861695,0.14,0.22282812048706266,true
1709,0.9052916062134412,0.59,0.7971171870292296,true
1710,0.6397075213853293,0.72,0.8802576270851336,true
1711,0.7581319814470175,0.79,0.8478945464514612,true
1712,0.39238916605273505,0.07,0.3099607692198762,true
1713,0.7388057850494283,0.39,0.423980329859074,true
1714,0.7801766813654561,0.89,0.926168402647579,true
1715,0.49208913751241573,0.37,0.5378829099341758,true
1718,0.42086089809027133,0.4,0.5573891528308049,true
1720,0.7914480659878945,0.32,0.2783088885541789,true
1721,0.2887326354791725,0.05,0.08241278249055191,true
1722,0.5206644241363714,0.78,0.902442026571582,true
1723,0.4209768540794426,0.28,0.3193967952155195,true
1724,0.4532825597213273,0.77,0.5807202122838495,true
1725,0.632533620950218,0.25,0.26209878975961204,true
1726,0.5764469902663506,0.56,0.4982355534662776,true
1727,0.618327922128847,0.4,0.6378340505061979,true
1728,0.7964539070195121,0.77,0.8736976873402251,true
1730,0.594733574164396,0.4,0.7150736954821623,true
1731,0.4750815342805227,0.43,0.5302299818672304,true
1732,0.6264337093880958,0.61,0.6044482227912366,true
1733,0.39184439002673344,0.32,0.39825403847880203,true
1734,0.42799454948642557,0.46,0.37840450357607136,true
1735,0.5486301357552417,0.45,0.4522415745968189,true
1736,0.5725264580935864,0.59,0.6536707426791801,true
1737,0.7454449440231569,0.74,0.85340741134141,true
1738,0.8724620909373733,0.7,0.9138011991050679,true
1742,0.3360524197158131,0.15,0.43290204840546825,true
1743,0.3723118569571741,0.2,0.3002218059019861,true
1745,0.4928426028369502,0.49,0.5481508152173369,true
1747,0.5737362483962237,0.55,0.5574618865471436,true
1748,0.4056563252914974,0.27,0.16440383090322871,true
1750,0.37095871239832573,0.09,0.2124471993664876,true
1751,0.3783007482789878,0.23,0.27551370054896485,true
1752,0.5293834070764727,0.29,0.4987429688343127,true
1753,0.37412632876641416,0.16,0.2706467873499975,true
1754,0.697910494787417,0.49,0.7539246401358938,true
1756,0.9222608549948232,0.7,0.6120509728366876,true
1757,0.7595657495132776,0.72,0.7223362603875182,true
1758,0.42631467357619784,0.4,0.503575027551226,true
1760,0.49353443621808823,0.4,0.48669758710300287,true
1761,0.845964515028302,0.55,0.6039801753649698,true
1763,0.7458148051745108,0.72,0.7966347647714918,true
1764,0.5995849662502839,0.73,0.6327101636826532,true
1765,0.4489899552118246,0.32,0.6581868377885691,true
1766,0.42980807917758457,0.22,0.4152969780429751,true
1767,0.3734382844025985,0.65,0.5565815300103075,true
1768,0.44094797126473767,0.52,0.4915661990067041,true
1769,0.7077737299096568,0.56,0.4861544402706758,true
1770,0.6951853247454329,0.44,0.7265934581842923,true
1772,0.37068197887076837,0.17,0.17338482056757104,true
1773,0.7421107369921597,0.79,0.8886732447067605,true
1774,0.4277398131630312,0.37,0.6018930789947851,true
1775,0.7093367315737197,0.62,0.8138237319993054,true
1777,0.5689804268637555,0.49,0.6104191271607142,true
1778,0.3946904516161473,0.27,0.4766709045829795,true
1779,0.32373842759634336,0.13,0.14720814931813742,true
1780,0.9183825117623177,0.57,0.8547093738570308,true
1781,0.75329016773313,0.73,0.6999334103566804,true
1782,0.6660641871977043,0.4,0.5262078209833393,true
1783,0.5980405243127486,0.48,0.43428948014262253,true
1784,0.9951839591557662,0.77,0.8843617871300827,true
1785,0.517770757785008,0.7,0.6896709317680877,true
1786,0.7717422522484222,0.3,0.2657567425013785,true
1787,0.342397371527971,0.1,0.2571729876079418,true
1788,0.5330500055584598,0.55,0.6369731556041268,true
1789,0.6492622842815639,0.35,0.5894901167774385,true
1791,0.583899892322552,0.55,0.6401277926136232,true
1794,0.8884343818608512,0.56,0.7017103200455225,true
1795,0.44605450402966823,0.16,0.3693341602802878,true
1798,0.5089271745626643,0.28,0.3945016749214612,true
1799,0.8024872888958199,0.75,0.7072906696515683,true
1800,0.6271508542238352,0.67,0.7271619703274828,true
1801,0.39322468426822305,0.3,0.2397175115763228,true
1803,0.5466355157701656,0.52,0.5859185414446432,true
1804,0.4759468954266715,0.46,0.47954880031041597,true
1805,0.6210840360804176,0.45,0.6656852953900974,true
1806,0.5385118610412971,0.91,0.6116360784564482,true
1807,0.5158121913734561,0.65,0.5588948346261808,true
1808,0.5264619159219079,0.53,0.3088392329245928,true
1809,0.7339037812496799,0.4,0.8073945657186656,true
1810,0.4668823558353751,0.38,0.5080777558605435,true
1811,0.3370849199068797,0.27,0.338373756587184,true
1812,0.5808311945882629,0.56,0.5614571802731455,true
1813,0.540067481027174,0.44,0.2768846544500655,true
1814,0.8818117902773497,0.78,0.7708791246164066,true
1815,0.9963219045239836,0.71,0.7020852907421069,true
1816,0.9497574502367477,0.85,0.9039282993425005,true
1817,0.718101509463639,0.27,0.6037589297513978,true
1818,0.7209765199172895,0.79,0.7938811586036559,true
1819,0.7015687193762022,0.41,0.6771988136930769,true
1820,0.8187549888810316,0.53,0.8544593421740196,true
1822,0.4281205501792191,0.11,0.13439397949847326,true
1824,0.6999569024592633,0.48,0.5637741464631163,true
1827,0.18867960600540426,0.64,0.34301216510823124,true
1828,0.6557539170974552,0.45,0.8326351747351003,true
1829,0.5028695215915238,0.2955,0.4302531576661279,true
1830,0.7101312578076185,0.77,0.7682351968012306,true
1831,0.8000145533542911,0.44,0.6279784900887652,true
1833,0.7063238225994186,0.61,0.6852040823002189,true
1834,0.3010842815900606,0.06,0.045486868915079935,true
1837,0.4158996145374734,0.2,0.33790917448713986,true
1838,0.6387331083478562,0.59,0.5108545038156647,true
1839,0.6251195812147793,0.47,0.770375802927905,true
1840,0.7440978940048378,0.66,0.6549608398328531,true
1841,0.7676649355420263,0.63,0.6531531898747976,true
1842,0.6665654002436207,0.71,0.7948883279198791,true
1843,0.3572238902314725,0.17,0.3358185365109567,true
1844,0.5079916778758568,0.41,0.42065598388348924,true
1845,0.7509505008261352,0.8,0.8370854945256881,true
1846,0.6043222660546613,0.33,0.2617147406497361,true
1847,0.31281286988764706,0.15,0.22466786019060322,true
1848,0.9827320188301363,0.86,0.9849367883122795,true
1849,0.4600210103929012,0.24,0.4211370849255765,true
1850,0.6701155747838233,0.45,0.6286794414331918,true
1851,0.8014053895032458,0.63,0.591759682571867,true
1852,0.4714428098519394,0.3,0.5015258546126846,true
1853,0.41099905699075734,0.34,0.5279455732715164,true
1854,0.4274599988049901,0.38,0.5359391594531746,true
1855,0.9283883623322343,0.74,0.8445011121803195,true
1856,0.7664197849217248,0.5,0.6924757885202012,true
1857,0.5660703211062007,0.57,0.5836031482547196,true
1858,0.4692613996677091,0.3,0.40646711172251065,true
1859,0.48684791257837207,0.488,0.6005941694276659,true
1860,0.7205866800137459,0.46,0.5081191419098866,true
1861,0.5921795900480578,0.41,0.5937823644626011,true
1862,0.7063033198084641,0.51,0.7096839714353895,true
1863,0.5397221995958202,0.54,0.6864061047938076,true
1865,0.39521648698884443,0.36,0.7210675161032433,true
1866,0.3835513980265567,0.47,0.49688779096453967,true
1867,0.3242573580962386,0.09,0.2407232148570622,true
1868,0.7606870174575152,0.44,0.6651487564900436,true
1869,0.7597609331443106,0.69,0.45964160386114156,true
1870,0.6617184314360173,0.4,0.32502772980273975,true
1871,0.5224470579170777,0.469,0.6466762438100313,true
1872,0.530113088742236,0.36,0.38927917402717244,true
1874,0.5371966531875223,0.24,0.39673236790570465,true
1875,0.9050043859044086,0.59,0.46078813277405223,true
1877,0.5470915830498365,0.46,0.6044597380682701,true
1878,0.4697377568412384,0.2,0.5203132806516045,true
1880,0.46500042199414227,0.22,0.41125328012610823,true
1881,0.5743091291976229,0.48,0.6121102754160801,true
1882,0.8077346945528043,0.55,0.6053785402654526,true
1883,0.6376539664723635,0.64,0.6764696829154088,true
1884,0.7756024997817308,0.61,0.8278975887619056,true
1885,0.7537095836612135,0.73,0.725309979839281,true
1887,0.7426273040311344,0.58,0.7099476408591624,true
1888,0.5444807728716055,0.44,0.48877082552539125,true
1891,0.7467634816050692,0.25,0.20509718305891,true
1892,0.6196939273572901,0.71,0.8401873807441053,true
1893,0.9319354530215892,0.8,0.7889199701801393,true
1894,0.9443937179583424,0.79,0.866324324953669,true
1895,0.6218159940001649,0.33,0.6881536377009286,true
1896,0.39925175995747436,0.18,0.3142261224789268,true
1897,0.5197171284701461,0.51,0.631954795476207,true
1898,0.9005179235747743,0.85,0.9310925957424055,true
1900,0.7220657322527881,0.56,0.6902599745535564,true
1901,0.5522917608871061,0.6033333333333334,0.5872639431692857,true
1902,0.8313359897163778,0.84,0.9266927057932474,true
1903,0.999971475582077,0.59,0.8730257779261646,true
1904,0.9804716339807048,0.77,0.9509223739102787,true
1905,0.4065157103168062,0.31,0.5871974116263251,true
1906,0.9744682282355857,0.8,0.974251610844737,true
1907,0.9549207294491301,0.77,0.8721033723736048,true
1908,0.8729213171479434,0.68,0.8327941443551793,true
1909,0.6015522824073377,0.54,0.5477462668997101,true
1910,0.5263559162015683,0.41,0.5692406207674157,true
1911,0.42244484738935867,0.31,0.3575660257493112,true
1912,0.6722965534144387,0.32,0.44882073012204377,true
1913,0.6999701254810856,0.61,0.7728169495353344,true
1914,0.5926595602279273,0.46,0.6691841951806193,true
1915,0.6796654835202383,0.48,0.15776254275501833,true
1916,0.51005530537152,0.62,0.6370194500346101,true
1917,0.9112043277710703,0.69,0.7258805171533318,true
1918,0.7588037807022054,0.85,0.7719196339392338,true
1919,0.755020964198684,0.95,0.6834943714310372,true
1920,0.5376542521021836,0.54,0.5683748484520781,true
1921,0.6445225590112731,0.32,0.3980515216577293,true
1922,0.831906604715909,0.57,0.6924162897029258,true
1923,0.9865488424147811,0.92,0.9765506155322723,true
1924,0.4721156102873373,0.51,0.5929776811513433,true
1925,0.5224877710949193,0.68,0.7066155317152378,true
1926,0.870202816366183,0.54,0.2114875294307878,true
1927,0.34672292213983813,0.38,0.3817557780974498,true
1928,0.7387002196871186,0.64,0.5518478588686955,true
1929,0.6287294356316616,0.32,0.6871265378639666,true
1930,0.5846902285049402,0.39,0.6414858035346361,true
1931,0.5997246822637056,0.46,0.5315716050845376,true
1932,0.4506830675241499,0.15,0.42813292731836416,true
1933,0.40462722063944073,0.19,0.2847641934446327,true
1934,0.5127068334704716,0.28,0.5760022372021635,true
1935,0.5082681587792633,0.44,0.3716639438056901,true
1936,0.9266217470779169,0.76,0.9564121784300639,true
1937,0.8093073824898462,0.72,0.8324602944942354,true
1938,0.3870756459583289,0.21,0.19956950033719945,true
1941,0.9825948951947059,0.67,0.8801665375223385,true
1942,0.8560900481384708,0.25,0.6480985887331836,true
1943,0.7854922690926645,0.61,0.7090669256328443,true
1944,0.9394082287935872,0.68,0.8406372237005292,true
1945,0.7242958380290558,0.76,0.7522629975460194,true
1946,0.47930629307769235,0.49,0.6342739242560962,true
1947,0.6922283410975143,0.79,0.8268920057441562,true
1948,0.6092541389796803,0.47,0.6586608802198023,true
1949,0.8545800933525365,0.55,0.5507362826895218,true
1950,0.5993749242452824,0.51,0.7039915427237944,true
1951,0.7892240518752753,0.84,0.7655537878683013,true
1952,0.9343950033562318,0.89,0.9474176725842751,true
1953,0.572164818476437,0.51,0.6026833947934175,true
1954,0.5740663974408744,0.55,0.3640151624226664,true
1955,0.5434553906773542,0.23,0.17162411876379713,true
1956,0.7133066966830303,0.32,0.40524239208216334,true
1957,0.4714315158608793,0.65,0.7738636953128927,true
1958,0.5973530341244033,0.37,0.5145378892270589,true
1959,0.8167666449092532,0.58,0.7031713736224942,true
1960,0.4408408674726533,0.25,0.3920364147164818,true
1961,0.46086327030505075,0.58,0.6718903382314594,true
1963,0.49160861793742494,0.54,0.5419784866224127,true
1964,0.6196137955619931,0.34,0.45754151187822123,true
1965,0.8964539209083555,0.92,0.8972828458463216,true
1966,0.5588450542409618,0.38,0.5097666807545714,true
1967,0.6744174202811893,0.65,0.7086885192403118,true
1968,0.9056355927797668,0.5,0.21809925394479646,true
1969,0.9418970908534129,0.9,0.7812078169437714,true
1970,0.5527786307546639,0.37,0.4874987957992242,true
1971,0.6822473347839584,0.51,0.34777863530305686,true
1972,0.46365951497449603,0.44,0.6237416313562407,true
1973,0.45345222603574625,0.36,0.4703561576010749,true
1974,0.9006856868826293,0.87,0.8979744971648382,true
1975,0.49127010378114155,0.57,0.64915564404778,true
1976,0.470559342072552,0.33,0.463511517800772,true
1977,0.6459401688778336,0.58,0.7505411015785785,true
1979,0.7554785114769048,0.82,0.8749175435661241,true
1980,0.6561032091792424,0.53,0.43511123592942885,true
1981,0.4961581596144115,0.38,0.3642705003222001,true
1982,0.6754219425075478,0.44,0.6207838211462305,true
1983,0.8348884408659927,0.58,0.6025285049945508,true
1985,0.49320732140671175,0.4,0.3489189889974055,true
1986,0.9653272783216458,0.81,0.8928715185562204,true
1987,0.48200625868821473,0.56,0.5268579070427636,true
1988,0.4523549761732454,0.13,0.5395396341004479,true
1989,0.6553358412311601,0.44,0.7363722935110713,true
1990,0.5458503247475148,0.38,0.3485075194591427,true
1991,0.9932004875728673,0.98,0.9694790382805083,true
1993,0.35160959761370697,0.23,0.2111110028873688,true
1994,0.39587842369301784,0.39,0.2099204000269895,true
1995,0.9874737139396816,0.65,0.8214313893426496,true
1996,0.6596888060635377,0.46,0.5400918512533212,true
1997,0.8582110362942753,0.43,0.7173679723819326,true
1999,0.7568688999760539,0.79,0.6482246347470167,true
2000,0.6920243987164112,0.81,0.875356871692168,true
2001,0.8869933752542588,0.5,0.27878565594208987,true
2002,0.5573881832679903,0.4,0.3968373433462786,true
2003,0.668121990896494,0.58,0.6595822837005838,true
2004,0.944630254648385,0.78,0.8474805268464206,true
2005,0.7190566296977071,0.55,0.7237895699102331,true
2006,0.8524669467425161,0.6,0.9610444315142868,true
2007,0.9150988640718067,0.78,0.9212671977240198,true
2008,0.4693061805010105,0.13,0.15109384140261237,true
2009,0.8607694008909504,0.69,0.566761726680888,true
2010,0.5982401067463674,0.43,0.25563616922366805,true
2011,0.6257219751277163,0.53,0.6373314566994077,true
2012,0.9708207544420893,0.68,0.7645566591943459,true
2013,0.8954925390208014,0.5,0.7549390692847261,true
2014,0.9326078092239384,0.69,0.6801539156669312,true
2015,0.6136393570533653,0.53,0.5844467048129925,true
2016,0.6770551232728295,0.41,0.456104264474239,true
2017,0.629898570585115,0.58,0.7592566873576958,true
2018,0.3804910515741613,0.16,0.32115007610249297,true
2019,0.8401965735317348,0.75,0.9220644575407145,true
2020,0.6526714486615682,0.4,0.5371666899190034,true
2021,0.583330131751514,0.25,0.4381211219914489,true
2022,0.9594883312973558,0.94,0.9308283038481782,true
2023,0.8366837487347651,0.55,0.23310976501275182,true
2024,0.6640746755897761,0.71,0.8946577180169748,true
2026,0.39124407289236407,0.29,0.5074205765206894,true
2027,0.7993422992867839,0.37,0.7931398683467163,true
2028,0.9716237716692807,0.81,0.9145681905528859,true
2029,0.816542979752883,0.59,0.4855191817191235,true
2030,0.848320286764333,0.69,0.836767079800128,true
2031,0.6124012794594469,0.5,0.3043609934848575,true
2032,0.885524577604323,0.72,0.6556327919656864,true
2033,0.5868711780413778,0.31,0.3855807604684707,true
2034,0.5809739067059482,0.5,0.560111640055113,true
2035,0.9716347869207679,0.57,0.7006407491557869,true
2036,0.35779072381369376,0.21,0.3221234006665718,true
2037,0.981358414677801,0.64,0.8230317770715432,true
2038,0.622629693432907,0.5,0.5817639317878921,true
2039,0.7228894027413374,0.81,0.8735017647392573,true
2040,0.39809702740198244,0.3,0.4213731953800935,true
2041,0.6306588995830396,0.77,0.7804508429056087,true
2042,0.7970485779105683,0.6,0.830483230906411,true
2043,0.45363466728537666,0.29,0.4045515813639065,true
2044,0.9186681992423706,0.67,0.33096260458414906,true
2045,0.9318127724203749,0.94,0.8600421074552875,true
2046,0.5283237618319331,0.35,0.4273675040899786,true
2047,0.9750910090233396,0.85,0.8725381670737598,true
2048,0.641384492909603,0.68,0.7466582615472285,true
2049,0.9173933515949027,0.53,0.5441421548934477,true
2050,0.8023491502003317,0.62,0.8151059194663859,true
2051,0.7946285737881351,0.8,0.6867205478861363,true
2052,0.7169788575507735,0.59,0.741788399560363,true
2053,0.6785925590455435,0.85,0.7394213343419525,true
2054,0.7881512351953875,0.32,0.5501204815155515,true
2055,0.7950036960961356,0.84,0.7156057334342132,true
2057,0.6138357001708503,0.44,0.6761447368720227,true
2058,0.9515039835593635,0.66,0.9025562370757402,true
2059,0.6092773554076066,0.65,0.7379567999722062,true
2060,0.9984369005789019,0.75,0.9632313224509432,true
2062,0.9258913547684712,0.8,0.9280872375902613,true
2063,0.8999700202912138,0.62,0.8108359513279485,true
2065,0.9174042609894172,0.67,0.7743322122331151,true
2066,0.8574668381910655,0.63,0.43078242893041446,true
2067,0.6491578808635559,0.47,0.5660239310097817,true
2068,0.7631698319179335,0.49,0.22273283819192713,true
2069,0.8533465246406194,0.96,0.8850386555470137,true
2070,0.8152048607773347,0.75,0.7871760561586096,true
2071,0.8165109566803879,0.77,0.9075052224563664,true
2072,0.721463109072578,0.74,0.7144480237302517,true
2073,0.9777724331183365,0.62,0.8966243763773357,true
2074,0.9589275632684102,0.71,0.760063760633489,true
2075,0.9999874984536562,0.82,0.9385635830771217,true
2076,0.6085939743727306,0.41,0.3903655948562279,true
2078,0.8884504293705121,0.68,0.7668765992946,true
2079,0.9767499892622614,0.74,0.8381730862985661,true
2081,0.9933737170616779,0.68,0.8487474411486705,true
2082,0.690104947515486,0.72,0.8557122518544232,true
2083,0.9471942476449637,0.82,0.7841808676144028,true
2084,0.8279425564144205,0.79,0.7891973871148228,true
2085,0.9697562399634164,0.69,0.8445913434004986,true
2086,0.7296363957942129,0.64,0.7580194815933969,true
2087,0.8232866317994509,0.61,0.5626217220921507,true
2088,0.5565722242331983,0.49,0.6269912481845102,true
2089,0.9471592970720577,0.9,0.9839883783436226,true
2090,0.4258423797989372,0.38,0.46748362208559746,true
2092,0.9976583126022212,0.52,0.8791813994111953,true
2093,0.9956060737517306,0.81,0.9646969822997739,true
2095,0.9212191547127764,0.8,0.9509131851076298,true
2096,0.9949456326518268,0.94,0.9813250299629279,true
2097,0.7770161845319499,0.72,0.838203736247926,true
2098,0.9999999925455857,0.97,0.9789146905459388,true
2099,0.1575009879541399,0.93,0.9951170212812902,true
2100,0.9968429855799666,0.95,0.9664708865691698,true
2102,0.9999999312839442,1.0,0.993010588817714,true
2103,0.9999835258196561,0.98,0.9923254536146481,true
2104,0.9999927596476784,0.81,0.7307919913451921,true
2105,0.999999999741364,0.64,0.9051166221190513,true
2106,0.9999999999999913,0.99,0.9903724176275374,true
2107,0.988235702734364,0.94,0.9626763936009859,false
2108,0.4086930091037354,0.38,0.46682429165521455,false
2109,0.9412031471046574,0.54,0.8152293607740859,false
2110,0.9415215784262885,0.99,0.9281550090256111,false
2111,0.8288202953990452,0.82,0.8616419922285982,false
2113,0.7142665392006169,0.76,0.7949938591261465,false
2114,0.7670100603158855,0.84,0.9391158789745254,false
2115,0.6953919239468356,0.41,0.42103129724614563,false
2116,0.7308913646922988,0.75,0.7812748931611957,false
2117,0.3074821939594668,0.37799999999999995,0.3345998698657296,false
2118,0.44179001787327854,0.49,0.725777019095366,false
2119,0.396501387562332,0.05,0.29665515456085606,false
2120,0.4086806777869864,0.28,0.4555858733051363,false
2121,0.8061764999041628,0.76,0.8574308608491285,false
2122,0.5104477956659774,0.27,0.49532871528540046,false
2123,0.5567090727667516,0.36,0.5312677275893545,false
2124,0.4963019912030994,0.27,0.2863873363618439,false
2125,0.4253381872687318,0.48,0.5400533173466967,false
2126,0.33402042273161026,0.39,0.3959453328172666,false
2127,0.7560745890089026,0.5,0.5351866522339913,false
2128,0.5214382487383821,0.36,0.194038379973214,false
2129,0.3618583859059915,0.27,0.35131389001749463,false
2130,0.8482864298204975,0.79,0.8772329828078732,false
2131,0.39554157680522917,0.08,0.15525283208955826,false
2132,0.5686014026504107,0.52,0.6716173377577936,false
2133,0.6044620529521832,0.57,0.6961574142204128,false
2134,0.6540988363643395,0.38,0.6810507986048521,false
2135,0.7691098254625729,0.72,0.7204398796641182,false
2136,0.42905619522899124,0.21,0.2104912963289392,false
2138,0.4312313222614595,0.26,0.24578755162663493,false
2139,0.4954198086387958,0.22,0.6434070243353293,false
2140,0.2588336317058614,0.02,0.05986056695072617,false
2141,0.7437470667039058,0.46,0.6882202312272334,false
2142,0.7088732257807807,0.71,0.7767153479066736,false
2143,0.31115816159127274,0.23,0.27837907556317953,false
2144,0.6248836641757677,0.39,0.6742701876933055,false
2145,0.6279493215977875,0.28,0.22127392633511117,false
2147,0.3638488442573634,0.16,0.3024468987214224,false
2148,0.8441250089422941,0.49,0.8499963224424916,false
2149,0.31294206063000546,0.09,0.14996081115932244,false
2150,0.5241428502414067,0.24,0.17130125575326757,false
2152,0.3332504377311117,0.05,0.23763421717815003,false
2153,0.39970876436556724,0.44,0.37826704447697895,false
2154,0.4351673498457276,0.27,0.28774130498912565,false
2155,0.7107709128309696,0.74,0.770299770082101,false
2156,0.4681983165775876,0.22,0.2716597132167618,false
2157,0.4564372833083139,0.34,0.2992047227436912,false
2158,0.4839235362121659,0.37,0.265902257664092,false
2159,0.42677305045374203,0.3,0.4818987919658319,false
2160,0.33411934661202125,0.03,0.10026291448528009,false
2161,0.5226813751158279,0.28,0.37265795366700033,false
2162,0.5628613292724347,0.24,0.6882334505057751,false
2163,0.5085271778057455,0.31,0.4973859695947013,false
2164,0.46453253351371365,0.23,0.5330811119978692,false
2165,0.5129813577110269,0.32,0.4336783159060607,false
2166,0.7189882036777447,0.42,0.6235901070393423,false
2167,0.3972461241355749,0.5,0.5434005960305068,false
2168,0.3184421102043544,0.33,0.24504877316764348,false
2169,0.4347728250939431,0.42,0.5597609091565197,false
2170,0.5698804409907872,0.28,0.0778607471080903,false
2171,0.282689436340178,0.33,0.1878246456535733,false
2172,0.9677451675233764,0.9,0.8399593468544321,false
2173,0.963393912265532,0.73,0.8086277418079784,false
2174,0.654676357172619,0.88,0.808917059692181,false
2175,0.4080068408454761,0.25,0.36774039699008804,false
2176,0.5488235987699052,0.28,0.36789409426805136,false
2177,0.48798283614335713,0.12,0.2577012642990662,false
2178,0.5715719676692239,0.56,0.565731429889454,false
2179,0.5458905288054445,0.25,0.5300652910933068,false
2180,0.7294632995175069,0.74,0.8516598868072849,false
2181,0.504910763285198,0.29,0.4892310346490878,false
2182,0.48108323984756896,0.43,0.5926419569021778,false
2183,0.6390827212171964,0.92,0.6656093765435733,false
2184,0.5141372217861254,0.47,0.4911842091570488,false
2185,0.6497040202292368,0.55,0.6783977692933324,false
2186,0.7724790752230498,0.47,0.7350615664963945,false
2187,0.6937070450097645,0.48,0.7013144043218185,false
2188,0.568428577417256,0.37,0.6034770228607862,false
2189,0.41410663271269543,0.17,0.27884979182206804,false
2190,0.5764260566166939,0.36,0.5956355873834158,false
2191,0.36170273234085576,0.13,0.235076619274169,false
2192,0.47418521569387473,0.56,0.5138674722858546,false
2193,0.5862454570827551,0.47,0.6976240066572935,false
2194,0.36664438488305157,0.17,0.3860847942352398,false
2195,0.4559611279921468,0.38,0.3650241007747857,false
2196,0.5499493417393395,0.63,0.5621797336225408,false
2197,0.7221628404229204,0.57,0.7505608368558624,false
2198,0.48129500226967786,0.32,0.3951461874188173,false
2199,0.49037556139024724,0.2,0.20703644365912066,false
2200,0.5240482316976565,0.2,0.07457210055698925,false
2201,0.5163452286313339,0.3,0.1802852528381289,false
2202,0.41037387713866247,0.33,0.4554105708746211,false
2203,0.4226102636150608,0.41,0.48197712749084315,false
2204,0.3757548613942053,0.14,0.36128949026263174,false
2205,0.4489931218925508,0.36,0.2470161324157284,false
2206,0.37048445999432483,0.06,0.09549734954705688,false
2207,0.3888264824360997,0.13,0.31193042046549824,false
2209,0.4121862826335803,0.21,0.43504813560037764,false
2210,0.9248692504883597,0.8,0.8972778658270111,false
2213,0.3751653103578444,0.23,0.34324484669685335,false
2214,0.6856440239544851,0.64,0.4569398374858699,false
2216,0.36947317768653987,0.2,0.4653013501173183,false
2217,0.3891447430609633,0.14,0.12380856809830747,false
2218,0.40658920578707797,0.19,0.39652496063389486,false
2219,0.33610410350115283,0.14,0.16896605457502797,false
2220,0.4169146556632817,0.22,0.5101064114420936,false
2221,0.5299929860403998,0.33,0.3847656350400269,false
2222,0.36863882070936727,0.11,0.2577213114844413,false
2223,0.3944442833176346,0.15,0.3130297895502711,false
2224,0.638953376889496,0.54,0.668124236699066,false
2226,0.7463740278926739,0.69,0.4107056250272392,false
2227,0.3490801615369229,0.04,0.09079725848445717,false
2228,0.30784378201635804,0.11,0.06721875496712572,false
2229,0.28400253084200644,0.08,0.11425697450644001,false
2230,0.30523054566238295,0.09,0.19582999477924856,false
2231,0.30523054566238295,0.09,0.19582999477924856,false
2232,0.30523054566238295,0.09,0.19582999477924856,false
2233,0.3962535099677608,0.19,0.1682236693692537,false
2234,0.3450743407968882,0.26,0.3000480965551623,false
2235,0.3656172711642595,0.28,0.3406886286610595,false
2236,0.2639083169214145,0.32,0.39758432321206894,false
2237,0.45105120449537894,0.33,0.5960842171596775,false
2238,0.5141519459015984,0.31,0.4047221703933336,false
2239,0.8235580473485001,0.39,0.602323825440613,false
2241,0.7365083792104407,0.34,0.37082472058463223,false
2242,0.4768778421676809,0.25,0.4029449629305344,false
2244,0.4921053171289362,0.61,0.5507696574504954,false
2246,0.39213540550878756,0.39,0.4662075525490632,false
2247,0.499619846136177,0.27,0.4688862766560822,false
2248,0.4314763715336936,0.23,0.32894433775264986,false
2249,0.3083853719872704,0.1,0.23160047584849175,false
2250,0.589848326091211,0.33,0.662551923695701,false
2251,0.22449765369610228,0.0,0.14813177457589755,false
2252,0.2973303243142216,0.22,0.12243509150944795,false
2253,0.4315248721911661,0.29,0.4525394507074908,false
2254,0.6197186962042283,0.65,0.8383058163415603,false
2255,0.45038785894139677,0.21,0.46346106373922985,false
2257,0.4966090749440872,0.4,0.4952648317335859,false
2258,0.42976632510315343,0.58,0.5418477268922811,false
2259,0.5927443174782124,0.63,0.58978262271937,false
2260,0.37508376590006554,0.17,0.14436565285165656,false
2261,0.8098568794065383,0.46,0.6986915650113458,false
2262,0.499195517483745,0.31666666666666665,0.3920623013675241,false
2263,0.3912690936630503,0.11,0.19170300508952365,false
2264,0.3815404075761062,0.05,0.1718353783639188,false
2265,0.4337658738925006,0.52,0.507720960054881,false
2266,0.34711536034436374,0.4,0.35874905419662584,false
2267,0.32113196593722987,0.26,0.05903998520231933,false
2268,0.6685090226472473,0.6,0.5271091394806896,false
2269,0.4507297495491774,0.07,0.2124930713089704,false
2270,0.4390501002880915,0.24,0.3911200249159386,false
2271,0.8199291819644055,0.77,0.8194351057840181,false
2272,0.3485036656310682,0.1,0.1112393353924412,false
2273,0.5894388521158707,0.69,0.7146440328424809,false
2274,0.3271597001835995,0.57,0.5341132060216203,false
2275,0.3978543536384144,0.21,0.1457176415749212,false
2276,0.466774667440308,0.36,0.5110130953523319,false
2277,0.2634058631505809,0.1935,0.2710711404731941,false
2282,0.3161372228579133,0.8658333333333335,0.34313717268664023,false
2285,0.32615808635019566,0.01,0.2317100268563045,false
2286,0.30017071041060267,0.0,0.25791734587204435,false
2289,0.44084800923826206,0.05,0.24985792706673735,false
2290,0.4217421888605677,0.21,0.22575290805693587,false
2291,0.44084800923826206,0.05,0.24985792706673735,false
2292,0.4184552143899198,0.09,0.17834249076970987,false
2293,0.4184552143899198,0.09,0.17834249076970987,false
2294,0.4192042687857389,0.11,0.08950743925236897,false
2295,0.4296065645029347,0.12,0.22352455979698072,false
2296,0.4345005926991521,0.12,0.1804299534768799,false
2297,0.4321354858327281,0.1,0.22834605711101377,false
2298,0.4374616086723953,0.13,0.1692546432505565,false
2299,0.5129518569846704,0.22,0.5096703024607833,false
2300,0.3173591065996321,0.06,0.23659962357599823,false
2301,0.33963774702273375,0.27,0.3495095102719708,false
2302,0.36470635447940963,0.19,0.2486905052795764,false
2303,0.38347502265067696,0.12,0.24514174736303798,false
2304,0.5434346874803327,0.56,0.5865247452756165,false
2305,0.4509549072552281,0.19,0.3580651950880433,false
2306,0.31358943717267035,0.1,0.08906468724617628,false
2308,0.31358943717267035,0.1,0.08906468724617628,false
2309,0.441509228331897,0.39,0.3699989164333464,false
2313,0.5186524744547821,0.26666666666666666,0.2892021823329961,false
2314,0.46067415013874136,0.1,0.09612709490253174,false
2318,0.47973882638503773,0.69,0.69828439687035,false
2320,0.3367514288239502,0.21,0.2375599331119617,false
2321,0.3195895595164423,0.17,0.09337114079015323,false
2322,0.2897008725213701,0.03,0.10706212913894958,false
2323,0.31840087719051174,0.02,0.23170512254144277,false
2324,0.31966325002199014,0.28,0.28378732271946927,false
2325,0.29903659019515355,0.02,0.21967727260039172,false
2327,0.37550554797143304,0.14,0.27008211546082606,false
2328,0.3214207465400711,0.19,0.3723307689965851,false
2329,0.30428110412760845,0.03,0.3626378322612732,false
2330,0.521309607477586,0.21,0.6411865597609446,false
2332,0.3312428482687073,0.04,0.07879612277804995,false
2333,0.4291890640345403,0.05,0.14781323001386718,false
2334,0.455101753866222,0.24,0.39403714394679995,false
2335,0.37285169058029805,0.4,0.5642809075637147,false
2336,0.6362690515816873,0.44,0.7441909934984267,false
2337,0.3476700447494667,0.13,0.23601905191116024,false
2338,0.6077708721884556,0.7,0.6928291902388867,false
2339,0.5653557318780476,0.63,0.7199138112836849,false
2340,0.31273752450687436,0.22,0.40647081742778424,false
2341,0.5122135719626311,0.22,0.12757069514912078,false
2342,0.4306557229119832,0.08,0.287901432068483,false
2344,0.5093351875255216,0.45,0.2811616973655479,false
2345,0.47741719372227587,0.11,0.17492303842951654,false
2346,0.37122904675825186,0.31,0.3202827776733471,false
2348,0.4006432605596725,0.27,0.3399397618497398,false
2349,0.47522847442686517,0.24607142857142858,0.4478753513758885,false
2350,0.30613157040352873,0.01,0.10329447506138502,false
2351,0.5423042987366415,0.41,0.3245798980951907,false
2352,0.41398923328735476,0.13,0.2084791725599243,false
2353,0.45558650779254484,0.2,0.32197421322743347,false
2354,0.30701362323063563,0.08,0.27187812490625046,false
2356,0.517646689137229,0.39,0.3960324378897175,false
2357,0.3007504826963557,0.09,0.17325389492165313,false
2358,0.2818528379603046,0.03,0.11783638340105652,false
2359,0.42938010339143795,0.39,0.45578988715615987,false
2360,0.3864082990659847,0.08,0.29692988081646815,false
2362,0.3645073606901585,0.37,0.22936730638491576,false
2366,0.27521809170425005,0.09,0.19770377807668335,false
2371,0.30063271687233445,0.26,0.2699830375554099,false
2374,0.27521809170425005,0.09,0.19770377807668335,false
2375,0.6271447739063299,0.58,0.6451311434897641,false
2377,0.463105330205559,0.43,0.5487339260054838,false
2380,0.4097661851790316,0.24,0.3676817461636133,false
2381,0.534281990014026,0.37,0.3872312643568972,false
2382,0.41697475202362766,0.32,0.491856751085468,false
2384,0.40217219645182123,0.14,0.27609284217029817,false
2385,0.3858152819340522,0.07,0.33246333959406105,false
2386,0.3862022654512452,0.13,0.471727952010941,false
2387,0.33709256099805224,0.25,0.2680317820637903,false
2388,0.4595272176130779,0.27,0.40279805573957905,false
2389,0.8284068374574624,0.51,0.7503344626580218,false
2390,0.5575865813616171,0.78,0.6357789771847637,false
2391,0.5918518611809594,0.42,0.632450444627661,false
2392,0.5177920485294358,0.46,0.542387403665547,false
2393,0.41141374513920265,0.1,0.21136248055841514,false
2394,0.39722883964544,0.16,0.3282521932585999,false
2395,0.3864945453953521,0.13,0.2860687866599419,false
2397,0.6179933274698848,0.58,0.7246752626029814,false
2398,0.7019999178689249,0.45,0.45477118019426394,false
2399,0.5201758829399674,0.68,0.763296004870176,false
2401,0.59372499115418,0.36,0.682169997166259,false
2402,0.5684601349097208,0.47,0.7085810132231335,false
2403,0.47280944561345195,0.38,0.5147222290789102,false
2404,0.3910626181258692,0.16,0.177631617228528,false
2405,0.3357056909252712,0.17,0.0509896344769104,false
2406,0.47593994204543316,0.32,0.538989536155135,false
2407,0.5399352579929739,0.4,0.462952819254886,false
2408,0.42028482301211356,0.29,0.23285519462606455,false
2409,0.3230616872244361,0.14,0.2503926513262772,false
2411,0.5236942185202182,0.34,0.2832723993948683,false
2412,0.5778572092912825,0.33,0.7057324296610253,false
2413,0.3652044484244203,0.04,0.15083803705072651,false
2414,0.8129166626642926,0.67,0.7546190767320573,false
2415,0.49138815044423834,0.25,0.3443730022691983,false
2416,0.4259393449886489,0.26,0.26187049127005996,false
2417,0.4021973111421959,0.21,0.2659572010806475,false
2420,0.41529373890287086,0.21,0.3831043363660001,false
2421,0.3239539552221299,0.07,0.2761583357778487,false
2422,0.5000402534735187,0.3468333333333334,0.44702566631950436,false
2423,0.3254146399526364,0.15,0.23613278215795797,false
2424,0.3999999879476034,0.04,0.21490244851279708,false
2425,0.7300282275183625,0.45,0.5997227350513635,false
2426,0.6899269504191774,0.41,0.6857609055357411,false
2427,0.3779034439927303,0.31,0.2401393518962843,false
2428,0.45771603668368943,0.53,0.46790677829014277,false
2429,0.44020057925314077,0.51,0.5425460446902675,false
2430,0.4613026971376247,0.29,0.4026028963117253,false
2431,0.4269940407058939,0.21,0.146655018520969,false
2432,0.40556586218825036,0.38,0.3475008700954462,false
2433,0.7520719924265815,0.7,0.48909228456066206,false
2435,0.4956988113431289,0.22,0.4053529388697649,false
2436,0.5302785390842799,0.42,0.3533968816499848,false
2437,0.4326210543201702,0.31,0.37730316037972045,false
2438,0.3745801402341901,0.27,0.288302378134214,false
2439,0.3992263737529882,0.18,0.1800052687040988,false
2440,0.428001626721944,0.46,0.4170015144906823,false
2441,0.36256027159565507,0.08,0.1485762400115085,false
2443,0.4086792340502812,0.28,0.29333503002045386,false
2444,0.36517315175512466,0.27,0.043471350704524105,false
2445,0.3411058354371154,0.14,0.2349945863732822,false
2446,0.6274347220255968,0.37,0.4189262412446569,false
2447,0.3822774918292454,0.71,0.45957438214563345,false
2448,0.3197614073659996,0.05,0.2292013344793699,false
2449,0.3185756863835656,0.11,0.2759716306432429,false
2450,0.3875970601750596,0.16,0.40827572064261064,false
2451,0.3582541939032323,0.3,0.29951546617750213,false
2452,0.4848058479589175,0.53,0.4536747458006943,false
2453,0.3441655892176577,0.2,0.2931062874893619,false
2454,0.3800914287497174,0.4,0.15089981075273126,false
2455,0.3627343652490849,0.06,0.26542254096747936,false
2457,0.43276510882943103,0.31,0.43009904285243516,false
2458,0.37812858376819963,0.5,0.3689260958077308,false
2459,0.496471672937325,0.4,0.4692739868205613,false
2460,0.45209934283704994,0.23,0.253246910741612,false
2461,0.4459355999349578,0.14,0.3074188108179557,false
2462,0.40989253001626047,0.13,0.15444336167721898,false
2463,0.3919604493819382,0.13,0.14537439602116947,false
2464,0.4302251763044669,0.29,0.30714654761463445,false
2465,0.34498268463039095,0.23,0.19230290020673255,false
2466,0.46085578681955913,0.43,0.6698314375699888,false
2467,0.6411177674669791,0.19,0.04184919360741249,false
2468,0.5311784567364357,0.3,0.4347858885849097,false
2469,0.3964720681179814,0.17,0.25408328699386074,false
2470,0.32680136136775595,0.3,0.298163423888611,false
2471,0.5633666909602582,0.52,0.5959547736861718,false
2472,0.48342718375457616,0.14,0.08839616859805101,false
2473,0.5697708106998245,0.26,0.620307084927705,false
2476,0.5908120302075767,0.5,0.7507856566448249,false
2478,0.45559506486175555,0.18,0.35937357646620255,false
2479,0.4384824785810373,0.34,0.569305325092618,false
2480,0.45450276562510783,0.36,0.5326499028227143,false
2482,0.5102051432950834,0.23,0.23161854359050404,false
2485,0.46858162994982944,0.21,0.37884254719858995,false
2486,0.29043633765615534,0.09,0.430608562130579,false
2487,0.32667912820636225,0.37,0.2834248032836694,false
2488,0.3619821068175634,0.02,0.21063039000429004,false
2489,0.41518899224914463,0.13,0.42460754223457187,false
2490,0.29043633765615534,0.09,0.430608562130579,false
2491,0.316003624900738,0.15,0.3560299215028826,false
2492,0.5593361255939899,0.64,0.6904121697515649,false
2493,0.5353501665922713,0.46,0.361509046726745,false
2494,0.5335088957003495,0.41,0.5171385738650519,false
2495,0.3809732521850427,0.01,0.15851802248132837,false
2496,0.3805381684989217,0.03,0.13813101989258877,false
2497,0.4450386375527814,0.44,0.3944147918108141,false
2498,0.3877468628593112,0.54,0.3531319355782092,false
2499,0.5037355690591069,0.28,0.20521436700228926,false
2500,0.4169075840659265,0.16,0.11094970327699649,false
2501,0.26671434890042944,0.12,0.4253886544581497,false
2502,0.3636252872127277,0.12,0.28770087073241934,false
2503,0.36601853837237036,0.28,0.44245010728170137,false
2504,0.36359215533882705,0.1,0.0985950034103789,false
2505,0.4204032596303631,0.21,0.20281462710503598,false
2506,0.28512380622047223,0.18783333333333335,0.2131770100023096,false
2507,0.35779291604456587,0.06,0.10280112350376723,false
2508,0.47949351057799067,0.3,0.27299831782761275,false
2509,0.8262074402725131,0.73,0.8957984830262324,false
2511,0.6055882875426231,0.53,0.6449663496579359,false
2512,0.28318849836644916,0.8,0.46214103637242737,false
2514,0.45163685976753376,0.18,0.3475461223096209,false
2515,0.47710185070468303,0.09,0.2716723884853424,false
2516,0.39988500660463827,0.8444047619047619,0.49956598670213814,false
2517,0.6188018259512104,0.21,0.4489892169208236,false
2518,0.8262011432829132,0.37,0.14988437333297316,false
2519,0.8368203376726165,0.71,0.9095334307418039,false
2520,0.6652862783169852,0.17,0.21759274167670695,false
2522,0.4874263845866562,0.4,0.4725611222370057,false
2523,0.27845319934209456,0.16,0.19511920055633356,false
2524,0.47951837814538195,0.4,0.29133839056250366,false
2525,0.6044260811450433,0.51,0.6590319041239148,false
2526,0.6274765094706762,0.38,0.27085366681892203,false
2527,0.38795105726586504,0.5,0.5112387480407067,false
2528,0.5044623206676675,0.27,0.20549947769418286,false
2529,0.5266167465226266,0.25,0.3549224175826029,false
2531,0.664340685518911,0.34,0.3579830247088129,false
2532,0.4752960859684,0.23,0.24897382322726044,false
2533,0.7650602999231605,0.61,0.46364138518131515,false
2534,0.29526726266753345,0.47600000000000003,0.1960867337646462,false
2535,0.2649080488836707,0.01,0.015755153420826586,false
2536,0.28552095021963536,0.16,0.16491673696078596,false
2537,0.32329018712140367,0.11,0.18998832948268232,false
2539,0.31833205339383974,0.15,0.08895354968992408,false
2540,0.48022837051264217,0.32,0.6656004351196355,false
2541,0.32912989759316563,0.18,0.2701673304442211,false
2542,0.3200330577890451,0.07,0.11246126807611288,false
2543,0.3351205344731929,0.13,0.38643647416889626,false
2544,0.3310072117357348,0.14,0.29088907103276856,false
2546,0.41947686499831877,0.08,0.0630757297172386,false
2548,0.42282609553976,0.03,0.12186115719904064,false
2550,0.38731866325462105,0.11,0.1341697301998843,false
2552,0.39769607316406974,0.09,0.1471911239785529,false
2553,0.38958377652248405,0.05,0.20196887172043035,false
2554,0.509492300340661,0.44,0.5683464269999141,false
2555,0.509492300340661,0.44,0.5683464269999141,false
2556,0.33387353689548566,0.09,0.46613236442678874,false
2557,0.5425406955062363,0.4,0.646822484150476,false
2558,0.5477221494849193,0.39,0.6509386261046165,false
2559,0.3437027236875657,0.11,0.09291534509614664,false
2560,0.35476233903619336,0.02,0.2799744633440797,false
2561,0.29780937004976155,0.0,0.18060814646667556,false
2563,0.408916950957028,0.1,0.2629052992289219,false
2564,0.3782789185429361,0.1,0.30710141896030313,false
2565,0.4191302277446011,0.1,0.408684782855377,false
2566,0.40200397822063955,0.09,0.2512140331952056,false
2568,0.4408796300842668,0.19,0.3788675712385801,false
2570,0.46438682306449397,0.34,0.5528486871372874,false
2572,0.36916641064270717,0.16,0.2445493370688805,false
2573,0.34368637664026414,0.09,0.08414190523869607,false
2574,0.375883706623454,0.23,0.18369612998679513,false
2575,0.3651870980386363,0.1,0.038334233837276604,false
2576,0.3651870980386363,0.1,0.038334233837276604,false
2577,0.3681086586820541,0.15,0.1529876030793286,false
2578,0.5001111708239019,0.18,0.4250663162905144,false
2579,0.40232875344411473,0.19,0.34702821148074103,false
2580,0.28324765296204824,0.04,0.0941250099145953,false
2581,0.40232875344411473,0.19,0.34702821148074103,false
2582,0.3596172058341177,0.18,0.16775339952928459,false
2583,0.4605878723647179,0.3,0.5143894274034948,false
2584,0.36172188778857445,0.36488095238095236,0.37154970715031954,false
2585,0.2529883219995845,0.07666666666666667,0.11509280599219257,false
2586,0.641761155040641,0.54,0.673536626967328,false
2587,0.4710782007245858,0.33,0.2791837853196296,false
2588,0.4619085225641173,0.49,0.4985602361118319,false
2589,0.5391723866590253,0.47,0.4322460227155683,false
2591,0.4298540871525195,0.17,0.32996146381844976,false
2592,0.3992288119650907,0.14,0.46159070915108047,false
2593,0.6764115740760331,0.38,0.43152436691098894,false
2594,0.42979297689484525,0.2,0.30884890625182715,false
2595,0.5204498737713786,0.51,0.6885930676088541,false
2596,0.5108916694949353,0.31,0.32620969518714615,false
2597,0.4294685869604599,0.2,0.38693953361426087,false
2598,0.3220577342340613,0.17,0.21294397408782864,false
2599,0.38834765147667916,0.16,0.3078709566072229,false
2600,0.422641634254136,0.17,0.411851835122305,false
2601,0.8251447418354029,0.86,0.843268311299798,false
2603,0.28272878895252956,0.05,0.03434343648105462,false
2604,0.5176452046623937,0.6,0.4041951904458457,false
2605,0.5932211971277359,0.1,0.3892943418793555,false
2606,0.5727872626090512,0.34,0.41709154462443226,false
2607,0.28272878895252956,0.05,0.03434343648105462,false
2608,0.2404064033368016,0.22,0.4204117491398706,false
2612,0.22032436632745406,0.43816666666666654,0.45766384277309896,false
2613,0.5173021724138249,0.4108333333333333,0.41614128701018677,false
2614,0.33382522894446215,0.12,0.21524163056921605,false
2618,0.4333067119146214,0.2,0.2085030694070354,false
2619,0.32559696435556673,0.39,0.14308525938922684,false
2620,0.32426548362340046,0.57,0.6693519646248107,false
2621,0.289559152049792,0.44,0.4101604076691417,false
2622,0.4441758084096438,0.23,0.4409425721388119,false
2623,0.44224778475855514,0.21,0.21351807343970897,false
2624,0.43595245740829786,0.29,0.3856856802549117,false
2625,0.43947743388234684,0.33,0.4390616194064851,false
2626,0.29522890604346913,0.28,0.25063697966170073,false
2627,0.42034806871691555,0.38,0.5920193923927491,false
2628,0.43401417273480075,0.3,0.42412033655796,false
2629,0.6565285413457892,0.32,0.3352351439088848,false
2630,0.6259630300573262,0.34,0.4664749215367574,false
2631,0.6730016916151479,0.29,0.39953314193998146,false
2632,0.7447170068067582,0.56,0.583175548017559,false
2633,0.5583169383986865,0.48,0.5723857909890891,false
2634,0.47763288217862826,0.18857142857142858,0.2337606419869441,false
2635,0.3777283992332525,0.32,0.7529339955330854,false
2636,0.44959663997029004,0.47,0.37327712692753784,false
2637,0.6171714534655329,0.12,0.378965516142545,false
2638,0.493506693109793,0.35,0.40944995389719313,false
2639,0.6394391769538469,0.21,0.3110486348629155,false
2640,0.6409430549450343,0.33,0.22847228320694218,false
2641,0.7357060951633028,0.46,0.4021866575796745,false
2642,0.5557541809559391,0.33,0.4534037684606586,false
2643,0.36049609925087384,0.2,0.19139453835186085,false
2644,0.36400516089301094,0.12,0.09262724558314075,false
2645,0.4082542096507837,0.11,0.18157297924181132,false
2646,0.4238319580518458,0.38,0.2895740753297821,false
2648,0.3443099699322227,0.07,0.13642511013467565,false
2649,0.300768019964885,0.02,0.17712555303218122,false
2651,0.8152137712035173,0.53,0.6408266201691517,false
2652,0.47439105417745436,0.58,0.685848128190054,false
2653,0.48595599417931695,0.27,0.25263690774418945,false
2654,0.42856911320539914,0.25,0.17696359897266975,false
2655,0.49916664496714086,0.12,0.20391074465859646,false
2656,0.5188225765750146,0.38,0.22745747487675272,false
2657,0.6477403745799521,0.16,0.2123183301166304,false
2658,0.3553115140859749,0.04,0.09765808359386613,false
2659,0.507174885560071,0.24,0.5648086905690067,false
2660,0.449069496371346,0.22,0.1233425653603378,false
2661,0.7950002888005426,0.39,0.6917012711697355,false
2662,0.7458443731362888,0.38,0.27813869753944426,false
2663,0.4123543481562065,0.25,0.4537310668400006,false
2664,0.6609873921933168,0.19,0.07691116618238497,false
2665,0.4327889097880409,0.22,0.46100136182666573,false
2666,0.5587590906390891,0.47,0.45051507774495414,false
2667,0.4580498179721735,0.32666666666666666,0.5078299737717197,false
2668,0.43923869235395047,0.44839285714285715,0.6032151889289994,false
2672,0.5791536359051499,0.41,0.40326109564859375,false
2673,0.47473835150729227,0.25,0.3775371593798492,false
2674,0.4674407222995013,0.53,0.5035090690203764,false
2675,0.42272947543869027,0.18,0.13376304616092097,false
2676,0.7213706746446469,0.33,0.25641163977827097,false
2677,0.7722322787995934,0.65,0.48629067881882754,false
2678,0.7156117451871843,0.32,0.3166534717592809,false
2679,0.8964106379261023,0.5,0.4830357402539493,false
2680,0.3023730085947409,0.17,0.3130200845892581,false
2681,0.42851371217519485,0.32,0.29046444606598804,false
2682,0.5881819307444919,0.47,0.5015700806512923,false
2683,0.4279360009594145,0.28,0.48883759471441857,false
2684,0.308702277879431,0.04,0.060013242765712,false
2685,0.45595360235822263,0.27,0.2613159272997893,false
2687,0.4513811652441557,0.4,0.616801037854308,false
2688,0.4590857738826474,0.42,0.5396210398691428,false
2689,0.42863869777080743,0.3,0.3882944228950917,false
2690,0.4041101892174293,0.24,0.41132902365921253,false
2691,0.3991928495504715,0.44,0.4281522202855335,false
2692,0.5155316463421749,0.33,0.4859188408871091,false
2693,0.3600537631116433,0.09,0.05044502732168019,false
2694,0.3276951607169592,0.27,0.23470409471294723,false
2695,0.5649589863367884,0.66,0.6730997569369951,false
2696,0.30602922410428535,0.02,0.10416503610401809,false
2697,0.2649008372587001,0.2,0.06300666794768874,false
2698,0.6029552290635931,0.42,0.49525519712532085,false
2699,0.5778510108125311,0.39,0.5528961746647671,false
2700,0.3921287100736096,0.59,0.5293517497647329,false
2701,0.40323653747527416,0.17,0.1325483105878882,false
2702,0.3665840810626437,0.26,0.22904565851078942,false
2703,0.3276951607169592,0.27,0.23470409471294723,false
2704,0.42132103478635824,0.23,0.3313581152839525,false
2705,0.45301046188013017,0.33,0.48998692136323985,false
2706,0.5157831365186609,0.46,0.5228797313935281,false
2707,0.305208329438856,0.22,0.21254884136702867,false
2708,0.43780708893821824,0.39,0.16423015865999882,false
2709,0.5595096015558322,0.58,0.8363791764802678,false
2711,0.4419416537046103,0.2,0.29129884275632983,false
2712,0.4563366185899508,0.27,0.40411527375572537,false
2713,0.5474593846243664,0.38083333333333336,0.5145267156440205,false
2714,0.31365109225976695,0.22,0.4355411515415484,false
2716,0.34650752867903806,0.19,0.1962148262052593,false
2717,0.37102291948894495,0.18,0.18632684723861342,false
2718,0.34430485568677044,0.27,0.042822290028188215,false
2719,0.44773707179078026,0.16,0.20712550150883546,false
2721,0.43398942030833426,0.34,0.422124016611135,false
2722,0.349674868441926,0.29,0.2734249052697988,false
2723,0.5651471332496598,0.6,0.4798375217718807,false
2724,0.3534604383474336,0.3,0.42875628915041497,false
2725,0.4059883193088046,0.33,0.4235424088881931,false
2726,0.5824668471942135,0.5,0.46773171279636705,false
2727,0.33988683258419083,0.06,0.07211010392297645,false
2728,0.4162669997239489,0.21,0.2592081943671005,false
2729,0.34854643311460276,0.32,0.23755016335512752,false
2730,0.33506076213774233,0.18,0.376838458583886,false
2731,0.380613406489246,0.02,0.19655124135890512,false
2732,0.3511052415283005,0.24,0.33034131586647386,false
2733,0.32675742353495857,0.02,0.12592094687528083,false
2734,0.37115028775228626,0.08,0.26697222206959415,false
2735,0.6283582782182465,0.25,0.5007038933109805,false
2736,0.6821750271795953,0.35,0.5675379619229004,false
2737,0.39137297406746,0.17,0.052132411162603275,false
2738,0.4207055734943551,0.25,0.1444456220970018,false
2739,0.2729307349438638,0.0,0.05801376886012807,false
2740,0.3888572788889387,0.06,0.3383405863162116,false
2741,0.3888572788889387,0.06,0.3383405863162116,false
2742,0.35608751135696015,0.03,0.1113675038643888,false
2743,0.5529654663114807,0.18,0.483101039961099,false
2744,0.5699925035731324,0.15,0.3980509187296819,false
2746,0.40421338878729374,0.13,0.2566159316728802,false
2747,0.4099700502381626,0.43,0.4888619114798136,false
2748,0.33661148913790634,0.26,0.24061955972651283,false
2749,0.5123582517577207,0.15,0.2088635560096261,false
2750,0.6858223467689017,0.38,0.5944736930852832,false
2751,0.43814150894076315,0.25,0.29348018134803744,false
2752,0.421717905205341,0.21,0.26259741839514894,false
2753,0.3018626494449287,0.21,0.23607125393913103,false
2754,0.3018626494449287,0.21,0.23607125393913103,false
2755,0.256300709141738,0.09,0.06142931085525827,false
2757,0.381811645364584,0.25,0.2537126875824601,false
2758,0.4956659311548205,0.39,0.18332778946348596,false
2759,0.38465560309851554,0.12,0.09207323272934224,false
2760,0.6396414817428436,0.57,0.46782735157724353,false
2761,0.42040257747256565,0.34,0.38495297789407634,false
2762,0.4781913576517951,0.24,0.45427529959530405,false
2763,0.40003943244559337,0.17,0.21084635521169204,false
2764,0.36278432642249453,0.17,0.14851983140648697,false
2765,0.3540857253019852,0.14,0.15559918545626425,false
2766,0.347823203338123,0.05,0.0800311439099806,false
2767,0.4143304123396631,0.15,0.34657915742823076,false
2768,0.347823203338123,0.05,0.0800311439099806,false
2769,0.2874421251401755,0.04,0.10571789103675973,false
2770,0.40961690157036734,0.07,0.15468198151981813,false
2771,0.27327905327693996,0.1,0.15739173067975382,false
2773,0.28248730585142284,0.01,0.05088769337581361,false
2774,0.32559972120592023,0.23,0.12178879994102879,false
2776,0.3846840802298656,0.15,0.2356222384078287,false
2777,0.42317264906698665,0.47,0.5295753426878445,false
2778,0.3801569264948976,0.16,0.2356222384078287,false
2779,0.4189717953727635,0.47,0.5139348011246493,false
2780,0.29213416715879653,0.07,0.05754085356454687,false
2781,0.3501118143051588,0.22,0.2178256872638498,false
2782,0.39220878483161264,0.13,0.18287882117798904,false
2783,0.5009409398603474,0.36,0.5621220290875827,false
2784,0.30318375641926704,0.05,0.17928296043699934,false
2785,0.5801142549660508,0.48,0.5676207807050476,false
2786,0.6048730669430219,0.7,0.6493048926305622,false
2787,0.49542669318557747,0.26,0.33516454600288087,false
2789,0.36074675527275907,0.15,0.058696552927245245,false
2791,0.27900633475103626,0.01,0.03298548912916177,false
2792,0.553799506519379,0.23,0.3225419918512179,false
2793,0.5385474283989136,0.3,0.1262106376157788,false
2794,0.3540997938882921,0.17,0.19765504714001725,false
2795,0.40726756784438506,0.28,0.37973321482754324,false
2796,0.34472691504627995,0.04,0.17205865189058936,false
2797,0.327033038598012,0.16,0.22238077076483326,false
2798,0.28902175961678844,0.24,0.3191637243943354,false
2799,0.4269210264677592,0.19,0.32799475734525196,false
2800,0.367906741572614,0.11,0.16662130270511608,false
2801,0.35587448973306796,0.0,0.29557189716199256,false
2803,0.6299191416856922,0.77,0.859789635976879,false
2805,0.43135876030902925,0.19,0.3722790248751389,false
2807,0.4101311207896682,0.08,0.10381182546521822,false
2808,0.2709845765870542,0.18,0.07434068483821704,false
2809,0.42377420902927915,0.33,0.48590423174844655,false
2810,0.4717151919213064,0.24,0.5316501332664457,false
2811,0.47728119410999587,0.31,0.23294367407221261,false
2812,0.2648199355271315,0.24,0.4018000159241274,false
2813,0.4067795219239916,0.12,0.16247252321291406,false
2814,0.9665955438063637,0.84,0.8215736478352359,false
2815,0.9260064528806617,0.55,0.7465224795751538,false
2816,0.9597536976660562,0.59,0.867083439514046,false
2817,0.5108465244541955,0.3566666666666667,0.28985461800457857,false
2818,0.6937105746513265,0.25,0.3219217824915373,false
2819,0.40128312230493207,0.4,0.37825008307272817,false
2820,0.22063337253102921,0.3941666666666667,0.3161361876517012,false
2822,0.4772575858723626,0.16,0.37297490764901137,false
2823,0.5702017631975169,0.44,0.3108191557772297,false
2824,0.5622541972304171,0.67,0.7329439304697729,false
2825,0.5812976784525574,0.69,0.5607714192803327,false
2826,0.4010979983446109,0.11,0.26133485019618136,false
2827,0.8820160853284085,0.5,0.7921976613934407,false
2828,0.7053228656898022,0.34,0.1898063300875145,false
2829,0.5008344466059366,0.38,0.436999013063674,false
2830,0.38921997006421527,0.33,0.5009279261063624,false
2831,0.6301270587757184,0.3,0.6624550025394779,false
2832,0.5956050525098646,0.58,0.4411789586366137,false
2833,0.5068096197986034,0.26,0.08967904838035227,false
2834,0.45945819833243073,0.34,0.6501998056619301,false
2835,0.33660789260124974,0.33,0.48665387074114913,false
2836,0.34856109535549634,0.12,0.2013849825767195,false
2837,0.5794136514487397,0.77,0.7393350522545887,false
2838,0.4051622303551031,0.22,0.4626552383923118,false
2839,0.5105706134914443,0.38,0.35485776819809306,false
2840,0.44935103029600354,0.48,0.37084110826739686,false
2841,0.6558001080628495,0.44,0.4528464990590644,false
2842,0.6862637301475972,0.47,0.7077082401505921,false
2843,0.44239120572028995,0.13,0.5042175982639507,false
2844,0.42226842739442155,0.41,0.4186410553468523,false
2845,0.47445702404939916,0.15,0.6116360784564482,false
2846,0.42180828078552923,0.22,0.14762688317316075,false
2847,0.3778632008599799,0.33,0.4153995818173711,false
2848,0.5236277433413885,0.33,0.64915564404778,false
2849,0.9831788018885574,0.2,0.020772195780883317,false
2850,0.4143737215667648,0.25,0.16548775946931185,false
2851,0.571029247219502,0.25,0.5661016253677286,false
2852,0.32343054913473634,0.1,0.09322933606987938,false
2853,0.5202712361053738,0.52,0.6343796248507352,false
2854,0.23199041820274713,0.09666666666666666,0.25268372472737516,false
2855,0.4785795517302778,0.15,0.01631927825391647,false
2856,0.5824394242015215,0.46,0.555078486149303,false
2857,0.3629559612029613,0.25,0.245376824962666,false
2858,0.35172010177310203,0.25,0.27492168760770236,false
2859,0.45952576793233724,0.22,0.45694016395946063,false
2860,0.7742618075650267,0.69,0.7812863732459879,false
2861,0.4328035605697889,0.36,0.41214025798921483,false
2862,0.36648939567976413,0.0,0.2845112265668049,false
2863,0.409023046419217,0.32,0.25263180086981046,false
2864,0.45978993347561437,0.15,0.3666802266981402,false
2865,0.2968381581556703,0.04,0.043243091414860935,false
2866,0.5283143559720466,0.28,0.5595972891042501,false
2868,0.3923014111877223,0.14,0.31700475612035434,false
2869,0.31670889847150197,0.12,0.11589098718749843,false
2870,0.47839526922002623,0.42,0.6063285502854057,false
2871,0.7861756380392811,0.62,0.6781754547363924,false
2872,0.5712166880159922,0.23,0.42442531819226353,false
2873,0.4737518452208511,0.29,0.15150207642639227,false
2874,0.29090128681980776,0.04,0.145080376810183,false
2875,0.4097527472274131,0.36,0.4245377438343886,false
2876,0.3403493982839453,0.3,0.24025464360062634,false
2877,0.40569437704305117,0.4,0.5078909933993294,false
2878,0.3128946988797517,0.06,0.12088969938419211,false
2879,0.3992758324443177,0.35,0.1646718415732032,false
2880,0.3797029767500416,0.24,0.22651518145570143,false
2881,0.2602886316053074,0.09,0.17454962733592044,false
2882,0.49484610795712325,0.24,0.520899874863968,false
2883,0.4385296546902511,0.35,0.5026299218960729,false
2884,0.5698768122463886,0.41,0.271342350609034,false
2885,0.2845993877544382,0.04,0.16278895932855378,false
2886,0.4625092074680252,0.37,0.3529004973734401,false
2887,0.24516538254097306,0.05,0.04893355083209993,false
2888,0.2376046861185262,0.03,0.13480625282441405,false
2892,0.40123330291087234,0.38,0.22385753714481194,false
2893,0.41177911179127363,0.2,0.34583414465577655,false
2894,0.354046895592481,0.24,0.35177648717651844,false
2895,0.38812686266915514,0.32,0.37478718251326115,false
2896,0.3680466183118351,0.08,0.260813677548698,false
2897,0.3952963563113606,0.3,0.22788591840250624,false
2898,0.38711547086285375,0.03,0.13347529525932547,false
2899,0.47703594360385787,0.41,0.33278147753079307,false
2901,0.4273310273533398,0.19,0.20269168166300255,false
2902,0.3906107832958724,0.4,0.40925504897695575,false
2903,0.5715024793869742,0.23,0.587096675796963,false
2904,0.40939339022814936,0.05,0.3909133223769619,false
2905,0.6317585747236029,0.46,0.6683683987001158,false
2906,0.6471954757570888,0.49,0.7077435614813641,false
2907,0.4468101216975837,0.26,0.4598541984298041,false
2909,0.44703950949501303,0.28,0.4288115170383152,false
2910,0.1555862001851744,0.07,0.10746568040372194,false
2911,0.3435252708090415,0.3,0.6261240599694222,false
2912,0.33136358802878346,0.11,0.32065724235124277,false
2916,0.3401285044517356,0.03,0.2806276749117028,false
2918,0.45440588149601074,0.37,0.402931734131279,false
2919,0.37304742873146823,0.27,0.10897853539517818,false
2920,0.49504209774812613,0.38,0.3664896877643421,false
2921,0.34561475324124546,0.19,0.40809824124354976,false
2922,0.32717249240301804,0.18,0.3562845996226139,false
2923,0.48905491893655767,0.17833333333333332,0.16642304598047317,false
2924,0.4917614398968992,0.5,0.476999103598571,false
2926,0.3465335501536092,0.04,0.10201372280857134,false
2927,0.6534906671304763,0.58,0.5535033002287036,false
2928,0.4642418632081279,0.29,0.4543645329060206,false
2929,0.3864944491221343,0.2,0.20447832991028922,false
2930,0.27730776179918737,0.22,0.12565022947157958,false
2931,0.364254183448869,0.18,0.18303565109076872,false
2932,0.5167385309477536,0.41,0.5443781218022662,false
2933,0.22236601363426006,0.0075,0.23834486864402696,false
2935,0.6010682163200113,0.51,0.7728197498135849,false
2936,0.5334798777955808,0.26,0.32205345424849197,false
2937,0.5750529192412571,0.67,0.6553402385010235,false
2938,0.4151435103277344,0.38,0.2099652324425165,false
2939,0.6172889896304182,0.59,0.6330416894808112,false
2940,0.30378920652783153,0.39483333333333337,0.2827551664487616,false
2941,0.7005007920980321,0.33,0.37586821150193284,false
2942,0.46707015219830966,0.04,0.4981442595488042,false
2943,0.6339544288172425,0.44,0.52482317869812,false
2944,0.5472076269758457,0.43,0.5069461853131804,false
2945,0.3499546183295549,0.15,0.261006397724016,false
2946,0.7308172670989087,0.7,0.5841380346750014,false
2947,0.4013443248256762,0.32,0.4404239065258595,false
2948,0.4283327971477919,0.16,0.22100024721361525,false
2949,0.42821652060667315,0.15,0.14681256556232425,false
2950,0.4051429881394159,0.22,0.37230193025772856,false
2951,0.4210294129387876,0.09,0.2947394325828552,false
2952,0.4094345518203992,0.22,0.4168933929901517,false
2953,0.5789646992515575,0.57,0.7737970060596878,false
2954,0.4083881511226323,0.29,0.32528703594460545,false
2955,0.45058894171010266,0.12,0.37786988670332344,false
2956,0.3401057774616038,0.35,0.2749170599401589,false
2957,0.3212063311103813,0.06,0.34322409440244167,false
2958,0.3400502873970265,0.37,0.32630328052511637,false
2959,0.5743213469096626,0.61,0.6727411945471612,false
2960,0.34451450624672464,0.17,0.17009634560612075,false
2961,0.366963161090023,0.19,0.11410082963322195,false
2962,0.43342779292573835,0.28,0.3725338889253933,false
2963,0.8442301912236365,0.42,0.5005787064768333,false
2964,0.36593059337800093,0.07,0.13131472345707032,false
2965,0.3813839786342268,0.23,0.2673674257095937,false
2966,0.39491725566239333,0.14,0.28032133737364884,false
2967,0.4668754084413778,0.23,0.2810012757425947,false
2968,0.2621627408209107,0.05,0.1788096732515619,false
2969,0.3839781055689656,0.24,0.3578799688185023,false
2970,0.4962749062408305,0.57,0.5866289067475952,false
2971,0.4074178023419906,0.39,0.38561602691157515,false
2972,0.4694934444212912,0.45,0.46252407132109946,false
2973,0.4940352586050035,0.25,0.40187596034697065,false
2974,0.4807050006181221,0.15,0.3361618120936805,false
2975,0.3476933267143642,0.57,0.47466354987558423,false
2976,0.4481060133081811,0.35333333333333333,0.24632486280007174,false
2977,0.5400340628259377,0.36,0.5251892577723305,false
2978,0.3330792897591091,0.09,0.2115374449228106,false
2979,0.37748608877810397,0.21,0.2646407330430609,false
2980,0.5538328047473969,0.31,0.3486636593270737,false
2981,0.34275634353039147,0.08,0.21917981045018325,false
2982,0.34870268703721374,0.2,0.2065279815138224,false
2983,0.31736847187453254,0.08,0.15269842933932823,false
2984,0.5059764017452366,0.57,0.5382773680793864,false
2985,0.4327774892548121,0.19,0.32127526675012785,false
2986,0.4091768036284701,0.21,0.29291824424319285,false
2987,0.34034669196475387,0.08,0.15776484770267435,false
2988,0.4055152841937872,0.17,0.16274455938551938,false
2989,0.36534742476559584,0.34,0.31801236700454466,false
2990,0.43440129892067825,0.08,0.20607236594929287,false
2991,0.39424771556159116,0.35,0.4646690806009954,false
2992,0.5908240965741441,0.61,0.7415668447527979,false
2993,0.5093768410326133,0.42,0.4464132146889464,false
2994,0.3452276807073445,0.24,0.14198371026043552,false
2995,0.45437327673058125,0.15,0.14639099792257604,false
2996,0.3339805998260017,0.26,0.21153508706783833,false
2997,0.5184315108462902,0.21,0.26306962602445394,false
2998,0.44555211783714266,0.43,0.22190025357121101,false
2999,0.3675583667248346,0.12,0.07782292994070943,false
3000,0.34853008632189597,0.05,0.15454868968035326,false
3001,0.34853008632189597,0.05,0.15454868968035326,false
3003,0.49834927038619437,0.36,0.4912252622099579,false
3004,0.3759763142004979,0.14,0.3453994021992881,false
3005,0.38226930872946685,0.29,0.2657343016911612,false
3006,0.4091541438020837,0.17,0.3336720507976538,false
3007,0.4973540450774808,0.35,0.5376436479978881,false
3008,0.3432379171630226,0.37,0.30680682312146434,false
3009,0.6103877035748541,0.46,0.5258781141060431,false
3010,0.4630119458468785,0.32,0.5126980833229482,false
3011,0.40555425683662727,0.19,0.33283414867108935,false
3012,0.37124307818387203,0.25,0.2244452904096477,false
3013,0.4025718300306595,0.1,0.16680713870096692,false
3014,0.3516816843637341,0.37,0.16660163072070347,false
3015,0.45961354967677387,0.24,0.17193875463650646,false
3016,0.29031337544277347,0.1,0.21335184258447085,false
3017,0.361645279515492,0.05,0.11658617569330863,false
3018,0.6750109037214287,0.29,0.25085880100465374,false
3019,0.3215619919472339,0.14,0.10189106505093058,false
3020,0.6568236232673104,0.77,0.7446509973373304,false
3021,0.7605823881318481,0.32,0.7339651498741336,false
3022,0.2861492728030336,0.21,0.20357580928885483,false
3023,0.38441815428181364,0.08,0.1546383397775146,false
3024,0.25574577631120826,0.13273809523809524,0.08796928497960656,false
3025,0.6746486949214656,0.31,0.16601073830023397,false
3026,0.47825718240557075,0.36,0.5499479492835629,false
3027,0.506960292154918,0.34,0.5140734923693949,false
3028,0.593648222058388,0.27,0.41105315256101416,false
3030,0.44559289425599824,0.5,0.48468867745789684,false
3031,0.5184515305716649,0.25,0.33135397884451845,false
3032,0.6154822640294038,0.61,0.8111951617340206,false
3033,0.4036065280278088,0.345,0.41434270620882363,false
3034,0.4774015214760303,0.34,0.10224948890391296,false
3035,0.6736282619688873,0.55,0.8364506743302946,false
3036,0.3752493341660792,0.08,0.11071794264580302,false
3037,0.36512736071588375,0.11,0.16816743305032872,false
3038,0.4391541849631241,0.41,0.08325293184035064,false
3039,0.39581015794150715,0.2,0.29559203866657263,false
3040,0.39409605886342497,0.15,0.39792405922535196,false
3041,0.28044501639532793,0.14,0.2113071535281193,false
3043,0.3962893144012941,0.08,0.17404153594934793,false
3044,0.8206865776371352,0.53,0.7333394740141603,false
3045,0.8057414891469817,0.7,0.7647824190493828,false
3046,0.33614215950077275,0.31,0.253040016359617,false
3047,0.9476781546136722,0.94,0.9027240046283584,false
3048,0.3268339703064829,0.09,0.10555461129476285,false
3049,0.4872248494016215,0.34,0.5603262897421627,false
3050,0.3725216998461812,0.23,0.4413636550792522,false
3051,0.4507191920083515,0.25,0.310146081002947,false
3052,0.3939154971131745,0.03,0.12187813674379504,false
3053,0.5508730463243938,0.56,0.5801798321787767,false
3054,0.4242440279068619,0.35,0.3586930922742219,false
3055,0.44686327869800513,0.24,0.20644402465938388,false
3056,0.3705299408876136,0.08,0.23000300385154013,false
3057,0.3568433214096662,0.1,0.21043497158946103,false
3058,0.6433053068631783,0.39,0.37582845384035374,false
3059,0.36012191141401195,0.01,0.09760435356377813,false
3060,0.4460148534446041,0.29,0.409510542983737,false
3061,0.318432073060745,0.12,0.18027193101554193,false
3062,0.3815464857018336,0.19,0.2371387350844385,false
3063,0.6867191411803898,0.32,0.4683632086644473,false
3064,0.6006639771319834,0.47,0.6104114548474165,false
3065,0.5532544920953273,0.4,0.34001080041779413,false
3066,0.3500356835519595,0.406,0.33611603488817,false
3067,0.4922632733159759,0.54,0.5642542977568036,false
3068,0.6213524426602131,0.6,0.622961124486977,false
3069,0.4293720412503218,0.17,0.17963538908862559,false
3070,0.58507324288584,0.53,0.6722602650808193,false
3071,0.4243819500845994,0.22,0.3107014999663869,false
3072,0.32253842348712153,0.32,0.37161304284910873,false
3073,0.5026241593444262,0.34,0.19931782466267237,false
3074,0.4112548194968513,0.33,0.5224777290855428,false
3076,0.4904980271615729,0.65,0.5849840129181596,false
3077,0.4116013761510699,0.28,0.5277659167767293,false
3078,0.4629084450210228,0.23,0.3239989214618588,false
3080,0.31794608239855904,0.08,0.09489998412633906,false
3081,0.4289018789518317,0.34,0.3091244707928149,false
3082,0.5688366863420645,0.34,0.2839696991661124,false
3083,0.27892052632858627,0.11,0.24705324006239798,false
3084,0.4620135773376528,0.19,0.27745495760676714,false
3085,0.3898900851958282,0.17,0.12818127674400268,false
3086,0.357248985876677,0.22,0.20666905638396926,false
3087,0.8910083886962131,0.65,0.6262279160658935,false
3088,0.36175136895648774,0.26,0.4576741539084239,false
3089,0.457379681904896,0.28,0.37166865356431006,false
3090,0.4373171687658386,0.15,0.2763290108008599,false
3091,0.3994317427117151,0.61,0.4415515190967485,false
3092,0.5266443031045978,0.35,0.5162308878526646,false
3093,0.35284315841121333,0.2,0.21588794287342647,false
3094,0.25262505452407097,0.19,0.2171735494496149,false
3095,0.3287452871099656,0.18,0.08977657955262344,false
3096,0.3143635473469368,0.21,0.2942724005414064,false
3097,0.32133990194390066,0.1,0.2828400542060879,false
3098,0.29704113440677954,0.06,0.18223400054860842,false
3099,0.41654404249004345,0.23,0.38355991856997884,false
3100,0.4053373380592958,0.37,0.40223271503171304,false
3101,0.3461348895803923,0.26,0.22180155400917115,false
3102,0.37035483038029743,0.13,0.32608982795161084,false
3103,0.36852867820957386,0.07,0.11495215836983845,false
3104,0.4747897395421504,0.28,0.3939584469461835,false
3105,0.2919456569629661,0.0,0.09867993332020263,false
3106,0.3985556597864254,0.12,0.16440946822640962,false
3108,0.2484854749547349,0.19,0.12820363063952478,false
3109,0.413432338222197,0.18,0.3008435567322811,false
3110,0.3607301119083523,0.22,0.33828349939215735,false
3111,0.3549225538480652,0.05,0.21743157995447207,false
3112,0.3740910492103876,0.03,0.1976275321819123,false
3113,0.4184280404146092,0.14,0.09864661511514813,false
3114,0.42302334163842525,0.06,0.26829308003116215,false
3116,0.3333299639038755,0.01,0.20403767867992842,false
3117,0.3961582725446733,0.4581666666666667,0.313206774267542,false
3118,0.5589024599953654,0.39,0.6137546385289395,false
3120,0.36780602687319397,0.11,0.16528292591947918,false
3121,0.36780602687319397,0.11,0.16528292591947918,false
3122,0.30704436273352587,0.17,0.10154271834655798,false
3123,0.4747897395421504,0.28,0.3939584469461835,false
3124,0.3979522508141801,0.35,0.2742665529126319,false
3125,0.26994327331601037,0.65,0.4896739206848558,false
3127,0.4749145948288736,0.42,0.3476619532656365,false
3133,0.3317679720936525,0.16,0.3998830674376975,false
3135,0.3513642198649908,0.11,0.18887836445383738,false
3136,0.3164138402659485,0.13,0.09135307111434207,false
3137,0.40327603722004635,0.09,0.25335336011974474,false
3138,0.35062205940707036,0.39,0.3571755922581259,false
3139,0.37148198290653106,0.11,0.19724941501126259,false
3140,0.37099428218466424,0.17,0.12208177645456439,false
3141,0.3515797150081527,0.03,0.05199330366890904,false
3142,0.4058308753953105,0.45,0.4727087681248516,false
3143,0.2901977592857701,0.095,0.1585732055501448,false
3144,0.3240468290271006,0.26,0.19672041172562998,false
3146,0.36458692703498696,0.3,0.4633676569376012,false
3147,0.38106540655405213,0.12,0.4672592786868797,false
3148,0.26542517934031284,0.02,0.0411778566183244,false
3149,0.27207093271039523,0.25,0.23689422384839384,false
3150,0.5026699956708653,0.27,0.21557058935822698,false
3151,0.4514890510659721,0.43,0.42633753147222414,false
3154,0.26572725705084294,0.15,0.3428746567623352,false
3155,0.3004379969334793,0.13,0.2674619311457403,false
3156,0.4001293572292245,0.1,0.08392839816197818,false
3157,0.5608463609973913,0.39,0.437755757358016,false
3158,0.3458343406852963,0.16,0.17140319388096975,false
3159,0.3516989053024143,0.22,0.2646898861956391,false
3161,0.31169520333003303,0.53,0.44600683157106935,false
3162,0.25666229073077346,0.0875,0.15115912121065458,false
3164,0.2982418456653599,0.35,0.1884280573918723,false
3165,0.26492506172911506,0.18,0.17213341547336644,false
3167,0.33039569631849425,0.23,0.17150628608317245,false
3168,0.2886091829208109,0.24,0.07035442058024487,false
3169,0.22799827949784054,0.165,0.09707506362259208,false
3170,0.294435415816484,0.02,0.13433926599586507,false
3171,0.32819671207731976,0.13,0.24769082318156577,false
3173,0.42616198712554776,0.51,0.49264593761431774,false
3174,0.42616198712554776,0.51,0.49264593761431774,false
3175,0.42616198712554776,0.51,0.49264593761431774,false
3176,0.3342656540426056,0.06,0.17951996939875078,false
3178,0.29589645959681204,0.12,0.10659257445242852,false
3179,0.26572725705084294,0.15,0.3428746567623352,false
3180,0.2961087536526902,0.07,0.15195517698331704,false
3183,0.2922550730805135,0.02,0.07179326938607154,false
3184,0.2489186986943158,0.0,0.13557091415756908,false
3187,0.4875431899853306,0.29,0.48643844361287863,false
3188,0.4781929175520495,0.13,0.2755496471591686,false
3189,0.5048737791787781,0.29,0.29929062175147064,false
3190,0.4707898949246683,0.18,0.2283094752556447,false
3191,0.48004343499383967,0.41,0.5108089993281665,false
3192,0.32829450828496143,0.04,0.1352367924441481,false
3193,0.8640882762457655,0.84,0.6052444246977005,false
3194,0.4760744574392302,0.19,0.2449010934511269,false
3195,0.47200189370361795,0.23,0.41608606424239086,false
3196,0.8768661205129608,0.56,0.25559238784818866,false
3197,0.47413167418172225,0.38,0.40732821793178475,false
3198,0.7651898211332875,0.55,0.8336032236903247,false
3199,0.8365281749900121,0.63,0.923075270338248,false
3200,0.5219675435150012,0.33,0.5788472342328858,false
3201,0.5449499158454847,0.67,0.6858033678674829,false
3202,0.41911044970808065,0.26,0.14893982852816962,false
3203,0.47801691463857515,0.13,0.24170883999518156,false
3204,0.38033274899037284,0.24,0.1332325075093129,false
3205,0.3645376853398288,0.34,0.3397559608281663,false
3206,0.3476113413326856,0.05,0.1334778356651813,false
3207,0.32463818070742984,0.16,0.11750725553265556,false
3208,0.24087392197940644,0.13583333333333333,0.3326808178292506,false
3210,0.2979575680470544,0.02,0.08829601518061657,false
3212,0.39205465318603333,0.14,0.20111011116947256,false
3214,0.3115952081028994,0.08,0.11197560223320148,false
3219,0.3870143265142295,0.21,0.1452545639673706,false
3220,0.5358047450518202,0.63,0.7309213979566476,false
3221,0.5388118742316613,0.57,0.5550925113017564,false
3222,0.524445342554787,0.69,0.6776413513914034,false
3223,0.9999874556343588,0.64,0.8776686946293426,false
3224,0.42762091493445503,0.16,0.2247219767199372,false
3225,0.4913477839869048,0.13,0.3350786990731929,false
3226,0.5076108358044891,0.28,0.30949666573481555,false
3227,0.4077101747959224,0.13,0.31636531635190085,false
3228,0.34464082018322534,0.12,0.11928624280504188,false
3229,0.40394641549145216,0.27,0.20206800894870017,false
3230,0.4192706926050852,0.14,0.3283761151978303,false
3231,0.6308756776024099,0.34,0.22077185121492615,false
3232,0.285728374809389,0.19,0.28372261562958484,false
3233,0.46136896606617783,0.4,0.5623730571793012,false
3234,0.3688785832264654,0.23,0.409373002178163,false
3235,0.48427679197069123,0.36,0.40117877915163824,false
3236,0.35804156090312317,0.23,0.38764151755390525,false
3237,0.39414852210253554,0.19,0.3246424642205775,false
3238,0.4707099203043547,0.13,0.3487940262138836,false
3239,0.29858670053272185,0.06,0.14349107101601113,false
3240,0.5644817143090716,0.25,0.3252344515379035,false
3241,0.562771296811538,0.53,0.7299868870277505,false
3242,0.4917889173684748,0.44,0.6376362684986774,false
3243,0.346587205985478,0.06,0.10968005188381619,false
3244,0.2982370189334588,0.0,0.02368328145798866,false
3245,0.3106235195529968,0.03,0.16326815045042678,false
3246,0.5656061050762982,0.5,0.41037703478796855,false
3247,0.31314556704325136,0.04,0.19720016663959225,false
3248,0.5311176148666418,0.26,0.347006252498399,false
3249,0.290598195890219,0.0,0.02162738067622502,false
3250,0.36768865304744763,0.18,0.3592292150195404,false
3251,0.5682348145277546,0.55,0.5844347037960554,false
3252,0.44959135475294193,0.34,0.4684346839467745,false
3253,0.4655108668116185,0.12,0.33994865183328044,false
3254,0.3318759369738004,0.25,0.3631074270527336,false
3255,0.293766947641688,0.08,0.13208367935824583,false
3256,0.47229294225771395,0.17,0.46000599814214466,false
3257,0.4441861369130227,0.37,0.46684084314724744,false
3258,0.5244938636264721,0.38,0.48369901013990785,false
3259,0.9276617561747756,0.61,0.7273400152457616,false
3260,0.3609891589535087,0.0,0.2757806896585865,false
3264,0.3944803281029325,0.2,0.32838936445418654,false
3265,0.5492850025957638,0.49,0.6116360784564482,false
3266,0.3202814466796692,0.035,0.284980747755428,false
3267,0.43692007456211235,0.25,0.4427276589791724,false
3268,0.44008533720355164,0.27,0.33226461223889964,false
3270,0.24826796049408478,0.04857142857142858,0.20225421126709475,false
3271,0.5636819765718063,0.47,0.6684905232768862,false
3272,0.5114870861354763,0.37,0.3640427192395973,false
3273,0.6812615501137264,0.65,0.7179865067256219,false
3274,0.6653658520053671,0.62,0.7641367507336247,false
3275,0.4689671196723879,0.54,0.49091928860370254,false
3276,0.5347878958947156,0.28,0.30556763199948467,false
3277,0.39461844112002015,0.21,0.3197686893066874,false
3278,0.5941258799231875,0.64,0.5769108869339014,false
3279,0.7686821589335902,0.79,0.8983311569454533,false
3281,0.37282305994370585,0.0,0.30093280176357806,false
3283,0.46238697217905994,0.36,0.343601868752745,false
3284,0.7651137583854972,0.38,0.3130631388726062,false
3285,0.7090860537482637,0.5,0.5630475246147555,false
3286,0.684687520331088,0.55,0.8507661471675156,false
3287,0.5409578603589432,0.21,0.3638352155757673,false
3288,0.4762554114747041,0.26,0.4487798982487918,false
3289,0.4733226690295165,0.374,0.469133782578136,false
3290,0.4816216172010993,0.34,0.47583997831170816,false
3291,0.6064905699551948,0.26,0.2601316388028952,false
3292,0.4925947669533076,0.48,0.40248073976206405,false
3293,0.539429882596911,0.47,0.6633218021868821,false
3294,0.27523038995760996,0.68,0.6288686500831553,false
3295,0.42192532293176843,0.34,0.18196668367460755,false
3296,0.7052023302157414,0.43,0.4167969256073018,false
3297,0.45123929131464546,0.29,0.33384415149960717,false
3299,0.4632385541912432,0.35,0.37221395436693255,false
3301,0.4639720742430559,0.29,0.5471440383938335,false
3302,0.5254014615214868,0.34,0.45133020265635204,false
3303,0.5234949664776832,0.13,0.3896095159023413,false
3304,0.6534360453245125,0.59,0.6277600220803279,false
3305,0.5612507163051706,0.37,0.45638446272062644,false
3306,0.27905463727407437,0.53,0.26746619787255793,false
3307,0.27905463727407437,0.53,0.26746619787255793,false
3308,0.1747961372737913,0.38,0.15136491729798587,false
3311,0.3147655630437262,0.07,0.21717089218814026,false
3313,0.5254014615214868,0.34,0.45133020265635204,false
3314,0.34222439997271015,0.18,0.3958595335343652,false
3315,0.6960399510914446,0.7,0.7392975542521857,false
3316,0.7274160385971022,0.54,0.698781050478995,false
3317,0.5151586052027496,0.33,0.5586988046760076,false
3318,0.4572962678390731,0.39,0.33177185789975183,false
3319,0.35981757358069405,0.18,0.26656921714345155,false
3320,0.3769269796360898,0.26,0.3828588206650987,false
3321,0.5029475114918529,0.2875,0.2803488787720799,false
3322,0.3286481641553718,0.018000000000000002,0.24656268144155374,false
3323,0.5422374018737787,0.33,0.6265341679567268,false
3324,0.3990209938220634,0.21,0.39328766211009764,false
3325,0.34880680557366694,0.29,0.45926661524978907,false
3327,0.34880680557366694,0.29,0.45926661524978907,false
3329,0.3555764510831298,0.27,0.4084929818695447,false
3330,0.3568672176669223,0.12,0.4085239060603248,false
3331,0.31661011341558637,0.07,0.12106259583298487,false
3332,0.32060997879165537,0.07,0.09961891451614584,false
3335,0.45217581388180855,0.15,0.4633144059668225,false
3336,0.5115370326968957,0.39,0.5679468380434961,false
3337,0.3010850682138559,0.22,0.16928538254438058,false
3338,0.47984175561429304,0.27,0.3407804227170097,false
3340,0.41171562092177355,0.3,0.38602845711819234,false
3341,0.3066447186260488,0.07,0.24576428268053502,false
3343,0.33275313134701645,0.25,0.22264287035238417,false
3344,0.3974376391080991,0.41,0.5471721971037818,false
3345,0.3854297614421649,0.07,0.1428321208028857,false
3346,0.35215072989046764,0.4,0.23499230753429884,false
3347,0.39851363674310836,0.14,0.24089446293312552,false
3348,0.4886679150657849,0.42,0.3501828854366143,false
3349,0.6574468075065802,0.77,0.7832984878620401,false
3350,0.3309012249190214,0.07,0.13451493144721077,false
3351,0.5581559677215694,0.54,0.8550668201829832,false
3352,0.45906754758287005,0.24,0.4543226570708929,false
3353,0.4488344844316281,0.2966666666666667,0.5172627261222094,false
3354,0.38905167383364914,0.09,0.22589045278244643,false
3355,0.3451827256059879,0.26,0.35314013435666547,false
3356,0.32441597974394076,0.06,0.2690170996736712,false
3357,0.38271378716978266,0.2,0.509345757599333,false
3358,0.3709664132517388,0.07,0.2845112265668049,false
3359,0.38528102209600573,0.3,0.25814342387390593,false
3360,0.32256723090909456,0.16,0.14035492430005597,false
3361,0.424078366818333,0.14,0.13973868874664822,false
3362,0.39858144198103307,0.42,0.22526364476368904,false
3363,0.5082448831610339,0.33,0.6371765188849428,false
3364,0.4515349654447941,0.43,0.5376721802057688,false
3365,0.35434030744461303,0.19,0.3710124402837975,false
3367,0.3925502439351513,0.36,0.3079148560238027,false
3368,0.3830575387411407,0.21,0.22295052849213393,false
3370,0.3224781327193068,0.01,0.06095683760029901,false
3371,0.46027646550032814,0.31,0.474985062226177,false
3372,0.3282318197247954,0.08,0.2454148573327953,false
3373,0.5334320340667931,0.22,0.24859297356991059,false
3374,0.4186846854411126,0.36,0.5606886075132482,false
3375,0.42076089224100166,0.21,0.48526555581362896,false
3376,0.31068353925942505,0.03,0.058093252972746603,false
3377,0.3301868018945207,0.05,0.226315610220676,false
3378,0.4781913576517951,0.24,0.45427529959530405,false
3379,0.3858904826459253,0.26,0.5326558510137844,false
3380,0.367736966576146,0.18,0.11776412364840164,false
3381,0.39598057119746294,0.23,0.17818116781066165,false
3382,0.3209613408921938,0.43,0.3466284379975741,false
3383,0.36021395435471926,0.5,0.5800080991367277,false
3384,0.4530886984267955,0.67,0.6722481548772459,false
3385,0.4720782580280264,0.44,0.7110056906048963,false
3386,0.43432697894312094,0.08,0.07956180198364,false
3387,0.4679438764584221,0.21,0.42405464709886925,false
3388,0.3901028362952876,0.34,0.4737576953514486,false
3389,0.46244139676604723,0.26,0.25870057016850345,false
3390,0.3709664132517388,0.07,0.2845112265668049,false
3392,0.4323344391061739,0.41,0.573738701952628,false
3393,0.3736725520740237,0.34,0.38425552363538323,false
3394,0.3570276386486593,0.18,0.19081706680848154,false
3395,0.7380851490914976,0.28,0.18743208979916762,false
3396,0.370864297520995,0.13,0.3649267321019029,false
3397,0.403527198437333,0.17,0.3583775028339423,false
3398,0.4058308658799844,0.12,0.3794643540598292,false
3399,0.5678500512918327,0.34,0.4041451800241073,false
3400,0.3803680388893665,0.39,0.47738900092016084,false
3401,0.6200804358728793,0.58,0.5984707858922264,false
3402,0.4437093424283742,0.46,0.5586556055600559,false
3403,0.6823387571966436,0.61,0.7064862301258273,false
3404,0.43417013182017383,0.21,0.22074500854431392,false
3405,0.261374457619588,0.28,0.2525035719095826,false
3406,0.4010880393613895,0.15,0.2944241259418295,false
3407,0.3307043600659274,0.03,0.05781149659543768,false
3408,0.3307043600659274,0.03,0.05781149659543768,false
3409,0.4165757102595308,0.27,0.24461943132235878,false
3410,0.35342929479329144,0.1545,0.33589755156137585,false
3411,0.340664918183685,0.43,0.28528727375064455,false
3416,0.5780983974890995,0.31,0.2204681057545593,false
3417,0.37404119286966675,0.27,0.27097654371185337,false
3418,0.4035728665777557,0.55,0.5439717266666526,false
3419,0.2509169622006226,0.07,0.1049452130999293,false
3420,0.7115416037586482,0.59,0.5571671195947011,false
3421,0.4088466659805858,0.27,0.2447621613450867,false
3422,0.41079899191619706,0.24,0.3262048987638018,false
3423,0.3081981232386929,0.12,0.05221074499394271,false
3424,0.36203312361542883,0.12,0.33529657260601087,false
3425,0.4042358317643227,0.37,0.17668587812863845,false
3426,0.777582470827564,0.69,0.8036562358890599,false
3428,0.5677788915123041,0.69,0.6116360784564482,false
3429,0.44472633748289647,0.33,0.5781967257765174,false
3430,0.415712509329457,0.14,0.15146900275198388,false
3431,0.34196688092869554,0.09,0.20914965084142378,false
3432,0.420005430015185,0.26,0.29916063469413867,false
3433,0.35327132305523035,0.44,0.22606013017529528,false
3434,0.9695085159820367,0.54,0.8205998230441299,false
3435,0.45199334029345734,0.45,0.4675419364207035,false
3436,0.4277443049379928,0.23,0.32811329590057675,false
3437,0.41450585031347376,0.21,0.22913423851854584,false
3438,0.6357557437090983,0.64,0.7595440108322806,false
3439,0.3741685044855923,0.19,0.3676984450822877,false
3440,0.3544350022649578,0.03,0.028806954849418216,false
3441,0.34783767834257423,0.31,0.24454251105912855,false
3442,0.3866190790557338,0.22,0.23128653839262395,false
3443,0.4367155621175298,0.26,0.6198488502283106,false
3444,0.4344401844470284,0.11,0.29794699677098563,false
3445,0.6469913037890149,0.37,0.7126341047263264,false
3446,0.41997386705258827,0.2,0.12320898687266824,false
3447,0.7490790453316758,0.55,0.6299689499114468,false
3448,0.6215670871605662,0.48,0.6432178489262727,false
3449,0.47595599510491077,0.33,0.08476434876667331,false
3450,0.36285446303542684,0.07,0.08885586088870259,false
3451,0.6378945150553255,0.43,0.4004060238271239,false
3452,0.5189810165797981,0.24,0.21451629951991752,false
3453,0.5803005342680115,0.54,0.4147801535489009,false
3454,0.598219293776034,0.28,0.44594682806466285,false
3455,0.708611801192956,0.48,0.7280468297049943,false
3456,0.338270768335309,0.05,0.14694963535746172,false
3457,0.49805628128188517,0.29,0.3015607093123807,false
3458,0.9619422608651091,0.63,0.9519975780134436,false
3459,0.44686549303084855,0.2,0.08674392181199424,false
3460,0.558732258510077,0.07,0.16928375534262255,false
3461,0.3978492436252167,0.2,0.2519496154826992,false
3462,0.3978492436252167,0.2,0.2519496154826992,false
3463,0.7639613815933628,0.45,0.6548339732511651,false
3464,0.38170613474764103,0.24,0.21153949730372404,false
3465,0.736115469144675,0.53,0.8410354376746761,false
3466,0.35909130814267004,0.17,0.12012601612489038,false
3467,0.363550582168252,0.38,0.4993640490630498,false
3468,0.9659653487727597,0.29,0.14187048411616326,false
3469,0.5335684726292481,0.58,0.6775721394319906,false
3470,0.4308836522145955,0.31,0.22494832514406002,false
3472,0.7175134301397127,0.64,0.467211325508508,false
3473,0.4541579514239803,0.33,0.45146158195686,false
3474,0.47081437095128476,0.2,0.47420621570081906,false
3475,0.6932227466626181,0.56,0.6718688017148552,false
3476,0.7235764262537726,0.2,0.126121396193417,false
3477,0.5710800314654948,0.37,0.48356643473589056,false
3478,0.6863575969486886,0.26,0.2442965856311496,false
3479,0.660170714988733,0.45,0.4254395008633734,false
3480,0.3938950563500179,0.23,0.39633383388197047,false
3481,0.8109311257118902,0.53,0.730168670538366,false
3482,0.5800489841572949,0.2,0.48058668606865984,false
3483,0.661538255259655,0.19,0.42543554688244273,false
3484,0.8211625416591831,0.65,0.9048858035152161,false
3485,0.7273079834217997,0.45,0.4957114129146824,false
3486,0.8972960437068724,0.45,0.6982896238396711,false
3487,0.591935264304249,0.7,0.6170902611361248,false
3488,0.9839571919171215,0.48,0.7433958389465445,false
3489,0.3742678391007027,0.31,0.45230305854136493,false
3490,0.5550490630168181,0.46,0.5210546863931653,false
3491,0.4529002458011124,0.27,0.20501062710173096,false
3492,0.5903495839784787,0.34,0.4983667416096823,false
3493,0.5724227524988431,0.28,0.447444573785927,false
3494,0.3693060838578611,0.23,0.5399713287544773,false
3495,0.9081184647670736,0.86,0.8283611483185578,false
3496,0.5012626322817092,0.46,0.5266858954734492,false
3497,0.693453388499848,0.29,0.34011750333577856,false
3498,0.6706458437110757,0.43,0.631733874469127,false
3499,0.435160315985337,0.31,0.42218258022941857,false
3500,0.4388549282159226,0.22,0.24402934592159423,false
3501,0.7385628019992206,0.44,0.5306989847273764,false
3502,0.5315310155532608,0.15,0.4755763476694196,false
3503,0.5655465389586286,0.73,0.7351311042523114,false
3505,0.38125722280044466,0.0,0.2859181953139949,false
3506,0.4164096259211787,0.23,0.16287798546976082,false
3507,0.4680496654962467,0.21,0.3476195237563226,false
3508,0.7143914977919185,0.44,0.47793538557542636,false
3509,0.33821136642025906,0.16,0.24231418303188457,false
3510,0.6369735430056406,0.54,0.5605615020258482,false
3511,0.5796927910198966,0.28,0.4546475534849517,false
3512,0.6606093537012137,0.48,0.4526747585601736,false
3513,0.676899400413316,0.52,0.6398405205018761,false
3514,0.40707122714283894,0.11,0.24198735782567746,false
3515,0.7647864049492142,0.49,0.7346056538943119,false
3516,0.8656491148239361,0.7,0.6764279129630949,false
3517,0.6772061950862363,0.39,0.3095289190075625,false
3518,0.3059780704833015,0.3,0.4357876131242944,false
3519,0.595801572148942,0.51,0.7240034119466383,false
3520,0.6181086888702682,0.36,0.17183647149855574,false
3522,0.37865861944272194,0.15,0.2703208736166409,false
3523,0.5551267507898201,0.57,0.6729540551598587,false
3524,0.5043254575884454,0.45,0.5661223204457885,false
3525,0.4376754368200219,0.2,0.3277044308159886,false
3526,0.45990756396421195,0.41,0.5081789988324932,false
3527,0.5658134974187541,0.35,0.3638218784166591,false
3528,0.47703083414635683,0.26,0.5983291557240528,false
3529,0.7284786006053591,0.8,0.8702479286054501,false
3531,0.7930830878213301,0.43,0.7410450035164805,false
3532,0.5348044529351361,0.22,0.41590927135143546,false
3533,0.5132597101595721,0.21,0.3223118340913683,false
3534,0.7069095259066183,0.73,0.8007492501556728,false
3535,0.6779962936764291,0.63,0.6064413002702485,false
3536,0.6389341613035676,0.42,0.49535430253549,false
3537,0.4423834886235508,0.43,0.48311692174777204,false
3538,0.7444005722869216,0.69,0.6202536536600354,false
3539,0.7394351188565611,0.5,0.5814931268252284,false
3540,0.36876459640498094,0.26,0.3508697624949813,false
3541,0.5900704340615817,0.31,0.3345784700300921,false
3542,0.46941176366779563,0.17,0.21440735095557503,false
3543,0.3059638218297922,0.24,0.18629392533272973,false
3544,0.3993329516451175,0.7,0.5102181961485169,false
3545,0.5889324072345182,0.64,0.6611522819382595,false
3546,0.6119527094319024,0.5,0.6595700732775613,false
3547,0.435923439689842,0.18,0.22112965879154198,false
3548,0.45653388387492816,0.08,0.4149591656957626,false
3549,0.45306415628061386,0.08,0.24542949636301162,false
3551,0.5581120293035521,0.2,0.3125018630949389,false
3552,0.5842734091930935,0.6,0.6110526255580958,false
3553,0.4866325911820962,0.37,0.5692756931163079,false
3554,0.3442541981385715,0.11,0.14981835642121702,false
3555,0.3701350251161092,0.26,0.1938119145700671,false
3556,0.31447439335263794,0.17,0.20351413462464402,false
3557,0.4243965264831794,0.45,0.3403482452861905,false
3558,0.6168313471771432,0.24,0.3580091776085051,false
3559,0.6500030433222854,0.1,0.05987317350509288,false
3560,0.7207302914558248,0.34,0.5828245496454006,false
3561,0.5342775711533057,0.18,0.18536187823404673,false
3562,0.47040073342410127,0.37,0.5956697362111142,false
3563,0.36876459640498094,0.26,0.3508697624949813,false
3564,0.6345312044061765,0.47,0.6769591249522474,false
3565,0.6871808138279927,0.3,0.24082984646311534,false
3566,0.7691943582201413,0.26,0.24249164765309175,false
3567,0.46792530846495517,0.55,0.6249951461057676,false
3568,0.504832692385294,0.57,0.46541221439549113,false
3569,0.3453959007831906,0.37,0.2917632916250096,false
3570,0.47552002915702124,0.34,0.4818778716732443,false
3571,0.4567281534660447,0.43,0.4943223371348093,false
3572,0.676236217731997,0.61,0.5589011177499911,false
3573,0.7912521998548341,0.44,0.47518242347482836,false
3574,0.5748361560564788,0.6,0.7632453517558453,false
3575,0.3883024223483847,0.19,0.28654248321614684,false
3576,0.3975751331045431,0.06,0.2035861834045767,false
3577,0.5392561721989644,0.33,0.0977083214519197,false
3579,0.41721970343711023,0.42,0.4219734149885324,false
3581,0.4450073297803834,0.2,0.22758559475563095,false
3582,0.650318595073637,0.5,0.7770545410664178,false
3583,0.6875771209123588,0.31,0.44803949216458777,false
3584,0.39875600579376097,0.23,0.2298587241604025,false
3585,0.4124400330312831,0.16,0.1691907543476704,false
3586,0.3635588514259557,0.36,0.4107983204004293,false
3587,0.3635588514259557,0.36,0.4107983204004293,false
3588,0.7135823311798707,0.47,0.71380916622829,false
3589,0.7483921131513169,0.31,0.24571952026850735,false
3590,0.32873716496616207,0.04,0.13124379998743244,false
3591,0.5232403940066591,0.25,0.45567905738576786,false
3592,0.7796156538069785,0.26,0.28275730757524786,false
3593,0.4907642652780072,0.13,0.11647244309509387,false
3594,0.43436211693500876,0.26,0.20798821447467444,false
3595,0.5385910007314846,0.29,0.5724684909513209,false
3596,0.504719729136849,0.46,0.6155724070045888,false
3597,0.3891023428592265,0.16,0.3824809316409107,false
3598,0.363178324742724,0.91,0.5087941569309833,false
3602,0.34930192089335216,0.08,0.2380953152598501,false
3604,0.32442181448456153,0.06,0.08288531959756446,false
3606,0.31445218824487936,0.09,0.17637264355690238,false
3608,0.29948809823162337,0.0,0.15826793476293566,false
3609,0.2918040481986366,0.0,0.03343760936768108,false
3610,0.3782321692278551,0.59,0.6554152136918574,false
3611,0.4931003875819775,0.81,0.5936680834680335,false
3612,0.7354268494982505,0.55,0.8063561568462648,false
3613,0.4694955689052489,0.33,0.3574534115425154,false
3614,0.8044533390621958,0.74,0.873763522866348,false
3615,0.9068684389355325,0.61,0.9233426028101942,false
3616,0.3654781440049817,0.3,0.29455816314337835,false
3617,0.9277009985650907,0.53,0.44534150084301016,false
3618,0.6007533426117557,0.37,0.6274482735887946,false
3619,0.4887725405466564,0.13,0.09533918449044317,false
3620,0.9526524299552558,0.32,0.38399348431654734,false
3621,0.8298539931747746,0.81,0.7801939184144578,false
3622,0.9104058982153543,0.56,0.3985262387069051,false
3623,0.6929359780309085,0.78,0.7523967982467098,false
3624,0.7898783994252921,0.66,0.8441744281515853,false
3625,0.46559122572291145,0.22,0.43607024925865245,false
3626,0.5725966145837466,0.62,0.560316708660188,false
3627,0.6036943913384295,0.5,0.6581953781849913,false
3628,0.6363485766983797,0.29,0.5058600246362267,false
3629,0.7149743095412463,0.32,0.315832553314315,false
3630,0.7620310090988933,0.54,0.5958530133330625,false
3631,0.9675009226751915,0.55,0.7273354965253779,false
3632,0.8100121964028046,0.54,0.5994646540463154,false
3633,0.8561877326142222,0.61,0.6931499532139033,false
3634,0.9439636409962676,0.56,0.8157482713356483,false
3635,0.5568497418055115,0.66,0.5690953910771176,false
3636,0.5764844971183607,0.36,0.6197400741040477,false
3637,0.5932838174977902,0.3,0.26493136296696307,false
3638,0.282263587690569,0.17,0.06296441934675204,false
3639,0.6207099651605626,0.65,0.6848226354122803,false
3640,0.7121272525556882,0.36,0.3208942190178753,false
3641,0.7079192929712375,0.59,0.8507676529263161,false
3642,0.578924676604968,0.49,0.5497728709419618,false
3643,0.5266897906570024,0.47,0.5726132546850932,false
3646,0.4887725405466564,0.13,0.09533918449044317,false
3649,0.34238002888500574,0.17,0.27255512637711665,false
3650,0.379528260818119,0.17,0.3116534680213743,false
3651,0.3509295946990659,0.18,0.18278253781606146,false
3652,0.31141511346244755,0.12,0.38417943385321546,false
3653,0.6967379648689841,0.67,0.709231631116659,false
3655,0.331332832081409,0.08,0.1330427069852829,false
3656,0.28215053701290566,0.05571428571428571,0.1593177075021754,false
3657,0.357243145921846,0.37,0.4955648670098106,false
3658,0.3808853464102991,0.34,0.5419266491312529,false
3659,0.49485857561978713,0.25,0.09867509373780861,false
3660,0.40706556986439624,0.07,0.1709779153769921,false
3661,0.4634644831463364,0.33,0.28294005766278996,false
3662,0.6090730181776853,0.69,0.8407364640767664,false
3663,0.38738960866641226,0.44,0.5506377048995074,false
3664,0.3603417841318076,0.21,0.2597631616723111,false
3665,0.38807454632259364,0.11,0.3072357027528312,false
3666,0.29895404326021485,0.02,0.2594017920739939,false
3667,0.28997134074580166,0.32,0.18830426091836552,false
3668,0.47160712967998586,0.43,0.46069397032938825,false
3669,0.4463711501185895,0.17,0.0849764882770116,false
3670,0.45944676677822593,0.25,0.46242582820547895,false
3671,0.29895404326021485,0.02,0.2594017920739939,false
3672,0.6614244051923149,0.47,0.6286820721986942,false
3673,0.20906104501645742,0.4588333333333333,0.6151447672129086,false
3675,0.2968473512037046,0.02,0.06342288718664477,false
3676,0.2968473512037046,0.02,0.06342288718664477,false
3682,0.41349444326318174,0.29,0.45061796835553775,false
3685,0.43464252397105313,0.39,0.43496247778707275,false
3686,0.3675938401412309,0.54,0.3379296268033794,false
3687,0.3482851464090483,0.08,0.3850870172179083,false
3688,0.5417058342383846,0.43,0.5089077977249344,false
3689,0.3383894729747379,0.27,0.3148367289031864,false
3690,0.4268505053038759,0.39,0.4032169731809281,false
3691,0.40105637079160694,0.25,0.16657786433558236,false
3692,0.32209604791481455,0.14,0.1688112272583116,false
3693,0.3739591955718647,0.44,0.409097252070424,false
3694,0.2965621402655452,0.08,0.23483865297011203,false
3697,0.4921774277909926,0.54,0.6719613821806119,false
3698,0.5143665362068508,0.42,0.4387503534749432,false
3701,0.2709077920279268,0.0,0.17902551481762638,false
3702,0.30087585092621566,0.62,0.2214791946648336,false
3704,0.3594886444943221,0.56,0.27853388183784356,false
3705,0.35210709529678536,0.14,0.12059192472628512,false
3706,0.28261014016427516,0.01,0.045977783956702156,false
3707,0.32200711391036424,0.24,0.4535822545676864,false
3708,0.3126156620653775,0.35,0.35633611780332564,false
3709,0.3970305790085429,0.16,0.25173929292660413,false
3710,0.40154704546245307,0.24,0.319721876838329,false
3711,0.45349763697392104,0.28,0.4242784673344898,false
3712,0.28736468750700095,0.25,0.1319045514718927,false
3714,0.29263484388928235,0.18,0.19719518427355603,false
3715,0.3005955488324077,0.03,0.059674822959792526,false
3716,0.3994359475799142,0.12,0.16965129342787968,false
3717,0.3952949579511565,0.1,0.1277874431101756,false
3718,0.40953301777844986,0.09,0.43686775235689007,false
3721,0.29914775361011053,0.03,0.03643286895860129,false
3723,0.379367957165439,0.37,0.4213643661372293,false
3724,0.4556188348383447,0.42,0.49289385813982983,false
3725,0.26809347089144764,0.026666666666666665,0.029219530902149994,false
3728,0.5054498531637593,0.31,0.39937660461129443,false
3732,0.2981895366645007,0.31883333333333336,0.1352799912399317,false
3733,0.5838893265640849,0.41,0.49772184184795243,false
3734,0.3697847169034904,0.29,0.15792550896645488,false
3735,0.5169535672350012,0.3,0.37462645996561844,false
3737,0.3784460255970533,0.29,0.3868458616380209,false
3738,0.5590293721873508,0.18,0.32693618081937653,false
3739,0.638092606747382,0.7,0.803698344211675,false
3744,0.31174875436821814,0.25,0.21006879121906236,false
3745,0.31598067192628787,0.24,0.06793389431405683,false
3746,0.5561461309081711,0.44,0.5670957235781084,false
3747,0.5719843702618637,0.35,0.4447814188371502,false
3748,0.6013454661335861,0.3,0.39770378857137234,false
3749,0.40931050419737314,0.36,0.29932852322061193,false
3750,0.3458709447761663,0.09,0.2428493003577067,false
3752,0.3145645954402856,0.14,0.04336376592373681,false
3753,0.4422845472288634,0.36,0.6224262465948748,false
3754,0.43969196643378,0.32,0.41629826166009515,false
3755,0.44541410577786583,0.44,0.3443544271040557,false
3756,0.4563539772196945,0.2,0.26170291500945375,false
3757,0.47924013806255483,0.35,0.5483095177577926,false
3758,0.4924607029553616,0.38,0.6179751642909006,false
3759,0.34789689202999513,0.44,0.4911668091868075,false
3762,0.42577078241249317,0.31,0.44005187274050794,false
3764,0.4039280836362073,0.19,0.3296915827892959,false
3765,0.2981895366645007,0.31883333333333336,0.1352799912399317,false
3766,0.3320463008226496,0.14,0.05059252207950004,false
3767,0.33991085578889163,0.12,0.4216763874591361,false
3773,0.4119728923119411,0.28,0.3547812412113575,false
3774,0.4318926603093879,0.55,0.6693503836138027,false
3775,0.46805823175364253,0.4,0.525159028251041,false
3776,0.4636221062770518,0.23,0.5622369290005539,false
3777,0.5230905432408195,0.22,0.38912223581499383,false
3778,0.49094260993844413,0.35,0.4562809559899649,false
3779,0.45405623498973574,0.19,0.29618923037402073,false
3780,0.3145645954402856,0.14,0.04336376592373681,false
3787,0.34086239226896264,0.23,0.3579201146537017,false
3788,0.35622296705580103,0.7078809523809523,0.3302153547555567,false
3789,0.3506839713008196,0.33,0.18491517346224295,false
3791,0.4270771272271302,0.15,0.28616251343552523,false
3793,0.4374147066959335,0.24,0.36952783903517694,false
3794,0.3227378966449475,0.45049999999999996,0.25230591391310453,false
3796,0.35715163357876023,0.18,0.38620407444509053,false
3797,0.25722577154106363,0.15,0.1086248124602529,false
3798,0.238300967781942,0.05,0.05276359675795137,false
3799,0.39241089694237463,0.18,0.39188082307229044,false
3800,0.4870082853520364,0.32,0.20334737254950222,false
3801,0.30729060049337403,0.05,0.05813073779854169,false
3802,0.3112463211734635,0.09,0.0715093721747351,false
3803,0.30729060049337403,0.05,0.05813073779854169,false
3804,0.32085645861739437,0.21,0.3208457611569095,false
3805,0.32085645861739437,0.21,0.3208457611569095,false
3806,0.31363184777378017,0.35,0.45903136982522796,false
3809,0.33439149208760394,0.38,0.49440483999223106,false
3810,0.4009359995804609,0.21,0.1607782563304494,false
3811,0.3102710913314411,0.13,0.1072805760023516,false
3812,0.37285876591304296,0.2,0.22623721583802633,false
3813,0.3670744357925196,0.36,0.4653076133420555,false
3814,0.5254736314038214,0.43,0.785235276885664,false
3815,0.4160794122959688,0.37,0.5288013297808558,false
3816,0.5874155777104522,0.46,0.48547259952343996,false
3818,0.3657680308313916,0.3,0.31603012233020666,false
3819,0.3007504826963557,0.09,0.17325389492165313,false
3822,0.3730866892176644,0.36,0.27987449568743517,false
3824,0.4149401573256414,0.52,0.7255093567985662,false
3825,0.45806037136007355,0.48,0.5281381813199562,false
3826,0.7430265621899858,0.66,0.7924838565833241,false
3828,0.4877395862479569,0.34,0.5613937766745146,false
3829,0.37917437525695113,0.23,0.2413498519068641,false
3830,0.3561090005544522,0.1,0.2647621693358226,false
3831,0.4135608853750761,0.41,0.6226266567327947,false
3832,0.5174427569577932,0.24,0.13638344503753608,false
3833,0.42011785363644416,0.37,0.41126258548386624,false
3834,0.2828454292174599,0.016666666666666666,0.15761526049411798,false
3835,0.3991642321758004,0.15,0.2300876630501503,false
3836,0.36305415276851466,0.07,0.28336218605809066,false
3837,0.3106849606129924,0.02,0.059766059572145286,false
3839,0.3549960874480212,0.03,0.09042173429276185,false
3840,0.27523899111171585,0.175,0.15744167095027412,false
3841,0.6303193362299536,0.57,0.7755022395345916,false
3843,0.33188562440557856,0.25,0.1420045245675982,false
3844,0.528217211126133,0.55,0.4839936627656635,false
3845,0.5886131558546673,0.25,0.1680774557856205,false
3846,0.6509052118234588,0.75,0.7344937782877669,false
3847,0.3603112219400148,0.58,0.682931849746324,false
3848,0.4198768665337969,0.13,0.40238354676452437,false
3849,0.3780057693609449,0.07,0.1253962556153499,false
3850,0.40689417772773,0.3,0.34696309439820205,false
3851,0.8347619960114637,0.7,0.7713393987421536,false
3852,0.5157228108679799,0.27,0.4187397805357413,false
3853,0.40580522156077686,0.23,0.2610204013879639,false
3854,0.4737416096344945,0.19,0.5056692976327567,false
3855,0.31347479269614426,0.2775,0.18447211929226695,false
3856,0.3909108118358642,0.23,0.36869310185620097,false
3857,0.370032866149543,0.23,0.23196498093940962,false
3858,0.4856307942833357,0.18,0.40257025269753943,false
3859,0.5276805651804003,0.46,0.49967362606424487,false
3860,0.3117461657440366,0.05,0.07716752227235513,false
3861,0.3464940668804673,0.34,0.38633590480041874,false
3862,0.3285464186229916,0.09,0.14987024364897272,false
3863,0.5101238935729311,0.34,0.47980378200267537,false
3864,0.44971922665875586,0.20800000000000002,0.47038347873360636,false
3865,0.40471006733750187,0.16,0.16354219121115895,false
3866,0.2959452664207185,0.28,0.322056995893001,false
3867,0.45605532639186636,0.3,0.38722598120391644,false
3868,0.3268250386945019,0.02,0.20783344445677562,false
3870,0.387039107643777,0.25,0.3452440484590064,false
3871,0.35556942248969786,0.12,0.10423045416815717,false
3872,0.3538098510241799,0.28,0.23530964641010996,false
3873,0.43830497623117287,0.15,0.35227847554488206,false
3874,0.4247301105682767,0.23,0.27693963956488205,false
3875,0.5909341653454907,0.61,0.5476668434625959,false
3876,0.5249333268107484,0.53,0.7245702635709633,false
3877,0.29948809823162337,0.0,0.15826793476293566,false
3878,0.4028762063684476,0.45,0.411300784371213,false
3879,0.33752181329712505,0.06,0.15141800691753485,false
3880,0.37759041624142553,0.23,0.3817567779732535,false
3881,0.44000179602160544,0.27,0.3622798024008093,false
3882,0.6230614874146815,0.57,0.7606930492786673,false
3883,0.3420670533628778,0.16,0.13868809958158398,false
3884,0.4012147729800112,0.23,0.46545454079566206,false
3885,0.5751121728005452,0.58,0.5871451551986817,false
3886,0.4377241137354956,0.21,0.06496452884136464,false
3887,0.4318982725520605,0.29,0.3875512175340168,false
3888,0.5484300204046313,0.56,0.6269984913163771,false
3889,0.3616895332167785,0.17,0.2774849079187265,false
3890,0.42299377187964926,0.26,0.1984177303689222,false
3891,0.3711127938818598,0.19,0.1762387094609308,false
3892,0.46778664034975903,0.3,0.41113458732323727,false
3893,0.41342588004455294,0.22,0.5246095377893405,false
3894,0.47121261270296816,0.17,0.3562548558464603,false
3895,0.3666139102535913,0.19,0.19239875087766214,false
3896,0.5230648325693658,0.26,0.38894975235835005,false
3897,0.3955540892844503,0.84,0.7319933112254423,false
3898,0.40624379564160434,0.21,0.28526106094782017,false
3899,0.40262824127516245,0.26,0.3629258326625071,false
3900,0.34653562699543117,0.15,0.1676673435197886,false
3901,0.337995194732851,0.03,0.07169930411521586,false
3902,0.3768640315043967,0.22,0.13756399798082344,false
3903,0.3768640315043967,0.22,0.13756399798082344,false
3904,0.337995194732851,0.03,0.07169930411521586,false
3905,0.3416939705552644,0.1,0.07406590195650972,false
3906,0.25896528069405167,0.11,0.20844229094976532,false
3907,0.22555924911532071,0.06,0.21974654608025707,false
3908,0.40262824127516245,0.26,0.3629258326625071,false
3909,0.39312907338007597,0.21,0.5057241925695425,false
3910,0.44782725269848217,0.32,0.36351768890256786,false
3911,0.28855664969073924,0.06,0.20732691124701422,false
3912,0.38116807899943356,0.08,0.3767383643430711,false
3914,0.46372658262492183,0.11,0.3609928564562617,false
3915,0.28338194701243724,0.3,0.5674532923743556,false
3916,0.43421367776119946,0.32,0.29108786033800044,false
3917,0.31294643060236593,0.09,0.144485819163129,false
3918,0.3675730707770237,0.34,0.38130873747838767,false
3920,0.38288935468091984,0.17,0.2998056917442788,false
3921,0.41124024089915706,0.21,0.4256782477252845,false
3924,0.35045634214553206,0.065,0.25029715979334216,false
3925,0.29262129167498235,0.02,0.06331106534519745,false
3926,0.37120682316988196,0.37,0.5294212589196031,false
3927,0.48974307541670614,0.18,0.3216485698946538,false
3928,0.41564886425074815,0.26,0.24758854361073565,false
3929,0.41564886425074815,0.26,0.24758854361073565,false
3930,0.414500778046306,0.23,0.45302550534656655,false
3931,0.4055870019177966,0.27,0.5638417418391115,false
3932,0.24466514153417096,0.04,0.06022706432805779,false
3933,0.3907574503461015,0.16,0.4722440097601496,false
3934,0.3431450549991896,0.1,0.25999463135326295,false
3935,0.4557758086742539,0.39,0.58515520586673,false
3936,0.4443107177992682,0.39,0.47892384150236317,false
3937,0.24466514153417096,0.04,0.06022706432805779,false
3938,0.48974307541670614,0.18,0.3216485698946538,false
3939,0.30726563535378604,0.02,0.09126425230464519,false
3940,0.25284507626056024,0.11,0.225863305335735,false
3942,0.4061248391261549,0.1,0.37239965725581775,false
3944,0.36040315600160344,0.16,0.16484438605944968,false
3945,0.3355042653198189,0.08,0.232653364377602,false
3946,0.28705763450372795,0.05,0.040910670017743726,false
3947,0.390463977651983,0.23,0.21433225957687005,false
3949,0.3472948664590094,0.26,0.03671160586117348,false
3951,0.18971161624677574,0.0,0.1698003376559029,false
3952,0.32212561727783556,0.3,0.240866774758365,false
3953,0.4259752032783963,0.2,0.4531007069678966,false
3955,0.34649042679881803,0.0,0.09221285354400373,false
3958,0.5058710346059297,0.39,0.4904568119522234,false
3959,0.508214289331267,0.18,0.2491479261149844,false
3960,0.3007718532207827,0.21,0.2243229071850818,false
3962,0.9548684197458491,0.73,0.8382954513606281,false
3963,0.8190379300166657,0.58,0.8875584333110911,false
3964,0.5064484578651226,0.07,0.28055945842602925,false
3965,0.44644610647883215,0.34,0.4857676469573608,false
3966,0.4284599669905452,0.15,0.07302842016018855,false
3967,0.3661937188484481,0.33,0.26191525801345195,false
3968,0.6649109197037731,0.69,0.8110674983275812,false
3969,0.43899441741417694,0.28,0.41628173029470605,false
3970,0.32604046343681603,0.14,0.28486558086894226,false
3971,0.5885042820979592,0.38,0.5461552495177768,false
3972,0.5900041449357555,0.42,0.6573928219923002,false
3973,0.44874302050274495,0.31,0.39672392613925744,false
3974,0.4001956207240305,0.34,0.3612501548174136,false
3975,0.39563171564087857,0.16,0.24034118601749468,false
3976,0.40429093727596893,0.3,0.38225574260424866,false
3977,0.4313990858155342,0.25,0.2026823034542101,false
3978,0.3027679268314887,0.08,0.1644674650889222,false
3981,0.40308672985738286,0.13,0.17849103078280873,false
3982,0.3690665622866805,0.04,0.13219485808852646,false
3983,0.3052691211320298,0.19,0.2633030880206363,false
3984,0.3528179575374394,0.12,0.15467977624759308,false
3985,0.35129571570496765,0.09,0.1644506226800924,false
3986,0.40098449904081657,0.22,0.5187553466612768,false
3987,0.4786890222407402,0.33,0.42086540954481194,false
3988,0.3672895971896951,0.13,0.21175203914341523,false
3989,0.3602300395543689,0.2,0.20466213223930657,false
3990,0.31444384356964467,0.29,0.15621605273219216,false
3996,0.29505631169423885,0.09,0.13186451794475088,false
4000,0.5032204401730771,0.16,0.3736874641793633,false
4001,0.5518827799923269,0.21,0.22108460754929668,false
4002,0.46796813024177664,0.28,0.3227057324095938,false
4003,0.6863265032407503,0.66,0.7180058395488694,false
4004,0.3988247276419276,0.18,0.3005471129558717,false
4007,0.3078279084748144,0.42,0.23164959560352102,false
4009,0.4427855948672627,0.3,0.38120544831610537,false
4010,0.6341337846480926,0.51,0.5433889799281675,false
4011,0.317771589605446,0.05,0.10056806818317307,false
4012,0.44721553322267193,0.57,0.6629110501557839,false
4014,0.2732920168601286,0.28,0.359330442549989,false
4015,0.3394341970608262,0.07,0.1425003452871371,false
4017,0.4691268967938571,0.56,0.6269880820325489,false
4018,0.3481275520021627,0.28,0.37150200049386356,false
4019,0.5623796925325544,0.43,0.49058270455199016,false
4020,0.36538772183781004,0.15,0.15981992313110205,false
4021,0.5965018336819419,0.34,0.5357644651150253,false
4022,0.3274678539197175,0.16,0.22355458801168718,false
4023,0.6563380429795161,0.67,0.7642042813833998,false
4024,0.6773586210841751,0.76,0.825746870053067,false
4025,0.3218623380364446,0.6,0.47511277863356216,false
4026,0.5088806692171378,0.435,0.5186524614662101,false
4030,0.4171952547999597,0.24,0.3273458566152975,false
4031,0.2871562468645417,0.18,0.12411901691419563,false
4032,0.2851818214354675,0.05,0.1574051208708226,false
4034,0.3601381150389361,0.23,0.4319915191478506,false
4035,0.4536080254084517,0.35,0.47392198829345183,false
4036,0.48911154213849684,0.49,0.2066268952799787,false
4038,0.38666881247812623,0.31,0.2570776118091046,false
4039,0.3918735303319466,0.24,0.27134311873854994,false
4040,0.3839543258945019,0.21,0.3243106032601946,false
4041,0.4209287102706905,0.33,0.433318901489049,false
4042,0.5476643611612423,0.38,0.5351334614507162,false
4043,0.33566213922769916,0.06,0.31532632508050806,false
4044,0.39004498785607805,0.15,0.27390616705838466,false
4045,0.3522867576780727,0.07,0.23195940236391283,false
4046,0.40871914452563196,0.25,0.31045862871371166,false
4049,0.4143394027929463,0.15,0.08298782367387697,false
4050,0.37249064827257977,0.21,0.35565944784418435,false
4051,0.3078279084748144,0.42,0.23164959560352102,false
4052,0.46530659002586017,0.33,0.5915941786731123,false
4053,0.37828721437655793,0.22,0.2649839394529527,false
4054,0.3152195526948107,0.03,0.1692668355049102,false
4055,0.705253060603906,0.63,0.754384501088376,false
4057,0.29992508799722484,0.02,0.05907759973897004,false
4058,0.36349185544563106,0.06,0.1509949758954922,false
4059,0.4798267335751945,0.43,0.6343715850340313,false
4061,0.3977356869411923,0.15,0.10577325309297606,false
4062,0.602833315600715,0.67,0.7759558002674327,false
4064,0.5581628132627833,0.5,0.5952779312965051,false
4065,0.8950583438759027,0.47,0.5510867236279027,false
4066,0.2909390873897531,0.23,0.15366748006742928,false
4067,0.30212801078908263,0.16,0.0786068769029322,false
4068,0.6789731902073705,0.39,0.5399628993619258,false
4069,0.4266456554903908,0.37,0.37657760020433545,false
4071,0.46177857639097425,0.4338095238095238,0.6633665525911985,false
4072,0.3614868156129957,0.17,0.2275718388430744,false
4073,0.564637691866459,0.35,0.21612243438988105,false
4074,0.30170727892356236,0.06,0.025591067897171343,false
4075,0.36496792211822704,0.18,0.32137455343142907,false
4076,0.28717181070511194,0.54,0.26146226022225083,false
4077,0.4569176053514118,0.37,0.4651293186757847,false
4078,0.4569176053514118,0.37,0.4651293186757847,false
4080,0.3506534847616437,0.22,0.3181834858612444,false
4081,0.33715439946354847,0.22,0.24073500155749689,false
4082,0.590612680598332,0.44,0.5057916050457507,false
4084,0.42222009788066267,0.43,0.6451080493541537,false
4085,0.6574362908240692,0.35,0.6341771635160343,false
4086,0.8002742567989781,0.75,0.8991839846471703,false
4087,0.40038860568090984,0.36,0.5452168302076402,false
4088,0.30234090106388395,0.44,0.3544172488076399,false
4089,0.604227715060079,0.45,0.7253454535031212,false
4090,0.19252818329627358,0.02,0.04810019749840378,false
4091,0.6719969524562182,0.33,0.1006542977611112,false
4093,0.6173097684471119,0.4,0.47525669720963193,false
4096,0.8900228477555877,0.79,0.8021294562413734,false
4099,0.3203592547087458,0.16,0.10418518142561713,false
4100,0.3864893567039607,0.02,0.13141284744072027,false
4101,0.38411895062668966,0.07,0.3257663423473124,false
4102,0.38411895062668966,0.07,0.3257663423473124,false
4103,0.38411895062668966,0.07,0.3257663423473124,false
4104,0.6576576449578668,0.63,0.779978482600612,false
4105,0.37652033936946844,0.07,0.25411980897553643,false
4106,0.3182613606875737,0.07,0.2669820205839831,false
4107,0.34123863719308245,0.07,0.15283898066203394,false
4108,0.4359639998043434,0.14,0.15180912790559456,false
4109,0.3787152358455774,0.138,0.23350400088123519,false
4110,0.40332076410605344,0.29,0.31366326062250993,false
4111,0.5558262769537401,0.37,0.298700548592376,false
4112,0.5495983675527496,0.37,0.6545327842474082,false
4113,0.4334188548028357,0.34,0.44645287861474225,false
4115,0.378286555324016,0.16,0.47847590208475566,false
4116,0.3528496223231169,0.18,0.27565538031645936,false
4118,0.378286555324016,0.16,0.47847590208475566,false
4119,0.3980016502358218,0.24,0.4866174870120815,false
4120,0.39648931268935433,0.04,0.2786689215690767,false
4121,0.378286555324016,0.16,0.47847590208475566,false
4123,0.40448800367974747,0.16,0.20679748182696664,false
4124,0.7338270061500334,0.65,0.6939884512640526,false
4125,0.41977674680780713,0.17,0.2366659742589019,false
4126,0.42865304693828166,0.49,0.43527100305689986,false
4127,0.45353689407398057,0.43,0.5918299543124788,false
4128,0.3887649791495627,0.33,0.2227185741180753,false
4129,0.47676387708416024,0.36,0.5087461088729488,false
4130,0.44987098750746124,0.27,0.24221455232213832,false
4131,0.5205943449773072,0.38,0.407013939582361,false
4132,0.4438034479904665,0.19,0.2527036627695605,false
4133,0.8486291537272953,0.75,0.7700748580951371,false
4134,0.49788472472586365,0.37,0.33740950802775066,false
4135,0.7464148729291412,0.74,0.9324056896825437,false
4136,0.33321594834987683,0.21,0.10971206998168852,false
4137,0.5229281887779907,0.38,0.3431983128857152,false
4138,0.4792344124788242,0.2,0.12246791875973717,false
4139,0.38658816602074564,0.3,0.28332509174997605,false
4140,0.38148639577852766,0.11,0.2620747489505525,false
4141,0.5415044564106285,0.27,0.13020210570742127,false
4142,0.3378100165237455,0.07,0.0700982862375573,false
4143,0.3484782134740943,0.05,0.19812948070416558,false
4144,0.4792734057592315,0.35,0.32615522941464914,false
4145,0.34893531240556125,0.52,0.663369640134301,false
4146,0.403099515835051,0.32,0.3708962289887566,false
4147,0.41966142952540986,0.28,0.43621976431343534,false
4148,0.5045532674691291,0.34,0.23914016056990736,false
4149,0.5023690430522196,0.37,0.310452518300386,false
4150,0.5949870817716126,0.4,0.39011255558077645,false
4151,0.5254794091370781,0.25,0.2685626021008215,false
4152,0.48066332160862857,0.24,0.28437397025020517,false
4153,0.48251630850363175,0.54,0.6489953013283846,false
4154,0.4416478156708573,0.19,0.27783033580190275,false
4155,0.6266324137106424,0.62,0.7691135165924792,false
4156,0.2755729904018065,0.38,0.13636611574959873,false
4157,0.4302672441070134,0.24,0.2486334799974913,false
4158,0.351132268594396,0.28,0.267978709877922,false
4159,0.5029940480906779,0.54,0.4337413312025988,false
4160,0.29329653401228256,0.26,0.1780354595629497,false
4161,0.7322391745781842,0.68,0.9148829550458815,false
4162,0.34682555619567235,0.33,0.3133739982613113,false
4163,0.5509284038261923,0.55,0.6102571061050217,false
4164,0.6068454669678637,0.45,0.7548347060316849,false
4165,0.4785867670846838,0.27,0.05211128828758274,false
4166,0.36729246547645467,0.29,0.31588834862700277,false
4167,0.6920328193283192,0.53,0.6255211256062986,false
4168,0.4240825970988594,0.3,0.2589897322311907,false
4169,0.5053537506117203,0.38,0.557963021412578,false
4170,0.3257191099838807,0.27,0.1990260473791429,false
4171,0.44614935217103013,0.42,0.4332528247228745,false
4172,0.8117827602119131,0.66,0.6808364099004924,false
4173,0.3504225163382741,0.09,0.10196892867676727,false
4174,0.3717057303810159,0.33,0.20125562319693355,false
4175,0.6103462711167645,0.33,0.4896991979545568,false
4176,0.3385360330405813,0.06,0.16072982588891493,false
4177,0.371028732486591,0.31,0.4080895867875632,false
4178,0.3717057303810159,0.33,0.20125562319693355,false
4179,0.66001836335946,0.45,0.6008768319493065,false
4180,0.446085163236065,0.48,0.5073902491400858,false
4181,0.371028732486591,0.31,0.4080895867875632,false
4182,0.5617409268847509,0.33,0.4557242793923139,false
4183,0.3132094528039524,0.22,0.1238637879609487,false
4184,0.5627905250668257,0.69,0.7345512137855085,false
4185,0.6042834078021031,0.24,0.1387641984369829,false
4186,0.5555556864456785,0.77,0.7509208560918222,false
4187,0.45390465766587107,0.49,0.3369044835924897,false
4188,0.44194876515967346,0.4,0.4093582440599624,false
4189,0.5868850606751194,0.37,0.4499891064851581,false
4190,0.25571004514713996,0.3075,0.1071899047229804,false
4191,0.5758500299449681,0.11,0.03699623345055953,false
4192,0.4169447091417255,0.19,0.17458077192095417,false
4193,0.6155879945744247,0.59,0.6379425016418736,false
4194,0.3789339167152215,0.18,0.18593895094699797,false
4195,0.3131582344198388,0.06,0.13870530693432548,false
4196,0.5306509573521649,0.4,0.48677809345108486,false
4197,0.5969487274330461,0.21,0.018917861590054208,false
4198,0.41265902857199077,0.16,0.11389839482060761,false
4199,0.39867814600663504,0.24,0.43263142072349803,false
4200,0.401239685147471,0.23,0.399417884938399,false
4201,0.35139212367241995,0.08,0.2125874120526144,false
4202,0.6795858193607124,0.41,0.20689936725007355,false
4203,0.2898313375800895,0.16,0.2919913199235062,false
4204,0.44132867240905965,0.32,0.307907468492942,false
4205,0.3291019088962672,0.04,0.12406973764437781,false
4206,0.3963835869364668,0.22,0.18828523655064733,false
4207,0.3409278567580004,0.18,0.10890917332893497,false
4208,0.3595163079117401,0.22,0.36346457352991823,false
4209,0.3546867194700014,0.05,0.13918149782162498,false
4210,0.34565699914111564,0.08,0.17872697558181244,false
4211,0.4767194189945524,0.36,0.43104973525649193,false
4212,0.5566379651056156,0.52,0.517106384396461,false
4213,0.3453054775169631,0.15,0.31255939833464413,false
4214,0.32453403221885585,0.22,0.11260040023049757,false
4215,0.367242089099456,0.28,0.30205783585329427,false
4216,0.2725718405624309,0.06,0.1259960109226316,false
4217,0.31713714928352454,0.7,0.5146138542490164,false
4218,0.37439348882808965,0.3,0.27549582193853406,false
4219,0.27414820171962445,0.08,0.1316118420218957,false
4220,0.27332590928259626,0.23,0.4759245207402749,false
4221,0.41780324903275984,0.26,0.42596862504442456,false
4222,0.3869850125487198,0.14,0.31334275850663645,false
4223,0.48388513769262936,0.32,0.4275765769240009,false
4224,0.2555791353131528,0.07314285714285713,0.14800863879473455,false
4225,0.41970634385332456,0.18,0.28898789937911445,false
4226,0.430133046711474,0.31,0.31157412821256264,false
4227,0.6289593620476088,0.44,0.6382537886765941,false
4228,0.5421284452683073,0.47,0.5977267744824445,false
4229,0.3915411797868069,0.04,0.1763075756927419,false
4231,0.44711844258441835,0.04,0.4633144059668225,false
4232,0.446641700637156,0.15,0.3644077104032414,false
4233,0.31707269570804647,0.6,0.4481381803786703,false
4235,0.8471331703078102,0.71,0.7146616163177903,false
4236,0.48217311207145,0.3751428571428572,0.44559466770855116,false
4238,0.31017800080761965,0.13,0.3129608627106698,false
4242,0.34813345111829397,0.87,0.2873780552610746,false
4244,0.2898390254619921,0.07,0.17124919894560148,false
4245,0.3712076298305222,0.34,0.23401394139699586,false
4246,0.34455345973730506,0.36,0.4883751961591914,false
4248,0.5487821706155315,0.25,0.47627447849537363,false
4249,0.4974275641937706,0.93,0.6497889285059667,false
4250,0.3556520804021937,0.14,0.3255719076665276,false
4252,0.35622296705580103,0.7078809523809523,0.3302153547555567,false
4253,0.4073624214945262,0.21,0.3217709949325526,false
4254,0.4181827329270757,0.06,0.1987323007565211,false
4255,0.31426493594710964,0.35,0.3774482617552487,false
4256,0.3059067781186426,0.33,0.17806759270558847,false
4258,0.3750284308518958,0.34,0.3605971809717652,false
4260,0.3896498962437115,0.23,0.1511318906936601,false
4261,0.2927854203319684,0.04,0.12330427857533159,false
4262,0.27925969557217106,0.095,0.19840199906021772,false
4263,0.5105139024959867,0.4,0.4224913428520103,false
4264,0.2746966557496947,0.32,0.3230688880941549,false
4268,0.27441622927793025,0.0,0.01633852187848453,false
4271,0.5172716667939277,0.12,0.21382299103799038,false
4272,0.4489585666432463,0.16,0.23021533395222993,false
4273,0.4982963523239039,0.29,0.4356739635625061,false
4274,0.29329031854368226,0.28300000000000003,0.15036213264748335,false
4275,0.40973277393749735,0.24,0.3518767482084645,false
4277,0.5979934217070899,0.83,0.7030638772021411,false
4278,0.35758767277443115,0.34,0.454736233020825,false
4279,0.46595367456737413,0.38,0.3566089107464042,false
4281,0.26642071615362334,0.23883333333333334,0.15974107091239517,false
4282,0.30716729367672285,0.24,0.2113397737121336,false
4283,0.6636208979330699,0.46,0.4909338743630002,false
4284,0.31444384356964467,0.29,0.15621605273219216,false
4285,0.41304353191013754,0.37,0.32382265557841405,false
4286,0.5273939297615314,0.4866666666666667,0.4872025497725077,false
4287,0.36213035334512644,0.05,0.13301341117453738,false
4288,0.28094621398475605,0.15,0.23563310077401353,false
4290,0.28047045270690424,0.01,0.0455757467960578,false
4291,0.47277401645622014,0.27,0.25452382142829943,false
4292,0.3563403470978829,0.15,0.4240283407887682,false
4294,0.37713872087226596,0.21,0.23519002802630357,false
4295,0.43404380613983945,0.15,0.18080063627867954,false
4296,0.23522357401304655,0.0475,0.16322695821939942,false
4297,0.26733052693086173,0.02,0.05986056695072617,false
4298,0.7087160183222743,0.77,0.7946377323453667,false
4299,0.767255488927954,0.35,0.3524757507077412,false
4300,0.2738940725221177,0.02,0.06692596337847713,false
4302,0.4668384302121764,0.225,0.36473964890889715,false
4303,0.632873881871393,0.55,0.6416685300502499,false
4304,0.6618301041043702,0.54,0.6598298790458547,false
4305,0.7666494089893776,0.74,0.7786100546407777,false
4306,0.3728244721056207,0.41,0.35928003768260935,false
4307,0.5856468768478013,0.51,0.822057712376804,false
4308,0.2699025299172836,0.5766666666666667,0.6336133379950065,false
4309,0.37082167053175435,0.12,0.17945237940504932,false
4311,0.28031948721191413,0.0,0.02877607057770604,false
4312,0.3762874402676349,0.1,0.09297864829838907,false
4313,0.3089860482803662,0.13,0.1266364624611731,false
4314,0.5257157087779204,0.36,0.4092362676282771,false
4315,0.3005955488324077,0.03,0.059674822959792526,false
4316,0.28832814362331644,0.65,0.4708094136494271,false
4317,0.3784267071933137,0.21,0.2840271720874596,false
4318,0.3922174969213334,0.14,0.23870833058691726,false
4319,0.34800988400703264,0.06,0.06896162910181997,false
4320,0.315078543002566,0.0,0.16528047309983954,false
4321,0.2946148929169081,0.17,0.25866748381785903,false
4322,0.29670038011655986,0.12,0.05922402658303233,false
4323,0.2862032623625483,0.01,0.07103781866513412,false
4324,0.2862032623625483,0.01,0.07103781866513412,false
4326,0.4252972989432712,0.2,0.5774779748417295,false
4329,0.39449189078060426,0.35,0.3386269692506452,false
4331,0.3439923370927144,0.1,0.15145462056963066,false
4332,0.4826665209796832,0.3725,0.5497808644919406,false
4333,0.33448013864570075,0.16,0.16193441366443467,false
4335,0.4105921193744392,0.21,0.5685582364566685,false
4336,0.3347620328160158,0.32,0.2029860826169856,false
4337,0.510306048271513,0.26,0.29280014377948094,false
4339,0.4469611037740973,0.36,0.4326524633992596,false
4340,0.5157120917736778,0.43,0.6375211303593235,false
4345,0.47192432234880577,0.13,0.18233982673782545,false
4350,0.290598195890219,0.0,0.02162738067622502,false
4351,0.30493641417581774,0.01,0.0639741653563036,false
4352,0.3515854614647159,0.19,0.3243050808983164,false
4353,0.3884134940734696,0.34,0.3844896353083569,false
4355,0.26534764548746004,0.0,0.05895416305913566,false
4356,0.5844233356412567,0.11,0.2338356772596158,false
4357,0.9645478931798626,0.89,0.9605107649821857,false
4358,0.2967501493740643,0.23,0.025042706663937143,false
4359,0.5773304289785496,0.41,0.5690805266253387,false
4360,0.5301538854087229,0.2,0.08988829129071178,false
4361,0.3868273253028337,0.33,0.4803154004712263,false
4362,0.348171782712865,0.407,0.35102516411244555,false
4363,0.4465119908627329,0.396702380952381,0.46949747652560375,false
4364,0.4465119908627329,0.396702380952381,0.46949747652560375,false
4365,0.4392286025293643,0.42,0.39179403992907097,false
4366,0.5555628217951285,0.3,0.5202270874247097,false
4367,0.33007492415405,0.0,0.24860212873067009,false
4368,0.4468300968727806,0.09,0.28448485566670245,false
4369,0.5063067551724109,0.16,0.6496954440511379,false
4370,0.5887999282483967,0.56,0.6671004942262596,false
4371,0.42382008114077735,0.54,0.5381404985603755,false
4372,0.8350273924414789,0.97,0.9265859837527499,false
4373,0.34197921666597675,0.02,0.25529157868686464,false
4375,0.42382008114077735,0.54,0.5381404985603755,false
4376,0.37373304209660324,0.18466666666666665,0.30093280176357806,false
4377,0.5945637357392073,0.63,0.7278978459638487,false
4378,0.6176124829352088,0.56,0.6995284349535761,false
4379,0.5335474500331232,0.53,0.6597208738865029,false
4380,0.7824102049457852,0.89,0.8441789727426132,false
4381,0.5335474500331232,0.53,0.6597208738865029,false
4383,0.3650240035333821,0.01,0.21886627609733664,false
4384,0.4325952937622927,0.34,0.611507969426155,false
4387,0.35154697244408717,0.15,0.3707490683959077,false
4388,0.4772624878466204,0.69,0.5199047203780209,false
4390,0.38798718279636923,0.0,0.24383018130827835,false
4391,0.577126270319095,0.4,0.6027215060404704,false
4392,0.925425484605562,0.69,0.8663602773704955,false
4394,0.3516026105113811,0.0,0.24860212873067009,false
4395,0.3877468628593112,0.54,0.3531319355782092,false
4396,0.42517355006607827,0.46,0.4633144059668225,false
4397,0.8852230147960819,0.69,0.86945027440641,false
4398,0.735727874662743,0.43,0.6224808157736749,false
4399,0.9046882488718855,0.59,0.7687629938505818,false
4400,0.7411538769649272,0.21,0.5407652593991925,false
4401,0.3202959428435672,0.8466666666666667,0.34313717268664023,false
4402,0.44690488858097005,0.44,0.4366570789486472,false
4403,0.37373304209660324,0.18466666666666665,0.30093280176357806,false
4404,0.4437967836448191,0.35,0.5814377037178254,false
4408,0.4883490530271714,0.19,0.1430417308488043,false
4409,0.4840371936865315,0.25,0.558912771731177,false
4410,0.7123699895982049,0.75,0.7358999577585986,false
4411,0.5810792437361897,0.74,0.7477714015454378,false
4412,0.5568485058956093,0.49,0.4969289308300437,false
4413,0.5025647501630629,0.1,0.504605735653357,false
4414,0.3042147654178007,0.04,0.08789661641144049,false
4415,0.40876584915597736,0.19,0.3090539854121481,false
4418,0.651266660298134,0.28,0.4535791410185255,false
4419,0.3602845331468468,0.08,0.2074973118069207,false
4420,0.49493329536712,0.14,0.5781967257765174,false
4421,0.640654776519257,0.81,0.7225619301020583,false
4422,0.4088350215972237,0.04,0.2995941512588221,false
4425,0.398627374811999,0.04,0.2668710792015497,false
4426,0.715129924022952,0.42,0.7235028761708,false
4427,0.398627374811999,0.04,0.2668710792015497,false
4428,0.35180135798597023,0.01,0.20582146856579853,false
4429,0.6924198869985376,0.75,0.7975603792554394,false
4430,0.4622227051500912,0.25,0.6552234704941612,false
4431,0.4848673950592464,0.48,0.5790639507307873,false
4432,0.9058145567728645,0.35,0.5324353746823819,false
4434,0.7532216633628577,0.69,0.8028374802698807,false
4435,0.37012960829132147,0.12,0.33354734993218305,false
4436,0.43739432803289074,0.33,0.41695933155773307,false
4437,0.4000946432375127,0.17,0.14326059308289565,false
4439,0.4537867847150701,0.38,0.5090676076301197,false
4440,0.2957478088866888,0.37,0.4611551924758984,false
4441,0.3433691060193453,0.02,0.05423469638400552,false
4442,0.2906163492033317,0.03,0.11365181857496574,false
4443,0.41443385896872686,0.32,0.4051195815957996,false
4444,0.4087997886562028,0.19,0.421239756046798,false
4445,0.6942894053490253,0.32,0.13622358842465765,false
4446,0.3908098110714889,0.06,0.379933625405517,false
4447,0.48566430364718416,0.24333333333333335,0.49845014026342377,false
4448,0.3516026105113811,0.0,0.24860212873067009,false
4449,0.46851727943661364,0.22,0.4139206317165533,false
4450,0.3629594664413251,0.1,0.17211253082448824,false
4451,0.8212679739254878,0.3,0.04102930689866167,false
4452,0.31388177229786945,0.07,0.18828117261587288,false
4453,0.44129340891292507,0.42,0.397871108889865,false
4454,0.49409512688969126,0.29,0.3741546460514913,false
4455,0.44711844258441835,0.04,0.4633144059668225,false
4456,0.4453358800019017,0.21,0.4956485818600161,false
4457,0.4005551632271042,0.13,0.2229432239193355,false
4458,0.4857693875237746,0.16,0.18099516965968804,false
4459,0.5191116388922037,0.36,0.46282566251764534,false
4460,0.4873373616569537,0.38,0.5533502013260267,false
4461,0.387890928721233,0.12,0.20214303313709664,false
4462,0.3712194471340878,0.76,0.29661344812193,false
4464,0.29480524988311624,0.42,0.24664008876046237,false
4465,0.3693169710831976,0.31,0.28843871189477277,false
4466,0.22810221031416794,0.03,0.07582277331129572,false
4467,0.39958844221500855,0.45,0.4421321581681681,false
4468,0.32913570119816365,0.07,0.04079983564206768,false
4469,0.4021170776711965,0.08,0.08174872674875377,false
4470,0.5669429129067971,0.35,0.40433662688847594,false
4471,0.5028460247708153,0.35,0.5293578050161054,false
4472,0.32576122529372353,0.13,0.268006666086915,false
4473,0.49099589969482166,0.38,0.30346282947735115,false
4474,0.2972255886918398,0.1175,0.14855720830680777,false
4475,0.4073615981033137,0.21,0.2355390540171011,false
4476,0.3532913137171159,0.0,0.15283003543386883,false
4477,0.4463300723423637,0.4,0.5047558880597178,false
4478,0.4447441087864091,0.32,0.3452990595446291,false
4479,0.511765397830317,0.66,0.7307501562193882,false
4480,0.5264962977276333,0.53,0.5265983442476939,false
4481,0.37916712985340023,0.12,0.06584890333857943,false
4482,0.344257375949608,0.24,0.2878763404528778,false
4483,0.4494418896592735,0.15,0.4914095947284238,false
4485,0.2439623809891274,0.126,0.0932903578617271,false
4486,0.48613926909305544,0.12,0.2054573970738404,false
4487,0.6791240936766385,0.25,0.14302073946921148,false
4491,0.3718331422839932,0.25,0.22716115583676066,false
4492,0.27293608008583026,0.08,0.09392689144113986,false
4493,0.26184337084883763,0.24666666666666665,0.24155599838928402,false
4496,0.6397221622790474,0.59,0.6946504440631722,false
4499,0.2774835512552537,0.05,0.10191805197262303,false
4500,0.2883269471523811,0.04,0.27489833247769396,false
4503,0.5738115066020066,0.33,0.42048475126034907,false
4505,0.3232647694023803,0.14,0.17062588466361786,false
4507,0.4115995127795499,0.15,0.4122643635142072,false
4509,0.49452799329677694,0.5,0.6794566683180765,false
4510,0.5826373343935354,0.6,0.7302079310455252,false
4511,0.6106534271149436,0.55,0.6026174619938919,false
4512,0.3326946827803372,0.14,0.19826942955467633,false
4513,0.6871898652990719,0.84,0.699017206999876,false
4514,0.4547675593432759,0.32,0.3026350879197832,false
4516,0.39386716971021546,0.08,0.1955381430655638,false
4517,0.38506040191372576,0.29,0.3318018073559733,false
4518,0.38506040191372576,0.29,0.3318018073559733,false
4519,0.27526791995435324,0.218,0.1767934869909332,false
4520,0.49047262397295394,0.39,0.2188837094705012,false
4521,0.5253113891385307,0.49,0.3895475375821531,false
4522,0.28840959690979473,0.41,0.5716322140019745,false
4523,0.4103197797368259,0.5,0.5887808053659264,false
4524,0.5039164232332247,0.28,0.32613652171089447,false
4525,0.26946362691337344,0.0,0.05657439933929163,false
4526,0.42849584390650447,0.33,0.37470208801294086,false
4527,0.43023304074576396,0.13,0.2216530667742388,false
4528,0.36876963727270745,0.11,0.25241419691679684,false
4530,0.3287283881561806,0.11,0.20329335804942628,false
4531,0.372030024143706,0.25,0.30808488252210364,false
4532,0.37884932877345556,0.06,0.14308752548644876,false
4533,0.33584290092207897,0.1,0.09673475374738848,false
4534,0.27687087282990813,0.24,0.11948885468881727,false
4535,0.2757729635897803,0.03,0.07834865549648867,false
4536,0.5958287373194038,0.35,0.48691390353403,false
4537,0.4276181366441174,0.33,0.33357103964610646,false
4538,0.6304161671149014,0.6,0.6436806701586812,false
4539,0.6435166197476107,0.49,0.6614003126900391,false
4540,0.5113803710434983,0.64,0.6197288963368326,false
4541,0.47528928723201963,0.23,0.26020673079489365,false
4542,0.7135262424166674,0.38,0.17991600384735792,false
4543,0.6943779645692725,0.25,0.17302020206198135,false
4544,0.3035611938136998,0.48,0.6544951159441886,false
4545,0.33273370430863464,0.13,0.29618047887321897,false
4547,0.8484924511511936,0.46,0.4613538471645931,false
4548,0.5340282885771244,0.34,0.23567683903821887,false
4549,0.6097062853243147,0.57,0.7006768557289844,false
4550,0.5377202511956448,0.35,0.4731666878308694,false
4551,0.4916627607039039,0.29,0.3447969372059343,false
4552,0.43193393951749987,0.27,0.16179875198544125,false
4553,0.3912153881412813,0.14,0.1354105226207894,false
4554,0.48248123845969565,0.32,0.5993769446811938,false
4555,0.481634608074845,0.38,0.5129210119671033,false
4556,0.3659479856508699,0.14,0.20057152230766606,false
4557,0.40604777828231725,0.15,0.34717565368867176,false
4558,0.5077774034316173,0.4,0.590599430860841,false
4560,0.49186823112003353,0.27,0.3391107864704537,false
4561,0.4077311124516617,0.09,0.12043685109834869,false
4562,0.40339720578375654,0.08,0.1354303924040922,false
4563,0.38068037497116086,0.29,0.19481662145609635,false
4564,0.7775900766976009,0.26,0.14785058093647457,false
4565,0.5970407930651922,0.3,0.23762827545274892,false
4566,0.48922922353947945,0.52,0.23873514072459676,false
4567,0.4724641138729397,0.33,0.14213878597244034,false
4568,0.6126262937182372,0.38,0.42576869217692004,false
4569,0.4834210540117202,0.36,0.08339270490568233,false
4570,0.6185836848735546,0.41,0.6145547258842842,false
4571,0.36930762253661176,0.28,0.24707961043753407,false
4572,0.34189199194514786,0.23,0.14946107078705093,false
4573,0.5405118757887452,0.49,0.7551319267757189,false
4574,0.5775559178739667,0.33,0.5936459978070657,false
4575,0.5882748938299057,0.52,0.7091910229768648,false
4576,0.518369256861297,0.31,0.6124747136211757,false
4577,0.4943337727962708,0.17,0.22437936357705573,false
4578,0.43992151392891815,0.41,0.19816292764553703,false
4579,0.2394650250677322,0.14,0.01819279703130467,false
4580,0.3728588507584796,0.28,0.29136541417328127,false
4581,0.34231033301856806,0.25,0.4380572397940788,false
4582,0.38068037497116086,0.29,0.19481662145609635,false
4583,0.38526003947429405,0.37,0.42988392292618444,false
4584,0.434809507352605,0.16,0.4146760772569316,false
4585,0.46104251960712866,0.38,0.3185955224412204,false
4586,0.38455749454327487,0.16,0.16412722059306348,false
4588,0.5555743247892352,0.28,0.3963819483202131,false
4589,0.36830210399281077,0.26,0.37500145302837057,false
4590,0.43727048601900464,0.44,0.40867138073270176,false
4591,0.3794823527274731,0.56,0.6084433407098707,false
4592,0.4916627607039039,0.29,0.3447969372059343,false
4593,0.3360291879431056,0.04,0.14223589011645146,false
4594,0.4046717898332109,0.07,0.15141273991066684,false
4595,0.4109055402394078,0.09,0.11514790600766191,false
4596,0.3659479856508699,0.14,0.20057152230766606,false
4597,0.38529071352148325,0.22,0.3557024079539339,false
4598,0.4570773014305777,0.5,0.6236510453507671,false
4599,0.6213620548762363,0.61,0.6899986195255052,false
4600,0.43122574067489516,0.12,0.18136793961962275,false
4601,0.3253943644462008,0.06,0.19286676807844633,false
4602,0.5851857095864234,0.41,0.4617526594907244,false
4603,0.45533868412788914,0.23,0.43480711475356465,false
4604,0.6487139812580832,0.64,0.9048272256564394,false
4605,0.3936340403121732,0.09,0.29386374295897155,false
4606,0.5716679670755331,0.38,0.45184963821841223,false
4607,0.5750724988060347,0.42,0.5961859969266039,false
4608,0.41893134194270015,0.23,0.27014310107481826,false
4609,0.4941529481085591,0.41,0.568296650884885,false
4610,0.3884833858371139,0.18,0.2552024092699183,false
4611,0.42559448706162206,0.27,0.43903802831349253,false
4612,0.5112810137500547,0.22,0.4382235061188812,false
4613,0.25387958937088306,0.3,0.39217249545928745,false
4614,0.40430717598977084,0.15,0.4058324750687136,false
4615,0.4311212482423655,0.46,0.37739769293652303,false
4616,0.4093336901968293,0.32,0.3908079227497759,false
4617,0.4311975556794757,0.56,0.549105513560006,false
4618,0.42812660094376914,0.26,0.24719186791922348,false
4619,0.4907377375496621,0.54,0.626009201382509,false
4620,0.5147548503009742,0.44,0.682670966494049,false
4621,0.3713013619044471,0.11,0.20200858642627934,false
4622,0.3493616017656455,0.19,0.05395537002745555,false
4623,0.3494753647756143,0.46,0.7835314286787142,false
4624,0.3493625691002668,0.52,0.6884124557681864,false
4625,0.4281784795674954,0.3,0.20887434186846132,false
4626,0.35491873678676295,0.12,0.09165700060871046,false
4627,0.36596268445689406,0.15,0.138848499941502,false
4628,0.44488566954226405,0.31,0.12685737164533212,false
4629,0.44529287514372456,0.36,0.2865980398479698,false
4630,0.35881176286767935,0.26,0.3596860654432729,false
4631,0.4813077967004952,0.31,0.3935188629203041,false
4632,0.557529585246081,0.22,0.3419284751876339,false
4633,0.5061246972413155,0.11,0.2638583778960349,false
4634,0.4237835449548834,0.24,0.4985286802293858,false
4635,0.3601528869571286,0.27,0.3034393485265358,false
4636,0.4705771851023894,0.56,0.47467119359665083,false
4637,0.5122683408790466,0.35,0.40316989482690796,false
4639,0.348171782712865,0.407,0.35102516411244555,false
4640,0.35055414328982004,0.16,0.11788375842700718,false
4641,0.35116442289540983,0.2,0.2909433703523007,false
4642,0.44091283665695813,0.37,0.41218626975629413,false
4643,0.377101515029857,0.23,0.19621298654747327,false
4644,0.359050026372876,0.06,0.3082389902275078,false
4645,0.34295317245695256,0.41999999999999993,0.41869978706314037,false
4646,0.31811853854758454,0.32,0.33620469479669696,false
4647,0.4283949332614785,0.16,0.28281248613532284,false
4648,0.3906340860459101,0.16,0.2456291130870385,false
4649,0.3686421255511505,0.18,0.15545400153159444,false
4651,0.25555669157859984,0.415,0.12704733312608849,false
4653,0.3480891739062497,0.22,0.25846217000037935,false
4655,0.6003989969451682,0.56,0.7974386156713283,false
4658,0.3207965369751218,0.04,0.3884733391011801,false
4660,0.35617135054048893,0.02,0.2398200384658228,false
4661,0.30378920652783153,0.39483333333333337,0.2827551664487616,false
4662,0.30378920652783153,0.39483333333333337,0.2827551664487616,false
4663,0.34949489365731234,0.24,0.34972596468757433,false
4664,0.3250025790737744,0.36,0.31532632508050806,false
4665,0.34461070189019166,0.09,0.25365059332765805,false
4667,0.3567488065666292,0.07,0.359624955331371,false
4668,0.41704009823735244,0.09,0.3603846393827024,false
4669,0.4249215278851527,0.19,0.21344295084572415,false
4670,0.4341733518895126,0.11,0.1115993434468195,false
4671,0.5079131320817579,0.27,0.396242733832767,false
4672,0.46527459174963387,0.25,0.20728307819020575,false
4673,0.628305430011628,0.5,0.7159120683364519,false
4674,0.576469783172916,0.25,0.36644633412134175,false
4675,0.7403941958416286,0.56,0.8181223037180616,false
4676,0.8118934011983008,0.4,0.833862400026487,false
4677,0.3599628766301277,0.24,0.3190396305236205,false
4678,0.4177883214118777,0.28,0.288196623568538,false
4679,0.4177883214118777,0.28,0.288196623568538,false
4680,0.6379151105331433,0.51,0.47100379582641977,false
4685,0.47790301827554055,0.18,0.12062350312797579,false
4686,0.43911160212909517,0.33,0.25239562149532463,false
4688,0.350669648700314,0.11,0.16791726112533248,false
4689,0.4894860999939258,0.2,0.37462384482718003,false
4690,0.5267406168030877,0.49,0.5087417148988886,false
4691,0.6101946735407319,0.4,0.5388993990370645,false
4692,0.5488411301963815,0.77,0.6682063318597087,false
4693,0.45577014574535873,0.43,0.5971077968687244,false
4694,0.38447781165458006,0.16,0.3186663193926573,false
4695,0.7519081488585847,0.47,0.39592004188653607,false
4696,0.6172932250215061,0.6,0.7390375180060175,false
4697,0.45556139636287096,0.33,0.38318285987127204,false
4698,0.38707819951616457,0.59,0.6323363574236786,false
4699,0.37269171217422514,0.27,0.16780425283336758,false
4700,0.44682795108827306,0.07,0.37653062011598903,false
4701,0.463387136703401,0.11,0.23037043117722927,false
4703,0.5185856030608063,0.31,0.21445414085366146,false
4704,0.45214090019706105,0.35,0.4407691562842377,false
4705,0.5288249606418708,0.38,0.7223439134103273,false
4706,0.4465929877208098,0.26,0.631691104422088,false
4707,0.3477932724570183,0.93,0.3338836562766545,false
4710,0.39193482460120727,0.03,0.15907511658135257,false
4711,0.3667399075848976,0.44,0.30414557273823895,false
4712,0.37121642660583004,0.23,0.30133738728967424,false
4713,0.35726165945338323,0.57,0.3793524672663041,false
4714,0.3920323542102595,0.05,0.16800343578343044,false
4715,0.40603774706259793,0.05,0.14221888671966249,false
4716,0.40318410266299737,0.31,0.40651801617601513,false
4717,0.3535480666532161,0.1,0.05406868985311858,false
4718,0.42692466134664936,0.35,0.5435210266432491,false
4719,0.56637563179625,0.66,0.7147793226181722,false
4720,0.922652141482049,0.68,0.8298532305839096,false
4721,0.4905475580304498,0.35,0.6011033269869364,false
4722,0.3842751577794659,0.09,0.1505298003406183,false
4723,0.38992978639776427,0.03,0.11540826477756935,false
4724,0.3815662056306946,0.2,0.4772130849979101,false
4725,0.48765346759190914,0.48,0.5921340287191066,false
4726,0.44032991557552514,0.15,0.6063285502854057,false
4727,0.5402197496873876,0.56,0.5581744014795906,false
4728,0.3963739624120635,0.03,0.2995941512588221,false
4729,0.32615808635019566,0.01,0.2317100268563045,false
4730,0.3986755758997754,0.03,0.2519341258838351,false
4731,0.4396146959029863,0.24,0.27848159228282593,false
4732,0.3632690803668729,0.36,0.38006883227893096,false
4733,0.3610372871217424,0.25,0.4055810560188363,false
4734,0.421251558276857,0.24,0.21437599031615637,false
4735,0.3921635651130942,0.09,0.3541213427879947,false
4736,0.3675471286683575,0.33,0.3795538489587867,false
4737,0.5055234726503418,0.8,0.6645256291359565,false
4738,0.6365882800576884,0.42,0.6063896836219832,false
4739,0.2774710878460598,0.0,0.12020642168789922,false
4740,0.3567488065666292,0.07,0.359624955331371,false
4741,0.3994696991920799,0.06,0.4231284435347919,false
4742,0.32358174920951577,0.08,0.28004873594993795,false
4743,0.36281470794098564,0.21,0.1585515303152765,false
4745,0.3660249183260247,0.02,0.2845112265668049,false
4746,0.40751976619651864,0.44,0.27545025838359705,false
4747,0.37915277078201465,0.15666666666666668,0.2772155851852769,false
4748,0.3825634611263911,0.49,0.38540594645938026,false
4750,0.413425196928842,0.16,0.335348063892622,false
4751,0.413425196928842,0.16,0.335348063892622,false
4756,0.2930063005487053,0.0,0.1422581002787941,false
4757,0.41029830418644697,0.11,0.1896828549515315,false
4758,0.42901202064344596,0.17,0.20655086302195827,false
4759,0.42901202064344596,0.17,0.20655086302195827,false
4760,0.6362293084828693,0.55,0.6359432687906491,false
4761,0.38856257245863757,0.08,0.09943835869995978,false
4762,0.29528513959124186,0.23,0.22852007990718964,false
4763,0.5836110303802339,0.57,0.7223417478911757,false
4764,0.3915476526164476,0.01,0.13531148420224648,false
4765,0.38916001965698593,0.04,0.11224970607992878,false
4766,0.3762252155204498,0.39,0.2595940384865645,false
4767,0.35162274668212384,0.11,0.282197692419686,false
4768,0.3408838561993404,0.07,0.057219129762047044,false
4770,0.4508528632853527,0.22,0.4015684912133654,false
4771,0.35783384885370806,0.07,0.20730188040901235,false
4774,0.5569262498277695,0.38,0.6427335178993044,false
4775,0.43407340663046784,0.05,0.25030104476652226,false
4776,0.3459796114932775,0.03,0.20403767867992842,false
4777,0.3246238399821262,0.12,0.23594276306447376,false
4778,0.38833556916651957,0.0,0.2963686474432058,false
4779,0.622875459681351,0.66,0.6935346840320353,false
4780,0.3941264765988773,0.1,0.11143045654834102,false
4781,0.4242783627445262,0.15,0.21753781918462606,false
4782,0.4104339375882846,0.12,0.22264519296934682,false
4783,0.772400438395684,0.6,0.6752118795088532,false
4784,0.39999192555448776,0.04,0.1863696766069626,false
4785,0.5801069384135924,0.45,0.4035694806630461,false
4787,0.43381957227437423,0.32,0.45215548674335615,false
4788,0.36422801746592354,0.09,0.23335618097391542,false
4789,0.3495325239416572,0.16,0.2689310868699717,false
4790,0.39928608363396495,0.15,0.1870122565293805,false
4791,0.6041701115493933,0.6,0.6931545173050078,false
4792,0.6265998070257986,0.44,0.6756366109736511,false
4793,0.7443831801349828,0.68,0.7473275192004634,false
4794,0.38560461638566434,0.3723809523809523,0.3531319355782092,false
4795,0.5525882499462196,0.3925,0.6165417933215073,false
4796,0.40486148963710156,0.12,0.10928755620049115,false
4797,0.28521588694625616,0.28,0.009174830943299564,false
4798,0.3655138059647477,0.3,0.3296394062131586,false
4799,0.3480844621924175,0.01,0.1337474402471602,false
4800,0.5555946068971291,0.28,0.33737353367834616,false
4801,0.5113396399310273,0.31,0.3610860163233334,false
4802,0.49812483999367557,0.46,0.48897987982569513,false
4803,0.32055678809024196,0.14,0.17989663999450797,false
4804,0.6127516341203697,0.37,0.29260585877161066,false
4805,0.3675363150121232,0.32,0.24395445610284772,false
4806,0.43663763329372496,0.23,0.27103067188720775,false
4807,0.33691641172748665,0.07,0.17283067051204812,false
4808,0.36372050943963075,0.01,0.29557189716199256,false
4809,0.3978383788506248,0.29,0.22704093331571903,false
4810,0.43617793018906253,0.23,0.30799942310460127,false
4811,0.3528032972919131,0.14,0.3161433610493985,false
4812,0.33287935104485983,0.29,0.19530118851068756,false
4814,0.37654372171104245,0.09,0.44607026536291833,false
4815,0.3786317509797977,0.18,0.3732032692821088,false
4819,0.46047771207966826,0.21,0.23414615114124646,false
4820,0.3349676363673473,0.22,0.2549181073583025,false
4821,0.33260868700737223,0.07,0.31532632508050806,false
4822,0.33260868700737223,0.07,0.31532632508050806,false
4823,0.43653220762216466,0.2,0.3493397634234646,false
4824,0.3594585964523061,0.06,0.16157088380091808,false
4825,0.3782604690175285,0.26,0.30203916944313297,false
4827,0.4352183863508233,0.16,0.17908307180798097,false
4829,0.3113008820283428,0.4259047619047619,0.1940297393336403,false
4832,0.3404233946329856,0.21,0.31469983429833576,false
4833,0.491567070213936,0.49,0.5473387747117345,false
4834,0.6971462200629407,0.62,0.7774226127502905,false
4835,0.40042363505545725,0.18,0.2597755974816754,false
4836,0.5595434245099203,0.29,0.38071728224268786,false
4837,0.4622197066480507,0.4,0.45494728831829895,false
4838,0.44366665865835986,0.41,0.4078221568733705,false
4839,0.33995753737057727,0.09,0.21815371188937221,false
4840,0.4111968678700142,0.27,0.49086339157031555,false
4841,0.45481022792243103,0.1,0.2765565186307796,false
4843,0.23965800236735274,0.055,0.23461237483289865,false
4844,0.31889522747248505,0.11,0.19951559926630158,false
4845,0.46933767119603126,0.22,0.5578914306989102,false
4847,0.35692797480464655,0.21,0.1764742189896256,false
4848,0.4677989941350924,0.35,0.16416324586571995,false
4849,0.5714987569114774,0.41,0.6344937975712052,false
4850,0.2580077917651952,0.37549999999999994,0.5304483459455309,false
4851,0.39850302026377354,0.28,0.5161387321683285,false
4853,0.37311011643383984,0.57,0.4287133450803973,false
4854,0.3208262235966957,0.39,0.3463524045415281,false
4855,0.2941572976891324,0.19,0.1672559549729836,false
4857,0.3189181015499204,0.11,0.21292073654993102,false
4858,0.2594486375594003,0.12,0.18607774695382304,false
4859,0.33511254121401746,0.05,0.1430860614133612,false
4860,0.26133656673336786,0.0625,0.1268031269574867,false
4861,0.2906492513409637,0.15,0.3829264546823693,false
4862,0.31638663932768524,0.2,0.14747963173334777,false
4864,0.3427110620040646,0.45,0.27513760370804613,false
4865,0.4868407462669359,0.27,0.43154048674584106,false
4866,0.43054303433904384,0.24,0.3826419126233487,false
4867,0.4318914894582329,0.64,0.5620904666334409,false
4868,0.47172672426662854,0.2,0.3105748652171682,false
4869,0.4865445848507924,0.36,0.3477963376343514,false
4870,0.6776825428989748,0.55,0.4531789335493842,false
4871,0.5732582479556431,0.56,0.8258624353796599,false
4872,0.5389292701561356,0.21,0.12852738328683175,false
4873,0.4042365941440473,0.38,0.26227270689769583,false
4874,0.28858494596668893,0.05,0.16913896131487952,false
4875,0.28858494596668893,0.05,0.16913896131487952,false
4876,0.3009903049785549,0.27,0.21366908369432927,false
4877,0.3691782404805472,0.13,0.21844183881767304,false
4878,0.4243038324122163,0.23,0.24186730000786857,false
4879,0.41665782926788003,0.25,0.14728430857636562,false
4880,0.45215854564338553,0.21,0.36543407581085435,false
4881,0.36731093065056575,0.33,0.32659731073548415,false
4882,0.3699252595275671,0.23,0.13827991987130464,false
4883,0.25262079325256853,0.3521666666666667,0.35198733268127813,false
4884,0.3124656075495982,0.1,0.13347790462772605,false
4885,0.35821733855597293,0.11,0.2106462164566603,false
4886,0.34006299390731515,0.16,0.16086255514952777,false
4887,0.3124656075495982,0.1,0.13347790462772605,false
4888,0.35821733855597293,0.11,0.2106462164566603,false
4889,0.34006299390731515,0.16,0.16086255514952777,false
4890,0.4581309160059152,0.3,0.38743912301067546,false
4891,0.3524806622211865,0.11,0.18158550334479434,false
4892,0.28050962085739034,0.22,0.08186468400713248,false
4893,0.36085938783229177,0.39,0.1647194392147695,false
4894,0.3907045473268286,0.33,0.19073223639894019,false
4895,0.49119294251712853,0.29,0.12814220757896477,false
4896,0.514289320543104,0.17,0.22830291291361648,false
4897,0.4682882636110627,0.23,0.22654562691411262,false
4898,0.4466918494713114,0.36,0.4021062119911626,false
4899,0.30049137160710504,0.35,0.3939229423788823,false
4900,0.4189948458977365,0.14,0.08537613890978787,false
4902,0.561900619280285,0.35,0.39256648790875914,false
4903,0.3639748321759988,0.14,0.06381202521686707,false
4904,0.4354412885467906,0.26,0.518838164838721,false
4905,0.39807765043117727,0.29,0.3192603078953824,false
4906,0.3838830027823314,0.3,0.44414862358894025,false
4907,0.6030331755063667,0.3275,0.5841358451750482,false
4908,0.38158729890504334,0.22,0.3374664104174964,false
4909,0.4284565212011867,0.32,0.49490974603270527,false
4911,0.36467211431192037,0.07,0.1457878665448147,false
4912,0.3637688976453909,0.12,0.1985013894882224,false
4913,0.3525116439334264,0.19,0.1528066281700754,false
4916,0.370920697021366,0.51,0.46292847439714757,false
4917,0.4595527740421676,0.1,0.33454690661081177,false
4918,0.41666300519004706,0.14,0.18161556062948483,false
4919,0.4713940939887341,0.3,0.18571976411213742,false
4920,0.46444425581104015,0.35,0.36194630091433433,false
4921,0.39679662503590946,0.56,0.5764290813653988,false
4922,0.21909868293068713,0.01,0.03568482489202625,false
4923,0.3792788565224885,0.2,0.20867230815668822,false
4924,0.3715037885822293,0.06,0.27853388183784356,false
4927,0.29371416991888943,0.02,0.06070613482182484,false
4928,0.40739398794176146,0.33,0.30214692141410615,false
4929,0.3091873342602365,0.31,0.2379221067270878,false
4930,0.4438185316009962,0.05,0.10469477071753548,false
4931,0.2636641208593533,0.48,0.3958183128835234,false
4932,0.3268250386945019,0.02,0.20783344445677562,false
4936,0.4352608634956054,0.08,0.30092521032113856,false
4937,0.336386518291225,0.32,0.4002945184519756,false
4938,0.3892570566658797,0.34,0.3668533458283087,false
4939,0.45582162655762704,0.14,0.24447537231846161,false
4940,0.41221073696078875,0.1,0.21964132708811546,false
4941,0.3271688917966605,0.05,0.2543804373644293,false
4942,0.4689427177672116,0.14,0.219348848535308,false
4943,0.33063824323394114,0.0,0.24120192468589802,false
4945,0.4595527740421676,0.1,0.33454690661081177,false
4946,0.4355363290598404,0.12,0.2608094512372064,false
4947,0.4612933980743336,0.21,0.4378564281728216,false
4948,0.6625029614208203,0.3,0.5228858446879727,false
4949,0.32811108620395535,0.14,0.15489025302823936,false
4951,0.37484538981275356,0.37,0.3130992794239771,false
4952,0.36007937186334543,0.025,0.29029719051620007,false
4953,0.36312708835714874,0.34,0.514764158180217,false
4954,0.627272206800542,0.2,0.4604859165560806,false
4955,0.5260555613082838,0.47,0.5421377335814278,false
4956,0.36749663251540604,0.19,0.2662458512232906,false
4957,0.369684999928432,0.09,0.2453900962045696,false
4959,0.29026556051503655,0.12,0.31478695079452057,false
4960,0.36749663251540604,0.19,0.2662458512232906,false
4962,0.35847348396024686,0.17,0.3578119864780947,false
4963,0.31076072598808724,0.1,0.18936242624211966,false
4964,0.5058581069249463,0.31,0.2538218265011208,false
4965,0.3867378916498719,0.22,0.37367980685664276,false
4967,0.37506240296609694,0.35,0.5503051061241756,false
4971,0.49277867662773545,0.315,0.3045164804995104,false
4972,0.5070789979967562,0.22,0.24820428688676582,false
4973,0.7371158943128416,0.42,0.7672487065699156,false
4974,0.42467250448204247,0.25,0.32856874990133855,false
4976,0.8019525059902609,0.67,0.6452018126707274,false
4977,0.617127511375599,0.54,0.6115007619246564,false
4978,0.9438084381007219,0.84,0.8980502745444023,false
4979,0.4927187744830708,0.7,0.6409330999059025,false
4980,0.7652917669985365,0.42,0.6390408469749097,false
4981,0.4114725141831123,0.19,0.3152262484148758,false
4982,0.6141141823627018,0.31,0.6190254469738805,false
4983,0.4962727500474124,0.51,0.34629129768305844,false
4984,0.3847673995995654,0.3,0.42053773623305385,false
4985,0.8715291385673851,0.96,0.8552056539188813,false
4986,0.5358141446954132,0.28,0.6387923848426955,false
4987,0.2659207254134783,0.01,0.20332428267140593,false
4988,0.336909360181743,0.09,0.1966841525149027,false
4989,0.30811773103346896,0.0,0.18650023097190113,false
4991,0.5163775703570848,0.76,0.53048170786192,false
4992,0.9571298878504493,0.84,0.9063745689170488,false
4993,0.5674178563025066,0.34,0.35167157371707,false
4995,0.3913868438801673,0.37,0.35560462674334536,false
4996,0.4527531964327329,0.84,0.7223439134103273,false
4997,0.37337227222130187,0.15,0.26527774881278815,false
4998,0.42821187612354283,0.13,0.21641838828244125,false
5000,0.5831674480193517,0.77,0.6190254469738805,false
5001,0.6083696823375447,0.33,0.6774249100365657,false
5003,0.6997747760801614,0.23,0.5253469076854304,false
5004,0.7405497225758217,0.11,0.4060261894280778,false
5005,0.7437163453102668,0.11,0.4060261894280778,false
5007,0.6665187462004541,0.37,0.7393776980155364,false
5008,0.6673686722286715,0.14,0.7074854633789951,false
5009,0.6665187462004541,0.37,0.7393776980155364,false
5011,0.5968171458065578,0.34,0.6428670190088863,false
5012,0.6997747760801614,0.23,0.5253469076854304,false
5013,0.7521486550580008,0.04,0.4449531364018538,false
5014,0.7224809544925688,0.65,0.733282089631511,false
5015,0.4862843760205235,0.83,0.5419784866224127,false
5016,0.48181458995445486,0.8283333333333335,0.6032151889289994,false
5017,0.8030794040363094,0.81,0.7680450776786549,false
5018,0.7496428200693441,0.4,0.6727201665700917,false
5019,0.789997088006264,0.89,0.8373747778429086,false
5020,0.9930153350771471,0.3,0.5479114551142139,false
5022,0.5946959303650693,0.2,0.5425933584508214,false
5023,0.6529084493714132,0.98,0.8914885249844704,false
5024,0.3074603836631611,0.01,0.27466361684583834,false
5025,0.6070956639982287,0.22,0.4509732898630008,false
5026,0.5851158769192423,0.26,0.3208144121923096,false
5028,0.7297876205668488,0.76,0.8152787941870849,false
5029,0.47128457174991834,0.2,0.23828690919228368,false
5030,0.44423643876343855,0.17,0.23242756736974787,false
5031,0.2902707164281674,0.55,0.5347744633534197,false
5032,0.4497463598211285,0.24,0.4408989729529524,false
5033,0.561454153274708,0.11,0.6093303023515058,false
5034,0.433010156249393,0.12,0.3960558043028682,false
5035,0.4846359661484179,0.25,0.6790664285397026,false
5036,0.47704563303225933,0.23,0.5851802249498113,false
5037,0.4537020491399612,0.25,0.3808145941085434,false
5038,0.5205258230993078,0.08,0.5117142786678321,false
5039,0.433010156249393,0.12,0.3960558043028682,false
5040,0.49034382819146005,0.23,0.5820545905191281,false
5041,0.5032798397928239,0.21,0.6268418748100358,false
5042,0.30841610608134734,0.1175,0.2814047109093088,false
5043,0.3451854836277373,0.09,0.2752931983180385,false
5045,0.42834526691877783,0.24,0.48357198723191663,false
5048,0.3144628963765425,0.12,0.05043112384197865,false
5049,0.43367585883791937,0.23,0.1259932498638261,false
5050,0.4688432340562567,0.23,0.3685163742499561,false
5051,0.3975078570584102,0.25,0.4021988332993688,false
5052,0.4129353395255545,0.11,0.08474281602490963,false
5053,0.5865627344973352,0.43,0.24395827477150625,false
5054,0.3705144399414593,0.21,0.24222499496507177,false
5055,0.2864205940483153,0.1,0.08916538133319245,false
5058,0.5386268403398523,0.44,0.3883313469586294,false
5059,0.33028643021977633,0.13,0.4480652964367343,false
5061,0.364449299731586,0.0,0.05934677136218796,false
5062,0.5634121936883922,0.4,0.3074055200942716,false
5063,0.39819501810072483,0.115,0.4315462460851246,false
5065,0.4260299822076963,0.4,0.4218135123654032,false
5066,0.372738421523394,0.11,0.11572683337725398,false
5069,0.4349365210375166,0.04,0.11529690315113414,false
5070,0.3861160701859699,0.225,0.4526264329233436,false
5071,0.3623305488474523,0.11,0.14115156150056712,false
5072,0.369291509414709,0.03,0.14756219625575212,false
5076,0.408250979940831,0.03,0.3036878269970394,false
5078,0.408250979940831,0.03,0.3036878269970394,false
5079,0.4051645138658148,0.0225,0.379933625405517,false
5080,0.4051645138658148,0.0225,0.379933625405517,false
5081,0.3507793054797311,0.0,0.21822522946420406,false
5083,0.546807088362238,0.58,0.7013216977635205,false
5084,0.341130362097593,0.17,0.2388939967594833,false
5085,0.357143938907327,0.19,0.40200540956409236,false
5087,0.36624281376577467,0.03,0.22038337179470258,false
5088,0.33670328256345394,0.12,0.34853179007522955,false
5090,0.3285930118736045,0.09,0.1932146648113587,false
5091,0.43403718103884226,0.26,0.2542540288283568,false
5092,0.33184311230236024,0.26666666666666666,0.21574420909396522,false
5093,0.35321841507151575,0.09,0.349633431447706,false
5094,0.3702239581704778,0.06,0.13744706840411255,false
5095,0.33114781818087796,0.16,0.2449495589520678,false
5098,0.375367676577491,0.16,0.14824821993345133,false
5099,0.32397435797772717,0.19,0.45200497625020253,false
5103,0.2958091502657891,0.03,0.1082405023366106,false
5104,0.4283250224241761,0.31,0.4269515833969687,false
5105,0.4248509424733369,0.1,0.24292765301572367,false
5106,0.3961816529045609,0.3,0.42300735388384286,false
5108,0.47767986193144435,0.4,0.32470596585971867,false
5110,0.37042978028523277,0.3,0.3115699521245013,false
5113,0.40633372654902533,0.36,0.4092559447918945,false
5114,0.40633372654902533,0.36,0.4092559447918945,false
5115,0.3058339817625361,0.07,0.05098399294494013,false
5116,0.5889628685038314,0.35,0.10870715150713108,false
5120,0.4040204610081353,0.04,0.15982044802250214,false
5122,0.5122331603767929,0.28,0.08890863142666718,false
5123,0.41660874815315213,0.12,0.20800294180278542,false
5124,0.4228795933155502,0.15,0.04967965450998393,false
5126,0.4012459743813843,0.11,0.1277398936946128,false
5128,0.30271449676170176,0.17,0.3179425887270103,false
5130,0.33918782350717874,0.61,0.3762847980512696,false
5131,0.5876687244455759,0.33,0.29481321473846767,false
5133,0.3194928230396556,0.02,0.26185725955256983,false
5134,0.33860076608693923,0.08,0.16900897266681733,false
5135,0.42824681321234537,0.43,0.5626211040963691,false
5136,0.451092479579715,0.2,0.38998028222007813,false
5137,0.36620571708223537,0.39,0.37419765793731447,false
5138,0.38916001965698593,0.04,0.11224970607992878,false
5139,0.32358174920951577,0.08,0.28004873594993795,false
5140,0.32429237663110905,0.96,0.48929326924831906,false
5141,0.4458630190855074,0.32,0.5855371639108496,false
5142,0.39248468369576905,0.15,0.15709567860124352,false
5143,0.3668004391175928,0.12,0.4795855327146464,false
5144,0.422427318654118,0.33,0.41024047963155175,false
5145,0.28202752439081075,0.0,0.09867993332020263,false
5146,0.35661244377442175,0.05,0.23378207639024048,false
5147,0.5470685838523087,0.22,0.5584002564003175,false
5148,0.42303296221899184,0.28,0.2293505403584763,false
5149,0.4151958766864141,0.19,0.4764154553758686,false
5151,0.3400570161794307,0.11,0.07548121021718607,false
5152,0.33469948581813336,0.01,0.07048456488271995,false
5155,0.4207246637959847,0.22,0.44165234343679205,false
5156,0.34833518922744,0.28,0.3835294223455838,false
5160,0.7225989688761939,0.1,0.05702322774497202,false
5161,0.40179915985746195,0.25,0.41194651941978805,false
5162,0.41018617440151117,0.28,0.3352722406104463,false
5163,0.40038172177359416,0.23,0.3169694768707745,false
5164,0.4043525652704435,0.3,0.39719630271091433,false
5165,0.40787675739942564,0.12,0.2986061857890803,false
5166,0.4003461365936136,0.39,0.3663075967545278,false
5167,0.4053345312191449,0.21,0.33391047211810115,false
5171,0.3817473054059963,0.09666666666666666,0.25873460021765066,false
5173,0.21139488753974636,0.09,0.07433945877515351,false
5179,0.5063081590631069,0.34,0.32566585514472784,false
5180,0.3837667877590325,0.2,0.323616987474948,false
5181,0.3649454670557701,0.2,0.24861941621146286,false
5182,0.3521916832618096,0.13,0.13998110064587627,false
5183,0.4072644521642491,0.38,0.556543022748637,false
5184,0.32785396640240544,0.1,0.18691035017687294,false
5185,0.5007508439582068,0.34,0.3272927571581527,false
5186,0.43487746374564357,0.31,0.3449723234013454,false
5187,0.5330377685943437,0.35,0.20549850113221454,false
5188,0.609692757240756,0.36,0.5761388044480342,false
5189,0.3337945324161668,0.26,0.25547583286775094,false
5192,0.5412438611538873,0.35,0.6592824737692855,false
5193,0.38407037412596196,0.14,0.21452081857259944,false
5195,0.3573975470860037,0.02,0.13513852808366872,false
5196,0.5830025698473602,0.32,0.4217546988222726,false
5199,0.332214352779638,0.25,0.2752931983180385,false
5200,0.5239117877751306,0.36,0.3877183353153814,false
5201,0.3740641214715856,0.37,0.5746130664743953,false
5206,0.3298241566032878,0.03,0.18337745958960727,false
5207,0.4248591403151637,0.09,0.20975113051333613,false
5213,0.33194989048682944,0.12,0.1292387762839424,false
5214,0.3883782837710317,0.245,0.379933625405517,false
5215,0.418826289093858,0.17,0.21217470052432574,false
5216,0.6018825532389149,0.58,0.4677416117815052,false
5219,0.3385214747670289,0.09,0.19228222774900064,false
5221,0.40072311690656837,0.23,0.1542876945979651,false
5222,0.341130362097593,0.17,0.2388939967594833,false
5223,0.3709812509535698,0.3,0.3661460134424805,false
5224,0.3510361887808847,0.07,0.11090852084378103,false
5225,0.3424023694796158,0.08,0.23156547537939742,false
5227,0.34504426593854437,0.06,0.09800207600987376,false
5243,0.35742578641279277,0.32,0.3385391778256394,false
5244,0.4211056234845779,0.14,0.3257091891122364,false
5245,0.36924678312830844,0.11,0.16098230778261263,false
5247,0.6029551742535382,0.43,0.6492325522178007,false
5249,0.5453323831490967,0.48,0.403892104537898,false
5252,0.36924678312830844,0.11,0.16098230778261263,false
5255,0.2951333956746394,0.32,0.2099817725993173,false
5256,0.43952205605546374,0.435,0.7693919399051834,false
5257,0.32282328249162984,0.03,0.284980747755428,false
5258,0.2998847688035206,0.0,0.19356272632986482,false
5259,0.39983346416405496,0.17,0.19976592396435475,false
5260,0.35996980138762497,0.39,0.26049973461648407,false
5261,0.3462991290285603,0.27,0.18167377308332025,false
5262,0.37562987024018074,0.18,0.43030860735302484,false
5263,0.36220380489852083,0.18,0.18052132862487874,false
5264,0.5434640252794403,0.34,0.7196806351663475,false
5265,0.43117419632732673,0.2,0.4194033059123123,false
5266,0.3735040873620551,0.23,0.3309359505523141,false
5267,0.4248509424733369,0.1,0.24292765301572367,false
5268,0.4118175715634372,0.15,0.14560939403236656,false
5269,0.3440955624464074,0.78,0.35317278828302706,false
5271,0.41572304836705753,0.19,0.2609473579816637,false
5272,0.3767193922651654,0.1,0.2017679192005728,false
5274,0.448017195309559,0.22,0.40189155005287164,false
5276,0.3253106680031277,0.22,0.2046032282742188,false
5277,0.5323780767702077,0.33,0.4853371560885981,false
5278,0.3170542086641712,0.43,0.3748543295514162,false
5279,0.36634242044212706,0.16,0.35088810791741365,false
5280,0.492913509446786,0.26,0.29791277796796134,false
5281,0.2881438445670011,0.5425,0.36790604004819716,false
5282,0.35549241733521375,0.05,0.22932862752888641,false
5283,0.3593448354561603,0.2,0.48562939774611624,false
5284,0.3119540345121895,0.02,0.16114491437811754,false
5285,0.883628999513225,0.6,0.5606719980062584,false
5290,0.3993291450621848,0.2,0.4230165120582057,false
5291,0.4261650856612485,0.27,0.27309170994142556,false
5292,0.41385670641028155,0.3,0.3127809902769503,false
5293,0.4211056234845779,0.14,0.3257091891122364,false
5294,0.3091959393304501,0.33,0.245073464369318,false
5295,0.7278146897016999,0.56,0.6413628500808378,false
5296,0.3253190735858923,0.05,0.18567285172503986,false
5297,0.6867806540204794,0.8,0.8030269968672308,false
5300,0.3404989347911214,0.2,0.38701264606375824,false
5301,0.32282328249162984,0.03,0.284980747755428,false
5303,0.35161072763049983,0.15,0.30040407821826454,false
5306,0.5775942013086222,0.39799999999999996,0.6514526589960252,false
5307,0.4047923143258066,0.25,0.22210445176378632,false
5308,0.4422129176605277,0.34,0.2748968398328212,false
5309,0.38151028997853487,0.2,0.16980217336208006,false
5310,0.5200032738131211,0.41,0.3904356185197731,false
5311,0.8428244826550527,0.48,0.8190913598441438,false
5312,0.43493345945008755,0.17,0.29088623671823044,false
5313,0.35546682383253997,0.09,0.3818052980266809,false
5316,0.39983346416405496,0.17,0.19976592396435475,false
5317,0.3010841386863247,0.42,0.2250422491963906,false
5318,0.3462991290285603,0.27,0.18167377308332025,false
5319,0.44523368876860625,0.41,0.4626836557680009,false
5320,0.36220380489852083,0.18,0.18052132862487874,false
5321,0.3337990661351367,0.016666666666666666,0.21624385104943905,false
5322,0.2991724340400008,0.02,0.14374112723847976,false
5324,0.3253106680031277,0.22,0.2046032282742188,false
5326,0.35567428240159055,0.01,0.16526268335516978,false
5331,0.272411061930521,0.09,0.25693358533764127,false
5333,0.4161670067164519,0.23,0.48741701479224464,false
5334,0.367365227236806,0.19,0.10133426818798892,false
5335,0.40946703367775017,0.12,0.21474839484729855,false
5336,0.3717202386799686,0.09,0.16791560897065888,false
5337,0.4477521674624808,0.41,0.49245948481383206,false
5339,0.29579039983250655,0.26,0.30696143227154643,false
5341,0.26597154462883843,0.4,0.31286715928956527,false
5342,0.43447743729274607,0.23,0.3367270941816264,false
5344,0.3605182822250557,0.13,0.2742152552399145,false
5345,0.41372051064626936,0.34,0.5288247405895803,false
5346,0.35378895559942686,0.05,0.18142787824081846,false
5347,0.43191184477123046,0.2,0.265535213703655,false
5348,0.34276435478043366,0.11,0.23498375948374672,false
5349,0.34276435478043366,0.11,0.23498375948374672,false
5350,0.3247838965839877,0.52,0.1520358414023895,false
5351,0.340700021768255,0.22,0.1325349830193487,false
5352,0.3393006890321505,0.07,0.09416545277803849,false
5353,0.3269126792403499,0.12,0.2191590081227338,false
5354,0.43381276457640555,0.24,0.11068266521951009,false
5355,0.3992919209247814,0.17,0.2613552037286529,false
5356,0.38605955075181164,0.09,0.112837646151654,false
5358,0.400418765341889,0.07,0.1665346520497409,false
5359,0.3672219592810846,0.17,0.2526041618007252,false
5360,0.3888102835282521,0.12,0.32279212719339295,false
5361,0.49486006471733446,0.72,0.6648125726135382,false
5362,0.4578918528200065,0.17,0.2162825926339243,false
5371,0.36309295027880994,0.41,0.22908370814433673,false
5372,0.45491253768188517,0.16,0.32362912240516534,false
5375,0.37046173673426036,0.08,0.32281662714915377,false
5380,0.8186902452021094,0.55,0.4563032986805518,false
5382,0.3322203231833535,0.06,0.10336960762324035,false
5383,0.35343260314822517,0.15,0.07234190473019102,false
5384,0.2773811080191739,0.2,0.2735826210282808,false
5387,0.3817757469434759,0.1,0.10063410898943333,false
5388,0.4514885615655338,0.62,0.6462843178014219,false
5390,0.5317848683811512,0.43,0.575208300444983,false
5391,0.5571906131757556,0.19,0.23590961959306964,false
5392,0.2700042145048084,0.14416666666666667,0.1815598403662883,false
5393,0.5683388692684349,0.24,0.6076188525270083,false
5394,0.3777710716768366,0.2,0.12954353091854112,false
5395,0.44137815072412195,0.33,0.13941604802249918,false
5403,0.5228168713164427,0.26,0.241946798934655,false
5404,0.35634433418728456,0.13,0.16663439322613324,false
5405,0.39654884604433127,0.47,0.43106191772432195,false
5406,0.44037667535969316,0.15,0.2177463454118666,false
5407,0.4252643715424962,0.12,0.23238137284861388,false
5408,0.39603724924478,0.12,0.09956868867979089,false
5409,0.4140655971917285,0.35,0.373186817791438,false
5410,0.4897850248645806,0.38,0.2876125521333555,false
5413,0.49627396867273893,0.29,0.45913435642024963,false
5415,0.3420380639567907,0.2,0.0833883893633048,false
5416,0.3236891040964538,0.05,0.05939802291721747,false
5417,0.3694556961717816,0.44,0.2922766458586759,false
5418,0.33127427219431166,0.13,0.24817636676998125,false
5419,0.395008685895014,0.17,0.2845651781954652,false
5420,0.346399213746146,0.1,0.39382652792292144,false
5421,0.501183292875256,0.41,0.5638905365532073,false
5422,0.8214766313087419,0.56,0.7810399721164034,false
5423,0.9438417749349431,0.68,0.8275343019508538,false
5424,0.46893202858091276,0.4475,0.6143330445055376,false
5425,0.3833865501985166,0.06,0.19756678057918955,false
5426,0.24575339041768954,0.04,0.1386669178122614,false
5427,0.33541265207156173,0.69,0.33611603488817,false
5428,0.5129393887383566,0.22,0.20225933194821175,false
5429,0.6090324668492858,0.36,0.7389648519748873,false
5430,0.3273207241889144,0.0,0.16998449487624945,false
5431,0.4035728665777557,0.55,0.5439717266666526,false
5432,0.6209840364829493,0.32,0.7883694620429005,false
5433,0.5261065779735384,0.81,0.6763541436626225,false
5434,0.4264157916214281,0.19,0.23366902161754954,false
5435,0.44237753557331994,0.03,0.35336975104394747,false
5437,0.3252075812980861,0.14,0.13556420392645666,false
5438,0.3792071691189944,0.06666666666666667,0.25873460021765066,false
5439,0.43493345945008755,0.17,0.29088623671823044,false
5440,0.4041693060111865,0.06,0.23881253799253835,false
5441,0.35215708595895995,0.44,0.436957948257086,false
5442,0.35549241733521375,0.05,0.22932862752888641,false
5444,0.3576698974731484,0.07,0.3070932852908118,false
5446,0.3943222389923993,0.44,0.5017256686744196,false
5447,0.5815526178588915,0.49,0.42174432048509536,false
5448,0.329641900854791,0.19,0.35122770804054143,false
5453,0.35397519285538187,0.41,0.4159783662034026,false
5454,0.45890726439298035,0.32,0.3578898742494657,false
5455,0.3707295842632874,0.33,0.34296234286412536,false
5456,0.40076835201581834,0.08,0.3765180776853078,false
5459,0.36932934734052053,0.16,0.16929639705673752,false
5460,0.36932934734052053,0.16,0.16929639705673752,false
5461,0.5009750447838336,0.57,0.595286765290581,false
5463,0.38947013298865785,0.13,0.06279754945077279,false
5469,0.3255732998122298,0.08,0.13032045691122787,false
5471,0.28177783752015384,0.02,0.04811951468783118,false
5474,0.28779606430041316,0.12,0.04178907211153637,false
5475,0.29059252832527077,0.17,0.0846753885579123,false
5477,0.3970758398118779,0.34,0.42127693064541044,false
5478,0.36386269382664316,0.22,0.24037058207459627,false
5479,0.3583298185115884,0.1,0.32646138982862855,false
5480,0.47660626682104895,0.52,0.541764038697479,false
5481,0.33638950700635845,0.06,0.08527011182210574,false
5485,0.3384312657777862,0.05,0.12105454459640187,false
5488,0.2906898950166884,0.1,0.3459495269032394,false
5492,0.33878664071518505,0.1,0.12320533618256983,false
5493,0.3623305488474523,0.11,0.14115156150056712,false
5495,0.3342937662800395,0.32,0.4937973591818514,false
5496,0.3772232571112178,0.22,0.20234599914555274,false
5498,0.2553782101880575,0.2575,0.3210112138191358,false
5499,0.6701747239371605,0.4,0.8328628739232747,false
5500,0.4341590392038232,0.4,0.5683602210736413,false
5501,0.3665418606143708,0.25,0.2868371973931728,false
5502,0.4546066768501524,0.24,0.3903099239431788,false
5503,0.3325592324189742,0.07,0.1606380012395249,false
5505,0.5929260253692442,0.48,0.3474098163150607,false
5506,0.41954030971557943,0.11,0.16480952535796406,false
5507,0.4001389614834771,0.32,0.25327887093346707,false
5509,0.3964397449560949,0.11,0.3261857450361347,false
5510,0.3751653103578444,0.23,0.34324484669685335,false
5511,0.4365184188637586,0.63,0.751256739356691,false
5512,0.36073186730842893,0.2,0.3647656785930787,false
5513,0.4913509067824497,0.55,0.5219879867800604,false
5514,0.4360312586457818,0.19,0.4642510297902546,false
5515,0.4382238945710792,0.32,0.32411554539296,false
5516,0.3536880690065717,0.18,0.2591441682928905,false
5517,0.5333158693726078,0.34,0.32490691958889695,false
5518,0.4040642666283971,0.17,0.11734595627397036,false
5520,0.7151474438653707,0.61,0.8109068528336826,false
5523,0.34536199187389965,0.22,0.2973354158193384,false
5524,0.37239476845512476,0.59,0.5501777325064647,false
5525,0.4417985385415579,0.31,0.31250892974050454,false
5529,0.3684641198568872,0.13,0.17103349443493876,false
5531,0.3717175012579379,0.24,0.2782063090988431,false
5532,0.3984095608158901,0.1,0.2997788176978332,false
5533,0.2416784387187773,0.06166666666666667,0.26809093605849166,false
5536,0.30811773103346896,0.0,0.18650023097190113,false
5537,0.5288073492229098,0.25,0.27744778486639066,false
5538,0.4286728585166881,0.27,0.4686015131793337,false
5539,0.24575339041768954,0.04,0.1386669178122614,false
5540,0.28212975942574675,0.10216666666666666,0.11473107052206702,false
5542,0.37300457405841686,0.07,0.20062444623125741,false
5548,0.35665415984882054,0.21,0.1436100941666069,false
5549,0.553163005488303,0.3,0.24192970578812048,false
5550,0.509549136538625,0.32,0.38035625899622927,false
5551,0.41026607163672363,0.06,0.0882951122896353,false
5552,0.36591060522428,0.01,0.375422329689272,false
5553,0.3553374661070514,0.5923809523809525,0.3338836562766545,false
5554,0.3623305488474523,0.11,0.14115156150056712,false
5556,0.39273048611725253,0.35,0.21023919084029294,false
5557,0.3961462761248157,0.29,0.4359291094046827,false
5558,0.41423611538942673,0.12,0.22495167686677117,false
5567,0.4983557495893313,0.26,0.3709577885836963,false
5568,0.479450142786654,0.3,0.3788964778465042,false
5569,0.29894915402414657,0.1,0.13732010452004573,false
5570,0.34469147497482144,0.16,0.2164363513766088,false
5571,0.3425196870906073,0.01,0.056740881441082046,false
5572,0.3393618877614595,0.59,0.33447482962408387,false
5573,0.31820714296686947,0.25,0.22193781271046262,false
5574,0.33050012874942464,0.4,0.44589178499465354,false
5575,0.5057614411267732,0.2,0.09554389435031148,false
5577,0.4651055581883972,0.89,0.7013061247598037,false
5578,0.7919465421724656,0.85,0.5308841373733679,false
5579,0.6666016017459283,0.63,0.7070855374331388,false
5580,0.3604922683893238,0.09,0.267040174492774,false
5581,0.44681050155400764,0.28,0.4653739828828169,false
5584,0.3625674655000574,0.17,0.1281672385140775,false
5585,0.33915631040077776,0.36,0.45912170687281373,false
5586,0.40561709981795824,0.28,0.3089816563679313,false
5587,0.42505508719274887,0.32,0.46732655261908546,false
5588,0.5242842867744326,0.21,0.4750750480391357,false
5589,0.32397435797772717,0.19,0.45200497625020253,false
5590,0.36027145304814023,0.25,0.26425620092820185,false
5591,0.2816241044880714,0.04,0.18742133539844308,false
5592,0.31207184033147506,0.13,0.20953514829792802,false
5593,0.3022605407763813,0.09,0.17480857740743808,false
5598,0.24163177676305547,0.06,0.2625434785995395,false
5601,0.35389537013515543,0.07,0.05195193494141122,false
5602,0.30225473060878283,0.42,0.40977957563266304,false
5603,0.34720417652635754,0.35,0.555428962388118,false
5604,0.3564930883684798,0.12,0.0792901345658578,false
5605,0.6785942116611129,0.64,0.5549668908521495,false
5606,0.4122673638487549,0.02,0.08523794789832372,false
5607,0.5972644443831665,0.22,0.08093463668090708,false
5608,0.34826144187105046,0.04,0.15920464651307592,false
5610,0.35610168963110345,0.09,0.1080181516880463,false
5612,0.4651364885331945,0.2,0.16447772287634407,false
5614,0.45283773576769326,0.21,0.14640861493718765,false
5616,0.29137263249640144,0.32509090909090915,0.2396390555301451,false
5617,0.20435515072572308,0.0,0.16649779664709247,false
5618,0.20435515072572308,0.0,0.16649779664709247,false
5619,0.3792792751460797,0.14,0.17019952872679125,false
5620,0.6224600085356226,0.38,0.5983995967373785,false
5622,0.3803429498802967,0.24,0.44053324648640957,false
5623,0.39001124586059166,0.14,0.2442575532020489,false
5625,0.3888860470326342,0.26,0.40306826059662615,false
5626,0.3838253524956366,0.12,0.3405345277523161,false
5631,0.39893482833720517,0.27,0.364203252386379,false
5632,0.48786694773898676,0.41,0.5482994997852173,false
5633,0.5056305308766725,0.39,0.49335488249734966,false
5634,0.4179818179987715,0.23,0.21267540422392467,false
5635,0.5634794805074171,0.19,0.2866986258125048,false
5636,0.4742341392456243,0.2,0.3689715580690315,false
5637,0.47910459179037385,0.51,0.4376808952411836,false
5638,0.39368333242023934,0.27,0.4663960849326762,false
5639,0.5222174281586872,0.56,0.6260339818526961,false
5640,0.36377159871634074,0.05,0.3426227023077688,false
5641,0.44683688825088963,0.31,0.3448986271887581,false
5642,0.43200575061743784,0.18,0.29833152934704205,false
5643,0.47186080104825834,0.39,0.40641359136072025,false
5644,0.37409580679242366,0.09,0.3949469709739958,false
5645,0.5591042258360847,0.37,0.34497493114788386,false
5646,0.657208233325162,0.46,0.7854891404160179,false
5647,0.5492344605469079,0.36,0.43374714752744437,false
5648,0.41000200817820154,0.35,0.2852354856615216,false
5650,0.396501387562332,0.05,0.29665515456085606,false
5651,0.38766998771604333,0.23,0.3040684247262102,false
5652,0.4012999484587442,0.31,0.3675449081946711,false
5653,0.549861958991898,0.28,0.2385351394873771,false
5654,0.4201437719787988,0.2,0.3756827655007957,false
5655,0.3569274321570462,0.34,0.4071471867412346,false
5656,0.372957923402539,0.11,0.37041126781559164,false
5659,0.5106070127294946,0.37,0.6094135831480948,false
5660,0.48481160879889135,0.43,0.5998531662072111,false
5661,0.33125075972972134,0.29,0.37156269558723115,false
5662,0.2887655424405404,0.1,0.1620000802334459,false
5663,0.364716694545402,0.35,0.3203876042990192,false
5664,0.37571136263401117,0.19,0.3993176271814135,false
5666,0.3832276665070836,0.16,0.27887157660555195,false
5668,0.39757823135293857,0.19,0.4169822820929487,false
5669,0.4892618939736766,0.23,0.5640528741650452,false
5670,0.3972577283589724,0.15,0.35556400244541025,false
5671,0.4281847550730801,0.28,0.4587868490758585,false
5673,0.34000312053101645,0.19,0.22070231889635444,false
5674,0.3440087446472418,0.12,0.2025070108178038,false
5675,0.44790845853111577,0.55,0.7701584703672876,false
5676,0.3290181630810285,0.13,0.17988026043303046,false
5677,0.5132281951875431,0.39,0.4091777194943043,false
5678,0.37695500403104876,0.47,0.44467084970402326,false
5679,0.5662056051380834,0.37,0.4049577803917891,false
5680,0.5878122159850174,0.47,0.5987675708438283,false
5681,0.4520940096558778,0.05,0.5837359836642463,false
5682,0.5008269334536123,0.3,0.4530801841408556,false
5683,0.624436066115133,0.24,0.42495056149546206,false
5686,0.47942359884729313,0.34,0.6530345886604478,false
5688,0.5082290530818442,0.44,0.46209589009918917,false
5689,0.46161025544613593,0.2,0.1470717197222053,false
5690,0.5978771456993345,0.66,0.7857010419904981,false
5691,0.44247191684004966,0.11,0.41110454701934945,false
5692,0.5293785577992808,0.27,0.2950044877100216,false
5693,0.411748838427618,0.26,0.44973330239996795,false
5694,0.4059474419710332,0.48,0.48078006822125824,false
5695,0.4144915067684424,0.22,0.4960782338697104,false
5696,0.44247191684004966,0.11,0.41110454701934945,false
5697,0.5293785577992808,0.27,0.2950044877100216,false
5698,0.411748838427618,0.26,0.44973330239996795,false
5699,0.3882873672712186,0.32,0.3581799605442252,false
5700,0.37149904146681584,0.28,0.5081122925517625,false
5701,0.5245964712804879,0.33,0.4496104511848394,false
5702,0.439465740485013,0.15,0.3059664620782905,false
5703,0.474814786511332,0.28,0.5297426457377624,false
5704,0.48011876546401394,0.15,0.39066446561883067,false
5705,0.5600315295280198,0.48,0.5576196682467607,false
5706,0.48874198942740077,0.17,0.3548019766011085,false
5707,0.5301027141284372,0.21,0.2394983769828609,false
5708,0.5653081058167138,0.33,0.4799833843453194,false
5709,0.47384025473660385,0.17,0.35163465371097014,false
5710,0.3822976963481547,0.21,0.3349506871242228,false
5711,0.5320629592586095,0.28,0.4681390779496246,false
5712,0.5518768139496057,0.48,0.4861633796251418,false
5713,0.4526185518621427,0.03,0.4149591656957626,false
5714,0.49779831575044836,0.24,0.4000219936957408,false
5715,0.6262353049131184,0.27,0.2933133194718402,false
5716,0.34936710437073404,0.27,0.3449253709017897,false
5717,0.4420237652361253,0.19,0.255930124512585,false
5718,0.364716694545402,0.35,0.3203876042990192,false
5719,0.41230184963438743,0.2,0.38497394205863766,false
5720,0.44429642548135845,0.1,0.35011716559763884,false
5721,0.39010042109115006,0.26,0.4743575600300276,false
5722,0.4941898232945762,0.65,0.4816833931146366,false
5724,0.3179686082429559,0.29,0.31731835395070657,false
5726,0.6383661365573622,0.42,0.7675390496592,false
5727,0.406824064925504,0.1,0.3661354335913614,false
5728,0.43998879284720305,0.25,0.1646892119406166,false
5729,0.4673263324400393,0.21,0.39090992881548353,false
5730,0.3972930866352905,0.33,0.5649369722007946,false
5731,0.4421123607290975,0.29,0.34905687193304386,false
5732,0.37553071421518197,0.1,0.3705489203228633,false
5733,0.4186775608825152,0.19,0.21384204595345424,false
5734,0.3152718610333677,0.48,0.2290527523738754,false
5735,0.3221085502630829,0.11,0.0996120746219906,false
5736,0.5016060121420639,0.27,0.22403303427815222,false
5738,0.40825784380487323,0.19,0.304512417464468,false
5740,0.40825784380487323,0.19,0.304512417464468,false
5741,0.4334053995554915,0.35,0.4013014774167138,false
5742,0.3455073671637575,0.36,0.29047684115194883,false
5743,0.4178476543574046,0.26,0.23804740562586252,false
5744,0.6105791760995052,0.49,0.5721383738412156,false
5745,0.5653398326181156,0.52,0.5724230933725749,false
5746,0.39032568141734447,0.24,0.255829548276606,false
5747,0.46599047883538236,0.2,0.5564900673230156,false
5748,0.3919578663039845,0.06,0.1923450003360317,false
5749,0.3616849596957052,0.07,0.13809089523944512,false
5750,0.3532074389515079,0.09,0.32565875672748634,false
5751,0.37246902530228176,0.06,0.22455486860841972,false
5752,0.3505960583314113,0.05,0.05087986904858182,false
5753,0.41425595739179943,0.15,0.1537072156467624,false
5754,0.32928807574265223,0.08,0.17047841155474647,false
5756,0.24406192160245094,0.1,0.3529247689751248,false
5757,0.25981231654632153,0.02,0.06206456321331846,false
5760,0.2551105802118311,0.04,0.021777975467157713,false
5761,0.2616642709817542,0.04,0.044884900296516435,false
5762,0.5249196981351844,0.46799999999999997,0.4035968138092049,false
5763,0.2856057553729788,0.14,0.18386678624139352,false
5764,0.2616642709817542,0.04,0.044884900296516435,false
5765,0.2828454292174599,0.016666666666666666,0.15761526049411798,false
5766,0.48229367810435037,0.13,0.10041381408237081,false
5767,0.5387474778383926,0.28,0.3379850436112703,false
5770,0.5707063384470561,0.51,0.48416280397447525,false
5772,0.4395741803524254,0.15,0.1998314370275091,false
5773,0.4368031663929463,0.38,0.4919384858035078,false
5774,0.45032689409924404,0.25,0.2931134669963413,false
5776,0.1904344198420788,0.07,0.12209725008167553,false
5779,0.29427097049996515,0.14,0.16264304883658617,false
5780,0.47409708725711,0.37,0.24569175986410097,false
5781,0.3581371208705222,0.11,0.11956389740269305,false
5782,0.27106327199130004,0.55,0.4076516672494461,false
5783,0.3985155984162365,0.12,0.19275592718027185,false
5785,0.31606676056762595,0.08,0.1564390149948265,false
5786,0.2965214813710288,0.06,0.03263283924246471,false
5787,0.28324765296204824,0.04,0.0941250099145953,false
5788,0.271122131284321,0.3,0.29315470769698393,false
5789,0.7201858627312139,0.24,0.2588515202146047,false
5790,0.7183293343615486,0.18,0.07583201076554949,false
5791,0.7594488134234704,0.53,0.6506993992725693,false
5792,0.4046921142927576,0.21,0.2583081820634946,false
5794,0.4194883192148159,0.2,0.27669866927890696,false
5795,0.6478305363952963,0.33,0.5001763328545177,false
5798,0.7242720183288516,0.37,0.6075456819012972,false
5800,0.4886881798767658,0.42,0.4879916760050917,false
5801,0.3576466058767392,0.08,0.08374539760303708,false
5802,0.4840115049299291,0.15,0.3755964406975246,false
5803,0.5834612952091609,0.85,0.8149181672142397,false
5804,0.427940527044454,0.31,0.09517169119402748,false
5805,0.49963385686105793,0.32,0.38234444600254086,false
5806,0.3940240845987368,0.15,0.28965242053306484,false
5807,0.4336560747080156,0.12,0.1979842889462729,false
5808,0.3887197927781991,0.17,0.1621864235800572,false
5809,0.6077966444421714,0.29,0.516942957076066,false
5811,0.39569640097586467,0.14,0.1371510997424451,false
5813,0.46317055359052084,0.35,0.3083223039186051,false
5814,0.4699355709296557,0.31,0.5367988931442124,false
5815,0.685095463384129,0.53,0.555484755412,false
5816,0.5178421844226934,0.18,0.38886474289084544,false
5817,0.5830446979113426,0.32,0.26228616759145756,false
5818,0.541638222580234,0.48,0.4652903958092111,false
5819,0.3961582725446733,0.4581666666666667,0.313206774267542,false
5820,0.4245537598041801,0.16,0.40743307962185027,false
5821,0.35577298601061863,0.32,0.3730183646772184,false
5822,0.3946410899491366,0.18,0.2846926206827093,false
5823,0.3863460653562978,0.26,0.4040429802277912,false
5824,0.358041841522331,0.1,0.22306368069769,false
5826,0.4550617311262289,0.15,0.2341968377484787,false
5827,0.3173231693905202,0.12,0.26001360882376556,false
5828,0.38000201590649946,0.14,0.41261766999350724,false
5829,0.36458225687263185,0.028333333333333332,0.29913222625134417,false
5830,0.36458225687263185,0.028333333333333332,0.29913222625134417,false
5831,0.519155018093898,0.28,0.2284139504185252,false
5832,0.3900477991431225,0.17,0.20753218502142132,false
5833,0.5487960961408007,0.3,0.4206100648312982,false
5834,0.38657076348523167,0.15,0.28813344357000076,false
5838,0.23872418092484224,0.04,0.0684089923156659,false
5839,0.27523899111171585,0.175,0.15744167095027412,false
5841,0.3673923792973099,0.2,0.28487621609938213,false
5842,0.5337933135592251,0.44,0.5579162616962908,false
5843,0.3944685171392702,0.31,0.2363902253820212,false
5844,0.3614645842237949,0.13,0.29283577910596775,false
5845,0.34717069696120095,0.04,0.1683969436266531,false
5846,0.26098644739768473,0.32,0.34127545349769706,false
5847,0.3840434935867015,0.33,0.45344096800698036,false
5848,0.4746449574441738,0.24,0.3990215699252287,false
5849,0.5069841580489286,0.23833333333333337,0.3124712409960201,false
5850,0.38176375295721027,0.16,0.3568549580665152,false
5851,0.4068136579978219,0.23,0.2793009936701457,false
5852,0.6083267123471162,0.14,0.17169726805401417,false
5853,0.32892328509441565,0.12,0.1992793902056163,false
5855,0.4715277125590819,0.24,0.19316102423601622,false
5856,0.38729518198270857,0.12,0.13858991269833076,false
5857,0.6109109577475353,0.34,0.5332686091812631,false
5858,0.5493671047266879,0.28,0.34751017197482975,false
5859,0.5413312986306583,0.33,0.44775135397019905,false
5860,0.3537461174572306,0.06,0.29566392222901255,false
5863,0.4022956432626958,0.33,0.3623524002841359,false
5864,0.3199280501822882,0.06,0.26185725955256983,false
5865,0.3819380281731299,0.3,0.27777503604791814,false
5866,0.31767716479432084,0.23,0.10995993370005393,false
5867,0.3450084463141741,0.22,0.22956780640390734,false
5868,0.3077653602128637,0.18,0.2584441665398574,false
5869,0.2967013946882431,0.02,0.16226725051546056,false
5870,0.4350112988918901,0.16,0.09402204232195133,false
5872,0.34431290588363167,0.16,0.29730694351371856,false
5873,0.35246701098862915,0.27,0.6007902670516525,false
5875,0.33358711965728194,0.01,0.19464713192162036,false
5877,0.27457490840437215,0.04,0.09964767594100482,false
5878,0.4289500576807357,0.3,0.33785040113615894,false
5879,0.4210907939395469,0.27,0.33388818580688856,false
5880,0.36584812510767484,0.12,0.1877179979400788,false
5881,0.29473892575013394,0.05,0.22151681923298241,false
5882,0.8206270361861121,0.6,0.601013165215977,false
5883,0.43368255458814453,0.3,0.1501528772092229,false
5884,0.4526018728582054,0.49,0.47054732629810464,false
5885,0.40719330312890045,0.62,0.643645621990362,false
5886,0.4360808605781853,0.45,0.4975908174411922,false
5887,0.5873902174469191,0.44,0.5224327505940166,false
5888,0.46508206992760054,0.14,0.3055846024507042,false
5889,0.3370791876109258,0.33,0.1857877566308591,false
5892,0.3787094859766842,0.34,0.2753254493587998,false
5894,0.5923817600147504,0.36,0.537065416165164,false
5895,0.3124932948725179,0.3,0.2917043085507017,false
5897,0.4252224300504084,0.21,0.10922662533307516,false
5898,0.26440803081202785,0.08,0.13379040214536453,false
5899,0.31982108963252537,0.24,0.2604571557082237,false
5900,0.3595216245093033,0.4,0.3694907771820135,false
5901,0.31374996432108665,0.22,0.1315252138350852,false
5902,0.5136500834166635,0.34,0.17683418424196426,false
5903,0.3014867882006178,0.3,0.41815783214417246,false
5904,0.31270938888354827,0.08,0.12412736431297604,false
5905,0.47375447287166594,0.24,0.5015687283673195,false
5906,0.33088666080418155,0.38,0.5505176270542065,false
5907,0.5969762270667177,0.5,0.6822015833840469,false
5908,0.5969762270667177,0.5,0.6822015833840469,false
5909,0.5877293060356765,0.19,0.5959470395086284,false
5910,0.23613132292270433,0.0812142857142857,0.17777573036331556,false
5912,0.38851566548158467,0.09,0.18148015396101946,false
5913,0.4245689828154721,0.45,0.40001650323725324,false
5914,0.38615205668846886,0.38,0.27287901972530454,false
5915,0.7233474705185555,0.39,0.58029805870468,false
5916,0.7600060193741827,0.46,0.6332873493259784,false
5917,0.28072871186287757,0.0,0.05547421574137469,false
5919,0.32883917574493665,0.1,0.14259234299528872,false
5920,0.28072871186287757,0.0,0.05547421574137469,false
5921,0.3012831169183449,0.04,0.04509678708673945,false
5922,0.462541384113059,0.43,0.5479499457605296,false
5923,0.2559607590340194,0.04,0.034693917804326936,false
5924,0.3125835146598034,0.11,0.24553694196003362,false
5925,0.557478728761793,0.54,0.7223565253216914,false
5926,0.20030937017660613,0.02,0.05379669188883468,false
5929,0.3124474173068849,0.0,0.06874105425101329,false
5931,0.29055044384920325,0.14,0.0868812911392802,false
5932,0.3410688052910525,0.44,0.47564387788958434,false
5933,0.39882185321279995,0.44,0.1913334851845494,false
5934,0.2626995848004416,0.21,0.41282579056917734,false
5935,0.30287173429380954,0.05333333333333334,0.16676372905905953,false
5936,0.27311166010995913,0.07666666666666666,0.1060687278419197,false
5937,0.27311166010995913,0.07666666666666666,0.1060687278419197,false
5938,0.30287173429380954,0.05333333333333334,0.16676372905905953,false
5941,0.24847192398087303,0.2075,0.2712817252647075,false
5942,0.36504107656793655,0.35,0.421888912280599,false
5943,0.5777087077314434,0.28,0.15431564683632978,false
5944,0.34964378407457136,0.45,0.15966721150264385,false
5945,0.3450326512474132,0.36,0.4555643168206657,false
5946,0.32812529464327284,0.3,0.2744980812612595,false
5947,0.33262961985796197,0.19,0.17434929213601225,false
5948,0.2614210614939131,0.07,0.03285430400866288,false
5949,0.35803539663593864,0.14,0.14031226672727207,false
5950,0.3993692338704423,0.05,0.0935329383249667,false
5951,0.37876739895947337,0.22,0.43830461447912045,false
5952,0.3760833818041172,0.72,0.4328752680415066,false
5953,0.42222035748278713,0.09,0.1729184529154975,false
5954,0.4885331917880524,0.36,0.5605206681509426,false
5955,0.568892320994968,0.35,0.5226269614254213,false
5956,0.33636857452541535,0.0,0.0925061632041676,false
5957,0.33734343831533525,0.34,0.26684044309611776,false
5958,0.30789385522628154,0.12,0.1426394687192143,false
5959,0.303213847220145,0.12,0.1660423428542293,false
5960,0.5931796809127345,0.51,0.5576394784238049,false
5961,0.42309832136901165,0.12,0.1676482443114626,false
5962,0.30792363133461215,0.08,0.18434846786494716,false
5963,0.43217399767019987,0.26,0.3784688727037301,false
5964,0.3460118527189911,0.17,0.23545996431891617,false
5965,0.36055408632202723,0.23,0.18575321327488323,false
5966,0.2858322458713555,0.03,0.07506416111982644,false
5967,0.30133375344890495,0.36,0.30036944940963445,false
5968,0.35538556772074803,0.42,0.5158899676828302,false
5969,0.3982057660813597,0.36,0.6096607094032237,false
5970,0.8574444607556322,0.76,0.7710189351612027,false
5971,0.4302664367644534,0.14,0.21828052621251892,false
5972,0.31626845475677234,0.23,0.1971576866035339,false
5974,0.4031852426218076,0.12,0.40238354676452437,false
5975,0.49893118696122424,0.3,0.5327160158363424,false
5976,0.4890458206649048,0.3,0.4975333825678731,false
5977,0.3375598594844529,0.26,0.21056528258857257,false
5978,0.3388463054559912,0.24,0.25600882024059035,false
5979,0.4463281746617955,0.3,0.47109182691639223,false
5980,0.3994277912937192,0.22,0.3279880857570081,false
5981,0.42270539642103383,0.42,0.5320492553996891,false
5982,0.4223414896759638,0.25,0.3275680915075026,false
5983,0.4425016908865632,0.38,0.4374122874939324,false
5984,0.48485921658321407,0.35,0.5100674410846477,false
5986,0.3521911952326428,0.07,0.13914649301781412,false
5987,0.5736635682304175,0.61,0.7055391649577616,false
5988,0.271240774247255,0.08,0.03601718299984212,false
5989,0.4310028382834936,0.21,0.05377739830282161,false
5990,0.2723093648338842,0.55,0.22133264340261008,false
5991,0.5190814515779625,0.37,0.39329841004558136,false
5992,0.5598004019882866,0.32,0.365626494978646,false
5993,0.35021663799857927,0.13,0.17159468284609844,false
5995,0.7996356083471737,0.97,0.8860408659211538,false
5996,0.6614988041929487,0.72,0.8182202717408102,false
5997,0.845206954528017,0.8,0.7857379621369693,false
5998,0.44644692579864603,0.46,0.5902196091750962,false
5999,0.3368476398750875,0.27,0.330116495923601,false
6000,0.36796056934226967,0.57,0.48930677515818627,false
6003,0.40194392971772963,0.1,0.3374108866087962,false
6004,0.46271138094825986,0.45,0.5057626503283612,false
6005,0.5855087479764125,0.6,0.6440640360648464,false
6006,0.3795311676339298,0.27,0.14942862486924935,false
6007,0.37271642405711275,0.17,0.12096815295830055,false
6008,0.45345987125828197,0.23,0.4599349920105309,false
6009,0.4709108108427635,0.57,0.5848936919731462,false
6010,0.4481707904267185,0.21,0.37212848978662755,false
6011,0.4433098811241486,0.19,0.27873647834040294,false
6012,0.5144383715303744,0.3566666666666667,0.45578601092946525,false
6013,0.35774040325067574,0.05,0.22182221584473177,false
6014,0.7042689071930117,0.7,0.7941062134399535,false
6015,0.4334973609421019,0.17,0.33637253242339094,false
6017,0.4507168436738819,0.13,0.28643840801070736,false
6018,0.35232414324093375,0.24,0.3610552610758439,false
6019,0.9402791712412792,0.97,0.9329244534421867,false
6020,0.3847417475042517,0.26,0.3558702124997702,false
6021,0.9934835550279051,0.62,0.8668019913488123,false
6022,0.8597013559102656,0.68,0.7645349327228089,false
6023,0.466197296652761,0.29,0.3247907887055215,false
6024,0.31426493594710964,0.35,0.3774482617552487,false
6025,0.5312487894747502,0.13,0.25676638703579135,false
6026,0.32576970659740817,0.03,0.07707844276000493,false
6027,0.5010668825507715,0.15,0.38440323594570674,false
6028,0.5380088480205923,0.38,0.6722154019846877,false
6029,0.3282114437696743,0.05,0.12503021593323357,false
6030,0.4716312127337005,0.23666666666666664,0.2964770436395622,false
6031,0.5352920483577843,0.51,0.6729418117437347,false
6032,0.32500881566886547,0.15,0.18173911893417835,false
6033,0.3599367952738077,0.15,0.2492035408946752,false
6034,0.3557930471632702,0.15,0.1411147065988174,false
6035,0.5310168700196063,0.24,0.5049466973497431,false
6036,0.5230316174185601,0.26,0.44369958722268693,false
6037,0.5393887719928968,0.29,0.6490080002943219,false
6038,0.502169852602524,0.46,0.6697554415585772,false
6039,0.3006989324271924,0.22,0.2865407760935689,false
6040,0.30501837722903785,0.15666666666666665,0.2748104635716652,false
6041,0.4925629247643232,0.43,0.18341574929181764,false
6042,0.5753270897114938,0.68,0.5651128301824887,false
6043,0.3619406881567146,0.06,0.1706700635957865,false
6044,0.8324989411126009,0.74,0.8087157486022574,false
6045,0.5649144963723703,0.85,0.6775021425258835,false
6046,0.4755055321825611,0.47,0.6037619768073852,false
6047,0.24194704960144187,0.04,0.2749153981974145,false
6048,0.4742947684060066,0.31,0.381698170228487,false
6049,0.4637554347877468,0.49,0.6470147494215471,false
6051,0.35802486230460234,0.76,0.5547429780772959,false
6052,0.3815500329676296,0.16,0.35501551520398167,false
6053,0.4389034665464616,0.29,0.3423679708421187,false
6054,0.3110358375520096,0.19,0.16320181894584798,false
6058,0.2817875834670065,0.4,0.2463781206680619,false
6059,0.25930885987585534,0.05,0.20223511231318006,false
6062,0.4159324896560408,0.11,0.3658466886241516,false
6063,0.32406986949499783,0.01,0.2168066596223104,false
6064,0.33151400902845657,0.0,0.04082758021891756,false
6065,0.3155956566574022,0.01,0.12510737952517792,false
6066,0.4091512267763937,0.1,0.21829448315110195,false
6069,0.33958120433136707,0.08,0.21995523580555146,false
6070,0.27206769983922535,0.07,0.06020919583083815,false
6071,0.3448027759040192,0.43,0.39238212420760504,false
6073,0.2821260905528229,0.63,0.6430171879624359,false
6074,0.31101803865826294,0.28,0.2236253707276943,false
6075,0.30829237861234904,0.11,0.17920483461343117,false
6076,0.3090636702179092,0.15,0.20347055462702615,false
6077,0.34080178069266975,0.27,0.36016546439239655,false
6078,0.3059492938265821,0.15,0.22762768178049536,false
6079,0.3238567233458511,0.29,0.17467789599097458,false
6080,0.5374661419056622,0.36,0.38722566316887835,false
6083,0.41635614806001486,0.04,0.2564566823931054,false
6084,0.4291138218863211,0.3,0.42786458135452227,false
6086,0.5374661419056622,0.36,0.38722566316887835,false
6088,0.3458346760090839,0.22,0.34313717268664023,false
6089,0.3287988206498687,0.75,0.29113513787811923,false
6090,0.4031740486835057,0.24,0.20440832979256787,false
6092,0.3339087492657899,0.35,0.29831850918578606,false
6094,0.44828845800449063,0.21,0.27585215815551317,false
6095,0.28313557727207656,0.02,0.09209278676811385,false
6098,0.3059492938265821,0.15,0.22762768178049536,false
6099,0.3238567233458511,0.29,0.17467789599097458,false
6100,0.7460980165632939,0.68,0.7409762583599326,false
6101,0.30286612153550807,0.09,0.20633492742671203,false
6102,0.3791379651888159,0.11,0.07936928621045154,false
6105,0.37185723512910246,0.46,0.24191155225835168,false
6106,0.35139135342583916,0.02,0.15700125180208874,false
6107,0.3614474469276426,0.27,0.43282987560702024,false
6108,0.35139135342583916,0.02,0.15700125180208874,false
6110,0.3090636702179092,0.15,0.20347055462702615,false
6111,0.6436316105818745,0.5,0.730776801270269,false
6112,0.32468056896640124,0.07,0.1859896821448319,false
6113,0.5380711118831082,0.28,0.1335370627804523,false
6114,0.4464541519502251,0.37,0.40563132478805486,false
6115,0.33433149155605324,0.1,0.14205781058203815,false
6117,0.496969357299414,0.35,0.3429658860411414,false
6119,0.4204599260052658,0.11,0.39508311596055,false
6120,0.49312991818218227,0.4,0.48869947310902845,false
6121,0.5380644183046496,0.2575,0.5861636021297675,false
6122,0.539261033629401,0.4475,0.46847059554596765,false
6123,0.49661243269088046,0.53,0.5640528741650452,false
6124,0.3690054333855893,0.17,0.2046260440418872,false
6126,0.3074603836631611,0.01,0.27466361684583834,false
6129,0.3074603836631611,0.01,0.27466361684583834,false
6130,0.4608295901461116,0.13,0.14115530263090015,false
6131,0.38763179431047,0.15,0.3586368444906919,false
6132,0.406707399841634,0.1,0.1925904752438971,false
6133,0.3597065056531552,0.29,0.5190066349211789,false
6134,0.5084929457117229,0.3,0.43603106304251144,false
6135,0.5684213831077772,0.36,0.3780462207867508,false
6136,0.3519280205559892,0.08,0.2507261810740742,false
6137,0.6250626662936751,0.48,0.720142292922928,false
6138,0.41218495259125393,0.63,0.5187484923272059,false
6139,0.5020925393385396,0.32,0.37107929943422624,false
6140,0.4706276844580438,0.28,0.46061650566928614,false
6141,0.442027069574907,0.34,0.20466990161954496,false
6142,0.4199932677969026,0.24,0.5983560152212086,false
6143,0.5100323543729368,0.5,0.46017569899922833,false
6144,0.3623638595998678,0.1,0.2347808254646546,false
6145,0.3888372470642172,0.21,0.32060661215723935,false
6146,0.6035287138633695,0.48,0.7014057280106157,false
6149,0.37220797910239,0.26,0.31712692185781954,false
6150,0.363161339187849,0.41,0.4113448701732076,false
6151,0.2616759996194764,0.14,0.051785763018551825,false
6152,0.2394669720255151,0.5432142857142856,0.4164296409736001,false
6153,0.5830476793846892,0.31,0.5215756468072892,false
6154,0.5582318623987653,0.29,0.5415579035148488,false
6155,0.27847590158827445,0.37,0.5249445527944628,false
6156,0.8433809873337187,0.69,0.7614455831539315,false
6157,0.3647169583598525,0.35,0.3289752021163443,false
6158,0.5833392142800321,0.51,0.6485032907442665,false
6159,0.9217413000801223,0.58,0.6962656944440145,false
6160,0.6200800484636935,0.52,0.6389278323765908,false
6161,0.5971569949195585,0.28,0.2835673593311285,false
6162,0.3666581460673737,0.33,0.39592648874381875,false
6163,0.31396067268004674,0.17,0.3126048140795946,false
6164,0.32233165130837527,0.12,0.16382943508669748,false
6165,0.6476590501523708,0.54,0.4609771346523619,false
6166,0.4365046872035649,0.37,0.3508294652630277,false
6167,0.3102923050618159,0.61,0.7129443776665162,false
6168,0.7205421606669435,0.53,0.7317811369854683,false
6170,0.36321643692976147,0.1,0.1601309292723446,false
6171,0.42450011065177473,0.08,0.23515679122620697,false
6172,0.36074331730845066,0.12,0.15690484375458585,false
6173,0.40519469761985116,0.13,0.0906279024210903,false
6175,0.4175823822939065,0.04,0.10523152466110419,false
6176,0.40389743156046803,0.06,0.28795950361908873,false
6178,0.4529037471761053,0.09,0.12139073165586273,false
6179,0.510540721588637,0.08,0.35338931645012667,false
6180,0.43500466174300434,0.26,0.2386006217709951,false
6181,0.4913618411468206,0.18,0.28771454780761707,false
6183,0.4744037445595598,0.17,0.02817725302343954,false
6184,0.42450011065177473,0.08,0.23515679122620697,false
6185,0.3758688626955688,0.13,0.22529180444006183,false
6186,0.37069895604074454,0.07,0.07427675300727929,false
6187,0.5234823183048058,0.24,0.2959035657172576,false
6188,0.5377464348658431,0.44,0.6157464893303094,false
6190,0.31970706335935556,0.23,0.306720161423976,false
6191,0.30575419091889156,0.41,0.25023529701916003,false
6192,0.40870823979314086,0.25,0.46111081548576743,false
6193,0.37966729366129526,0.04,0.1918889984113097,false
6194,0.3525516918480309,0.1,0.05668418220755707,false
6195,0.36543590577009283,0.27,0.5568138597832792,false
6196,0.36831813650244566,0.07,0.25991852589330977,false
6197,0.7381307756000588,0.71,0.8964619732697284,false
6198,0.35389537013515543,0.07,0.05195193494141122,false
6199,0.46706733398806743,0.39,0.5602391475697354,false
6200,0.4099320896342972,0.09,0.39202406382520244,false
6201,0.6308539782664744,0.71,0.6976899036312412,false
6202,0.6990024181938054,0.78,0.823196210542168,false
6203,0.3134699345866217,0.18,0.09631483436758052,false
6207,0.5173452109845896,0.22,0.5340424156842409,false
6208,0.5157710720190665,0.27,0.4238501639872313,false
6209,0.33072196309326335,0.11,0.2270634805470239,false
6214,0.5077464422414917,0.18,0.4533713086236934,false
6215,0.6631632479347247,0.8,0.6961387077316173,false
6216,0.7549840910812451,0.64,0.7642574891523952,false
6217,0.4019303185483725,0.43,0.6142825792604162,false
6218,0.4191620488652535,0.49,0.6291298252964543,false
6219,0.45582073202039974,0.31,0.59380560557403,false
6220,0.3897646111361879,0.29,0.29010102208285105,false
6221,0.30335573283127265,0.69,0.31050466554776,false
6222,0.43114568716505663,0.1,0.17152423533789782,false
6223,0.38691471355860635,0.16,0.3882816477187384,false
6224,0.45135956275318806,0.26,0.40121712838361573,false
6225,0.48378393715838264,0.35,0.4656907939271729,false
6226,0.3175998425319222,0.31,0.47445669280738717,false
6227,0.41048809536463354,0.24,0.4554189352725202,false
6228,0.5712359891108998,0.49,0.3480787485169521,false
6229,0.3083761436044803,0.18,0.03358625336400437,false
6230,0.3176603149481455,0.09,0.11170803290401417,false
6232,0.5025647501630629,0.1,0.504605735653357,false
6233,0.4631523346390353,0.25,0.504605735653357,false
6234,0.5956285079713399,0.49,0.6247365039171897,false
6235,0.6547815108984818,0.67,0.6671004942262596,false
6236,0.39013739426617694,0.24,0.32300878157025337,false
6237,0.7902014631018751,0.71,0.8298330270410664,false
6238,0.38064406024102004,0.12,0.32838936445418654,false
6239,0.4631523346390353,0.25,0.504605735653357,false
6240,0.4717654399647039,0.18,0.6222550022848746,false
6241,0.4554120147093489,0.18,0.20651766820387601,false
6242,0.765432151888319,0.33,0.7328402076518441,false
6248,0.7078801784588954,0.47,0.41631398340647047,false
6249,0.2893625863953478,0.01,0.04152747436577304,false
6252,0.4105367431248253,0.28,0.3455241567214401,false
6253,0.5916042375295208,0.47,0.5088817281050935,false
6254,0.4345940396000591,0.28,0.3624979183639689,false
6255,0.7030995486708725,0.52,0.30282774754542263,false
6256,0.3116584114657444,0.29,0.5836575302081277,false
6257,0.5364576493370207,0.63,0.6118209751668924,false
6258,0.4876019348938047,0.55,0.6011146583142521,false
6259,0.43175996117689835,0.31,0.4316984538196754,false
6260,0.5520744626703921,0.3,0.4664282894110248,false
6261,0.34238810439918466,0.08,0.34490547141364497,false
6262,0.3973868039373264,0.21,0.24248146880013577,false
6263,0.4359747593891916,0.27,0.44513158828472776,false
6264,0.31791306276746806,0.08,0.19187974488371468,false
6265,0.3823879707814846,0.14,0.26961387878140436,false
6266,0.49395854056166905,0.27,0.33298247725543423,false
6267,0.5159558514671789,0.31,0.46603290256376056,false
6268,0.49830113918388924,0.22,0.17932721234353638,false
6269,0.5234842805307747,0.33,0.3152784401703048,false
6270,0.44085170947972385,0.26,0.24266650398018344,false
6271,0.4280612327999632,0.23,0.21753131380863486,false
6273,0.3379409847708965,0.21,0.14227514904278052,false
6274,0.2776493991494251,0.24,0.16105978437434568,false
6275,0.6010001766979867,0.49,0.568106156235065,false
6276,0.48521029040481967,0.23,0.2263474858615006,false
6277,0.4706329396689483,0.26,0.333572773546929,false
6279,0.45835853235968893,0.08,0.055985845965046244,false
6280,0.5345134768914093,0.45,0.5588919382508186,false
6281,0.427940527044454,0.31,0.09517169119402748,false
6283,0.49963385686105793,0.32,0.38234444600254086,false
6284,0.5118114420236983,0.01,0.11115798081682725,false
6285,0.3586025197126281,0.14,0.4284075811780192,false
6286,0.3476411243529525,0.28,0.2620568216333333,false
6287,0.3940240845987368,0.15,0.28965242053306484,false
6288,0.49004245315670525,0.31,0.2857269255788034,false
6289,0.42699986778834376,0.37,0.2759435167738821,false
6290,0.5344983714163211,0.22,0.11905080111001645,false
6291,0.5132282945615807,0.29,0.3013850566510815,false
6292,0.4440778607383252,0.14,0.0760318909927384,false
6293,0.4160880523281143,0.15,0.18572443650035975,false
6294,0.43424788750074905,0.09,0.1979842889462729,false
6295,0.43424788750074905,0.09,0.1979842889462729,false
6296,0.37094944999740126,0.22,0.22136383967324574,false
6297,0.38493593896375405,0.32,0.32517720606945855,false
6298,0.5300577293660984,0.33,0.3191062672696439,false
6299,0.3765457156539374,0.2,0.28372912748942986,false
6300,0.3037177591468282,0.56,0.17443731171204846,false
6301,0.6077966444421714,0.29,0.516942957076066,false
6302,0.4924332411445328,0.05,0.22328821024464132,false
6303,0.2951287095565841,0.22,0.261285470290911,false
6304,0.4843593685320775,0.28,0.2818807962258282,false
6305,0.4168226873699075,0.3,0.23420943000370661,false
6306,0.43314716172785317,0.3,0.22529587698047177,false
6307,0.46746460118290944,0.26,0.46580593416214383,false
6308,0.3607005567042507,0.26,0.3626147564674687,false
6309,0.7314489914965432,0.46,0.4862021463584053,false
6310,0.7551689975042605,0.6,0.7744553119460821,false
6311,0.37753858564929693,0.32,0.2245442455299655,false
6313,0.42614788212631505,0.2,0.14978036791602595,false
6314,0.2743766122510002,0.31666666666666665,0.1649068244774174,false
6315,0.39569640097586467,0.14,0.1371510997424451,false
6316,0.8903905482097764,0.84,0.9500794225115057,false
6317,0.2795868822172956,0.57,0.5541668954705692,false
6318,0.6705491973805779,0.53,0.4800327995761175,false
6320,0.4701820614974335,0.29,0.4696070133057998,false
6321,0.7125766899425404,0.63,0.8028916795436102,false
6322,0.483716117801794,0.38,0.7778280437596675,false
6323,0.529921904662129,0.475,0.6091750213881819,false
6324,0.28042792162015895,0.32,0.5163400856664986,false
6325,0.41975504255517987,0.623,0.5381404985603755,false
6326,0.5530199624626618,0.5271428571428571,0.5430602673369087,false
6327,0.39312909517102596,0.48,0.506604060173685,false
6328,0.5435311966159133,0.375,0.34555693511553476,false
6329,0.4745735157542431,0.43,0.5343174662952125,false
6330,0.461504991802425,0.34,0.2877680605353542,false
6331,0.4425052750588707,0.22,0.24987838517884922,false
6332,0.3609737320052168,0.04,0.05459875363544292,false
6333,0.44814882689322433,0.16,0.246512064149589,false
6334,0.4609981819922902,0.25,0.47862541847506423,false
6336,0.39748141016848837,0.13,0.22310264440285135,false
6337,0.4114205151277495,0.22,0.23238672454844353,false
6338,0.31811071849258665,0.2,0.3989046427372927,false
6340,0.5240651935829449,0.36,0.661413893748674,false
6341,0.3602559474581298,0.19,0.39167435218524577,false
6342,0.3976003363022586,0.33,0.3128000884263721,false
6343,0.417757033684861,0.23,0.29891922535010546,false
6344,0.5484917257571312,0.43,0.6364161749373465,false
6348,0.3760287914616327,0.11,0.10389331035602263,false
6349,0.446104127488483,0.15,0.20859370760357396,false
6352,0.43741885461155117,0.18,0.30409449332853117,false
6353,0.45645276934545637,0.42,0.5426523043686461,false
6354,0.4845899436152346,0.45,0.47896412324963145,false
6355,0.4737349233995161,0.21,0.3438632928294652,false
6356,0.48291518596012584,0.36,0.4182895939693822,false
6357,0.4583674834928961,0.36,0.3878944862735079,false
6358,0.4469163012899993,0.73,0.6136761524356629,false
6359,0.5567448913846959,0.38,0.2970300062955251,false
6360,0.5558042540564265,0.35,0.7873399205313436,false
6362,0.4240704749264371,0.32,0.34050660341945316,false
6363,0.3288626155831244,0.07,0.18457384361032286,false
6364,0.3496851021611781,0.22,0.20445376535099793,false
6365,0.4544477018195469,0.12,0.6291686189348479,false
6366,0.2509431550212606,0.11083333333333333,0.26932749578176307,false
6367,0.8871657400371145,0.5,0.66989805164864,false
6370,0.4389485353252758,0.42,0.4437283962362798,false
6371,0.6004782953917956,0.22,0.30411104823695667,false
6372,0.3635527200424743,0.1,0.22588773996449385,false
6373,0.41743083061806263,0.12,0.18447271467453924,false
6375,0.30090856969485635,0.06,0.11274952075715734,false
6376,0.4863415020102219,0.46,0.508612234506979,false
6377,0.41830943306608276,0.18,0.32968922128019373,false
6378,0.4766493406442395,0.18,0.3357648524091286,false
6379,0.5119741539010503,0.31,0.3570611850609616,false
6380,0.441775416506963,0.18,0.37321517146615624,false
6381,0.32812313305672897,0.1,0.1878205779634497,false
6383,0.35443015402903516,0.24,0.43988672116505495,false
6384,0.5007270018221777,0.32,0.4080164370395969,false
6385,0.20039888450658114,0.01,0.08563529234044082,false
6386,0.35443015402903516,0.24,0.43988672116505495,false
6387,0.2537587102735386,0.07,0.21130386238736631,false
6388,0.3584184829416535,0.19,0.32365984312834456,false
6389,0.49306446359577183,0.27,0.5221324859539009,false
6390,0.4534558344794771,0.35,0.5499147196155306,false
6391,0.44941148944174547,0.24,0.42466444810311893,false
6392,0.5003939224643069,0.34,0.4921297607029248,false
6393,0.3694198442729407,0.17,0.41278075941400705,false
6394,0.4812987657154772,0.29,0.3323630960995094,false
6395,0.4586919251689547,0.03,0.11861526625224497,false
6396,0.20039888450658114,0.01,0.08563529234044082,false
6397,0.49728357203692986,0.12,0.5388219838783569,false
6398,0.39070466081506444,0.35,0.4288426802514458,false
6399,0.38815220031938774,0.25,0.2899719546722215,false
6404,0.32104797174180727,0.09,0.06354039258155891,false
6405,0.38692195758454895,0.06,0.16099492457316406,false
6406,0.37497229694814155,0.13,0.1819821822064738,false
6407,0.27368651640261504,0.2,0.15839008334460283,false
6408,0.4963440929547168,0.25,0.27167529376976973,false
6409,0.4219650171446678,0.36,0.6850498422214762,false
6410,0.3444031206532587,0.35,0.2911499764647029,false
6411,0.3159687233198949,0.11,0.13681922010910996,false
6412,0.5711659094879343,0.32,0.24109644885004658,false
6413,0.5856115889133601,0.55,0.6107524208892764,false
6415,0.6313852947006203,0.48,0.5945470680487033,false
6416,0.5246496227710654,0.52,0.5328261306294586,false
6417,0.6624833714854172,0.62,0.8325850063161077,false
6418,0.4245711669324421,0.12,0.10378100934979274,false
6419,0.4560693432739575,0.39,0.4373786785282427,false
6420,0.2932785886191681,0.08,0.10293460669900367,false
6421,0.4501347397735602,0.26,0.320848843652986,false
6422,0.3152195526948107,0.03,0.1692668355049102,false
6423,0.4337818748008877,0.14,0.13586597753593624,false
6424,0.3997326783060481,0.14,0.2951133841204897,false
6425,0.3935667966847485,0.25,0.34464130191000175,false
6426,0.36801864877283225,0.09,0.07379338750660769,false
6428,0.32913822957423,0.19,0.1200355405065723,false
6429,0.3872617334526358,0.1,0.16004016404447707,false
6430,0.3665631019980725,0.14,0.10872960900617927,false
6431,0.5952439955891082,0.35,0.5445700202609003,false
6432,0.4995172721520806,0.29,0.3982620152331036,false
6433,0.42676908871142555,0.18,0.2952884055648923,false
6434,0.4001833721435661,0.79,0.6932754806755665,false
6435,0.3809836264866831,0.15,0.20600334773412257,false
6436,0.4908107209141837,0.34,0.35528012935893305,false
6437,0.3736171246058252,0.14,0.27123528362774707,false
6438,0.3441731520811014,0.21,0.19563714563659926,false
6439,0.3625616374695021,0.19,0.3421665839874755,false
6440,0.37250356946063906,0.14,0.2444856508525002,false
6441,0.32329018712140367,0.11,0.18998832948268232,false
6442,0.4040204610081353,0.04,0.15982044802250214,false
6443,0.29794980155382855,0.16,0.08414810201962244,false
6444,0.30090856969485635,0.06,0.11274952075715734,false
6445,0.3626085887714893,0.13,0.3336580689354931,false
6446,0.194593796302588,0.56,0.5669245627046615,false
6449,0.9196407992477482,0.5,0.5750584368639288,false
6450,0.3670328476456044,0.19,0.18707596089302275,false
6451,0.44273138562851977,0.07,0.1344144662969878,false
6452,0.2875497769316462,0.0,0.14149872260215363,false
6453,0.2641639445758635,0.01,0.1166694716699336,false
6454,0.632706747968321,0.76,0.7518863135600998,false
6456,0.43546145900627087,0.2,0.1850334780951715,false
6457,0.4057179603925843,0.49,0.5394371460308797,false
6458,0.3915766057940784,0.18,0.2042334360218197,false
6459,0.3848974321054617,0.14,0.32672797002502196,false
6460,0.39236137315478836,0.07,0.22815510802367903,false
6461,0.456435259943,0.19,0.18339991304006378,false
6462,0.7300138160964667,0.68,0.5754920183415432,false
6463,0.7589019035221383,0.48,0.4876083050093532,false
6464,0.7879248132999975,0.46,0.3414042987996224,false
6465,0.885713521621333,0.76,0.38756977417217664,false
6466,0.8609013823652371,0.41,0.23956572636153708,false
6467,0.8351402487791991,0.49,0.5509565843405868,false
6468,0.32325218690368096,0.34,0.42383880845162625,false
6469,0.8451467900291372,0.23,0.31667562239721736,false
6470,0.9579899102099453,0.49,0.5840523193251476,false
6471,0.741419968741472,0.67,0.8747515952197652,false
6472,0.8383895442071315,0.49,0.750018497940052,false
6475,0.45099198153583736,0.09,0.27533246931283484,false
6477,0.42105815072821406,0.23,0.34601106674798504,false
6480,0.5289849816539518,0.39,0.6079452114059215,false
6481,0.38699484355161795,0.16,0.4105784443306408,false
6482,0.29117407031536946,0.52,0.41040231883896233,false
6483,0.4246163577786501,0.26,0.29500051554226353,false
6486,0.34062771620037624,0.07,0.06050515615541363,false
6487,0.8375251514283468,0.67,0.8365378534476955,false
6489,0.42105815072821406,0.23,0.34601106674798504,false
6491,0.2932596315132894,0.23,0.2975822372840263,false
6492,0.7566371672355251,0.73,0.8395820323812397,false
6493,0.44877858509610724,0.2,0.45278567405286113,false
6494,0.4562503476617846,0.2,0.38973488797851874,false
6495,0.5203097905967736,0.24,0.5366652779635932,false
6496,0.27380706941149197,0.07,0.2873665295705156,false
6497,0.4642779981731538,0.22,0.46123534813474104,false
6498,0.4073271767369499,0.1,0.2573827366070502,false
6499,0.3138626271209108,0.04,0.12547930508209196,false
6501,0.5010457332757704,0.37,0.40407743507195204,false
6502,0.34425202849330927,0.35,0.36759738049650514,false
6503,0.4543528362768293,0.13,0.14918023992154608,false
6504,0.46539236646563364,0.27166666666666667,0.34867977735448036,false
6505,0.5052181994272278,0.2,0.24629849973509188,false
6506,0.4426046362269006,0.21,0.1492425539450306,false
6507,0.44504724469727774,0.88,0.5162177460265512,false
6508,0.44279513536829035,0.47,0.4426145008981815,false
6509,0.28371852031385286,0.48,0.46759295526528566,false
6510,0.4831803587724354,0.43,0.6063285502854057,false
6511,0.3988549131835615,0.02,0.379933625405517,false
6512,0.4508528632853527,0.22,0.4015684912133654,false
6513,0.5312792133766532,0.23,0.6161562826666918,false
6514,0.3801444588557322,0.15,0.316246366254345,false
6515,0.3883866656690085,0.25,0.17361305400534813,false
6516,0.6392684989107263,0.35,0.4111380223231322,false
6517,0.3470779304824544,0.15,0.12993269891424108,false
6518,0.36043760110637096,0.09,0.14444133534523382,false
6519,0.32013225909112936,0.08,0.35816247917120897,false
6520,0.30017071041060267,0.0,0.25791734587204435,false
6521,0.36901774495357065,0.11,0.1657652238216391,false
6522,0.31821995841846795,0.05,0.12617575687741342,false
6523,0.3347400839405634,0.28,0.2072634070024558,false
6524,0.3134250321030732,0.08,0.19518228108051294,false
6525,0.3134250321030732,0.08,0.19518228108051294,false
6527,0.322434261502475,0.21,0.36409063229042243,false
6528,0.4322687822534727,0.31,0.2227689462897603,false
6529,0.7288210582694512,0.5,0.2839774408549262,false
6530,0.3356155427830643,0.06,0.14097899341602466,false
6531,0.35970952145340424,0.26,0.27395516727985686,false
6532,0.35085916294652175,0.19285714285714284,0.2939648459030162,false
6533,0.36263900970446006,0.06,0.20131588680348828,false
6534,0.35314482825475635,0.21,0.4524841285069129,false
6535,0.2968471488518186,0.18,0.21947430899018583,false
6537,0.4355378563569292,0.28,0.4120849248169505,false
6538,0.352311516015052,0.12,0.12420807370348592,false
6539,0.30316399253902315,0.05,0.11991994023128286,false
6540,0.33605546181637497,0.06,0.10597285720982919,false
6543,0.336631045393225,0.0,0.1477998361765448,false
6544,0.31955269751827714,0.01,0.17507075023452193,false
6545,0.4477004770207857,0.16,0.2819149315222737,false
6546,0.4477004770207857,0.16,0.2819149315222737,false
6547,0.4583821407115907,0.17,0.20155112594433985,false
6548,0.2828454292174599,0.016666666666666666,0.15761526049411798,false
6549,0.3268868663299758,0.14,0.20897499779291726,false
6551,0.37739272368942,0.26,0.38330650714389536,false
6552,0.32144120522026626,0.06,0.10028317000414563,false
6553,0.3822291855188132,0.27,0.2509962501601615,false
6554,0.407744978622404,0.3,0.45481561055874253,false
6555,0.42993566173697345,0.38,0.34881302796931635,false
6556,0.682320982580049,0.44,0.6188143007404705,false
6557,0.45824860587847466,0.21,0.5746458353234399,false
6558,0.45609083438331915,0.26,0.4570970169441226,false
6559,0.5495817068445167,0.42,0.6144320482088689,false
6563,0.5101202920368704,0.3,0.2125844751184037,false
6565,0.6283239975329199,0.69,0.8105050908758928,false
6566,0.4384255032738664,0.13,0.19809831351217133,false
6567,0.4371334770060684,0.19,0.4423403759708576,false
6568,0.5543538776982082,0.34,0.5354703898918838,false
6569,0.44464909550569626,0.365,0.239892337550137,false
6570,0.3881325769397282,0.28,0.37227693838310966,false
6571,0.3872487202927341,0.65,0.5504487604639494,false
6572,0.4307499598005725,0.35,0.34444317248384865,false
6573,0.6051373614938432,0.42,0.5509026134981968,false
6574,0.5881491236635691,0.36,0.4105286131726475,false
6575,0.39163183453695827,0.29,0.22118146637262528,false
6576,0.3807720240871642,0.23,0.34525717284086227,false
6577,0.36929495014217967,0.02,0.2851892414962843,false
6578,0.36929495014217967,0.02,0.2851892414962843,false
6579,0.42418996596303776,0.36,0.25436229038155006,false
6580,0.39874284622871425,0.53,0.5650811778122499,false
6581,0.28412667743683867,0.49,0.3679120210362526,false
6582,0.6926681238813001,0.33,0.5085600537298772,false
6583,0.6644166951029095,0.65,0.8367255979302789,false
6585,0.26242788381952376,0.025,0.14666087614752354,false
6586,0.25469591499007976,0.06,0.13214388393656856,false
6588,0.3180013176504332,0.14,0.13719302853092508,false
6589,0.32325662215682244,0.11,0.10575437523085852,false
6591,0.350836340418749,0.12,0.23946692120015234,false
6592,0.34437224929994226,0.17,0.2532537338233738,false
6593,0.44091124807784204,0.32,0.4203465900114762,false
6594,0.36184025879274767,0.11,0.22868814656744488,false
6595,0.5869854252598304,0.19,0.21707556941488887,false
6596,0.5499009193417043,0.41,0.6159474910826769,false
6597,0.6065268128160616,0.34,0.5459981329478646,false
6598,0.4307499598005725,0.35,0.34444317248384865,false
6599,0.31081290506868164,0.24,0.20172140141518305,false
6600,0.39874284622871425,0.53,0.5650811778122499,false
6601,0.4190276248412725,0.13,0.18172785691394813,false
6602,0.4578683352604609,0.26666666666666666,0.38157309151699725,false
6603,0.5963087700308326,0.3,0.31160181907614826,false
6606,0.4283426631716928,0.3,0.49280098232464814,false
6607,0.3958901754593233,0.21,0.18613516587311071,false
6608,0.37467966669273184,0.28,0.14225502812314006,false
6609,0.34654050127222114,0.28,0.3321815094634282,false
6610,0.26212646656131344,0.11,0.029766538362693308,false
6611,0.2910901981817824,0.07,0.11207497651687826,false
6612,0.297577720353988,0.29,0.39463770720900454,false
6613,0.3894522696686674,0.1,0.24250403599764392,false
6615,0.41319574779424334,0.12,0.23712652615541951,false
6616,0.27230679393872304,0.145,0.1897001700915023,false
6617,0.28999881841542463,0.05,0.18535743034497032,false
6619,0.44766670885415444,0.13,0.24042262571755144,false
6622,0.26952531184750134,0.01,0.02544464600047076,false
6623,0.321188500652571,0.19,0.17271602409441353,false
6630,0.5294280376029861,0.28,0.38591951378625916,false
6631,0.517135297847912,0.4,0.5326781685152576,false
6632,0.34016346863629937,0.16,0.21089392623065387,false
6633,0.3106110960658527,0.15,0.16975668963081508,false
6634,0.3579088256927125,0.19,0.33769450088324743,false
6635,0.252965584448717,0.3176666666666667,0.30151434637624003,false
6636,0.3803596698624697,0.18,0.0824111343138861,false
6637,0.30706078904115414,0.03,0.24171632921021124,false
6639,0.2541561018192783,0.0,0.07257678988245395,false
6641,0.3649212574641302,0.33,0.3604834614893147,false
6642,0.34457645924674607,0.14,0.12984881131904238,false
6643,0.3583636306325785,0.31,0.25215387634955644,false
6644,0.36910956240310616,0.25,0.0938542289537154,false
6645,0.31273023477182327,0.36,0.31629214897346547,false
6646,0.34457645924674607,0.14,0.12984881131904238,false
6647,0.33050390596303747,0.51,0.36709853772475715,false
6648,0.35484394151902954,0.12,0.1038816537803147,false
6666,0.3489145590390119,0.05,0.19905380883377793,false
6667,0.46485944655177386,0.29,0.1573517692177057,false
6669,0.29393892410905076,0.04,0.10229573172485666,false
6670,0.25482641283356294,0.04,0.11125707369688205,false
6671,0.4770351685196906,0.21,0.30840061628986365,false
6679,0.22941158664872943,0.0075,0.10720221719296197,false
6680,0.19262985244626246,0.298,0.07219121144168351,false
6681,0.22799827949784054,0.165,0.09707506362259208,false
6682,0.34284660870860767,0.05,0.041785702577376245,false
6684,0.3279323017204142,0.26,0.24005291662637818,false
6685,0.7125499670868358,0.55,0.5387057737665598,false
6686,0.45708515119997384,0.18,0.1757007000230997,false
6687,0.523933943366483,0.2,0.31351108973121705,false
6688,0.385162427499096,0.52,0.44169138380297013,false
6689,0.36934841363373344,0.07,0.23142969108989955,false
6692,0.3760483124666612,0.22,0.177226993230094,false
6696,0.21909868293068713,0.01,0.03568482489202625,false
6698,0.36919866070552965,0.09,0.14319814441301804,false
6700,0.374628473114756,0.39,0.4545834800124242,false
6701,0.3435668805247095,0.06,0.30235050000678065,false
6702,0.3435668805247095,0.06,0.30235050000678065,false
6703,0.38087107650052565,0.21,0.4849733670277481,false
6704,0.43896766499936,0.14,0.18848818799983857,false
6705,0.4639604131759043,0.15,0.1770073412057102,false
6706,0.3839763839356881,0.24,0.364203252386379,false
6707,0.49260204842512223,0.39,0.6378482286459883,false
6708,0.47248300676490773,0.35,0.46922713979786795,false
6710,0.3734229152882784,0.22,0.3764772411362887,false
6711,0.3535053004375082,0.15,0.32089904483945786,false
6712,0.4058628335435566,0.11,0.32537706324740145,false
6713,0.38770798081074165,0.14,0.2768612755919766,false
6714,0.38715036429787664,0.08,0.19664160281157814,false
6715,0.4366568224314559,0.32,0.15523010287981817,false
6716,0.27457565873841816,0.4,0.16857514780377938,false
6718,0.3815992792661729,0.19,0.23610220823396907,false
6719,0.26470954634891025,0.4,0.19303048073572504,false
6720,0.3068764850657138,0.4075,0.22615235040254208,false
6721,0.3778751011232064,0.16,0.164887980163166,false
6722,0.6680040944899168,0.27,0.2737702969801587,false
6723,0.9999481884458902,0.98,0.9111941534013945,false
6724,0.3177760062519066,0.14,0.294533729539851,false
6725,0.4472743728706398,0.58,0.47199755585246733,false
6726,0.3262040683116159,0.05,0.21329080766263286,false
6727,0.4879579459180689,0.4,0.6332839396446505,false
6728,0.3714609615348198,0.19,0.17993775606538281,false
6729,0.30719462227441235,0.15,0.19976045017123298,false
6730,0.6499360535388005,0.33,0.21858100169672356,false
6731,0.46767832227862394,0.16,0.3636096074194608,false
6732,0.6360481370691664,0.27,0.3548283449618398,false
6733,0.44758896047669305,0.35,0.525671823080278,false
6734,0.3445591134638275,0.09,0.10717756948863791,false
6737,0.46658058751486814,0.46,0.6507180164539281,false
6738,0.4820547544608239,0.35,0.6342739242560962,false
6739,0.434772196946203,0.43,0.3946277625323545,false
6740,0.3755151039412175,0.11,0.43835924594029896,false
6741,0.4195039809767102,0.2,0.3047478431743983,false
6742,0.4342399803672984,0.3,0.45202090612928014,false
6743,0.5634745159372841,0.52,0.612294792655622,false
6744,0.4244852459817811,0.17,0.41962551371748014,false
6745,0.28512380622047223,0.18783333333333335,0.2131770100023096,false
6746,0.3147655630437262,0.07,0.21717089218814026,false
6747,0.40253208864983947,0.22,0.32721604129532395,false
6749,0.3160446579938175,0.13,0.04904994316911574,false
6750,0.6452337019484243,0.35,0.3136555950636402,false
6751,0.41905824209036324,0.24,0.565368458586063,false
6752,0.33016519950172823,0.07,0.1525519573474765,false
6753,0.3255077269281052,0.02,0.1779444308939577,false
6754,0.3632271832095599,0.24,0.19953008739249964,false
6755,0.5092360046161525,0.42,0.37871856426623723,false
6756,0.33114593254789815,0.23,0.14933641906765055,false
6760,0.3490983276278294,0.27,0.06529903077663282,false
6763,0.41046728769411583,0.07,0.20315558481934917,false
6764,0.40086071870905815,0.12,0.10733174733849689,false
6765,0.3815820896962236,0.38,0.32672424165120445,false
6766,0.35196686136490063,0.26,0.4858674643795383,false
6769,0.3456074906844433,0.16,0.14759499362456308,false
6770,0.29863203397448196,0.58,0.42259620373797147,false
6771,0.48532845566511323,0.42,0.19943728478712947,false
6775,0.33246944115380833,0.24,0.3308528894057457,false
6777,0.3629590899255182,0.02,0.2818797561203669,false
6778,0.49799460158504927,0.46,0.42616270426741865,false
6779,0.5390515294009285,0.64,0.6464969920076479,false
6780,0.4161706468258806,0.32,0.4569392540336237,false
6781,0.49803588603486426,0.28,0.37291650498778556,false
6783,0.35637395416439616,0.41,0.4374956553268063,false
6784,0.3857388732149369,0.26,0.31113936222803273,false
6785,0.4648870107437199,0.38,0.5728037017613493,false
6786,0.4274237926390834,0.35,0.5642920668776941,false
6787,0.44826396521696477,0.28,0.18752130016298635,false
6788,0.3817355582228378,0.35194444444444445,0.3861219950976333,false
6789,0.7534945633319171,0.45,0.4097661965149919,false
6790,0.35938380539075415,0.23,0.24434369613615675,false
6791,0.496613338258269,0.33,0.5147931003761864,false
6792,0.372636140656213,0.07,0.13029509500654382,false
6793,0.3078382963370069,0.14,0.3069528570904015,false
6794,0.5326908052936953,0.47,0.5965196145884697,false
6795,0.8471357697665112,0.76,0.7551522653874707,false
6796,0.3450743407968882,0.26,0.3000480965551623,false
6797,0.42408398339804126,0.14,0.21804146817639608,false
6798,0.6599217513260528,0.74,0.6892208971785709,false
6799,0.7480824483341075,0.75,0.47653110891908007,false
6800,0.4472972554320145,0.59,0.544801888587617,false
6801,0.4439403891105132,0.19,0.16870367584233137,false
6802,0.4040095038935406,0.21,0.3659199620243276,false
6803,0.3947426193837077,0.3,0.6286414774610983,false
6804,0.4436873249880167,0.29,0.45588432293603776,false
6805,0.4364630958279599,0.29,0.27808193116149355,false
6806,0.4750761756505424,0.28,0.3322403988489095,false
6807,0.3963739624120635,0.03,0.2995941512588221,false
6809,0.2843311765867197,0.08,0.05035012256201356,false
6810,0.29497198882349424,0.08,0.14023933004031688,false
6811,0.3025871286337169,0.11,0.1813285927220378,false
6812,0.33198690061099795,0.13,0.2656449362683007,false
6813,0.4012564455984144,0.21,0.3144812608196624,false
6814,0.4043828975987823,0.04,0.1945248815640821,false
6815,0.42080017651769486,0.09,0.3155649985195292,false
6816,0.5170518139796374,0.62,0.7018381227765691,false
6818,0.4779054716542921,0.31,0.5208593893163636,false
6820,0.39401061044584806,0.09,0.21769715986046,false
6821,0.4936504300650349,0.22,0.2892792957092576,false
6822,0.3870400654151831,0.27,0.10551217345511493,false
6824,0.3747947115910795,0.14,0.12410484711343854,false
6825,0.41095804961332094,0.5,0.3057316076894238,false
6826,0.53819829904963,0.35,0.38050815561751744,false
6827,0.4661824462601834,0.32,0.4587039198499866,false
6828,0.4523163598500814,0.43,0.31706524743274506,false
6829,0.8118427130105846,0.73,0.8960476306052849,false
6830,0.37874106210114517,0.3116666666666667,0.38117672731967966,false
6831,0.518234546180966,0.39,0.34497564078247933,false
6832,0.38455014362037104,0.18,0.31767474452924305,false
6833,0.47463111506797717,0.3,0.23848470468712818,false
6834,0.48798668530148986,0.11,0.2786616971485184,false
6835,0.3717863652318719,0.27,0.23034700450729517,false
6836,0.4808204151346081,0.28,0.21528880515090382,false
6837,0.35104445411246066,0.09,0.24394841418856458,false
6838,0.39046416225889397,0.27,0.395473878048372,false
6839,0.5153993521733888,0.3,0.2230882712143062,false
6840,0.2643066687710119,0.27,0.1632162728925608,false
6842,0.3418159540015308,0.12,0.1839035795275713,false
6843,0.26377730428623974,0.07,0.029901839872931893,false
6844,0.4189848916096204,0.08,0.19043100674344565,false
6845,0.2986316126826619,0.04,0.10406204509182898,false
6846,0.8627331751913223,0.49,0.749138852068714,false
6847,0.8613920019151204,0.44,0.754587072337133,false
6848,0.5429661603830997,0.27,0.3754645658377812,false
6849,0.5499893189853717,0.39,0.3247293417252358,false
6850,0.7016926881735076,0.74,0.7973547344130858,false
6851,0.5180751755457943,0.24600000000000002,0.4319797245345954,false
6852,0.5471377378002205,0.64,0.6134755041936691,false
6853,0.4111417901839589,0.12,0.29177763774436005,false
6855,0.5047471294095589,0.28,0.47151231537992633,false
6856,0.3880507391758862,0.11,0.1597643605508595,false
6857,0.3880507391758862,0.11,0.1597643605508595,false
6858,0.42270472324615865,0.32,0.453440066710056,false
6859,0.4552918775566256,0.39,0.1758402432726027,false
6860,0.584795976475022,0.39,0.5380908916422791,false
6861,0.634002243384419,0.64,0.7911235203427032,false
6862,0.3845018522622416,0.0,0.3036878269970394,false
6863,0.3935459888446654,0.18,0.4110384509868076,false
6864,0.30579769283684427,0.14,0.0879035137456157,false
6865,0.28859239121863867,0.10099999999999999,0.08407480897584695,false
6866,0.30138967815065837,0.12,0.28055661718992997,false
6867,0.37522610377524346,0.3,0.31025651729388315,false
6868,0.42088235355853465,0.34,0.3945987888149272,false
6869,0.39971930733076694,0.22,0.38598317607763216,false
6870,0.27692514786534533,0.67,0.4193974299890762,false
6871,0.31899093426895614,0.46,0.28326777943193354,false
6872,0.5481722265336594,0.6,0.6655308628199489,false
6873,0.285294800530329,0.04,0.10851690922853677,false
6874,0.3963134160448031,0.42,0.4585553740271206,false
6875,0.3963134160448031,0.42,0.4585553740271206,false
6876,0.26862330824057556,0.2,0.16580246788106287,false
6877,0.34537151501114643,0.22,0.20634310014692822,false
6879,0.44812038821911165,0.41,0.5405945545066821,false
6880,0.47359505196307716,0.16,0.36422374258233986,false
6881,0.23194364483485944,0.24,0.17917660294488402,false
6882,0.325653441694939,0.07,0.16064493080495856,false
6883,0.29196353543437625,0.08,0.03536211838800987,false
6884,0.5445318459226891,0.35,0.5851724877058415,false
6888,0.2387101266742027,0.13266666666666665,0.19727506944460738,false
6889,0.3017064831225061,0.06,0.059773873148004864,false
6890,0.5082448831610339,0.33,0.6371765188849428,false
6891,0.6351663088166052,0.42,0.47707442199776245,false
6893,0.8542229918773029,0.66,0.9364387047781093,false
6894,0.5462805888564692,0.27,0.3544472435175941,false
6895,0.6018603860784602,0.27,0.3568150969751257,false
6896,0.5860152899041038,0.29,0.2659836194813729,false
6897,0.4698034188134329,0.48,0.6175082740748735,false
6898,0.47342665768700776,0.22,0.1815535367578999,false
6899,0.5396522402570703,0.44,0.5986120624508154,false
6900,0.5380373424374347,0.36,0.3467348689005722,false
6901,0.36113927233654,0.12,0.37345809051197193,false
6902,0.35237755135456467,0.15,0.2902842246874492,false
6903,0.3526117552222076,0.04,0.2273253826563542,false
6904,0.379561421749945,0.72,0.7646224960807053,false
6906,0.4024840726188048,0.3,0.42715367501467816,false
6907,0.380788638752112,0.35,0.5133144501941376,false
6909,0.31952642552583344,0.1,0.2783126843717495,false
6910,0.3982883808088234,0.28,0.1755599936176969,false
6911,0.39734075956829185,0.06,0.2848970013482934,false
6912,0.6712971458515624,0.47,0.6837795127380074,false
6913,0.33063824323394114,0.0,0.24120192468589802,false
6914,0.454517919143251,0.67,0.6415307277836071,false
6915,0.5802102290663488,0.44,0.3712354138098129,false
6916,0.3537262033422627,0.1,0.24406917834543151,false
6917,0.2915150150816573,0.13,0.19882205585368282,false
6918,0.3107831359705069,0.04,0.19858149590693122,false
6919,0.36792745474546584,0.24,0.2900151841584582,false
6920,0.5071123504868322,0.24,0.5653794716172984,false
6921,0.4956895384136279,0.29,0.46619038285163933,false
6922,0.34522059601207394,0.04,0.12767391983978846,false
6923,0.33168611479862475,0.04,0.0893646571996342,false
6924,0.3476028380469935,0.09,0.2034918346297416,false
6925,0.32392565789490485,0.06,0.09476270072658245,false
6926,0.3429273789760197,0.08,0.13117343896971306,false
6927,0.48562223785903563,0.44,0.24983087899313364,false
6928,0.7893798589478513,0.59,0.7417883427105633,false
6929,0.3931983981890733,0.19,0.35375819870447356,false
6931,0.45751254919399814,0.59,0.3718966493438393,false
6932,0.30223632155552554,0.0,0.2214791946648336,false
6933,0.38881580286876477,0.33,0.2744099920176158,false
6934,0.3135243421629947,0.15,0.23320509485437863,false
6935,0.41541139237089325,0.18,0.3259587609994926,false
6936,0.7470318603299043,0.47,0.7000956426083782,false
6937,0.49067890602717384,0.52,0.48010374518767895,false
6938,0.4912134015134793,0.4,0.5184101904774864,false
6939,0.427659509597043,0.23,0.20291565260635316,false
6940,0.4092997336873769,0.39,0.5204322347818104,false
6941,0.29948809823162337,0.0,0.15826793476293566,false
6943,0.35269124169854654,0.07,0.10739664797955288,false
6944,0.37450848500005757,0.16,0.32300878157025337,false
6946,0.3649532899513869,0.07,0.04821830257180082,false
6947,0.5971364661449972,0.43,0.5848075554380425,false
6948,0.3561223901986832,0.19,0.22056872923251827,false
6949,0.4112022109890934,0.11,0.4215195012568105,false
6950,0.41533102001970096,0.13,0.38495297789407634,false
6952,0.5942076544019169,0.37,0.3269325081263959,false
6953,0.3251710370814525,0.25,0.1751596114504943,false
6954,0.8197808908072307,0.26,0.7318826704058533,false
6955,0.39017352714615605,0.75,0.5987579928880085,false
6956,0.67307935212918,0.47,0.5110703609033279,false
6958,0.2591534981961428,0.09,0.3132249412374939,false
6959,0.33011860935240117,0.04,0.07998843692880708,false
6960,0.37941623128616764,0.11,0.29916910906916594,false
6961,0.3911928624163121,0.16,0.3586305604960909,false
6962,0.33211871364996604,0.36,0.2953279094042084,false
6963,0.6591664642721067,0.56,0.6773663338128435,false
6964,0.36098305752167337,0.26,0.25185639434543977,false
6966,0.29236240069263414,0.23,0.187594671543274,false
6967,0.3384606175740586,0.27,0.24547928432928448,false
6968,0.33082991017043384,0.1,0.08650550679030365,false
6969,0.4498929939199851,0.3275,0.3165375695893853,false
6970,0.31823000655373257,0.07,0.19942891718824393,false
6971,0.31823000655373257,0.07,0.19942891718824393,false
6972,0.4177514179653333,0.34,0.3129302055731187,false
6973,0.4201862757502127,0.17,0.22456699046926706,false
6974,0.4827939357146911,0.46,0.5065073734867735,false
6975,0.3210443570090652,0.1,0.1430315398412655,false
6976,0.3662517291838868,0.06,0.14517163822778595,false
6977,0.6665198505815917,0.59,0.5499899434386595,false
6978,0.3589297237178844,0.1,0.22313067565983588,false
6979,0.3589297237178844,0.1,0.22313067565983588,false
6980,0.4177514179653333,0.34,0.3129302055731187,false
6981,0.3432212265654297,0.43,0.4696951873357359,false
6982,0.3908780888792696,0.03,0.1502316617681635,false
6983,0.319643831074446,0.09,0.12302929596287891,false
6984,0.41063336599226746,0.12,0.15975808526813504,false
6985,0.2895684326905382,0.07,0.07780308048786361,false
6986,0.3299391854247574,0.06,0.1286856111488519,false
6987,0.3849752810659244,0.29,0.40163573238181643,false
6988,0.421022237453374,0.28,0.2762922950452187,false
6989,0.42248149887560105,0.53,0.2904414935084707,false
6990,0.38041204290979175,0.26,0.3531319355782092,false
6991,0.41378257448849526,0.15,0.25789036278063204,false
6992,0.4158657199628902,0.32,0.23529171273526303,false
6993,0.3221428323701505,0.09,0.10927340296189676,false
6994,0.439222645387429,0.3,0.185852078919905,false
6995,0.3411508913096057,0.04,0.10216744306227142,false
6996,0.32737979229097725,0.01,0.07132322086207404,false
6997,0.42222012280275306,0.17,0.16315506450861572,false
6998,0.4811046974085072,0.32,0.5406445545275134,false
6999,0.46318168231253065,0.79,0.6722481548772459,false
7000,0.5884222290039313,0.46,0.6246421665944434,false
7002,0.4483491772147623,0.15,0.491206717738056,false
7004,0.5203291906492811,0.42,0.3291603558971908,false
7005,0.4037876251002195,0.45,0.30624930030643005,false
7006,0.30704073882323835,0.26,0.09441651702013631,false
7007,0.2799329226856313,0.19,0.06707954862533093,false
7008,0.38638511882919063,0.24,0.600314842363955,false
7009,0.3877973419663022,0.37,0.47693792266779145,false
7010,0.5252824828696874,0.3,0.22085029881232615,false
7011,0.41702402029808694,0.25,0.2982484709268771,false
7012,0.41936356985966056,0.39,0.45903955467788876,false
7013,0.6596507727647124,0.45,0.7047247001338285,false
7014,0.36947160258171985,0.23,0.34012664704778733,false
7015,0.4358473233126963,0.15,0.2708642825734595,false
7016,0.32003334019783974,0.29,0.3748543295514162,false
7017,0.4358473233126963,0.15,0.2708642825734595,false
7018,0.36964551473351503,0.09,0.19899428031219157,false
7019,0.35625752828677604,0.12,0.1741978682691508,false
7025,0.3556592687558855,0.04,0.1741978682691508,false
7028,0.3556592687558855,0.04,0.1741978682691508,false
7030,0.4413686903998235,0.25,0.24233366713134322,false
7032,0.467065514652533,0.31,0.3452539065918868,false
7033,0.3455654739902055,0.01,0.11209427633261054,false
7034,0.36427411003606275,0.05,0.11232606483484472,false
7035,0.3628357381816555,0.1,0.2826752887897032,false
7036,0.3628357381816555,0.1,0.2826752887897032,false
7037,0.31778678595428483,0.31,0.3662780057150455,false
7038,0.5399577074401755,0.33,0.5502947347792457,false
7039,0.5409612018245717,0.56,0.6654273077140181,false
7040,0.5136584682375789,0.38,0.5077402734013667,false
7043,0.32057457775227605,0.22,0.19003343820941976,false
7044,0.35420445937449035,0.12,0.35742516390639695,false
7045,0.3247477856664679,0.26,0.24372895632546887,false
7046,0.23370851502319753,0.16023809523809526,0.31000434017434403,false
7047,0.29987149933533713,0.17,0.18233738437265895,false
7048,0.29970248418398543,0.17,0.18807904751791335,false
7049,0.23370851502319753,0.16023809523809526,0.31000434017434403,false
7050,0.285581641941928,0.0,0.020349402303762597,false
7051,0.379192651455288,0.3,0.36753325883468424,false
7052,0.8258872056079295,0.69,0.8977011898945584,false
7053,0.8962120071125971,0.74,0.8368561348955265,false
7054,0.3991354932848179,0.31,0.43216898660582254,false
7055,0.4562899066971949,0.2,0.4582942383079986,false
7056,0.46991512894968673,0.29,0.3985197432604152,false
7057,0.42078497996979797,0.19,0.4063384331497237,false
7058,0.31347479269614426,0.2775,0.18447211929226695,false
7059,0.33218357911979646,0.11,0.12265508565938736,false
7061,0.556485747300053,0.29,0.4676065803158989,false
7062,0.4600837252850345,0.2,0.3505155290285656,false
7063,0.5135308225869099,0.24,0.22707511345660158,false
7064,0.5173593218811338,0.43,0.6141695390083698,false
7065,0.37080713046296326,0.15,0.372488107164642,false
7066,0.5744752097633066,0.55,0.5475343572406858,false
7067,0.481678332491837,0.61,0.5676821763861893,false
7068,0.41400953277847413,0.3,0.24886977128734067,false
7069,0.4153723920862467,0.19,0.36506740880800187,false
7070,0.40389910205780705,0.44,0.4854972950645769,false
7071,0.3080038159795324,0.11,0.21596399668497732,false
7072,0.473559113347057,0.4,0.5552372032904613,false
7073,0.3890444180528046,0.24,0.2109041111020431,false
7074,0.34382177356101595,0.19,0.2367029532324582,false
7075,0.43666624690678274,0.26,0.320755286112368,false
7077,0.49187633428442523,0.28,0.4957511777371788,false
7078,0.2838742543852008,0.06,0.0484497846546584,false
7079,0.7980607038322204,0.62,0.6859260247802392,false
7080,0.42257953351830035,0.29,0.3231426544862278,false
7081,0.3281649752828948,0.23,0.1915567776099825,false
7082,0.4523141678576534,0.16,0.3522523669909837,false
7083,0.3971535503720993,0.15,0.34921081129139125,false
7084,0.3085990746085614,0.21,0.3795010529295036,false
7085,0.39397740355225425,0.12,0.2818275819178807,false
7086,0.4796167879696643,0.33,0.43800580683891804,false
7087,0.44436086201585484,0.32333333333333336,0.3926688192988848,false
7088,0.6080374053681689,0.31,0.5934812510127097,false
7089,0.35183071499921803,0.04,0.16426611836588415,false
7090,0.38250498775518105,0.13,0.048034734847140555,false
7091,0.29187600494978755,0.05,0.12790869186579026,false
7092,0.3944328097267289,0.12,0.26643391890293705,false
7093,0.3260743791695463,0.23,0.23058565316059265,false
7094,0.3308314105855547,0.2,0.2860631715316572,false
7095,0.6806550349601197,0.5,0.4745759004266267,false
7096,0.4326280860279578,0.14,0.37994074190377536,false
7097,0.2821664081460682,0.03,0.07335774994124335,false
7098,0.4108094266505804,0.22,0.2173534024160119,false
7099,0.40114121034276273,0.49,0.44900733995627373,false
7100,0.3369697990377561,0.12,0.11975517170111588,false
7101,0.39815580840917186,0.26,0.33892096210214173,false
7102,0.4434012974742348,0.15,0.3539506596643507,false
7103,0.8565102795303998,0.79,0.834887709181231,false
7104,0.4305224054251524,0.34,0.3175208767700477,false
7105,0.29575188115749346,0.09,0.10676219369284415,false
7106,0.45093009861249667,0.38,0.28601347431065594,false
7107,0.3977823175753901,0.18,0.28845802303877255,false
7108,0.31347530448511596,0.42,0.5673204104901045,false
7110,0.5445448753219975,0.64,0.47097257593713965,false
7111,0.5264835550191955,0.69,0.7738922785308757,false
7112,0.32452112036245206,0.19,0.34058571104786145,false
7113,0.4680880397427177,0.16,0.1651290065356451,false
7114,0.8663001164669977,0.54,0.6362916767429686,false
7115,0.6019404507562718,0.41,0.7187104622003161,false
7116,0.39591583252897106,0.36,0.30225149180978544,false
7118,0.3761855759983215,0.13,0.21975972404188196,false
7119,0.2984741259274203,0.29,0.22149657776737228,false
7120,0.43021049724837573,0.23,0.4415361650419682,false
7123,0.34140219099886837,0.07,0.1377258685105414,false
7125,0.5028643856280015,0.5785714285714286,0.5119592726504831,false
7126,0.4386898541252707,0.5,0.5568155932974015,false
7127,0.382438041663645,0.4,0.5442808903077331,false
7128,0.35074256980029583,0.11,0.32177095721319304,false
7129,0.45166636923190145,0.13,0.3668784424255817,false
7130,0.74947569754231,0.74,0.8089210301012878,false
7131,0.48292614961101443,0.41,0.47754772052240985,false
7132,0.47198377081325515,0.55,0.5567795096880176,false
7133,0.4757674448094726,0.12,0.31963975931071237,false
7134,0.47495226706972765,0.26,0.48219997594645303,false
7135,0.42316503891540996,0.44,0.5497479847236181,false
7136,0.49046384434712176,0.42,0.32557052480831483,false
7137,0.38101644781420047,0.18,0.14484365926037507,false
7138,0.2922466913608533,0.55,0.3303392821815303,false
7139,0.27045116018908655,0.07083333333333333,0.1713375808770485,false
7140,0.5238640712461826,0.37,0.582846591662059,false
7141,0.5594022931186998,0.27,0.5887529535332372,false
7142,0.27823083733914905,0.6,0.5508490910783931,false
7143,0.5051111564211364,0.36,0.40302416393487855,false
7144,0.2895703036653612,0.04,0.13783870549196658,false
7145,0.3534266432990236,0.12,0.2344557253871192,false
7146,0.3923356940039692,0.22,0.11963650783569457,false
7147,0.6330483109866942,0.43,0.6475924791902616,false
7148,0.4366150499762062,0.17,0.2849285117832327,false
7149,0.7658310866756344,0.59,0.5846041540423126,false
7151,0.469800556860621,0.56,0.6158846029614501,false
7152,0.5892200346514251,0.41,0.3249894569361614,false
7153,0.4079249281570319,0.29,0.4609242889652284,false
7154,0.5331030249656012,0.5366666666666666,0.682657551731094,false
7155,0.516202550662693,0.27,0.3088820458189415,false
7156,0.43992069076355445,0.4,0.5317312938037025,false
7157,0.37110596241087257,0.13,0.15737039341364567,false
7158,0.5773536408770598,0.25,0.5771826909479849,false
7159,0.4731039677860684,0.25,0.2791864691245807,false
7161,0.2833498687149433,0.326,0.3392234553459458,false
7162,0.4789150753627104,0.34,0.49996459270126603,false
7163,0.634411582692037,0.35,0.3959203896355004,false
7164,0.5597631925046271,0.35,0.5704836777300888,false
7166,0.38837968955398083,0.2,0.28199297992892,false
7167,0.6010878904794734,0.3,0.36123625253008845,false
7168,0.38331520254226165,0.06,0.11388902156474424,false
7169,0.4072734360338322,0.32,0.21389732444702947,false
7171,0.5351102501921716,0.38,0.33071592047178416,false
7172,0.2895703036653612,0.04,0.13783870549196658,false
7173,0.5827342217871241,0.35,0.5917028506437075,false
7174,0.7060503227900758,0.62,0.8258237122515546,false
7175,0.44030322437176755,0.33,0.49175494588059365,false
7176,0.5353207591726756,0.29,0.6003165705811483,false
7180,0.27929807088834807,0.11,0.25275905442427016,false
7182,0.4557228584517977,0.42,0.32453047831484083,false
7183,0.39298487054386705,0.13,0.23898482172696775,false
7184,0.24196095912691246,0.635,0.3738939048514941,false
7185,0.3013187484292665,0.02,0.06810491318860391,false
7186,0.6469842428624569,0.76,0.6633572415013189,false
7188,0.32425446044294715,0.23,0.3525807800960932,false
7189,0.35154697244408717,0.15,0.3707490683959077,false
7190,0.4574596136746964,0.75,0.6506758554785688,false
7191,0.3330485984017636,0.21,0.35378347911449143,false
7192,0.5972100513704758,0.36,0.33978618993846127,false
7193,0.3326946827803372,0.14,0.19826942955467633,false
7194,0.5713089571899914,0.39,0.31610639484453423,false
7195,0.4997831726650389,0.34,0.5046058707006593,false
7196,0.511283448755305,0.22,0.3079521340440875,false
7197,0.5437911819194,0.43,0.5345361276726112,false
7198,0.46019794382177215,0.32,0.4482018585883582,false
7199,0.40255621991790447,0.09,0.21032550368616973,false
7200,0.48055378501082996,0.34,0.3842546818359678,false
7201,0.356854110034815,0.15,0.1781724057772165,false
7202,0.2875147821783216,0.18,0.1545675204539649,false
7204,0.30414540393315254,0.22,0.21377972777197463,false
7205,0.2625874965756858,0.21,0.1130485855434506,false
7206,0.28341794111360613,0.03,0.02178066194802073,false
7207,0.5422904376823986,0.36,0.32154154984256367,false
7208,0.479264507286972,0.24,0.373702133791778,false
7209,0.40472861606345045,0.12,0.23487682954971906,false
7210,0.33183475770458737,0.31,0.1060084049670227,false
7211,0.7361185285261214,0.49,0.6317911894439516,false
7212,0.29984919691469597,0.15,0.2471755401362054,false
7214,0.25613946438447716,0.29,0.43992474988570507,false
7215,0.2772709315736156,0.05,0.1222328443562917,false
7216,0.45258964494739345,0.48,0.5386056927761278,false
7217,0.7357382726253434,0.46,0.4808535988162352,false
7219,0.4467532560629363,0.22,0.512767822574235,false
7221,0.38415829881504165,0.15,0.27606150844755795,false
7223,0.27256479589181964,0.13,0.1705194035860836,false
7226,0.45935360133167763,0.19,0.36078968170032805,false
7228,0.3827311626801947,0.08,0.1974598656006841,false
7229,0.34764449266131325,0.16,0.2157663212891598,false
7230,0.3788346662668339,0.08,0.24823701390635183,false
7231,0.4193254284796432,0.24,0.2540402212040439,false
7233,0.5110565570894281,0.32,0.6196063973808406,false
7234,0.3575733422707936,0.05,0.15490016314594685,false
7235,0.2508175419826763,0.16,0.2589705747256543,false
7236,0.4326682466723926,0.5,0.5865637479687659,false
7237,0.40790896345508687,0.36,0.28366804056578504,false
7238,0.4396454956434168,0.07,0.15326607362281489,false
7240,0.5118819051772402,0.25,0.41355557104979185,false
7241,0.44849539948363587,0.4,0.33797457456599234,false
7242,0.421475609699291,0.28,0.4130912111235523,false
7243,0.32774060907734215,0.06,0.027107027125140494,false
7244,0.45169189146686306,0.12,0.24572660831408571,false
7245,0.38991049196788086,0.08,0.14161565351785713,false
7246,0.38315004252949136,0.07,0.10454905593068319,false
7248,0.3818546472405673,0.16,0.1043463619770842,false
7249,0.39983868561704167,0.06,0.17181641308714282,false
7251,0.45531105010724143,0.26666666666666666,0.4258549023256449,false
7252,0.510540721588637,0.08,0.35338931645012667,false
7253,0.3842208089907376,0.23,0.30572170288161354,false
7254,0.3557419650139717,0.41,0.2821896756997191,false
7255,0.42176890649176796,0.26,0.32602788444451514,false
7256,0.4839107691606177,0.27,0.260228683778944,false
7258,0.45169189146686306,0.12,0.24572660831408571,false
7259,0.40668650993925365,0.26,0.2025103582451768,false
7260,0.436503630437308,0.33,0.607030932050526,false
7261,0.46266120668344196,0.4,0.08979626698251124,false
7262,0.4536499297908432,0.13,0.1603778584195544,false
7263,0.5480471059293681,0.42,0.4900924380239396,false
7264,0.6226481031401699,0.37,0.3541060520818981,false
7265,0.4545267934488023,0.23,0.3226590962950652,false
7266,0.4663560714100937,0.42,0.42018955633411437,false
7267,0.4139994052304143,0.07,0.11213210306399089,false
7268,0.33508931833569383,0.13,0.2300037123335232,false
7269,0.36535714535186437,0.23,0.04327547713507655,false
7270,0.7412791041391286,0.12,0.24706021188059843,false
7271,0.34126402458867783,0.6,0.49906957839217236,false
7272,0.25262505452407097,0.19,0.2171735494496149,false
7273,0.8414646545423476,0.25,0.34887701327256837,false
7274,0.7493952080966345,0.08,0.14306697429047904,false
7275,0.5192055710715985,0.19,0.27642221675351525,false
7276,0.5172395698022461,0.11,0.4089264719399553,false
7277,0.7421721106045125,0.06,0.103049567472488,false
7279,0.44013543573159764,0.3,0.3195467915345648,false
7281,0.5242185342564604,0.14,0.32025921479434255,false
7282,0.5596670343783273,0.3,0.29848335984459395,false
7283,0.8762333553847604,0.66,0.7190545361413619,false
7284,0.23752034792144194,0.5135714285714286,0.39665493318997097,false
7285,0.23869925244410392,0.03,0.056788770326165285,false
7286,0.2895278978052778,0.03,0.15469553791305846,false
7287,0.29677857505853533,0.12,0.29759840595872944,false
7289,0.3684068287454199,0.06,0.19907779936124262,false
7290,0.3972728189283062,0.29,0.533997437318613,false
7291,0.29869062638680866,0.1,0.1701326852507626,false
7292,0.4169299908275434,0.23,0.23989019474930237,false
7293,0.3858626714393525,0.37,0.5884021682395363,false
7294,0.3703084670169521,0.08,0.2117884785130432,false
7295,0.25786620463915866,0.2733333333333334,0.2105343149609202,false
7296,0.43912711915464725,0.22,0.3794689630920076,false
7297,0.32991162969544263,0.13,0.1650407414238536,false
7298,0.41217519666563796,0.4,0.4910822718112996,false
7299,0.43912711915464725,0.22,0.3794689630920076,false
7300,0.29986144414342325,0.16,0.2651722490224501,false
7301,0.4824212616330186,0.46,0.61500095320893,false
7302,0.4217604456948914,0.27,0.3916810057762546,false
7303,0.6039780128208331,0.46,0.6819905075886763,false
7304,0.8197757156971106,0.69,0.6918017860608723,false
7305,0.9249364818959666,0.74,0.6724999874906729,false
7306,0.6155930100562714,0.45,0.5004729788358947,false
7307,0.36421668177004585,0.01,0.3461170187427201,false
7308,0.44919111178898985,0.38,0.4964906756248069,false
7312,0.5240281572778718,0.32,0.45684108577906646,false
7319,0.48054637544271145,0.1,0.21714204353109143,false
7320,0.48784044057578335,0.17,0.4068052906557891,false
7321,0.7817835767428765,0.49,0.35659764299159546,false
7322,0.37716540901523143,0.3,0.34194984376773524,false
7323,0.7790566425721999,0.94,0.9748718802410631,false
7325,0.7305411140989768,0.45,0.47092657964726153,false
7326,0.42597979515322215,0.1,0.11973569679950163,false
7327,0.42995007773480054,0.06,0.15371655853439492,false
7328,0.4986016039953094,0.18,0.3849932758694581,false
7330,0.7511120795659293,0.64,0.7530072951113048,false
7332,0.39378998627224576,0.27,0.46907063016649087,false
7334,0.4589521469295763,0.22,0.4700949855195884,false
7337,0.39378998627224576,0.27,0.46907063016649087,false
7338,0.2755110868672402,0.01,0.051271137784572186,false
7339,0.4110187942210705,0.58,0.4861607291534721,false
7340,0.5345221305829876,0.48,0.48322579443726443,false
7342,0.736744148151705,0.82,0.9247531206807773,false
7343,0.5142159510072338,0.4,0.48347602231306414,false
7344,0.5685541010561971,0.32,0.6545191435348939,false
7346,0.4493156096852639,0.39,0.49286746326884273,false
7347,0.5095667741163016,0.43,0.6171076595845798,false
7348,0.6879813529412663,0.67,0.6727864021480103,false
7349,0.5847142872094551,0.28,0.13057901473647726,false
7350,0.4453398374946599,0.37,0.6514942448381895,false
7351,0.5145943750846365,0.29,0.40868997357552933,false
7352,0.5675116681986887,0.55,0.6500901604215134,false
7353,0.4710783346225417,0.26,0.48134528705968765,false
7354,0.44582148475662825,0.24,0.23804058395456607,false
7355,0.505353763130934,0.59,0.6018505710154727,false
7356,0.426552135457307,0.14,0.373246068066027,false
7357,0.3961376145227952,0.19,0.17016884198313298,false
7358,0.5357504400391692,0.58,0.4847856286896158,false
7359,0.4801105924334516,0.21,0.31780530663371587,false
7360,0.45031031384505704,0.13,0.22446704203866946,false
7361,0.505288202314438,0.34,0.42475421249059286,false
7362,0.4152912036635961,0.39,0.3632406600314229,false
7363,0.5294405607745635,0.48,0.6116378112892416,false
7364,0.45914884114305055,0.19,0.2581297219720882,false
7365,0.4564961719656552,0.04,0.13820176236304774,false
7366,0.505353763130934,0.59,0.6018505710154727,false
7367,0.3550806639677813,0.21,0.1693315765790083,false
7368,0.5977903109334876,0.36,0.5378491383531993,false
7369,0.6219366497042319,0.27,0.2556490605856291,false
7370,0.6045114819877162,0.4,0.5076957952566071,false
7371,0.44683921411436406,0.21,0.20777538487621983,false
7372,0.4436194554817901,0.28,0.2631321009143364,false
7373,0.46147788981874055,0.26,0.32763785814603313,false
7374,0.42930655397601425,0.3,0.41957940803875626,false
7375,0.4260279427782447,0.14,0.3240755267121474,false
7376,0.5715788353111559,0.28,0.1572934934068419,false
7377,0.46750260335818467,0.27,0.27485199768423085,false
7378,0.46750260335818467,0.27,0.27485199768423085,false
7379,0.536180886493938,0.2,0.34376009928938867,false
7380,0.48048551103360576,0.44,0.45465114769981757,false
7381,0.4704793399180241,0.12,0.23106166954215523,false
7382,0.5085448236899445,0.25,0.5177233204243614,false
7383,0.5835771326872732,0.25,0.32555059953956517,false
7384,0.508199205827817,0.3066666666666667,0.47151392844417894,false
7385,0.49159023746168706,0.33,0.3422227669929852,false
7387,0.30190482358123355,0.4,0.4052933542873894,false
7388,0.3278574367899282,0.21,0.1748172594079867,false
7389,0.2755110868672402,0.01,0.051271137784572186,false
7390,0.7178875676178831,0.64,0.7445011300418809,false
7391,0.5537675125395616,0.36,0.5707577654179977,false
7393,0.6553871250619908,0.56,0.59132700917619,false
7394,0.6680788595619632,0.42,0.3770418255181275,false
7395,0.5249893662543592,0.35,0.4925895402532159,false
7396,0.742242802960265,0.77,0.8054807478371487,false
7397,0.7613490227330254,0.42,0.5928463322080763,false
7398,0.33764906852054916,0.08,0.33939196572181574,false
7399,0.5329211306982211,0.39,0.6176085148375953,false
7400,0.4994751864296742,0.38,0.32790222714200606,false
7401,0.46689256790140293,0.45,0.44376119265968905,false
7403,0.4553910827900245,0.4,0.4593356407807925,false
7404,0.39197213659482816,0.34,0.45382508104961106,false
7405,0.6158443120450053,0.44,0.709670122490106,false
7406,0.3480302425745615,0.05,0.07604804130264438,false
7407,0.3480302425745615,0.05,0.07604804130264438,false
7409,0.41300693402070726,0.18,0.442101993114081,false
7413,0.4094065807932382,0.32,0.46330732120985957,false
7415,0.9243118469333274,0.9,0.9226529444561504,false
7416,0.5978277678986618,0.47,0.7141197819902636,false
7417,0.4385706915425942,0.25,0.24101241158347167,false
7418,0.6245700733268105,0.42,0.40854855124894784,false
7419,0.3526924813284704,0.12391666666666667,0.32018329981224036,false
7421,0.5052852816854059,0.18,0.2407749412544876,false
7422,0.5085759104726092,0.29,0.39821883280046877,false
7423,0.1884847202040913,0.16,0.17588518679087636,false
7424,0.6979194483466865,0.36,0.5169211786242125,false
7431,0.3935141130971114,0.27,0.541369407914035,false
7432,0.34646133676316293,0.58,0.4304459044398517,false
7433,0.3943722741215163,0.27,0.2114412244082933,false
7434,0.4299026938431583,0.17,0.2302356306307975,false
7435,0.3415457445011791,0.06,0.14439968406353934,false
7436,0.33283195151816325,0.06,0.1661861124614373,false
7437,0.3169252913713089,0.14,0.16602071162401164,false
7438,0.5735124174518408,0.31,0.2906219492149051,false
7439,0.5733846466740896,0.29,0.3523535831830306,false
7440,0.5783860016160309,0.33,0.4688279960997551,false
7441,0.44806584331605637,0.32,0.34027147062333474,false
7442,0.4905689315173438,0.23,0.19873623328432571,false
7443,0.6180814934081177,0.41,0.4550179212864855,false
7444,0.2761093334980969,0.54,0.5949030044207683,false
7445,0.45703161507062023,0.19,0.31762332550839084,false
7447,0.4703732012749621,0.2,0.29422265791496005,false
7448,0.42375723864147335,0.08,0.18783841237199367,false
7450,0.663192241107766,0.61,0.16267281501735298,false
7451,0.48838726098896257,0.07,0.26347721443727196,false
7452,0.7238925247832865,0.28,0.4531858001637501,false
7453,0.5770680953984554,0.4,0.4083816414204436,false
7455,0.4289135353175842,0.16,0.414546119106495,false
7456,0.45111635842357956,0.16,0.2285771159305711,false
7457,0.2814869563706637,0.06,0.18079725217772083,false
7461,0.5896487051776635,0.69,0.7087654029358452,false
7462,0.5417263607231954,0.32,0.42735721862856896,false
7464,0.4423532897059535,0.21,0.3099164528128514,false
7465,0.2981942947056852,0.03,0.04787180717269973,false
7466,0.4243609654122443,0.12,0.21411375235315303,false
7469,0.5268981409652,0.11,0.39934913035807945,false
7472,0.3117493565612263,0.15,0.1915967616426823,false
7474,0.6484545370530205,0.66,0.6532180589699714,false
7475,0.6206603408188539,0.34,0.19345261880587672,false
7478,0.4779962390567656,0.34,0.4993158035700188,false
7479,0.8099560120970191,0.53,0.2434225982389053,false
7483,0.4511303958246384,0.14,0.1972904152783257,false
7484,0.8413729630267522,0.54,0.48913156114458717,false
7487,0.2917568276598138,0.1,0.15911104364934744,false
7488,0.35716886763536926,0.11,0.18090885471538665,false
7493,0.6580495601737221,0.59,0.6335057902298947,false
7494,0.48823711064548075,0.24,0.5207852124873648,false
7495,0.4755371296645506,0.11,0.07927079811380126,false
7496,0.8640150962531898,0.57,0.7675973033712252,false
7498,0.5336780172567417,0.35,0.4692981316353095,false
7501,0.4198768665337969,0.13,0.40238354676452437,false
7504,0.28250559615716586,0.01,0.06436660984156513,false
7507,0.5223386318368111,0.13,0.06976096433066004,false
7508,0.7207384576687323,0.45,0.45749085825481917,false
7509,0.5090543341292907,0.24,0.29245909169369716,false
7510,0.4578862436255465,0.17,0.32419535696870105,false
7511,0.5261168262953588,0.56,0.5247281181143725,false
7512,0.5023356791564462,0.29,0.21275020652810295,false
7513,0.3850219454618918,0.18,0.1259235349606202,false
7514,0.3960060261977537,0.05,0.14251738545203832,false
7515,0.4475872021851368,0.12,0.09415192308519135,false
7516,0.4010826757965623,0.08,0.1817056339551081,false
7517,0.5173460923933093,0.38,0.23713690923820283,false
7518,0.5175679640088082,0.35,0.2659795418100853,false
7519,0.41597144457902646,0.06,0.12428264274009465,false
7520,0.4337147856526344,0.23,0.08086968828105254,false
7521,0.9608587212763042,0.75,0.9820736416816525,false
7522,0.9489864402728092,0.8,0.9820736416816525,false
7528,0.3477932724570183,0.93,0.3338836562766545,false
7530,0.36402313889808435,0.06,0.20506316472410802,false
7531,0.565834241096446,0.25,0.3887157642642791,false
7532,0.4467681057458546,0.4,0.5115612176899164,false
7534,0.45285006422846913,0.36,0.3843903309378531,false
7535,0.5197545956626285,0.35,0.06496899243354402,false
7536,0.4662407030969472,0.36,0.5063294522276687,false
7538,0.2765761967180992,0.16,0.13314812461558706,false
7539,0.31505945287184906,0.19,0.11854618336334692,false
7540,0.31505945287184906,0.19,0.11854618336334692,false
7541,0.4544657694720943,0.36,0.2847330568938852,false
7543,0.4553525745354013,0.15,0.44491044694347487,false
7544,0.40486028861061446,0.11,0.21734827606189622,false
7545,0.40486028861061446,0.11,0.21734827606189622,false
7547,0.43240514132304775,0.22,0.40696875609444383,false
7549,0.6596381436634929,0.56,0.4381779791024451,false
7550,0.4304327482090847,0.13,0.18819906044025592,false
7551,0.4956015450925583,0.19,0.2412556276724212,false
7552,0.47103439294161603,0.485,0.3979897691158626,false
7553,0.7542757484353695,0.66,0.7191414842836349,false
7554,0.5479675192688964,0.43,0.5004476484678188,false
7555,0.494682518498074,0.37633333333333335,0.5433905780942854,false
7558,0.3438288860084191,0.08,0.2636522995805776,false
7566,0.6461269911998023,0.74,0.7722205570834678,false
7568,0.730366760336311,0.5,0.9026241060866051,false
7569,0.7221326044467211,0.7,0.8247045366510289,false
7570,0.48023184156696425,0.18,0.4056334596481918,false
7571,0.5239338697663687,0.3,0.3385663669935259,false
7572,0.6190216376811948,0.36,0.6640828056856968,false
7573,0.44530365623526585,0.14,0.2843474578364748,false
7575,0.37658227460721877,0.24,0.4047830402667721,false
7577,0.3568827621490949,0.3,0.3954198380216539,false
7579,0.4377620162548689,0.12,0.19980123089606042,false
7580,0.4849547984248829,0.15,0.21327463043927444,false
7581,0.4936917452031485,0.22333333333333336,0.4475526391729988,false
7583,0.42547321656422143,0.08,0.1279688902366449,false
7584,0.6485842674771275,0.53,0.7905787371964588,false
7585,0.5413050601343112,0.14,0.06422307771128459,false
7586,0.5359053353795786,0.14,0.19915128450130634,false
7587,0.5413050601343112,0.14,0.06422307771128459,false
7588,0.491988102094793,0.34,0.1791155591621384,false
7589,0.5413050601343112,0.14,0.06422307771128459,false
7590,0.5335821188624317,0.16,0.0761580050007275,false
7591,0.5346311807774401,0.16,0.0761580050007275,false
7592,0.48190479241554585,0.41,0.4433845313171088,false
7593,0.46506320371930226,0.46,0.42958157797570806,false
7594,0.8185678199008251,0.7,0.4833594273635759,false
7596,0.5391487151040578,0.36,0.5052568041914494,false
7597,0.3939661715230637,0.27,0.2127258986893856,false
7601,0.41809366921710583,0.2,0.39427873390232915,false
7602,0.41809366921710583,0.2,0.39427873390232915,false
7603,0.42004559868582625,0.22,0.19327637863213895,false
7604,0.4416463586943538,0.27,0.37044206042594513,false
7605,0.357749006548974,0.02,0.1146849633033766,false
7606,0.4535707236655612,0.33,0.4640921172178168,false
7609,0.5298411318042504,0.7876504329004328,0.6829211416359005,false
7612,0.23751922920633697,0.03333333333333333,0.10810287650021741,false
7614,0.4395990295790726,0.16,0.1476391381832506,false
7617,0.5145593109700503,0.2785,0.6068046111336926,false
7618,0.40006272826185435,0.06,0.0863641250389946,false
7619,0.3983756111426668,0.04,0.13864917174956864,false
7621,0.4236718138384586,0.06,0.15888967947834867,false
7622,0.4269193282287853,0.2,0.2421985626534141,false
7623,0.5183185155490927,0.28,0.3883467837343982,false
7626,0.32031160746945736,0.12,0.20632865355737195,false
7628,0.4294154448813232,0.07,0.08085904250656598,false
7629,0.40916560220879067,0.06,0.13810561666683724,false
7632,0.4305761069087149,0.12,0.16420944560459108,false
7633,0.400514969861642,0.02,0.09001967127141274,false
7634,0.383578254125997,0.14,0.2931398775195717,false
7635,0.43674393043854187,0.15,0.11303448297884577,false
7636,0.5399277897490748,0.44,0.35436987051973157,false
7638,0.4088197757423239,0.17,0.1686187131596061,false
7641,0.3543302798190827,0.07,0.13677475603684555,false
7642,0.5069522182734376,0.2,0.4151270962695492,false
7643,0.5092022043450551,0.35,0.34880162313342117,false
7645,0.4162802968027424,0.14,0.17354608687116765,false
7652,0.45753008071104456,0.76,0.7665842285135944,false
7653,0.5387043189869706,0.29,0.4963056219191434,false
7654,0.7755564997414238,0.64,0.5937306346723948,false
7655,0.9155969231664007,0.61,0.5685518098824971,false
7656,0.4099108286870012,0.25,0.22977680034557366,false
7657,0.39994354667526855,0.21,0.3905004319986118,false
7658,0.40599984800283295,0.21,0.29050782579697904,false
7659,0.5568095218700664,0.35,0.5449300119976159,false
7660,0.49706378084344416,0.47422222222222216,0.5245837891031493,false
7661,0.36668173660636955,0.09,0.26938948359663095,false
7662,0.36668173660636955,0.09,0.26938948359663095,false
7663,0.4066117445414159,0.19,0.22057222919528804,false
7664,0.42199290747194723,0.24,0.26190483114848456,false
7665,0.31228852902769144,0.05,0.09687068994227213,false
7666,0.43592843732654696,0.22,0.2309016419301771,false
7667,0.43755011193678284,0.54,0.5415449572054329,false
7668,0.5168830771147264,0.45,0.7014888569544855,false
7669,0.5890587733851043,0.44,0.6827629286266909,false
7671,0.44430719868488444,0.71,0.7403741857180264,false
7673,0.445504676242018,0.23,0.2789968677786929,false
7674,0.445504676242018,0.23,0.2789968677786929,false
7675,0.41852723490266597,0.03,0.16592729942750262,false
7676,0.4365773362604049,0.12,0.1654361744573369,false
7678,0.5244124821919711,0.26,0.6571668736104896,false
7679,0.42012339759301837,0.46,0.40214608157563153,false
7680,0.45285006422846913,0.36,0.3843903309378531,false
7681,0.5197545956626285,0.35,0.06496899243354402,false
7683,0.6688969367674144,0.69,0.7909636370709648,false
7684,0.42479339618936723,0.18,0.2088667497281064,false
7686,0.418777862602784,0.02,0.19095730651584392,false
7689,0.42052905061071794,0.03,0.1871990181294523,false
7691,0.5145152879195214,0.41,0.53333345100265,false
7692,0.44987728325971105,0.1,0.22746521205975895,false
7694,0.5070061267196249,0.37,0.3120509700641998,false
7695,0.418777862602784,0.02,0.19095730651584392,false
7696,0.6653092301344876,0.57,0.7129903669304888,false
7697,0.42075531849188147,0.17,0.22934752601543815,false
7699,0.5081829357498955,0.26,0.5464524450618015,false
7702,0.3300949998340358,0.16,0.07876903150752748,false
7703,0.3850219454618918,0.18,0.1259235349606202,false
7705,0.443076425292597,0.34,0.47294518682853287,false
7706,0.5910117312451082,0.34,0.33913061012469137,false
7707,0.4612062264769883,0.22,0.28182490776570274,false
7708,0.589935792409689,0.32,0.6059882867028268,false
7709,0.45105120449537894,0.33,0.5960842171596775,false
7710,0.41475778483850523,0.16,0.2223782136973377,false
7713,0.3335687745495992,0.43,0.3645051520360195,false
7715,0.7585950586425056,0.56,0.551734341604868,false
7716,0.4472479123255729,0.32,0.4374195823868413,false
7718,0.2917568276598138,0.1,0.15911104364934744,false
7722,0.5070543715099065,0.22,0.341901734069276,false
7723,0.4752090087956179,0.45,0.5170929443025282,false
7726,0.48911169488545936,0.58,0.6102483171021069,false
7727,0.5072122575956237,0.42,0.561264079625402,false
7728,0.43653198384964287,0.18,0.2844859270425931,false
7729,0.3490577167315237,0.32,0.23889909625924713,false
7730,0.3184270360763226,0.04,0.15499092814569493,false
7732,0.3560961388912921,0.15,0.28223143481865165,false
7734,0.4088197757423239,0.17,0.1686187131596061,false
7737,0.29693997051686527,0.12,0.11039229246892898,false
7738,0.5067841699362678,0.32,0.4463125698199599,false
7741,0.3438288860084191,0.08,0.2636522995805776,false
7742,0.4779962390567656,0.34,0.4993158035700188,false
7743,0.6326995495504563,0.27,0.4428417333472826,false
7744,0.6066576308438145,0.42,0.6645454401603165,false
7747,0.2506187779036557,0.0,0.06635222508835927,false
7748,0.4400116996919666,0.28,0.4458077497779583,false
7749,0.4120391217326988,0.18,0.2511318289263702,false
7750,0.8623316891077775,0.63,0.6629047619880487,false
7754,0.33489202755901915,0.07,0.2883679868292615,false
7755,0.6255962257481887,0.36,0.25883872929970986,false
7756,0.5505687535628835,0.45,0.6404307390392626,false
7757,0.592710255566455,0.62,0.6404539390924953,false
7758,0.4741355887074753,0.12,0.3261886227921479,false
7759,0.4670228378283545,0.33,0.3466478365580471,false
7760,0.4579086274196882,0.18,0.18097193713838158,false
7761,0.4636751921258891,0.28,0.3088295127480148,false
7770,0.4412124999661689,0.21,0.26913994810694764,false
7773,0.40714141453978103,0.28,0.35185941147244587,false
7774,0.524311958563579,0.15,0.2956928592134164,false
7775,0.4292863699924145,0.21,0.3263189526054542,false
7776,0.4854041562554235,0.268,0.5465449435545775,false
7777,0.34015651713672534,0.04,0.19372848842287727,false
7783,0.5249415091696424,0.35,0.5020280374892352,false
7784,0.3543302798190827,0.07,0.13677475603684555,false
7785,0.5155343400131545,0.58,0.4084500422784699,false
7789,0.338221099605822,0.09,0.07998843692880708,false
7791,0.5163744963462285,0.4,0.5125982349533176,false
7792,0.5163744963462285,0.4,0.5125982349533176,false
7793,0.6034373557055653,0.19,0.24784873176251357,false
7794,0.5986869979663968,0.27,0.33716602919038785,false
7795,0.6225669519431373,0.19,0.40494083696410377,false
7797,0.44074714017555233,0.18,0.3568072227185807,false
7798,0.3317625368054038,0.04,0.12913456550479901,false
7799,0.37447158643432965,0.05,0.1100972412163329,false
7803,0.5404083018045153,0.26,0.3972989993877175,false
7805,0.8222967817999215,0.76,0.5636695674717317,false
7806,0.4044892483296898,0.48,0.5317269552439108,false
7807,0.4197684325961749,0.24,0.2140729815885179,false
7808,0.626807667408013,0.52,0.628733839997488,false
7809,0.3849805091668429,0.33,0.4326768132706798,false
7810,0.9993307215469243,0.95,0.9845719997732928,false
7812,0.5293872757801955,0.64,0.5134682531636117,false
7814,0.8790041923523997,0.49,0.7511897378389887,false
7815,0.3756758310232897,0.18,0.3139257062098494,false
7816,0.5781216554289333,0.25,0.5961431712379094,false
7818,0.4890510556920782,0.4,0.5322045878906312,false
7819,0.3938499629200333,0.34,0.38131393972887523,false
7820,0.405096414198093,0.37,0.3733232508800389,false
7821,0.4304586021774363,0.15,0.1059676653203428,false
7822,0.42374875647952026,0.25,0.41740964174537465,false
7823,0.6276857847605251,0.46,0.4343573850298593,false
7824,0.4747523082786447,0.11,0.2805087192896364,false
7825,0.4568677054674741,0.52,0.22092742107612975,false
7826,0.3884572197881643,0.23,0.44679247547316386,false
7827,0.55210876010291,0.57,0.7049753909668741,false
7828,0.6676344649840824,0.44,0.5929727541556613,false
7829,0.7434531196442667,0.36,0.5478023105800356,false
7830,0.44162234373618503,0.28,0.26099395891136945,false
7831,0.8416585999082306,0.46,0.7362742440461368,false
7832,0.8025094914458497,0.54,0.7383177047317993,false
7833,0.47495482621519125,0.31,0.21711295567091923,false
7834,0.48255101825642494,0.23,0.38733313061143587,false
7835,0.5230706452194968,0.44,0.6510844668078245,false
7836,0.5846742299078481,0.29,0.19689857107912187,false
7837,0.5482128323847941,0.39,0.2418088246260907,false
7838,0.4631200515518117,0.35,0.3552296388389422,false
7839,0.30741160703844755,0.18,0.1040553717197607,false
7840,0.48749630762976076,0.32,0.3675208209576651,false
7841,0.30371263230276274,0.2,0.07607151151062165,false
7842,0.3211584447552105,0.23,0.0979994796073211,false
7843,0.4725613688544138,0.14,0.34592397637833594,false
7844,0.42397079449671193,0.34,0.3056180397006563,false
7845,0.5923872694717204,0.5,0.5045478224926784,false
7846,0.3211584447552105,0.23,0.0979994796073211,false
7847,0.39079203528839224,0.15,0.2342268757897564,false
7849,0.347329216558428,0.05,0.24409250819294026,false
7850,0.3946045632743802,0.18,0.2780194043401601,false
7851,0.4376356346408025,0.32,0.25883497552790574,false
7853,0.4015850630862179,0.21,0.3798173320578811,false
7854,0.31586079089822433,0.23,0.2872884194568936,false
7855,0.4001305338359006,0.4,0.3807091148137314,false
7856,0.38628974414263634,0.28,0.19766609297778995,false
7857,0.4203144207681812,0.13,0.08470120434761869,false
7858,0.8699065380873682,0.54,0.43678650390885343,false
7860,0.35168105597875715,0.03,0.10408256735025098,false
7861,0.40564459467153713,0.26,0.45957438214563345,false
7862,0.3339776769646793,0.15,0.21348676115356954,false
7863,0.5656740920161506,0.58,0.46241403425862365,false
7864,0.5036835478776223,0.3,0.387839158491682,false
7865,0.5515696222856266,0.38,0.5304125166081958,false
7866,0.4868401848654984,0.39,0.550683789426946,false
7867,0.5166465122117007,0.43,0.5771543778694845,false
7868,0.3811688067254155,0.29,0.30317350538275784,false
7869,0.35622296705580103,0.7078809523809523,0.3302153547555567,false
7870,0.4050235745131149,0.35,0.5103051223240189,false
7871,0.31054849862810124,0.05,0.06306011926356879,false
7872,0.41829954461743735,0.2,0.29588611583013213,false
7873,0.3694979681989276,0.12,0.3434175207135127,false
7874,0.3904091694049158,0.11,0.3403875148654388,false
7875,0.4075719861351567,0.11,0.07996438637261628,false
7876,0.4815649148550979,0.19,0.29501172604626497,false
7877,0.34860567143360155,0.03,0.22070231889635444,false
7878,0.43202080488063416,0.19,0.30008551859085913,false
7879,0.2965621402655452,0.08,0.23483865297011203,false
7880,0.31076072598808724,0.1,0.18936242624211966,false
7881,0.3652200872730554,0.15,0.30376884350034206,false
7882,0.3409386229797016,0.13,0.12042413107438128,false
7883,0.3862865363887885,0.09,0.13598447591101834,false
7885,0.3617710232143484,0.33,0.38576010471829997,false
7886,0.5317164294310058,0.44,0.6323608601961206,false
7887,0.35206073494616247,0.04,0.27844214506201814,false
7888,0.6244439716462495,0.32,0.40252589957974144,false
7889,0.3323896713053706,0.4,0.28661164338585293,false
7890,0.35045634214553206,0.065,0.25029715979334216,false
7891,0.39918756863223154,0.58,0.4954881713968554,false
7892,0.45284565257369763,0.27,0.4561012114615029,false
7893,0.4131822072760858,0.25,0.12299068564111498,false
7894,0.3942944056261675,0.25,0.3443914449559912,false
7895,0.3954537424754423,0.17,0.33766911738812616,false
7896,0.29365480924951914,0.04,0.09039946133772118,false
7897,0.3833531316823908,0.13,0.395767552927241,false
7899,0.5341080687679954,0.3,0.49346103528488616,false
7900,0.44461555744498593,0.04,0.1316561338782344,false
7901,0.42720510240171244,0.05,0.2259828570572996,false
7902,0.4241756754488986,0.13,0.21126770673083903,false
7903,0.4865034293249881,0.56,0.710295628478533,false
7904,0.4601107642437028,0.23,0.29345829430570214,false
7905,0.44651484996398594,0.08,0.25006763761230577,false
7906,0.3049028808559801,0.18,0.19862247773506772,false
7907,0.3615757509742471,0.06,0.11917120336932001,false
7910,0.3945731727679388,0.35416666666666663,0.43881351706069693,false
7911,0.7250249419235318,0.44,0.5382303637225859,false
7912,0.5351419605726381,0.25,0.45507514441390673,false
7913,0.3543872471024352,0.09,0.13663166716855601,false
7915,0.3338427012729591,0.23,0.2345988110977394,false
7916,0.4045570157210711,0.27,0.23299757449090958,false
7917,0.3185096314837349,0.13,0.11495050143842722,false
7918,0.4851273588489394,0.37,0.32865553194107533,false
7919,0.394769122643271,0.4,0.25673379423890913,false
7920,0.4502259294954027,0.32,0.4824760539117097,false
7921,0.36365901734084644,0.15,0.2507124544741757,false
7922,0.456716665808423,0.33,0.40529535566006797,false
7923,0.44790574537938255,0.25,0.4026730262761609,false
7924,0.42465022959898246,0.22,0.42400297386523295,false
7925,0.4252748276041078,0.09,0.10787618427618001,false
7926,0.30515710052413353,0.13,0.2214791946648336,false
7927,0.4192094947295753,0.05,0.13102774381793347,false
7928,0.39295378152819277,0.25,0.33651721244530763,false
7929,0.4463098276054793,0.47,0.390425716928245,false
7930,0.29643063116655904,0.4955,0.2772758103137278,false
7931,0.33372204108008374,0.14,0.2404298146175993,false
7932,0.32205693338605607,0.11,0.14385314379231257,false
7933,0.5319320157395083,0.22,0.33641954575782207,false
7934,0.3527719187273235,0.14,0.19337888998379912,false
7935,0.35030884583188726,0.04,0.09976583530382911,false
7937,0.6013722356423213,0.44,0.7367457624971688,false
7938,0.5290210629172087,0.38,0.5093591320377119,false
7939,0.32196831547544097,0.03,0.1741667147145595,false
7940,0.3274555120783271,0.24,0.23748183352933358,false
7941,0.5120450328915812,0.25,0.3733890810127667,false
7943,0.2860140614511918,0.03,0.06913775444910449,false
7944,0.49408458899832,0.34,0.3076887866160149,false
7945,0.3854327734752995,0.21,0.3528877324046047,false
7946,0.36684454189318555,0.15,0.34622162098727743,false
7947,0.4119039847430551,0.14,0.3129283676461337,false
7948,0.3816835061516102,0.43,0.42042628600098203,false
7949,0.6713989991602878,0.43,0.8389318360963015,false
7950,0.28766438506743114,0.11,0.07313807992134716,false
7951,0.41549432589656826,0.25,0.2001468175610254,false
7952,0.41315652782194495,0.1,0.22114042168300066,false
7953,0.3087679776008558,0.26,0.20359607000424784,false
7954,0.36647193715658555,0.01,0.29630248099453993,false
7955,0.38111170171822384,0.1,0.2905782703379321,false
7956,0.2911422653625774,0.18,0.3183513023007883,false
7957,0.40696463227848695,0.21,0.17666538459827621,false
7958,0.40696463227848695,0.21,0.17666538459827621,false
7959,0.36854837545014724,0.21,0.10713866708937442,false
7960,0.4515376404055298,0.39,0.47485403261497794,false
7961,0.9984489670336375,0.82,0.7869411540322313,false
7962,0.31665070906874376,0.04,0.0714628507299194,false
7963,0.5305574221989361,0.29,0.6490080002943219,false
7964,0.4017457026836036,0.07,0.14354113333570423,false
7967,0.6917407662110494,0.19,0.29120139479478696,false
7968,0.6516967869631203,0.29,0.3383407476424992,false
7969,0.5394197561967186,0.35,0.4546427506046335,false
7970,0.5608880873725115,0.31,0.23626101564876298,false
7971,0.5857872759562893,0.59,0.6424664794171907,false
7972,0.6470041323888388,0.44,0.5901850004013497,false
7973,0.763564311833137,0.63,0.8223742487953982,false
7974,0.42495227735694374,0.22,0.42739786412963987,false
7975,0.4158760605745573,0.24,0.40907733564396975,false
7976,0.34779874186820486,0.01,0.09346998779625225,false
7977,0.4449155092332352,0.18,0.25975815178303274,false
7979,0.41209490181791114,0.11,0.3293415970160532,false
7980,0.37408008957967864,0.07,0.2940713117064063,false
7981,0.37013554868855086,0.14,0.21240036401201048,false
7982,0.3761479881172329,0.26,0.1400106038518413,false
7983,0.5878962023765483,0.6,0.6628061228114369,false
7984,0.3393224516960962,0.22,0.16484605586873607,false
7985,0.30602062332284347,0.21,0.20185843493158906,false
7986,0.3487733772116811,0.31,0.41134552323463497,false
7987,0.3665873076135044,0.18,0.12299971950379797,false
7988,0.3567600161389851,0.09,0.19762931995556401,false
7989,0.3096053937324511,0.2675,0.26665309179278385,false
7990,0.26308382315599566,0.39,0.28070267721662606,false
7991,0.24557014771368949,0.0075,0.13865285352495188,false
7992,0.3052304584535921,0.22,0.2914805658602029,false
7993,0.27919982263142373,0.0,0.04504490693636288,false
7994,0.33080666624243077,0.11,0.28816561501290805,false
7995,0.2562522759280072,0.21,0.3578117924532613,false
7996,0.7615617632117935,0.48,0.7012706783403695,false
7997,0.5780969093778038,0.45,0.5324109505021075,false
7998,0.3804708297696407,0.06,0.14346128047762136,false
7999,0.33591223925684477,0.42,0.29611097385342117,false
8000,0.360598564188025,0.14,0.1734667496783938,false
8001,0.33722309562488056,0.41,0.34436757457282574,false
8002,0.6939103809289267,0.36,0.27774358306918767,false
8003,0.41084578403107186,0.55,0.5082571182975357,false
8004,0.31967019885425363,0.14,0.2317027218443654,false
8005,0.41715677502387954,0.15,0.20301777506372615,false
8006,0.37090240975691824,0.44,0.5351804786762736,false
8007,0.5739421926670887,0.52,0.7104910483755167,false
8008,0.43299629183037275,0.49,0.3488857841234773,false
8009,0.5332797775394701,0.44,0.47335799785929333,false
8010,0.45589789486636884,0.16,0.1667212332448195,false
8011,0.37363678439796166,0.23,0.12201411564607477,false
8012,0.3676459922813449,0.13,0.23259265326795175,false
8014,0.32589533120431113,0.1,0.13531981451587666,false
8016,0.3253025885130531,0.14,0.17374420258721984,false
8017,0.4883451238980173,0.2,0.06510948810245569,false
8019,0.301928014652003,0.08,0.2870781931737944,false
8020,0.24539926893887704,0.3704047619047619,0.4328051960768128,false
8021,0.3435272645190099,0.28,0.39329692221353085,false
8026,0.44157024974485853,0.16,0.2545086946957374,false
8027,0.39216839437436013,0.29,0.3793498953864842,false
8028,0.37924242190166535,0.01,0.24142989827448263,false
8029,0.49371264933563,0.29,0.46828290352948765,false
8031,0.4377492866646902,0.31,0.1406840017915801,false
8032,0.2969737558935725,0.07,0.1578416900278805,false
8033,0.614044283729524,0.46,0.8133079962680582,false
8034,0.3094229221509974,0.22,0.18223400054860842,false
8035,0.3562570409714202,0.03,0.3295252084667958,false
8036,0.2290552827770602,0.10666666666666666,0.082877427722836,false
8037,0.3845018522622416,0.0,0.3036878269970394,false
8038,0.3947838306020945,0.11,0.18481370157628416,false
8039,0.3807446466153078,0.29,0.2585144590496296,false
8040,0.40526359855063326,0.21,0.3099607692198762,false
8041,0.543640689649669,0.4,0.5676712403810851,false
8042,0.27630386748228647,0.22,0.0686705408458871,false
8043,0.3705023945234166,0.11,0.10145321400980294,false
8045,0.2813128444428742,0.03,0.11347828413111442,false
8046,0.5111690144845075,0.565,0.7224836392150171,false
8047,0.336963666295663,0.23,0.5997177155685416,false
8048,0.4244607387589106,0.25,0.29730457827709905,false
8049,0.3702406970630136,0.11,0.40693736827382293,false
8050,0.33555782329865314,0.14,0.1666162036328025,false
8051,0.3177490836366781,0.2,0.2874780381156706,false
8052,0.38817801347684644,0.54,0.4051727294695675,false
8053,0.32602468675071755,0.29,0.22455662296770218,false
8054,0.44186963900297827,0.36,0.4961188302175441,false
8055,0.28045524751539647,0.13,0.02580549648938157,false
8056,0.29720003890409324,0.06,0.10035027459664041,false
8057,0.6171423196666371,0.46,0.6066646913848605,false
8058,0.6326552612073384,0.53,0.6660089507686738,false
8059,0.6033976542063904,0.32,0.6359170693848742,false
8060,0.6429517323892024,0.37,0.7332633579293151,false
8061,0.6460120743644471,0.57,0.6671004942262596,false
8062,0.7275791476625525,0.53,0.5754363359447552,false
8063,0.49273915469782936,0.16,0.2924488669381232,false
8064,0.6109021545901446,0.59,0.574818071324749,false
8065,0.6217910111763666,0.45,0.5000612807978094,false
8066,0.30196737378563404,0.32,0.23131697310861998,false
8068,0.34148769858592093,0.17,0.13818847536566098,false
8069,0.32842614393031155,0.22,0.2724623183322157,false
8070,0.346534824127094,0.28,0.379746724799733,false
8072,0.3778535213583016,0.33,0.29900299924920215,false
8079,0.3785059321754428,0.14,0.155650160947488,false
8080,0.3127129005079281,0.31,0.38458848757632497,false
8081,0.48624753727527853,0.8683333333333334,0.6032151889289994,false
8082,0.8164291999594141,0.46,0.7109379010451837,false
8083,0.5426799235141128,0.41,0.6300246980794726,false
8084,0.592285907505698,0.17,0.630842719385705,false
8085,0.4892618939736766,0.23,0.5640528741650452,false
8086,0.2847077480376422,0.06833333333333334,0.1011496647563415,false
8087,0.4115615431588868,0.23,0.3116730777611122,false
8088,0.39598057119746294,0.23,0.17818116781066165,false
8089,0.7996159641108964,0.49,0.7229610850803575,false
8090,0.6301184700411284,0.5,0.7446107141167853,false
8091,0.3854801725589142,0.25,0.4121367805968624,false
8092,0.37116567320082006,0.25,0.42124382992928705,false
8093,0.4323947605029306,0.29,0.2998707656114207,false
8094,0.4590761371075874,0.19,0.41385444671204935,false
8095,0.4205523449605903,0.22,0.2585307431989494,false
8096,0.6547402746953358,0.34,0.5416956162719474,false
8097,0.4092147276505979,0.26,0.41540890266996744,false
8098,0.3183713111999165,0.01,0.33367747040591755,false
8099,0.34999538519527523,0.34,0.3879094783106113,false
8100,0.3533956082512629,0.15,0.14882489012804329,false
8102,0.7322091607688632,0.51,0.6118470281385793,false
8103,0.3975179255638394,0.21,0.1818215815306382,false
8104,0.2902707164281674,0.55,0.5347744633534197,false
8105,0.3758960307776779,0.1,0.20043708429295276,false
8106,0.29653936024409705,0.04,0.10921516217417876,false
8107,0.29653936024409705,0.04,0.10921516217417876,false
8108,0.2666818289560221,0.13,0.09673434269506143,false
8109,0.3181968157640611,0.37,0.5422353283587021,false
8111,0.44993321521328117,0.19,0.24659915466257637,false
8112,0.4086574140216124,0.44,0.26316666637743064,false
8113,0.4322113828913347,0.27,0.26149488329995696,false
8114,0.4299384988714805,0.05,0.08280787471816738,false
8115,0.40960676419229364,0.18,0.16538602279969664,false
8116,0.4279090637619501,0.21,0.2646065071386942,false
8117,0.5245415458357956,0.22,0.37359686600031267,false
8118,0.40960676419229364,0.18,0.16538602279969664,false
8119,0.3867819546162267,0.52,0.5520810433097305,false
8120,0.304406331190713,0.11,0.17574873778017513,false
8121,0.3770952825035081,0.09,0.09519657437207404,false
8122,0.6565029374928592,0.3,0.6775099446043705,false
8123,0.359050026372876,0.06,0.3082389902275078,false
8124,0.37840421542474295,0.23,0.2410354564661733,false
8125,0.4202408314930327,0.07,0.12938601073523778,false
8126,0.423387452972819,0.11,0.35065159731948403,false
8127,0.36458615543058326,0.13,0.2960915686640598,false
8128,0.40505278559806357,0.23,0.28264225222136785,false
8129,0.256300709141738,0.09,0.06142931085525827,false
8130,0.35821061828390405,0.16,0.2980372731737518,false
8131,0.48725267065183386,0.26,0.3002288976766127,false
8132,0.418409711024326,0.19,0.26354797905430366,false
8133,0.38967157356595317,0.04,0.17969554931233184,false
8134,0.28869403391551135,0.05,0.11989089100399038,false
8135,0.372504641020577,0.16,0.20802454855254748,false
8137,0.3493231254465579,0.16,0.24057016333758036,false
8138,0.3167388138939758,0.12,0.2633737555882491,false
8139,0.3199280501822882,0.06,0.26185725955256983,false
8145,0.6224466555825062,0.47,0.2150900940648831,false
8146,0.3515373229496857,0.05,0.029810306418367592,false
8147,0.3674282209455684,0.1,0.15665191468309633,false
8148,0.4388043901570555,0.39,0.41542675813863555,false
8149,0.36925658181602816,0.49,0.49577311671794017,false
8150,0.3942106864314037,0.3,0.20759531127996847,false
8151,0.8210953269432874,0.85,0.8550622463117571,false
8152,0.371934268821879,0.18,0.2572271090095374,false
8153,0.41694229530753585,0.13,0.23976067801263953,false
8154,0.2595621577761718,0.07,0.04252947798483394,false
8155,0.33613424467365793,0.07,0.17007872729123716,false
8156,0.2751366815662668,0.06,0.12238237851903222,false
8157,0.23373870096716554,0.54,0.6262222601510051,false
8158,0.3104374428274921,0.13,0.2716144796337572,false
8159,0.3000362220656785,0.15,0.2721859805718142,false
8161,0.32063075874338426,0.02,0.12114051804592847,false
8163,0.2845243380141845,0.15,0.17634004383473317,false
8164,0.7051949756285771,0.75,0.8856487886925619,false
8165,0.32313835948531283,0.08,0.1973126395254933,false
8167,0.3483113500242746,0.36,0.45814681211599917,false
8168,0.2600380046473382,0.11833333333333332,0.04957465008567444,false
8169,0.22751211979804548,0.02,0.26764202549949545,false
8170,0.23305794715018804,0.13190476190476189,0.3900155135287326,false
8171,0.27674228972153503,0.08,0.12682398776632098,false
8172,0.23011335219320403,0.15857142857142859,0.3900155135287326,false
8173,0.38895170577300725,0.37,0.39969848466771374,false
8174,0.38895170577300725,0.37,0.39969848466771374,false
8175,0.4026788346778094,0.08,0.20159120136740788,false
8176,0.4758793621618045,0.22,0.43933298914128,false
8177,0.4008320841002697,0.14,0.4812475337784354,false
8178,0.1884848251167766,0.74,0.3024847597731467,false
8179,0.470746784286366,0.06,0.1905181606241334,false
8180,0.37805431595740774,0.33,0.383380770255665,false
8181,0.39447594885169246,0.23,0.26584424501079273,false
8182,0.44238250292901904,0.23,0.5462192642450543,false
8183,0.39776020714087434,0.26,0.3997057254935608,false
8184,0.3670987520982133,0.36,0.3783698497565925,false
8185,0.373340203989087,0.17,0.22334283114974157,false
8187,0.594638408412232,0.43,0.4437978366423963,false
8188,0.37287432653280983,0.41,0.44184558658809736,false
8189,0.43366066440484585,0.4,0.44284752292490065,false
8190,0.5301086180878759,0.38,0.45770245589751224,false
8191,0.3595410142361761,0.13,0.2321325700220736,false
8193,0.36600466174913876,0.11,0.2497427128313731,false
8194,0.5830039980782487,0.34,0.4670736261580716,false
8195,0.6857641493701039,0.52,0.8068238815120843,false
8196,0.3928999093778367,0.5,0.5772350540059246,false
8197,0.4238944745983751,0.2,0.23571135667905968,false
8198,0.5237457236320958,0.4,0.5698065424050829,false
8199,0.635860225251664,0.49,0.3886337321273832,false
8200,0.4918127920250729,0.2708333333333333,0.48738880497445564,false
8201,0.653256543326778,0.75,0.8285854789028321,false
8202,0.535236301456595,0.34,0.42005883246558656,false
8203,0.6203997191405347,0.48,0.7354956402562518,false
8204,0.29851931476733157,0.01,0.06432010486481977,false
8205,0.557553477432461,0.33,0.2996780171828813,false
8206,0.5621251070577068,0.3,0.26638660360365796,false
8207,0.33259444782721626,0.19,0.5107329598742439,false
8208,0.32925058725355166,0.05,0.17655638182858407,false
8210,0.3528393798646533,0.31,0.14275756368150327,false
8211,0.32848038096599924,0.1,0.23599710592291742,false
8212,0.3450127645563826,0.13,0.2984009303219195,false
8213,0.33241212384542046,0.13,0.1692421384182391,false
8214,0.32345685541473046,0.17,0.17560483169103322,false
8215,0.3255312736444148,0.13,0.15333660964685955,false
8216,0.32954084021370117,0.09,0.17771625917867698,false
8217,0.3376679940734221,0.07,0.11270234151292037,false
8218,0.30669619005209214,0.2,0.3711696412246087,false
8219,0.2949734948315563,0.22,0.11100939267046851,false
8220,0.3229591817157678,0.07,0.31034002091287505,false
8221,0.5079436554525557,0.27,0.20337399938325415,false
8222,0.47225573522596104,0.32,0.3280490366159704,false
8223,0.3973065203726636,0.23,0.3395580135371618,false
8224,0.24614442996834549,0.02,0.1596327293612756,false
8225,0.6381463052436708,0.3,0.4528575983008111,false
8226,0.5451866451307544,0.44,0.39602945948661133,false
8227,0.5833383996280415,0.24,0.5235527314145031,false
8228,0.6644886282740042,0.36,0.4385844750888521,false
8229,0.601151443093798,0.39,0.5380873778432896,false
8230,0.6317864272979984,0.32,0.6975476589078032,false
8231,0.6502050574051884,0.37,0.5832728626186255,false
8232,0.38076663761501045,0.65,0.6336849221538229,false
8233,0.24958086147714292,0.10857142857142858,0.13430958032047713,false
8234,0.41535190810939315,0.36,0.47172836616994107,false
8236,0.35589375502037507,0.37,0.2074242591669376,false
8237,0.4341642285136998,0.48,0.4984457262366906,false
8238,0.2725105619529968,0.09666666666666668,0.08948141052582667,false
8239,0.4009884605084591,0.13,0.21955535720947325,false
8240,0.40945806990614936,0.4,0.37658233580292483,false
8241,0.40857780156667767,0.38,0.31348795393979234,false
8242,0.49672975844340583,0.28,0.45824805296480237,false
8244,0.31867725401578967,0.08,0.08666612244611978,false
8245,0.36801864877283225,0.09,0.07379338750660769,false
8246,0.44741564563807673,0.41,0.5562639066737907,false
8247,0.3858998570435897,0.13,0.20189584303813557,false
8248,0.3805272582574129,0.1,0.18423539669428307,false
8249,0.27653686996021737,0.3,0.40271451386588486,false
8250,0.5124374287856907,0.27,0.4079971266036459,false
8251,0.4483012755481389,0.31,0.2672456771426039,false
8252,0.26802134186438453,0.0,0.036615331305259353,false
8253,0.2802558472117386,0.0,0.02178066194802073,false
8254,0.3119893012727515,0.1,0.15083987055406545,false
8255,0.4207940839418049,0.17,0.31777523922278605,false
8256,0.4586341544280647,0.48,0.49942170775171424,false
8257,0.5865986425794907,0.55,0.4683724401587737,false
8259,0.2606949270847706,0.01,0.020583482097411128,false
8260,0.3028621643267124,0.03,0.11063514666403906,false
8261,0.4194561036637922,0.04,0.2527590555324965,false
8262,0.43154625465460966,0.17,0.32890613632525373,false
8263,0.2973303243142216,0.22,0.12243509150944795,false
8264,0.43000985747600434,0.13,0.271133836744936,false
8265,0.39367981106436334,0.18,0.3753558823559707,false
8266,0.39367981106436334,0.18,0.3753558823559707,false
8267,0.3987573596714181,0.29,0.3561364604100701,false
8268,0.35931702317938885,0.14,0.38535452399880404,false
8269,0.43000985747600434,0.13,0.271133836744936,false
8270,0.3987573596714181,0.29,0.3561364604100701,false
8271,0.3707106109614621,0.15,0.36853128359687776,false
8272,0.40779477077959553,0.32,0.27710820019384685,false
8273,0.6651616593721158,0.56,0.47179840607926526,false
8274,0.3969553823271957,0.35,0.4364174615588188,false
8275,0.6629575839443002,0.8,0.7671057032590802,false
8276,0.4201027170854394,0.24,0.40713801962674345,false
8277,0.4618192981693407,0.24,0.5846782922470897,false
8278,0.4201027170854394,0.24,0.40713801962674345,false
8279,0.2807491218923114,0.27,0.36443829635860514,false
8280,0.4083571724176762,0.7741071428571428,0.4053685902574514,false
8281,0.32406986949499783,0.01,0.2168066596223104,false
8282,0.353610113980993,0.27,0.377169800443107,false
8283,0.3406368426366183,0.33,0.450280521123025,false
8284,0.4141273523120587,0.17,0.29691340126767823,false
8285,0.5303115877772877,0.31,0.2702113883804296,false
8286,0.47776365462883474,0.18,0.3010271709832039,false
8287,0.6663598940898745,0.54,0.5030970221262681,false
8288,0.7109389426249532,0.53,0.6235258572026987,false
8289,0.8442537756071314,0.8,0.8863755769104508,false
8290,0.5005192953267099,0.15,0.40491131241499134,false
8291,0.4939252212323479,0.15,0.31810076387183694,false
8292,0.6109853622959848,0.19,0.25001065315829074,false
8293,0.5965591082238964,0.28,0.3041810889082249,false
8294,0.5607418310716055,0.42,0.4969289308300437,false
8295,0.3861574526186402,0.0,0.26147210467952164,false
8296,0.42648673203171866,0.17,0.30106991792553867,false
8297,0.5075509036118191,0.68,0.48544974066895424,false
8298,0.38480333323017973,0.13,0.051844436532154536,false
8299,0.6349134792808062,0.55,0.6910996198555058,false
8300,0.38979458729862165,0.45002380952380955,0.44692700422831605,false
8301,0.6832614921690984,0.96,0.8710138198247481,false
8302,0.561303520905504,0.51,0.6026554993077513,false
8303,0.42224152454848,0.28,0.5435210266432491,false
8304,0.537798126862373,0.52,0.5996468675830177,false
8305,0.425100922864848,0.33,0.3926844938715429,false
8306,0.4304914424630679,0.07,0.13222050963141155,false
8307,0.37079841789257384,0.12,0.3241586176218916,false
8308,0.35129024704665107,0.22,0.48768764849602264,false
8309,0.4085908995062912,0.34,0.45422515051821505,false
8310,0.3247663355784603,0.02,0.060690547971711695,false
8311,0.3400799715200241,0.3,0.4167948874966111,false
8312,0.329811771310178,0.17,0.09915595177055964,false
8313,0.32070953647416783,0.31,0.43152851342721293,false
8314,0.3736144240375502,0.21,0.27035135458300064,false
8315,0.3757677639629092,0.23,0.438295874069202,false
8316,0.2872260821344593,0.37,0.2737168141736134,false
8318,0.36904432399742587,0.39,0.4903998239574058,false
8319,0.42091875711347126,0.66,0.45523094546228376,false
8320,0.7446869770999558,0.53,0.817968137884607,false
8321,0.5201664958227449,0.43,0.5804897413678349,false
8322,0.6156773715527314,0.65,0.7090167467442468,false
8323,0.7608975211772017,0.74,0.6816037903907864,false
8324,0.3023504856916084,0.13,0.10737291356855146,false
8325,0.3667010381756377,0.3,0.30695008618147845,false
8326,0.39033179497495124,0.08,0.2571947926325886,false
8327,0.34016718107539823,0.09,0.12365010121110274,false
8328,0.28898893670103126,0.07,0.1657183004315497,false
8329,0.20758058444600622,0.10333333333333332,0.40111089847621784,false
8330,0.3947755069888307,0.26,0.3681554331182858,false
8331,0.3103835405103455,0.3,0.3820307245097975,false
8332,0.2587103988510821,0.54,0.2509728774664751,false
8333,0.3091134536854225,0.28,0.2504129011847433,false
8334,0.38264448610589225,0.24,0.3105496429110018,false
8335,0.45630270328077566,0.84,0.5996214399241153,false
8336,0.38940678095911285,0.26,0.40675049895213355,false
8337,0.4150712469149331,0.16,0.22537089393920726,false
8338,0.4150712469149331,0.16,0.22537089393920726,false
8340,0.4213820198055798,0.28,0.4570292465210048,false
8341,0.45526689348209115,0.39,0.5244624919334918,false
8342,0.40797002777520264,0.11,0.4030808011472912,false
8343,0.47652417777057327,0.24,0.2815658598908006,false
8344,0.48684532876118936,0.22,0.20558176851316504,false
8345,0.477151616455327,0.13,0.12326214130729805,false
8346,0.5458462923256339,0.26,0.1444989470186468,false
8347,0.5341519138050612,0.34,0.6093222790127235,false
8348,0.5567258865841727,0.44,0.6764751411327863,false
8349,0.3936020731467708,0.26,0.28200955153731666,false
8350,0.35883738658124087,0.31,0.18314732837898767,false
8351,0.4949941642001519,0.4,0.445365520483698,false
8352,0.35538435868069257,0.23,0.1832002361992731,false
8353,0.5040627535325898,0.55,0.5283768632331215,false
8354,0.4879249690005399,0.46,0.5002496998806338,false
8355,0.5863346944273342,0.55,0.4614618487761438,false
8356,0.4465149968842993,0.31,0.11026769931928777,false
8357,0.3588101534767433,0.15,0.20503024898715888,false
8358,0.47907407148107506,0.33,0.4680748665741441,false
8359,0.301277508582543,0.34,0.2693449892692545,false
8360,0.4343514182985607,0.2,0.3523347549960526,false
8361,0.5522776774970729,0.46,0.47169844924835774,false
8362,0.4975104921891217,0.42,0.5215439937645503,false
8363,0.34295534544931316,0.04,0.1485474147822399,false
8364,0.36748257739108803,0.2,0.47893298177545585,false
8365,0.36868548826430875,0.8846666666666667,0.4934356766382652,false
8366,0.5197736528474567,0.47,0.4680057698596019,false
8367,0.8292224421126421,0.55,0.7915108912870422,false
8368,0.611213223751435,0.34,0.17699299553706904,false
8369,0.5160361760656773,0.51,0.6817663523785505,false
8370,0.3592064177868992,0.15,0.27112494515746377,false
8371,0.4407227112573353,0.35,0.4117602848676285,false
8372,0.6425869036691116,0.42,0.4974481291124502,false
8373,0.4314383814146743,0.33,0.42415863191915754,false
8374,0.35166909714543104,0.14,0.10604065335770663,false
8375,0.4833112828297304,0.29,0.5042375797813773,false
8376,0.43176182559065,0.35,0.572248955680379,false
8377,0.36436955821360306,0.17,0.3386011494650568,false
8378,0.34686140358645234,0.44,0.6001927631690088,false
8383,0.36625919552151537,0.11,0.31239699181777353,false
8384,0.3577845544661168,0.07,0.1838993856182731,false
8385,0.41989367599149696,0.09,0.1678196089533475,false
8386,0.35080038450123296,0.1,0.24971700378174108,false
8390,0.32518018411609956,0.24,0.2722063950159697,false
8391,0.481356807766865,0.36,0.45280232314011054,false
8392,0.41332924459374826,0.34,0.37280584557649005,false
8393,0.3922155907345577,0.29,0.4964839600723666,false
8394,0.5935308846102237,0.55,0.429677595446901,false
8396,0.4006701223285616,0.185,0.26460335537376867,false
8397,0.4132514773558107,0.455,0.4108995514914643,false
8399,0.40246042895960665,0.13,0.38101720304212777,false
8400,0.27687644186497556,0.07,0.10804335563425149,false
8401,0.40376650837642325,0.28,0.44006810599817,false
8403,0.2619837349905078,0.02,0.022114292464028643,false
8405,0.4100727625582252,0.43,0.3193901122765024,false
8406,0.3254979065767108,0.24,0.2572660802059121,false
8407,0.39277379467166174,0.35,0.4097547165959053,false
8408,0.2986422471771681,0.03,0.08287275002003322,false
8409,0.4386083314302497,0.27,0.28294460282497946,false
8410,0.40375758199778383,0.08,0.46948633293039344,false
8411,0.4635269126947973,0.18,0.30704269293154696,false
8412,0.652384347403526,0.45,0.2210172750556281,false
8413,0.36739095158887397,0.13,0.20014108367548727,false
8414,0.514248040129641,0.54,0.6237972638522897,false
8415,0.3604262358698253,0.16,0.1886244267610137,false
8416,0.5880132054133216,0.36,0.31729233505469384,false
8417,0.35669257225897166,0.3,0.4487941222873976,false
8418,0.35883738658124087,0.31,0.18314732837898767,false
8419,0.39527760130001643,0.23,0.5409359098455496,false
8420,0.36948688409809954,0.73,0.6878149905273484,false
8421,0.4024136625159075,0.07,0.16278361324606233,false
8422,0.3583427795364423,0.2,0.23809973612295598,false
8423,0.4411025014401696,0.4,0.5057324826417153,false
8424,0.4024136625159075,0.07,0.16278361324606233,false
8425,0.44132929919878033,0.22,0.41112088910636624,false
8426,0.44037006402435946,0.31,0.44887721345497633,false
8427,0.4308848821886017,0.18,0.12295534190062173,false
8428,0.45044969374788446,0.25,0.5050939869992386,false
8429,0.4266119330058323,0.32,0.24750614408071497,false
8430,0.47894447377061616,0.2,0.13056224363409535,false
8431,0.4237003669882996,0.18,0.12157794761392854,false
8432,0.41460872441909885,0.19,0.41382189447087053,false
8433,0.41693085159569215,0.2,0.16282889445663226,false
8434,0.3359736536226329,0.44,0.3454147224030117,false
8435,0.3407808164845604,0.13,0.12475671950287649,false
8436,0.4473673094772934,0.18,0.1815886600415519,false
8437,0.44303678811185143,0.22,0.43731487294453214,false
8438,0.4945452556398097,0.35,0.33305608238935636,false
8439,0.39694850123406367,0.31,0.23638627744923618,false
8440,0.39694850123406367,0.31,0.23638627744923618,false
8441,0.3892330001225466,0.04,0.10865600376518973,false
8442,0.3534830192179298,0.36,0.268119262371627,false
8443,0.3922338946279015,0.15,0.22720179762462356,false
8444,0.2765533277664888,0.04,0.16859578371379838,false
8445,0.530763823290566,0.28,0.43128815258805586,false
8446,0.40643388678503206,0.15,0.36500676359123163,false
8447,0.37030605050970383,0.18,0.2584859053410657,false
8448,0.4853671911090088,0.58,0.62954674203079,false
8449,0.5514465759674956,0.21,0.21765764002758922,false
8450,0.4368535307079016,0.14,0.4050621320767235,false
8451,0.38404240214196883,0.25,0.38394270751043413,false
8452,0.38384403178677484,0.11,0.2655236869507113,false
8453,0.480788286989439,0.46,0.5881506380988227,false
8454,0.4475637874657976,0.13,0.11829048904567874,false
8455,0.5579703992906323,0.39,0.620095065322235,false
8456,0.3569553249423669,0.29,0.3779869866910404,false
8457,0.5573825126166265,0.23,0.23386189418078707,false
8458,0.35334188533842037,0.29,0.15296319675862277,false
8459,0.4629627683682565,0.19,0.3231869649549766,false
8460,0.3503045570675881,0.26,0.41901029843489884,false
8461,0.4735857118567117,0.48,0.5481261652302565,false
8462,0.3446472695961296,0.07,0.09754954931199394,false
8463,0.4196738962143681,0.19,0.39639180217298,false
8464,0.34998568642062633,0.48,0.5087941569309833,false
8465,0.435913852094977,0.16,0.15572122630654056,false
8466,0.429846352820823,0.47,0.7073202519517214,false
8467,0.3953849667121599,0.44,0.4486149662091604,false
8468,0.35156055249260304,0.35,0.505605950806507,false
8469,0.36268769084861324,0.21,0.4512565362938795,false
8471,0.42388465668837405,0.29,0.2752234731858513,false
8472,0.4277059991790144,0.34,0.5410268635583212,false
8474,0.430376917263705,0.22,0.18911639568584146,false
8475,0.36276408254642356,0.23,0.18591366449490376,false
8476,0.45604208778808925,0.23,0.2309745478149491,false
8479,0.3084419915069593,0.18,0.15295714471272964,false
8482,0.4434407659995169,0.12,0.08077880741759022,false
8484,0.4040088977255831,0.3,0.3828588206650987,false
8486,0.8598770117024119,0.45,0.4389569197551058,false
8487,0.4390026436367032,0.27,0.1611283124454148,false
8488,0.27493260080941173,0.04,0.10257820451306446,false
8489,0.4028297630381609,0.32,0.43907592692929365,false
8491,0.4823172113856212,0.21,0.4570977061181376,false
8492,0.4691487480430572,0.23,0.41853314743503944,false
8494,0.4195669260966811,0.09,0.1797394837472496,false
8495,0.3634145529795326,0.1,0.33456932023079694,false
8497,0.3438682805300425,0.12,0.07151446893117332,false
8498,0.3973521319536602,0.55,0.5418151616498574,false
8500,0.3587503481907536,0.16,0.19334177161194527,false
8501,0.36328885133393485,0.1,0.09373765943011189,false
8502,0.4263879227938078,0.1,0.21365803083119986,false
8503,0.36283775664526075,0.15,0.3198702009368433,false
8504,0.36283775664526075,0.15,0.3198702009368433,false
8505,0.4212576948402489,0.21,0.14068006669867536,false
8506,0.4574653678897603,0.25,0.5191928671076091,false
8507,0.39977811565047955,0.23,0.5117653834177247,false
8508,0.4057460351806371,0.21,0.2364868105162539,false
8509,0.40551129280770065,0.29,0.6433974843593017,false
8510,0.3618302742621896,0.38,0.24937113121422927,false
8511,0.3831624847163794,0.06,0.15714471336431363,false
8512,0.3804747758695357,0.23,0.5898785906964358,false
8513,0.40314774621574656,0.09,0.26173878392937866,false
8514,0.3112080068592703,0.13,0.13522915849620906,false
8515,0.35104445411246066,0.09,0.24394841418856458,false
8517,0.419462458560322,0.09,0.1886166869324533,false
8519,0.3786574372703759,0.21,0.12508724006547114,false
8520,0.37381863626947787,0.23,0.15326223945906498,false
8521,0.5634148749262664,0.4075,0.6088081276002506,false
8522,0.464473767727779,0.49,0.6490255329347004,false
8523,0.5401952130071354,0.46,0.3583481744156828,false
8524,0.42793000800546754,0.06,0.1965058479369732,false
8526,0.5562615314759617,0.39,0.5608369443715785,false
8529,0.6063260838418822,0.54,0.5234004961797247,false
8530,0.42956966151913434,0.32,0.2560188616766139,false
8531,0.3544575732588761,0.16,0.21572347479980933,false
8532,0.3544575732588761,0.16,0.21572347479980933,false
8533,0.3869997633525711,0.24,0.37078504305038257,false
8534,0.381525301767193,0.07,0.21065512067366365,false
8535,0.381525301767193,0.07,0.21065512067366365,false
8536,0.3817074109839964,0.1,0.18740116547263957,false
8537,0.3818196121542258,0.06,0.15056742708410273,false
8538,0.38066346546984015,0.06,0.12430115971516875,false
8539,0.49993989180396026,0.18,0.5860544108644584,false
8540,0.39000118353289565,0.1,0.15225198507876994,false
8541,0.3501062211243832,0.22,0.11855154495173015,false
8542,0.3546466913117066,0.14,0.258784628484252,false
8543,0.3541159870431823,0.11,0.20684415394561326,false
8544,0.6425869036691116,0.42,0.4974481291124502,false
8545,0.35773794500435036,0.03,0.17645562126200925,false
8546,0.3606988838025703,0.25,0.6208783843924762,false
8547,0.3350392472312217,0.05,0.07929441138241528,false
8548,0.4643154271463776,0.37,0.248047347955826,false
8549,0.3831624847163794,0.06,0.15714471336431363,false
8550,0.3801337052221238,0.3,0.49224596367331414,false
8551,0.5403779038440736,0.55,0.5176319598436531,false
8552,0.2732750575490529,0.44,0.3802266037747835,false
8553,0.36731744835986535,0.13,0.2195240232013559,false
8554,0.585086674434719,0.27,0.4718494559372334,false
8555,0.5880129026672392,0.57,0.8022444941104232,false
8556,0.42619895773439154,0.23,0.29683235785048495,false
8557,0.3359266022392302,0.28,0.27607877240989975,false
8558,0.4932863621829289,0.27,0.3952746354634001,false
8559,0.4264301272525642,0.14,0.25408384421248115,false
8561,0.4515794786322774,0.31,0.2591766448200358,false
8562,0.5190779167532532,0.21,0.26439915939964276,false
8563,0.5828282989941534,0.59,0.6820826767429038,false
8564,0.377778648883337,0.86,0.673887436269853,false
8565,0.3799874057286094,0.77,0.673887436269853,false
8566,0.40191445720615504,0.29,0.3424227018138851,false
8567,0.3255951076061411,0.14,0.24716545586991795,false
8568,0.7811138585070225,0.56,0.4588709858951227,false
8569,0.46324856426640687,0.27,0.40193885665741286,false
8570,0.465221287862707,0.37,0.5324970706198066,false
8571,0.4031852426218076,0.12,0.40238354676452437,false
8572,0.4872871892186378,0.3,0.742503295765673,false
8573,0.35884618056090295,0.27,0.3114241318603466,false
8574,0.3336016747906556,0.0,0.1745755617377136,false
8575,0.37288658062615754,0.09,0.2743034635900312,false
8577,0.47670859794712117,0.31666666666666665,0.2960985474832113,false
8578,0.44737229984167864,0.25,0.4343183715133477,false
8579,0.349505575969922,0.21,0.3160596263966444,false
8580,0.44815773561427613,0.18,0.3120074330606081,false
8582,0.37239207178009054,0.22,0.5532367170780601,false
8583,0.4476750908613202,0.58,0.5791216494932585,false
8584,0.4660146815721189,0.33,0.5119665129463161,false
8585,0.42250654902229356,0.6,0.4554082028925391,false
8586,0.4095674120099135,0.29,0.3045984676900759,false
8588,0.3108552012426664,0.09,0.10111853086380733,false
8589,0.4584948788681338,0.47,0.45999299597571064,false
8590,0.4121961702256373,0.5,0.6046060496704933,false
8591,0.2752697441351655,0.06,0.11790604995384174,false
8592,0.36560392604019093,0.08,0.13956974793930155,false
8593,0.4122687660331205,0.03,0.14762056190950862,false
8594,0.3704092252518635,0.18,0.460258980665069,false
8595,0.4261783113528416,0.43,0.6836576625708007,false
8596,0.5604950383701869,0.47,0.6642255072293621,false
8597,0.545986882578542,0.17,0.3673031686792956,false
8598,0.6857829831311238,0.76,0.8591704298714831,false
8600,0.43157718140263335,0.2,0.27271847669165594,false
8601,0.3825033973870159,0.23,0.27270821189508876,false
8602,0.34998568642062633,0.48,0.5087941569309833,false
8603,0.3543589494828085,0.87,0.5087941569309833,false
8604,0.6622433079894291,0.67,0.646526676437377,false
8605,0.42022778063347177,0.51,0.5646965495297925,false
8607,0.4309967690045642,0.31,0.370636328484436,false
8609,0.27218623046322654,0.23,0.1837318004650066,false
8610,0.43388068483513703,0.31,0.24291422274184532,false
8613,0.42980184203586613,0.38,0.5438396501568489,false
8614,0.49745597817695736,0.38,0.6300246980794726,false
8615,0.5125034627720694,0.34,0.494626152127664,false
8616,0.33159995463553416,0.15,0.19699532127969613,false
8617,0.40575048485608317,0.39,0.3427069210677496,false
8618,0.3283482464303135,0.16,0.28162950857345986,false
8619,0.42846583337323635,0.33,0.45773518959361303,false
8620,0.47818783606283244,0.05,0.3277945876994327,false
8621,0.43444121581507206,0.27,0.20034546624954586,false
8622,0.5907697743397489,0.82,0.6494288128374416,false
8623,0.27284070240638814,0.56,0.5410190612105753,false
8624,0.4248064109220273,0.17,0.1964950676083442,false
8625,0.37838411299045593,0.41,0.0811131768400498,false
8626,0.5376811036887069,0.23,0.3162877601690459,false
8627,0.4191214697676229,0.26,0.35075869601170373,false
8628,0.7659904816431252,0.51,0.8677716331422467,false
8629,0.3962330794493569,0.28,0.20918120710792504,false
8631,0.4282477365184389,0.24,0.22037006834742473,false
8632,0.4323040551422276,0.24,0.22037006834742473,false
8634,0.41772355436494807,0.2,0.2094846671335906,false
8635,0.38302545997931714,0.54,0.5663003852470536,false
8636,0.36028582821987776,0.26,0.4080179795476311,false
8638,0.3703363445452575,0.01,0.17726912060129407,false
8639,0.3544840048273389,0.24,0.18808494368477954,false
8640,0.31085938482021347,0.24,0.21458326643998954,false
8641,0.31867725401578967,0.08,0.08666612244611978,false
8644,0.4139994052304143,0.07,0.11213210306399089,false
8645,0.3571451912436112,0.06,0.10414487424142947,false
8646,0.7469674562423079,0.65,0.8742845532111279,false
8647,0.656539974844773,0.37,0.6725564587558798,false
8648,0.6716654751491262,0.4,0.516358953856789,false
8649,0.6237341875002173,0.4,0.3102813921206496,false
8650,0.36756212541556443,0.09,0.12135497324766005,false
8651,0.39915755996681146,0.23,0.20325200622661652,false
8652,0.6994956389676907,0.65,0.6776294389128912,false
8653,0.27162962035118227,0.14,0.28783560731270863,false
8654,0.439520218859385,0.1,0.25724115810131565,false
8655,0.3936301075211948,0.228,0.26497246680907555,false
8656,0.3908019071865946,0.29,0.044152951227241055,false
8657,0.27599077157824864,0.02,0.052624292367725964,false
8658,0.6997248636773015,0.83,0.8745147915472664,false
8661,0.3675641287441753,0.12,0.2312060938176612,false
8662,0.3920459735501674,0.15,0.13135884503463724,false
8663,0.42228287619506755,0.06,0.3909690658185491,false
8664,0.26147908668057135,0.9,0.4809334244592274,false
8665,0.3343890523271351,0.01,0.1168782377182123,false
8666,0.26128297268479267,0.08,0.11089531732055533,false
8667,0.27929807088834807,0.11,0.25275905442427016,false
8668,0.4025910891651341,0.32,0.41702017322634527,false
8670,0.3334929569961929,0.12,0.23415727659952731,false
8671,0.2977552769601638,0.0275,0.2590206345924948,false
8672,0.4374603083195823,0.43,0.3192976584594849,false
8673,0.45405483625359605,0.3,0.3617764852710819,false
8674,0.45908644466292137,0.11,0.2911291192009456,false
8675,0.6801884906023702,0.78,0.8747019734538632,false
8676,0.3680501357016881,0.32,0.24576521336974044,false
8677,0.3789986165573949,0.2,0.26249125522699374,false
8678,0.45908644466292137,0.11,0.2911291192009456,false
8679,0.27766704171474627,0.15,0.11676332007884425,false
8680,0.31192787762654633,0.03,0.1696703972130967,false
8681,0.3826540606339758,0.41,0.5014333024373477,false
8682,0.37923245390846655,0.72,0.27328726054850416,false
8683,0.4239673273739672,0.34,0.37467315183464417,false
8684,0.39840939225889205,0.34,0.23236754184985398,false
8685,0.42982861256346094,0.24,0.4216670720038051,false
8686,0.3995714504933176,0.155,0.3997285762547185,false
8687,0.293093433263175,0.01,0.08468044481956691,false
8688,0.2956329053166903,0.12,0.13659708585492866,false
8689,0.40184123706611086,0.26216666666666666,0.3291743086592277,false
8691,0.356017242928574,0.1,0.13962993498850962,false
8692,0.4281582185407772,0.46,0.5235449233224151,false
8693,0.29056405151732934,0.37,0.3116724408188916,false
8694,0.3750812256181353,0.1,0.183833129071369,false
8695,0.3263284495035304,0.12,0.10796307877565389,false
8699,0.7401164782310662,0.82,0.821207123872555,false
8702,0.44042301979282844,0.28,0.22430700596995068,false
8703,0.41286693242727174,0.32,0.08620663294389758,false
8704,0.3972450636987911,0.18,0.36843568095777374,false
8705,0.4494037862854548,0.21,0.34367028699064417,false
8706,0.36292986265653665,0.12,0.25623172211925527,false
8711,0.4358133260105736,0.55,0.5466840762259524,false
8712,0.4071808704421697,0.19,0.5100648702363515,false
8713,0.39220369601618893,0.29,0.4258941959605247,false
8714,0.23702099970832535,0.6726666666666666,0.32984139579106037,false
8715,0.3641292871108438,0.04,0.130955430488763,false
8717,0.2812686579483871,0.01,0.05486827435005158,false
8718,0.34885612690114703,0.02,0.22070231889635444,false
8719,0.436897831533535,0.42,0.617653462457479,false
8720,0.3405713873993705,0.29,0.513936408405342,false
8721,0.428264195180975,0.13,0.1792842348578578,false
8722,0.3446208014096013,0.07,0.12596762016561527,false
8723,0.41679665164977353,0.21,0.22169732424279845,false
8724,0.31035112017376093,0.06,0.07045282003071353,false
8727,0.7283590874763687,0.54,0.5981816130337643,false
8729,0.3824480508923496,0.03,0.278418235873842,false
8734,0.498410469991817,0.28,0.47492614855035076,false
8736,0.5079080922832576,0.23,0.3752642430663302,false
8737,0.4035926063904458,0.28,0.30439631923047705,false
8739,0.3152697030516638,0.22,0.39577309654196347,false
8740,0.3163725255957838,0.09,0.11714235354415319,false
8742,0.6319262823262137,0.67,0.7204848473669822,false
8743,0.39660262205443075,0.28,0.3935074271442336,false
8746,0.43522231331261313,0.07,0.2920933402944643,false
8747,0.3961816529045609,0.3,0.42300735388384286,false
8748,0.4319055712044782,0.22,0.297517672646845,false
8749,0.38647826779163175,0.3,0.22179411614196237,false
8750,0.4794443577282079,0.17,0.3309745137235587,false
8751,0.6959024751077096,0.56,0.7864670620830259,false
8752,0.2950356443387192,0.91,0.4390004947716332,false
8753,0.3727251459478776,0.26,0.40100519736933227,false
8754,0.5950900564968189,0.48,0.5818919324033257,false
8755,0.7563237315832516,0.73,0.6243700439578616,false
8756,0.33248013965431794,0.11,0.1810079168630559,false
8757,0.33372204108008374,0.14,0.2404298146175993,false
8758,0.38264189704808454,0.31,0.34255388062786696,false
8759,0.38264189704808454,0.31,0.34255388062786696,false
8760,0.3333511349271671,0.15,0.22415161061340122,false
8761,0.31819903600883415,0.3,0.19440129325590874,false
8762,0.2801416974097412,0.19,0.3696041945968913,false
8765,0.2817802906707502,0.3575,0.465511778190923,false
8766,0.4725688155286162,0.33,0.5747036569528131,false
8767,0.32586089765920223,0.3,0.18352704957823476,false
8768,0.509045373571062,0.47,0.41981953487754403,false
8769,0.433065475960574,0.21,0.2150131849904763,false
8770,0.4147808034759033,0.51,0.6007185073367113,false
8771,0.41155916122768144,0.12,0.14803542410227266,false
8772,0.401184866028487,0.26,0.3237327692057829,false
8773,0.34686786982584766,0.13,0.24957565447551094,false
8774,0.34686786982584766,0.13,0.24957565447551094,false
8775,0.26601095558852106,0.16,0.2966412528338436,false
8777,0.3970950639824312,0.55,0.4079569019630921,false
8778,0.6398676684742914,0.46,0.47031121052519886,false
8781,0.24923444455239543,0.5809047619047619,0.38298876831529144,false
8782,0.3638039518706186,0.04,0.05092816365362114,false
8784,0.2644633637078373,0.13,0.3378310427777618,false
8785,0.3482472719352796,0.37,0.33578952309387944,false
8787,0.373529575799678,0.33,0.3804075601609282,false
8788,0.4202087486202374,0.21,0.32696720772900667,false
8789,0.37524630860189806,0.19,0.4180448774555455,false
8790,0.3174782491253523,0.31,0.2297432448641615,false
8794,0.5048378223972002,0.38,0.594792283434458,false
8795,0.2673194062036728,0.23250000000000004,0.23299390871633427,false
8799,0.3826299667936142,0.53,0.35259682080233273,false
8801,0.3152873580167544,0.17,0.11948245145825796,false
8802,0.35330450946106134,0.72,0.3860824648673218,false
8804,0.3648134828598195,0.19,0.33172869872390554,false
8805,0.3273207241889144,0.0,0.16998449487624945,false
8806,0.3965712279130739,0.09,0.16348636599109373,false
8809,0.3313888416079105,0.21,0.19963205938384518,false
8811,0.37367183652392616,0.13,0.28897339382686205,false
8812,0.35551571372954627,0.09,0.43755949857128623,false
8813,0.5099370978883313,0.28,0.41390946326375816,false
8814,0.5099370978883313,0.28,0.41390946326375816,false
8815,0.33843822245347055,0.13,0.2556856571558936,false
8816,0.33658783975661927,0.08,0.16728563053342008,false
8819,0.34546650257549444,0.28,0.273675618922616,false
8820,0.6234554534061659,0.74,0.8204501772709902,false
8821,0.5142434216792376,0.31,0.30129912532397013,false
8822,0.24291492133713619,0.1,0.20120179264839358,false
8823,0.3342222531506509,0.22,0.1714387886288785,false
8824,0.3445559658538859,0.09,0.20909451889793662,false
8825,0.31230588225959693,0.12,0.2568881049824494,false
8826,0.2861529235926998,0.0,0.107237461642995,false
8828,0.43184487395224386,0.54,0.1813596640606951,false
8829,0.39157786046951065,0.15,0.3710422736562756,false
8832,0.3811347847469964,0.28,0.46147240778067944,false
8834,0.22533367750600533,0.11,0.07582277331129572,false
8835,0.2347177513277515,0.04,0.307194890601955,false
8836,0.3807144219200186,0.31,0.3351884452393627,false
8837,0.26425141383202416,0.06,0.16510526799124284,false
8838,0.3604415175805885,0.1,0.1692910516219647,false
8840,0.3420115116432723,0.54,0.36450400299447705,false
8841,0.3589757013456478,0.09,0.3309381521863898,false
8842,0.31834830895240285,0.11,0.11377902642949295,false
8843,0.3396047706826452,0.16,0.38207977464684006,false
8844,0.36827382866177516,0.25,0.22627292713090447,false
8846,0.2570790907212069,0.32,0.11331375124751747,false
8848,0.5359082082699939,0.52,0.4161411364429562,false
8850,0.358574917450175,0.27,0.2911475581556982,false
8851,0.5825329666878439,0.6,0.7019729254299697,false
8852,0.2908374560214596,0.01,0.13321667133788562,false
8854,0.3083742051097533,0.8,0.2491673264693345,false
8856,0.27709102315979767,0.72,0.4767557970400425,false
8857,0.3556401360034441,0.04,0.13562525686666393,false
8858,0.3809791799336799,0.3,0.281666467735009,false
8859,0.3517287486546555,0.13,0.1213996401433209,false
8860,0.3573980312620325,0.08,0.12946474943029887,false
8861,0.3657033702070756,0.26,0.16435845139421662,false
8862,0.39336261611742973,0.38,0.5707249062662754,false
8863,0.3288737531217259,0.18,0.25526917705340896,false
8864,0.4962913703943539,0.21,0.27375275417743533,false
8865,0.261374457619588,0.28,0.2525035719095826,false
8866,0.46958820932724094,0.3,0.47527197727665343,false
8868,0.3767498529013291,0.13,0.2773432319448679,false
8869,0.39937570551453594,0.34,0.4772106586353939,false
8870,0.287903990441242,0.18,0.2938090533088623,false
8872,0.38414317148012944,0.23,0.17294067191513438,false
8873,0.4037628572417056,0.27,0.393781027964494,false
8874,0.2991912814650823,0.03,0.062263126508784496,false
8875,0.4269572585693923,0.09,0.32068279790188026,false
8876,0.4234840774331125,0.17,0.12037246471516219,false
8877,0.27072212930005435,0.15,0.19526983853679622,false
8878,0.8442485308595361,0.53,0.6126725580143948,false
8879,0.3134023237095987,0.11,0.26758665813298055,false
8880,0.36489695032146535,0.08,0.3921018825761124,false
8882,0.3685887613783846,0.11,0.1684857614720882,false
8883,0.36489695032146535,0.08,0.3921018825761124,false
8885,0.3972952268376088,0.13,0.08876496821126165,false
8886,0.4181269070317493,0.17,0.257632297921812,false
8887,0.4434242269882256,0.44,0.2609627423579112,false
8889,0.21318470874847095,0.5371666666666666,0.43769136702801076,false
8890,0.48129831885935187,0.69,0.7072949571399891,false
8891,0.33301308093935544,0.24,0.4134822853283043,false
8894,0.38446076658307343,0.04,0.10105243907030019,false
8896,0.4943127076767643,0.31,0.4971402459221289,false
8897,0.4211976416523697,0.3,0.39690668694723963,false
8898,0.4618161537632118,0.23,0.34730303086295156,false
8899,0.4180710105858891,0.45,0.5121646430086811,false
8900,0.4878548969748928,0.38,0.6613774862991538,false
8901,0.6455733561724839,0.56,0.8044747251474333,false
8906,0.30941063661534157,0.24,0.27357735980498055,false
8908,0.45005031828792796,0.32,0.3398841538602415,false
8909,0.5289845695472473,0.21,0.350563100236984,false
8910,0.3819812595569391,0.04,0.12149860165316803,false
8911,0.5730550630915973,0.45,0.4629699470787376,false
8912,0.4366352802321053,0.12,0.28023939141652415,false
8914,0.5198591699754985,0.19,0.20831431760690908,false
8915,0.46368589029851504,0.12,0.20030198507657582,false
8916,0.37906464469526274,0.33,0.45815151981413704,false
8918,0.5305602469958074,0.40666666666666673,0.5099015813819293,false
8919,0.4500281148678357,0.23,0.267245608333827,false
8920,0.43079235383921555,0.22,0.47160496961145,false
8921,0.49432459786514166,0.18,0.13397235404913088,false
8923,0.4019663379269992,0.11,0.40536579688434227,false
8924,0.4140077640441979,0.31,0.37152899091172675,false
8925,0.415244141351972,0.24,0.32902195506570137,false
8926,0.36490398635750726,0.1,0.2528999672866343,false
8927,0.4347824723127938,0.13,0.09601358510822058,false
8928,0.4413433041166661,0.19,0.21931670021153507,false
8929,0.27956657509484945,0.146,0.17372122530669,false
8930,0.3304005897783177,0.23,0.2186755777376005,false
8931,0.30508603879498153,0.06,0.12950552658457598,false
8933,0.41180465229071966,0.19,0.31306136607743457,false
8934,0.48020180987463806,0.54,0.6801170387619629,false
8935,0.37141763666825783,0.19,0.24008601292524556,false
8936,0.35534446312666057,0.1,0.17195390151593534,false
8937,0.39145546971010925,0.26,0.3790437864151817,false
8938,0.39145546971010925,0.26,0.3790437864151817,false
8945,0.2812686579483871,0.01,0.05486827435005158,false
8947,0.23214563141973482,0.02,0.11839364855850269,false
8949,0.3316472233570036,0.14,0.17598430356899314,false
8950,0.37973616864893983,0.22,0.32848412003152905,false
8951,0.3798748535132765,0.19,0.20176998889787515,false
8953,0.4757981148596591,0.38,0.4045226676975528,false
8954,0.4714393775647092,0.25666666666666665,0.5194808795878985,false
8957,0.38561961752102225,0.32,0.525693320030648,false
8958,0.41135001038064334,0.14,0.22590347232811037,false
8959,0.3196000714062991,0.25,0.17950471482162964,false
8960,0.2738733990901693,0.77,0.4341501933437652,false
8961,0.46754646504435443,0.26,0.4131821495750722,false
8963,0.27342116066477823,0.6075,0.524356814391813,false
8964,0.5620650544165793,0.29,0.3485467095758758,false
8965,0.4485931731170182,0.17,0.28761603232774746,false
8966,0.49432459786514166,0.18,0.13397235404913088,false
8968,0.41297432287809793,0.16,0.24447219165012063,false
8969,0.4197105640420885,0.15,0.3462597055877421,false
8970,0.41630196883268183,0.09,0.2945949595854992,false
8971,0.6621510537961467,0.44,0.5114870406803651,false
8972,0.44164257514930894,0.23,0.38743979656144206,false
8973,0.6242220361719021,0.4,0.5233664449445063,false
8974,0.33218032051326674,0.26,0.26466411642529,false
8975,0.2509169622006226,0.07,0.1049452130999293,false
8977,0.36452934313777574,0.36,0.2346076212714488,false
8978,0.4046940366914962,0.36,0.30510080545635604,false
8979,0.5353020453854691,0.36,0.3328132697597519,false
8980,0.30492968147597094,0.02,0.10637346522646252,false
8981,0.2693844881148473,0.07,0.05796129223061808,false
8982,0.24856662623033254,0.085,0.055939593725571744,false
8983,0.21541330561756183,0.01,0.07998348257170858,false
8984,0.40308631193781574,0.28,0.43836899518168027,false
8985,0.45611393435409264,0.58,0.5241565851635495,false
8986,0.32105359667106137,0.02,0.16745992406473217,false
8987,0.4193839496521329,0.18,0.3550679188176055,false
8988,0.45474009933461723,0.4,0.5318787253439945,false
8989,0.3096291293746243,0.04,0.11288165918163286,false
8990,0.46742532971861817,0.24,0.43748676699063355,false
8991,0.531229836609953,0.36,0.4491218451108231,false
8992,0.24466514153417096,0.04,0.06022706432805779,false
8993,0.3828437773106948,0.1,0.1034446146916628,false
8995,0.484371906943868,0.46,0.27127512447240126,false
9000,0.4899520648609731,0.27666666666666667,0.34057512489738445,false
9001,0.5009592365693264,0.5,0.4388088263934228,false
9002,0.2807791114749041,0.02,0.1207128036638632,false
9003,0.27080247885213404,0.3,0.41001822723927933,false
9004,0.7443522098150498,0.47,0.7573866967086197,false
9005,0.48131678341376216,0.48,0.5632498306205764,false
9006,0.4625873281007001,0.38,0.5009749636327868,false
9008,0.5304919047741948,0.45,0.5163565903490924,false
9009,0.4412753756214609,0.33,0.5458744519153246,false
9012,0.3445520250953918,0.02,0.12109332628324534,false
9014,0.38030341141439217,0.27,0.38316932374440227,false
9015,0.2620614264456989,0.16,0.07836393142416292,false
9017,0.3847603682612821,0.21,0.2193294663363323,false
9018,0.34197047785142226,0.08,0.09720008177962784,false
9019,0.3296066019166696,0.18,0.18548225616991737,false
9021,0.47559960138862656,0.28,0.2611276717728447,false
9022,0.3329618695063134,0.12,0.16351517906726407,false
9023,0.41526009098987127,0.13,0.31102505502835326,false
9027,0.3439840590294478,0.07,0.1389084246870319,false
9028,0.45611393435409264,0.58,0.5241565851635495,false
9029,0.5029576715587629,0.275,0.21746065328639347,false
9030,0.3191716072553262,0.12,0.21407677350384322,false
9031,0.39631293139339274,0.17,0.22263517506987768,false
9032,0.2998466275145185,0.09,0.18624018741801177,false
9033,0.3890946699523119,0.76,0.6142959649524843,false
9034,0.3463382379943115,0.05,0.0687180453498586,false
9035,0.3200388736409164,0.13,0.2256288165630824,false
9037,0.312059889541336,0.13,0.2071102174364862,false
9039,0.37395491604464864,0.13,0.5381011819051589,false
9043,0.29828983101120743,0.49,0.18213823485581287,false
9044,0.3613054800316849,0.29,0.24123533101729586,false
9045,0.39660262205443075,0.28,0.3935074271442336,false
9046,0.3336754235537399,0.15,0.2980787139650253,false
9049,0.34238002888500574,0.17,0.27255512637711665,false
9050,0.44158392898143195,0.35,0.3341804760440025,false
9051,0.231156654776566,0.04583333333333334,0.3326808178292506,false
9052,0.29575188115749346,0.09,0.10676219369284415,false
9053,0.3765273075692753,0.29,0.3034569092415521,false
9054,0.3911344610254383,0.83,0.34362946244512405,false
9056,0.6164866978985188,0.44,0.46704670792990194,false
9057,0.40856446706062244,0.44,0.6503900186246762,false
9058,0.32309284190971965,0.17,0.2842302722028662,false
9059,0.32305944783760726,0.04,0.0634935239699595,false
9061,0.3699543380378887,0.33,0.297139034197689,false
9063,0.42371583994805934,0.37,0.41618386318249045,false
9064,0.42410663820341504,0.19,0.3482267645803476,false
9065,0.38541675618266996,0.38,0.34008466803539295,false
9067,0.27767357658274394,0.18,0.3191637243943354,false
9068,0.27767357658274394,0.18,0.3191637243943354,false
9069,0.28249542823492857,0.14,0.24848540448634707,false
9071,0.596687655045258,0.58,0.6059161415158966,false
9073,0.455402132723103,0.35,0.26337207631218973,false
9074,0.3374320117689662,0.26,0.19698811247882594,false
9075,0.38256074011481017,0.17,0.262651035642741,false
9076,0.46786917636890785,0.38,0.4381268063340879,false
9077,0.6443065189061822,0.46,0.6946504440631722,false
9078,0.3895239521811964,0.25,0.37157643731788914,false
9079,0.34568787867461476,0.28,0.3914101449811579,false
9080,0.3606247956333726,0.09,0.09748200637832272,false
9081,0.4203423570809335,0.25,0.2522201976293171,false
9086,0.48620807972649066,0.36,0.4258922293819925,false
9087,0.329641900854791,0.19,0.35122770804054143,false
9088,0.4731309141828906,0.25,0.46990529128240693,false
9089,0.6654030255645487,0.48,0.6382944882093153,false
9090,0.46619840403235285,0.41,0.47418191258001857,false
9091,0.4635007068077546,0.12,0.28808394098738377,false
9092,0.42604704392945897,0.21,0.45408606367974585,false
9093,0.4337658738925006,0.52,0.507720960054881,false
9094,0.5088678854139904,0.13,0.21461101694333748,false
9095,0.4428508386799686,0.29,0.30132077328518664,false
9096,0.5524914829539793,0.44,0.6562916473914985,false
9097,0.3487255309750986,0.13,0.1902215036508513,false
9098,0.4103568989793065,0.13,0.2394048136609161,false
9099,0.30270450569488516,0.04,0.08178711566381477,false
9100,0.3717818317615468,0.42,0.22709605707740016,false
9101,0.3310997483628091,0.13,0.3629134891149217,false
9102,0.3310997483628091,0.13,0.3629134891149217,false
9103,0.5135251619097007,0.33,0.439916512337819,false
9107,0.343395470483835,0.22,0.2042917612354282,false
9108,0.33616773259500105,0.15,0.19889661914539625,false
9109,0.31772629722225854,0.06,0.12740042070979046,false
9112,0.613589317811783,0.29,0.39937667517011427,false
9113,0.8255003201769323,0.72,0.4612556814825757,false
9114,0.5550864903340085,0.38,0.3521426397271499,false
9115,0.4073900062420893,0.22,0.30128608443597926,false
9117,0.43837317352511673,0.1,0.11780951059176818,false
9118,0.32447331692497383,0.1,0.20834389069932027,false
9119,0.30862249410611114,0.1,0.09464840376857377,false
9121,0.3257760973461966,0.17,0.3002046353009264,false
9122,0.3381724072723795,0.3,0.1157964253672756,false
9123,0.2620301775553497,0.03,0.23237397933556853,false
9124,0.4597858924298744,0.27399999999999997,0.51573015464683,false
9125,0.2488173051808445,0.275,0.1566264213639329,false
9126,0.3803706971402026,0.23,0.34519461297371445,false
9127,0.36684544605236075,0.18,0.11129659903680789,false
9128,0.29273815475005605,0.19,0.2650116239941818,false
9129,0.5667272510520152,0.28,0.2077071905929267,false
9130,0.2989726851281957,0.18,0.3650479191574101,false
9131,0.35668901735497527,0.14,0.09286917000789637,false
9132,0.4541341902949348,0.52,0.607258642680832,false
9133,0.33267359495580895,0.23,0.3766271207068325,false
9138,0.5110295348923675,0.24,0.43959850018857693,false
9139,0.5270969370455041,0.42,0.2823287996298394,false
9140,0.3587820324162753,0.12,0.38407310061983335,false
9141,0.3621112472772664,0.2,0.3453917202803323,false
9142,0.3192119272506385,0.19,0.27108110776198113,false
9143,0.35034935257039035,0.27,0.23976482184246525,false
9144,0.33104101055796176,0.16,0.27126534531191704,false
9146,0.4872124724526354,0.45,0.5633167354622796,false
9147,0.47285544378947847,0.21,0.186566822931623,false
9148,0.4461851961925315,0.19,0.32418267122111566,false
9149,0.47285544378947847,0.21,0.186566822931623,false
9150,0.3786646284244408,0.19,0.2260583484200733,false
9153,0.4757532071570854,0.27,0.45513028271589445,false
9156,0.4801058196957616,0.34,0.5669978799199525,false
9158,0.36479850264088776,0.29,0.16136186582209877,false
9159,0.34611711798702327,0.02,0.09663812975063343,false
9163,0.347486446452449,0.03,0.1049401490150726,false
9164,0.47660828806308286,0.36,0.5859755698790057,false
9165,0.46832857986821996,0.11,0.3490584126186401,false
9166,0.4898332106042752,0.2,0.27614439646071315,false
9167,0.2778490826606292,0.03,0.05613294737776901,false
9168,0.23275266198530212,0.863,0.5399113940662931,false
9169,0.2474823459166653,0.3901666666666667,0.1693280698742354,false
9171,0.35115513766605394,0.13,0.28042598392394613,false
9172,0.23551167670066822,0.44833333333333336,0.12673906510607982,false
9174,0.3553374661070514,0.5923809523809525,0.3338836562766545,false
9175,0.37225509672965246,0.18,0.162784785469873,false
9177,0.4043598958478412,0.15,0.1749207589780197,false
9178,0.39982611586366157,0.31,0.3536577049866914,false
9181,0.32024646689773334,0.14,0.29084713412214086,false
9182,0.2915137096722592,0.09,0.07655229062748727,false
9184,0.41583908073490006,0.32,0.459220307315825,false
9185,0.4150146501082739,0.34,0.37842526649428165,false
9187,0.5401748153406386,0.21,0.161195221290837,false
9188,0.4042095045114842,0.36,0.30630804569743636,false
9189,0.6649593895473918,0.48,0.7075633915555364,false
9190,0.6042598214201567,0.59,0.6999553255906228,false
9204,0.44530309672338275,0.37,0.3457127538953809,false
9205,0.35065879553557094,0.28,0.5564762579851316,false
9206,0.4242504997035456,0.26,0.20636971914824015,false
9207,0.46176419753849196,0.35,0.5265885156823301,false
9208,0.4101036348575872,0.16,0.2273540612859044,false
9209,0.3393618877614595,0.59,0.33447482962408387,false
9210,0.39705604711950254,0.05,0.11930701119533324,false
9212,0.3775034751826494,0.08,0.13410573106934442,false
9213,0.5518315445103196,0.5,0.7086960714062879,false
9214,0.5428745512052522,0.4,0.44936032396526915,false
9216,0.3198646418130143,0.12,0.2252586889249076,false
9217,0.5310908011252982,0.45,0.513568562315261,false
9218,0.5812813103292651,0.38,0.676176028812521,false
9219,0.33293032170672654,0.31,0.28056916075015403,false
9220,0.30270930658439055,0.01,0.1930518061866917,false
9221,0.4296659641727251,0.17,0.30123630614183494,false
9222,0.28756710445840683,0.01,0.08966335007012165,false
9224,0.27624137763982864,0.08,0.01820376543807441,false
9225,0.3747726087019752,0.5,0.555664348536228,false
9226,0.34756022665535097,0.02,0.0757377861504941,false
9227,0.2347177513277515,0.04,0.307194890601955,false
9228,0.4864627398827003,0.29,0.16573315509653072,false
9229,0.40146242476067695,0.12,0.47330710642870905,false
9230,0.32984786353565015,0.14,0.3141409301391766,false
9231,0.40827046004244927,0.1,0.10775657946321185,false
9234,0.4451841198453721,0.15,0.185104805257085,false
9235,0.4992128425414482,0.23,0.37894835961059864,false
9236,0.6011046322976983,0.43,0.7023885489921875,false
9237,0.5850473219853652,0.66,0.7213915069710891,false
9238,0.4811748504139088,0.36,0.4133662216164646,false
9239,0.5417548527546944,0.34,0.6171789368614529,false
9240,0.4600441682202886,0.26,0.6415307277836071,false
9241,0.38423508498321424,0.68,0.3654317970780364,false
9242,0.5678677645133564,0.42,0.42667570550766637,false
9244,0.3849752810659244,0.29,0.40163573238181643,false
9245,0.3960217747719508,0.27,0.2818915803346524,false
9247,0.29022171751217385,0.2,0.06197448081774263,false
9248,0.4476234875397527,0.09,0.18746783529282496,false
9249,0.6546259482434834,0.56,0.8914847443774013,false
9250,0.36404272827368783,0.13,0.05945364648421622,false
9251,0.34905229078077593,0.18,0.3154923958766254,false
9252,0.37000851263802226,0.14,0.18775579374383508,false
9253,0.49265833713592894,0.41,0.5428566517525963,false
9254,0.4997763218465915,0.23,0.09061635265594942,false
9256,0.5011576575336697,0.38,0.5107148206751202,false
9257,0.8333820146606223,0.68,0.8538996172884993,false
9258,0.3122403178035843,0.06,0.08574619032970353,false
9259,0.45380000306773494,0.41,0.3783062393975564,false
9261,0.3050451976203061,0.03,0.12565508965950278,false
9262,0.5120911893683163,0.48,0.5453882202617688,false
9264,0.5528553377615437,0.36,0.36758171916640586,false
9266,0.4284019295171711,0.28,0.2812495757162984,false
9267,0.44739237731548553,0.2,0.34415612716588634,false
9268,0.3782038225095337,0.34,0.4607627823266769,false
9269,0.48619553903451607,0.37,0.2644215828121259,false
9270,0.3039818164663119,0.13,0.2728268389062206,false
9271,0.47404881508667873,0.15,0.15842541759137937,false
9273,0.450330049991886,0.16,0.3941609597246793,false
9275,0.4464065419035562,0.55,0.6350840579223634,false
9276,0.46742894800398144,0.3475,0.5218208123602561,false
9277,0.5099506642240793,0.55,0.6798216762081775,false
9278,0.3521556914810193,0.36,0.5890920030919896,false
9279,0.4332600316475533,0.24,0.5741439678094199,false
9280,0.45228949580428035,0.3,0.3908208680711574,false
9282,0.3858262411548235,0.29,0.33229984046033306,false
9283,0.6804252640474151,0.3,0.32927992095472475,false
9289,0.23551167670066822,0.44833333333333336,0.12673906510607982,false
9292,0.27523038995760996,0.68,0.6288686500831553,false
9294,0.2962193307552736,0.07,0.17515932830090072,false
9295,0.3519043013887611,0.09,0.16136969060057355,false
9296,0.3115340681556396,0.19,0.16167421277648655,false
9297,0.3502717740898271,0.04,0.0719638067640156,false
9298,0.29983364957556774,0.14,0.18173910392018378,false
9299,0.34713411290352675,0.15,0.24461308649423347,false
9300,0.38575681430638026,0.24,0.3364804353855944,false
9301,0.4292872572935553,0.3,0.3428500395936249,false
9302,0.5605329173167649,0.55,0.46096306671865817,false
9303,0.5605329173167649,0.55,0.46096306671865817,false
9305,0.3257310918104376,0.44,0.529443728112576,false
9306,0.4539905169845481,0.38,0.49437540102154376,false
9307,0.3694750406982714,0.19,0.3735290132892935,false
9308,0.41647808684318055,0.28,0.24070869736670358,false
9309,0.7965875913702086,0.52,0.5365512881594076,false
9310,0.6996640630080975,0.78,0.839429097564927,false
9311,0.39980363858929974,0.11,0.04941495857952065,false
9312,0.8742214642971611,0.74,0.7613740477757889,false
9313,0.4733591444567303,0.18,0.2812790004020073,false
9314,0.35851781520304804,0.1,0.11754046229417672,false
9315,0.6872088754189084,0.62,0.7680146510041764,false
9316,0.6382572114878525,0.58,0.7641097592254474,false
9317,0.33951577016850715,0.05,0.09506816605774912,false
9318,0.37101333266755837,0.37,0.5473430038610986,false
9319,0.605687455405649,0.51,0.6072175321375892,false
9321,0.643259513251821,0.68,0.7418727623842883,false
9322,0.39069727277439825,0.18,0.3202161048399358,false
9323,0.4819448692072672,0.19,0.31446053337808505,false
9324,0.4262990432898847,0.03,0.23726582358564977,false
9328,0.4319837039151581,0.22,0.4363868498682045,false
9329,0.3594954886986263,0.09,0.2566408224197305,false
9330,0.33951639232335074,0.12,0.16766801539454015,false
9331,0.32912059897978874,0.06,0.2675589713222231,false
9333,0.4903735987304137,0.26,0.26195305713949335,false
9336,0.3508359053307575,0.14,0.24477542271997704,false
9337,0.3214245306089345,0.01,0.2673322481433314,false
9338,0.3386979507616855,0.09,0.2806768378847767,false
9339,0.5208022530215841,0.18,0.32515382464461395,false
9340,0.31894870174437745,0.16,0.2053613649933874,false
9341,0.3195882545918613,0.14,0.3597189431935124,false
9342,0.35735784804765747,0.15,0.31969733637081893,false
9343,0.34504426593854437,0.06,0.09800207600987376,false
9345,0.32994226220113987,0.14,0.16362540156577998,false
9347,0.40536135316592753,0.01,0.09020892310662468,false
9348,0.3508359053307575,0.14,0.24477542271997704,false
9349,0.36930520780230924,0.42,0.41566861607321154,false
9350,0.3823186146532664,0.15,0.2534489425765778,false
9351,0.30431845604266744,0.05466666666666667,0.13445471984966312,false
9352,0.31533333258533575,0.01,0.1540391025034303,false
9355,0.36626963263075923,0.12,0.17276314852560706,false
9356,0.34000872903620366,0.12,0.14193253296524977,false
9357,0.4035972031296596,0.39,0.5300792399980647,false
9358,0.41108693799842677,0.41,0.5288633672753871,false
9359,0.41689720944119396,0.16,0.1184485333057432,false
9360,0.5166197177586728,0.23,0.1726024337026733,false
9361,0.3910391519209178,0.35,0.47705308609328334,false
9362,0.3205828256640548,0.29,0.2089034744690354,false
9363,0.45916105772946164,0.38,0.4942173099949024,false
9364,0.3961131784908029,0.33,0.4828473616384539,false
9365,0.38531168951821015,0.28,0.2110452599351345,false
9366,0.35359841045093765,0.29,0.28171197659583463,false
9370,0.35278891064182294,0.28,0.24331037570569494,false
9371,0.529611943435834,0.38,0.29588553844590393,false
9373,0.44023136264474455,0.3,0.18656048923034513,false
9374,0.42370091724113695,0.12,0.12951688743282844,false
9375,0.43182493173191816,0.04,0.07024617557275858,false
9376,0.3020378412939608,0.28,0.29903793287009806,false
9378,0.4940615371734963,0.44,0.4987758269591369,false
9379,0.3953259549569145,0.09,0.1567018207859365,false
9380,0.4837162915707005,0.23,0.1631596239277386,false
9384,0.44331295849514946,0.38,0.4660105765687983,false
9388,0.344472890633598,0.2,0.3874649443677048,false
9389,0.4856262490447938,0.2771666666666667,0.36863774043937864,false
9390,0.5163811247028038,0.41,0.4812419164332516,false
9392,0.6385027452076124,0.54,0.6814064687330156,false
9393,0.6359993364145512,0.55,0.7723043987396988,false
9394,0.3577810818974245,0.38,0.18610650668320183,false
9395,0.4021377166795799,0.24,0.26534546409257503,false
9396,0.43084630333383755,0.12,0.1263493933917453,false
9397,0.728338904703503,0.69,0.8042943508351982,false
9398,0.5179319222938463,0.41666666666666674,0.37235207584988717,false
9399,0.5077987765812778,0.42,0.4173915406404823,false
9400,0.3042314534663464,0.08,0.16696743864457825,false
9401,0.3042314534663464,0.08,0.16696743864457825,false
9402,0.6624873216673102,0.76,0.8993035373996243,false
9403,0.32970495449875087,0.17,0.2546929174011221,false
9404,0.4830857249501785,0.425,0.48056408269038003,false
9405,0.48680721329313686,0.30714285714285716,0.37840719682098994,false
9406,0.2881745330342089,0.67,0.4517294988287781,false
9407,0.3459266263159201,0.14,0.2142088235010219,false
9408,0.918970210393632,0.65,0.8206783714604831,false
9409,0.8876986868912575,0.55,0.825452422190364,false
9410,0.44054376057072353,0.42,0.6020683267014693,false
9411,0.7013318502135248,0.63,0.6303075100312394,false
9412,0.560019957174916,0.19,0.27511885534954394,false
9413,0.5702413605653658,0.35,0.5094814276758016,false
9414,0.8255409535020919,0.48,0.7690010950168397,false
9415,0.6726960698277257,0.26,0.3369696043466266,false
9416,0.7615304782912297,0.64,0.8283892821051114,false
9417,0.35650832901374785,0.31,0.18547657899351447,false
9418,0.4575656097107098,0.44,0.5562183004036507,false
9420,0.6946683767748794,0.89,0.8811766813341888,false
9421,0.5426435639239902,0.34,0.5896936721915489,false
9422,0.5330238303325666,0.44,0.5482560198078769,false
9423,0.6089664456141362,0.5,0.6603973046153516,false
9424,0.7533525215733177,0.36,0.2668217505966881,false
9425,0.655572496901811,0.32,0.5587238212986269,false
9426,0.7725376092505571,0.5,0.7426569936129503,false
9427,0.9979640025224635,0.37,0.3810183624215631,false
9428,0.5738647464972203,0.31,0.4478012631048089,false
9429,0.4327542050193583,0.18,0.335287047949812,false
9430,0.5152288946082763,0.3,0.5515752429590135,false
9431,0.416045253876567,0.12,0.11430981081197551,false
9432,0.4327542050193583,0.18,0.335287047949812,false
9433,0.6561819937615937,0.64,0.8693809468564527,false
9434,0.4599346550982248,0.2,0.3333267259585445,false
9435,0.39545337231698985,0.46,0.5477557631949836,false
9437,0.6188572266141636,0.44,0.5297456887934252,false
9438,0.6000010790936113,0.42,0.25497880804037565,false
9439,0.6267937954312304,0.53,0.6960145329592408,false
9440,0.502738408068968,0.25,0.2713308824672542,false
9441,0.5756631737195593,0.66,0.9082573263589729,false
9442,0.4206475884191254,0.22,0.39602526287062934,false
9443,0.39121988428458204,0.29,0.4262500053591971,false
9444,0.5469737023431692,0.34,0.5744430141649937,false
9445,0.4843937531640363,0.38,0.3436922110824274,false
9446,0.36596268445689406,0.15,0.138848499941502,false
9447,0.5063437831841338,0.51,0.5505917466347966,false
9448,0.8897331847834947,0.5,0.3469494473357435,false
9449,0.6513965301081843,0.23,0.19253038894673866,false
9450,0.656744860670983,0.31,0.2820810843063135,false
9451,0.956550941154031,0.73,0.7860134918610886,false
9452,0.4061270349752194,0.25,0.5722336718300224,false
9453,0.5181123373170992,0.33,0.49144740301145406,false
9454,0.450299023953812,0.44,0.48545249999819046,false
9455,0.3526450949014063,0.16,0.4687761975596492,false
9457,0.33866746587948504,0.12,0.2234729377107314,false
9458,0.5881342454612392,0.3,0.5648003978845316,false
9459,0.2952256761452338,0.16,0.15073606505124865,false
9460,0.458510425174989,0.39,0.39854804281438494,false
9461,0.2963677681024583,0.05,0.3412479816432549,false
9462,0.43193201521368446,0.3,0.5194994181491381,false
9463,0.45614752710179896,0.3,0.3770275659244921,false
9464,0.37158372488425984,0.13,0.09928066134340767,false
9465,0.5468403272618431,0.345,0.6951916761234264,false
9466,0.2517677331122766,0.07,0.022898965414580905,false
9467,0.24378472044585084,0.05,0.1374551233451564,false
9468,0.24437740223107188,0.6231111111111111,0.4511932929634713,false
9469,0.4397836509091633,0.1,0.0886607319400764,false
9470,0.6722676799032662,0.53,0.8006520107497218,false
9471,0.4312870386129313,0.41,0.5993531093382273,false
9472,0.4662276767279115,0.14,0.5069472311998021,false
9473,0.36561147528609805,0.22,0.16501430881629586,false
9474,0.44205627066214487,0.27,0.2722548020708491,false
9475,0.4218637931881645,0.24,0.3394036033191062,false
9476,0.35457921576795665,0.5478333333333334,0.2900686123487055,false
9477,0.3018808988019243,0.13,0.15353904749307437,false
9478,0.36793975961980674,0.11,0.24303750403267016,false
9479,0.2561847207441244,0.31,0.11331375124751747,false
9481,0.8307948299611823,0.89,0.8051348136758415,false
9482,0.5102350129896348,0.21,0.33100403331406525,false
9483,0.2079658023097374,0.11,0.17956027357255402,false
9484,0.40080661805801276,0.5,0.39700897118708345,false
9485,0.5317223668989286,0.27,0.38541215856411665,false
9486,0.3316547131028116,0.16,0.14266880248886216,false
9487,0.3441812078860697,0.09,0.3335304798371384,false
9488,0.5030981877433888,0.21,0.29710369414805005,false
9489,0.49469851364136824,0.3,0.5264511544191661,false
9490,0.6455251164024043,0.71,0.38273667875394085,false
9491,0.44073370780162124,0.56,0.5848305343487751,false
9492,0.42973928106013676,0.47,0.5767185889987206,false
9493,0.44073370780162124,0.56,0.5848305343487751,false
9494,0.4267800529573234,0.16,0.375748562349519,false
9495,0.49616499938563313,0.22,0.32243234429909423,false
9496,0.3125533631103253,0.21,0.17809128697506893,false
9497,0.39513405750766506,0.05,0.3048987801543292,false
9499,0.5262122736526113,0.25,0.28050870245099335,false
9500,0.383113917539016,0.14,0.28158735099382265,false
9504,0.9054381087380343,0.91,0.8814808278745556,false
9505,0.45810035523867493,0.2,0.10756953785028445,false
9506,0.7602368367943501,0.65,0.8011460175671619,false
9507,0.5812109927320575,0.41,0.5692209619110643,false
9508,0.5132648883096412,0.41,0.4796793580585117,false
9509,0.549692466648881,0.19,0.21729408479279877,false
9510,0.5057922557387637,0.62,0.680739822630996,false
9513,0.47233646167998206,0.53,0.6482733889046495,false
9515,0.36381636598051903,0.2,0.35630878030159074,false
9519,0.5340023535505437,0.56,0.41197650079102255,false
9520,0.3213242002428083,0.33,0.2703591906034579,false
9521,0.38531168951821015,0.28,0.2110452599351345,false
9522,0.6569952181929768,0.54,0.6343611674029024,false
9523,0.5764803375029696,0.7,0.6438269812658765,false
9524,0.533364256809966,0.3,0.27088843491981607,false
9525,0.4994058174253092,0.22,0.2397106391954399,false
9526,0.5958156379640865,0.5,0.5675333483224757,false
9527,0.8231666857843414,0.69,0.8240807039035178,false
9528,0.5472816200519394,0.33,0.43245585494352184,false
9529,0.45367587080717553,0.15,0.1395888482933983,false
9530,0.5630156618667643,0.35,0.32550243272707235,false
9532,0.571345893007072,0.56,0.5666667306108863,false
9533,0.513449997897884,0.06,0.3173273046226091,false
9534,0.50340239601157,0.18,0.30237337502608086,false
9535,0.419063836970578,0.19,0.291540599137989,false
9536,0.38387930030715106,0.39,0.42516892265750444,false
9537,0.28841193961993683,0.26,0.412367750865441,false
9538,0.48643046111298743,0.42,0.5541286788119354,false
9539,0.5496714537616886,0.4,0.3880268448319681,false
9541,0.7085238617527778,0.6,0.892691408038863,false
9542,0.3722022410172832,0.27,0.16321328330963883,false
9543,0.4824649858741823,0.49,0.5380034625668285,false
9545,0.3697058410079298,0.24,0.29218446509103246,false
9547,0.3826740974238995,0.35,0.35766520912780053,false
9548,0.2079658023097374,0.11,0.17956027357255402,false
9549,0.49020439941636845,0.72,0.7128795808297522,false
9550,0.4384591955121386,0.36,0.3763844146741638,false
9551,0.4402123025890094,0.23,0.46264598096326126,false
9552,0.4384591955121386,0.36,0.3763844146741638,false
9553,0.513912950440914,0.35,0.45408382764924937,false
9554,0.7556362748794683,0.71,0.8198964982544845,false
9555,0.6240396059963568,0.48,0.4711669286529611,false
9556,0.5007618043567876,0.42,0.4474509537174931,false
9557,0.5498015172145101,0.38,0.34018551707728567,false
9558,0.5481730342378462,0.66,0.7541411184315108,false
9559,0.37974794947529944,0.32,0.5048491888570812,false
9560,0.4653864346691729,0.11,0.41699825647418515,false
9561,0.47524441669247486,0.41,0.46464180278058803,false
9562,0.4463304922284528,0.15,0.5139287638966761,false
9563,0.4444372005644838,0.16,0.41158624916409164,false
9564,0.35382464774705774,0.3,0.3369953332476479,false
9565,0.9158907612312307,0.88,0.9453566740198105,false
9566,0.6662498690418374,0.51,0.6494241709015955,false
9567,0.3683529623118997,0.22,0.12926586332656545,false
9568,0.31533333258533575,0.01,0.1540391025034303,false
9569,0.3782011540449509,0.23,0.347915500566501,false
9570,0.4135368324058278,0.16,0.23876382859096654,false
9571,0.3782011540449509,0.23,0.347915500566501,false
9572,0.4135368324058278,0.16,0.23876382859096654,false
9573,0.3256746359607408,0.1,0.2881260225800863,false
9574,0.34985843497621427,0.24,0.1479144498512398,false
9575,0.5930592174012048,0.37,0.24866414499453715,false
9576,0.3430280315662423,0.21,0.2648229686923963,false
9578,0.364887803323077,0.07,0.1981881122876033,false
9580,0.364887803323077,0.07,0.1981881122876033,false
9581,0.5483718312991571,0.39,0.2751660498933039,false
9582,0.32864320077535936,0.29,0.14009459599447208,false
9584,0.6235179176796867,0.41,0.6408487840281786,false
9585,0.44859795540435454,0.45,0.47845762876887193,false
9587,0.3226028495868614,0.11,0.05176398748823907,false
9588,0.28093542426666906,0.31,0.3535775808891686,false
9589,0.2506592254628398,0.16,0.1483356456106679,false
9590,0.3593323079109681,0.03,0.1748325750378659,false
9591,0.36410066139230485,0.46,0.5456283294118304,false
9592,0.47746251321205446,0.46,0.5279894459535308,false
9593,0.40042363505545725,0.18,0.2597755974816754,false
9594,0.4272541348503719,0.12,0.23177070330141944,false
9595,0.8681799971120809,0.7,0.6717876882103475,false
9596,0.30337877808704,0.21,0.218076360530345,false
9597,0.3599656419865267,0.02,0.2160137214142294,false
9598,0.5622923683882086,0.41,0.618806495702361,false
9599,0.40394402108703886,0.22,0.36743240549418993,false
9600,0.30515710052413353,0.13,0.2214791946648336,false
9601,0.8612983266885845,0.51,0.5480786949138747,false
9602,0.20331871512432764,0.52,0.5731228627210987,false
9603,0.3693480234829167,0.29,0.2719919990773414,false
9604,0.35520497469435586,0.29,0.3049364766098137,false
9605,0.2676508747045644,0.16,0.18294386303482527,false
9606,0.2676508747045644,0.16,0.18294386303482527,false
9607,0.3027703413059149,0.2,0.3387680336444385,false
9608,0.28563850280803676,0.19699999999999998,0.2727635635280635,false
9610,0.32053643103992896,0.11,0.2724021386193797,false
9611,0.3409653096536087,0.22,0.3495144935584237,false
9612,0.2344852150398401,0.02,0.18915991497758908,false
9614,0.30842838300989467,0.11,0.14390971182982154,false
9616,0.30337877808704,0.21,0.218076360530345,false
9617,0.30842838300989467,0.11,0.14390971182982154,false
9618,0.39086714142197704,0.35,0.5344807131295667,false
9619,0.3477458519932651,0.32,0.4600314256961347,false
9620,0.6235117808788756,0.47,0.6643515932915149,false
9623,0.365509291909658,0.09,0.12767391983978846,false
9625,0.4449705261335327,0.35,0.24301669173988089,false
9626,0.590660003100971,0.4,0.3958812340995064,false
9627,0.5532996359360396,0.69,0.6760153422364672,false
9628,0.3620750837596512,0.09,0.12714995478427546,false
9629,0.5246426401270631,0.59,0.5524899433910794,false
9630,0.42714715203146086,0.23,0.19135067293773608,false
9631,0.304170862454664,0.2,0.13856853917865203,false
9632,0.5069746318303856,0.61,0.5860997317054126,false
9633,0.3691807357806286,0.25,0.2514570159777299,false
9634,0.3363524049829564,0.04,0.26368905338203813,false
9635,0.3490762553506267,0.33,0.3066932742416166,false
9637,0.3748665344105744,0.14,0.39368672992862275,false
9638,0.3123259539214373,0.01,0.1409911164356514,false
9639,0.3830376344504925,0.07,0.26005283706631777,false
9640,0.3236649784965331,0.09,0.17794033723125505,false
9641,0.34096346135839173,0.18,0.3114361326258122,false
9642,0.3055978244968657,0.17,0.26700036991272263,false
9643,0.45742536550124596,0.27,0.2519045880341126,false
9644,0.8981308802632383,0.72,0.5018166498602074,false
9645,0.4095185312872208,0.18,0.32755964094191176,false
9646,0.40439617554927615,0.4,0.2167740638310783,false
9647,0.4687962566056696,0.16,0.34132094444140765,false
9648,0.34256510988898947,0.23,0.2684833336727483,false
9649,0.421074696159364,0.22,0.29659511289531504,false
9650,0.356643468876209,0.28,0.2774449930454622,false
9651,0.404142336976313,0.37,0.5293098577322858,false
9652,0.3667872795435478,0.14,0.17041598634777078,false
9653,0.49855086501004275,0.33,0.5420790131321144,false
9654,0.40754692835058415,0.43,0.6026903004329338,false
9655,0.3955590486991176,0.2,0.6356254801742223,false
9656,0.3448335705210598,0.19,0.17685503977305048,false
9657,0.34450012437995803,0.06,0.08241946815098442,false
9658,0.36138809565949,0.13,0.15540601551882716,false
9659,0.4678534930020953,0.3,0.34500018381443914,false
9660,0.5149229712076981,0.52,0.6179501703696781,false
9661,0.2965844457870129,0.10800000000000001,0.08543955496515317,false
9662,0.3810765058664838,0.03,0.16832853994254451,false
9663,0.3690622216512685,0.25,0.3054862948697877,false
9664,0.4572174043368225,0.28,0.34806443177141283,false
9665,0.3678132665599907,0.07,0.045250662886379064,false
9667,0.37970654508926516,0.25,0.5594379895560451,false
9668,0.42738759168023394,0.16,0.22786585804189763,false
9669,0.5037649725905193,0.39,0.704112525030472,false
9671,0.4902260333358414,0.42,0.5087549038589442,false
9673,0.4220931973451093,0.16,0.2186405766752667,false
9674,0.2894559973481229,0.0,0.13686859150880454,false
9675,0.4349221545562467,0.1,0.18826917585670946,false
9676,0.4510148562743214,0.21,0.11734535341305893,false
9677,0.38459747221105867,0.22,0.36524779567102933,false
9678,0.43463465502389576,0.28,0.4371870802732335,false
9679,0.31826972109535456,0.1,0.1972636063189331,false
9680,0.4171284989608923,0.19,0.19010540960908073,false
9681,0.41079954239989586,0.17,0.22450867443111225,false
9682,0.41079954239989586,0.17,0.22450867443111225,false
9683,0.4049906517085848,0.23,0.39214159847976787,false
9684,0.2573785185975276,0.14,0.12671552352690485,false
9685,0.4107038666038862,0.27,0.3481500836563598,false
9686,0.41840712471860675,0.1,0.32348116805786137,false
9687,0.31014547405927606,0.27,0.17347435054747282,false
9688,0.3847660089635389,0.18,0.2677185027888454,false
9689,0.4494061170867224,0.22,0.2992032061829675,false
9690,0.37049295234844054,0.12,0.11140093914898626,false
9691,0.3724531484454915,0.28,0.5710585906222858,false
9692,0.4288675725208628,0.29,0.39480020235297386,false
9693,0.43079853011075464,0.31,0.5501907794401267,false
9694,0.5796197417660258,0.37,0.36441733483476435,false
9695,0.31984883355176746,0.18,0.2772456488979964,false
9696,0.43930720046805005,0.49,0.5099559819975261,false
9697,0.5916810361625193,0.28,0.2352005171201407,false
9698,0.650043718164328,0.39,0.523108052394345,false
9699,0.6213268091892991,0.67,0.7457484046774958,false
9700,0.597664012544596,0.53,0.7574606799772399,false
9701,0.34863732722950475,0.16,0.25731223995798647,false
9702,0.43084667613430455,0.18,0.5717110916329315,false
9703,0.654039919660593,0.38,0.35380381630441393,false
9704,0.49053480227624985,0.54,0.540938066091834,false
9705,0.35851806449784684,0.07,0.2150572693476092,false
9706,0.36939739183939657,0.24,0.32831807323949413,false
9707,0.35934219874925866,0.15,0.09815665774787893,false
9708,0.5358424375699734,0.42,0.4362567401307109,false
9709,0.3074873793709061,0.1,0.04175486516470311,false
9710,0.3074873793709061,0.1,0.04175486516470311,false
9711,0.2845243380141845,0.15,0.17634004383473317,false
9712,0.2504878932597604,0.0,0.05152527623950965,false
9714,0.2951977999965198,0.05,0.12825629819249176,false
9715,0.38702364641676024,0.15,0.18974976299432353,false
9716,0.44248095257232506,0.13,0.29726532360786456,false
9717,0.39488178672797053,0.14,0.3859226298599362,false
9718,0.3624175131552274,0.18,0.12991791620362486,false
9719,0.2660155762940601,0.1,0.4110522966616814,false
9720,0.26922112169417933,0.05,0.10704055763211809,false
9721,0.29113893096439747,0.53,0.44295610413612424,false
9722,0.2897344444348246,0.08,0.09819016788385743,false
9723,0.2816930242172422,0.05,0.16643166164170495,false
9724,0.3215348967311237,0.24,0.1989580916735319,false
9726,0.2955225716145579,0.18,0.2026962089759605,false
9727,0.2660155762940601,0.1,0.4110522966616814,false
9729,0.34433354722506654,0.11,0.16725165255685806,false
9730,0.28849019827419575,0.09,0.1568782167157824,false
9731,0.8852062453948569,0.51,0.8694995511782557,false
9732,0.7106444572487491,0.5,0.610099184884191,false
9733,0.3723139517215813,0.17,0.301295668293329,false
9734,0.6966495332334572,0.7,0.7787670871919297,false
9735,0.27929807088834807,0.11,0.25275905442427016,false
9737,0.5103887403982404,0.37,0.6447213686053535,false
9738,0.46228030759517175,0.49,0.345543089864669,false
9739,0.31879122257626313,0.34,0.6259479018648147,false
9740,0.30047727720058054,0.21,0.17759115095452574,false
9744,0.30107484293909414,0.1,0.1987007150231899,false
9746,0.48044473422862766,0.2,0.3429585613396022,false
9747,0.47643517109696304,0.3,0.2683175041668848,false
9748,0.510122528647182,0.27,0.3360908740022249,false
9749,0.4401399181935483,0.24,0.4643629082332431,false
9750,0.4350038274027397,0.08,0.26113651648972475,false
9751,0.34044567285898286,0.26,0.19167710149831158,false
9752,0.37375174380510806,0.21,0.13710764820860838,false
9753,0.3924299730056457,0.12,0.13529954515827783,false
9754,0.37375174380510806,0.21,0.13710764820860838,false
9755,0.46773217812343565,0.31,0.4150240320026965,false
9756,0.33943946308291556,0.2,0.30963802147367825,false
9757,0.3399473933798846,0.17,0.11506112895152526,false
9758,0.35506533643313465,0.12,0.17114855135019968,false
9759,0.3399473933798846,0.17,0.11506112895152526,false
9760,0.26040812498278326,0.16,0.3088450652013219,false
9761,0.2535166460119801,0.11583333333333334,0.40036912739094055,false
9762,0.38593234779997204,0.32,0.4753623532697269,false
9763,0.3466619134886739,0.11,0.2034153089578027,false
9764,0.5837017585842706,0.6,0.6230358627471471,false
9765,0.5400619598167148,0.3,0.3158914475051928,false
9766,0.5260661320535494,0.22,0.45395150083626995,false
9767,0.5338651613831964,0.18,0.270111607511405,false
9768,0.5275054366478013,0.23,0.45395150083626995,false
9769,0.5329781067386944,0.38,0.3033233949659619,false
9770,0.5033038903933965,0.52,0.41836697476236073,false
9775,0.33710802565897724,0.25,0.29391767981958405,false
9778,0.3045449322417196,0.36,0.3705583280025068,false
9780,0.32028469629706585,0.22,0.18096286263617956,false
9781,0.36447262186706403,0.16,0.12205955117938418,false
9782,0.31870036851054306,0.08,0.14570170166946497,false
9783,0.42973934498921484,0.03,0.11232969668236159,false
9784,0.32028469629706585,0.22,0.18096286263617956,false
9785,0.4688623819700141,0.42,0.4957938029329598,false
9786,0.2558589773673292,0.06,0.24975573050320965,false
9795,0.45701566377665964,0.36,0.19632728977934688,false
9797,0.541239551775624,0.18,0.19588291015694448,false
9802,0.673806243892378,0.75,0.8058303289858794,false
9803,0.5679226670065264,0.26,0.1094732517377413,false
9805,0.541239551775624,0.18,0.19588291015694448,false
9806,0.38121950046665337,0.02,0.1515726831893115,false
9808,0.48221442297877054,0.41,0.2720595128312338,false
9809,0.8839734654074128,0.66,0.800512107916588,false
9811,0.4989967040134246,0.83,0.7332758936781218,false
9812,0.4116013761510699,0.28,0.5277659167767293,false
9815,0.5889408537710723,0.61,0.6963412022106383,false
9816,0.4270554340507908,0.44,0.31785028623566774,false
9817,0.5229128881115175,0.33,0.06407148092576581,false
9820,0.46407915703222774,0.34,0.6701563281668628,false
9822,0.6238011780828457,0.66,0.7229072370684434,false
9823,0.6429342688596943,0.54,0.7319357673879655,false
9824,0.4256369030241631,0.25,0.26714152305017175,false
9825,0.31737823748135824,0.2,0.3739175821012218,false
9826,0.45484114856191454,0.34,0.4821509212985493,false
9828,0.3368997127365839,0.15,0.37217561364152923,false
9829,0.5258674294767588,0.56,0.5950297980375446,false
9831,0.3461363999425112,0.22,0.36057977512819317,false
9835,0.316703844918143,0.41,0.3090400658446042,false
9838,0.434951647734864,0.27,0.3115911221779331,false
9842,0.3954198073340919,0.2,0.32867520807730677,false
9843,0.2882965779389246,0.43579365079365073,0.4016535204140876,false
9844,0.31376438320895716,0.13,0.34946389084808804,false
9845,0.3414517023615124,0.17,0.1329535932336231,false
9846,0.24011641000860945,0.24666666666666667,0.3353447405235934,false
9847,0.5139005372690172,0.4,0.21585619289220498,false
9848,0.34571976708277224,0.39,0.3180769536651815,false
9849,0.3702808508946216,0.09,0.23928190707709882,false
9850,0.2659438408792871,0.01,0.06530153589495971,false
9851,0.3160157478934168,0.31,0.16153860318037935,false
9852,0.3270312625528983,0.19,0.21016041162591917,false
9853,0.3270312625528983,0.19,0.21016041162591917,false
9854,0.39230865849274116,0.38,0.47520327088892533,false
9856,0.3444336780280805,0.07,0.25641679575174964,false
9858,0.3226772504616974,0.18,0.2569346703466122,false
9859,0.3396273622051415,0.24,0.14146266562362708,false
9860,0.3119340470642174,0.1,0.14497355286008307,false
9861,0.44570042316202857,0.15,0.31360211689653766,false
9862,0.46920324624420506,0.26,0.31342899248118405,false
9863,0.2672587348552041,0.4,0.43277584060481444,false
9864,0.32183702002714876,0.26,0.2969293133393685,false
9865,0.2940628186926172,0.03,0.25946492031918095,false
9867,0.3301716254206939,0.2,0.1059156857698898,false
9868,0.30287536129179743,0.07,0.20218043219861367,false
9870,0.5608823230237557,0.37,0.49038915236055186,false
9871,0.4119810477883301,0.11,0.2231641207221966,false
9872,0.2914325143261941,0.1,0.1089982202341752,false
9873,0.30507959267372137,0.04,0.1504547733913935,false
9875,0.4096779988660233,0.14,0.19528434886795518,false
9878,0.29446272730566697,0.37,0.45341420987815734,false
9879,0.27759618462068814,0.19,0.1493721487274554,false
9886,0.46670236942487725,0.43,0.49151848777094687,false
9887,0.5585311398236261,0.49,0.4783377360865095,false
9888,0.3677955147947047,0.17,0.2988110581260298,false
9893,0.35272995859803746,0.12,0.20242213906931655,false
9894,0.36568317738060346,0.14,0.4077396011038156,false
9895,0.3465816229725346,0.15,0.2797074091913574,false
9896,0.25797794234739474,0.11,0.23555791876107646,false
9897,0.25797794234739474,0.11,0.23555791876107646,false
9898,0.4402196049757894,0.21,0.34917576532755445,false
9899,0.4415690233900154,0.15,0.2991220262292988,false
9900,0.34645324211984346,0.19,0.2822268798051492,false
9901,0.4677378089380461,0.31,0.4959478086554159,false
9902,0.2927709883080497,0.23,0.18317460000303046,false
9903,0.32657770397426755,0.35,0.3780708938123715,false
9908,0.3754148825028714,0.21,0.17644153066377352,false
9909,0.2469475084334704,0.2125,0.29646527612549717,false
9910,0.29287557380651547,0.11,0.17232835760284476,false
9911,0.37717268708756296,0.31,0.2777106372114448,false
9912,0.3242405594616503,0.07,0.11640073819433826,false
9915,0.31578191523140386,0.18,0.2503236609786102,false
9916,0.45691622176037827,0.13,0.378602643227568,false
9917,0.29418412003204697,0.04,0.04144396529839015,false
9918,0.2781425343540903,0.06,0.052005150264376104,false
9919,0.29418412003204697,0.04,0.04144396529839015,false
9920,0.2781425343540903,0.06,0.052005150264376104,false
9921,0.29674379223114383,0.42,0.46303693850728883,false
9923,0.25650143158768435,0.07166666666666667,0.31913287867818224,false
9924,0.25389909892116375,0.06,0.255115267092241,false
9925,0.31717848694175577,0.02,0.22180073933506392,false
9926,0.45799531324411835,0.24,0.24468477090683768,false
9927,0.4177564885275936,0.23,0.4351864513962411,false
9929,0.26395828422448825,0.11,0.17162961884363168,false
9930,0.3602087515747251,0.13,0.10113014537400337,false
9931,0.5245902530061954,0.3583333333333333,0.6201517929865763,false
9933,0.37543841102101955,0.04,0.15125467818128194,false
9934,0.3242420078406902,0.14,0.3243050265695961,false
9935,0.38514533696974035,0.15,0.18070759742906387,false
9936,0.25240193987894366,0.14,0.18437815612296482,false
9938,0.2570790907212069,0.32,0.11331375124751747,false
9939,0.2570790907212069,0.32,0.11331375124751747,false
9940,0.43667132020869776,0.18,0.3021950245150949,false
9941,0.29833931680085096,0.07,0.15279410038839347,false
9942,0.3027422497532573,0.14,0.15017007991013523,false
9943,0.29473574956839776,0.16,0.2469831654862486,false
9944,0.2609936161987226,0.08880952380952381,0.281941845217187,false
9945,0.41317564637933396,0.24,0.15219287179976454,false
9946,0.2883618223226433,0.14,0.13210785669210748,false
9947,0.3503417911421207,0.13,0.3406620701545011,false
9948,0.3438633140417299,0.41,0.29863137577796617,false
9950,0.25650143158768435,0.07166666666666667,0.31913287867818224,false
9951,0.4275374704363347,0.13,0.21703226866417727,false
9952,0.2881593680386243,0.14,0.14131984914572956,false
9954,0.371306205759822,0.12,0.19124450796102396,false
9955,0.2818336726127266,0.37,0.2669229160087517,false
9956,0.29909182117647126,0.31,0.17617624417956332,false
9957,0.8013961115888203,0.72,0.9714297773991465,false
9958,0.25788218145921277,0.41457142857142854,0.24725294375578064,false
9959,0.5070618198447354,0.16,0.24300272545038673,false
9960,0.2690721820005343,0.22,0.2802430323178763,false
9962,0.8886339413097962,0.61,0.7682805507796412,false
9963,0.32589952483895945,0.33,0.1659594194661274,false
9964,0.6109781060814117,0.28,0.5387270071262477,false
9966,0.4025244906385543,0.1,0.24359521201449236,false
9967,0.4887339685137711,0.23,0.16935823203108377,false
9969,0.5056799124985702,0.16,0.15230151220282678,false
9971,0.59741603674323,0.42,0.6206269600545377,false
9973,0.34612201762594164,0.09,0.3146630134340557,false
9974,0.36988045744375625,0.17,0.2576155028366301,false
9975,0.32765363738132985,0.15,0.2858423340247556,false
9976,0.3033462254041964,0.23,0.26146109910653625,false
9977,0.4444115166075005,0.32,0.3869283133622146,false
9978,0.31061440043839855,0.1,0.04785708748805104,false
9979,0.30613157040352873,0.01,0.10329447506138502,false
9980,0.3202809463604946,0.07,0.06154228987890689,false
9981,0.33516131487856593,0.37,0.5657215717812126,false
9982,0.35158985648877655,0.41,0.5362218468028006,false
9983,0.38529960457352386,0.2,0.32712092112280605,false
9984,0.462957878049041,0.2,0.2833900595694192,false
9986,0.37856364989922164,0.18,0.4629171023686201,false
9987,0.46385349537944803,0.27,0.4379096055290891,false
9988,0.4822588169285477,0.38,0.46019620378055276,false
9989,0.27759705278230073,0.11,0.17465334959503273,false
9990,0.38189135415467435,0.11,0.2207990637709777,false
9991,0.3897720465390798,0.15,0.28096561557804356,false
9992,0.37791629211230887,0.13,0.13118178667930772,false
9993,0.36628424945670696,0.19,0.16170802287721597,false
9994,0.497501707711549,0.3,0.4426976702067222,false
9995,0.31480149094571436,0.2,0.3287443633124793,false
9996,0.250195081431767,0.24916666666666665,0.3766266889284269,false
9997,0.48333438238893,0.35,0.5944538858823916,false
9998,0.46003317611419836,0.17,0.5096011318390223,false
9999,0.7897788032484322,0.72,0.7881832832270381,false
10000,0.3335199304022786,0.2,0.29209500867723986,false
10001,0.387575546187337,0.28,0.39837692685483683,false
10002,0.6449936701134619,0.45,0.645038531745215,false
10003,0.4885111761966062,0.51,0.5554589904145091,false
10004,0.3315467702757868,0.185,0.2712615732916156,false
10005,0.36336923337120997,0.12,0.1344879919896963,false
10006,0.5620096058150669,0.43,0.6043066389931141,false
10007,0.4378597454086859,0.11,0.27724419794077554,false
10008,0.3219074091962791,0.16,0.33652457482569553,false
10009,0.4627741820726164,0.265,0.4235069233476092,false
10010,0.5124896334224299,0.46,0.0556307739657234,false
10011,0.9439536276318129,0.6,0.8239481730566698,false
10012,0.4083655588973232,0.44,0.5560103176806481,false
10013,0.44227058378313844,0.31,0.3570489122637083,false
10014,0.47767473928184223,0.31,0.35578360991021324,false
10015,0.3620427803381443,0.24,0.20295197705318008,false
10016,0.3493191141137054,0.15,0.23446982995291127,false
10017,0.3002589253336191,0.17,0.1887317568916794,false
10018,0.7467916967230865,0.59,0.6343489613885219,false
10019,0.40212983862922763,0.08,0.25051962592913657,false
10020,0.41917274668101984,0.27,0.30950858515004276,false
10021,0.3200761638017961,0.27,0.382501324877067,false
10022,0.3191135135174288,0.04,0.09562544598929823,false
10025,0.35548979945257875,0.15,0.09935891020080198,false
10027,0.41105674389283525,0.29,0.11609354978685789,false
10028,0.32742112552190483,0.16,0.21825069411862336,false
10030,0.23326722644410985,0.14,0.13789825888462937,false
10031,0.3116554145945104,0.17,0.2627791260117206,false
10032,0.3357931844853338,0.18,0.15447682406721602,false
10033,0.35913709305809594,0.14,0.3442195836322248,false
10034,0.3099185003956123,0.04,0.2293757514794616,false
10035,0.5411867533773345,0.52,0.3416564948041818,false
10036,0.6043009405239929,0.47,0.4501354365058152,false
10037,0.45104888859463943,0.38,0.39546103568574364,false
10038,0.3401558811006355,0.12,0.17322388284603996,false
10040,0.46629364340171414,0.18,0.3511215213826061,false
10042,0.4198401380849868,0.28,0.40823161956806586,false
10043,0.3454116882631346,0.42,0.23618086243077238,false
10044,0.3107699651666505,0.24,0.27638778480282705,false
10045,0.3304180238957657,0.12,0.35492767531176883,false
10046,0.26181358803050214,0.01,0.03395765200652471,false
10047,0.3453971238503788,0.11,0.10239503357644483,false
10048,0.5284891034904216,0.46,0.33161171144497015,false
10049,0.4009655828864176,0.23,0.32253457566713606,false
10052,0.2936778895736963,0.02,0.017768016778523098,false
10053,0.50882320563657,0.27,0.36003610373721373,false
10054,0.34300559989310936,0.07,0.253937845404513,false
10055,0.3991547146039746,0.29,0.3944500712369281,false
10057,0.4200681617055207,0.17,0.3600980052650432,false
10058,0.3520079826289394,0.38,0.40729044571043765,false
10061,0.4010633809677713,0.21,0.47536449567852146,false
10062,0.33332268067661625,0.23,0.47467542774042715,false
10063,0.32913822957423,0.19,0.1200355405065723,false
10064,0.31643744103828625,0.1,0.29343885284152194,false
10066,0.36007937186334543,0.025,0.29029719051620007,false
10067,0.3539764742914015,0.11,0.3370919089952811,false
10068,0.3593368219094958,0.1,0.11953880831921249,false
10069,0.4263290762185864,0.2,0.28207822773894664,false
10070,0.3269246129736698,0.22,0.24754353132018017,false
10071,0.32828748194954666,0.07,0.25098343424836717,false
10072,0.2509431550212606,0.11083333333333333,0.26932749578176307,false
10073,0.3160446579938175,0.13,0.04904994316911574,false
10074,0.6845068030132568,0.55,0.6733874910077736,false
10075,0.44594348712471155,0.15,0.237051468138391,false
10076,0.3349974889297541,0.17,0.33220989255672145,false
10077,0.3255077269281052,0.02,0.1779444308939577,false
10078,0.3632271832095599,0.24,0.19953008739249964,false
10079,0.33114593254789815,0.23,0.14933641906765055,false
10083,0.3490983276278294,0.27,0.06529903077663282,false
10085,0.526419015438034,0.33,0.6658034092849346,false
10086,0.6887854779203988,0.38,0.1415783333923516,false
10087,0.7245160547083975,0.55,0.7562300257879476,false
10088,0.34269537980064074,0.02,0.23593895298170478,false
10089,0.4214976245969435,0.46857142857142864,0.5396772335044052,false
10090,0.38835179404139986,0.12,0.354025991554588,false
10091,0.25179836569026565,0.08166666666666668,0.1926349900777756,false
10092,0.3378101995254766,0.04,0.13618213349464886,false
10093,0.25179836569026565,0.08166666666666668,0.1926349900777756,false
10094,0.3378101995254766,0.04,0.13618213349464886,false
10095,0.3929545794153701,0.13,0.16132551069149081,false
10096,0.3347459736210123,0.09,0.13353835703003514,false
10097,0.34324518833562806,0.04,0.10372692907384241,false
10098,0.31951494456184093,0.09,0.33623442089533456,false
10099,0.2484854749547349,0.19,0.12820363063952478,false
10100,0.3889798739042473,0.21,0.3980803013755646,false
10101,0.3939162589639729,0.09,0.28640496949981153,false
10102,0.22093889053333526,0.3975,0.24322212660507891,false
10103,0.3889798739042473,0.21,0.3980803013755646,false
10104,0.3889798739042473,0.21,0.3980803013755646,false
10105,0.37946836639717185,0.04,0.2655976459826093,false
10107,0.3235270483781922,0.02,0.09217018295644999,false
10108,0.3686822372131799,0.22,0.1713194408129715,false
10111,0.4164491913877372,0.2,0.44828431506792676,false
10112,0.5751080706826586,0.18,0.35906419378899124,false
10113,0.48581413997848816,0.14,0.29176699974759024,false
10114,0.4999297726273293,0.54,0.4418879567093207,false
10115,0.33925222891954376,0.22,0.10566294427220509,false
10116,0.3457702746292309,0.05,0.038264525845656275,false
10117,0.49116269164320564,0.43,0.5687567636941251,false
10118,0.46223160248708767,0.36,0.1479064399985009,false
10119,0.7319777299336422,0.65,0.40055263364300203,false
10120,0.39985161455839574,0.06,0.20250493321264454,false
10121,0.2706548496157443,0.09,0.0852520273457865,false
10122,0.7894890514268577,0.56,0.29716139839120603,false
10123,0.4925048330103902,0.61,0.6089426460496036,false
10124,0.3528471478237094,0.18,0.131590464150353,false
10125,0.36912433596425254,0.05,0.09576521926050303,false
10127,0.5077007901423253,0.33,0.459351327811869,false
10128,0.49024358514064126,0.34,0.2347539379574971,false
10129,0.4244144015245738,0.21,0.2209863035119316,false
10130,0.4157167671730361,0.16,0.19631537910963706,false
10131,0.3452711746003467,0.32,0.3076771515136823,false
10132,0.7608973195842605,0.56,0.8341986736285932,false
10133,0.36619374476307676,0.29,0.22559126864796403,false
10134,0.39701745134480515,0.045,0.4204740611806784,false
10135,0.4408514732675813,0.36,0.2887987301470865,false
10136,0.39233627365962065,0.11,0.22618491493197684,false
10137,0.37400688959324874,0.06,0.09617365500541256,false
10138,0.3923055314303304,0.47,0.3717090741169153,false
10139,0.6148880878092754,0.18,0.4107649969808067,false
10140,0.45419844038986035,0.32,0.3744241623216956,false
10141,0.3570242976921834,0.13,0.11727459209862749,false
10142,0.4425452114929626,0.1475,0.32749463725432704,false
10143,0.4177930509847118,0.21,0.3984387121059265,false
10144,0.3625568365758125,0.2,0.39163382538500846,false
10145,0.5371145363631614,0.55,0.5256687926501052,false
10146,0.3985421021825906,0.36,0.3888419674416333,false
10147,0.5050014657661801,0.38,0.34305091283663003,false
10148,0.31701266083724255,0.26,0.16119765411339995,false
10149,0.43692805872468593,0.21,0.4128929515934652,false
10150,0.2879192454488415,0.1,0.1554217811583824,false
10151,0.3131664159575457,0.17,0.2576122848263263,false
10152,0.3166976912303123,0.02,0.0477253479448441,false
10153,0.5408975930440211,0.48,0.3495086741720566,false
10154,0.5498371093561998,0.44,0.4855569789199484,false
10155,0.42968668492395107,0.38,0.3730902707579058,false
10156,0.39338259903829087,0.18,0.3353342052757072,false
10157,0.45789486345870206,0.28,0.4611418083797424,false
10158,0.4614662061158307,0.28,0.17622111454474076,false
10159,0.2733838121941381,0.12,0.08189286497156036,false
10160,0.3785992936018123,0.14,0.2893943571016923,false
10161,0.3821656302968172,0.18,0.2961383165588933,false
10162,0.8365151568649405,0.66,0.7108155177052617,false
10163,0.5796263113586781,0.64,0.5051018247151899,false
10164,0.47300477852148926,0.22,0.10013820202317494,false
10165,0.3693277280413542,0.31,0.45310106697494545,false
10166,0.5041088949352591,0.43,0.46230718931217285,false
10167,0.3688952642148252,0.08,0.1358662221094307,false
10168,0.5863448954594419,0.54,0.7428552554566654,false
10169,0.42643291524493787,0.38,0.5325343319905284,false
10170,0.537818464833105,0.2,0.2100256379060827,false
10171,0.41759324993733127,0.36,0.4789104687291731,false
10172,0.47932131475145073,0.25,0.13338729113135622,false
10173,0.47354275749188185,0.3,0.5803804594106484,false
10174,0.44579069118072057,0.46,0.5733503218007924,false
10175,0.4048805746004162,0.21,0.3489911022929069,false
10176,0.33480900999072055,0.09,0.23355348531556516,false
10177,0.3628729054952553,0.3,0.32087004355216264,false
10178,0.7464992256365017,0.64,0.8075115701471954,false
10179,0.7517343752450405,0.53,0.5257083436454375,false
10180,0.35033187380685665,0.09,0.1897688033525412,false
10181,0.3385341434238223,0.19,0.19401210642814518,false
10182,0.2615938299779156,0.06,0.060556112282532014,false
10183,0.9657199218896192,0.68,0.8936297582060876,false
10184,0.2973041849177314,0.46,0.4854512285356278,false
10185,0.40952795641936823,0.24,0.2682924275427755,false
10187,0.4186365194489209,0.08,0.10898528885509402,false
10188,0.3582609596424949,0.04,0.041210658458300534,false
10189,0.5464683563546969,0.37,0.6808274127576819,false
10190,0.37597670469395633,0.2,0.2166332360628764,false
10191,0.4624583428272499,0.21,0.2775077813147494,false
10192,0.49870500890052755,0.32,0.4888271019862383,false
10193,0.4989716271412321,0.2,0.20794855625081457,false
10194,0.8435307961190273,0.53,0.7150663944709097,false
10195,0.8370825802429732,0.68,0.6728140007348883,false
10196,0.40592498194076854,0.28,0.2802861717749908,false
10197,0.5177305873063548,0.32,0.3175052954849994,false
10198,0.6973580710550774,0.54,0.7655203330100243,false
10199,0.5544392342491677,0.48,0.3554532324930103,false
10200,0.36124553173004864,0.05,0.3117820118208308,false
10201,0.3504583187137722,0.34,0.4158745514195886,false
10202,0.3717275384668729,0.18,0.24117995024745478,false
10203,0.38849883242407207,0.25,0.23700675554025807,false
10204,0.5063469661389378,0.36,0.660373585126233,false
10205,0.6289522859215826,0.68,0.6756370306604654,false
10206,0.4257839877689604,0.14,0.19531064335368772,false
10207,0.3818951648066481,0.43,0.5032590102783371,false
10209,0.2634780681607697,0.06,0.08860471493457356,false
10210,0.5119756937563982,0.27,0.34504491039641233,false
10211,0.31534021712327326,0.2,0.18698209144980785,false
10212,0.3989385342977809,0.07,0.2818295961209089,false
10213,0.3061043676500688,0.19,0.20567714200684764,false
10214,0.3552580698823837,0.32,0.5723366699553396,false
10215,0.6256901291081072,0.37,0.645511859957353,false
10216,0.5392704337859842,0.61,0.6001188764038259,false
10217,0.5169360929831016,0.24,0.44330566425585466,false
10218,0.3079227986987595,0.13,0.10554010736894183,false
10219,0.39075220927143484,0.17,0.3045206134086112,false
10220,0.44668578384156676,0.33,0.3213490445743291,false
10221,0.4705489997724648,0.32,0.30328565536435614,false
10222,0.8056605090082912,0.71,0.6944625878274088,false
10223,0.43814078754473634,0.19,0.3022643425532336,false
10224,0.35342929479329144,0.1545,0.33589755156137585,false
10225,0.3965441446473634,0.17,0.3637466791044734,false
10226,0.3767736006370298,0.45,0.5166104021859261,false
10227,0.3137807735131418,0.39,0.3716042557865611,false
10228,0.3547804828003533,0.1,0.14504369330988887,false
10229,0.48880704050884694,0.17,0.2831394851941032,false
10230,0.5022161761314902,0.21,0.3409563551735987,false
10231,0.5588981521559423,0.54,0.5678256896400304,false
10232,0.5861439007749287,0.4,0.4173065393620492,false
10233,0.5609412293988005,0.6,0.5920247332972781,false
10234,0.3676793463301701,0.31,0.49677682356727615,false
10235,0.7224304416773372,0.46,0.572779128307646,false
10236,0.49146406019241573,0.34,0.5200385417884753,false
10237,0.5131084290639766,0.37,0.37336537113649393,false
10238,0.43301574519466995,0.22,0.3854662153009294,false
10239,0.37212235550844125,0.17,0.3773517054875412,false
10240,0.4691839515165538,0.26,0.41543560456101725,false
10241,0.43340593726068305,0.41,0.44681919658900654,false
10242,0.37672680516666807,0.32,0.25642138691010385,false
10243,0.8179610024830251,0.69,0.6395759585842679,false
10244,0.4873633425889792,0.16,0.08289448111635482,false
10245,0.5914688824765653,0.44,0.5865571786602315,false
10246,0.5085638492638009,0.22,0.2683440489451832,false
10247,0.38381319503731737,0.12,0.08081877344570072,false
10248,0.2626995848004416,0.21,0.41282579056917734,false
10249,0.42506261089508296,0.37,0.5413397141852198,false
10250,0.3241888824276027,0.04,0.14678533582619166,false
10251,0.6267057163906554,0.3,0.5243438341887255,false
10253,0.5497412892707237,0.36,0.6842608809571888,false
10254,0.33151997708724323,0.37,0.23600148992365383,false
10255,0.2725990207852632,0.0,0.06837773200689778,false
10256,0.37798351428108296,0.29,0.2761902674441561,false
10257,0.6881859979293176,0.37,0.6139844839174744,false
10258,0.5927353746004512,0.52,0.5007296665962998,false
10259,0.5496023279464474,0.53,0.6651548234625866,false
10260,0.5068120039173892,0.34,0.46076763673077953,false
10261,0.33484916964616057,0.2,0.32982579972576137,false
10262,0.5161416805963353,0.26,0.22878318084399799,false
10263,0.5105499164320199,0.38,0.38377221378439713,false
10264,0.5931424649871948,0.43,0.5366516290931769,false
10265,0.46092234453572617,0.35,0.4461816224342049,false
10266,0.3530339220296407,0.23,0.10314081535098987,false
10267,0.5269267122897048,0.35,0.3950241373901989,false
10268,0.2288493600662958,0.03,0.12812511588748762,false
10269,0.3214717973769505,0.1,0.22851535568870604,false
10270,0.5613074736890656,0.46,0.606361297559341,false
10271,0.5138792497239848,0.29,0.32927827867256554,false
10272,0.39442108223743,0.23,0.030859495259166644,false
10273,0.41063106244304304,0.31,0.3121042546078531,false
10274,0.30352580939055496,0.41,0.3509918426865726,false
10275,0.6627699531945591,0.45,0.5853048917082678,false
10276,0.3290991520170999,0.2,0.177211031049726,false
10277,0.43071449660156486,0.08,0.014782941622942318,false
10278,0.440172570807292,0.4,0.26086353180413574,false
10280,0.594775097847593,0.27,0.3164956086190428,false
10281,0.4575064283902121,0.23,0.21070898072667985,false
10282,0.3210297507412457,0.46,0.6144835857281634,false
10283,0.47287393094955094,0.19,0.2940097829845369,false
10284,0.3908465103996584,0.01,0.2729219487462058,false
10285,0.4448041832746298,0.31,0.40093151329492677,false
10287,0.7178470504976439,0.58,0.35475072855162954,false
10288,0.30166452924174525,0.32,0.3542526472579695,false
10289,0.37822358516200116,0.4,0.3675518974491454,false
10290,0.32298178622901497,0.11,0.12410198765417618,false
10291,0.36661451053816224,0.11,0.23519674442868221,false
10292,0.31317027814467285,0.24,0.1761167920820485,false
10293,0.5201333767992451,0.45,0.5726558600919124,false
10294,0.39585816932185225,0.22,0.21231286353786935,false
10296,0.3921618166712211,0.27,0.14828306032778443,false
10297,0.31329536690768517,0.07,0.20343147737403708,false
10298,0.34618270935422346,0.14,0.1302927904420051,false
10299,0.3425387570408684,0.04,0.17293342446319795,false
10301,0.7420390129494501,0.48,0.3038224069702264,false
10302,0.3609570034810187,0.1,0.23396364795936256,false
10303,0.3924483380235561,0.41,0.4136628392637197,false
10304,0.3593907600096998,0.25,0.3714482348096496,false
10305,0.3593907600096998,0.25,0.3714482348096496,false
10306,0.3823879707814846,0.14,0.26961387878140436,false
10307,0.19160116645763056,0.0,0.18194056562619662,false
10308,0.4462549319011591,0.29,0.36614592888573594,false
10309,0.3572175353668983,0.11,0.4356351798904377,false
10310,0.3572175353668983,0.11,0.4356351798904377,false
10311,0.3183713111999165,0.01,0.33367747040591755,false
10312,0.4026352358341761,0.45,0.4270665872361211,false
10313,0.362330608293914,0.21,0.36766353486710773,false
10315,0.5038471419423437,0.25,0.3185230168163935,false
10316,0.43037866896813154,0.22,0.30466264302956264,false
10317,0.6030901035463778,0.46,0.4251242516128013,false
10318,0.4160077411763738,0.37,0.33606134040252994,false
10319,0.5173445202408556,0.39,0.5817779654155644,false
10321,0.5827341966362368,0.28,0.5132572411369738,false
10322,0.36842068872741834,0.39,0.5600301559007219,false
10323,0.34641682965637266,0.47,0.2532170336082093,false
10324,0.475014905110063,0.24,0.3075371449752132,false
10325,0.40438447279510537,0.23,0.3207750195322422,false
10326,0.32962202048716766,0.4,0.40006936135167176,false
10327,0.3199280501822882,0.06,0.26185725955256983,false
10328,0.4110757192423542,0.13,0.11834786315795917,false
10330,0.43649099114072243,0.14,0.20396224300246407,false
10331,0.39983868561704167,0.06,0.17181641308714282,false
10333,0.4571113125786377,0.11,0.3690355993506132,false
10334,0.510540721588637,0.08,0.35338931645012667,false
10335,0.45212138840806115,0.16,0.2585069949851062,false
10336,0.6231326853562322,0.32,0.10191335971554445,false
10337,0.42196460151021575,0.1,0.22818070846514663,false
10338,0.41545944283544545,0.1,0.2628142593027783,false
10339,0.4246822186413057,0.03,0.1820696829055711,false
10340,0.47270235654311293,0.23,0.2886051282596732,false
10341,0.43500466174300434,0.26,0.2386006217709951,false
10342,0.36412987527862695,0.08,0.12845505398490742,false
10343,0.38060772868681775,0.10777777777777779,0.3744160408130434,false
10344,0.3380752354148411,0.42,0.46340477076699316,false
10345,0.5339927330994715,0.2,0.2306504858584562,false
10347,0.45716587697062333,0.24,0.27062703846267117,false
10348,0.421899806708929,0.07,0.1782448271986112,false
10349,0.4744037445595598,0.17,0.02817725302343954,false
10350,0.3974272635785433,0.08,0.12632704268559017,false
10351,0.40784572794862656,0.22,0.2532741774760293,false
10352,0.38917338725206524,0.12,0.22336478439533658,false
10353,0.3468028835256755,0.18,0.4254093587189079,false
10354,0.3110113836108351,0.05,0.17084190311618455,false
10355,0.4788436060744466,0.25,0.08968042776063768,false
10356,0.38555429154974646,0.2,0.20665444989113818,false
10358,0.3696327280098317,0.13,0.20819794943578615,false
10360,0.7551301673209726,0.69,0.7480381309329229,false
10361,0.7397953455805725,0.65,0.8222343012676461,false
10362,0.678556846759376,0.48,0.37355213722098707,false
10365,0.48219004327218973,0.41,0.21782256617577153,false
10366,0.40077965823842676,0.22,0.18787648776141697,false
10367,0.8513010431797332,0.56,0.6698274934046389,false
10368,0.37786781798407865,0.21,0.3918349854391054,false
10369,0.37786781798407865,0.21,0.3918349854391054,false
10370,0.430025849643941,0.16,0.21149980164760673,false
10372,0.364085011581813,0.18,0.23540374470634065,false
10373,0.4544357362542641,0.36,0.2514540911589169,false
10374,0.4469091979274969,0.21,0.21718067751227063,false
10375,0.32047373581681776,0.04,0.1420360644505339,false
10376,0.48301578667782635,0.28,0.47977949727325647,false
10377,0.3414963692065737,0.23,0.21767049804536262,false
10378,0.48205848303196025,0.33166666666666667,0.37736236977177795,false
10379,0.4119267969166002,0.25,0.3487976226099823,false
10380,0.36274178756822434,0.19,0.10341533449868223,false
10381,0.49964476247496875,0.35,0.5089562015738582,false
10382,0.5047517777886927,0.44,0.5639012600608596,false
10383,0.2897399632589701,0.34659090909090906,0.17700757677922235,false
10384,0.6486837826490682,0.65,0.6862403720903462,false
10385,0.3514590488447916,0.28,0.27288737591671697,false
10386,0.37188055850952817,0.13,0.09130385909703449,false
10387,0.3883127466611478,0.08,0.15585031799460178,false
10388,0.3366023285889558,0.09,0.14993509279923264,false
10389,0.45815400562439584,0.17,0.18292733725372404,false
10391,0.2693769382139918,0.02,0.034687608341879006,false
10392,0.26257223660040374,0.04,0.09832791052698395,false
10393,0.2644718505208435,0.38,0.23998178166891834,false
10394,0.3221989191964036,0.07,0.06306618883091153,false
10395,0.3009335499879285,0.08,0.16115390455719433,false
10396,0.2836820645053378,0.06,0.05451462690521992,false
10397,0.6140243633209059,0.57,0.6458582133450488,false
10398,0.30582776131814887,0.05,0.033172062290640576,false
10399,0.3008367035395443,0.03,0.028050225825072356,false
10400,0.24147517464828616,0.02,0.05436528273728766,false
10401,0.24147517464828616,0.02,0.05436528273728766,false
10402,0.26304450961500403,0.1,0.08144432698596911,false
10403,0.3180766418803742,0.19,0.18308028540155463,false
10404,0.3180766418803742,0.19,0.18308028540155463,false
10405,0.2693769382139918,0.02,0.034687608341879006,false
10406,0.29507733442883644,0.19,0.15536542659688715,false
10407,0.46198810371077925,0.18,0.4313898701123505,false
10408,0.4187007674510496,0.15,0.2603414767528169,false
10409,0.2021434382774683,0.02,0.07121399930622992,false
10410,0.19013400689409957,0.07,0.136765726613792,false
10411,0.9196439200164548,0.88,0.749517992822462,false
10412,0.5160501487583409,0.21,0.34438230804213277,false
10413,0.5167899589264002,0.3,0.514504133047458,false
10414,0.525428710067548,0.19,0.23356216577397784,false
10415,0.46081000920048054,0.29,0.3422159299580624,false
10416,0.7418790072360999,0.45,0.6272402586859349,false
10417,0.38330051199496,0.3,0.5023879929499054,false
10418,0.7718308623602795,0.54,0.6584812966864277,false
10419,0.7129062577102013,0.63,0.4327790158873342,false
10420,0.8225865755449591,0.4,0.4523682370815336,false
10421,0.19013400689409957,0.07,0.136765726613792,false
10422,0.8107715824775679,0.41,0.45909525499833687,false
10423,0.42332425046172767,0.06,0.1293048489742779,false
10426,0.4410402354470059,0.08,0.3451551272857889,false
10427,0.4620682029979264,0.17,0.13578887183260582,false
10428,0.5452582895042326,0.16,0.23936314173715562,false
10429,0.4306031205902925,0.12,0.1920581970284,false
10430,0.5646515156630276,0.42,0.5354665918097397,false
10431,0.494546964799438,0.24,0.37071405709356775,false
10432,0.5054328599394221,0.28,0.3479938031570483,false
10433,0.31674612472359837,0.02,0.04313142509061759,false
10434,0.36445758194737177,0.19,0.23958493005724665,false
10436,0.3605250248608004,0.21,0.35963358758748576,false
10437,0.3678531010397719,0.16,0.3312236200115493,false
10438,0.34266952707193066,0.08,0.1722786834018044,false
10441,0.32786617110381044,0.1,0.1656421038811256,false
10442,0.36327417258881206,0.04,0.1735291603003846,false
10443,0.3705352527449086,0.15,0.37844748289352537,false
10444,0.353359195539383,0.15,0.301748541278761,false
10445,0.3973649924747777,0.17,0.379933625405517,false
10446,0.6677111451139999,0.37,0.6648592248286354,false
10447,0.6387958615333528,0.55,0.6671107802015579,false
10448,0.34884264451534996,0.1,0.16978615198692357,false
10449,0.36711484457275395,0.37,0.16407155927946596,false
10450,0.3728244721056207,0.41,0.35928003768260935,false
10451,0.35254996777419245,0.19,0.2560635619767969,false
10452,0.3873490076818067,0.2,0.22667308480431675,false
10453,0.3445828893228587,0.1,0.13123091554051608,false
10454,0.48416222497461137,0.39,0.40931510514504305,false
10455,0.5332472151641153,0.42,0.7400263404870657,false
10456,0.38288819004766417,0.05,0.3546459732321333,false
10457,0.4982830043840939,0.14,0.5807202122838495,false
10459,0.39291933220221936,0.15,0.30198901667750533,false
10461,0.28448908377531823,0.02,0.10550337221404163,false
10462,0.2587103988510821,0.54,0.2509728774664751,false
10463,0.41376758416210085,0.56,0.7300316363107262,false
10464,0.520904681331881,0.41,0.4699159054157376,false
10465,0.24011641000860945,0.24666666666666667,0.3353447405235934,false
10466,0.2781668237409995,0.26,0.3447351237045026,false
10467,0.18971161624677574,0.0,0.1698003376559029,false
10468,0.4861293175178976,0.51,0.5414027320251356,false
10469,0.2989019227507781,0.1,0.20567714200684764,false
10470,0.2780570483558588,0.17,0.15443800170645275,false
10471,0.8006220635061825,0.6,0.5149712289931084,false
10475,0.39826989180486994,0.14,0.33875255006945443,false
10480,0.27090148912616635,0.0,0.03620696107150163,false
10482,0.46281589578568777,0.35,0.4510221740210275,false
10483,0.30134500421806837,0.14,0.1607280365127773,false
10485,0.39527655278948404,0.37,0.40182012076624496,false
10486,0.2780570483558588,0.17,0.15443800170645275,false
10487,0.9370797775499204,0.57,0.7985777417666828,false
10488,0.8547752272668957,0.54,0.5329454337880535,false
10489,0.4135263359387413,0.45,0.4502431689681732,false
10492,0.292787719174961,0.15,0.15836142423792604,false
10495,0.6476076378673516,0.55,0.7445567834680326,false
10496,0.3177701629172169,0.06,0.17358251470189504,false
10497,0.38911426132330396,0.33,0.5358344245697506,false
10499,0.45878299298399583,0.14,0.16170456637952543,false
10507,0.4195781225679518,0.14,0.4101979718313192,false
10508,0.46259614314176195,0.29,0.2406318679592563,false
10512,0.32573505961455496,0.37,0.17225264300663373,false
10514,0.38400018684133674,0.04,0.23180491994662925,false
10522,0.3643073482758231,0.17,0.2641165513004201,false
10523,0.24856662623033254,0.085,0.055939593725571744,false
10524,0.8240795395079311,0.59,0.748610251974424,false
10526,0.7732755462779642,0.51,0.6133293186383144,false
10528,0.25573668180965675,0.0,0.0662759156900996,false
10529,0.3211877465554175,0.23,0.2592090872710341,false
10530,0.2670507157489092,0.05,0.043726895295845884,false
10531,0.43771434199875153,0.14,0.2972777616642035,false
10532,0.4414656050661927,0.27,0.49811241543854873,false
10533,0.4540853963975215,0.18,0.31032865423665484,false
10534,0.45335809150391077,0.27,0.5123470695990031,false
10535,0.5240993024152656,0.44,0.6182977677949968,false
10537,0.2687519718611236,0.07,0.12402961708155935,false
10538,0.8061757858651919,0.78,0.6952755246477792,false
10539,0.3216940207287976,0.27,0.5210796170471172,false
10540,0.3216940207287976,0.27,0.5210796170471172,false
10545,0.34868227090556636,0.03,0.10480294762828782,false
10546,0.45878299298399583,0.14,0.16170456637952543,false
10549,0.39134808203408045,0.08,0.11372351348881353,false
10554,0.6166770534072847,0.46,0.41509865746561403,false
10555,0.2701568331712158,0.02,0.07500303838090493,false
10556,0.24539926893887704,0.3704047619047619,0.4328051960768128,false
10557,0.726420729670128,0.49,0.6010053669359271,false
10558,0.503555683614153,0.53,0.6996115928343697,false
10559,0.2687519718611236,0.07,0.12402961708155935,false
10560,0.39905292373998236,0.38,0.4432414117739328,false
10562,0.32974411371643564,0.07,0.28567556968134,false
10563,0.325252737299841,0.17,0.3452692407881885,false
10566,0.3783290069146406,0.31,0.33593982616273754,false
10572,0.26244304092229337,0.1,0.09980526369711118,false
10575,0.3072601314004111,0.0,0.22607348574875122,false
10576,0.27090148912616635,0.0,0.03620696107150163,false
10582,0.3828100610872986,0.09,0.16389699661861207,false
10583,0.38513067921585503,0.24,0.3957849318818057,false
10588,0.45730436382773343,0.34,0.5742606295435757,false
10589,0.3730667829503448,0.03,0.11966729448292263,false
10590,0.3681075179134386,0.07,0.040552464336047686,false
10591,0.3710322787053753,0.07,0.07149484924381506,false
10592,0.36073660186488704,0.23,0.17997958786742402,false
10593,0.37695422433228243,0.14,0.1569075218148932,false
10601,0.4372158079816857,0.26,0.4069628539307468,false
10605,0.37714532117319305,0.03,0.09864295479855892,false
10606,0.44037299502807103,0.31,0.29384040948440426,false
10610,0.36647193715658555,0.01,0.29630248099453993,false
10613,0.44109203380526457,0.28,0.31422789458935463,false
10614,0.5020848550896786,0.3,0.34346178288769114,false
10615,0.3734888168259336,0.28,0.2961549442515558,false
10628,0.367680128068249,0.1,0.24302569810237365,false
10629,0.5678724423823444,0.54,0.7355306520595114,false
10630,0.6098001745498782,0.6,0.7300407142172513,false
10631,0.5705209747442231,0.36,0.394810852641288,false
10632,0.6625463730096429,0.65,0.6643229830789814,false
10638,0.38634328129464635,0.02,0.08189927364915221,false
10640,0.44075840789972826,0.25,0.3302029946843438,false
10646,0.28834157152624784,0.23,0.11181737439443004,false
10647,0.28834157152624784,0.23,0.11181737439443004,false
10648,0.33494116178124067,0.12,0.38196487943241825,false
10649,0.36699935622766167,0.43,0.6443567987444024,false
10650,0.6041411754193233,0.25,0.4800138931750282,false
10657,0.37052680085705336,0.06,0.167914368615876,false
10659,0.3075223208551257,0.056666666666666664,0.2289379116887772,false
10661,0.3633550752136308,0.07,0.13084852799232363,false
10663,0.39711329505153686,0.04,0.10132402369200873,false
10664,0.3656812168518748,0.04,0.09919994346131215,false
10665,0.35406527873013144,0.05,0.12768876064753368,false
10666,0.34816241770257694,0.14,0.20172285782925764,false
10667,0.40264465674087563,0.06,0.10248832988470426,false
10668,0.4007427657874885,0.17,0.21720230409774513,false
10669,0.322345781286107,0.27,0.19169826130584836,false
10671,0.3329196118623999,0.18,0.2515654801636138,false
10672,0.41177593549703234,0.15,0.17984037175775466,false
10674,0.3774628895911512,0.04,0.15769917259859506,false
10678,0.43518612975117504,0.2,0.4797033658570418,false
10680,0.39826989180486994,0.14,0.33875255006945443,false
10681,0.3980613206341329,0.35,0.4739682293440296,false
10687,0.27497555262722834,0.01,0.023040718897934152,false
10690,0.3339212495258414,0.03,0.14045342094954866,false
10693,0.3339459649896321,0.21,0.35301373055311097,false
10695,0.3339212495258414,0.03,0.14045342094954866,false
10697,0.37714532117319305,0.03,0.09864295479855892,false
10698,0.44037299502807103,0.31,0.29384040948440426,false
10700,0.33035076033821875,0.27,0.602667238527432,false
10701,0.4968965244347841,0.63,0.6400941483953408,false
10704,0.3971702515906713,0.21,0.34607629106444177,false
10707,0.3000546781436481,0.22,0.16964673802319413,false
10708,0.34927397984139935,0.52,0.24895476216348006,false
10709,0.3771393633004943,0.53,0.5103129338945621,false
10711,0.3225743281584164,0.15,0.1655237800942981,false
10713,0.29154873967167666,0.09,0.12698705508278105,false
10714,0.2570187113805481,0.07,0.1813062554220264,false
10715,0.398368160141542,0.22,0.43527875296872104,false
10722,0.34829500033683747,0.03,0.23610262052906789,false
10723,0.4062544079041887,0.3,0.4092536908717425,false
10732,0.37940880788393855,0.25,0.3831129659518718,false
10733,0.3955887398916499,0.19,0.2689456509476823,false
10734,0.4335001713384519,0.29,0.5004052596048928,false
10735,0.3515520256015829,0.25,0.2177089980197629,false
10736,0.30249799379747877,0.48,0.45159912795571355,false
10739,0.30249799379747877,0.48,0.45159912795571355,false
10746,0.3432450859325586,0.18,0.3934798743175674,false
10750,0.3783290069146406,0.31,0.33593982616273754,false
10751,0.6790683889230258,0.37,0.3346016035721002,false
10753,0.3130007082659395,0.33,0.08031449142865345,false
10758,0.278665157649275,0.04,0.06274477505511143,false
10759,0.33005311321657516,0.17,0.38384969667087415,false
10760,0.6549443975023264,0.47,0.5633084525336297,false
10761,0.5348440514061029,0.44,0.3682352475722548,false
10771,0.27912056759763915,0.05,0.036282482549695155,false
10772,0.27912056759763915,0.05,0.036282482549695155,false
10773,0.3726835955032509,0.51,0.4649781424317607,false
10774,0.39021535504747695,0.04,0.2532068248302224,false
10775,0.3986523151438014,0.11,0.3557326351929274,false
10779,0.40043700392314935,0.14,0.26378296936300755,false
10782,0.41565874599114166,0.23,0.3866363137817037,false
10783,0.3329196118623999,0.18,0.2515654801636138,false
10784,0.41352743178850876,0.1,0.14803554190362958,false
10786,0.49714236323046446,0.57,0.6914064718916939,false
10787,0.3986523151438014,0.11,0.3557326351929274,false
10788,0.3986523151438014,0.11,0.3557326351929274,false
10790,0.40437305691320863,0.12,0.3453202630559537,false
10791,0.40437305691320863,0.12,0.3453202630559537,false
10792,0.37697327284122334,0.12,0.42540456629267387,false
10794,0.39829785063864886,0.19,0.3501922160855585,false
10799,0.5066682639503512,0.33,0.216994375551405,false
10800,0.5591618112381984,0.26,0.12290453905629933,false
10801,0.3485977554675337,0.46,0.48150678389803186,false
10802,0.4240046210204203,0.28,0.25429627404635174,false
10803,0.5097718603168826,0.57,0.5984347771525036,false
10804,0.2474823459166653,0.3901666666666667,0.1693280698742354,false
10806,0.2825090754716134,0.07,0.13628919366455886,false
10808,0.41626948986615236,0.12,0.1581684621448873,false
10809,0.4143482025910163,0.23,0.20776846576072336,false
10810,0.38078197585441537,0.09,0.22906989974509512,false
10813,0.3592250400204119,0.13,0.3228256527891924,false
10814,0.27004767020074133,0.11,0.03869047024497669,false
10822,0.37914195998974753,0.18,0.5559699616428293,false
10825,0.3707702260401625,0.08,0.19537435236290437,false
10828,0.29491958376985733,0.06,0.17983948650824105,false
10829,0.4900153861381623,0.28,0.45897139591181757,false
10830,0.38794868465843185,0.27,0.3968805657663869,false
10831,0.4172942448826559,0.2,0.38258610126486287,false
10832,0.3444451233406017,0.04,0.11413615850735806,false
10833,0.3333360291640018,0.11,0.05694966876339286,false
10836,0.3267643046963361,0.07,0.03970785614283016,false
10837,0.5424161961999627,0.37,0.4666922021927762,false
10838,0.6717605282783087,0.52,0.5805630586609666,false
10839,0.699671310552517,0.71,0.6960367270031911,false
10840,0.6618838427514765,0.27,0.3637726888587433,false
10841,0.9577848636750731,0.63,0.7471081513952508,false
10842,0.637026725236542,0.71,0.8390178372783367,false
10843,0.6408114970666956,0.69,0.8916116758387109,false
10844,0.4580483791831573,0.13,0.29738627840899223,false
10845,0.5754458540865557,0.436,0.6071951081495652,false
10846,0.47687228352640193,0.5,0.4945449833177208,false
10847,0.5684082646655778,0.5766666666666667,0.7242672261663726,false
10848,0.33814011397300553,0.44,0.41086742172149665,false
10849,0.5766208373057644,0.29,0.6737898150874378,false
10850,0.40490933871407425,0.28,0.4389576155063027,false
10851,0.29987036052228183,0.0,0.03456980226057213,false
10852,0.4324050660753781,0.27,0.4263130774215799,false
10853,0.29477519464305924,0.16,0.1922118909849813,false
10854,0.27218901989503763,0.17,0.25866943066478837,false
10855,0.5454753204297506,0.61,0.836248522080367,false
10856,0.5637175026374065,0.59,0.8463514096320837,false
10857,0.4643556805363923,0.41,0.3275664905139963,false
10858,0.6384647053019679,0.43,0.41651192921759195,false
10859,0.9894419612702431,0.66,0.8750251299356885,false
10860,0.8793007946794952,0.3,0.05653459590907477,false
10861,0.5890116011077908,0.27,0.25413020437035133,false
10862,0.5459306525898996,0.22,0.06720306940006271,false
10863,0.6096111253451977,0.33,0.24570334296738092,false
10864,0.29987036052228183,0.0,0.03456980226057213,false
10865,0.5928181264151944,0.3,0.6007829271154498,false
10866,0.31821995841846795,0.05,0.12617575687741342,false
10867,0.22264234240276207,0.05,0.10746568040372194,false
10868,0.3072546046556673,0.21,0.2100943554177067,false
10869,0.3055443920095126,0.17666666666666664,0.24562738235437448,false
10870,0.3845967155604852,0.16,0.17005983645079992,false
10871,0.3973207590565201,0.12,0.3971590341146872,false
10872,0.36009200627298293,0.26,0.372493832163977,false
10873,0.4959032455857177,0.29,0.4237671384124573,false
10874,0.3594718526650151,0.25,0.34923715295213786,false
10875,0.4959032455857177,0.29,0.4237671384124573,false
10876,0.31365109225976695,0.22,0.4355411515415484,false
10879,0.4142821824912902,0.52,0.6474099212446732,false
10880,0.4021039067956613,0.32,0.3196968321779786,false
10881,0.3470542660864022,0.09,0.19787991460614215,false
10882,0.45629954460347855,0.37,0.7175819859296676,false
10883,0.3419988302003263,0.5,0.1610968913392467,false
10884,0.39542972013351524,0.18,0.38738604127074683,false
