,tuned_weighted_random_forest,xgboost,xgboost_without_b,target,outer_fold
0,0.47576796944211686,0.5553178191184998,0.536276638507843,false,5
1,0.24610464455328762,0.061470940709114075,0.07797180861234665,true,1
2,0.456592200070461,0.6226381063461304,0.649498701095581,true,4
3,0.5196655492359152,0.6687111258506775,0.7176697850227356,true,4
4,0.42400759539448507,0.47776493430137634,0.4772161841392517,true,3
5,0.4643130011549767,0.47872641682624817,0.47820788621902466,true,5
6,0.5107217411113638,0.6564694046974182,0.6538733839988708,true,3
7,0.20066455112113174,0.21340805292129517,0.23213231563568115,true,4
9,0.8978368542567651,0.8476276993751526,0.8490694165229797,true,5
10,0.6151856090374099,0.6465622782707214,0.6485463380813599,true,2
11,0.543545598327877,0.7158024907112122,0.7132566571235657,true,4
12,0.304616375080575,0.33179372549057007,0.3261364698410034,true,5
13,0.5626512329452311,0.5875781774520874,0.5885272026062012,true,5
15,0.8780618017593347,0.8203503489494324,0.8195226788520813,true,1
16,0.5581132885516465,0.5618743896484375,0.5591485500335693,true,4
18,0.3287783505647501,0.3965035676956177,0.3883662223815918,true,4
20,0.7472166996966783,0.7456315159797668,0.7472018599510193,true,5
21,0.5592360669831278,0.6158846616744995,0.619683027267456,true,2
22,0.715395624609823,0.7416806817054749,0.7366667985916138,true,5
24,0.4364085404180306,0.4911922514438629,0.4894309639930725,true,2
25,0.7388676906029087,0.7804743051528931,0.7503405213356018,true,4
26,0.5214181377091177,0.6170585751533508,0.6387120485305786,true,1
27,0.6131028432221224,0.7650074362754822,0.7305097579956055,true,4
28,0.49829296296425796,0.6829371452331543,0.6551181077957153,true,4
29,0.6272129304333671,0.6016857028007507,0.6050972938537598,true,3
30,0.38025586049650556,0.4082651734352112,0.4037911295890808,true,5
31,0.31797664405454656,0.4247470498085022,0.43921220302581787,true,4
32,0.40159673697526466,0.30903029441833496,0.30476057529449463,true,5
34,0.4433497069651061,0.43807747960090637,0.44711875915527344,true,5
35,0.5690280136729416,0.6954859495162964,0.7031856775283813,true,1
36,0.5623156738258421,0.6657588481903076,0.66511070728302,true,2
38,0.3228524580882921,0.33482110500335693,0.28848496079444885,true,4
39,0.5806505312419368,0.6046796441078186,0.6083223223686218,true,3
40,0.3392190735006957,0.3347090780735016,0.3341348469257355,true,5
41,0.4465215273041283,0.41708824038505554,0.4159795939922333,true,5
42,0.5893352344127384,0.6221812963485718,0.6217586994171143,true,3
43,0.7862637420327623,0.7160199880599976,0.7313902974128723,true,1
44,0.7600392911096162,0.7620631456375122,0.704540491104126,true,1
45,0.5647172530865702,0.5447334051132202,0.5485058426856995,true,5
46,0.6985186821470389,0.7679688930511475,0.7663690447807312,true,2
47,0.29158338217403623,0.30591434240341187,0.3091736137866974,true,2
48,0.7581383961038648,0.8941694498062134,0.8892707824707031,true,5
49,0.8362065993779093,0.8402796983718872,0.8321274518966675,true,1
51,0.6260042589483539,0.6301311254501343,0.7063028812408447,true,1
52,0.3517936393059852,0.39258143305778503,0.40498754382133484,true,5
53,0.5690328385021526,0.6177046895027161,0.6173660159111023,true,3
54,0.7507153888326886,0.8425748944282532,0.8404408097267151,true,3
57,0.8231007989431504,0.831650972366333,0.8344058990478516,true,3
58,0.6709804580981218,0.6769444942474365,0.677166759967804,true,3
61,0.19733395430862286,0.24796399474143982,0.24655331671237946,true,2
62,0.7106008043342045,0.8245280385017395,0.8222100734710693,true,3
63,0.692807942158921,0.7971190214157104,0.8020526766777039,true,4
64,0.6874966237781192,0.533897340297699,0.4971577227115631,true,1
66,0.2609968223564052,0.33978357911109924,0.33502012491226196,true,3
68,0.20570327913154313,0.19514533877372742,0.19819512963294983,true,2
69,0.2698757004503719,0.264090359210968,0.26278722286224365,true,1
70,0.6845994990000642,0.7233642935752869,0.7120371460914612,true,1
71,0.19352561274041313,0.25491705536842346,0.2467147707939148,true,1
72,0.6784845795135296,0.6483942866325378,0.7252906560897827,true,1
73,0.717876852443139,0.7874089479446411,0.7916021347045898,true,5
75,0.3181978111291962,0.3175380825996399,0.31533390283584595,true,3
76,0.40251930000598896,0.39291656017303467,0.40079864859580994,true,2
77,0.21310340518477944,0.24201953411102295,0.23995846509933472,true,5
79,0.2396729175561626,0.3776088058948517,0.35289591550827026,true,1
80,0.0782210585706774,0.20184269547462463,0.20317718386650085,true,3
82,0.905135476217352,0.8841986060142517,0.8862102031707764,true,4
84,0.5648807418694755,0.5458475947380066,0.5466742515563965,true,3
85,0.6911590008089762,0.7208198308944702,0.7280116081237793,true,3
87,0.6816525715994431,0.6049776673316956,0.5276222229003906,true,1
88,0.7055648981806394,0.7635689973831177,0.7586584687232971,true,2
89,0.5229358767750586,0.5563533902168274,0.5656856298446655,true,3
96,0.41580369388757427,0.3628947138786316,0.4468719959259033,true,1
97,0.18464949031746833,0.23170733451843262,0.2255648821592331,true,5
98,0.7993496619819761,0.7970708608627319,0.7832686305046082,true,1
99,0.26512153305095965,0.420542448759079,0.4027019143104553,true,4
101,0.27311890450894843,0.3321459889411926,0.33255791664123535,true,2
104,0.27906278885793545,0.39172038435935974,0.3555804491043091,true,4
105,0.5565245143757998,0.6196689605712891,0.6215717196464539,true,2
107,0.627572706839398,0.6417507529258728,0.5866169333457947,true,1
109,0.21306791802109137,0.5010694861412048,0.5092480182647705,true,4
110,0.48381379100898786,0.45623114705085754,0.4553047716617584,true,3
111,0.17729079963441968,0.3121677339076996,0.31394287943840027,true,3
112,0.5652352375521559,0.5684713125228882,0.559607982635498,true,1
113,0.4347437164881104,0.47784924507141113,0.4550526440143585,true,1
114,0.5846765027769217,0.5940356850624084,0.654331386089325,true,1
115,0.6422999459905419,0.7772236466407776,0.756594717502594,true,4
116,0.6315891102309326,0.6494962573051453,0.6655976176261902,true,5
117,0.5260104779557726,0.4923478662967682,0.4918697774410248,true,3
118,0.33451836886874387,0.33321964740753174,0.33221274614334106,true,2
119,0.7068535535886542,0.7468128204345703,0.7554062604904175,true,4
120,0.49221619910324826,0.5303714275360107,0.5321956276893616,true,5
121,0.48409859091622565,0.48014310002326965,0.479624480009079,true,5
122,0.2068105633425558,0.23571451008319855,0.23304490745067596,true,5
123,0.48985061891127,0.43079161643981934,0.42221200466156006,true,4
124,0.3930854913524544,0.5609796047210693,0.5619585514068604,true,5
125,0.33935258946516633,0.32915449142456055,0.32691317796707153,true,5
126,0.36630490463271803,0.3266953229904175,0.32643187046051025,true,5
127,0.5388155220999061,0.5984562039375305,0.5506979823112488,true,1
128,0.4109875005932432,0.3697374761104584,0.3835058808326721,true,5
129,0.4960455862578492,0.43764546513557434,0.438510924577713,true,3
130,0.2162431209521011,0.23129644989967346,0.23044855892658234,true,3
131,0.4081259889281854,0.6155165433883667,0.6331347823143005,true,3
132,0.7955088135062371,0.5530911087989807,0.5428150296211243,true,4
133,0.25713559673163505,0.3583967387676239,0.3603067398071289,true,5
134,0.46495528957637,0.5951717495918274,0.5938879251480103,true,2
135,0.6579086228439216,0.6720590591430664,0.6705061793327332,true,4
136,0.5081265043765554,0.36338716745376587,0.3679578900337219,true,1
138,0.5787984710880607,0.5360053181648254,0.5759742259979248,true,1
139,0.6604754739141765,0.43218550086021423,0.4347204864025116,true,3
140,0.5851979747315077,0.46695876121520996,0.41601240634918213,true,1
141,0.7345849077100233,0.7599523067474365,0.7683095335960388,true,3
142,0.5962854003604966,0.6333280801773071,0.658950686454773,true,1
143,0.5742644068783084,0.45275819301605225,0.47478416562080383,true,1
144,0.591262245439239,0.7161855697631836,0.7157480120658875,true,3
145,0.3560294963474064,0.41421908140182495,0.4109642207622528,true,3
146,0.7219322637610209,0.809014618396759,0.8023179173469543,true,1
147,0.690785816941521,0.7406648397445679,0.7261232137680054,true,1
148,0.5833566937223468,0.6063022613525391,0.6635850071907043,true,1
149,0.564426230420743,0.6131548285484314,0.6209523677825928,true,2
150,0.2425182386786572,0.4005696177482605,0.3546445667743683,true,4
151,0.5085407994269232,0.535219669342041,0.5872782468795776,true,1
152,0.6046350562924142,0.6038697957992554,0.6238657236099243,true,1
153,0.5002798927590301,0.5252010822296143,0.527895987033844,true,3
154,0.38488582321263515,0.5093626379966736,0.5061649680137634,true,5
155,0.5432618980629673,0.5717549920082092,0.5696220993995667,true,2
157,0.25455609388353756,0.2312050610780716,0.22493207454681396,true,1
158,0.6634375940813912,0.6053902506828308,0.625648558139801,true,3
160,0.49111038921215455,0.4675176739692688,0.40974852442741394,true,1
161,0.18462632188177097,0.2704838514328003,0.26469671726226807,true,1
162,0.633049960897259,0.7078722715377808,0.7064143419265747,true,3
163,0.5127452844654301,0.5101954340934753,0.5111308097839355,true,4
164,0.4724431017894892,0.45581361651420593,0.45511433482170105,true,2
165,0.38981208390274574,0.48771101236343384,0.4822082221508026,true,5
166,0.5218658473836107,0.7245481610298157,0.7006437182426453,true,4
167,0.6776233120330954,0.6833946108818054,0.6826538443565369,true,2
169,0.6121432359168781,0.639435350894928,0.5981424450874329,true,1
170,0.5265859287985836,0.651929497718811,0.6815561056137085,true,4
171,0.459649160580158,0.4059179723262787,0.41268643736839294,true,1
172,0.4551729454474479,0.5558488965034485,0.5552865862846375,true,2
173,0.8299308561256143,0.8216334581375122,0.8228826522827148,true,5
174,0.16403995632471702,0.20778319239616394,0.20594918727874756,true,3
175,0.43256616440216655,0.43387532234191895,0.4268489480018616,true,1
177,0.41649060300769764,0.43839237093925476,0.4357096552848816,true,2
178,0.39593381527297383,0.43202468752861023,0.4313938021659851,true,5
179,0.6228196862573236,0.6036233901977539,0.5994799733161926,true,1
181,0.30652848434544333,0.447296679019928,0.4392451345920563,true,4
182,0.4073397462588582,0.4954267740249634,0.47705361247062683,true,1
183,0.4741029126518249,0.48320406675338745,0.48168185353279114,true,3
184,0.4178504331428454,0.4511995017528534,0.4506780803203583,true,2
185,0.21924099122525686,0.25324496626853943,0.2507232427597046,true,5
186,0.47402955895496895,0.4516863226890564,0.45313534140586853,true,5
187,0.427289316002552,0.4877440333366394,0.4827236831188202,true,5
188,0.4592080045763819,0.5185251235961914,0.5367417335510254,true,1
190,0.6709651983363593,0.7751827239990234,0.7750462889671326,true,2
191,0.37721882694911196,0.4765533208847046,0.4738318920135498,true,5
192,0.7367799298052424,0.7738892436027527,0.7687918543815613,true,5
194,0.3520439584678053,0.38972601294517517,0.39228054881095886,true,5
195,0.40591269014432735,0.387393057346344,0.42088937759399414,true,1
196,0.24552141119888993,0.22070105373859406,0.2504313886165619,true,1
198,0.6975904362985978,0.7251939177513123,0.7251154780387878,true,2
200,0.3527863157394677,0.38599878549575806,0.3324742317199707,true,1
201,0.5402922746938992,0.5981072783470154,0.5988109111785889,true,5
202,0.43373435596874066,0.5335384011268616,0.5284104347229004,true,3
203,0.7442378137818513,0.7422465085983276,0.7448938488960266,true,3
204,0.4597180769118862,0.49317529797554016,0.4970718324184418,true,3
205,0.32109879650629203,0.3304387032985687,0.33246421813964844,true,2
206,0.4100255046429476,0.3052448034286499,0.2877492606639862,true,1
208,0.5586307846099249,0.6121484041213989,0.6124873161315918,true,2
209,0.6461168661601612,0.7627811431884766,0.7596120238304138,true,2
210,0.3395263802165727,0.40293604135513306,0.4017545282840729,true,1
211,0.27566652105933137,0.37498313188552856,0.36396652460098267,true,4
212,0.22366367471787854,0.23115898668766022,0.2328888475894928,true,5
213,0.23434560801523563,0.210067018866539,0.22126853466033936,true,2
214,0.44027737769235087,0.46653950214385986,0.4606650769710541,true,5
215,0.6453533865428396,0.6214904189109802,0.62358158826828,true,2
217,0.10968278569018745,0.20304441452026367,0.20405539870262146,true,3
218,0.4873208406314212,0.5140849351882935,0.5162939429283142,true,3
219,0.4741095880800569,0.5808502435684204,0.5688083171844482,true,5
221,0.4292244949421518,0.4981665015220642,0.49656185507774353,true,5
222,0.10867394926711033,0.18735188245773315,0.18684180080890656,true,3
223,0.20711318153905076,0.27504464983940125,0.21880963444709778,true,1
224,0.1859710931497696,0.2561666965484619,0.24135439097881317,true,4
226,0.4301331649967709,0.5265530943870544,0.5237851142883301,true,3
227,0.24571689613705672,0.22307778894901276,0.265529602766037,true,1
228,0.6775876364804997,0.6966371536254883,0.6851487159729004,true,4
231,0.48929307500859026,0.4046873152256012,0.40177029371261597,true,3
232,0.4531280462294475,0.45306944847106934,0.43364593386650085,true,5
233,0.3755981259908798,0.32417482137680054,0.32919934391975403,true,1
234,0.5935113048397838,0.7174479365348816,0.7175129055976868,true,4
235,0.05819371533022121,0.3025023341178894,0.3069392740726471,true,3
236,0.3509589001858909,0.27157819271087646,0.24358399212360382,true,4
237,0.13213558814704013,0.19746004045009613,0.1980714499950409,true,3
238,0.6673712179508712,0.6934854388237,0.6973589062690735,true,3
240,0.2816233030469554,0.30889490246772766,0.3016756474971771,true,4
242,0.5264594904934495,0.6333000659942627,0.5823647379875183,true,1
243,0.19466980588383692,0.24730712175369263,0.24301394820213318,true,2
246,0.7954330584270654,0.8457238674163818,0.8442208170890808,true,2
247,0.6042295067713389,0.6340206265449524,0.6449860334396362,true,3
249,0.5761787350823133,0.6309155821800232,0.6829919815063477,true,1
250,0.5192822751424174,0.44923681020736694,0.44940152764320374,true,3
251,0.5394634540526875,0.6129081845283508,0.6006384491920471,true,1
252,0.6506187469120605,0.7315195202827454,0.7255587577819824,true,3
253,0.5859695366333999,0.6298225522041321,0.7506182789802551,true,1
255,0.6951125784082608,0.7078546285629272,0.6974009871482849,true,1
258,0.3283983906160604,0.4269495904445648,0.4241405725479126,true,3
259,0.3524179333816824,0.3656913936138153,0.36394867300987244,true,2
260,0.8979792013408158,0.8831115961074829,0.8874325752258301,true,4
261,0.31554922768605925,0.4346379339694977,0.44308942556381226,true,3
262,0.45631417542715597,0.4970734715461731,0.4964579939842224,true,2
263,0.4621984646871975,0.479963481426239,0.4770961403846741,true,3
264,0.8462455395942095,0.8353390097618103,0.828163743019104,true,4
265,0.13816440984065662,0.29957056045532227,0.28266531229019165,true,4
266,0.21322398187897412,0.24806955456733704,0.24853308498859406,true,4
267,0.4232150231224855,0.534029483795166,0.5325961709022522,true,3
268,0.36410838618893143,0.36019521951675415,0.365324467420578,true,2
269,0.2508888742914798,0.22566084563732147,0.2554176449775696,true,1
270,0.25307961272721907,0.2224881500005722,0.2897290587425232,true,1
271,0.36634403723682074,0.3832491934299469,0.3853118121623993,true,2
273,0.39285803278980613,0.45216408371925354,0.4494582712650299,true,2
274,0.8623334497318915,0.7909430861473083,0.7849264740943909,true,5
275,0.8191935779352465,0.7771060466766357,0.7890679240226746,true,4
276,0.4251489399819491,0.4882791340351105,0.48893073201179504,true,5
277,0.6106882242599067,0.6200792193412781,0.601714551448822,true,4
278,0.3142576461756196,0.41500329971313477,0.4145672023296356,true,3
280,0.6580838783935211,0.6936403512954712,0.6425052285194397,true,4
281,0.6406721507149399,0.8168097734451294,0.8146564364433289,true,2
282,0.7639572603873702,0.8228036165237427,0.8294789791107178,true,2
283,0.345232086347605,0.4114989936351776,0.35664132237434387,true,4
284,0.9261723834614844,0.9262863993644714,0.9242579936981201,true,5
285,0.9834506856894601,0.7853256464004517,0.7815256118774414,true,3
286,0.7101884533397116,0.586787223815918,0.6994385123252869,true,1
287,0.8746550152006816,0.82828688621521,0.8265540599822998,true,2
288,0.3252672711525079,0.4627523422241211,0.4579998552799225,true,4
289,0.46023983335206253,0.46640658378601074,0.43561214208602905,true,4
290,0.3745652312402361,0.7370686531066895,0.7439751625061035,true,3
291,0.2541525532033219,0.4721705913543701,0.47143739461898804,true,3
292,0.5635897621391931,0.5767980217933655,0.5630485415458679,true,4
293,0.45417341146303125,0.45029085874557495,0.4487569332122803,true,5
294,0.4166479991100636,0.4488525986671448,0.44729432463645935,true,2
295,0.8904897534928345,0.8175216913223267,0.8179364204406738,true,2
296,0.4929600168931618,0.6485559940338135,0.6279093623161316,true,4
297,0.3558864269138898,0.2381143867969513,0.29212528467178345,true,1
298,0.5897818422325197,0.5419471263885498,0.5429682731628418,true,3
299,0.29723296224759077,0.6397135853767395,0.6443206667900085,true,4
301,0.4770677542436646,0.47886261343955994,0.4846855401992798,true,1
302,0.48194168147635563,0.5254913568496704,0.5217993259429932,true,1
303,0.4401159688909457,0.6069328188896179,0.6155223250389099,true,2
304,0.38966335109580896,0.3266953229904175,0.32643187046051025,true,5
305,0.45823288548975877,0.5598363280296326,0.571325421333313,true,4
306,0.9865470950832791,0.8324121236801147,0.8433731198310852,true,4
307,0.8496380136855513,0.7909430861473083,0.7849264740943909,true,5
308,0.7137946902962807,0.7876569628715515,0.7657634615898132,true,4
309,0.8997249583696939,0.9056529998779297,0.8850513696670532,true,1
310,0.7432018038530859,0.7725323438644409,0.7756449580192566,true,2
311,0.8057338226225808,0.8819813132286072,0.8840728402137756,true,4
312,0.3042532220311898,0.5567985773086548,0.5931016802787781,true,5
314,0.7618037229535226,0.7817378044128418,0.7862141132354736,true,5
315,0.8016518372739483,0.7906331419944763,0.7805305123329163,true,1
316,0.977186433814723,0.8371228575706482,0.8447750806808472,true,4
317,0.4508598902683426,0.5365670919418335,0.5246713757514954,true,2
318,0.6050270051576769,0.5347992777824402,0.5248382091522217,true,4
319,0.6090366872254888,0.5857317447662354,0.6114669442176819,true,1
320,0.49204715979985686,0.5840862989425659,0.5817826986312866,true,2
322,0.5102964269590525,0.6283380389213562,0.6264394521713257,true,5
323,0.42790434357014634,0.46258965134620667,0.45611029863357544,true,1
324,0.3577347772968929,0.3765554130077362,0.3786182403564453,true,5
326,0.4811957108818861,0.5004226565361023,0.5098806023597717,true,3
327,0.5222811624383652,0.5713814496994019,0.5704124569892883,true,3
332,0.3635694895273135,0.5655620098114014,0.5378358960151672,true,4
333,0.4016574353289385,0.4263126254081726,0.42551276087760925,true,1
334,0.33105595143127436,0.4093223214149475,0.40845635533332825,true,2
335,0.7428512105498539,0.7459356188774109,0.7628797888755798,true,2
336,0.33164706566019475,0.433523029088974,0.4235696792602539,true,5
338,0.41562920746834126,0.46982717514038086,0.4694543182849884,true,5
339,0.48261904703670944,0.4781992733478546,0.4338085651397705,true,1
341,0.36994346688119245,0.34709060192108154,0.43633294105529785,true,1
344,0.12770227835030468,0.20250743627548218,0.22164300084114075,true,4
345,0.5114131576507733,0.5682178735733032,0.5561680197715759,true,1
346,0.5730068792047767,0.572688102722168,0.5777920484542847,true,5
347,0.1719928759511064,0.15289701521396637,0.16075417399406433,true,5
348,0.6552488510855905,0.6099836230278015,0.6099759936332703,true,5
349,0.3923643299779755,0.4055345058441162,0.3730680048465729,true,1
350,0.37742587073791706,0.40478515625,0.4010516405105591,true,5
351,0.1444834817406686,0.2499031275510788,0.24604883790016174,true,3
352,0.625817844406057,0.6526205539703369,0.6473578810691833,true,2
353,0.34054767000422553,0.49420785903930664,0.4962889850139618,true,4
354,0.6865858908702358,0.6970520615577698,0.6936392784118652,true,2
355,0.5618341238215261,0.7074102163314819,0.7018826007843018,true,2
357,0.4619359271158038,0.4720231294631958,0.4717699885368347,true,3
358,0.37760825811151955,0.46182939410209656,0.48205646872520447,true,4
359,0.5409497210159324,0.5124523639678955,0.4670789837837219,true,1
360,0.7724385092895322,0.7603143453598022,0.7600536942481995,true,2
361,0.4965739437829278,0.5106498003005981,0.5138711929321289,true,2
362,0.4418175481787426,0.4441370368003845,0.4609242379665375,true,1
364,0.23038062800422568,0.35616743564605713,0.35413089394569397,true,3
365,0.6337675026971531,0.6631221771240234,0.665107011795044,true,2
366,0.20755115291716478,0.2318226397037506,0.2259402871131897,true,5
367,0.5092505644398706,0.5560718178749084,0.5575249791145325,true,5
368,0.5784333609790695,0.5606157183647156,0.5603622198104858,true,5
369,0.322336976588639,0.39697712659835815,0.39766937494277954,true,3
371,0.5737887209257677,0.748049259185791,0.6856735348701477,true,1
373,0.3438413327355224,0.3790372312068939,0.36467427015304565,true,1
375,0.33498288060699244,0.45635151863098145,0.46026813983917236,true,3
376,0.3426187852920102,0.31992363929748535,0.34062787890434265,true,3
377,0.4323170662228498,0.4988873302936554,0.4995042383670807,true,2
378,0.4153432702154546,0.4301195740699768,0.45153820514678955,true,1
379,0.9283857902838494,0.9145218729972839,0.9160998463630676,true,2
380,0.25461635301047664,0.17949864268302917,0.16336192190647125,true,1
382,0.7210081399759477,0.7769762277603149,0.7720054388046265,true,3
383,0.7559202799856035,0.7215932607650757,0.7190548181533813,true,3
384,0.24279833644963628,0.43629249930381775,0.42826756834983826,true,3
385,0.6721384381203207,0.7665513753890991,0.8160132169723511,true,1
387,0.39138774881233634,0.3694898784160614,0.3770965039730072,true,1
388,0.42261713209816376,0.5085556507110596,0.516364574432373,true,3
389,0.3969302518719849,0.35365673899650574,0.3675827085971832,true,4
390,0.4528384707432812,0.5809484124183655,0.5851554274559021,true,3
391,0.23646172225410986,0.24348588287830353,0.24300110340118408,true,2
392,0.06174313186813187,0.1481143683195114,0.14729200303554535,true,4
394,0.29312232980564235,0.31917062401771545,0.32486945390701294,true,3
395,0.2700354967692731,0.23477724194526672,0.31856468319892883,true,1
396,0.48089292832514446,0.6646829843521118,0.6668980121612549,true,3
397,0.27043968255710304,0.30674418807029724,0.32048499584198,true,1
398,0.8294658499355614,0.7990605235099792,0.8117899298667908,true,1
399,0.5006059963312908,0.5445625185966492,0.5150941014289856,true,4
400,0.795559895926886,0.7720460295677185,0.7746866345405579,true,3
401,0.5342952087879367,0.44267359375953674,0.558077335357666,true,4
402,0.5943768374238904,0.5823755860328674,0.582055389881134,true,2
404,0.3816633734878115,0.3861894905567169,0.38238516449928284,true,5
405,0.3088623040261214,0.5011643171310425,0.5234240293502808,true,4
406,0.4228439416610213,0.4270620048046112,0.4221149981021881,true,2
407,0.5544059178342806,0.4881282448768616,0.48772940039634705,true,2
408,0.3791252444380994,0.38679930567741394,0.3937319815158844,true,2
409,0.3102560200557337,0.39868536591529846,0.3931063413619995,true,3
410,0.24085641058259566,0.26296210289001465,0.26955774426460266,true,2
411,0.6941316132506778,0.7837812900543213,0.7811461091041565,true,1
413,0.41888071172738933,0.5742690563201904,0.5040068626403809,true,1
414,0.18691003795825775,0.1838495284318924,0.17234086990356445,true,4
416,0.5697122157388158,0.440317839384079,0.43898582458496094,true,3
418,0.533900436266011,0.5706139206886292,0.5725018382072449,true,5
419,0.2798462317552875,0.2581386864185333,0.26452794671058655,true,4
420,0.4222018565651366,0.3416602611541748,0.3390803635120392,true,3
421,0.3311065181163864,0.4162271022796631,0.4191860854625702,true,4
423,0.33957783071481,0.38211169838905334,0.3841886818408966,true,3
424,0.49053822689884685,0.5331321954727173,0.5327572822570801,true,5
425,0.3791310118569095,0.3675229847431183,0.36931949853897095,true,3
428,0.5568687318360894,0.5513548851013184,0.5043516159057617,true,1
429,0.3754735910463839,0.5662988424301147,0.5706721544265747,true,3
431,0.41773632049376,0.4014657735824585,0.4257600009441376,true,1
433,0.23616655102573145,0.4052650034427643,0.4255099892616272,true,4
434,0.5487410818213427,0.5645661354064941,0.5643907785415649,true,5
435,0.8148096953690376,0.8092620372772217,0.8255370259284973,true,2
436,0.38345712939541565,0.4374319612979889,0.4354519844055176,true,2
437,0.3337002711036986,0.4022609293460846,0.4036434292793274,true,5
438,0.40220018197777974,0.41087841987609863,0.4109337031841278,true,2
439,0.5488157573062845,0.5490005612373352,0.5508384704589844,true,2
440,0.39669696543886457,0.3938653767108917,0.38260307908058167,true,1
441,0.7263981601336893,0.6506010293960571,0.663468599319458,true,4
443,0.40909603185300386,0.5143543481826782,0.5242931842803955,true,3
444,0.4295518331648696,0.4387153685092926,0.40153470635414124,true,1
446,0.5839969683910062,0.6272550821304321,0.6292500495910645,true,2
447,0.12002879432658846,0.25193163752555847,0.2723560631275177,true,4
448,0.5085722008681544,0.5804116725921631,0.5601540207862854,true,5
452,0.44966935758232524,0.648556113243103,0.6555056571960449,true,4
454,0.3170844656934053,0.45074036717414856,0.44600898027420044,true,4
455,0.40247061221117114,0.3226344585418701,0.35184264183044434,true,4
456,0.2985794684299334,0.33769404888153076,0.33601197600364685,true,2
457,0.7311894684713213,0.7241114377975464,0.7470138072967529,true,4
458,0.11132499408486249,0.18139971792697906,0.18341761827468872,true,4
459,0.5375302612339773,0.6214904189109802,0.62358158826828,true,2
460,0.5979913894677881,0.5228945016860962,0.5255916118621826,true,3
462,0.6756804294886536,0.6435243487358093,0.6556937098503113,true,4
463,0.630055488503922,0.6983475089073181,0.6986752152442932,true,5
464,0.7197280122671146,0.715875506401062,0.7131267786026001,true,2
465,0.3016026221318978,0.33361437916755676,0.33067092299461365,true,5
466,0.29603518544578916,0.2956902086734772,0.3062611222267151,true,4
468,0.6147747218390527,0.612440288066864,0.6091015934944153,true,2
470,0.555872150195505,0.59478759765625,0.5975750684738159,true,2
472,0.647326848062999,0.6928696632385254,0.6892607808113098,true,5
473,0.697541714199587,0.764537513256073,0.7672168016433716,true,2
474,0.37883484640555765,0.6063997745513916,0.6066002249717712,true,3
476,0.3559456354119763,0.3667164146900177,0.3674336373806,true,2
477,0.37625403411323466,0.38324645161628723,0.3769029974937439,true,5
478,0.42265737207707876,0.5834202766418457,0.5515465140342712,true,4
481,0.028357695746282705,0.11804595589637756,0.14211072027683258,true,4
483,0.3274826974609046,0.3986039161682129,0.39647093415260315,true,3
484,0.31742506892091815,0.37154147028923035,0.37120088934898376,true,2
486,0.3809553351804892,0.4733148217201233,0.4864148795604706,true,3
487,0.2690504522116429,0.32499900460243225,0.31930413842201233,true,2
488,0.18654723303958853,0.31321898102760315,0.33030736446380615,true,4
489,0.5888537618714483,0.639580249786377,0.6416289210319519,true,2
490,0.2639860163570178,0.3553954064846039,0.3550569713115692,true,5
491,0.3821037162101618,0.4895802438259125,0.454240083694458,true,1
492,0.4681301150723711,0.416029691696167,0.40446311235427856,true,5
493,0.46042573995682873,0.5581242442131042,0.5376952290534973,true,5
494,0.5083995758060788,0.5314186811447144,0.5366677641868591,true,5
495,0.5736413408383414,0.6217514872550964,0.5087838768959045,true,1
496,0.38591737211095944,0.471134215593338,0.4585098326206207,true,2
497,0.3521656347757404,0.41455793380737305,0.4080768823623657,true,5
500,0.6555447561998189,0.6872731447219849,0.682634711265564,true,1
501,0.2550963360444163,0.2624692916870117,0.26508772373199463,true,3
504,0.40167376748190103,0.4607625901699066,0.4836302399635315,true,4
505,0.1702977532078313,0.17245297133922577,0.17432378232479095,true,3
506,0.7365681934904886,0.7947133779525757,0.7913311719894409,true,1
507,0.49750616523426106,0.3758191168308258,0.37261536717414856,true,4
508,0.39056329525854605,0.26999810338020325,0.26886090636253357,true,2
509,0.268149789245287,0.3530876338481903,0.35072505474090576,true,5
510,0.3953569200403467,0.38679930567741394,0.3937319815158844,true,2
511,0.3660116631375555,0.3707672953605652,0.3705539107322693,true,5
513,0.7473556933852856,0.7176638841629028,0.7221742868423462,true,3
514,0.4128643473911409,0.5269018411636353,0.5497366786003113,true,4
515,0.5832903212164093,0.6626583933830261,0.6621742248535156,true,3
516,0.6341659080539395,0.7433915734291077,0.7699754238128662,true,1
517,0.4502221099577667,0.46877947449684143,0.4632994830608368,true,5
518,0.20102852911192692,0.35140806436538696,0.3193877041339874,true,4
519,0.6201594627942408,0.6237634420394897,0.6141452193260193,true,3
520,0.3583518704007033,0.294920951128006,0.2764057219028473,true,1
522,0.7036728030895499,0.7114566564559937,0.7142519950866699,true,4
523,0.6272915950155381,0.697170078754425,0.7001661062240601,true,5
524,0.635527830369663,0.6584330201148987,0.6582832932472229,true,5
525,0.6219467373228471,0.6975144743919373,0.7034735679626465,true,1
530,0.8109258866467581,0.807504415512085,0.8282235264778137,true,1
531,0.5099472127394289,0.6425520777702332,0.6414521932601929,true,4
532,0.8405370380544739,0.8741424083709717,0.8719533681869507,true,1
533,0.37464923905618613,0.6879697442054749,0.6930221915245056,true,4
534,0.8849602765298314,0.8548639416694641,0.8595219850540161,true,4
535,0.7578625393378846,0.6675297021865845,0.6711310744285583,true,2
537,0.878421781389738,0.8526878952980042,0.8531638383865356,true,1
538,0.8052736773494403,0.7570784091949463,0.7589983940124512,true,3
539,0.3869921712894081,0.3456600308418274,0.3463960587978363,true,4
540,0.5241853080472787,0.5783407092094421,0.5782254338264465,true,5
541,0.48507380028768077,0.7250846028327942,0.737007737159729,true,3
542,0.4582691257696194,0.5198817253112793,0.5170485377311707,true,2
543,0.5873519431283226,0.6413567066192627,0.6412021517753601,true,5
546,0.24512254937614256,0.24796399474143982,0.2474944293498993,true,2
548,0.22664300807819918,0.2194654643535614,0.22342419624328613,true,5
549,0.12294907216966039,0.22262787818908691,0.20691326260566711,true,4
550,0.32143159519359216,0.3048693537712097,0.3068738281726837,true,4
551,0.629756485177975,0.619007408618927,0.6083898544311523,true,1
553,0.49378508843067415,0.4732193946838379,0.4730539917945862,true,5
554,0.386082050566831,0.43202468752861023,0.4313938021659851,true,5
555,0.3946302189530212,0.44284719228744507,0.46196579933166504,true,1
556,0.2288690122734108,0.2194654643535614,0.22342419624328613,true,5
559,0.3350762415203928,0.3688366115093231,0.36982104182243347,true,5
561,0.344725035654169,0.42668208479881287,0.437795490026474,true,1
565,0.36457332258628844,0.3724753260612488,0.3756260871887207,true,5
566,0.18553472964128,0.25079697370529175,0.26392289996147156,true,4
567,0.4464282149046517,0.35548484325408936,0.3442874550819397,true,4
568,0.41486013841571245,0.5066969394683838,0.5120211243629456,true,2
569,0.607664526130216,0.7028488516807556,0.7046659588813782,true,2
570,0.3734720191187094,0.3478485941886902,0.3472946584224701,true,5
571,0.24555201949734357,0.2053866684436798,0.1980760395526886,true,4
572,0.3809056131260656,0.36694765090942383,0.37401294708251953,true,1
573,0.7230780124680445,0.740154504776001,0.7344732284545898,true,3
574,0.49423302078721315,0.4917283356189728,0.48613840341567993,true,5
575,0.3544227133025817,0.5910689830780029,0.5932785272598267,true,4
577,0.45188409527211254,0.637554407119751,0.6447134017944336,true,3
578,0.5145416111302804,0.6112040281295776,0.612322986125946,true,2
579,0.19408496876520626,0.2549508512020111,0.25352510809898376,true,2
582,0.3836933556781166,0.4336142838001251,0.43117672204971313,true,2
583,0.37290994538230615,0.31578975915908813,0.3236456513404846,true,5
584,0.42244778771774705,0.32736265659332275,0.3307962417602539,true,3
585,0.31575784106496785,0.2973748445510864,0.2971614599227905,true,2
587,0.438600941854136,0.4845191538333893,0.4840089976787567,true,2
588,0.320322525332505,0.38564765453338623,0.39245161414146423,true,3
589,0.2717161857718498,0.31397509574890137,0.31388428807258606,true,2
590,0.30529927069137536,0.2591806650161743,0.25371646881103516,true,1
593,0.7342931100906369,0.6333077549934387,0.6834759712219238,true,1
594,0.5982213213595319,0.5268419981002808,0.5216671228408813,true,3
595,0.5759007786059682,0.6190213561058044,0.6193822026252747,true,5
596,0.5916638232400814,0.4589617848396301,0.45634713768959045,true,3
597,0.46833619619154426,0.4982315003871918,0.47333213686943054,true,1
598,0.19585403810886906,0.24433332681655884,0.25079047679901123,true,1
599,0.7464682818462552,0.8118204474449158,0.8108782768249512,true,3
600,0.4606693312669224,0.506716787815094,0.5063294768333435,true,5
601,0.437915090236753,0.48449093103408813,0.4838443100452423,true,3
602,0.39100081087711613,0.399943470954895,0.39994195103645325,true,2
603,0.691237009764253,0.7242013216018677,0.7150835394859314,true,2
604,0.4177596789881858,0.382270485162735,0.33978188037872314,true,1
605,0.35132862315656277,0.3798496127128601,0.37660613656044006,true,2
606,0.6284623495672889,0.5682042837142944,0.5588392019271851,true,4
607,0.48725213592139144,0.6653456091880798,0.6471194624900818,true,4
608,0.41250229659106114,0.6351261138916016,0.6418095827102661,true,3
609,0.425743812802165,0.37407174706459045,0.3741525113582611,true,2
610,0.2682717347646821,0.3923771381378174,0.39091071486473083,true,1
611,0.3764737565035298,0.42660123109817505,0.43697017431259155,true,5
612,0.23756836504263248,0.3747085630893707,0.3275252878665924,true,1
613,0.24419730638558917,0.25717875361442566,0.2555070221424103,true,2
614,0.6783346952777808,0.7961694002151489,0.7992950081825256,true,3
615,0.27507866307084644,0.30751752853393555,0.30725327134132385,true,5
616,0.43072343714088285,0.45628196001052856,0.37157008051872253,true,1
618,0.21996966799709014,0.21286407113075256,0.2129518836736679,true,1
620,0.4177823389152794,0.5220379829406738,0.5214092135429382,true,3
621,0.436542883495446,0.4445800185203552,0.4691101014614105,true,2
622,0.20989216228817084,0.255825400352478,0.2547340989112854,true,2
623,0.6855889508354379,0.7827458381652832,0.7501727342605591,true,4
624,0.3223890101223549,0.3739604651927948,0.3741741180419922,true,2
625,0.4844645665577406,0.6128578186035156,0.6094181537628174,true,3
627,0.29255699959875825,0.34826695919036865,0.34670203924179077,true,2
628,0.32292910275886444,0.16407939791679382,0.18775683641433716,true,4
630,0.7109008248169938,0.7533347010612488,0.7512865662574768,true,5
631,0.6526990934755625,0.6588777899742126,0.6676836013793945,true,5
632,0.6689228412265438,0.7923130989074707,0.7729995250701904,true,2
633,0.6534233946744934,0.62702476978302,0.6379023790359497,true,5
634,0.8237304237930394,0.8955349326133728,0.9063386917114258,true,4
635,0.7159830901906175,0.8163424134254456,0.8321759104728699,true,1
636,0.4465003821164143,0.46451708674430847,0.46661534905433655,true,2
637,0.21228329792757844,0.250583678483963,0.2523850202560425,true,3
638,0.4906961757287279,0.5322561264038086,0.4908352494239807,true,1
639,0.5494618572024799,0.7221339344978333,0.7228260636329651,true,4
640,0.42432469855837146,0.429251492023468,0.42754459381103516,true,5
641,0.21782374742674088,0.24676156044006348,0.24696488678455353,true,2
642,0.2935319861454705,0.3364761173725128,0.33190345764160156,true,2
643,0.4432983946162936,0.521144688129425,0.5408223867416382,true,1
644,0.6343899428183548,0.7545715570449829,0.7454456686973572,true,2
645,0.20098736041321183,0.12808363139629364,0.14917302131652832,true,1
646,0.18868269713344585,0.2037980854511261,0.22745203971862793,true,1
647,0.23370367581149157,0.3461329936981201,0.3413265645503998,true,3
650,0.29112319082573923,0.3059804141521454,0.35543009638786316,true,1
653,0.296978136065052,0.43311363458633423,0.4263581335544586,true,2
654,0.07709572815954248,0.20029179751873016,0.20863011479377747,true,3
655,0.642243243508491,0.710456907749176,0.7734463214874268,true,1
656,0.1960515164394847,0.12511621415615082,0.15293541550636292,true,1
657,0.3468705969504736,0.3756188750267029,0.37694594264030457,true,2
658,0.3838171065589498,0.355631947517395,0.3500453233718872,true,4
659,0.5180540021068356,0.6045817732810974,0.6079809069633484,true,4
660,0.5871624089550825,0.6323255896568298,0.630768895149231,true,3
661,0.4318582262867434,0.5735473036766052,0.5711523294448853,true,3
662,0.6718937349960741,0.6536788940429688,0.6631248593330383,true,3
664,0.5386383335618631,0.603856086730957,0.595209002494812,true,4
665,0.7938930623728091,0.8158162236213684,0.8199036717414856,true,5
666,0.3492970600386757,0.4172435700893402,0.36743006110191345,true,1
667,0.31140987595286906,0.37333768606185913,0.3748258054256439,true,5
668,0.35498718581706684,0.4282241463661194,0.41534629464149475,true,4
669,0.4550435877465527,0.4780963659286499,0.47061601281166077,true,5
670,0.7381656778134998,0.7687212228775024,0.7669763565063477,true,5
671,0.49523604322675524,0.4761587083339691,0.44811227917671204,true,1
672,0.8280871994298338,0.8215827345848083,0.8833107352256775,true,1
674,0.3251617775165262,0.42251312732696533,0.4263206720352173,true,1
675,0.3430738694719831,0.43020474910736084,0.4325190782546997,true,5
676,0.5442557613957604,0.5947737693786621,0.6007212996482849,true,2
677,0.16203945809092865,0.22657246887683868,0.24148517847061157,true,4
678,0.47510078354800067,0.3914649188518524,0.3946688771247864,true,4
679,0.5022039110892589,0.44586995244026184,0.4770285487174988,true,4
680,0.3888754700826119,0.526982843875885,0.5257033109664917,true,3
681,0.6422814409876328,0.578161358833313,0.6003220677375793,true,4
684,0.15224084633117146,0.26544180512428284,0.26566120982170105,true,4
685,0.5693101160819556,0.732469916343689,0.7363553047180176,true,5
686,0.06450587241705664,0.13604862987995148,0.13419215381145477,true,4
687,0.21572423946574545,0.268411248922348,0.2717641592025757,true,2
688,0.33184820656182834,0.35448578000068665,0.35301005840301514,true,3
689,0.6710839063990082,0.7209094762802124,0.7215510606765747,true,5
690,0.5598518592647461,0.6683210134506226,0.6596723794937134,true,4
692,0.4303181847030119,0.5664876699447632,0.5529509782791138,true,3
693,0.7590382072921887,0.807368278503418,0.8038038015365601,true,2
694,0.5141805586013729,0.766428530216217,0.7671021819114685,true,3
696,0.47873384694099785,0.48373615741729736,0.48320272564888,true,5
698,0.8127544557939714,0.8403874635696411,0.8416804075241089,true,1
699,0.45143132664523544,0.5358520746231079,0.5169010162353516,true,4
700,0.5180316275714042,0.510216474533081,0.5932667851448059,true,1
701,0.43776031292661893,0.3654957413673401,0.36196884512901306,true,5
703,0.24051604671806648,0.19637778401374817,0.20660120248794556,true,1
704,0.366189982349188,0.27516284584999084,0.2813495397567749,true,1
706,0.16301152835942023,0.2649077773094177,0.2675324082374573,true,3
707,0.2439811111497066,0.27541255950927734,0.27828171849250793,true,3
708,0.4884838907300727,0.44993576407432556,0.44003352522850037,true,3
710,0.5536424252773567,0.5925629734992981,0.55123370885849,true,1
715,0.603197442997533,0.5768059492111206,0.5766434669494629,true,5
716,0.2526692226751407,0.267817884683609,0.26560431718826294,true,5
717,0.8725264079388778,0.8370471596717834,0.8460256457328796,true,3
718,0.48680670770742857,0.544826090335846,0.5279208421707153,true,4
719,0.2747820523977508,0.22499342262744904,0.21804073452949524,true,3
720,0.5704383261690146,0.7486180663108826,0.7601223587989807,true,4
721,0.48883328537829185,0.6245420575141907,0.6237916946411133,true,5
722,0.627461815419003,0.6269707679748535,0.6315917372703552,true,4
723,0.6369118504270851,0.6911231279373169,0.694372296333313,true,5
724,0.5275463856701353,0.4428597092628479,0.4411616325378418,true,3
725,0.6299420802869398,0.6007891893386841,0.5980300903320312,true,3
726,0.5903583302715572,0.6601024270057678,0.6619079113006592,true,3
727,0.5734987080360767,0.6506369709968567,0.6499677300453186,true,2
728,0.8051689011166563,0.831911563873291,0.8518972992897034,true,4
730,0.430592188146195,0.4468030631542206,0.4358852505683899,true,3
731,0.33817045793267925,0.453436940908432,0.4400066137313843,true,4
732,0.1385030831097008,0.20234666764736176,0.225142702460289,true,4
734,0.725045742065146,0.7152979373931885,0.7147048115730286,true,2
735,0.6241989473417877,0.6193992495536804,0.6349451541900635,true,4
736,0.4081699594486978,0.5140289068222046,0.5014595985412598,true,2
737,0.3774420321887875,0.4274930953979492,0.42900553345680237,true,5
738,0.3792500959217016,0.383350670337677,0.39729660749435425,true,2
739,0.4805370710548596,0.47347500920295715,0.47213661670684814,true,2
740,0.5708518970036787,0.6776028871536255,0.6975306272506714,true,1
741,0.4181913109268573,0.45661404728889465,0.4531940221786499,true,2
742,0.34854524249013286,0.5209564566612244,0.5366700887680054,true,3
743,0.8845942214571523,0.8529466986656189,0.8545324206352234,true,3
744,0.2346043582398345,0.4568288326263428,0.45467105507850647,true,3
746,0.33530739902679435,0.42115628719329834,0.4136062562465668,true,5
748,0.33466108827512053,0.3266953229904175,0.32643187046051025,true,5
749,0.8495055867560483,0.7933627367019653,0.7941566109657288,true,1
750,0.7964413434720408,0.7990735173225403,0.8011131286621094,true,4
751,0.5710888048067849,0.6016965508460999,0.5918442606925964,true,3
752,0.8191672783235967,0.7726211547851562,0.7944229245185852,true,1
753,0.7338932087271225,0.788399875164032,0.7855036854743958,true,1
754,0.5773073943855295,0.6592719554901123,0.6561946272850037,true,2
755,0.4891068438154501,0.5844759345054626,0.5887147188186646,true,3
756,0.716720502140475,0.7466512322425842,0.7962377071380615,true,1
757,0.5166096143877084,0.5125039219856262,0.5161197781562805,true,3
758,0.5142282845215795,0.5379334688186646,0.5387632846832275,true,3
760,0.3855824899663234,0.36528098583221436,0.3616541028022766,true,4
761,0.7561039231560595,0.864583432674408,0.8618242144584656,true,3
763,0.4517914516994018,0.502504825592041,0.5027519464492798,true,2
764,0.38544683407730496,0.3750620186328888,0.37377503514289856,true,1
766,0.4875939317396115,0.5887191295623779,0.573765218257904,true,4
767,0.5126883116314718,0.48793449997901917,0.4749462902545929,true,4
768,0.3887270780411183,0.40271466970443726,0.4031292498111725,true,2
769,0.6082068109038326,0.7005742192268372,0.7368067502975464,true,4
770,0.7599962201911904,0.7801319360733032,0.7868590354919434,true,1
774,0.02842505411255411,0.2496076077222824,0.2412051558494568,true,4
775,0.3814140710486399,0.3987542688846588,0.44338780641555786,true,4
776,0.47660884532669906,0.5567753314971924,0.6330492496490479,true,4
777,0.6938245346530324,0.678096354007721,0.6552171111106873,true,1
780,0.6117426294572326,0.6576235890388489,0.6617655158042908,true,5
782,0.7796260467503996,0.8255375027656555,0.8003345131874084,true,1
785,0.39479892369230446,0.4175494611263275,0.42128676176071167,true,2
786,0.08544343247087646,0.26680266857147217,0.26993295550346375,true,4
792,0.8609731205363134,0.8174008131027222,0.8149735927581787,true,5
793,0.2542502044610017,0.36702683568000793,0.35083189606666565,true,4
796,0.79824143460804,0.7585083246231079,0.73782879114151,true,3
798,0.41180972447085007,0.5301010012626648,0.5274890065193176,true,4
800,0.308611015563383,0.3502766788005829,0.3472939133644104,true,5
801,0.38993610863120215,0.5712079405784607,0.5519384741783142,true,4
804,0.259411339932857,0.45608723163604736,0.4647896885871887,true,4
807,0.8671200146908449,0.8609323501586914,0.8512918949127197,true,1
809,0.6965400226549759,0.4965639114379883,0.6795816421508789,true,1
812,0.6430697032350381,0.8481817245483398,0.8514047265052795,true,3
813,0.5171586970028619,0.4859767556190491,0.4879639744758606,true,2
814,0.7825514802056759,0.8039916157722473,0.8050957918167114,true,1
815,0.625195255828685,0.8055561780929565,0.8079388737678528,true,5
817,0.30007445005602024,0.36574655771255493,0.3646131157875061,true,5
818,0.508992621265465,0.5736707448959351,0.5517885684967041,true,1
820,0.50365851858539,0.555250346660614,0.5549993515014648,true,2
822,0.8043793290258071,0.7943428158760071,0.7904020547866821,true,4
823,0.7029631316707778,0.7458943724632263,0.7418507933616638,true,2
824,0.7788437880315073,0.7709586024284363,0.6956244707107544,true,1
826,0.22604694785012674,0.2926570773124695,0.2892387807369232,true,1
828,0.36365122757662555,0.3725414276123047,0.37832897901535034,true,2
829,0.24362680307508228,0.21442820131778717,0.21894267201423645,true,5
833,0.41337666383586347,0.4614085257053375,0.45863157510757446,true,2
836,0.7962131884793786,0.8262141346931458,0.8393756747245789,true,1
837,0.36239621437791236,0.5642135739326477,0.5569703578948975,true,3
838,0.5178557177553763,0.5957142114639282,0.6108031868934631,true,4
840,0.46905614305871085,0.45990821719169617,0.46154549717903137,true,5
845,0.5524185488421461,0.5963872075080872,0.632041871547699,true,4
846,0.6576068918480751,0.5944745540618896,0.5812445282936096,true,4
847,0.6303349332747736,0.7387427687644958,0.7396795153617859,true,3
848,0.760818733826472,0.8410277366638184,0.8432362079620361,true,5
849,0.7488022818196148,0.7555603981018066,0.7563684582710266,true,2
850,0.5913011526383208,0.6230534315109253,0.622447669506073,true,3
851,0.46314122042923134,0.5406980514526367,0.5382178425788879,true,1
852,0.43649258281139103,0.5554181933403015,0.5572248101234436,true,2
853,0.22111649534411845,0.24676156044006348,0.24790701270103455,true,2
854,0.7775499932749215,0.8222714066505432,0.8138178586959839,true,2
855,0.5061324748998672,0.4205520451068878,0.3891916871070862,true,1
856,0.36322983775170575,0.42647838592529297,0.427590548992157,true,3
858,0.6250966546182347,0.6179284453392029,0.6490396857261658,true,1
862,0.3645925983711325,0.469825804233551,0.4653153419494629,true,2
863,0.23969703444258328,0.24925416707992554,0.2493584305047989,true,5
864,0.18638815351315363,0.3838232755661011,0.364326536655426,true,4
866,0.38160280652419365,0.4568057060241699,0.45450785756111145,true,5
867,0.7381362785236402,0.7170924544334412,0.7241277694702148,true,4
869,0.14926003125849213,0.3305127024650574,0.33368363976478577,true,3
870,0.6204538004683395,0.653559148311615,0.6535667777061462,true,3
871,0.23500350066618492,0.25324496626853943,0.2507232427597046,true,5
872,0.2352177554837952,0.26193955540657043,0.259548544883728,true,2
873,0.4374931271085578,0.4715255796909332,0.4680957794189453,true,5
874,0.3151124333084511,0.38237231969833374,0.36112502217292786,true,1
876,0.434185282450018,0.4292953610420227,0.4304618537425995,true,2
877,0.1727826285758259,0.2564909756183624,0.24682597815990448,true,4
878,0.33327890895582735,0.25423508882522583,0.25332483649253845,true,1
879,0.4084934101690249,0.4766315221786499,0.475043386220932,true,5
881,0.20392241277241271,0.3078148663043976,0.3068561553955078,true,4
882,0.6253753652280704,0.5854257941246033,0.5752016305923462,true,1
883,0.6782138757206383,0.7242570519447327,0.7217118144035339,true,5
885,0.5558950179991556,0.580105185508728,0.5846834778785706,true,2
886,0.20892982170388222,0.21442820131778717,0.21707949042320251,true,5
887,0.41003555039457273,0.6145066618919373,0.6660777926445007,true,5
889,0.3584760345315868,0.20877371728420258,0.22729821503162384,true,1
890,0.23600373848013578,0.3927918076515198,0.39537179470062256,true,3
891,0.34686918755049556,0.1606702357530594,0.15916746854782104,true,3
892,0.6761231212969879,0.6907659769058228,0.7286307215690613,true,1
893,0.4344924487822007,0.49307116866111755,0.4747260510921478,true,1
894,0.6740100491908428,0.6854934692382812,0.6855049133300781,true,1
895,0.3886131651930813,0.42373642325401306,0.4162662625312805,true,5
896,0.28417845458188984,0.42781612277030945,0.42808273434638977,true,3
897,0.4630028212456617,0.6698527932167053,0.6532228589057922,true,4
898,0.6414980538121893,0.7306779026985168,0.7965818047523499,true,1
899,0.598630413912129,0.617235004901886,0.6210554242134094,true,1
900,0.5036825947861977,0.40849873423576355,0.4644048511981964,true,1
901,0.5965516028341404,0.6386144161224365,0.6163015365600586,true,1
902,0.5960566332306384,0.6922034025192261,0.6938789486885071,true,2
904,0.6394434403561088,0.7518788576126099,0.7443726658821106,true,5
905,0.24917155650688053,0.39076417684555054,0.38467445969581604,true,3
906,0.42053905250347795,0.5188314914703369,0.5595206618309021,true,1
908,0.33218819486000817,0.3236541152000427,0.322256863117218,true,5
909,0.5277721828413623,0.6344183683395386,0.6324298977851868,true,2
910,0.7501082134116193,0.7598550319671631,0.7617909908294678,true,5
911,0.7851103761323567,0.7618647813796997,0.7879945635795593,true,1
912,0.5760113788111714,0.6214322447776794,0.6262275576591492,true,2
914,0.3043501714770002,0.35874438285827637,0.3556142747402191,true,5
915,0.47715345843183404,0.5560098886489868,0.552853524684906,true,5
916,0.4454770292550858,0.5462333559989929,0.5446415543556213,true,5
917,0.3360006152946211,0.3204638659954071,0.3213682472705841,true,3
918,0.7736849040283208,0.8132931590080261,0.8145456314086914,true,4
919,0.8709757709957515,0.8542323708534241,0.8554466366767883,true,5
920,0.5238565535061698,0.7076646685600281,0.7299214601516724,true,4
921,0.2007181375635978,0.20835795998573303,0.18068532645702362,true,5
922,0.5345054269680872,0.5863869786262512,0.5678866505622864,true,3
923,0.5354888552461358,0.6443131566047668,0.6342133283615112,true,4
924,0.18669887786614883,0.21539795398712158,0.22249141335487366,true,5
927,0.41606642333508165,0.55592942237854,0.5281157493591309,true,4
928,0.35989090605128476,0.36791232228279114,0.36769962310791016,true,5
930,0.37592865362098754,0.4257011413574219,0.423423707485199,true,5
931,0.3398875702698547,0.3278050124645233,0.3293178677558899,true,2
932,0.18339326161888853,0.10668378323316574,0.13854308426380157,true,1
933,0.6181421867041695,0.6249513626098633,0.6357405781745911,true,2
934,0.60795020097471,0.6124224662780762,0.6113801598548889,true,2
936,0.3491978048222144,0.36470097303390503,0.3633340895175934,true,2
937,0.40980081699200066,0.41600683331489563,0.4140917658805847,true,1
940,0.558949964103974,0.685844361782074,0.6842736005783081,true,2
941,0.5802017228271098,0.4903222620487213,0.5087860226631165,true,4
942,0.6225346270953793,0.751532256603241,0.747180163860321,true,3
943,0.5200018155166033,0.5447847247123718,0.5510047674179077,true,4
944,0.6333416954540252,0.6144590377807617,0.6280911564826965,true,4
945,0.3835133252769215,0.39105188846588135,0.3900107145309448,true,2
946,0.4937193618971083,0.6209959983825684,0.6204027533531189,true,3
947,0.7336243412102739,0.7540412545204163,0.7973276972770691,true,1
948,0.4684577323468536,0.4155861437320709,0.4131343960762024,true,5
949,0.223115870264795,0.34205320477485657,0.33358412981033325,true,3
951,0.5900250753773786,0.5953724384307861,0.6264569163322449,true,1
952,0.43397983067076823,0.46368712186813354,0.47020670771598816,true,5
953,0.4229691830843925,0.43600672483444214,0.4362228810787201,true,5
954,0.41733956269014555,0.49302226305007935,0.4896565079689026,true,5
955,0.3500333291231668,0.34265637397766113,0.34193846583366394,true,2
957,0.2127741475671957,0.33890560269355774,0.33539628982543945,true,3
958,0.14183025519164416,0.2359885424375534,0.2644466161727905,true,4
959,0.34592724970381966,0.368949830532074,0.36769285798072815,true,2
960,0.42399913394735583,0.395282506942749,0.3678262531757355,true,1
961,0.7269969915299691,0.6909810900688171,0.6894140243530273,true,3
962,0.5837271453259204,0.47462624311447144,0.470171719789505,true,4
963,0.5135581285344601,0.444348007440567,0.438716322183609,true,3
967,0.4959031265519892,0.44218018651008606,0.44063034653663635,true,3
968,0.42862527663186867,0.48554694652557373,0.4854435920715332,true,5
969,0.25715257450840484,0.30189868807792664,0.29193341732025146,true,4
970,0.31351307214961116,0.3251379728317261,0.30947795510292053,true,1
971,0.3663611646720187,0.4347033202648163,0.43241602182388306,true,5
973,0.39157950885230774,0.43892401456832886,0.4060174524784088,true,1
974,0.22909652681067566,0.3269100487232208,0.3238270580768585,true,5
975,0.4979855663531555,0.47872641682624817,0.47820788621902466,true,5
976,0.4610562045917455,0.46950092911720276,0.47128060460090637,true,5
977,0.2133752429784213,0.22869081795215607,0.2309640496969223,true,5
979,0.17320998541096624,0.30320993065834045,0.2936851382255554,true,4
980,0.6004628177181491,0.7367730140686035,0.6657301783561707,true,1
982,0.4037575783263865,0.4577989876270294,0.46743088960647583,true,4
984,0.5112352694163843,0.4914760887622833,0.49247872829437256,true,2
985,0.7882412421919031,0.8301275968551636,0.8265540599822998,true,2
986,0.8791682046378804,0.8621821403503418,0.8583390116691589,true,1
987,0.49289842505444037,0.26771607995033264,0.2842450439929962,true,4
988,0.3994957238382548,0.4497167468070984,0.449280709028244,true,3
989,0.7383666418720592,0.7905306816101074,0.8272396326065063,true,4
990,0.5230958807256485,0.6960735321044922,0.7093536853790283,true,5
992,0.5246405808849403,0.5697335600852966,0.5764029026031494,true,1
993,0.3865833566142263,0.4423324167728424,0.43895411491394043,true,2
994,0.6150392648570988,0.7841758131980896,0.789400577545166,true,3
995,0.5658311217820458,0.5927838087081909,0.5962537527084351,true,3
996,0.3593551946184153,0.43981945514678955,0.4321167469024658,true,3
1003,0.49561933838998795,0.5511505603790283,0.5482678413391113,true,5
1004,0.4863228633948612,0.7353438138961792,0.7267902493476868,true,5
1006,0.38919847875771046,0.34584423899650574,0.34908783435821533,true,5
1007,0.21515392434755712,0.2139628380537033,0.20713390409946442,true,5
1008,0.30938936497402075,0.31788140535354614,0.3182050883769989,true,3
1009,0.1696367482211556,0.26484718918800354,0.25665172934532166,true,4
1010,0.4499298702781095,0.5324431657791138,0.5374606251716614,true,1
1011,0.40394919931796397,0.4218798279762268,0.42294004559516907,true,2
1012,0.8205170332864629,0.6839799880981445,0.6829145550727844,true,3
1013,0.7298560053397999,0.6771465539932251,0.6802049875259399,true,2
1015,0.22439355279564757,0.23787908256053925,0.23998525738716125,true,5
1016,0.3911247980334589,0.4113740622997284,0.40904614329338074,true,2
1018,0.7208811671465485,0.7142350673675537,0.7138745188713074,true,3
1019,0.35596940719048986,0.3705226480960846,0.3701174259185791,true,2
1021,0.3351721792372392,0.38049226999282837,0.37765270471572876,true,3
1022,0.1863852285329221,0.22350730001926422,0.22324804961681366,true,2
1024,0.062439141231397016,0.20479944348335266,0.20426782965660095,true,3
1025,0.30943599255791604,0.32702091336250305,0.3294203579425812,true,3
1026,0.5527574998445905,0.5924763679504395,0.5955034494400024,true,5
1028,0.3539142278600773,0.36798033118247986,0.37134313583374023,true,5
1029,0.42741953329815985,0.4695936143398285,0.4690161943435669,true,3
1030,0.42714527961687077,0.3967582881450653,0.39681577682495117,true,2
1031,0.6709884313800917,0.6847646236419678,0.6821719408035278,true,5
1032,0.16521028484230002,0.08609762042760849,0.09875413030385971,true,1
1033,0.1104470704948646,0.20036964118480682,0.18586793541908264,true,4
1034,0.56569162403903,0.5755532383918762,0.5951552987098694,true,1
1035,0.5899065254992112,0.5047177672386169,0.4877612590789795,true,3
1036,0.16169332453322383,0.1944330930709839,0.17232227325439453,true,4
1037,0.4488329889713531,0.5324832797050476,0.5318907499313354,true,2
1038,0.6975033697264962,0.6649937629699707,0.6618448495864868,true,3
1039,0.27922207154214873,0.2913094162940979,0.2941814363002777,true,2
1040,0.15796565545514135,0.22733907401561737,0.22818182408809662,true,5
1041,0.2626398695537185,0.2531195282936096,0.3189525008201599,true,1
1042,0.4237618044492246,0.5077473521232605,0.5066848397254944,true,2
1043,0.4197369585653661,0.43354299664497375,0.4312571585178375,true,5
1044,0.8538658745267911,0.82828688621521,0.8265540599822998,true,2
1045,0.7674514889532896,0.7769246697425842,0.7770507335662842,true,2
1046,0.7113570059572245,0.7540373206138611,0.7567675709724426,true,5
1047,0.5510935468447,0.5631153583526611,0.5500355958938599,true,4
1048,0.31846354340450594,0.5908786058425903,0.5943402647972107,true,3
1049,0.19819251420613393,0.2560538053512573,0.25606945157051086,true,3
1050,0.5021262837218711,0.5801941156387329,0.5756447315216064,true,2
1051,0.44098979440889585,0.6725676655769348,0.7617921233177185,true,1
1052,0.345231916139576,0.4059428572654724,0.4026027321815491,true,2
1055,0.39782300336650134,0.42241016030311584,0.4186892807483673,true,5
1056,0.40680358899861957,0.4129590392112732,0.41490331292152405,true,2
1057,0.3847240127302888,0.29479843378067017,0.30288323760032654,true,4
1058,0.5058886095967153,0.5148577094078064,0.5152713656425476,true,5
1060,0.0785689544373755,0.20984047651290894,0.2295921891927719,true,4
1061,0.7511001127134636,0.7664196491241455,0.7775943279266357,true,1
1062,0.5537460467507153,0.479963481426239,0.4770961403846741,true,3
1065,0.44623434070849305,0.4985395669937134,0.4840550422668457,true,1
1066,0.22105589131213318,0.21279285848140717,0.19478870928287506,true,1
1067,0.27612461097884666,0.34104081988334656,0.3465704619884491,true,2
1068,0.43782089424892123,0.5526849031448364,0.5680947303771973,true,4
1070,0.20334301234838173,0.2479717880487442,0.24920205771923065,true,2
1071,0.5598287297671128,0.6025804281234741,0.5961208343505859,true,3
1072,0.6215199538704426,0.7011162638664246,0.6963757872581482,true,3
1073,0.9313499997461192,0.8439894914627075,0.8457046747207642,true,4
1074,0.2788163142290136,0.34800004959106445,0.30505993962287903,true,1
1078,0.34432932832131763,0.3821902871131897,0.3503453731536865,true,4
1079,0.6209989627010178,0.4369021952152252,0.4343208372592926,true,3
1080,0.4594460982158013,0.47530120611190796,0.4676540493965149,true,5
1083,0.49507094978346466,0.4225754737854004,0.38468626141548157,true,4
1084,0.5548145908134553,0.5279654860496521,0.523491621017456,true,2
1085,0.3449203086510908,0.431627094745636,0.4242876470088959,true,3
1087,0.34271219954764226,0.40840208530426025,0.3974693715572357,true,3
1088,0.6265091025342638,0.6602818965911865,0.6601325273513794,true,5
1089,0.6178821334062626,0.6711538434028625,0.6717107892036438,true,2
1090,0.2730693880413099,0.24198104441165924,0.25557348132133484,true,1
1091,0.40263406984414735,0.32139161229133606,0.32840168476104736,true,1
1092,0.37785898619693625,0.4878810942173004,0.48311394453048706,true,5
1093,0.2738572033240819,0.36914676427841187,0.35732296109199524,true,3
1094,0.2578773677063916,0.3473680317401886,0.34812718629837036,true,5
1096,0.7149200741892667,0.7456192970275879,0.6286242008209229,true,1
1097,0.679668430839216,0.7416208386421204,0.7381933927536011,true,2
1098,0.44434125835093125,0.5296894311904907,0.5290335416793823,true,5
1100,0.6644546908070363,0.6230472326278687,0.6293371319770813,true,5
1101,0.26833407221339756,0.2719487249851227,0.2758215367794037,true,5
1102,0.374100446576527,0.19544564187526703,0.19372758269309998,true,1
1103,0.6203757928487137,0.6647223830223083,0.724403440952301,true,1
1104,0.6772732652972104,0.7349541187286377,0.7373100519180298,true,5
1106,0.6654364683718825,0.8176770210266113,0.8149971961975098,true,3
1109,0.49147178381346074,0.6445658206939697,0.7126449942588806,true,1
1110,0.43665791718585223,0.41550758481025696,0.41568848490715027,true,3
1111,0.5068132758322811,0.4579566419124603,0.462605357170105,true,1
1112,0.6537765634118727,0.7971900701522827,0.8001521825790405,true,3
1113,0.29323974699767025,0.3804326355457306,0.3890868127346039,true,5
1114,0.8481362378734667,0.7236889004707336,0.7096136808395386,true,4
1115,0.6164432873847323,0.6305704712867737,0.632771372795105,true,2
1116,0.6280363002271753,0.6532902717590332,0.6639556288719177,true,1
1118,0.6632502135891784,0.766428530216217,0.7671021819114685,true,3
1120,0.39633156757894356,0.2886675000190735,0.2738901376724243,true,1
1121,0.5563283472096895,0.5814470052719116,0.5837058424949646,true,1
1122,0.6247336169008133,0.6916034817695618,0.6790173649787903,true,3
1123,0.6404655364596207,0.7140263319015503,0.7171462774276733,true,3
1124,0.3522932821814977,0.38428470492362976,0.38304510712623596,true,5
1125,0.627163032010081,0.6201338171958923,0.6291110515594482,true,3
1126,0.7936418726438025,0.7982676029205322,0.7962743639945984,true,2
1127,0.28195933659614913,0.4152264893054962,0.4094277620315552,true,3
1128,0.5691465251223151,0.5614050030708313,0.5624101758003235,true,5
1129,0.6204076423179798,0.6636283993721008,0.659664511680603,true,2
1131,0.5078437010569502,0.5460060238838196,0.5456730127334595,true,2
1132,0.664300866205389,0.6354231238365173,0.6386339068412781,true,2
1134,0.5259748704439096,0.7562204003334045,0.7507193088531494,true,3
1135,0.7365135765290631,0.7157909274101257,0.718024730682373,true,4
1136,0.573790947249569,0.7015078663825989,0.6961158514022827,true,3
1139,0.26800039285695465,0.2762424647808075,0.2680937945842743,true,5
1141,0.23597867659234706,0.40267643332481384,0.39946481585502625,true,3
1143,0.47250048623695823,0.4808415472507477,0.442452073097229,true,4
1144,0.2687385588804483,0.20691795647144318,0.246709942817688,true,1
1145,0.4222641709369585,0.5043354630470276,0.46479329466819763,true,1
1146,0.4178029536734374,0.5206626057624817,0.5208951830863953,true,5
1148,0.8232667651872538,0.6815990805625916,0.6585935950279236,true,4
1149,0.45844389801581414,0.5875018239021301,0.5657737851142883,true,4
1151,0.39528677921646876,0.4677233099937439,0.4599402844905853,true,4
1152,0.24605020270477823,0.35774415731430054,0.34957632422447205,true,3
1154,0.7043974506022757,0.7573146820068359,0.7464272379875183,true,3
1155,0.6844791088044468,0.6722092628479004,0.6604989171028137,true,3
1156,0.5424882511050894,0.48252996802330017,0.4920700788497925,true,2
1157,0.5388888576015993,0.5441257357597351,0.5513030886650085,true,5
1158,0.7787677121526747,0.8264941573143005,0.83336341381073,true,2
1159,0.538659572344306,0.5939818620681763,0.6009990572929382,true,2
1160,0.6297949194849547,0.5754240155220032,0.5968866348266602,true,4
1161,0.6566948997725699,0.6844058632850647,0.6929816007614136,true,4
1162,0.27203581641032415,0.5165297985076904,0.511651337146759,true,3
1163,0.04523857315976055,0.18761053681373596,0.18960809707641602,true,3
1164,0.6222300045563235,0.6538785099983215,0.6476017236709595,true,4
1165,0.5540283871616609,0.5801988840103149,0.5920974612236023,true,5
1166,0.5709715999419356,0.5980052351951599,0.6023229360580444,true,2
1167,0.4218916267851905,0.45419275760650635,0.45613226294517517,true,2
1168,0.5433996877071521,0.5200187563896179,0.520611047744751,true,3
1169,0.3690640845499011,0.35400524735450745,0.3519716262817383,true,2
1170,0.3258750817166851,0.38211169838905334,0.38078686594963074,true,3
1171,0.4002003584203397,0.45020952820777893,0.44571661949157715,true,5
1173,0.4503614605202968,0.38588669896125793,0.38886383175849915,true,3
1174,0.26169465411225284,0.1622646600008011,0.19086679816246033,true,1
1175,0.14178987462803422,0.3972582519054413,0.3854646384716034,true,4
1176,0.37281396156210705,0.33848026394844055,0.34339195489883423,true,1
1177,0.7281175644009654,0.7621309161186218,0.7668063640594482,true,5
1179,0.38776131467209746,0.45216408371925354,0.4494582712650299,true,2
1180,0.4030515832605206,0.4508346915245056,0.46297991275787354,true,4
1181,0.7918664628903344,0.8373225331306458,0.8343282341957092,true,3
1182,0.5292809940155528,0.6573290824890137,0.6512853503227234,true,3
1184,0.374043799718731,0.4722513258457184,0.4839046001434326,true,4
1185,0.5832325569866792,0.8419718146324158,0.8282064199447632,true,2
1186,0.257194604959311,0.2782423198223114,0.2758416533470154,true,4
1188,0.441854401647096,0.6870952248573303,0.6536139249801636,true,4
1189,0.41207045414333615,0.67783123254776,0.665797233581543,true,4
1190,0.5347372799289161,0.338661789894104,0.3324960470199585,true,3
1192,0.2765431681074306,0.2846204936504364,0.2784218192100525,true,4
1193,0.33188088756494843,0.33654698729515076,0.3449651002883911,true,1
1194,0.234335648760438,0.30553555488586426,0.3087970018386841,true,3
1195,0.7858840993298211,0.7660754323005676,0.7714579701423645,true,3
1196,0.5905607204125266,0.4369021952152252,0.4343208372592926,true,3
1197,0.27965051874939556,0.2682584524154663,0.24712346494197845,true,1
1198,0.517796424244683,0.5504405498504639,0.5482428669929504,true,5
1199,0.3431862294426735,0.4455692768096924,0.4448997676372528,true,3
1200,0.2375783860454489,0.19084133207798004,0.1781979203224182,true,1
1201,0.7321353545081193,0.7488887310028076,0.7449318766593933,true,2
1202,0.715448317202297,0.7021958231925964,0.7036300301551819,true,3
1204,0.21134090785501164,0.18077635765075684,0.2237386256456375,true,1
1205,0.7823583704412355,0.8267650008201599,0.8296244144439697,true,2
1207,0.7884468917992915,0.8410495519638062,0.8421893119812012,true,4
1208,0.6358966466495986,0.6346065402030945,0.6355528831481934,true,5
1210,0.539263355744261,0.5195516347885132,0.4957728683948517,true,1
1212,0.5344999751403258,0.5675729513168335,0.5684860348701477,true,5
1214,0.6953181582664343,0.6868416666984558,0.6892292499542236,true,2
1215,0.7588072961184299,0.7197859287261963,0.7239770293235779,true,2
1216,0.34178669468214923,0.4117119610309601,0.4148312211036682,true,2
1217,0.6456618266380072,0.7632908225059509,0.7991100549697876,true,4
1218,0.33690689856093703,0.40474534034729004,0.38998085260391235,true,1
1219,0.34211196265673505,0.3084093928337097,0.3103626072406769,true,5
1222,0.41709737651614914,0.5272863507270813,0.5759729146957397,true,4
1223,0.3421956247623505,0.48391708731651306,0.4835461974143982,true,3
1224,0.7252788592118844,0.727960467338562,0.7370618581771851,true,3
1225,0.2144603733411869,0.3459304869174957,0.365456223487854,true,4
1226,0.6919086945814082,0.7066145539283752,0.6982102990150452,true,2
1228,0.12799545053757144,0.22160904109477997,0.21975161135196686,true,3
1229,0.627844022557253,0.7104267477989197,0.7137148380279541,true,3
1230,0.6303011658438644,0.6810824275016785,0.6802939176559448,true,2
1231,0.2371796046425253,0.35687923431396484,0.36453136801719666,true,3
1232,0.2187585125628314,0.23962390422821045,0.2398981750011444,true,3
1233,0.2300058533592237,0.373074471950531,0.34582284092903137,true,4
1234,0.1877490599249981,0.23295213282108307,0.23136545717716217,true,2
1235,0.5068253150812881,0.6356983780860901,0.6220267415046692,true,4
1236,0.2402634259433554,0.45737120509147644,0.4424929916858673,true,4
1237,0.5591232910717471,0.5741057395935059,0.5760992169380188,true,2
1238,0.6670937586676327,0.661444902420044,0.7017423510551453,true,1
1239,0.38910418823048265,0.45264190435409546,0.4452638030052185,true,1
1240,0.4578754814039668,0.5407420992851257,0.5396838784217834,true,5
1241,0.552788947757969,0.5680258870124817,0.5629361867904663,true,5
1242,0.5688860043775603,0.5879170298576355,0.5875027179718018,true,2
1243,0.5772701121159084,0.647898256778717,0.6539837718009949,true,2
1244,0.43065133143113726,0.44359880685806274,0.44304439425468445,true,2
1245,0.485513138545835,0.5521978735923767,0.5355892777442932,true,4
1246,0.34891183196105724,0.5112011432647705,0.5104900002479553,true,3
1247,0.5387415558026751,0.5005818605422974,0.4575560688972473,true,1
1252,0.21838046205820433,0.3518170714378357,0.3550359010696411,true,3
1253,0.2862541175088876,0.4525189995765686,0.47429364919662476,true,4
1254,0.47150137722410157,0.5742449164390564,0.5757501125335693,true,2
1256,0.11878665744239625,0.2261551469564438,0.22806960344314575,true,3
1257,0.18063548759042095,0.1948612928390503,0.18386533856391907,true,1
1258,0.35258541851244396,0.3236144781112671,0.3642904460430145,true,1
1259,0.3029112135391066,0.22507184743881226,0.2255919873714447,true,3
1260,0.33195391938264085,0.33295324444770813,0.34396931529045105,true,1
1261,0.47424846721335234,0.4568374752998352,0.44321659207344055,true,4
1265,0.2987961824530313,0.3224526047706604,0.31951993703842163,true,2
1266,0.4673157671880284,0.4805319607257843,0.4772416353225708,true,5
1268,0.14499900314683598,0.34819135069847107,0.35795193910598755,true,4
1269,0.7396761621832897,0.7415955066680908,0.739247739315033,true,4
1270,0.38615944384243533,0.43655550479888916,0.43123528361320496,true,5
1271,0.30229611212541796,0.4166177809238434,0.39295047521591187,true,1
1272,0.340363372669642,0.520000696182251,0.5173287987709045,true,4
1275,0.43353337356099536,0.49068835377693176,0.4947563707828522,true,5
1276,0.5280625188170993,0.5971205234527588,0.5898547172546387,true,1
1277,0.5410819095295428,0.5848085880279541,0.5889497399330139,true,5
1278,0.24139270595207227,0.20417077839374542,0.22907181084156036,true,1
1279,0.5711224371408624,0.5662786364555359,0.5720841884613037,true,1
1280,0.764846343870278,0.7615427374839783,0.7584746479988098,true,4
1281,0.525943697095446,0.58855801820755,0.5876556634902954,true,3
1282,0.5875823699626928,0.5787050127983093,0.5752697587013245,true,4
1283,0.46399808853042623,0.5119418501853943,0.511210560798645,true,3
1284,0.1376407371223548,0.32424238324165344,0.28897032141685486,true,4
1285,0.3778392548914222,0.5071019530296326,0.5345317721366882,true,4
1286,0.5136746411125049,0.48194369673728943,0.48182421922683716,true,5
1287,0.6384670669683069,0.7292432188987732,0.742786705493927,true,5
1290,0.44101643793613526,0.4845055937767029,0.49381399154663086,true,1
1291,0.15740092260561994,0.2821681797504425,0.2600468695163727,true,4
1292,0.6323795176133563,0.619904100894928,0.6117085814476013,true,1
1293,0.6200045395309555,0.7186055183410645,0.7168451547622681,true,2
1294,0.23935172715123407,0.22758294641971588,0.2338411509990692,true,5
1295,0.29072960297458467,0.33275699615478516,0.33473750948905945,true,5
1297,0.5022310667502153,0.5311229825019836,0.5339999794960022,true,2
1298,0.49899511758158516,0.5131791234016418,0.5069955587387085,true,2
1299,0.36140043957866314,0.41908204555511475,0.4379967451095581,true,4
1300,0.6404923479046871,0.7274446487426758,0.6980396509170532,true,1
1301,0.20434072671170533,0.33888840675354004,0.32227781414985657,true,4
1302,0.6631055160691497,0.7310455441474915,0.7294782400131226,true,5
1304,0.7440978779203062,0.7507944703102112,0.7414454221725464,true,4
1305,0.5184364651835432,0.562753438949585,0.5633276700973511,true,5
1306,0.45956562101841425,0.47019457817077637,0.47613850235939026,true,5
1307,0.619969951739157,0.642175018787384,0.6412287950515747,true,4
1308,0.6049916218325283,0.6569825410842896,0.6271031498908997,true,1
1309,0.657993509872767,0.7283890843391418,0.7337757349014282,true,3
1310,0.7808751484228668,0.8148510456085205,0.7847793102264404,true,4
1312,0.6594862826650592,0.6767431497573853,0.6761059761047363,true,2
1313,0.3684492066683407,0.42967602610588074,0.42908111214637756,true,2
1314,0.13478844319688477,0.22317782044410706,0.23170748353004456,true,4
1315,0.3477948027119082,0.2729443907737732,0.2712268829345703,true,4
1316,0.32055878989621106,0.32834282517433167,0.32529476284980774,true,5
1317,0.5847797236970027,0.5937203168869019,0.5891979336738586,true,3
1318,0.2599943164813946,0.3516964018344879,0.34979286789894104,true,1
1319,0.7404828002919364,0.6435845494270325,0.6519694328308105,true,4
1320,0.7446244782960707,0.8025521636009216,0.7849945425987244,true,1
1321,0.6192976925278041,0.6214904189109802,0.62358158826828,true,2
1323,0.26978251098030914,0.45190778374671936,0.47170886397361755,true,3
1324,0.23344203068332853,0.2064119130373001,0.2074873298406601,true,5
1326,0.4960038579364952,0.677562952041626,0.6652193069458008,true,4
1327,0.7189530721185782,0.8995022773742676,0.9103002548217773,true,5
1328,0.42259730109072224,0.5992099046707153,0.6154667735099792,true,4
1331,0.6261609189932108,0.704428493976593,0.7042899131774902,true,5
1332,0.6383404076758888,0.626387357711792,0.6259652376174927,true,2
1337,0.6212962908821248,0.6849746704101562,0.694059431552887,true,4
1338,0.38846566188418763,0.3450801968574524,0.3505741357803345,true,1
1339,0.5176544841354936,0.5969816446304321,0.5958814024925232,true,2
1342,0.6658907866433214,0.6312531232833862,0.630834698677063,true,3
1344,0.5641002408037896,0.68612140417099,0.6728937029838562,true,5
1345,0.5758697498507074,0.6353087425231934,0.6422622799873352,true,3
1346,0.6491329063019474,0.6290110945701599,0.6295828223228455,true,3
1347,0.34229311691635145,0.42052409052848816,0.41761019825935364,true,2
1348,0.4460106221970005,0.5250719785690308,0.5247329473495483,true,2
1349,0.462352357040513,0.4846266508102417,0.495639830827713,true,5
1350,0.5136620097802136,0.6419000029563904,0.6478512287139893,true,2
1351,0.389008275126819,0.5031399130821228,0.5038176774978638,true,4
1352,0.2750169307053374,0.31694987416267395,0.3197280764579773,true,5
1353,0.382273114174971,0.4075782001018524,0.40409499406814575,true,5
1354,0.8208588107378274,0.8087204098701477,0.852213442325592,true,1
1355,0.3852271093673307,0.396565318107605,0.3973388671875,true,3
1356,0.32892053221116674,0.4552091062068939,0.5218157768249512,true,4
1357,0.5729639284052745,0.6658512353897095,0.6384669542312622,true,4
1358,0.2267522845779055,0.17240479588508606,0.21253222227096558,true,4
1359,0.4148717461019337,0.6643927097320557,0.6673520803451538,true,3
1360,0.5232801836235079,0.6289080381393433,0.6278404593467712,true,2
1361,0.36634367002311974,0.40045592188835144,0.40379923582077026,true,2
1362,0.24992003756985798,0.2784683406352997,0.2612794041633606,true,1
1364,0.3372374281373793,0.3105781376361847,0.3103626072406769,true,5
1365,0.4266156929520881,0.4352547824382782,0.43296679854393005,true,5
1366,0.75356524745769,0.8055329918861389,0.8068683743476868,true,5
1367,0.5031452070375445,0.43623676896095276,0.4163120687007904,true,4
1368,0.9199235795609088,0.904596745967865,0.9036843180656433,true,1
1369,0.9159957250353711,0.8877976536750793,0.8858628869056702,true,1
1370,0.9072953501852816,0.8353139758110046,0.8380206823348999,true,3
1372,0.6729998156620641,0.6699966192245483,0.6095295548439026,true,4
1375,0.6160383797496967,0.5207492113113403,0.5055604577064514,true,1
1376,0.6760988228893277,0.7362826466560364,0.734496533870697,true,2
1377,0.42349091975835434,0.681095540523529,0.6725314259529114,true,3
1378,0.4107051572010594,0.3940436542034149,0.3929351270198822,true,2
1379,0.48679405653195146,0.6252045631408691,0.6225082278251648,true,3
1380,0.513965625698653,0.31874722242355347,0.32306796312332153,true,4
1381,0.7318815095306005,0.7264592051506042,0.7274335622787476,true,5
1382,0.3395421803885065,0.4333633780479431,0.40923240780830383,true,4
1383,0.4813886377191268,0.6735723614692688,0.6823972463607788,true,2
1386,0.35604625998320755,0.35046693682670593,0.35046088695526123,true,1
1387,0.25672326281056157,0.2339339554309845,0.2415493279695511,true,5
1388,0.3358093570093576,0.2936915457248688,0.29232683777809143,true,5
1389,0.30057602627663504,0.502153217792511,0.5233842730522156,true,5
1390,0.19340779719335974,0.2013527750968933,0.19892407953739166,true,3
1391,0.21969090052623716,0.3043504059314728,0.308771550655365,true,2
1392,0.6069485702140921,0.7350502610206604,0.7740650773048401,true,4
1393,0.6806179700201713,0.72093665599823,0.720503568649292,true,3
1394,0.623667185989503,0.7322742938995361,0.7097615003585815,true,1
1395,0.29677758440076213,0.3298121392726898,0.3295378088951111,true,5
1396,0.32829904735018833,0.37069302797317505,0.3662450909614563,true,5
1397,0.44325883615257544,0.46383023262023926,0.47536733746528625,true,5
1399,0.21824001767925919,0.20211580395698547,0.19495072960853577,true,4
1403,0.4525126728335852,0.38926535844802856,0.38799747824668884,true,4
1404,0.6064589161062627,0.6187196373939514,0.6206899881362915,true,2
1405,0.5621429847427218,0.5966931581497192,0.6023408770561218,true,2
1406,0.24728658598874087,0.28594639897346497,0.28839921951293945,true,5
1408,0.6222068433820637,0.7501304149627686,0.7529705166816711,true,4
1409,0.4172494655684671,0.6335017085075378,0.5821322798728943,true,1
1410,0.5925369877504576,0.7369261980056763,0.736626386642456,true,5
1411,0.8453608921044126,0.9088038206100464,0.9084597229957581,true,5
1414,0.7667518652120038,0.7534291744232178,0.7458897829055786,true,5
1415,0.5307866287218308,0.5678727626800537,0.5638070106506348,true,2
1416,0.3556597239691278,0.5263092517852783,0.5079700350761414,true,4
1417,0.5835443224256661,0.605693519115448,0.6046447157859802,true,2
1418,0.6838753003584493,0.804844319820404,0.8053739070892334,true,2
1419,0.39016970306723187,0.37646788358688354,0.37610694766044617,true,2
1420,0.46077657978897896,0.4042685627937317,0.4490645229816437,true,4
1421,0.11913194675694676,0.2019864171743393,0.2181052267551422,true,4
1422,0.24084602292381763,0.26026004552841187,0.2585866153240204,true,2
1423,0.6560465480013383,0.6978018283843994,0.7145423889160156,true,1
1424,0.6148306840196716,0.6008903980255127,0.5957919955253601,true,1
1426,0.5882299990601073,0.6459872126579285,0.6811387538909912,true,4
1427,0.3736150134442282,0.5354560017585754,0.524564266204834,true,1
1429,0.49591666794510203,0.6298651099205017,0.64105623960495,true,5
1430,0.4677648823614004,0.5335353016853333,0.533455491065979,true,2
1431,0.46272832290277477,0.48459383845329285,0.4816906452178955,true,2
1432,0.6505986573123156,0.7190999984741211,0.718461811542511,true,5
1433,0.4410242947274226,0.5228266716003418,0.5203956961631775,true,2
1434,0.3875789504700796,0.5425969362258911,0.5702698826789856,true,4
1435,0.30269552358116586,0.5475363731384277,0.5764214396476746,true,4
1436,0.48012548749659245,0.3093920648097992,0.3039853870868683,true,3
1438,0.468391741954753,0.49463990330696106,0.4891989827156067,true,5
1439,0.49917716334418555,0.462790846824646,0.46246305108070374,true,2
1440,0.856388078154145,0.9165903925895691,0.9277231097221375,true,4
1441,0.2717514504635479,0.2840544283390045,0.2822340130805969,true,5
1442,0.514753167860572,0.4890069365501404,0.48814648389816284,true,2
1443,0.23708676496737172,0.3078705072402954,0.3098125457763672,true,5
1444,0.43355076935729286,0.4909403324127197,0.48711860179901123,true,4
1445,0.6460208589266547,0.8176352977752686,0.8181242346763611,true,4
1446,0.6607149030034644,0.6240363717079163,0.730768620967865,true,1
1447,0.428350647232018,0.47776541113853455,0.47582098841667175,true,5
1452,0.5047719604523223,0.48736679553985596,0.4866262972354889,true,2
1456,0.6377134124737506,0.6850630044937134,0.7105377912521362,true,1
1457,0.6024448754261655,0.6377167701721191,0.6810629963874817,true,1
1459,0.43852259657201037,0.5293291211128235,0.5027296543121338,true,1
1460,0.44402893895253215,0.5117446184158325,0.5092723965644836,true,1
1461,0.4546851971055007,0.4774669408798218,0.48220527172088623,true,2
1462,0.6092661969018708,0.6192784905433655,0.5886147618293762,true,1
1463,0.5991196542065418,0.6669113636016846,0.6665472984313965,true,3
1464,0.7484543252229703,0.5192121863365173,0.5178957581520081,true,3
1465,0.48475344267919873,0.5441104769706726,0.5461557507514954,true,2
1466,0.38586855073362564,0.3921622633934021,0.39232906699180603,true,5
1467,0.533176613582486,0.4832197427749634,0.47860097885131836,true,5
1468,0.5160771851412957,0.491216242313385,0.5083099603652954,true,4
1469,0.5744369077382331,0.4376562833786011,0.43634703755378723,true,3
1470,0.6022642074428651,0.6652341485023499,0.6830992698669434,true,1
1472,0.4331976249455737,0.4552057385444641,0.431497722864151,true,4
1473,0.42376035501735954,0.4467465877532959,0.448344886302948,true,4
1474,0.2906656304783209,0.33890560269355774,0.3332018554210663,true,3
1476,0.5568210892100552,0.6884024739265442,0.6929493546485901,true,5
1477,0.49915941764770677,0.6189554333686829,0.6266669034957886,true,4
1478,0.45723383080403535,0.5395532846450806,0.5158215165138245,true,4
1479,0.32750366745722465,0.38679930567741394,0.38922369480133057,true,2
1480,0.4789477217945506,0.60635906457901,0.6050133109092712,true,5
1481,0.4268522344163715,0.5523557662963867,0.5427783131599426,true,4
1483,0.5372069348010349,0.4478076100349426,0.4978288412094116,true,1
1485,0.6116265639331424,0.5351303815841675,0.5465241074562073,true,4
1486,0.7727946976286326,0.7565862536430359,0.7373419404029846,true,1
1487,0.48504526280897403,0.5497345924377441,0.5562350749969482,true,4
1489,0.4774417092928614,0.5255348682403564,0.5309854745864868,true,5
1490,0.5448017611280729,0.5889108777046204,0.5884650945663452,true,2
1491,0.09624775632863868,0.17548342049121857,0.17459514737129211,true,4
1492,0.7548812973710239,0.8186368942260742,0.7730920314788818,true,1
1493,0.7376014153234262,0.7415013909339905,0.7420841455459595,true,2
1494,0.175200170525696,0.230612114071846,0.2345045804977417,true,3
1495,0.20121602815473957,0.29570111632347107,0.29726168513298035,true,4
1496,0.45199661957799653,0.49547022581100464,0.49089911580085754,true,3
1497,0.30257802861408256,0.37248149514198303,0.365093469619751,true,3
1498,0.4920999132830473,0.4881497919559479,0.4842775762081146,true,3
1500,0.4124104932157027,0.43774038553237915,0.4390801191329956,true,2
1502,0.3130448641582999,0.3761814832687378,0.37228649854660034,true,3
1504,0.44426129289097555,0.4926144778728485,0.4543375074863434,true,4
1505,0.25594251229773746,0.26426953077316284,0.2640906274318695,true,2
1506,0.3354144860504158,0.3304930627346039,0.32949817180633545,true,2
1507,0.29739167420038076,0.3237788677215576,0.3235235810279846,true,3
1509,0.6302604143915386,0.6636784076690674,0.6633017659187317,true,5
1510,0.687000004090458,0.7219479084014893,0.7443429231643677,true,1
1512,0.21625599528530987,0.23804320394992828,0.23529712855815887,true,3
1513,0.46118167493834633,0.35141000151634216,0.3644019067287445,true,4
1515,0.6301492583786424,0.600770115852356,0.6582311391830444,true,1
1516,0.417253375365688,0.4619220495223999,0.46128469705581665,true,2
1517,0.36592765039869724,0.19373729825019836,0.1913159042596817,true,1
1518,0.6493896544994356,0.6898892521858215,0.6919134855270386,true,5
1520,0.7562523090388815,0.7509768605232239,0.753126323223114,true,2
1521,0.7660400234853613,0.7616398930549622,0.7633435726165771,true,1
1522,0.49882284598493354,0.5566579103469849,0.5559733510017395,true,3
1523,0.251020972448604,0.42914509773254395,0.435813307762146,true,4
1524,0.20358947751688194,0.3269694447517395,0.3183881640434265,true,4
1525,0.8780812185191678,0.8120169639587402,0.84733647108078,true,1
1526,0.5058344326066614,0.6777709126472473,0.6710257530212402,true,4
1527,0.5092922248144537,0.6777709126472473,0.6710257530212402,true,4
1528,0.5338410253837733,0.5865558981895447,0.5356552600860596,true,1
1529,0.4882579550496452,0.4659983515739441,0.47158193588256836,true,5
1530,0.5184466410551157,0.5605413317680359,0.5588257908821106,true,2
1533,0.4178040791215962,0.3682016134262085,0.34419429302215576,true,4
1534,0.5651335464580179,0.4773290753364563,0.48880428075790405,true,3
1535,0.2586010310345175,0.29110458493232727,0.28999748826026917,true,5
1536,0.5229446858023774,0.48343947529792786,0.4948500990867615,true,1
1537,0.5685036155715821,0.5501235127449036,0.5496327877044678,true,2
1538,0.2826855161506605,0.2418498694896698,0.24406301975250244,true,1
1539,0.35586150297880137,0.31162941455841064,0.319269061088562,true,5
1540,0.4681749942988079,0.5673485994338989,0.569952666759491,true,3
1541,0.48363271298059685,0.5263363122940063,0.5180240273475647,true,2
1542,0.46899144676162813,0.569801926612854,0.5649434328079224,true,1
1543,0.745353230329953,0.7785874605178833,0.7671558856964111,true,3
1544,0.5425089443246773,0.550947368144989,0.5426325798034668,true,2
1545,0.6707044249536227,0.6929751634597778,0.7055712938308716,true,5
1546,0.7081084562367458,0.8503861427307129,0.8602796792984009,true,4
1547,0.5743224124209789,0.710349440574646,0.6976422071456909,true,5
1548,0.7073770409178883,0.8156561851501465,0.8032225966453552,true,4
1549,0.7476872399983694,0.8811277747154236,0.8696757555007935,true,5
1550,0.42795492272175684,0.5155467987060547,0.6814787983894348,true,4
1551,0.6001168976186182,0.6003386378288269,0.6001793146133423,true,5
1552,0.634453819231761,0.7088241577148438,0.6741300225257874,true,1
1553,0.8795249050022856,0.9065961241722107,0.8911989331245422,true,2
1554,0.7188245022279279,0.6868308782577515,0.7233812212944031,true,1
1556,0.35011587766145835,0.36071866750717163,0.3679841458797455,true,2
1557,0.6876988763544208,0.643558144569397,0.6465171575546265,true,5
1558,0.8165638349109634,0.6418198943138123,0.6566582322120667,true,4
1559,0.5976766062868868,0.6264536380767822,0.6259235739707947,true,5
1560,0.5268575192892642,0.5863213539123535,0.5854175686836243,true,2
1561,0.680896582359638,0.6151204705238342,0.6195042729377747,true,4
1562,0.6143671466637318,0.6207150816917419,0.6609990000724792,true,1
1564,0.7608198254285771,0.7861225605010986,0.7896901965141296,true,2
1565,0.7575019249616698,0.8436194658279419,0.8431476950645447,true,2
1566,0.7234155670857113,0.7554193139076233,0.7457870841026306,true,1
1567,0.707488075753528,0.7480242252349854,0.7522479891777039,true,3
1568,0.5876938345219184,0.6323003172874451,0.5972398519515991,true,1
1569,0.6464174103062961,0.5889257788658142,0.551418125629425,true,1
1570,0.29172844993507246,0.47339528799057007,0.45917809009552,true,4
1571,0.6291128442880382,0.6405897736549377,0.6393857598304749,true,3
1573,0.8582410458001664,0.8539857268333435,0.8456131219863892,true,4
1574,0.3679066239929459,0.2886076867580414,0.29759112000465393,true,3
1576,0.3240790908437969,0.25782352685928345,0.27174246311187744,true,4
1577,0.5963537343035596,0.609106719493866,0.6376135349273682,true,4
1578,0.8087902596452927,0.7349072694778442,0.7364339828491211,true,2
1579,0.8745271041285752,0.82828688621521,0.8265540599822998,true,2
1580,0.534103815926563,0.6652464866638184,0.6611554622650146,true,2
1581,0.6111205652015962,0.5671639442443848,0.570866584777832,true,4
1582,0.5525441764725989,0.6214904189109802,0.62358158826828,true,2
1583,0.877097580479456,0.852593183517456,0.8538186550140381,true,5
1584,0.7523241085151136,0.8208270072937012,0.8235708475112915,true,5
1585,0.42509687039550736,0.4404701590538025,0.439725399017334,true,5
1587,0.3193071685290944,0.40297800302505493,0.3949276804924011,true,5
1588,0.8229149140037458,0.8879668712615967,0.8684788942337036,true,1
1589,0.4019145099581344,0.48752087354660034,0.48506659269332886,true,2
1590,0.4780274251699775,0.5826495885848999,0.5803815722465515,true,2
1591,0.8503088624217114,0.8415647745132446,0.8382388353347778,true,2
1592,0.31936826913909394,0.5877628326416016,0.590793788433075,true,3
1593,0.6070032950833307,0.6916475296020508,0.6936653852462769,true,5
1594,0.5272572950755144,0.4565379023551941,0.48301613330841064,true,1
1595,0.5380851255786303,0.5581506490707397,0.5379711389541626,true,3
1596,0.4940677320718349,0.5166186094284058,0.531278669834137,true,4
1597,0.46937709241253217,0.5181297659873962,0.5214755535125732,true,5
1598,0.5088133113863473,0.5547128319740295,0.6077892184257507,true,1
1599,0.6511877412149295,0.6606763005256653,0.659396231174469,true,1
1601,0.5497456926457801,0.5765037536621094,0.5749115347862244,true,3
1602,0.7699353584541062,0.880604088306427,0.8761019706726074,true,5
1603,0.544147142987976,0.660429060459137,0.6596776843070984,true,5
1604,0.412197635493018,0.4798842966556549,0.5021154284477234,true,4
1605,0.6732257054420682,0.7438398003578186,0.7429752349853516,true,2
1606,0.12855563117747257,0.2838619649410248,0.2881797254085541,true,3
1607,0.6650202106583444,0.7272547483444214,0.7310106158256531,true,5
1608,0.4923161793615586,0.46308720111846924,0.46516650915145874,true,2
1609,0.6390945930365495,0.7763294577598572,0.779207706451416,true,2
1610,0.7838391542024294,0.786752462387085,0.7882843017578125,true,5
1611,0.799850524652888,0.7920735478401184,0.7919176816940308,true,3
1613,0.6410229735795305,0.7221705317497253,0.7296209335327148,true,3
1615,0.6651557499509652,0.7951014637947083,0.7965427041053772,true,2
1616,0.5364851534186881,0.5561286807060242,0.5573506951332092,true,2
1618,0.5702673793332135,0.6698329448699951,0.6745367050170898,true,2
1619,0.7696082381857312,0.7717345356941223,0.7735127210617065,true,3
1621,0.531181897591681,0.5936729907989502,0.5957231521606445,true,3
1622,0.7311506062388612,0.7570748329162598,0.7772311568260193,true,4
1623,0.7115764401380986,0.7357049584388733,0.7199004888534546,true,4
1624,0.5254800991991,0.6967722177505493,0.6925289630889893,true,2
1625,0.3574691227749037,0.5298382043838501,0.5367656350135803,true,4
1626,0.7133647126212515,0.7714388370513916,0.769518256187439,true,5
1629,0.43828737979504895,0.4739196002483368,0.48232096433639526,true,3
1630,0.4234218725639509,0.5718162655830383,0.5234519243240356,true,1
1631,0.6464365380098644,0.6010698676109314,0.6009092926979065,true,5
1632,0.5223427575644269,0.6117655038833618,0.6165119409561157,true,5
1633,0.41314062572685395,0.5027167797088623,0.4887492060661316,true,1
1634,0.8196927654685555,0.8185685873031616,0.8168326020240784,true,2
1635,0.6064271439040113,0.7322073578834534,0.7500158548355103,true,4
1636,0.47086894902511645,0.5620697736740112,0.5643907785415649,true,5
1637,0.5581638275073781,0.6026828289031982,0.6035890579223633,true,5
1638,0.4785307125433265,0.5881723165512085,0.5876958966255188,true,3
1639,0.4699030295848415,0.5310961008071899,0.5302128791809082,true,3
1642,0.7293801999575606,0.5225463509559631,0.5831413865089417,true,1
1643,0.5505337723431194,0.6001549363136292,0.5997648239135742,true,2
1644,0.8493507599571337,0.8737087845802307,0.8824265599250793,true,5
1647,0.3843000457063948,0.5349802374839783,0.5343889594078064,true,3
1648,0.6049328464844004,0.624142050743103,0.6265100836753845,true,3
1649,0.6080695465104474,0.5486452579498291,0.5355631113052368,true,4
1650,0.617103723666746,0.6274871230125427,0.6306246519088745,true,5
1651,0.7515335381357022,0.6998540759086609,0.7015258073806763,true,5
1654,0.7080120633724358,0.7276331782341003,0.7256327271461487,true,1
1655,0.556253246390253,0.7075950503349304,0.7098342180252075,true,2
1656,0.5522780045168397,0.6477502584457397,0.6074246168136597,true,4
1658,0.674302505546136,0.7938365936279297,0.8020521402359009,true,5
1659,0.4095143403001254,0.5294813513755798,0.5424296855926514,true,1
1661,0.6958096306372308,0.5843467712402344,0.5822743773460388,true,2
1662,0.7259397886391981,0.8674859404563904,0.8694722056388855,true,2
1664,0.708151934564692,0.7414706349372864,0.7453501224517822,true,5
1665,0.8337120438085632,0.8353139758110046,0.8380206823348999,true,3
1666,0.8816838617785534,0.82828688621521,0.8265540599822998,true,2
1667,0.6174592050061698,0.5980852246284485,0.5953200459480286,true,3
1668,0.676448833817068,0.6500999927520752,0.6470036506652832,true,4
1669,0.6378995728323761,0.7597686648368835,0.7031484246253967,true,1
1671,0.4592925560368974,0.5281112194061279,0.5112540125846863,true,4
1672,0.3656528617248235,0.5163372755050659,0.5100774168968201,true,3
1673,0.4749999814074555,0.5321884751319885,0.5315696001052856,true,5
1674,0.6853032350709524,0.7802431583404541,0.7854993343353271,true,3
1675,0.5562651907890108,0.5856374502182007,0.5860716700553894,true,2
1676,0.507035297506231,0.5731497406959534,0.5765770673751831,true,3
1677,0.41245890195785434,0.4228838384151459,0.42493635416030884,true,3
1678,0.6068410902325863,0.5539090037345886,0.4438391625881195,true,4
1679,0.5431831829399791,0.6253938674926758,0.6182361841201782,true,5
1681,0.31998638221334863,0.3668363392353058,0.3672257959842682,true,3
1682,0.4005652205642012,0.5853361487388611,0.6026243567466736,true,5
1683,0.36603900960922947,0.4341373145580292,0.45310184359550476,true,5
1684,0.7150181908054701,0.7650735974311829,0.757079541683197,true,4
1685,0.6068323135565261,0.6906791925430298,0.7166791558265686,true,2
1686,0.8416777905289646,0.7480130195617676,0.7642017006874084,true,3
1687,0.22896607466052724,0.2856946289539337,0.32429039478302,true,1
1688,0.4139955200437954,0.48254328966140747,0.46877893805503845,true,4
1690,0.7334717355194165,0.8402594923973083,0.7627159953117371,true,1
1691,0.8455257495246695,0.8847537040710449,0.8756763339042664,true,1
1692,0.21786948382829313,0.25018298625946045,0.2451809197664261,true,5
1693,0.5401648552560265,0.5119404792785645,0.5269206762313843,true,1
1694,0.7029592939052689,0.7033265829086304,0.6990206837654114,true,3
1695,0.7214704216981598,0.8149709105491638,0.8116613030433655,true,2
1696,0.33498369067348865,0.3998507559299469,0.3994668126106262,true,5
1697,0.6257137248776298,0.6455785036087036,0.6378269195556641,true,2
1698,0.880116936030945,0.8404662013053894,0.8353744745254517,true,4
1700,0.27901722188511574,0.3996523320674896,0.42541807889938354,true,4
1702,0.31273815817466966,0.3475394546985626,0.35214054584503174,true,4
1704,0.6158655816214239,0.5207492113113403,0.5249319076538086,true,1
1705,0.5879167559342455,0.5725440979003906,0.5748622417449951,true,5
1706,0.6599668835240454,0.5803792476654053,0.6228690147399902,true,1
1707,0.7252003666018664,0.7813220024108887,0.7823778986930847,true,1
1708,0.3203538595748138,0.3761407434940338,0.3762587904930115,true,2
1709,0.6465768196827625,0.7285483479499817,0.7701780200004578,true,4
1710,0.7111875972633852,0.7646299600601196,0.77047199010849,true,2
1711,0.7878995693202451,0.7911391854286194,0.7865474224090576,true,5
1712,0.27750402116105355,0.32199716567993164,0.32160496711730957,true,3
1713,0.45478758152161797,0.3856542110443115,0.3216651678085327,true,1
1714,0.952693684525241,0.8709384202957153,0.8755587935447693,true,4
1715,0.5221027381350943,0.5413148999214172,0.5448225140571594,true,4
1718,0.4088867252888149,0.564211905002594,0.5713196992874146,true,4
1720,0.46562824591240537,0.7533823251724243,0.7428355813026428,true,3
1721,0.18084912080490587,0.23292888700962067,0.23305656015872955,true,2
1722,0.8088869095544123,0.8427220582962036,0.8632305860519409,true,1
1723,0.41211041450435565,0.5459539294242859,0.5478010773658752,true,5
1724,0.535286847900706,0.5765895843505859,0.575623631477356,true,3
1725,0.4185996103745823,0.5864612460136414,0.5809631943702698,true,2
1726,0.6533289709443302,0.7103961706161499,0.6882174611091614,true,1
1727,0.5309119409211046,0.5918489694595337,0.5874400734901428,true,3
1728,0.8712826982910624,0.8341593146324158,0.8323053121566772,true,4
1730,0.4331718774118329,0.5604389309883118,0.5721973180770874,true,3
1731,0.583580650405039,0.5547649264335632,0.5577974319458008,true,5
1732,0.5472450289020018,0.6203786134719849,0.6355978846549988,true,5
1733,0.3290835228781503,0.32963424921035767,0.35878658294677734,true,4
1734,0.42254031706309464,0.4332868754863739,0.4305765628814697,true,2
1735,0.5617852193497483,0.6362228989601135,0.6389463543891907,true,5
1736,0.6231735192219648,0.6170234680175781,0.6243022084236145,true,5
1737,0.7814498444268113,0.7807406783103943,0.7788720726966858,true,2
1738,0.7967608865221355,0.7892667651176453,0.7879369258880615,true,2
1742,0.28694641263237325,0.3924894630908966,0.39053377509117126,true,3
1743,0.3683490177018811,0.3584432303905487,0.33049851655960083,true,1
1745,0.5045420982467362,0.5976996421813965,0.5944981575012207,true,2
1747,0.6128976777073696,0.588496208190918,0.5861569046974182,true,3
1748,0.3735288436369027,0.42919909954071045,0.4335978627204895,true,5
1750,0.22822671032671046,0.24333815276622772,0.2498154193162918,true,4
1751,0.27811997380003817,0.22089949250221252,0.22539527714252472,true,3
1752,0.48183194892025666,0.6064995527267456,0.6065322756767273,true,5
1753,0.19403471105348027,0.3966289162635803,0.38832560181617737,true,4
1754,0.6168296008502387,0.7309212684631348,0.7304977774620056,true,3
1756,0.8032093036358262,0.7657025456428528,0.811814546585083,true,1
1757,0.745735747690765,0.7262250781059265,0.7281133532524109,true,2
1758,0.4205554775547808,0.510360062122345,0.49404147267341614,true,4
1760,0.4190336153410446,0.4078161120414734,0.4076819121837616,true,2
1761,0.7070528731424566,0.6481692790985107,0.5945797562599182,true,1
1763,0.7847466143111048,0.787548303604126,0.7861634492874146,true,3
1764,0.6542147542708734,0.6468898057937622,0.6478933095932007,true,2
1765,0.5618257197490425,0.5750259160995483,0.5748622417449951,true,5
1766,0.43902844597782675,0.45907652378082275,0.4488241672515869,true,4
1767,0.312344537465367,0.3359600901603699,0.3278750479221344,true,2
1768,0.40385024345666837,0.3621949851512909,0.3435864746570587,true,1
1769,0.6425836529482776,0.6997030377388,0.703988254070282,true,2
1770,0.5922379851535523,0.7383882999420166,0.7490395903587341,true,3
1772,0.28351159655052205,0.3349902331829071,0.36067649722099304,true,5
1773,0.7510777996127128,0.8689985275268555,0.8704562783241272,true,2
1774,0.5102764420706363,0.5242429971694946,0.5248348116874695,true,3
1775,0.5226581393620213,0.6440975666046143,0.6509886384010315,true,3
1777,0.6177176687548918,0.6406540870666504,0.6429923176765442,true,2
1778,0.3714881828466766,0.3817201852798462,0.3919279873371124,true,1
1779,0.2181368839984611,0.2582840621471405,0.2557762861251831,true,5
1780,0.7278903130879937,0.8496708869934082,0.8538666367530823,true,5
1781,0.7997850208086958,0.7495667338371277,0.7687134146690369,true,4
1782,0.6449933004966586,0.6509438157081604,0.6525776982307434,true,2
1783,0.5724748636494591,0.5991588234901428,0.6010783314704895,true,2
1784,0.8568161190837187,0.8353139758110046,0.8380206823348999,true,3
1785,0.6791429776402532,0.6351075172424316,0.6347503662109375,true,1
1786,0.4279321663060845,0.6954547762870789,0.6929770708084106,true,3
1787,0.1694456762895416,0.24932193756103516,0.24558715522289276,true,3
1788,0.6158917561934494,0.6779966354370117,0.673081636428833,true,5
1789,0.6171650079582889,0.553042471408844,0.5656135678291321,true,1
1791,0.668466023775212,0.6713549494743347,0.6547560691833496,true,1
1794,0.7229715690794299,0.7871453762054443,0.7869008183479309,true,3
1795,0.3671808473157379,0.3906460404396057,0.3957808315753937,true,5
1798,0.45796911576512594,0.5613529682159424,0.5649141073226929,true,3
1799,0.7538230834997478,0.6817423105239868,0.7028369307518005,true,4
1800,0.7010971159636994,0.6924771070480347,0.6945789456367493,true,4
1801,0.42093945662388793,0.48702582716941833,0.48606348037719727,true,2
1803,0.6460696764973346,0.6574618220329285,0.6647195816040039,true,2
1804,0.7338946105857841,0.6956539750099182,0.7161750793457031,true,1
1805,0.6594873826521958,0.6329872012138367,0.636368453502655,true,5
1806,0.6223088685642485,0.5800593495368958,0.5897684693336487,true,1
1807,0.5570624754102101,0.5713814496994019,0.5709413886070251,true,3
1808,0.5876357230297818,0.5945228338241577,0.5982877612113953,true,1
1809,0.7382108667847449,0.8373315930366516,0.8087958097457886,true,1
1810,0.4751860690107012,0.6509488821029663,0.6816170811653137,true,1
1811,0.3492861475498665,0.43411576747894287,0.4301902651786804,true,2
1812,0.6364455214225347,0.6356084942817688,0.618137776851654,true,1
1813,0.5332073383073257,0.5790659189224243,0.576977014541626,true,2
1814,0.7420571276652255,0.7583054304122925,0.751855731010437,true,4
1815,0.8391284705224992,0.7900078892707825,0.7808053493499756,true,3
1816,0.8369256763813935,0.8324288129806519,0.8289098143577576,true,2
1817,0.6375885149449022,0.6865681409835815,0.6745969653129578,true,1
1818,0.8184148909235819,0.8053540587425232,0.7842922806739807,true,1
1819,0.6375632468486913,0.7027459144592285,0.7043190002441406,true,3
1820,0.8413681944034663,0.7952490448951721,0.7948983311653137,true,3
1822,0.07881110556110556,0.32968729734420776,0.3407893478870392,true,4
1824,0.6850969305286705,0.6073312163352966,0.6957801580429077,true,1
1827,0.6465917217171271,0.7350981831550598,0.7256599068641663,true,2
1828,0.5952551338914746,0.7480390667915344,0.7514939308166504,true,4
1829,0.42596157321073247,0.46448683738708496,0.4657174050807953,true,5
1830,0.7933549280377215,0.7616618275642395,0.7930019497871399,true,1
1831,0.6528619291202183,0.775799572467804,0.7848921418190002,true,5
1833,0.6290630807561503,0.717535138130188,0.7174001932144165,true,5
1834,0.16281474695783524,0.14289788901805878,0.14277543127536774,true,5
1837,0.36783644820924005,0.4737982749938965,0.4711095094680786,true,2
1838,0.6510930391334431,0.669846773147583,0.6753573417663574,true,2
1839,0.5598164112936318,0.7654236555099487,0.7585387229919434,true,4
1840,0.6592888450758827,0.7390608191490173,0.7287752032279968,true,3
1841,0.6658465943400236,0.8108131289482117,0.8167917132377625,true,4
1842,0.8139317798649605,0.7239968776702881,0.7158539295196533,true,3
1843,0.20402138154409732,0.35859882831573486,0.349269300699234,true,3
1844,0.46857993791471053,0.5770213007926941,0.5708060264587402,true,5
1845,0.9177905186841773,0.822396993637085,0.8333250284194946,true,4
1846,0.48464634325268624,0.6417854428291321,0.6402454972267151,true,3
1847,0.3197826943899716,0.4105054438114166,0.4304262101650238,true,4
1848,0.929702218546154,0.9711233377456665,0.9585229754447937,true,1
1849,0.45387149459402315,0.5402843952178955,0.5206122994422913,true,1
1850,0.5510201868712417,0.6607240438461304,0.6807898283004761,true,4
1851,0.7136126778126324,0.6869098544120789,0.6926781535148621,true,5
1852,0.36900093887958585,0.5095738172531128,0.5120086073875427,true,3
1853,0.49797749787038226,0.5752619504928589,0.5499125719070435,true,1
1854,0.4457182241575622,0.4077715575695038,0.41163864731788635,true,3
1855,0.7895460396085084,0.831373929977417,0.8432676196098328,true,4
1856,0.6358449075026837,0.7131974697113037,0.7140325903892517,true,5
1857,0.5363465050046579,0.40718352794647217,0.5079361796379089,true,1
1858,0.27647051672079437,0.5094764232635498,0.441230446100235,true,4
1859,0.5504009588314214,0.5314186811447144,0.5310328602790833,true,5
1860,0.59314004975877,0.680337131023407,0.6832625269889832,true,3
1861,0.4981870784406079,0.655541718006134,0.6125963926315308,true,1
1862,0.6134840751735073,0.6956159472465515,0.6986321210861206,true,3
1863,0.5776704926633823,0.5932270884513855,0.5940122008323669,true,2
1865,0.4232127179041646,0.4553784430027008,0.467420756816864,true,3
1866,0.484518386411956,0.47688135504722595,0.4787965714931488,true,5
1867,0.2434273804344549,0.30722934007644653,0.30428847670555115,true,5
1868,0.6787442759685711,0.7670781016349792,0.772404134273529,true,5
1869,0.7135311791388509,0.6844072937965393,0.7129614949226379,true,1
1870,0.6245233581759878,0.7002501487731934,0.7058806419372559,true,2
1871,0.5390833952735371,0.560192346572876,0.560223400592804,true,5
1872,0.5322275051018446,0.5174364447593689,0.5075170993804932,true,4
1874,0.49058973288796787,0.6250100135803223,0.6220203638076782,true,2
1875,0.6956283574314388,0.7561610341072083,0.7579264044761658,true,3
1877,0.5348009410029179,0.6057859659194946,0.6290081739425659,true,4
1878,0.5180734289997333,0.5620697736740112,0.5643907785415649,true,5
1880,0.4347648752284277,0.47919216752052307,0.4700811803340912,true,2
1881,0.5358437546437985,0.5761531591415405,0.5796161890029907,true,3
1882,0.6807226772519179,0.7449698448181152,0.74250328540802,true,3
1883,0.6672298635046396,0.6970998048782349,0.7224043607711792,true,4
1884,0.7304364148349388,0.7496164441108704,0.7549075484275818,true,5
1885,0.7458124149261465,0.6974671483039856,0.7032314538955688,true,3
1887,0.6365903758001545,0.6995274424552917,0.6990033388137817,true,3
1888,0.4961792684221804,0.5977563858032227,0.5906316637992859,true,4
1891,0.2762105251345982,0.3846853971481323,0.3014443516731262,true,1
1892,0.7151511018569496,0.6946362257003784,0.6960183382034302,true,2
1893,0.6956758168176765,0.7625796794891357,0.7609718441963196,true,2
1894,0.9145327827631702,0.8698592782020569,0.8792845010757446,true,4
1895,0.48508155168355616,0.7280269861221313,0.7384946346282959,true,4
1896,0.40528336287395095,0.46123701333999634,0.4659353196620941,true,2
1897,0.5588404677126311,0.6313046813011169,0.6277576088905334,true,1
1898,0.8421428421744303,0.865663468837738,0.8829659223556519,true,1
1900,0.6806117898541614,0.7201476097106934,0.7510427236557007,true,1
1901,0.6201510180390172,0.5635887980461121,0.5681208968162537,true,5
1902,0.8585043287025061,0.8301275968551636,0.8265540599822998,true,2
1903,0.8537355151232343,0.8767351508140564,0.8804266452789307,true,4
1904,0.8185358274580142,0.8546000719070435,0.8346825242042542,true,5
1905,0.45561743464233845,0.617902934551239,0.6140509843826294,true,5
1906,0.9363210062902649,0.9500234127044678,0.9489542841911316,true,4
1907,0.8051245597402092,0.8547493815422058,0.8592329621315002,true,5
1908,0.7512308111186347,0.8186114430427551,0.8172438740730286,true,3
1909,0.536504183496234,0.6397289037704468,0.6385126709938049,true,2
1910,0.5034985448869518,0.5242624878883362,0.5278714299201965,true,3
1911,0.40025443281158263,0.4024879038333893,0.4295664429664612,true,1
1912,0.5044869111063379,0.5728912949562073,0.5734221935272217,true,4
1913,0.7214210268595744,0.7140981554985046,0.7128493785858154,true,2
1914,0.3984683069768208,0.6852284073829651,0.7014892101287842,true,4
1915,0.6854525516335158,0.7225855588912964,0.7238948345184326,true,2
1916,0.6210271508205356,0.6294784545898438,0.635349690914154,true,5
1917,0.7408047261090558,0.8229411840438843,0.8202394247055054,true,2
1918,0.841986685447317,0.7742404937744141,0.7691787481307983,true,4
1919,0.8091401718344814,0.737675130367279,0.7310054898262024,true,1
1920,0.6079956555915844,0.5936729907989502,0.5957231521606445,true,3
1921,0.5029647022871029,0.6450716853141785,0.6489198207855225,true,2
1922,0.6071050826835774,0.7378434538841248,0.7435910701751709,true,3
1923,0.8733654232115867,0.942905068397522,0.9400716423988342,true,2
1924,0.5258560467514504,0.5513749718666077,0.5508005619049072,true,3
1925,0.5585838818634411,0.5551506876945496,0.5551477074623108,true,2
1926,0.5826500384303236,0.725294828414917,0.7270066142082214,true,3
1927,0.387018811853258,0.32102543115615845,0.30061236023902893,true,4
1928,0.7089614618319021,0.7128430008888245,0.7016565203666687,true,3
1929,0.6531801206246332,0.7116768956184387,0.707577645778656,true,1
1930,0.5838808138202273,0.6623989343643188,0.6617833375930786,true,2
1931,0.5771866727361374,0.5791573524475098,0.5858368873596191,true,5
1932,0.4348612592650307,0.4774998128414154,0.47266441583633423,true,1
1933,0.3967984614173169,0.4040670096874237,0.3992971181869507,true,1
1934,0.46529069683326646,0.5717041492462158,0.5586320757865906,true,4
1935,0.4259428751015761,0.5093709230422974,0.5513788461685181,true,1
1936,0.7612651276435035,0.880427360534668,0.8737070560455322,true,2
1937,0.7909689033138187,0.837260365486145,0.8210896253585815,true,3
1938,0.3142002802255213,0.40276649594306946,0.40055426955223083,true,2
1941,0.7996330428914973,0.849916934967041,0.8538253903388977,true,5
1942,0.55148964345635,0.7193136215209961,0.7208337783813477,true,3
1943,0.7346690503909558,0.8039726614952087,0.7928887009620667,true,4
1944,0.7617987503226427,0.8478419780731201,0.8474419116973877,true,2
1945,0.7944997071839759,0.841064453125,0.8347378373146057,true,1
1946,0.6510953198322099,0.5980852246284485,0.5953200459480286,true,3
1947,0.7935974472744864,0.7786435484886169,0.778649091720581,true,1
1948,0.5478176750834485,0.6611173748970032,0.6594818830490112,true,2
1949,0.6422229786374198,0.6892871856689453,0.5458117723464966,true,1
1950,0.6390136074204221,0.6200094819068909,0.623299777507782,true,1
1951,0.9060096289349013,0.8022058606147766,0.8060202598571777,true,4
1952,0.8168280406085914,0.8656867146492004,0.8551930785179138,true,5
1953,0.5447296490399146,0.6308894753456116,0.6377242207527161,true,4
1954,0.6308207568934432,0.5335447192192078,0.5457378625869751,true,4
1955,0.324295843026179,0.5861233472824097,0.5929708480834961,true,3
1956,0.5569707859469882,0.5509196519851685,0.5902203917503357,true,1
1957,0.6612679782879881,0.6729389429092407,0.6979440450668335,true,1
1958,0.4296511335609563,0.5758464336395264,0.578857421875,true,4
1959,0.6883290003034003,0.8207975029945374,0.8135520219802856,true,3
1960,0.39296298887907427,0.3622303903102875,0.3639971911907196,true,5
1961,0.6769150923921774,0.5994081497192383,0.5838125944137573,true,1
1963,0.6259463248437127,0.6050938963890076,0.6066415309906006,true,1
1964,0.5850690548439487,0.6660721302032471,0.6662692427635193,true,5
1965,0.8547296930231236,0.8421252965927124,0.8413077592849731,true,2
1966,0.5450049245275621,0.5918062329292297,0.587453305721283,true,2
1967,0.6914557406759907,0.7488887310028076,0.7449318766593933,true,2
1968,0.6062921964880931,0.6623531579971313,0.6664755344390869,true,2
1969,0.7940039525742445,0.8446709513664246,0.841401994228363,true,2
1970,0.5087458739876436,0.47602108120918274,0.4436500668525696,true,1
1971,0.5679306367866739,0.7151509523391724,0.6489643454551697,true,4
1972,0.6000342619595203,0.6214904189109802,0.62358158826828,true,2
1973,0.42686310511907954,0.44723618030548096,0.4489758014678955,true,2
1974,0.8581131061637207,0.8492566347122192,0.8477513194084167,true,2
1975,0.6463910853293621,0.639841616153717,0.6520522832870483,true,1
1976,0.45138120020173483,0.44621118903160095,0.4473346769809723,true,3
1977,0.7190299785769919,0.7681039571762085,0.7597295641899109,true,1
1979,0.8683761872295287,0.8621821403503418,0.8583390116691589,true,1
1980,0.6486971325222554,0.6506580114364624,0.64246666431427,true,1
1981,0.4300918873352312,0.4635052978992462,0.46647754311561584,true,2
1982,0.5942531848990792,0.7279324531555176,0.7387312650680542,true,1
1983,0.599710478310583,0.6966437101364136,0.6922811269760132,true,2
1985,0.48341646246732034,0.44042977690696716,0.4275404214859009,true,1
1986,0.7836821357009197,0.8676098585128784,0.8735836744308472,true,5
1987,0.6386950887366961,0.7430110573768616,0.7546244859695435,true,3
1988,0.49568745226563526,0.5620697736740112,0.5643907785415649,true,5
1989,0.7194190809328894,0.7549822926521301,0.7353925108909607,true,1
1990,0.4914735359783672,0.5846349596977234,0.5862599611282349,true,5
1991,0.9410849868712297,0.9232267141342163,0.9233202338218689,true,5
1993,0.30123443225995655,0.3347090780735016,0.3341348469257355,true,5
1994,0.4617509742629964,0.36939555406570435,0.36781591176986694,true,3
1995,0.8015655499256501,0.8500902652740479,0.8597033619880676,true,3
1996,0.5490804045407907,0.6739271283149719,0.6716433167457581,true,2
1997,0.6393544723773527,0.8038329482078552,0.8273686766624451,true,1
1999,0.7483240447783559,0.7532555460929871,0.7483750581741333,true,5
2000,0.8776350537426922,0.8608046174049377,0.8606468439102173,true,1
2001,0.6037660086789814,0.8122443556785583,0.8085907697677612,true,3
2002,0.5063316248980924,0.4903163015842438,0.49953967332839966,true,1
2003,0.7017144905226719,0.7738080024719238,0.7705380916595459,true,5
2004,0.8097479092572227,0.8492566347122192,0.8477513194084167,true,2
2005,0.5817077408334674,0.6959565281867981,0.7217555642127991,true,4
2006,0.7267051221653671,0.856511116027832,0.8566056489944458,true,3
2007,0.837115330524309,0.855155885219574,0.8810421824455261,true,4
2008,0.28999346092405814,0.35276803374290466,0.3407902419567108,true,5
2009,0.7889083519398804,0.7373998761177063,0.741135835647583,true,2
2010,0.3867438786992339,0.4172303378582001,0.4256725609302521,true,4
2011,0.6779321625720263,0.6913273334503174,0.6705114245414734,true,4
2012,0.7304800748029084,0.7547410130500793,0.7531658411026001,true,2
2013,0.6301890931843706,0.7185755372047424,0.7448363304138184,true,2
2014,0.7563821610359297,0.8013911247253418,0.7788395285606384,true,1
2015,0.6308667803780843,0.6663496494293213,0.6663999557495117,true,5
2016,0.49019407753409283,0.6746392846107483,0.6770340204238892,true,4
2017,0.6085181388798623,0.7245628833770752,0.7247220277786255,true,5
2018,0.3026217955326985,0.3430866003036499,0.34339237213134766,true,5
2019,0.750234210993112,0.8624359965324402,0.8552244901657104,true,4
2020,0.6964106704969651,0.7452074885368347,0.7345088124275208,true,5
2021,0.44498187284952956,0.5090161561965942,0.4961698055267334,true,1
2022,0.92591506625787,0.9068936705589294,0.9092480540275574,true,3
2023,0.668440790713583,0.6704733967781067,0.7010040283203125,true,1
2024,0.7277428386790495,0.8347827196121216,0.8264949321746826,true,4
2026,0.45640189041090357,0.37739691138267517,0.4371258616447449,true,4
2027,0.6105461825832734,0.7146767973899841,0.7268633246421814,true,5
2028,0.8592574161052111,0.8286973834037781,0.8321450352668762,true,5
2029,0.6676283522391323,0.6754531860351562,0.7003576755523682,true,2
2030,0.828925950214982,0.8253529667854309,0.8306736946105957,true,4
2031,0.613429171547316,0.5601564049720764,0.5615705251693726,true,5
2032,0.8174367402259367,0.7865792512893677,0.7622078657150269,true,1
2033,0.4005407891003822,0.4692537486553192,0.44937828183174133,true,5
2034,0.6831242223262953,0.7131162881851196,0.7102137804031372,true,2
2035,0.6855712286389966,0.7954471111297607,0.7944962382316589,true,3
2036,0.3673350173739014,0.3638324439525604,0.35871562361717224,true,3
2037,0.7139032643559883,0.7893209457397461,0.7898992300033569,true,5
2038,0.5948920856648023,0.7848465442657471,0.7962044477462769,true,2
2039,0.7704975441952803,0.8010634183883667,0.8019334673881531,true,3
2040,0.49445155066381835,0.5321072936058044,0.5247023105621338,true,3
2041,0.7507575285438673,0.7365211248397827,0.7361443638801575,true,4
2042,0.7101815328616751,0.7934094667434692,0.7830174565315247,true,5
2043,0.4158253363278942,0.463168203830719,0.46272146701812744,true,3
2044,0.5395976281934237,0.811438262462616,0.7920883893966675,true,2
2045,0.8688573117669063,0.8136399984359741,0.8143015503883362,true,3
2046,0.5551224012430586,0.6083037257194519,0.6459073424339294,true,1
2047,0.8813744249895176,0.7865003347396851,0.7812404036521912,true,3
2048,0.7131319646792066,0.7340269088745117,0.7121186852455139,true,4
2049,0.7371332192293208,0.8432382345199585,0.8447394967079163,true,3
2050,0.6054925078092955,0.7877806425094604,0.7872093319892883,true,2
2051,0.8058752850132855,0.7586650252342224,0.7444556951522827,true,1
2052,0.725197242124215,0.7357648611068726,0.7366026639938354,true,2
2053,0.8163120433262094,0.7031599283218384,0.7277387380599976,true,4
2054,0.4501311444460985,0.4970299005508423,0.7520876526832581,true,1
2055,0.8152981578652028,0.782414436340332,0.7851135730743408,true,4
2057,0.5271204241331384,0.6870198249816895,0.6810354590415955,true,4
2058,0.6776555858904778,0.8646118640899658,0.8601829409599304,true,2
2059,0.5995456101853041,0.5875781774520874,0.5885272026062012,true,5
2060,0.7424395056075839,0.8957286477088928,0.8916657567024231,true,5
2062,0.8754698811169871,0.8400417566299438,0.8390608429908752,true,3
2063,0.7197217691258659,0.8203830718994141,0.8170824646949768,true,3
2065,0.7686198665659209,0.8241996765136719,0.8032411336898804,true,4
2066,0.6535750704908229,0.6509140729904175,0.5866758227348328,true,4
2067,0.6055918103149671,0.5313964486122131,0.6220484972000122,true,1
2068,0.6823755876006707,0.7638353705406189,0.7578126192092896,true,5
2069,0.8976389464944391,0.8476276993751526,0.8490694165229797,true,5
2070,0.769454534827358,0.8267896175384521,0.8327614068984985,true,4
2071,0.8463285643592492,0.8249794244766235,0.8146511316299438,true,3
2072,0.7485116455025647,0.755282998085022,0.7685170769691467,true,4
2073,0.7090443420011038,0.9305006861686707,0.9310512542724609,true,2
2074,0.8280849397896864,0.8572336435317993,0.8938150405883789,true,4
2075,0.7471562306276737,0.8700187802314758,0.8769068121910095,true,5
2076,0.5340377995868588,0.5192408561706543,0.5300674438476562,true,1
2078,0.7882976263378068,0.7718561291694641,0.7741043567657471,true,3
2079,0.7218085815552954,0.7863012552261353,0.786563515663147,true,5
2081,0.732125566034466,0.8644545078277588,0.8605183362960815,true,2
2082,0.7638128780275811,0.7666823863983154,0.7727728486061096,true,3
2083,0.8446633062564014,0.8330424427986145,0.8357640504837036,true,3
2084,0.8193698285508398,0.7748120427131653,0.7755140662193298,true,3
2085,0.7387990605361874,0.8587585091590881,0.8587828278541565,true,3
2086,0.6307959216767737,0.7326759696006775,0.7522011399269104,true,4
2087,0.6410448277673675,0.6782191395759583,0.6774119734764099,true,4
2088,0.6163028394932097,0.6509037613868713,0.6742381453514099,true,1
2089,0.9066403609579454,0.974545955657959,0.9738304018974304,true,4
2090,0.4223905173377719,0.48853835463523865,0.4440339207649231,true,1
2092,0.6794102461792594,0.8588431477546692,0.8393968343734741,true,2
2093,0.7894575235644417,0.9863300919532776,0.9652998447418213,true,1
2095,0.8446433865884537,0.8736289739608765,0.883086085319519,true,1
2096,0.9307518049265116,0.9497085809707642,0.948376476764679,true,3
2097,0.7005059658644308,0.7443293333053589,0.7452914118766785,true,2
2098,0.9152540945809868,0.94832843542099,0.9491477012634277,true,2
2099,0.9684132410475893,0.9913027286529541,0.9817246198654175,true,1
2100,0.9587793745470214,0.9705696105957031,0.9703165888786316,true,3
2102,0.983799420350891,0.9849103093147278,0.9858443737030029,true,4
2103,0.9761414116928825,0.9851328134536743,0.9853297472000122,true,4
2104,0.7698751473118496,0.810443103313446,0.8093652129173279,true,2
2105,0.7492723606960286,0.9058413505554199,0.9044155478477478,true,5
2106,0.9751128308224283,0.9512990117073059,0.9518633484840393,true,3
2107,0.948124669496385,0.941010057926178,0.9418593049049377,false,3
2108,0.45534351700099146,0.5417162179946899,0.5915477275848389,false,4
2109,0.6374441287799852,0.8194274306297302,0.8467745780944824,false,1
2110,0.8786298685246582,0.8509129881858826,0.8477513194084167,false,2
2111,0.8592047685489678,0.8550968766212463,0.8631039261817932,false,1
2113,0.7397615309723683,0.7458613514900208,0.746361255645752,false,2
2114,0.8484653731433893,0.7920735478401184,0.7795209884643555,false,3
2115,0.6405463027013869,0.6718893647193909,0.6534655690193176,false,4
2116,0.846104850418722,0.8144800662994385,0.8493551015853882,false,4
2117,0.2800318014173234,0.336895227432251,0.30519211292266846,false,1
2118,0.6010162129043017,0.6002957820892334,0.5986018776893616,false,3
2119,0.2740041014040858,0.2953978478908539,0.28766974806785583,false,1
2120,0.4315547325688885,0.4959917962551117,0.4931628406047821,false,2
2121,0.7980360557099333,0.7761233448982239,0.777531623840332,false,2
2122,0.47968761354751743,0.5905010104179382,0.5897327065467834,false,2
2123,0.475517481486355,0.5875092148780823,0.5857083797454834,false,2
2124,0.4378573202027228,0.4480365514755249,0.4513261616230011,false,5
2125,0.6100179268449714,0.49357154965400696,0.5053253769874573,false,4
2126,0.33102115193149034,0.34339848160743713,0.3402276635169983,false,2
2127,0.7202592236909707,0.7346957325935364,0.7559450268745422,false,1
2128,0.472507750158292,0.5701603889465332,0.567635715007782,false,3
2129,0.246816245802701,0.28486061096191406,0.30390745401382446,false,4
2130,0.7578407279348782,0.7712878584861755,0.7687813639640808,false,2
2131,0.3074402011795747,0.38715842366218567,0.38927197456359863,false,2
2132,0.6675513002018113,0.6034614443778992,0.6144605278968811,false,3
2133,0.6197526835544204,0.6476456522941589,0.6377455592155457,false,3
2134,0.5818217677958571,0.6007053852081299,0.6173948645591736,false,2
2135,0.8007928902544567,0.827430248260498,0.7816547751426697,false,1
2136,0.35527767243515385,0.3601302206516266,0.35802340507507324,false,2
2138,0.40614477605311694,0.5008204579353333,0.46235355734825134,false,1
2139,0.32963319337181557,0.5974586009979248,0.5542920827865601,false,4
2140,0.19014516812624505,0.16900146007537842,0.18097727000713348,false,5
2141,0.659174740752153,0.7399147152900696,0.7465232610702515,false,3
2142,0.8511380072155227,0.8122551441192627,0.8092970252037048,false,4
2143,0.24539847731443576,0.3322233259677887,0.3283449411392212,false,3
2144,0.6449885951602167,0.7210537195205688,0.7097615003585815,false,1
2145,0.4069380666955935,0.5858024954795837,0.595293402671814,false,2
2147,0.2516674994921903,0.2851877510547638,0.29456084966659546,false,2
2148,0.6800229994642554,0.8410707116127014,0.8928015232086182,false,1
2149,0.17401381008011235,0.2765967547893524,0.2761763632297516,false,3
2150,0.4436105155693347,0.5537975430488586,0.5576018691062927,false,5
2152,0.19583318545025663,0.21619366109371185,0.2144578993320465,false,2
2153,0.2890808521129074,0.3421275317668915,0.3437199592590332,false,2
2154,0.4668716375518905,0.5244334936141968,0.5423157811164856,false,1
2155,0.7855874359057402,0.7662303447723389,0.7836846113204956,false,4
2156,0.33157883354915496,0.455790638923645,0.4397318661212921,false,5
2157,0.46699926846690476,0.48346149921417236,0.481685996055603,false,2
2158,0.4499685865006969,0.466195285320282,0.3877132833003998,false,1
2159,0.4415298627863143,0.5273164510726929,0.5210827589035034,false,3
2160,0.10844811262858425,0.22541271150112152,0.22398358583450317,false,3
2161,0.3939623967235034,0.48579972982406616,0.4904461205005646,false,4
2162,0.5769798395322828,0.6224337816238403,0.635383129119873,false,4
2163,0.5719819343439408,0.5906959772109985,0.6317415237426758,false,1
2164,0.461438631758512,0.5045343041419983,0.5040082931518555,false,2
2165,0.4218302180958283,0.4747612178325653,0.4707604646682739,false,3
2166,0.6127590052685291,0.6810182929039001,0.6824442744255066,false,1
2167,0.5657197539605333,0.46154916286468506,0.4832780957221985,false,1
2168,0.21436920368379858,0.3719647228717804,0.3858640193939209,false,1
2169,0.4058527713272921,0.4338531196117401,0.43397170305252075,false,2
2170,0.36257957226699666,0.41838836669921875,0.4186646342277527,false,3
2171,0.2431932969617331,0.26824674010276794,0.24491016566753387,false,1
2172,0.8547303234625354,0.8628243803977966,0.8599517345428467,false,2
2173,0.7167845615383923,0.8091526627540588,0.7987525463104248,false,4
2174,0.7803793523903261,0.7863235473632812,0.7859616279602051,false,3
2175,0.34968924151562397,0.42873698472976685,0.4270622730255127,false,3
2176,0.45246324304174396,0.4662252962589264,0.5160416960716248,false,2
2177,0.43463722809698047,0.44743403792381287,0.49562302231788635,false,4
2178,0.627990292912201,0.6985875368118286,0.6970845460891724,false,2
2179,0.36844468759990273,0.49979785084724426,0.4732357859611511,false,4
2180,0.7535892424890048,0.7810556292533875,0.7889980673789978,false,5
2181,0.4300860742771163,0.5279744863510132,0.5273075103759766,false,5
2182,0.48737969716215956,0.4668481647968292,0.46398091316223145,false,2
2183,0.7237051922155733,0.641687273979187,0.6487472653388977,false,4
2184,0.4933979963444643,0.47266143560409546,0.4662206768989563,false,1
2185,0.6010614205824307,0.6550014615058899,0.6540085673332214,false,2
2186,0.6350616047977848,0.697170078754425,0.7001661062240601,false,5
2187,0.6847017537373287,0.72093665599823,0.720503568649292,false,3
2188,0.5142467159104525,0.5950867533683777,0.5953438878059387,false,2
2189,0.27666647533403654,0.38036102056503296,0.3811153471469879,false,5
2190,0.3842430184355738,0.6293604969978333,0.6338161826133728,false,5
2191,0.2714642083680471,0.3288296163082123,0.2885966897010803,false,1
2192,0.5372783206669374,0.5120000839233398,0.520260751247406,false,3
2193,0.6739764641114929,0.7157230377197266,0.7055493593215942,false,1
2194,0.40349707607856744,0.45223015546798706,0.4456865191459656,false,2
2195,0.3638975661317274,0.4042269289493561,0.4032706618309021,false,2
2196,0.5890420490077236,0.6712450385093689,0.6752271056175232,false,5
2197,0.7270327258924406,0.7277981042861938,0.7321509718894958,false,3
2198,0.37494733509128203,0.4833071827888489,0.4825894832611084,false,3
2199,0.2873602108245862,0.20394201576709747,0.12570400536060333,false,1
2200,0.30549354474079754,0.3545917272567749,0.35488569736480713,false,2
2201,0.28550581664778196,0.4932621121406555,0.49747106432914734,false,2
2202,0.3908241950641348,0.42843350768089294,0.4260373115539551,false,3
2203,0.5164221886513582,0.5266950726509094,0.5523940324783325,false,1
2204,0.21700413574213875,0.32526925206184387,0.30905860662460327,false,4
2205,0.4171405726929481,0.45947030186653137,0.43613970279693604,false,4
2206,0.09790600459997897,0.19867508113384247,0.20138642191886902,false,3
2207,0.30603581552148607,0.4341174066066742,0.3563555181026459,false,1
2209,0.3988691714748513,0.4427643418312073,0.43053776025772095,false,4
2210,0.842770600240478,0.8864610195159912,0.8916479349136353,false,4
2213,0.4210092081251341,0.3789908289909363,0.4460442066192627,false,1
2214,0.6811940869189489,0.6081472635269165,0.6053154468536377,false,4
2216,0.3147440541677942,0.3494507372379303,0.3527117967605591,false,2
2217,0.30195394299542777,0.29276809096336365,0.29771915078163147,false,1
2218,0.3544574333513314,0.4243139922618866,0.41903001070022583,false,5
2219,0.24451826912448793,0.30722934007644653,0.2998661398887634,false,5
2220,0.40732476920324123,0.4862325191497803,0.4856415092945099,false,3
2221,0.324565073064201,0.5250621438026428,0.4871959388256073,false,4
2222,0.2808814511542951,0.3566376268863678,0.3532312512397766,false,2
2223,0.23542772701155054,0.3471188545227051,0.37199732661247253,false,4
2224,0.6632115253139318,0.717226505279541,0.7245885729789734,false,3
2226,0.6471960089218303,0.7785540223121643,0.7395608425140381,false,4
2227,0.05493898791267213,0.13976331055164337,0.14348424971103668,false,4
2228,0.23571176851749187,0.17058473825454712,0.21099360287189484,false,1
2229,0.1887052050391677,0.21442820131778717,0.2122819870710373,false,5
2230,0.27970849460561725,0.30751752853393555,0.30725327134132385,false,5
2231,0.27970849460561725,0.30751752853393555,0.30725327134132385,false,5
2232,0.27970849460561725,0.30751752853393555,0.30725327134132385,false,5
2233,0.2898534613358927,0.20938755571842194,0.2536331117153168,false,1
2234,0.3546433357936119,0.36031025648117065,0.40584301948547363,false,1
2235,0.40713222931144677,0.440824955701828,0.44025978446006775,false,5
2236,0.4730452360833305,0.4602389633655548,0.46325916051864624,false,3
2237,0.4630235276316764,0.564214825630188,0.5731472969055176,false,4
2238,0.40156003206652424,0.5391372442245483,0.5286715030670166,false,4
2239,0.5666391840376134,0.823050320148468,0.8296080231666565,false,5
2241,0.5009343160401807,0.6718052625656128,0.6705906987190247,false,5
2242,0.4707493700141881,0.4852767884731293,0.4873826503753662,false,2
2244,0.5190160148043655,0.5620697736740112,0.5643907785415649,false,5
2246,0.3813940133357346,0.397747665643692,0.39979565143585205,false,2
2247,0.33899060619200966,0.4491160809993744,0.4240051507949829,false,4
2248,0.3579729187736239,0.4425811171531677,0.46441060304641724,false,4
2249,0.2234785704690044,0.26942500472068787,0.27587324380874634,false,1
2250,0.5795381287971739,0.705095648765564,0.7119708061218262,false,4
2251,0.07006518874189081,0.17245297133922577,0.17432378232479095,false,3
2252,0.22005685813154852,0.22083501517772675,0.2381785362958908,false,4
2253,0.3921076498127977,0.41575199365615845,0.4127907454967499,false,3
2254,0.7209194190623068,0.7572178244590759,0.7644413113594055,false,3
2255,0.42139564231911697,0.5324891805648804,0.46676188707351685,false,1
2257,0.4569612902016342,0.5079877376556396,0.5075096487998962,false,3
2258,0.4828292316395656,0.5396242737770081,0.5526778697967529,false,1
2259,0.5966006573646383,0.6427785158157349,0.6449519991874695,false,5
2260,0.3291752516074793,0.3960149884223938,0.39807382225990295,false,3
2261,0.708097776546683,0.7846683263778687,0.7881016731262207,false,5
2262,0.4803010728834121,0.5395738482475281,0.5398916602134705,false,5
2263,0.19614482619524054,0.36017370223999023,0.38341912627220154,false,3
2264,0.17084979807773926,0.23035010695457458,0.20543864369392395,false,4
2265,0.4236644618570753,0.48097655177116394,0.4099930226802826,false,1
2266,0.30958897629680276,0.35197213292121887,0.3518291413784027,false,5
2267,0.28123820225736973,0.35105153918266296,0.36409473419189453,false,3
2268,0.5780854131725696,0.6476628184318542,0.6442346572875977,false,2
2269,0.16268434506669802,0.29287025332450867,0.2791079580783844,false,4
2270,0.3731826546283826,0.4378318190574646,0.4329550564289093,false,5
2271,0.7713596439047581,0.7631769776344299,0.7620102167129517,false,3
2272,0.11904543658955424,0.1948602795600891,0.19340643286705017,false,4
2273,0.7596713078064884,0.7302761673927307,0.7321023941040039,false,3
2274,0.5825765287437717,0.43608155846595764,0.4347008764743805,false,3
2275,0.24032827794263475,0.37452834844589233,0.36510345339775085,false,3
2276,0.5958771713726153,0.6664328575134277,0.6878232359886169,false,1
2277,0.2593879611734915,0.30087998509407043,0.2947401702404022,false,5
2282,0.3141877858949334,0.28642526268959045,0.2882883548736572,false,5
2285,0.25635360108501254,0.2644779682159424,0.2643830180168152,false,2
2286,0.1975179040402315,0.29806581139564514,0.29893481731414795,false,3
2289,0.17077191403765885,0.33120080828666687,0.36181753873825073,false,4
2290,0.2622445429783346,0.30311575531959534,0.2750359773635864,false,4
2291,0.17077191403765885,0.33120080828666687,0.36181753873825073,false,4
2292,0.09541915189101889,0.2576786279678345,0.2641429603099823,false,4
2293,0.09541915189101889,0.2576786279678345,0.2641429603099823,false,4
2294,0.14890001583570694,0.2833757996559143,0.28305676579475403,false,4
2295,0.30742229309026614,0.3680175542831421,0.3680787682533264,false,2
2296,0.25520060902467995,0.38201749324798584,0.382111132144928,false,2
2297,0.3079601850266333,0.3590725362300873,0.3598910868167877,false,5
2298,0.18109664747652698,0.304826557636261,0.2898118197917938,false,4
2299,0.43843570596239856,0.4161800444126129,0.45036324858665466,false,1
2300,0.18597687383883382,0.26776474714279175,0.24759051203727722,false,4
2301,0.30976178860294323,0.23215346038341522,0.23804941773414612,false,4
2302,0.2523791523799075,0.24399341642856598,0.24920792877674103,false,2
2303,0.2901817791227902,0.28626689314842224,0.2859655022621155,false,2
2304,0.5638253605655479,0.5808333158493042,0.5772672295570374,false,2
2305,0.3889235736803962,0.45134127140045166,0.4966880977153778,false,1
2306,0.23573397076959812,0.23186606168746948,0.23442620038986206,false,5
2308,0.23573397076959812,0.23186606168746948,0.23442620038986206,false,5
2309,0.3631998732686183,0.26886221766471863,0.2639237940311432,false,5
2313,0.31277784398184927,0.3762342035770416,0.37865009903907776,false,5
2314,0.07641123051784816,0.22525036334991455,0.242670938372612,false,4
2318,0.6611871066506569,0.6526781916618347,0.6469662189483643,false,1
2320,0.23297452060895163,0.25030606985092163,0.24771541357040405,false,5
2321,0.17890720838848861,0.17309750616550446,0.16777880489826202,false,2
2322,0.1788876064455124,0.15921847522258759,0.1224035918712616,false,1
2323,0.24417836470853832,0.2717619836330414,0.2716771364212036,false,2
2324,0.2662302982857825,0.29794949293136597,0.29615405201911926,false,5
2325,0.10650110819132554,0.1267402619123459,0.14651814103126526,false,4
2327,0.26208483322020176,0.38386520743370056,0.3925889730453491,false,3
2328,0.1684220767253292,0.3083585500717163,0.296718567609787,false,4
2329,0.14178887527588713,0.24978691339492798,0.2516222894191742,false,3
2330,0.611165989360898,0.6010698676109314,0.6009092926979065,false,5
2332,0.21204844861806607,0.22075574100017548,0.22521552443504333,false,5
2333,0.1340504927863507,0.22617973387241364,0.2280302196741104,false,3
2334,0.43702583384452476,0.507237434387207,0.5124694108963013,false,5
2335,0.3814677439778142,0.4365791380405426,0.4399416148662567,false,2
2336,0.4736959702456725,0.6825960874557495,0.6748278141021729,false,4
2337,0.27746836169196154,0.288922518491745,0.38047894835472107,false,1
2338,0.6797017208682348,0.6571646332740784,0.6584597826004028,false,2
2339,0.6471372962057188,0.65123450756073,0.6439056396484375,false,3
2340,0.2566116570536547,0.30981558561325073,0.3442322909832001,false,4
2341,0.3518126619729605,0.34324589371681213,0.37338802218437195,false,1
2342,0.2759263625488225,0.3279256224632263,0.32659175992012024,false,2
2344,0.49463421474833835,0.476798951625824,0.4787236750125885,false,2
2345,0.3711107425298421,0.4015260636806488,0.40192529559135437,false,2
2346,0.41288706680835024,0.38032880425453186,0.3761012852191925,false,3
2348,0.3541447723930695,0.4072112441062927,0.41221997141838074,false,4
2349,0.4733273465051838,0.5254879593849182,0.5252519249916077,false,5
2350,0.18133357351911228,0.2267587035894394,0.21975593268871307,false,2
2351,0.47851876061125104,0.6362686157226562,0.6427602171897888,false,3
2352,0.288509982063313,0.2746197581291199,0.2734193503856659,false,2
2353,0.3900236203443934,0.47100168466567993,0.4665900468826294,false,3
2354,0.22185648077787626,0.2668306231498718,0.2623622715473175,false,5
2356,0.4849702807806532,0.4688549339771271,0.47072839736938477,false,3
2357,0.24418654269096307,0.2533336579799652,0.2518566846847534,false,2
2358,0.22485949264144814,0.34607627987861633,0.3119552433490753,false,1
2359,0.40675052059989397,0.4167560636997223,0.41151344776153564,false,4
2360,0.21019757867261732,0.3643057644367218,0.3814988434314728,false,4
2362,0.3366224061157928,0.3452388048171997,0.33754822611808777,false,2
2366,0.22827637947456889,0.26923030614852905,0.2709645926952362,false,3
2371,0.23672920920084117,0.24875624477863312,0.24994833767414093,false,3
2374,0.22827637947456889,0.26923030614852905,0.2709645926952362,false,3
2375,0.699387377439095,0.7025677561759949,0.7062914967536926,false,5
2377,0.46775128895728757,0.48759177327156067,0.5154723525047302,false,4
2380,0.3442911481964444,0.4031207859516144,0.3864966928958893,false,4
2381,0.45034473721339174,0.4538327753543854,0.4609297513961792,false,3
2382,0.43911829235329464,0.4212823510169983,0.42471522092819214,false,1
2384,0.12486611442822743,0.33733904361724854,0.35679447650909424,false,4
2385,0.23952392696152067,0.38871392607688904,0.3990797996520996,false,3
2386,0.4192213573636064,0.4981665015220642,0.49656185507774353,false,5
2387,0.24365356322678478,0.2677497863769531,0.26500511169433594,false,5
2388,0.4140741398598328,0.4447709619998932,0.4469696283340454,false,2
2389,0.7889902234852412,0.8142662048339844,0.8115996718406677,false,4
2390,0.663476634701091,0.6291801333427429,0.6264952421188354,false,3
2391,0.6375166201335415,0.6921945810317993,0.7014892101287842,false,4
2392,0.5618004054360242,0.5891324877738953,0.6018559336662292,false,3
2393,0.31715267420441184,0.3680713474750519,0.36981460452079773,false,2
2394,0.18043311820238134,0.3646147847175598,0.37108948826789856,false,4
2395,0.2068247004715272,0.3269060552120209,0.32970666885375977,false,4
2397,0.6941567007804494,0.7124777436256409,0.7162917852401733,false,1
2398,0.5618238687564487,0.67684406042099,0.6732010841369629,false,5
2399,0.7228211781207975,0.7042139768600464,0.6847885847091675,false,4
2401,0.5795126542309904,0.6272442936897278,0.634462296962738,false,5
2402,0.6503605930341716,0.7224850058555603,0.7011979222297668,false,4
2403,0.5010299031329073,0.487194299697876,0.49683937430381775,false,3
2404,0.26934088371355314,0.28152891993522644,0.2617855668067932,false,1
2405,0.22188989449131896,0.0974028930068016,0.08842281997203827,false,1
2406,0.44531942695638593,0.48935216665267944,0.4990590810775757,false,3
2407,0.45682829373077866,0.6042390465736389,0.605097234249115,false,2
2408,0.3933164030349616,0.28603336215019226,0.3358553647994995,false,1
2409,0.2162892710146938,0.2359904795885086,0.22548753023147583,false,1
2411,0.4489835953847059,0.5346327424049377,0.5223430395126343,false,3
2412,0.4775886493353283,0.6709175705909729,0.6512768864631653,false,4
2413,0.19589787098998676,0.159806028008461,0.12753786146640778,false,1
2414,0.7738526232404672,0.7343221306800842,0.7362467050552368,false,2
2415,0.4729554940032893,0.5570821762084961,0.5565529465675354,false,5
2416,0.36846452688035514,0.3474751114845276,0.38740837574005127,false,4
2417,0.28458548190573674,0.25939708948135376,0.25778728723526,false,2
2420,0.38495065722782656,0.4230365455150604,0.422406941652298,false,5
2421,0.2605682924596038,0.256267786026001,0.27429279685020447,false,1
2422,0.44006532973755336,0.4737151265144348,0.46284645795822144,false,1
2423,0.2242105176201035,0.2677497863769531,0.26500511169433594,false,5
2424,0.32474428657647936,0.23397007584571838,0.24384517967700958,false,1
2425,0.536054012496697,0.5751490592956543,0.5746926665306091,false,3
2426,0.568856044042453,0.6624502539634705,0.6567144989967346,false,4
2427,0.25632927563106594,0.2156348079442978,0.2050708383321762,false,4
2428,0.505534832249321,0.5852401256561279,0.5829685926437378,false,2
2429,0.4476790627192521,0.5120996236801147,0.5114513635635376,false,2
2430,0.5335789712779129,0.6766498684883118,0.6738336682319641,false,5
2431,0.3679136045407511,0.18498912453651428,0.23287948966026306,false,1
2432,0.3745416936414576,0.454736590385437,0.4224582016468048,false,4
2433,0.6850069951464812,0.6075984239578247,0.6202913522720337,false,5
2435,0.3411547138929286,0.5328388810157776,0.5336660742759705,false,4
2436,0.5085291146818394,0.5828731656074524,0.5801063179969788,false,3
2437,0.3780401197959247,0.5117158889770508,0.5155484676361084,false,4
2438,0.4108440772207517,0.38680753111839294,0.39534279704093933,false,4
2439,0.22904190197682436,0.4071784019470215,0.4168490767478943,false,3
2440,0.42735582639149444,0.3869645297527313,0.4246532917022705,false,1
2441,0.22557214405267875,0.24642005562782288,0.2452189326286316,false,2
2443,0.39518417806436196,0.4264775216579437,0.4237779378890991,false,2
2444,0.23226900538168316,0.17429524660110474,0.1752389818429947,false,3
2445,0.24594779891375226,0.3275456130504608,0.3577229082584381,false,1
2446,0.5964826372086055,0.6273032426834106,0.633425772190094,false,1
2447,0.5665995728839094,0.44193413853645325,0.43910208344459534,false,3
2448,0.21665057367835117,0.24155277013778687,0.25108760595321655,false,1
2449,0.22062615131351426,0.299539178609848,0.298709899187088,false,3
2450,0.41413523547307163,0.43155068159103394,0.4347097873687744,false,5
2451,0.2626179603857353,0.35342836380004883,0.36892130970954895,false,4
2452,0.46790545012650825,0.5078096985816956,0.5091792345046997,false,2
2453,0.25510353803844604,0.28030502796173096,0.2734777331352234,false,1
2454,0.19327490430392902,0.20419016480445862,0.23225285112857819,false,4
2455,0.11711297062332598,0.2446373850107193,0.24665841460227966,false,3
2457,0.3596654428562283,0.3716176152229309,0.3733590245246887,false,5
2458,0.22107128610553542,0.33149445056915283,0.3250215947628021,false,4
2459,0.43946656379716514,0.4126296937465668,0.42916303873062134,false,1
2460,0.30931497495738286,0.4160129427909851,0.4148199260234833,false,3
2461,0.3763319821600136,0.48425522446632385,0.47823166847229004,false,5
2462,0.27744186511363256,0.2746555805206299,0.27597776055336,false,5
2463,0.23359839617553582,0.21595953404903412,0.249141663312912,false,1
2464,0.32901809245581687,0.4452495276927948,0.43899857997894287,false,3
2465,0.2990541705382426,0.30336394906044006,0.31845396757125854,false,5
2466,0.6004183529994429,0.5526729226112366,0.5525546073913574,false,5
2467,0.3538556113575348,0.4747491776943207,0.4458606541156769,false,5
2468,0.35646233038478803,0.5069398283958435,0.4735245108604431,false,4
2469,0.34901218214207463,0.36458519101142883,0.3619972765445709,false,2
2470,0.31392838489677166,0.4584043025970459,0.4629214107990265,false,5
2471,0.5179048421183247,0.6245195269584656,0.6119195222854614,false,4
2472,0.34711141322062267,0.3620470464229584,0.3650626540184021,false,2
2473,0.3537872849792577,0.4934206008911133,0.4882376790046692,false,3
2476,0.6137694636318253,0.657078206539154,0.661500871181488,false,5
2478,0.41384951877875764,0.3328327536582947,0.3901469111442566,false,1
2479,0.5345708112006345,0.5434157848358154,0.5356846451759338,false,4
2480,0.508194126951293,0.5116357803344727,0.4929669201374054,false,4
2482,0.48900858313286766,0.49499425292015076,0.49943986535072327,false,5
2485,0.45997497992125064,0.3458571434020996,0.3764372169971466,false,1
2486,0.2567759832816076,0.2815450131893158,0.2805422842502594,false,5
2487,0.29331962280994106,0.299539178609848,0.298709899187088,false,3
2488,0.12318901729692215,0.30374711751937866,0.32171109318733215,false,4
2489,0.2657826633253032,0.38534632325172424,0.4198363125324249,false,4
2490,0.2567759832816076,0.2815450131893158,0.2805422842502594,false,5
2491,0.2363013790941078,0.24087819457054138,0.24265573918819427,false,3
2492,0.583541124908306,0.5985838770866394,0.5982255935668945,false,2
2493,0.5286479665175468,0.5239018797874451,0.5265783071517944,false,3
2494,0.5582189496671479,0.541853129863739,0.542996346950531,false,5
2495,0.2141896160333018,0.24165692925453186,0.24593059718608856,false,1
2496,0.2798339079280736,0.34947875142097473,0.35141637921333313,false,2
2497,0.42478212684290134,0.4212892949581146,0.4212876856327057,false,2
2498,0.44886479428551196,0.355027437210083,0.3547532260417938,false,5
2499,0.40372471047156416,0.5444872975349426,0.5397886633872986,false,5
2500,0.1991944065727004,0.34005680680274963,0.33154797554016113,false,3
2501,0.25400633859039273,0.20417332649230957,0.14592072367668152,false,1
2502,0.26210127962087315,0.22546815872192383,0.28073063492774963,false,1
2503,0.28826549860662287,0.24850216507911682,0.24801105260849,false,2
2504,0.146796444260647,0.20438480377197266,0.20860275626182556,false,4
2505,0.2563552220144726,0.4012690782546997,0.40143126249313354,false,3
2506,0.1435700926302895,0.12140028178691864,0.11256224662065506,false,1
2507,0.18523624200812197,0.16735149919986725,0.18277500569820404,false,1
2508,0.4070046982575677,0.2777523100376129,0.2093362659215927,false,1
2509,0.8198933066187439,0.8312129974365234,0.8535476326942444,false,4
2511,0.6259139051946135,0.6584330201148987,0.6582832932472229,false,5
2512,0.48605448940414064,0.2808803915977478,0.27822139859199524,false,3
2514,0.3529724826277881,0.45275595784187317,0.44805923104286194,false,1
2515,0.3862145992477416,0.5375925302505493,0.5398039221763611,false,2
2516,0.5404349949131153,0.44193413853645325,0.43910208344459534,false,3
2517,0.46643295973487087,0.5039550065994263,0.5097436308860779,false,4
2518,0.5243189470066819,0.6084604859352112,0.6250692009925842,false,5
2519,0.7669239874281827,0.8061798810958862,0.8041544556617737,false,1
2520,0.29461658756763254,0.33086758852005005,0.33420759439468384,false,4
2522,0.5082871443321306,0.5674737691879272,0.565106213092804,false,2
2523,0.24693709600692393,0.24699366092681885,0.24628636240959167,false,5
2524,0.36452496823170644,0.3645487427711487,0.36582231521606445,false,5
2525,0.6774408438763407,0.6801207661628723,0.6797642111778259,false,3
2526,0.49391228811557675,0.562598705291748,0.5698693990707397,false,2
2527,0.5671143528263451,0.5881426334381104,0.5468236804008484,false,1
2528,0.4399336563465424,0.4389546513557434,0.4376019835472107,false,5
2529,0.44429660409619254,0.48308879137039185,0.48072561621665955,false,2
2531,0.6171891127246976,0.6936473846435547,0.6931139230728149,false,2
2532,0.3632578765953782,0.468808650970459,0.4722035825252533,false,5
2533,0.8081183563386056,0.7985385656356812,0.8156856298446655,false,1
2534,0.44822970127935685,0.4818657338619232,0.39152106642723083,false,1
2535,0.13503256276962847,0.10760346055030823,0.11617865413427353,false,5
2536,0.2147413780697313,0.33183303475379944,0.32737499475479126,false,2
2537,0.21497124954535474,0.2267587035894394,0.22499272227287292,false,2
2539,0.14085635574006317,0.1980820596218109,0.19728052616119385,false,4
2540,0.64802745244227,0.6317695379257202,0.6400444507598877,false,1
2541,0.2240670900474246,0.23671334981918335,0.2353155016899109,false,2
2542,0.18921614677792678,0.11553896963596344,0.13655194640159607,false,1
2543,0.4281061420268371,0.47843852639198303,0.4661324918270111,false,1
2544,0.3402383706021343,0.4038642346858978,0.40284648537635803,false,1
2546,0.15058724024054806,0.20819289982318878,0.1869320422410965,false,1
2548,0.16977595048933902,0.21765395998954773,0.21645422279834747,false,3
2550,0.21467622381553542,0.27668654918670654,0.27875709533691406,false,1
2552,0.11243842141143472,0.19394348561763763,0.19508320093154907,false,3
2553,0.10984791690613165,0.2922303080558777,0.2948399782180786,false,3
2554,0.5125539308426054,0.6182566285133362,0.614396333694458,false,4
2555,0.5125539308426054,0.6182566285133362,0.614396333694458,false,4
2556,0.2808878444534052,0.40172070264816284,0.4001028835773468,false,3
2557,0.6381136650882615,0.6053474545478821,0.5931916832923889,false,1
2558,0.5067274708888708,0.6133472919464111,0.6167085766792297,false,3
2559,0.20018229355240838,0.22831104695796967,0.23736117780208588,false,2
2560,0.39848774627475264,0.3550872206687927,0.35695692896842957,false,2
2561,0.21187474268038714,0.28850388526916504,0.2882883548736572,false,5
2563,0.20201308692049316,0.341612845659256,0.33468708395957947,false,4
2564,0.3323508646384421,0.377188116312027,0.37789326906204224,false,5
2565,0.3553998572740569,0.36769071221351624,0.36747804284095764,false,5
2566,0.3065017713496249,0.3727567195892334,0.37257295846939087,false,5
2568,0.48691395869623977,0.5922488570213318,0.5430331230163574,false,1
2570,0.3718866351748051,0.5599108338356018,0.5428562760353088,false,4
2572,0.2942683247546521,0.37100347876548767,0.3627043664455414,false,3
2573,0.1849837551843451,0.11243558675050735,0.168435201048851,false,1
2574,0.318971586897564,0.35603711009025574,0.3530620336532593,false,5
2575,0.13814409773233302,0.15189091861248016,0.16873382031917572,false,4
2576,0.13814409773233302,0.15189091861248016,0.16873382031917572,false,4
2577,0.3060559923786566,0.354667067527771,0.34810328483581543,false,2
2578,0.4015207227338711,0.4591907560825348,0.45925742387771606,false,2
2579,0.25854214525453756,0.33267179131507874,0.3427906334400177,false,4
2580,0.07981914643747051,0.14267772436141968,0.14102190732955933,false,3
2581,0.25854214525453756,0.33267179131507874,0.3427906334400177,false,4
2582,0.2922694957921533,0.30752095580101013,0.3060339391231537,false,2
2583,0.3193712825346486,0.4754229187965393,0.4665452241897583,false,4
2584,0.40692730041430836,0.3496781885623932,0.34940582513809204,false,5
2585,0.1699403699964456,0.3025023341178894,0.3069392740726471,false,3
2586,0.5875884126021497,0.7004702687263489,0.6911900043487549,false,5
2587,0.4337001290726321,0.48324793577194214,0.4859272539615631,false,3
2588,0.49483293140363327,0.43116524815559387,0.4338744580745697,false,2
2589,0.5467534580457845,0.5510626435279846,0.5513107180595398,false,5
2591,0.29561752642782063,0.33990058302879333,0.3496624529361725,false,4
2592,0.3759233679604199,0.4610699415206909,0.4624060094356537,false,1
2593,0.5047559291914401,0.5913462042808533,0.5987098217010498,false,3
2594,0.4011988397545844,0.3644390404224396,0.3634377419948578,false,2
2595,0.5757708468949406,0.5922384858131409,0.622851550579071,false,1
2596,0.5037935049734361,0.5244342684745789,0.5173148512840271,false,5
2597,0.2829920005351608,0.4142572283744812,0.4325142204761505,false,4
2598,0.21105260523360092,0.3033601939678192,0.3045189678668976,false,3
2599,0.3995557654800877,0.3438158631324768,0.3484452962875366,false,1
2600,0.3220086261022084,0.41186290979385376,0.4081210792064667,false,3
2601,0.7756163185704488,0.8081600069999695,0.7977920770645142,false,1
2603,0.053166680541680555,0.07677443325519562,0.07767046988010406,false,4
2604,0.610020094899143,0.6423056125640869,0.6369470357894897,false,2
2605,0.39085849032236053,0.6365568041801453,0.6299686431884766,false,3
2606,0.5161185008048338,0.6005345582962036,0.6025733351707458,false,3
2607,0.053166680541680555,0.07677443325519562,0.07767046988010406,false,4
2608,0.3013890059524638,0.42087411880493164,0.40573254227638245,false,1
2612,0.47732152090249597,0.3208487629890442,0.3600284457206726,false,4
2613,0.5355672899205342,0.5898566246032715,0.5811968445777893,false,5
2614,0.2558691550445612,0.3141791522502899,0.3107852041721344,false,2
2618,0.2497210421466006,0.42064961791038513,0.4217577874660492,false,3
2619,0.33761073622635307,0.250583678483963,0.2523850202560425,false,3
2620,0.614094799389775,0.4629538059234619,0.45771050453186035,false,3
2621,0.535502967252317,0.4365586042404175,0.4331929087638855,false,3
2622,0.3647604027783942,0.4715219736099243,0.47264301776885986,false,3
2623,0.29655934242355364,0.29471132159233093,0.3181256353855133,false,4
2624,0.4012354723111053,0.30478259921073914,0.33069249987602234,false,1
2625,0.4164854157674992,0.4609301686286926,0.4585338830947876,false,2
2626,0.2008800913679684,0.2130214273929596,0.21707949042320251,false,5
2627,0.5067109658789307,0.5181823372840881,0.505376398563385,false,4
2628,0.4696506055674027,0.47872641682624817,0.47446170449256897,false,5
2629,0.49417554575541955,0.6532807350158691,0.6517536640167236,false,2
2630,0.6158064481004146,0.7219391465187073,0.6212462186813354,false,1
2631,0.42049729466632546,0.6634524464607239,0.6410366296768188,false,4
2632,0.7055857126611873,0.7210333347320557,0.7184659838676453,false,2
2633,0.560823279676869,0.6537541747093201,0.6755887269973755,false,1
2634,0.46108517615250966,0.3831540048122406,0.3942672312259674,false,1
2635,0.42859878688556025,0.5534053444862366,0.5067448616027832,false,4
2636,0.49743271375485176,0.4836602807044983,0.48299750685691833,false,4
2637,0.4214140876783361,0.6093196272850037,0.627400279045105,false,3
2638,0.4049201981300323,0.5008141398429871,0.5052526593208313,false,3
2639,0.3676465454373563,0.5970523953437805,0.6153423190116882,false,3
2640,0.48893233808942044,0.6611467003822327,0.6550829410552979,false,5
2641,0.5325348720031539,0.6676411032676697,0.6701087355613708,false,2
2642,0.47952647562674067,0.6352778673171997,0.6458016633987427,false,4
2643,0.26775598748135016,0.2307916283607483,0.19875754415988922,false,1
2644,0.19313559713889084,0.2918010354042053,0.35403239727020264,false,1
2645,0.3102998824242775,0.2326447069644928,0.2561449408531189,false,1
2646,0.3313117370890604,0.2661067247390747,0.2649799585342407,false,2
2648,0.14277684066561647,0.2705695629119873,0.27379727363586426,false,3
2649,0.2006216581799677,0.25030606985092163,0.24771541357040405,false,5
2651,0.701945796524918,0.5449132323265076,0.536259651184082,false,1
2652,0.6009592592388038,0.551520049571991,0.5461395978927612,false,4
2653,0.4605635320140084,0.5389305949211121,0.5444762706756592,false,2
2654,0.3674427446199941,0.29321739077568054,0.2997792959213257,false,1
2655,0.29980924911015167,0.5538700819015503,0.5521996021270752,false,3
2656,0.4224359930541262,0.5538700819015503,0.5521996021270752,false,3
2657,0.25737351623268995,0.3116185665130615,0.3825470805168152,false,1
2658,0.21583081001946053,0.253617525100708,0.2640959322452545,false,2
2659,0.5156244570350883,0.5537012815475464,0.5533328652381897,false,2
2660,0.35914722170921515,0.40317025780677795,0.40216320753097534,false,2
2661,0.5270292965729092,0.7615679502487183,0.7550315856933594,false,5
2662,0.4822978557411801,0.4827495813369751,0.4421078860759735,false,4
2663,0.36134563621698473,0.39551159739494324,0.40222790837287903,false,4
2664,0.22345206846387192,0.2211482971906662,0.27069157361984253,false,4
2665,0.3992918688382765,0.45593392848968506,0.45925864577293396,false,5
2666,0.48379688496058454,0.7171131372451782,0.7230441570281982,false,4
2667,0.4565344484887726,0.4614233374595642,0.4609156548976898,false,5
2668,0.6073260280906442,0.5647817254066467,0.5375515222549438,false,4
2672,0.5260854042573286,0.6965177655220032,0.6949509382247925,false,5
2673,0.3968832102939922,0.470901757478714,0.47083017230033875,false,5
2674,0.49589243413091433,0.5326353907585144,0.5422893166542053,false,3
2675,0.3672686174183557,0.5149261951446533,0.5156702399253845,false,5
2676,0.5703294047431381,0.4964416027069092,0.5039168000221252,false,1
2677,0.6226778636194951,0.6609249711036682,0.6106765866279602,false,1
2678,0.3973537481684301,0.43459147214889526,0.4241427183151245,false,4
2679,0.5540201569830255,0.36525702476501465,0.3277156352996826,false,1
2680,0.29079004806119857,0.32114407420158386,0.327489972114563,false,5
2681,0.3498633333359455,0.3432806134223938,0.34206199645996094,false,2
2682,0.5365263559219164,0.6392843723297119,0.6355794072151184,false,3
2683,0.35299953995006356,0.43027037382125854,0.4321942627429962,false,2
2684,0.2705943832620133,0.16589856147766113,0.19608952105045319,false,1
2685,0.2877470241402904,0.4496643841266632,0.4524756073951721,false,4
2687,0.5404559466500813,0.6500290632247925,0.6466743350028992,false,5
2688,0.5269028223520748,0.5488295555114746,0.5485836267471313,false,3
2689,0.3449963349737411,0.3485504388809204,0.30993223190307617,false,1
2690,0.45355844363283515,0.43311893939971924,0.40507712960243225,false,1
2691,0.531383278322459,0.5661278367042542,0.5335063934326172,false,1
2692,0.608689830342752,0.5827860832214355,0.576952338218689,false,1
2693,0.2979472032789249,0.25651979446411133,0.17509780824184418,false,1
2694,0.32722177566843896,0.3313138782978058,0.34083378314971924,false,5
2695,0.734390282026612,0.6400328874588013,0.6497123837471008,false,3
2696,0.21085268756873748,0.3139731287956238,0.3131316602230072,false,2
2697,0.26517855863521567,0.0796477198600769,0.09506600350141525,false,1
2698,0.5298633880108338,0.5899354815483093,0.5940799713134766,false,3
2699,0.5264585075147848,0.6697806715965271,0.6585723757743835,false,3
2700,0.5527023620039142,0.5270615816116333,0.49006980657577515,false,1
2701,0.32342606454980277,0.3873785734176636,0.3852854073047638,false,2
2702,0.28135537566149016,0.3156072497367859,0.3173794150352478,false,4
2703,0.32722177566843896,0.3313138782978058,0.34083378314971924,false,5
2704,0.4038790968127764,0.4633188247680664,0.527007520198822,false,1
2705,0.4662588289834805,0.5568063259124756,0.5655379891395569,false,4
2706,0.5239039957783982,0.6067934632301331,0.6046791076660156,false,2
2707,0.30622054943113786,0.20919430255889893,0.24179741740226746,false,1
2708,0.42504554351043483,0.4669506549835205,0.46395644545555115,false,5
2709,0.7153374161529216,0.7611302137374878,0.7571583986282349,false,1
2711,0.37260168304011776,0.41741785407066345,0.47039327025413513,false,1
2712,0.43030413197581935,0.5069506764411926,0.5063806176185608,false,2
2713,0.4280615996635404,0.4699680507183075,0.4693468511104584,false,5
2714,0.35111625500608795,0.45001107454299927,0.44895580410957336,false,3
2716,0.37201138158707414,0.2758404016494751,0.21587729454040527,false,1
2717,0.1357723538286619,0.171698659658432,0.14897765219211578,false,4
2718,0.2612877909261261,0.3266479969024658,0.3236654996871948,false,5
2719,0.18959620213920833,0.4013853967189789,0.3983616232872009,false,3
2721,0.44497950060515834,0.3653584420681,0.3962441086769104,false,1
2722,0.3453315870200224,0.1777777522802353,0.1754392385482788,false,1
2723,0.5263113111671375,0.534346342086792,0.5379278659820557,false,5
2724,0.25404668287904886,0.39595749974250793,0.39164817333221436,false,4
2725,0.3754382353563699,0.42018336057662964,0.41974568367004395,false,3
2726,0.5963342530928192,0.5678244829177856,0.495559424161911,false,1
2727,0.1505918380638969,0.15038666129112244,0.16098599135875702,false,4
2728,0.3760177733199201,0.36777377128601074,0.37120404839515686,false,5
2729,0.32286451946746053,0.2725467085838318,0.2509816586971283,false,4
2730,0.3349506816420296,0.2641206681728363,0.26423749327659607,false,4
2731,0.24168896737331078,0.24027183651924133,0.24140767753124237,false,2
2732,0.3745942501742504,0.23870545625686646,0.27796879410743713,false,1
2733,0.2241693431970796,0.24348588287830353,0.24556073546409607,false,2
2734,0.2196143911279384,0.27414947748184204,0.29385411739349365,false,1
2735,0.5117190620595946,0.5996170043945312,0.5991948246955872,false,2
2736,0.5490383360085894,0.6615357398986816,0.6610519886016846,false,2
2737,0.20707390197951347,0.2846889793872833,0.3361409902572632,false,4
2738,0.29449641807930577,0.2811369299888611,0.2251620888710022,false,1
2739,0.20771818339003065,0.13089442253112793,0.12292862683534622,false,1
2740,0.20724250805411962,0.2171684205532074,0.2161053866147995,false,4
2741,0.20724250805411962,0.2171684205532074,0.2161053866147995,false,4
2742,0.2238537859673196,0.25557318329811096,0.2550696134567261,false,2
2743,0.40582587921154273,0.6172184348106384,0.5975236296653748,false,4
2744,0.5744491459669736,0.656625509262085,0.670322060585022,false,1
2746,0.29916733219649255,0.3555244505405426,0.3678898513317108,false,1
2747,0.4577506139748519,0.5038505792617798,0.5022936463356018,false,2
2748,0.2762313498513101,0.34209582209587097,0.33793190121650696,false,5
2749,0.3820869375318918,0.5107758045196533,0.5007523894309998,false,2
2750,0.5152433142427078,0.633070170879364,0.6263867020606995,false,2
2751,0.30378246969188216,0.2771441638469696,0.2745181918144226,false,4
2752,0.23814152958069104,0.4973883628845215,0.4731708765029907,false,4
2753,0.23747311486185904,0.2792888283729553,0.2775996923446655,false,5
2754,0.23747311486185904,0.2792888283729553,0.2775996923446655,false,5
2755,0.23128517940629625,0.17077535390853882,0.17748354375362396,false,5
2757,0.24964307228158694,0.20279714465141296,0.24707475304603577,false,4
2758,0.46501584465926643,0.465183824300766,0.4568018615245819,false,2
2759,0.3678264819888969,0.1728326976299286,0.19321337342262268,false,1
2760,0.6539547703922842,0.7269841432571411,0.7309024333953857,false,2
2761,0.4512858082132739,0.42299503087997437,0.42283105850219727,false,5
2762,0.4978131753500991,0.5375925302505493,0.5398039221763611,false,2
2763,0.28162614069153086,0.4025198221206665,0.39602044224739075,false,3
2764,0.2156353534911954,0.2554968297481537,0.2585868835449219,false,2
2765,0.32517540960765823,0.4196403920650482,0.41519585251808167,false,2
2766,0.16398922364699436,0.17816482484340668,0.1894257515668869,false,5
2767,0.28914711812500876,0.26502084732055664,0.2712535560131073,false,2
2768,0.16398922364699436,0.17816482484340668,0.1894257515668869,false,5
2769,0.1375263375388375,0.19231151044368744,0.1954587697982788,false,5
2770,0.16906463776348685,0.20301693677902222,0.17775364220142365,false,4
2771,0.24672880883516046,0.22777573764324188,0.23249803483486176,false,5
2773,0.16654125217857083,0.21048849821090698,0.2124342918395996,false,2
2774,0.2079034091273289,0.24659797549247742,0.2576402425765991,false,4
2776,0.3179494546817999,0.3823348581790924,0.3783496618270874,false,5
2777,0.5000618676270217,0.4667932987213135,0.4628187417984009,false,3
2778,0.3185588415537507,0.3823348581790924,0.3783496618270874,false,5
2779,0.465525226762376,0.43076378107070923,0.42685043811798096,false,3
2780,0.19293617593983808,0.2239043265581131,0.22736278176307678,false,5
2781,0.17523126311545853,0.36035656929016113,0.3396358788013458,false,4
2782,0.34720916599641016,0.3710000514984131,0.37049001455307007,false,5
2783,0.5092589727685802,0.6162932515144348,0.6299740672111511,false,4
2784,0.09135643230972022,0.2483355551958084,0.2501637935638428,false,3
2785,0.5996068691558327,0.5853921175003052,0.583250880241394,false,2
2786,0.6336577895792683,0.6026828289031982,0.6066186428070068,false,5
2787,0.31617411591911554,0.4196145236492157,0.42055800557136536,false,3
2789,0.14868581459390284,0.10327151417732239,0.10013644397258759,false,4
2791,0.0730263116424722,0.1859821379184723,0.18489812314510345,false,3
2792,0.36906980389336574,0.502633810043335,0.5053514242172241,false,5
2793,0.4272421488250488,0.42480313777923584,0.381796270608902,false,1
2794,0.2808129879343665,0.35560742020606995,0.35596567392349243,false,1
2795,0.453791492661999,0.44870316982269287,0.41795459389686584,false,1
2796,0.27845544226064417,0.3006564676761627,0.2969612777233124,false,5
2797,0.3005222023088907,0.30624380707740784,0.3111329674720764,false,5
2798,0.23372160630743263,0.3687722384929657,0.34220606088638306,false,1
2799,0.22033121999925384,0.4059045910835266,0.39957913756370544,false,3
2800,0.304902005285049,0.34503039717674255,0.3654996454715729,false,1
2801,0.06868975238391808,0.31765440106391907,0.31142324209213257,false,4
2803,0.766127324424166,0.7925640344619751,0.7735527753829956,false,4
2805,0.43673230158735443,0.5008049011230469,0.49834877252578735,false,2
2807,0.20087743101994474,0.23268352448940277,0.26497143507003784,false,1
2808,0.2583022476900564,0.16300198435783386,0.16760875284671783,false,1
2809,0.46890789434811103,0.5049411058425903,0.5083822011947632,false,3
2810,0.4052908971923392,0.5351636409759521,0.5301964282989502,false,4
2811,0.32292058663864204,0.40141481161117554,0.40247610211372375,false,3
2812,0.268238348283774,0.34883052110671997,0.34802743792533875,false,2
2813,0.37352987135949595,0.4437384009361267,0.43628597259521484,false,2
2814,0.8406628361220118,0.8031390309333801,0.8043907880783081,false,3
2815,0.6830398988287258,0.7805661559104919,0.7833518385887146,false,5
2816,0.733831715576834,0.8135188817977905,0.7540338039398193,false,4
2817,0.40007020564721324,0.2932582497596741,0.31468266248703003,false,2
2818,0.41421406908495156,0.3767787218093872,0.3924344480037689,false,2
2819,0.4240580676490817,0.5029180645942688,0.5046674013137817,false,2
2820,0.37780359768351945,0.39142149686813354,0.3711603283882141,false,4
2822,0.43923974299743207,0.563819169998169,0.5606597661972046,false,1
2823,0.3821344749988536,0.5593656897544861,0.5408326387405396,false,4
2824,0.6297527027874597,0.670482873916626,0.6769915223121643,false,5
2825,0.6641180981964899,0.6145752668380737,0.604867696762085,false,4
2826,0.29341474140287477,0.27050572633743286,0.25353458523750305,false,1
2827,0.6085491922880739,0.4748603105545044,0.4799678921699524,false,3
2828,0.39315583926486114,0.340250700712204,0.397173136472702,false,1
2829,0.5335057634144856,0.5393217206001282,0.5385503172874451,false,2
2830,0.47587518275569757,0.4629800021648407,0.44442400336265564,false,4
2831,0.6213975393194308,0.6622697114944458,0.6596947908401489,false,3
2832,0.6424199604435666,0.6487432718276978,0.6508432626724243,false,5
2833,0.3634115015949724,0.24625565111637115,0.3198789656162262,false,1
2834,0.5002536008216928,0.5675907731056213,0.5659436583518982,false,4
2835,0.44323399608760783,0.40093693137168884,0.39755433797836304,false,3
2836,0.2741811642450974,0.1983015388250351,0.20097742974758148,false,1
2837,0.6639965419932019,0.6573759913444519,0.6545079350471497,false,5
2838,0.48651756178953187,0.44193413853645325,0.43910208344459534,false,3
2839,0.5186633372270154,0.5393089056015015,0.5382678508758545,false,2
2840,0.45153004020223897,0.461120069026947,0.4646141231060028,false,2
2841,0.5808253710443623,0.60135418176651,0.6074029803276062,false,5
2842,0.6729730511432744,0.7093781232833862,0.7086900472640991,false,3
2843,0.44126270441692966,0.4618600010871887,0.4597453773021698,false,5
2844,0.39138774881233634,0.3694898784160614,0.3770965039730072,false,1
2845,0.6198330320560311,0.5884438157081604,0.6162685751914978,false,1
2846,0.37842040043576347,0.4139408767223358,0.4082203507423401,false,2
2847,0.317532455812448,0.33651190996170044,0.3221415877342224,false,4
2848,0.6388880541369191,0.6317695379257202,0.6400444507598877,false,1
2849,0.29422767512830583,0.18018817901611328,0.1824895292520523,false,2
2850,0.3156221940225048,0.15707363188266754,0.18440145254135132,false,1
2851,0.47943371489127967,0.7210476398468018,0.7097698450088501,false,5
2852,0.16768345776729793,0.19342564046382904,0.19482959806919098,false,3
2853,0.5703882033694797,0.5622548460960388,0.5593783259391785,false,5
2854,0.28281623249318183,0.2806321382522583,0.2820475399494171,false,2
2855,0.2927928728272819,0.28710904717445374,0.2693679630756378,false,3
2856,0.641628539061826,0.6187275648117065,0.6233689785003662,false,5
2857,0.2711295868615024,0.2725759446620941,0.2695097029209137,false,5
2858,0.2611249562393093,0.24387921392917633,0.2750532627105713,false,1
2859,0.3515027819652466,0.532960057258606,0.5526216626167297,false,4
2860,0.7219556356522813,0.7919583320617676,0.785870373249054,false,5
2861,0.4714222752291349,0.5854918956756592,0.4877106845378876,false,1
2862,0.15244800143245615,0.32199716567993164,0.32113417983055115,false,3
2863,0.4202974160007422,0.37348368763923645,0.37841811776161194,false,5
2864,0.4132540488149183,0.4196840524673462,0.4819764196872711,false,1
2865,0.07536082080098741,0.22132781147956848,0.2175973653793335,false,3
2866,0.4628809668469379,0.5713814496994019,0.5709413886070251,false,3
2868,0.23219792024709715,0.3267143666744232,0.3236452639102936,false,3
2869,0.21060565820157945,0.30194127559661865,0.2940785884857178,false,2
2870,0.5936334516469375,0.5725440979003906,0.5748622417449951,false,5
2871,0.7154696332137307,0.7475811243057251,0.6975149512290955,false,4
2872,0.38234342514329145,0.5654972195625305,0.535926342010498,false,5
2873,0.35806986161378385,0.48378700017929077,0.299812912940979,false,1
2874,0.20628250095436548,0.21856431663036346,0.2150338888168335,false,3
2875,0.39399887278163753,0.3624533712863922,0.38674527406692505,false,1
2876,0.20113203046819056,0.22600486874580383,0.1692817658185959,false,1
2877,0.4278040294496438,0.43542855978012085,0.44226765632629395,false,4
2878,0.18742128738196953,0.20896896719932556,0.2144373506307602,false,5
2879,0.3277692966118137,0.38350728154182434,0.3879906237125397,false,3
2880,0.313061173001738,0.5015686750411987,0.5275987386703491,false,1
2881,0.24567415278404822,0.25324496626853943,0.2507232427597046,false,5
2882,0.2873808135162625,0.5801736116409302,0.5176709294319153,false,4
2883,0.47181432997382067,0.5235116481781006,0.5221791863441467,false,5
2884,0.47424721273687004,0.5948891639709473,0.5943295955657959,false,5
2885,0.22361264824889596,0.25916871428489685,0.26081785559654236,false,3
2886,0.28828339430488736,0.44600072503089905,0.4494367837905884,false,4
2887,0.21340876767801167,0.1985282301902771,0.1968931257724762,false,2
2888,0.23065190331874416,0.28345322608947754,0.27291974425315857,false,2
2892,0.35812280227150706,0.3363453447818756,0.3187790513038635,false,4
2893,0.2864442638403156,0.43710488080978394,0.43653443455696106,false,3
2894,0.2513409150179375,0.3517161011695862,0.33294031023979187,false,4
2895,0.4101832699677378,0.3416137993335724,0.34444013237953186,false,5
2896,0.2795688130408168,0.3237217664718628,0.3277181386947632,false,5
2897,0.32154682396100737,0.3845318853855133,0.39292317628860474,false,3
2898,0.060958547892629306,0.22481662034988403,0.2250705510377884,false,3
2899,0.45709329235780144,0.3868829309940338,0.38044023513793945,false,3
2901,0.3806518524648442,0.2585081458091736,0.2848111093044281,false,1
2902,0.4378076174771958,0.4016825258731842,0.40763694047927856,false,4
2903,0.5683875037508951,0.6240817308425903,0.6230511665344238,false,2
2904,0.36235204291356643,0.45062747597694397,0.45051053166389465,false,5
2905,0.5324311121455084,0.6825355887413025,0.6866723299026489,false,4
2906,0.675028561939002,0.7085509896278381,0.7103850841522217,false,2
2907,0.39077639176773493,0.5700128078460693,0.5796341896057129,false,4
2909,0.43875771003118125,0.4441409707069397,0.43150219321250916,false,1
2910,0.20673940148305245,0.1454218178987503,0.1701774150133133,false,1
2911,0.3711130508809291,0.4152667224407196,0.41080307960510254,false,2
2912,0.21472911192042612,0.39812931418418884,0.3947548270225525,false,3
2916,0.15153660638990096,0.3713158965110779,0.3537512719631195,false,4
2918,0.47171904373993606,0.5104406476020813,0.5069973468780518,false,5
2919,0.2570214737899784,0.1134709045290947,0.11798634380102158,false,1
2920,0.3538654412957646,0.3647853434085846,0.35827940702438354,false,2
2921,0.35162729095376866,0.2945862412452698,0.3497047424316406,false,1
2922,0.2748045727878505,0.27071353793144226,0.2884935736656189,false,1
2923,0.30895393051046094,0.40660998225212097,0.40306708216667175,false,3
2924,0.45992825451972286,0.6105976700782776,0.619813859462738,false,3
2926,0.1786889312380415,0.2206542193889618,0.21962480247020721,false,2
2927,0.6861585334654798,0.6498477458953857,0.6179898977279663,false,1
2928,0.4472811279904701,0.4816245436668396,0.47561806440353394,false,1
2929,0.3700058446232838,0.40262916684150696,0.4043440818786621,false,2
2930,0.22220262515911746,0.2194654643535614,0.22153368592262268,false,5
2931,0.3460548278518747,0.3416137993335724,0.34444013237953186,false,5
2932,0.534951649925349,0.5867565870285034,0.6492554545402527,false,1
2933,0.12855563117747257,0.2838619649410248,0.2881797254085541,false,3
2935,0.5882954471704301,0.6969158053398132,0.6942773461341858,false,5
2936,0.38388731515240115,0.4629172086715698,0.4773232042789459,false,5
2937,0.6631800448828968,0.6675776243209839,0.6669667363166809,false,2
2938,0.37943291200557205,0.4466910660266876,0.44360893964767456,false,5
2939,0.587214358614094,0.6564694046974182,0.6538733839988708,false,3
2940,0.22326741151769533,0.28642526268959045,0.2882883548736572,false,5
2941,0.5561692312661994,0.6188843846321106,0.6628627181053162,false,1
2942,0.49854407948114193,0.5620697736740112,0.5643907785415649,false,5
2943,0.5307912272969961,0.5903257727622986,0.6000404953956604,false,1
2944,0.5495518044163648,0.537602424621582,0.5402941703796387,false,3
2945,0.2652930545077418,0.3383929431438446,0.3385358154773712,false,2
2946,0.6889637390322533,0.6761739253997803,0.6635779142379761,false,3
2947,0.4239568983744558,0.4019947648048401,0.4325944185256958,false,1
2948,0.25434626044675573,0.2965240180492401,0.2863258719444275,false,5
2949,0.22822543308144572,0.27523520588874817,0.2785367965698242,false,1
2950,0.35427214802647755,0.37957218289375305,0.39569517970085144,false,4
2951,0.19029105191334295,0.39620277285575867,0.3946197032928467,false,4
2952,0.3493844424024905,0.3731288015842438,0.37186533212661743,false,3
2953,0.5992556239203108,0.6285014748573303,0.6249962449073792,false,2
2954,0.35601864780637144,0.3815056085586548,0.3804546594619751,false,2
2955,0.35922882425910424,0.4316868484020233,0.43113601207733154,false,2
2956,0.30757243682787544,0.3545346260070801,0.3557299077510834,false,5
2957,0.22840060147942953,0.30722934007644653,0.30428847670555115,false,5
2958,0.26209564624430187,0.39819467067718506,0.3921874165534973,false,3
2959,0.6789869565145011,0.6755377650260925,0.6824032664299011,false,5
2960,0.20706181016544814,0.24225683510303497,0.24473176896572113,false,3
2961,0.2810500409416636,0.23695534467697144,0.2421341836452484,false,1
2962,0.3592541254722385,0.49883031845092773,0.49526169896125793,false,3
2963,0.4741075744333244,0.500359296798706,0.49707382917404175,false,3
2964,0.20415327536216668,0.22864378988742828,0.23187820613384247,false,2
2965,0.2760389836645414,0.3123195171356201,0.30947670340538025,false,5
2966,0.2963026605343094,0.31582310795783997,0.31392401456832886,false,2
2967,0.3541105959039473,0.521247386932373,0.5204079151153564,false,5
2968,0.24746870526304637,0.261145681142807,0.26682087779045105,false,2
2969,0.36871447921103623,0.37767231464385986,0.37156185507774353,false,3
2970,0.5631932958414516,0.5823039412498474,0.5820116400718689,false,2
2971,0.4530865023991478,0.44733574986457825,0.4457807242870331,false,2
2972,0.43554425188767726,0.4522170424461365,0.45538491010665894,false,3
2973,0.4278434483608509,0.535507082939148,0.5309802293777466,false,2
2974,0.2552600832833031,0.41115665435791016,0.39816197752952576,false,4
2975,0.3642256161117089,0.41724151372909546,0.42645263671875,false,1
2976,0.44677030451065314,0.36283954977989197,0.3832109272480011,false,4
2977,0.44944798194007113,0.5597028732299805,0.560872495174408,false,3
2978,0.27740549596508657,0.24438269436359406,0.22313597798347473,false,4
2979,0.34060615118876725,0.36625394225120544,0.36760759353637695,false,5
2980,0.3786500787023073,0.5036829113960266,0.4706822335720062,false,4
2981,0.2813340444598149,0.2771475315093994,0.27706193923950195,false,2
2982,0.1104042624042624,0.2136644721031189,0.2099442481994629,false,4
2983,0.19625543860784692,0.25030606985092163,0.24722158908843994,false,5
2984,0.6191174097307561,0.6692506670951843,0.66947340965271,false,5
2985,0.34978197225514923,0.45604899525642395,0.45866477489471436,false,5
2986,0.30168273688682723,0.31130629777908325,0.3125569820404053,false,5
2987,0.28815657232016784,0.30952826142311096,0.30735763907432556,false,2
2988,0.3288695494700354,0.3472442328929901,0.28924474120140076,false,1
2989,0.3551443858017571,0.3452388048171997,0.3476988673210144,false,2
2990,0.17109270351132222,0.3479628562927246,0.3498721122741699,false,3
2991,0.5409561764416717,0.4770578444004059,0.4942294657230377,false,1
2992,0.7000737559010538,0.7147219777107239,0.686167299747467,false,1
2993,0.461677525666132,0.5606774091720581,0.4761035144329071,false,1
2994,0.17941162366783242,0.2282404750585556,0.22259338200092316,false,4
2995,0.1862457166718103,0.24302968382835388,0.24284695088863373,false,3
2996,0.2696806908192047,0.2677497863769531,0.26448893547058105,false,5
2997,0.3530386100212572,0.37464067339897156,0.38131409883499146,false,5
2998,0.4251946742719545,0.45813530683517456,0.45352524518966675,false,5
2999,0.1625266027717997,0.20795601606369019,0.20735882222652435,false,3
3000,0.16661668627936468,0.12206079810857773,0.11999919265508652,false,1
3001,0.16661668627936468,0.12206079810857773,0.11999919265508652,false,1
3003,0.6357127338061486,0.6014813780784607,0.5925077795982361,false,1
3004,0.37083353945033765,0.42381441593170166,0.4265139400959015,false,5
3005,0.3798007315347999,0.384868860244751,0.38038915395736694,false,3
3006,0.2631040483316816,0.3252735733985901,0.32790306210517883,false,3
3007,0.4814917308047854,0.5997238755226135,0.5978922843933105,false,2
3008,0.29917451202688544,0.3616601228713989,0.35345205664634705,false,3
3009,0.5844341857582244,0.6246562004089355,0.6198093891143799,false,2
3010,0.40170429704444083,0.42488497495651245,0.43635350465774536,false,5
3011,0.3066909458212362,0.30764278769493103,0.24187441170215607,false,1
3012,0.2743230744775179,0.3281562626361847,0.31776806712150574,false,3
3013,0.24368585219943625,0.2751740515232086,0.27633780241012573,false,5
3014,0.37247875897752053,0.24960105121135712,0.26626086235046387,false,4
3015,0.3445320894192369,0.34723618626594543,0.400850772857666,false,1
3016,0.24197837426258187,0.2509969174861908,0.24909035861492157,false,5
3017,0.1497761131285876,0.3158523142337799,0.315455824136734,false,3
3018,0.4195195107098353,0.5473749041557312,0.5374166965484619,false,3
3019,0.19210401858959572,0.2230512499809265,0.1800946444272995,false,1
3020,0.6831115310394305,0.7702535390853882,0.7698723673820496,false,3
3021,0.5751553953811867,0.7206386923789978,0.7270078063011169,false,5
3022,0.31103911459082856,0.2802774906158447,0.27600759267807007,false,3
3023,0.19371088926057511,0.25858408212661743,0.25336501002311707,false,5
3024,0.31725884963736645,0.29187485575675964,0.29861578345298767,false,3
3025,0.5258442506169971,0.3873000741004944,0.4527105987071991,false,1
3026,0.45849089115125735,0.5149261951446533,0.5156702399253845,false,5
3027,0.5009586501356057,0.565692663192749,0.565955638885498,false,2
3028,0.45667754542928696,0.6538874506950378,0.6200785040855408,false,4
3030,0.40436816273120707,0.3953384459018707,0.39842623472213745,false,2
3031,0.5016114743265764,0.6394317746162415,0.6372731924057007,false,2
3032,0.6297332936872266,0.65165114402771,0.657637357711792,false,5
3033,0.4162523097920539,0.43701887130737305,0.43120646476745605,false,4
3034,0.3700267720260401,0.43762052059173584,0.3786320388317108,false,4
3035,0.7855423825734111,0.7534502744674683,0.7540700435638428,false,2
3036,0.2018197403079009,0.2523846924304962,0.24724897742271423,false,5
3037,0.2821510854394032,0.28593212366104126,0.2726505994796753,false,4
3038,0.46685214006727344,0.41091278195381165,0.38324928283691406,false,4
3039,0.24071784413967756,0.39937078952789307,0.40034881234169006,false,4
3040,0.27830146159182034,0.268093466758728,0.27064138650894165,false,5
3041,0.1598125815318153,0.24951772391796112,0.2571636438369751,false,4
3043,0.1104433385277828,0.20994168519973755,0.21330733597278595,false,3
3044,0.6732424559922662,0.7303337454795837,0.7285628318786621,false,2
3045,0.7105851234076626,0.8098762035369873,0.8161133527755737,false,5
3046,0.31216904729836253,0.29174235463142395,0.31131500005722046,false,1
3047,0.952617459710152,0.8708271384239197,0.8771591186523438,false,4
3048,0.09869547731680084,0.22531981766223907,0.21676971018314362,false,4
3049,0.4817657703206582,0.5349622964859009,0.5298174619674683,false,5
3050,0.360537704834725,0.4108677804470062,0.4219679534435272,false,4
3051,0.4101603083051744,0.4162497818470001,0.412551611661911,false,5
3052,0.21747496929294324,0.25414344668388367,0.2516380250453949,false,5
3053,0.6492372602683909,0.6251178979873657,0.6792299151420593,false,1
3054,0.33847885542939765,0.3482324779033661,0.34701335430145264,false,2
3055,0.3115756869523313,0.3817477226257324,0.3825143575668335,false,2
3056,0.24002080614246263,0.3337406814098358,0.3410804569721222,false,2
3057,0.24302368144031775,0.3262370526790619,0.3246254622936249,false,2
3058,0.45641896890110295,0.3889907896518707,0.4123765230178833,false,4
3059,0.21090167967383397,0.2477753460407257,0.24802158772945404,false,2
3060,0.5254566506417896,0.5384195446968079,0.5410453677177429,false,2
3061,0.19200933276507695,0.23228630423545837,0.23258326947689056,false,3
3062,0.24913403426022082,0.34402257204055786,0.33702343702316284,false,3
3063,0.42387201269283936,0.6538417339324951,0.6564918160438538,false,3
3064,0.4962019734972554,0.6780164241790771,0.691241979598999,false,4
3065,0.484853633567427,0.4963226914405823,0.44013866782188416,false,4
3066,0.36204320152518327,0.33037108182907104,0.33010613918304443,false,5
3067,0.5226213834410403,0.535150945186615,0.5327950119972229,false,2
3068,0.7182152995028591,0.714953601360321,0.6634966135025024,false,1
3069,0.3183274960957321,0.25802114605903625,0.22013726830482483,false,1
3070,0.6421752286984694,0.630469799041748,0.6465116739273071,false,1
3071,0.326894448803429,0.3368823528289795,0.3342987596988678,false,4
3072,0.40055144343659926,0.3996778428554535,0.3950680196285248,false,3
3073,0.37064562931468004,0.2123672366142273,0.1960553675889969,false,1
3074,0.44956415154371093,0.47811684012413025,0.49371030926704407,false,5
3076,0.5546469093284104,0.586885392665863,0.5878509283065796,false,2
3077,0.41018305241100145,0.46790164709091187,0.46904662251472473,false,3
3078,0.39906656852606287,0.47221434116363525,0.46177712082862854,false,2
3080,0.18260878261963107,0.21645307540893555,0.2231573909521103,false,5
3081,0.379360915594482,0.4018068313598633,0.38849499821662903,false,1
3082,0.5878026785759981,0.5735083222389221,0.5533463358879089,false,1
3083,0.20797076065121753,0.243301123380661,0.23529712855815887,false,3
3084,0.3577339432960963,0.38128185272216797,0.38138169050216675,false,2
3085,0.16325810185928538,0.20497001707553864,0.20669259130954742,false,3
3086,0.26109479893022425,0.21027590334415436,0.20573924481868744,false,3
3087,0.8069985910954692,0.8150550723075867,0.8260303139686584,false,1
3088,0.38214935403786937,0.3633708357810974,0.35977983474731445,false,3
3089,0.4225018691749176,0.4867594540119171,0.48781707882881165,false,5
3090,0.3660643762373692,0.36968713998794556,0.3676157295703888,false,2
3091,0.4911361745536227,0.5190315842628479,0.5195503234863281,false,5
3092,0.4127313759358108,0.517608642578125,0.4919128119945526,false,4
3093,0.33475794352395616,0.3953811824321747,0.3961426913738251,false,5
3094,0.19907093998138747,0.2358076423406601,0.2354259192943573,false,2
3095,0.25006245467352267,0.244226336479187,0.22576364874839783,false,4
3096,0.248431571502047,0.2655532956123352,0.2652741074562073,false,5
3097,0.27983668003552004,0.360497385263443,0.35851749777793884,false,5
3098,0.23154658946802442,0.30536070466041565,0.30725327134132385,false,5
3099,0.29255908938842373,0.3570600748062134,0.32882609963417053,false,4
3100,0.43509243617765664,0.5394681096076965,0.5391560792922974,false,2
3101,0.2619021174890746,0.1693427562713623,0.2183523029088974,false,1
3102,0.31823989411056486,0.351389616727829,0.3490149676799774,false,2
3103,0.0540921321325733,0.165666863322258,0.1808283030986786,false,4
3104,0.5195663762783389,0.5378811955451965,0.5357165932655334,false,2
3105,0.19103484323525258,0.21368782222270966,0.2170756757259369,false,5
3106,0.19105492710214908,0.380193829536438,0.3697815239429474,false,3
3108,0.3233736792981477,0.39658084511756897,0.39743363857269287,false,4
3109,0.22388001495184492,0.30441778898239136,0.28645065426826477,false,4
3110,0.3484357376835148,0.3810749053955078,0.38575679063796997,false,2
3111,0.2333515122403073,0.2635113000869751,0.26466917991638184,false,5
3112,0.25458003086087955,0.25414344668388367,0.25397008657455444,false,5
3113,0.19405187429529536,0.30142736434936523,0.27128908038139343,false,4
3114,0.11282837112895329,0.3252601623535156,0.31710493564605713,false,4
3116,0.23913517570921472,0.28642526268959045,0.2882883548736572,false,5
3117,0.4043780520304762,0.3449293076992035,0.3438972234725952,false,2
3118,0.5970279905046127,0.588507890701294,0.5857223868370056,false,3
3120,0.19089427812736198,0.22581158578395844,0.2420513778924942,false,1
3121,0.19089427812736198,0.22581158578395844,0.2420513778924942,false,1
3122,0.19482800851784365,0.2052018642425537,0.2066081464290619,false,3
3123,0.5195663762783389,0.5378811955451965,0.5357165932655334,false,2
3124,0.5004375091629527,0.5582392811775208,0.5561262369155884,false,2
3125,0.48285629373711036,0.37461352348327637,0.3577156364917755,false,4
3127,0.46323214445959154,0.4250655472278595,0.44139620661735535,false,1
3133,0.2562923407208019,0.38825881481170654,0.38547810912132263,false,3
3135,0.19695691664996243,0.17043092846870422,0.17982852458953857,false,5
3136,0.2102512588397769,0.16335083544254303,0.12772244215011597,false,1
3137,0.21871642719183096,0.38874000310897827,0.38582032918930054,false,3
3138,0.3818648851850169,0.40234246850013733,0.39884307980537415,false,5
3139,0.277469581241877,0.2949156165122986,0.2941780090332031,false,5
3140,0.26147337027595147,0.24348588287830353,0.24649924039840698,false,2
3141,0.18004573317556843,0.22555561363697052,0.22789591550827026,false,5
3142,0.5149853591067418,0.4947066307067871,0.49390465021133423,false,3
3143,0.18997324832932094,0.23700140416622162,0.23193742334842682,false,1
3144,0.26348887764858336,0.2441326230764389,0.2508677840232849,false,2
3146,0.4243616906165487,0.4894646108150482,0.48584920167922974,false,2
3147,0.3871373285898828,0.498550683259964,0.535683810710907,false,4
3148,0.06498401357182751,0.14051146805286407,0.13772214949131012,false,3
3149,0.3530493509046824,0.2699260711669922,0.27403998374938965,false,3
3150,0.4180870046251275,0.5128180384635925,0.5195529460906982,false,1
3151,0.44865040538942585,0.46586543321609497,0.47122764587402344,false,3
3154,0.26591482923550336,0.3254937529563904,0.35911718010902405,false,4
3155,0.2246196133573661,0.2413916289806366,0.23763993382453918,false,1
3156,0.21825632325225494,0.13146480917930603,0.15478722751140594,false,1
3157,0.46404928160679304,0.5466889142990112,0.5484576225280762,false,5
3158,0.2283365235526902,0.2415236234664917,0.24689194560050964,false,5
3159,0.3653753127779132,0.3598843514919281,0.3648137152194977,false,3
3161,0.37019293261878294,0.3937051296234131,0.3868439793586731,false,3
3162,0.17130028084912252,0.271104633808136,0.27755388617515564,false,3
3164,0.38358257591940614,0.3882656991481781,0.40441378951072693,false,2
3165,0.2520571482397451,0.2920314371585846,0.3008540868759155,false,2
3167,0.32480473754938716,0.43931832909584045,0.4378802180290222,false,5
3168,0.3392612602148767,0.25399258732795715,0.2152337282896042,false,1
3169,0.25064281876313793,0.22641092538833618,0.21952295303344727,false,2
3170,0.018904519092019092,0.1401338279247284,0.13110390305519104,false,4
3171,0.18053663698272832,0.23147229850292206,0.2475357949733734,false,4
3173,0.4269325287670827,0.48853835463523865,0.5018554329872131,false,1
3174,0.4269325287670827,0.48853835463523865,0.5018554329872131,false,1
3175,0.4269325287670827,0.48853835463523865,0.5018554329872131,false,1
3176,0.20642083360140265,0.22736401855945587,0.2383449375629425,false,2
3178,0.18876200068464108,0.21240544319152832,0.21768589317798615,false,5
3179,0.26591482923550336,0.3254937529563904,0.35911718010902405,false,4
3180,0.16198046358388613,0.20152629911899567,0.1982012540102005,false,3
3183,0.18562581787686733,0.14196664094924927,0.1470644176006317,false,1
3184,0.12561148384351808,0.31063929200172424,0.3140265643596649,false,3
3187,0.456833423095245,0.5647554397583008,0.567419707775116,false,1
3188,0.3310380240226178,0.4074026644229889,0.40791788697242737,false,2
3189,0.39673864406903064,0.4173102080821991,0.395711749792099,false,5
3190,0.3911430085769356,0.3703847825527191,0.37835633754730225,false,2
3191,0.3672507603111854,0.5447658896446228,0.5478593707084656,false,4
3192,0.12667168155232755,0.24760526418685913,0.24834157526493073,false,3
3193,0.8241058748028022,0.817450225353241,0.8195149898529053,false,5
3194,0.3092183977253441,0.3794395327568054,0.38251549005508423,false,2
3195,0.3369238072433175,0.4558337926864624,0.4596724212169647,false,2
3196,0.6875529808904892,0.778610110282898,0.787460207939148,false,2
3197,0.4477634225125832,0.6463714838027954,0.6404879689216614,false,1
3198,0.7289220396218589,0.8235973715782166,0.8304408192634583,false,3
3199,0.7410682238174625,0.8206533789634705,0.8159849047660828,false,1
3200,0.41181711956392675,0.5506401658058167,0.5415288805961609,false,5
3201,0.6617192637830452,0.5751656293869019,0.5771803259849548,false,2
3202,0.30617349741403965,0.4089239239692688,0.4081627130508423,false,2
3203,0.1767871207104617,0.3149402141571045,0.32045790553092957,false,4
3204,0.1827715204847965,0.21774587035179138,0.21632184088230133,false,3
3205,0.4137911512965817,0.3923680782318115,0.38890334963798523,false,5
3206,0.21407881086043,0.2635113000869751,0.26025891304016113,false,5
3207,0.16056223976831563,0.2042224407196045,0.205820694565773,false,4
3208,0.2009060986953119,0.2950926423072815,0.29949426651000977,false,3
3210,0.10912056118761945,0.21366505324840546,0.21177180111408234,false,3
3212,0.20612214798865636,0.20898450911045074,0.2083851546049118,false,3
3214,0.1755512754672547,0.3321060240268707,0.3312639892101288,false,3
3219,0.36164368267941627,0.30393099784851074,0.26956990361213684,false,1
3220,0.6854281488328793,0.7360532879829407,0.7435484528541565,false,5
3221,0.6692576964518883,0.6303850412368774,0.686712920665741,false,1
3222,0.6480559407864861,0.6241050362586975,0.5880978107452393,false,1
3223,0.8712686234622639,0.8674893379211426,0.873196542263031,false,4
3224,0.3110173305708463,0.2963767647743225,0.294659823179245,false,2
3225,0.41288026872013023,0.5333573818206787,0.5324384570121765,false,2
3226,0.356707340504882,0.47058236598968506,0.46901535987854004,false,3
3227,0.336349794279294,0.4385914206504822,0.4359081983566284,false,2
3228,0.2208267701966784,0.23626048862934113,0.24030287563800812,false,5
3229,0.33647123640459076,0.39756301045417786,0.41494888067245483,false,3
3230,0.38149079876284653,0.4406498968601227,0.4340561032295227,false,5
3231,0.5497016011046828,0.6821165680885315,0.679692268371582,false,5
3232,0.3125774841643414,0.3960886597633362,0.38330647349357605,false,3
3233,0.5427336213848685,0.5533725619316101,0.5534407496452332,false,2
3234,0.46198137999273287,0.3841080665588379,0.40167346596717834,false,1
3235,0.47284337934317316,0.4262191355228424,0.3755897581577301,false,1
3236,0.34899490534629135,0.3097282350063324,0.31040945649147034,false,5
3237,0.3841724743108606,0.4043893814086914,0.3986336886882782,false,3
3238,0.39460600089758185,0.45895928144454956,0.45864883065223694,false,2
3239,0.1670063866048142,0.2267587035894394,0.21975593268871307,false,2
3240,0.3622038486396808,0.6232466101646423,0.6176133155822754,false,3
3241,0.6411096495960936,0.6526005864143372,0.6313016414642334,false,1
3242,0.5650811118525233,0.6154618859291077,0.6163976788520813,false,3
3243,0.1694961671542638,0.21163062751293182,0.20522496104240417,false,4
3244,0.14304917608352802,0.1646067500114441,0.1427937150001526,false,5
3245,0.1374641348161802,0.22520101070404053,0.22325660288333893,false,3
3246,0.5927811089700105,0.5854884386062622,0.5870708227157593,false,2
3247,0.19550176170135394,0.2549508512020111,0.25352510809898376,false,2
3248,0.5081585146080734,0.37896448373794556,0.4103573262691498,false,1
3249,0.15318690187632605,0.10684696584939957,0.10998428612947464,false,5
3250,0.25942456138346,0.37960579991340637,0.3773643970489502,false,3
3251,0.5602367662415545,0.4875715374946594,0.48649850487709045,false,1
3252,0.4919873213858274,0.5533499121665955,0.5566949248313904,false,5
3253,0.3811725511894869,0.439785897731781,0.4312630891799927,false,1
3254,0.25327246396432446,0.2677497863769531,0.2671392560005188,false,5
3255,0.2205350638662966,0.23063574731349945,0.23098552227020264,false,5
3256,0.42612786143683146,0.446148544549942,0.44559767842292786,false,2
3257,0.5411883029589473,0.485281765460968,0.48241209983825684,false,3
3258,0.4820087003526974,0.4883759915828705,0.48145169019699097,false,5
3259,0.7627654255492172,0.7757395505905151,0.7703096270561218,false,1
3260,0.24992003756985798,0.2784683406352997,0.2612794041633606,false,1
3264,0.33374930854748974,0.3504422605037689,0.344028115272522,false,4
3265,0.6224079027063069,0.5884438157081604,0.6155610084533691,false,1
3266,0.25057600601675206,0.30536070466041565,0.30725327134132385,false,5
3267,0.5281241340895666,0.4771653115749359,0.44706037640571594,false,1
3268,0.3188728339668429,0.41591688990592957,0.41145285964012146,false,3
3270,0.1688477243430804,0.3284284770488739,0.31359341740608215,false,4
3271,0.5973049655526642,0.6611850261688232,0.6619504690170288,false,2
3272,0.46507802523230546,0.4410738945007324,0.4563238024711609,false,1
3273,0.6781745750258173,0.7228034138679504,0.7273556590080261,false,3
3274,0.6744738566199661,0.6894536018371582,0.692623496055603,false,5
3275,0.4705272210153341,0.43202468752861023,0.4313938021659851,false,5
3276,0.27904724037777795,0.5570585131645203,0.5622221827507019,false,4
3277,0.36589354101403726,0.3348155915737152,0.31894055008888245,false,1
3278,0.5491791620228268,0.6516974568367004,0.6502053737640381,false,3
3279,0.8609485390904655,0.9194225072860718,0.9078107476234436,false,1
3281,0.31680391984570666,0.3449293076992035,0.3438972234725952,false,2
3283,0.502865847563442,0.4907302260398865,0.5854700207710266,false,1
3284,0.5627879582378895,0.6934928894042969,0.6909463405609131,false,5
3285,0.6500070003740669,0.7762159705162048,0.7782427668571472,false,4
3286,0.7197013740787824,0.8033279776573181,0.8275686502456665,false,4
3287,0.506941526047477,0.5533313155174255,0.5529577732086182,false,5
3288,0.3840599328717012,0.46597838401794434,0.46507957577705383,false,3
3289,0.43713989115578,0.5015828013420105,0.4866340756416321,false,1
3290,0.44799832792943406,0.4368019104003906,0.43475058674812317,false,5
3291,0.39576980783455973,0.599567711353302,0.600497841835022,false,3
3292,0.4999117113817927,0.5288801789283752,0.5297608971595764,false,2
3293,0.6317376532660809,0.6047062873840332,0.5945792198181152,false,1
3294,0.2512204004002711,0.30132848024368286,0.2639342248439789,false,5
3295,0.2586971820822973,0.29254570603370667,0.3043748140335083,false,4
3296,0.6681713993296786,0.6834161877632141,0.6879300475120544,false,5
3297,0.3984949214875324,0.3883398473262787,0.4180680513381958,false,1
3299,0.3789753969941066,0.4897746741771698,0.49054214358329773,false,3
3301,0.49949341974538436,0.6351866126060486,0.6015134453773499,false,1
3302,0.5277739959398927,0.5786188840866089,0.5762667655944824,false,2
3303,0.5096005464350575,0.5422559976577759,0.5486618876457214,false,5
3304,0.6578692675680147,0.6497113704681396,0.6475695371627808,false,2
3305,0.5740876568367739,0.637525737285614,0.639225959777832,false,5
3306,0.2749207318970053,0.2767730951309204,0.2822340130805969,false,5
3307,0.2749207318970053,0.2767730951309204,0.2822340130805969,false,5
3308,0.43858037249548815,0.15908275544643402,0.1958867460489273,false,4
3311,0.20033584609879043,0.24978691339492798,0.2516222894191742,false,3
3313,0.5277739959398927,0.5786188840866089,0.5762667655944824,false,2
3314,0.24942786820272528,0.23671334981918335,0.2353155016899109,false,2
3315,0.7217668535569491,0.7414811253547668,0.7581826448440552,false,1
3316,0.6597350824397652,0.6898645162582397,0.7198925614356995,false,1
3317,0.43662589188293555,0.5715367794036865,0.5740299820899963,false,3
3318,0.45013506932135733,0.4772780239582062,0.479012668132782,false,2
3319,0.2881966749594103,0.32199716567993164,0.32160496711730957,false,3
3320,0.41177362877804397,0.42018336057662964,0.41974568367004395,false,3
3321,0.3986629790118802,0.26165083050727844,0.26141810417175293,false,1
3322,0.22507107966026332,0.28984296321868896,0.2917192280292511,false,5
3323,0.6031963480073181,0.6214904189109802,0.62358158826828,false,2
3324,0.3730186864337606,0.38385531306266785,0.44169384241104126,false,1
3325,0.36078956192974176,0.3240688741207123,0.3226034641265869,false,3
3327,0.36078956192974176,0.3240688741207123,0.3226034641265869,false,3
3329,0.3606772588304452,0.40373194217681885,0.39608070254325867,false,4
3330,0.32094235733017606,0.3808022439479828,0.377716988325119,false,5
3331,0.18105870786925954,0.1455077975988388,0.15455931425094604,false,1
3332,0.2511700921180494,0.2188681960105896,0.2209688276052475,false,2
3335,0.47214630980828515,0.511824369430542,0.51072758436203,false,2
3336,0.39922730505218895,0.6014466285705566,0.6019535660743713,false,4
3337,0.2765138799335357,0.34340792894363403,0.3351139426231384,false,3
3338,0.5496711121731758,0.5994636416435242,0.5925949215888977,false,5
3340,0.33568107209218623,0.3554951548576355,0.3696667551994324,false,1
3341,0.18909238377586846,0.2194654643535614,0.22153368592262268,false,5
3343,0.2602473761681087,0.18973484635353088,0.18916386365890503,false,1
3344,0.39825654307692504,0.460683137178421,0.4963529407978058,false,1
3345,0.29133662680193356,0.3481219410896301,0.34855517745018005,false,2
3346,0.3349616013475021,0.2197139859199524,0.22303135693073273,false,3
3347,0.2741508283125642,0.34044206142425537,0.34174975752830505,false,5
3348,0.4324063199292798,0.45064476132392883,0.45422232151031494,false,3
3349,0.7787169566400471,0.7928199172019958,0.7943897247314453,false,1
3350,0.2061085096626735,0.24348588287830353,0.24207159876823425,false,2
3351,0.5558987488736371,0.7098569273948669,0.7196143865585327,false,1
3352,0.42286331103085767,0.5444620847702026,0.5408791899681091,false,2
3353,0.31408136832363676,0.4596455693244934,0.4620886743068695,false,4
3354,0.12098472434428315,0.305085688829422,0.31012868881225586,false,4
3355,0.21661733135385305,0.23295213282108307,0.23136545717716217,false,2
3356,0.2722893360740841,0.3357256054878235,0.3370378613471985,false,2
3357,0.3484144216397968,0.36881762742996216,0.4094119966030121,false,1
3358,0.26710108024625984,0.31829652190208435,0.31743884086608887,false,3
3359,0.4089375041087763,0.2345401495695114,0.24449984729290009,false,3
3360,0.10576546260756783,0.22968699038028717,0.23424558341503143,false,4
3361,0.3767702965203605,0.44526129961013794,0.4406309127807617,false,2
3362,0.30332721616394553,0.3141213357448578,0.3031778633594513,false,4
3363,0.6123339415082523,0.5700201988220215,0.5727283358573914,false,4
3364,0.42813387782525575,0.435761421918869,0.4377802312374115,false,2
3365,0.28424619252642025,0.37992361187934875,0.40936869382858276,false,4
3367,0.35036113840732697,0.37862512469291687,0.40488097071647644,false,1
3368,0.2783250396607151,0.38103801012039185,0.3827478885650635,false,3
3370,0.2053255812203382,0.21442820131778717,0.21894267201423645,false,5
3371,0.4677064563159814,0.4892946183681488,0.4676584303379059,false,1
3372,0.19881305767433968,0.13099685311317444,0.12718673050403595,false,1
3373,0.3882203774756154,0.4568459987640381,0.4582670032978058,false,1
3374,0.4291861489711279,0.4383125603199005,0.43574655055999756,false,3
3375,0.4277253067448445,0.45644041895866394,0.45362237095832825,false,2
3376,0.15503745822085713,0.21550898253917694,0.21775104105472565,false,5
3377,0.24791123506631918,0.15955427289009094,0.1591322124004364,false,1
3378,0.4978131753500991,0.5375925302505493,0.5398039221763611,false,2
3379,0.3542326582169219,0.38440263271331787,0.4001109004020691,false,2
3380,0.20870276646011943,0.251546710729599,0.25847798585891724,false,4
3381,0.19720384738172803,0.21958322823047638,0.22405993938446045,false,3
3382,0.25438611877027784,0.2194654643535614,0.22342419624328613,false,5
3383,0.6246749188265467,0.44848936796188354,0.44508156180381775,false,4
3384,0.6531360651447341,0.5750259160995483,0.5748622417449951,false,5
3385,0.662994275046069,0.6190050840377808,0.6250567436218262,false,1
3386,0.2175274275137803,0.36525747179985046,0.3712346851825714,false,3
3387,0.3957278237031156,0.48874908685684204,0.4900931119918823,false,3
3388,0.30757632805053864,0.5035238265991211,0.4762405753135681,false,4
3389,0.3006287316897639,0.45623114705085754,0.4553047716617584,false,3
3390,0.26710108024625984,0.31829652190208435,0.31743884086608887,false,3
3392,0.4550208663791636,0.5195243954658508,0.5180333852767944,false,2
3393,0.3683985070019402,0.4092353284358978,0.41169804334640503,false,5
3394,0.29202065074560046,0.3056598901748657,0.30984318256378174,false,5
3395,0.4092027802671184,0.38697168231010437,0.39643093943595886,false,3
3396,0.34273066032597177,0.3737963140010834,0.3707030415534973,false,5
3397,0.37634880336280285,0.3527071177959442,0.3547532260417938,false,5
3398,0.39023559041554295,0.4805604815483093,0.4803946912288666,false,5
3399,0.42039770909283475,0.4445655047893524,0.4618615210056305,false,5
3400,0.3783393023444523,0.39300623536109924,0.3950458765029907,false,2
3401,0.6495141915004708,0.6193782687187195,0.611410915851593,false,1
3402,0.47831112598187026,0.4899616539478302,0.49746623635292053,false,3
3403,0.622590868423649,0.7120905518531799,0.7194197177886963,false,3
3404,0.31762090467691967,0.41297176480293274,0.4132433235645294,false,3
3405,0.2843586680519342,0.21795761585235596,0.22382891178131104,false,4
3406,0.30148544894414364,0.3178461492061615,0.24798445403575897,false,1
3407,0.0422707576651075,0.1037391871213913,0.11681479960680008,false,4
3408,0.0422707576651075,0.1037391871213913,0.11681479960680008,false,4
3409,0.3342095012492836,0.3176664710044861,0.31240227818489075,false,4
3410,0.2889791571178282,0.28928107023239136,0.28482991456985474,false,4
3411,0.41388871572052943,0.32214006781578064,0.3816501498222351,false,1
3416,0.5479628736467881,0.5334886312484741,0.5632326006889343,false,1
3417,0.3384349713557631,0.36188265681266785,0.3471740782260895,false,4
3418,0.5060595388971347,0.4545540511608124,0.4543880224227905,false,5
3419,0.1228505618294024,0.19607573747634888,0.19812974333763123,false,3
3420,0.6504662924601513,0.7270166873931885,0.7205279469490051,false,2
3421,0.3389039889201456,0.35339030623435974,0.31696468591690063,false,1
3422,0.4028013346078012,0.4497031569480896,0.4544870853424072,false,5
3423,0.2639745704837193,0.13886889815330505,0.16186895966529846,false,1
3424,0.3379042135549617,0.3416602611541748,0.3390803635120392,false,3
3425,0.2731421470406845,0.3180460035800934,0.3209528923034668,false,3
3426,0.8021047404059892,0.7809486985206604,0.7817009687423706,false,5
3428,0.6347726454656374,0.5889228582382202,0.6160290241241455,false,1
3429,0.544266578797727,0.5670554041862488,0.5749561786651611,false,4
3430,0.2878500042954503,0.40183308720588684,0.40002259612083435,false,2
3431,0.18606091192751859,0.16892807185649872,0.1950511932373047,false,1
3432,0.39288693518233886,0.3740171492099762,0.43952837586402893,false,1
3433,0.33501939955817384,0.32827866077423096,0.35266876220703125,false,1
3434,0.6252199211034352,0.7290884256362915,0.7330418229103088,false,3
3435,0.4886819395542338,0.5318389534950256,0.5471463799476624,false,5
3436,0.3776069141103047,0.31180018186569214,0.35009458661079407,false,1
3437,0.29983855525709235,0.3647182285785675,0.32053205370903015,false,4
3438,0.6435432532231349,0.6030664443969727,0.6026346683502197,false,2
3439,0.264977908662545,0.3907894492149353,0.41130781173706055,false,4
3440,0.16608085547903922,0.12115321308374405,0.08770978450775146,false,1
3441,0.31222254213241935,0.32990455627441406,0.3276788592338562,false,3
3442,0.29455706400687287,0.2666630148887634,0.27288326621055603,false,5
3443,0.4231885049377419,0.6413951516151428,0.6256077289581299,false,2
3444,0.3507428543812345,0.3513217866420746,0.3515283465385437,false,5
3445,0.39555837115567166,0.6397772431373596,0.6394606828689575,false,3
3446,0.22517049626654154,0.15281006693840027,0.20631128549575806,false,1
3447,0.6248857221442979,0.7688062787055969,0.7394346594810486,false,4
3448,0.5875794951086719,0.600175678730011,0.6044876575469971,false,5
3449,0.3195586448560575,0.32833272218704224,0.2971148192882538,false,4
3450,0.12635291011877697,0.2597712576389313,0.2580597698688507,false,4
3451,0.630669850563056,0.7655371427536011,0.7704086899757385,false,3
3452,0.4053655851694446,0.5669673085212708,0.5710214376449585,false,2
3453,0.5693827603827812,0.3975873589515686,0.4049449563026428,false,1
3454,0.5049379092755288,0.6033568382263184,0.61365807056427,false,2
3455,0.6186757293309345,0.6667323708534241,0.6549268364906311,false,3
3456,0.23884134993936207,0.29309797286987305,0.28817951679229736,false,5
3457,0.3543329733130185,0.3114776909351349,0.32669001817703247,false,1
3458,0.8254523483105561,0.8290999531745911,0.7932676076889038,false,1
3459,0.2915918484658617,0.6084221005439758,0.6119090914726257,false,3
3460,0.3387703845882297,0.6069625020027161,0.6009404063224792,false,5
3461,0.2995983747304857,0.3798076808452606,0.3794625997543335,false,2
3462,0.2995983747304857,0.3798076808452606,0.3794625997543335,false,2
3463,0.7652686637995026,0.7028021216392517,0.7162295579910278,false,3
3464,0.36039092758472874,0.3317084014415741,0.33480304479599,false,5
3465,0.7004219490243325,0.814228892326355,0.8084505796432495,false,5
3466,0.26966113328037067,0.25950315594673157,0.26229292154312134,false,5
3467,0.42437975353016616,0.4349035620689392,0.4302172362804413,false,3
3468,0.44460720145177157,0.5928340554237366,0.6203852891921997,false,2
3469,0.7514188122478493,0.717174768447876,0.7948284149169922,false,1
3470,0.3266138339794583,0.42304399609565735,0.4270804822444916,false,3
3472,0.7105557632328288,0.7150826454162598,0.7157238125801086,false,3
3473,0.49087570699638655,0.48726215958595276,0.4946446716785431,false,3
3474,0.34663038353619996,0.45728978514671326,0.4495953619480133,false,4
3475,0.6650460984262219,0.6600112318992615,0.6827178001403809,false,4
3476,0.37169285057071383,0.3863029181957245,0.430794894695282,false,2
3477,0.5325681338203713,0.6512108445167542,0.6544527411460876,false,1
3478,0.3980558878516909,0.558501124382019,0.5469112396240234,false,3
3479,0.5477763727999426,0.6923752427101135,0.6856904029846191,false,2
3480,0.35297555706227185,0.3680175542831421,0.3660300672054291,false,2
3481,0.7094733457550548,0.7794075608253479,0.7714072465896606,false,5
3482,0.2810141965597107,0.5315916538238525,0.5487673878669739,false,4
3483,0.4188297707324201,0.47137773036956787,0.49119070172309875,false,2
3484,0.7208562526672664,0.8385038375854492,0.8596489429473877,false,4
3485,0.5379484369236973,0.8030135631561279,0.7986143231391907,false,3
3486,0.6073781738147612,0.7404718995094299,0.7643961310386658,false,4
3487,0.7624334789841208,0.8131581544876099,0.8128378987312317,false,3
3488,0.6421768347625519,0.7822107672691345,0.7819886207580566,false,3
3489,0.40416201989169515,0.3515456020832062,0.3580147624015808,false,1
3490,0.5655273887838232,0.5693194270133972,0.570549726486206,false,4
3491,0.39846938432414303,0.34082603454589844,0.3449289798736572,false,2
3492,0.5304256109025595,0.6557469964027405,0.6844354271888733,false,1
3493,0.42729165363501836,0.6232032775878906,0.6316760182380676,false,3
3494,0.3248064899839755,0.4899933636188507,0.4742639362812042,false,4
3495,0.8146448724645516,0.8732234239578247,0.8754956722259521,false,4
3496,0.7442249678685048,0.7817302346229553,0.7923675775527954,false,4
3497,0.6053147785701313,0.7457340359687805,0.7553370594978333,false,5
3498,0.5504635109950735,0.5526394844055176,0.6481673717498779,false,1
3499,0.3665229280554025,0.4820009768009186,0.47949469089508057,false,3
3500,0.2475112273991917,0.33993396162986755,0.38027071952819824,false,4
3501,0.47838088607986246,0.7752355933189392,0.7842665910720825,false,2
3502,0.5069426244363678,0.5817295908927917,0.5796137452125549,false,2
3503,0.6354797820792292,0.7348853349685669,0.7381814122200012,false,2
3505,0.25933172109013913,0.322281152009964,0.29774171113967896,false,1
3506,0.248031605299674,0.2828059196472168,0.2906589210033417,false,4
3507,0.42294702527201494,0.5011170506477356,0.5010267496109009,false,2
3508,0.5152498490451471,0.690546452999115,0.6719446778297424,false,3
3509,0.23935073306271018,0.3112422823905945,0.31256797909736633,false,5
3510,0.6554368074804462,0.6808046698570251,0.675932765007019,false,2
3511,0.33597851939941736,0.5498331189155579,0.5099632143974304,false,4
3512,0.46810722758269535,0.5659176707267761,0.5607188940048218,false,4
3513,0.5828876937690791,0.6994189620018005,0.7057911157608032,false,4
3514,0.2639224558295088,0.40087276697158813,0.39674538373947144,false,3
3515,0.6122316006226088,0.7076404690742493,0.721005916595459,false,5
3516,0.7187803074777532,0.7329894304275513,0.6955548524856567,false,4
3517,0.5469078105651013,0.5279752612113953,0.47959303855895996,false,1
3518,0.3528403901832352,0.45747971534729004,0.4591788351535797,false,1
3519,0.6543418754819537,0.5976837873458862,0.5963436961174011,false,2
3520,0.3835322356951615,0.43036022782325745,0.39567092061042786,false,4
3522,0.2659264783279119,0.30601778626441956,0.2868935167789459,false,4
3523,0.6071744649190777,0.6272550821304321,0.6292500495910645,false,2
3524,0.5302111284811594,0.539473295211792,0.5415444374084473,false,3
3525,0.3574483093481629,0.3613908290863037,0.36147111654281616,false,2
3526,0.4527121246427964,0.5204423666000366,0.5051037073135376,false,4
3527,0.5926122545637422,0.6220921874046326,0.5716079473495483,false,1
3528,0.5013260343770741,0.5189103484153748,0.5157301425933838,false,2
3529,0.807643394056995,0.8572241067886353,0.8627579808235168,false,5
3531,0.6496295245750087,0.7325977683067322,0.7391319274902344,false,3
3532,0.30068043076916856,0.5267612934112549,0.5353903770446777,false,3
3533,0.4174487167926527,0.48210522532463074,0.48147234320640564,false,2
3534,0.8027906000896123,0.807290256023407,0.8077536225318909,false,4
3535,0.6492381732263683,0.6225793361663818,0.6241787672042847,false,1
3536,0.5247926749706244,0.5587332844734192,0.5496581792831421,false,1
3537,0.4268057711215686,0.45762327313423157,0.45008742809295654,false,5
3538,0.701327465070065,0.7987484335899353,0.8092220425605774,false,2
3539,0.6518824609036629,0.7805361151695251,0.7828735113143921,false,3
3540,0.3733390734484162,0.40679311752319336,0.4006046950817108,false,3
3541,0.2961869166179538,0.5316375494003296,0.47646042704582214,false,4
3542,0.2101495259753115,0.4074155390262604,0.4118659198284149,false,3
3543,0.19512274587049952,0.16166365146636963,0.20063725113868713,false,1
3544,0.44262562698372426,0.43807747960090637,0.44711875915527344,false,5
3545,0.6666990172768914,0.6379137635231018,0.6545161604881287,false,1
3546,0.6340982621496544,0.6386186480522156,0.644071102142334,false,5
3547,0.40566376843057333,0.44310033321380615,0.4593016505241394,false,1
3548,0.5173498684799486,0.5154302716255188,0.5047360062599182,false,1
3549,0.16083600136832402,0.4157932996749878,0.4046984910964966,false,4
3551,0.4183198397247035,0.6097907423973083,0.6053357124328613,false,5
3552,0.6446619373207773,0.5884554386138916,0.6287381649017334,false,4
3553,0.5000524405384315,0.4923478662967682,0.4918697774410248,false,3
3554,0.17493906887226854,0.31545406579971313,0.31522926688194275,false,3
3555,0.39553953384488116,0.22439901530742645,0.26230812072753906,false,4
3556,0.2637326341348691,0.27701184153556824,0.28191885352134705,false,5
3557,0.4782703100505734,0.36210897564888,0.3888830840587616,false,4
3558,0.33002343594427286,0.3966130018234253,0.4187244176864624,false,4
3559,0.4187561876665532,0.2623790204524994,0.25656136870384216,false,1
3560,0.5472591189629906,0.630754292011261,0.6167606115341187,false,4
3561,0.43405603759507144,0.487409383058548,0.49759748578071594,false,5
3562,0.43589122629332017,0.5450444221496582,0.5291115641593933,false,4
3563,0.3733390734484162,0.40679311752319336,0.4006046950817108,false,3
3564,0.5751845443885074,0.6639954447746277,0.6592729687690735,false,5
3565,0.4635711555093833,0.6835574507713318,0.6945245862007141,false,3
3566,0.4236364999539569,0.5982866287231445,0.5856127738952637,false,3
3567,0.5263885097426327,0.5243012309074402,0.48524585366249084,false,4
3568,0.6541923123810469,0.5765133500099182,0.6203163266181946,false,1
3569,0.2787736310634897,0.2527831196784973,0.25223448872566223,false,2
3570,0.4735074836888534,0.3980717062950134,0.3904944360256195,false,4
3571,0.5050538825068536,0.48512518405914307,0.5008240342140198,false,4
3572,0.6672112035711107,0.779638946056366,0.7774766087532043,false,3
3573,0.6794301918294728,0.7222703695297241,0.7241165637969971,false,2
3574,0.47710681662309284,0.5941390991210938,0.5894256234169006,false,2
3575,0.3551643128210424,0.30556079745292664,0.32850873470306396,false,1
3576,0.242304458109821,0.2720227539539337,0.27150681614875793,false,2
3577,0.43712873529816526,0.334776908159256,0.35995930433273315,false,4
3579,0.3851479112266362,0.3965347111225128,0.3793809413909912,false,1
3581,0.4036999626262547,0.38707566261291504,0.4332098066806793,false,1
3582,0.5717897125748549,0.7191792726516724,0.7200502157211304,false,2
3583,0.47778432813817295,0.6785904169082642,0.6978119611740112,false,5
3584,0.3363182596507351,0.4212811589241028,0.42331790924072266,false,3
3585,0.21135488961693716,0.3356732428073883,0.33082810044288635,false,3
3586,0.4308804628483124,0.36790531873703003,0.36325234174728394,false,3
3587,0.4308804628483124,0.36790531873703003,0.36325234174728394,false,3
3588,0.5843821136347386,0.718449592590332,0.7331058979034424,false,5
3589,0.5842862986409477,0.5924947261810303,0.5830270051956177,false,3
3590,0.23540085763649038,0.21442820131778717,0.21894267201423645,false,5
3591,0.506261405269985,0.5839457511901855,0.5871554017066956,false,2
3592,0.4395756752606259,0.7287011742591858,0.7196455001831055,false,2
3593,0.279951597677338,0.3653748035430908,0.37229329347610474,false,5
3594,0.4060166987315084,0.43480178713798523,0.4700741767883301,false,1
3595,0.3432800414408134,0.5645847916603088,0.5347145795822144,false,4
3596,0.6297046985119326,0.6459031701087952,0.6456419825553894,false,1
3597,0.27128088086937835,0.4526609778404236,0.4535422623157501,false,3
3598,0.39618709032205957,0.33991023898124695,0.3480609655380249,false,5
3602,0.30602818602191756,0.28448665142059326,0.2844366133213043,false,2
3604,0.09352358629932159,0.20063355565071106,0.18884050846099854,false,4
3606,0.18501164628007644,0.14239852130413055,0.15072143077850342,false,1
3608,0.01174386845039019,0.22068366408348083,0.2053019106388092,false,4
3609,0.028687146187146188,0.09252551943063736,0.09209294617176056,false,4
3610,0.6683044078963237,0.7001420259475708,0.7205321192741394,false,1
3611,0.5905458794115016,0.605693519115448,0.6046447157859802,false,2
3612,0.6845922140620552,0.7447445392608643,0.7397863268852234,false,2
3613,0.32346728095595056,0.3979015350341797,0.39722520112991333,false,5
3614,0.7886390959432259,0.8319418430328369,0.8416469693183899,false,1
3615,0.7979444506082121,0.830947756767273,0.7895331978797913,false,1
3616,0.35586908190939964,0.33718276023864746,0.3441118597984314,false,2
3617,0.6364043153321073,0.7743811011314392,0.7859705090522766,false,5
3618,0.5195164788327713,0.5825772285461426,0.5806856155395508,false,4
3619,0.2239646543953908,0.4260685443878174,0.43044355511665344,false,3
3620,0.47674003740640747,0.6049594879150391,0.5936210751533508,false,4
3621,0.7712635084470193,0.7716203927993774,0.7679954767227173,false,5
3622,0.5992331396260457,0.6926453113555908,0.6939030885696411,false,3
3623,0.6365602332401812,0.7227098941802979,0.7182266712188721,false,2
3624,0.7799655243244024,0.7905203104019165,0.8190672993659973,false,1
3625,0.39422482735966574,0.4105565845966339,0.40981626510620117,false,2
3626,0.5872277008938162,0.6259017586708069,0.6057985424995422,false,1
3627,0.635793662172341,0.6420661211013794,0.6471140384674072,false,3
3628,0.5167899763063003,0.7083001732826233,0.7095960974693298,false,3
3629,0.5163329547049936,0.6180264949798584,0.6275371313095093,false,2
3630,0.6668618091849361,0.7321414947509766,0.7262890338897705,false,5
3631,0.6712959386880304,0.8271356821060181,0.8267068862915039,false,2
3632,0.6787508760264797,0.7534612417221069,0.7512403130531311,false,3
3633,0.642914731153779,0.7161442041397095,0.7336599826812744,false,4
3634,0.6594042597172083,0.7296780347824097,0.7323567867279053,false,5
3635,0.535340765982958,0.5906155705451965,0.5894920229911804,false,2
3636,0.4515297885444513,0.5798000693321228,0.5790441632270813,false,3
3637,0.4710744526267155,0.4360622465610504,0.4415375590324402,false,2
3638,0.24009398568003187,0.09827006608247757,0.1200430691242218,false,4
3639,0.6112406155758634,0.6578436493873596,0.656855046749115,false,2
3640,0.4872314327732999,0.426523357629776,0.47175702452659607,false,1
3641,0.5886800220511211,0.6544371247291565,0.658957302570343,false,5
3642,0.5687026306002412,0.6249427795410156,0.5696638822555542,false,1
3643,0.6018629015900421,0.5570259690284729,0.5769185423851013,false,4
3646,0.2239646543953908,0.4260685443878174,0.43044355511665344,false,3
3649,0.25740847462449484,0.299539178609848,0.298709899187088,false,3
3650,0.3443818537764906,0.382179319858551,0.38150355219841003,false,2
3651,0.28033101303659136,0.3186916410923004,0.3145921528339386,false,3
3652,0.31911380324505756,0.38694196939468384,0.38490426540374756,false,5
3653,0.6474240965285324,0.6920561790466309,0.6919134855270386,false,5
3655,0.20484019315556556,0.2389845997095108,0.2376546412706375,false,2
3656,0.22336156997661485,0.20473544299602509,0.20303276181221008,false,1
3657,0.4774890864748132,0.41545894742012024,0.40879693627357483,false,3
3658,0.3344500178236617,0.48235413432121277,0.49899160861968994,false,5
3659,0.4549658722583857,0.4129493534564972,0.3749288320541382,false,1
3660,0.1489135664571684,0.33437031507492065,0.3272213935852051,false,3
3661,0.4478796623779553,0.5758159756660461,0.5749765038490295,false,5
3662,0.713454628325331,0.6942110657691956,0.6870891451835632,false,4
3663,0.4373860939836865,0.48683962225914,0.4840037524700165,false,2
3664,0.32824967705460983,0.35263195633888245,0.3530769348144531,false,2
3665,0.3563771855125138,0.35416918992996216,0.3515035808086395,false,2
3666,0.20591374496995937,0.22790122032165527,0.23357175290584564,false,5
3667,0.39206235011009993,0.3310825228691101,0.32412031292915344,false,1
3668,0.4210784826568647,0.5011390447616577,0.49894627928733826,false,4
3669,0.2820810523492372,0.3128994405269623,0.3197280764579773,false,5
3670,0.45104758414773244,0.44014742970466614,0.490918904542923,false,1
3671,0.20591374496995937,0.22790122032165527,0.23357175290584564,false,5
3672,0.4337201424175949,0.638751745223999,0.6249396800994873,false,4
3673,0.4677224153197266,0.6673247218132019,0.6475446224212646,false,1
3675,0.04672747391497392,0.10675325989723206,0.1057935357093811,false,4
3676,0.04672747391497392,0.10675325989723206,0.1057935357093811,false,4
3682,0.4543696103068636,0.4741370975971222,0.4711589515209198,false,5
3685,0.3958513538665693,0.35064059495925903,0.3506437838077545,false,2
3686,0.40381130854101416,0.38004186749458313,0.3751176595687866,false,2
3687,0.26922340003028744,0.305465430021286,0.30321240425109863,false,2
3688,0.5865015008498206,0.5087582468986511,0.5115941762924194,false,1
3689,0.338222971584904,0.24814261496067047,0.3085471987724304,false,1
3690,0.4370118589287091,0.46853145956993103,0.454173743724823,false,2
3691,0.28901814140811455,0.3800066113471985,0.36639878153800964,false,2
3692,0.3228005158478333,0.26551374793052673,0.2658301591873169,false,5
3693,0.4601644496763685,0.47901037335395813,0.47020575404167175,false,2
3694,0.19433036965112788,0.299539178609848,0.298709899187088,false,3
3697,0.5724223851902558,0.5969294309616089,0.582772433757782,false,1
3698,0.44078938018870334,0.5564876794815063,0.528865396976471,false,4
3701,0.19633411436120565,0.2384258657693863,0.23890550434589386,false,5
3702,0.22094274659384028,0.30536070466041565,0.30725327134132385,false,5
3704,0.2617034486912585,0.33448246121406555,0.33225327730178833,false,4
3705,0.26330596591257716,0.3015255630016327,0.30003318190574646,false,2
3706,0.05970793656471405,0.15964236855506897,0.13647091388702393,false,4
3707,0.23368610203517562,0.3465766906738281,0.33434778451919556,false,2
3708,0.25355419947542635,0.24694862961769104,0.2453794926404953,false,5
3709,0.28270376458866897,0.3755306899547577,0.3751794695854187,false,2
3710,0.29428937989031195,0.3248807489871979,0.3321223855018616,false,4
3711,0.4244327159000362,0.45357128977775574,0.4529508352279663,false,2
3712,0.20848726939656653,0.2118893563747406,0.2057633101940155,false,5
3714,0.28080135895329905,0.24840737879276276,0.22695647180080414,false,4
3715,0.18379247367318816,0.14000675082206726,0.12528096139431,false,1
3716,0.23329970004955541,0.27114588022232056,0.2711082994937897,false,4
3717,0.1807275033689507,0.2886151075363159,0.29895761609077454,false,4
3718,0.3769702566459669,0.4934106171131134,0.49324464797973633,false,5
3721,0.08834388762780968,0.1370549499988556,0.13543055951595306,false,3
3723,0.4001509529561519,0.35316896438598633,0.358048677444458,false,1
3724,0.4487445492689779,0.4557606875896454,0.4612500071525574,false,1
3725,0.1636244750481062,0.08392729610204697,0.059486422687768936,false,1
3728,0.43874312743999366,0.49966537952423096,0.49969691038131714,false,5
3732,0.21813612329255677,0.23164120316505432,0.23893427848815918,false,2
3733,0.5487698755693236,0.600174069404602,0.6041184067726135,false,5
3734,0.2919736572308787,0.31657230854034424,0.3193797469139099,false,2
3735,0.3562487851997794,0.42753300070762634,0.4288063943386078,false,5
3737,0.37715682288774455,0.3470896780490875,0.3795590400695801,false,1
3738,0.5200560158658636,0.6311026811599731,0.6332232356071472,false,5
3739,0.7007377223837965,0.7163531184196472,0.7184181809425354,false,3
3744,0.20810053067559772,0.18411584198474884,0.2081489861011505,false,1
3745,0.19220588001180108,0.12321142107248306,0.139618381857872,false,4
3746,0.5488963915096937,0.6035850644111633,0.609755277633667,false,2
3747,0.4901965243541164,0.5564307570457458,0.5600425601005554,false,2
3748,0.5575992327184988,0.526724100112915,0.5248126983642578,false,1
3749,0.36245929873528093,0.33513572812080383,0.3493548333644867,false,4
3750,0.26479401642632727,0.28594639897346497,0.2906472682952881,false,5
3752,0.1972521306580074,0.10684696584939957,0.11389932781457901,false,5
3753,0.47368485177769637,0.5017127990722656,0.5025507807731628,false,3
3754,0.4363866670060169,0.5742076635360718,0.5004802942276001,false,1
3755,0.436437416288744,0.4387148916721344,0.4381617307662964,false,2
3756,0.3629775693469908,0.43570688366889954,0.43451637029647827,false,5
3757,0.5160134271032057,0.492859810590744,0.4892922341823578,false,3
3758,0.5483613054435641,0.5964686274528503,0.5779135227203369,false,1
3759,0.4023272507981869,0.4043721556663513,0.36565130949020386,false,4
3762,0.4107378744531321,0.4653151333332062,0.4860401749610901,false,4
3764,0.3100410733419761,0.3272983133792877,0.32787686586380005,false,2
3765,0.21813612329255677,0.23164120316505432,0.23893427848815918,false,2
3766,0.14879585399194023,0.19317933917045593,0.192122220993042,false,3
3767,0.21643733887383282,0.3036802411079407,0.29973453283309937,false,3
3773,0.2952694521072613,0.3103579580783844,0.31243255734443665,false,2
3774,0.46392510638647105,0.4114486575126648,0.41227778792381287,false,3
3775,0.45167150966998937,0.48843714594841003,0.49027296900749207,false,3
3776,0.39440574884619173,0.40359431505203247,0.40360909700393677,false,2
3777,0.436638326118061,0.5516876578330994,0.5524715185165405,false,5
3778,0.47219223743352573,0.5267753601074219,0.5208302140235901,false,5
3779,0.3423598803613141,0.4367554783821106,0.4362095594406128,false,2
3780,0.1972521306580074,0.10684696584939957,0.11389932781457901,false,5
3787,0.2776935686558067,0.2267587035894394,0.22499272227287292,false,2
3788,0.3180763824914218,0.3453254699707031,0.35536473989486694,false,1
3789,0.14154541796782505,0.258110374212265,0.26435115933418274,false,4
3791,0.3526258186418071,0.3618963062763214,0.3648812472820282,false,5
3793,0.43466810011399404,0.4618692696094513,0.4364779591560364,false,1
3794,0.19183365280266024,0.2765315771102905,0.2727589011192322,false,4
3796,0.34533104306600576,0.2833596467971802,0.32588067650794983,false,1
3797,0.19001601911160734,0.1245642676949501,0.11566978693008423,false,4
3798,0.18185730884477277,0.08564969897270203,0.08792778104543686,false,1
3799,0.2463065402843849,0.22248923778533936,0.22376395761966705,false,2
3800,0.40306910650590766,0.327719509601593,0.25553223490715027,false,1
3801,0.2083189827886492,0.15013644099235535,0.1188059151172638,false,1
3802,0.2787885338902494,0.20572710037231445,0.19792123138904572,false,1
3803,0.2083189827886492,0.15013644099235535,0.1188059151172638,false,1
3804,0.2788581606297551,0.4668700397014618,0.49415865540504456,false,4
3805,0.2788581606297551,0.4668700397014618,0.49415865540504456,false,4
3806,0.43236548850211576,0.3825171887874603,0.37819555401802063,false,3
3809,0.37735849448024905,0.4102891683578491,0.4082103371620178,false,5
3810,0.22883361991752083,0.3687874376773834,0.35801371932029724,false,4
3811,0.27915375449653185,0.21211861073970795,0.2468157559633255,false,1
3812,0.25203116025999983,0.3317103981971741,0.37658897042274475,false,4
3813,0.384353556814105,0.4082651734352112,0.4082103371620178,false,5
3814,0.515092033965216,0.7007681131362915,0.6896007061004639,false,5
3815,0.42183201032482853,0.5037992596626282,0.5575668811798096,false,4
3816,0.568997927091929,0.6440713405609131,0.6457195281982422,false,3
3818,0.3888819616864466,0.3130895495414734,0.3662495017051697,false,1
3819,0.24418654269096307,0.2533336579799652,0.2518566846847534,false,2
3822,0.3757344393359152,0.3731437027454376,0.37680813670158386,false,4
3824,0.5013820432021528,0.48967114090919495,0.4841671884059906,false,5
3825,0.4706748792573095,0.5848027467727661,0.5938497185707092,false,4
3826,0.7113245168788608,0.8011310696601868,0.8035671710968018,false,5
3828,0.5612576526810047,0.6328185200691223,0.602744460105896,false,5
3829,0.29737651704566626,0.2460859715938568,0.21478834748268127,false,1
3830,0.14184843895111934,0.282639741897583,0.28417524695396423,false,4
3831,0.49173566353218734,0.5562579035758972,0.5606064200401306,false,4
3832,0.3189639232855874,0.3988820016384125,0.3906567394733429,false,3
3833,0.607786268105432,0.47301846742630005,0.47232216596603394,false,3
3834,0.08975366021679992,0.15836146473884583,0.15441583096981049,false,3
3835,0.29994555142939144,0.3892213702201843,0.3985471725463867,false,3
3836,0.2597831940828223,0.2872720956802368,0.28406134247779846,false,3
3837,0.12497711477558854,0.1559258997440338,0.16738352179527283,false,5
3839,0.2537692238224699,0.22732271254062653,0.35264497995376587,false,1
3840,0.1350983252643469,0.18605178594589233,0.1923384815454483,false,4
3841,0.6623143935350118,0.7058034539222717,0.7078791856765747,false,5
3843,0.27760017758238825,0.26121658086776733,0.2745164632797241,false,5
3844,0.5466254904912285,0.5861564874649048,0.5898498296737671,false,2
3845,0.32172557168583354,0.35105788707733154,0.318208247423172,false,5
3846,0.7379072380535415,0.7118364572525024,0.7113947868347168,false,3
3847,0.4183055292683221,0.47973600029945374,0.4822584390640259,false,2
3848,0.34859815791654464,0.41500329971313477,0.4140433669090271,false,3
3849,0.17568266492279652,0.2423437237739563,0.2607696056365967,false,4
3850,0.38004196731567463,0.42479848861694336,0.47743263840675354,false,1
3851,0.723315628410041,0.7981022000312805,0.7969908118247986,false,2
3852,0.3884441617838088,0.4563005864620209,0.45539236068725586,false,5
3853,0.35902778336808877,0.36158743500709534,0.3486269414424896,false,1
3854,0.36395763685124066,0.4991503059864044,0.5034998059272766,false,3
3855,0.19261413895436735,0.24430468678474426,0.24611300230026245,false,3
3856,0.335178866732176,0.38431376218795776,0.38051649928092957,false,5
3857,0.32708047602296575,0.34376564621925354,0.3161030113697052,false,4
3858,0.3045659137474153,0.5201420187950134,0.5312480330467224,false,4
3859,0.6076615234537138,0.6555374264717102,0.65822434425354,false,5
3860,0.019818181818181818,0.11807791143655777,0.10739096254110336,false,4
3861,0.40960173779309295,0.3864429295063019,0.38258326053619385,false,1
3862,0.24671648967188006,0.24811837077140808,0.2504185736179352,false,2
3863,0.34764159692964064,0.41950520873069763,0.44290652871131897,false,4
3864,0.42652454266006906,0.5072154402732849,0.4897940158843994,false,4
3865,0.1983496075003429,0.2812592089176178,0.2866209149360657,false,4
3866,0.31399774596006796,0.4242764711380005,0.4206947088241577,false,3
3867,0.37494308734136517,0.543605625629425,0.5485446453094482,false,4
3868,0.25850761457460925,0.27901357412338257,0.2789638042449951,false,2
3870,0.30497918261922985,0.3058738112449646,0.3002561926841736,false,5
3871,0.19488325325069059,0.19309134781360626,0.19259421527385712,false,3
3872,0.3409593348706453,0.23523984849452972,0.22583413124084473,false,4
3873,0.27911371655382006,0.34627440571784973,0.3517307937145233,false,5
3874,0.3232160370985537,0.3740549385547638,0.3718661963939667,false,2
3875,0.5076912240182602,0.6386040449142456,0.6393612623214722,false,2
3876,0.6340709753224679,0.7655733823776245,0.7773149013519287,false,1
3877,0.01174386845039019,0.22068366408348083,0.2053019106388092,false,4
3878,0.4577668450400648,0.44790345430374146,0.42591485381126404,false,4
3879,0.2606718129054113,0.2677497863769531,0.26448893547058105,false,5
3880,0.26055547579747873,0.2645770013332367,0.2620297074317932,false,5
3881,0.32654874691808217,0.4415733516216278,0.3939163088798523,false,1
3882,0.703264822169571,0.737421989440918,0.6947513818740845,false,1
3883,0.2371673567016059,0.2665979266166687,0.2626565396785736,false,4
3884,0.30273049564721827,0.34533369541168213,0.3438904583454132,false,5
3885,0.573885313168354,0.5070220828056335,0.5030098557472229,false,2
3886,0.29209246747212086,0.3577503561973572,0.342953622341156,false,3
3887,0.39611903292808426,0.41087841987609863,0.4109337031841278,false,2
3888,0.6226998111645128,0.6937690377235413,0.6952239274978638,false,5
3889,0.3241757143837253,0.3547229468822479,0.3780112564563751,false,1
3890,0.17827350500376815,0.33419710397720337,0.3401626944541931,false,4
3891,0.28595157462381326,0.34763240814208984,0.3442862033843994,false,5
3892,0.4333774155317016,0.44983530044555664,0.4141193926334381,false,1
3893,0.40497025174294893,0.44061383605003357,0.43625763058662415,false,4
3894,0.3955963580621183,0.46405869722366333,0.4634667932987213,false,2
3895,0.2161775230220754,0.22057369351387024,0.22249490022659302,false,3
3896,0.36438119813448233,0.48636481165885925,0.48058316111564636,false,5
3897,0.529882808579552,0.4832197427749634,0.47860097885131836,false,5
3898,0.33060916500212423,0.3261014223098755,0.3284049332141876,false,5
3899,0.36533722906992516,0.43130794167518616,0.43099942803382874,false,2
3900,0.199428341040317,0.13639089465141296,0.16168507933616638,false,1
3901,0.17713052691573242,0.22436603903770447,0.22254712879657745,false,2
3902,0.3629839125623486,0.4024319052696228,0.40500327944755554,false,3
3903,0.3629839125623486,0.4024319052696228,0.40500327944755554,false,3
3904,0.17713052691573242,0.22436603903770447,0.22254712879657745,false,2
3905,0.24768186200118975,0.1498129814863205,0.15308767557144165,false,1
3906,0.2322901390919285,0.23714688420295715,0.24403944611549377,false,5
3907,0.22120406095144374,0.2581469714641571,0.266022652387619,false,2
3908,0.36533722906992516,0.43130794167518616,0.43099942803382874,false,2
3909,0.34337184606469,0.4326120913028717,0.43890973925590515,false,3
3910,0.4192011936969897,0.5095272064208984,0.5084930658340454,false,5
3911,0.24393135566327626,0.24168339371681213,0.26871365308761597,false,1
3912,0.36821223717302515,0.41329705715179443,0.41430380940437317,false,3
3914,0.31922398813673486,0.4700654149055481,0.4672040641307831,false,3
3915,0.43251227830551797,0.39500993490219116,0.3956660032272339,false,4
3916,0.4237980851916838,0.43623605370521545,0.43785855174064636,false,2
3917,0.2375208889589897,0.24752946197986603,0.24649310111999512,false,1
3918,0.3703419021741963,0.29505860805511475,0.29311832785606384,false,1
3920,0.4380000358398947,0.3380569815635681,0.329811692237854,false,4
3921,0.3078265740654432,0.3928719758987427,0.39386463165283203,false,4
3924,0.22454355689109295,0.2907658517360687,0.2875318229198456,false,3
3925,0.08337723953848793,0.1370549499988556,0.13543055951595306,false,3
3926,0.40162153181544247,0.45704224705696106,0.45297127962112427,false,2
3927,0.4218963867871514,0.48644500970840454,0.4761551320552826,false,3
3928,0.3200979330696822,0.44653356075286865,0.4393557906150818,false,4
3929,0.3200979330696822,0.44653356075286865,0.4393557906150818,false,4
3930,0.34980200110440557,0.405976802110672,0.4071478843688965,false,4
3931,0.44302363304166126,0.45704224705696106,0.45422524213790894,false,2
3932,0.20183474626420453,0.21197737753391266,0.21193827688694,false,2
3933,0.1668098650790214,0.3002914786338806,0.33560922741889954,false,4
3934,0.1914160942211357,0.17382003366947174,0.13529366254806519,false,1
3935,0.44663592349406983,0.49332937598228455,0.4456571340560913,false,1
3936,0.4751068222835804,0.49467232823371887,0.5042353868484497,false,4
3937,0.20183474626420453,0.21197737753391266,0.21193827688694,false,2
3938,0.4218963867871514,0.48644500970840454,0.4761551320552826,false,3
3939,0.14496024869840307,0.19364741444587708,0.19631518423557281,false,5
3940,0.2341023358544707,0.25324496626853943,0.25253522396087646,false,5
3942,0.39615152838235224,0.4333089292049408,0.43102341890335083,false,5
3944,0.26819848109893396,0.23438480496406555,0.23378309607505798,false,2
3945,0.2363373581672424,0.3236541152000427,0.322256863117218,false,5
3946,0.1748760834199573,0.17309750616550446,0.1635926216840744,false,2
3947,0.343422007693125,0.35547226667404175,0.3514208495616913,false,2
3949,0.21061037573537575,0.16380402445793152,0.16671940684318542,false,4
3951,0.18786061595349435,0.25395846366882324,0.26335468888282776,false,2
3952,0.24592733160487845,0.2549508512020111,0.25352510809898376,false,2
3953,0.36974293951836595,0.3821309804916382,0.38224995136260986,false,2
3955,0.1081361235178198,0.20223914086818695,0.20064865052700043,false,3
3958,0.515937957452905,0.6121071577072144,0.5858260989189148,false,1
3959,0.37602826965306607,0.5225358605384827,0.5225920081138611,false,2
3960,0.2035553003706497,0.2758788764476776,0.3074025809764862,false,1
3962,0.8356760608092142,0.8662983775138855,0.8724455237388611,false,4
3963,0.6618505767043665,0.7513723373413086,0.7510971426963806,false,2
3964,0.29779598332183294,0.4810468256473541,0.4806760847568512,false,3
3965,0.4797795653321053,0.580673098564148,0.5814769268035889,false,2
3966,0.07624626802935626,0.19803749024868011,0.17814487218856812,false,4
3967,0.3459927408255943,0.38616037368774414,0.3849184513092041,false,5
3968,0.7332977210772627,0.6747484803199768,0.672950804233551,false,2
3969,0.4554261803626262,0.5718229413032532,0.5139411091804504,false,1
3970,0.2698984613939422,0.360497385263443,0.35851749777793884,false,5
3971,0.5289743099184041,0.6375528573989868,0.6264468431472778,false,3
3972,0.5435004613848622,0.6083112955093384,0.6130961179733276,false,3
3973,0.3418622845790372,0.41560912132263184,0.4657819867134094,false,1
3974,0.3304459311972455,0.3737804889678955,0.3707219362258911,false,5
3975,0.25602648905435027,0.24055805802345276,0.24140484631061554,false,2
3976,0.33737687154251794,0.3538035750389099,0.3610910475254059,false,4
3977,0.3762887746173581,0.45663273334503174,0.4412369430065155,false,3
3978,0.09897656546669704,0.19861391186714172,0.20297116041183472,false,4
3981,0.22956068192229398,0.23750615119934082,0.23941479623317719,false,1
3982,0.19893308070918372,0.2523846924304962,0.24385428428649902,false,5
3983,0.24598374760745886,0.3465520441532135,0.333180695772171,false,3
3984,0.26872733474901594,0.25582945346832275,0.2533259391784668,false,5
3985,0.18913027810099833,0.2268219292163849,0.23208896815776825,false,3
3986,0.44038934678814856,0.4740245044231415,0.47313275933265686,false,5
3987,0.4362189571897791,0.4582560658454895,0.5094294548034668,false,4
3988,0.2984205310430935,0.27233248949050903,0.27130427956581116,false,2
3989,0.31309340109774497,0.27233248949050903,0.27130427956581116,false,2
3990,0.30888265983442365,0.2522251605987549,0.2508877217769623,false,1
3996,0.18429016790197608,0.21127577126026154,0.20923174917697906,false,5
4000,0.4068773519686063,0.4605134427547455,0.46064040064811707,false,2
4001,0.41155070430964924,0.44749075174331665,0.44041022658348083,false,5
4002,0.46487203697231905,0.5636584758758545,0.6109498739242554,false,1
4003,0.6876882407440569,0.7137651443481445,0.7135348916053772,false,3
4004,0.33186008361054325,0.35056939721107483,0.34891241788864136,false,5
4007,0.3426673104686014,0.3285883069038391,0.32223212718963623,false,2
4009,0.4142897353157269,0.38776490092277527,0.41449376940727234,false,1
4010,0.6129027946879686,0.5880297422409058,0.5914230346679688,false,2
4011,0.05769233617259933,0.21218155324459076,0.19882188737392426,false,4
4012,0.5586327387221524,0.49801260232925415,0.4691491425037384,false,1
4014,0.3380896299502543,0.2871292233467102,0.2855292856693268,false,3
4015,0.23859148158016058,0.2549508512020111,0.25352510809898376,false,2
4017,0.5370962532607222,0.5753201246261597,0.5796534419059753,false,1
4018,0.32650147136124374,0.40799787640571594,0.4093707799911499,false,2
4019,0.47417028613313733,0.5801159143447876,0.5763190388679504,false,3
4020,0.25583754287911714,0.21993902325630188,0.22350072860717773,false,3
4021,0.5661817239819977,0.6466553211212158,0.6463395953178406,false,2
4022,0.26189275150897257,0.30570539832115173,0.302629292011261,false,2
4023,0.719395110462399,0.7108474969863892,0.7113508582115173,false,3
4024,0.8109878926745947,0.784683883190155,0.7901855111122131,false,4
4025,0.3075433957282559,0.3522479236125946,0.35153716802597046,false,5
4026,0.48663625031291785,0.4531395435333252,0.4407097101211548,false,4
4030,0.3303724321508266,0.39091700315475464,0.39109787344932556,false,3
4031,0.22910423783284373,0.3022036850452423,0.2989821135997772,false,4
4032,0.10431214554279569,0.24001114070415497,0.25904759764671326,false,4
4034,0.4938036709431552,0.3662232458591461,0.3470367193222046,false,1
4035,0.4081469565627953,0.4855695366859436,0.4853426516056061,false,3
4036,0.38338762190252124,0.4905112683773041,0.4508402645587921,false,4
4038,0.35273909737014086,0.3663186728954315,0.36799266934394836,false,2
4039,0.32983486402668377,0.3042393922805786,0.19376389682292938,false,1
4040,0.3253387894064879,0.20564992725849152,0.22253739833831787,false,1
4041,0.3998167572150906,0.4573807418346405,0.4325222373008728,false,1
4042,0.6080972185976128,0.5810300707817078,0.5845532417297363,false,5
4043,0.3835818477696422,0.30577099323272705,0.300400048494339,false,3
4044,0.21457313751658408,0.4147583842277527,0.4137721359729767,false,3
4045,0.17994950349861877,0.2510697543621063,0.2625863552093506,false,4
4046,0.3516701935906601,0.3095977008342743,0.3094015419483185,false,2
4049,0.21032735644476894,0.3039730489253998,0.30279746651649475,false,2
4050,0.32286000341157256,0.3263307809829712,0.32443585991859436,false,2
4051,0.3426673104686014,0.3285883069038391,0.32223212718963623,false,2
4052,0.3935926033346267,0.46284016966819763,0.5009890794754028,false,4
4053,0.290839591849133,0.31684014201164246,0.3170264661312103,false,2
4054,0.16783215984222177,0.19626829028129578,0.21489781141281128,false,4
4055,0.6514064438687202,0.7165103554725647,0.7347466945648193,false,4
4057,0.07848823986403468,0.18923738598823547,0.18751519918441772,false,3
4058,0.20841622801332846,0.2344251573085785,0.23710639774799347,false,2
4059,0.5143740498900746,0.5256987810134888,0.5314327478408813,false,4
4061,0.2671415513647873,0.15039166808128357,0.1607745736837387,false,1
4062,0.7500512388797991,0.7506258487701416,0.7369979619979858,false,4
4064,0.5678139275994772,0.5665966868400574,0.5563421249389648,false,3
4065,0.6055678781966036,0.7876810431480408,0.785779595375061,false,5
4066,0.1913017905297317,0.26650089025497437,0.2840424180030823,false,4
4067,0.09245050353598849,0.42963889241218567,0.4168340265750885,false,3
4068,0.5051969991035707,0.6180415749549866,0.6200335025787354,false,3
4069,0.48383703586664695,0.5684276819229126,0.5675854682922363,false,5
4071,0.5155611252891926,0.7304301857948303,0.6689569354057312,false,1
4072,0.24754282102119785,0.2919597625732422,0.2958637475967407,false,5
4073,0.36149057343728397,0.4527803063392639,0.47688111662864685,false,4
4074,0.1259855359367827,0.07612203061580658,0.11854387074708939,false,4
4075,0.30234857494261097,0.33915090560913086,0.3373464047908783,false,2
4076,0.2745773508068332,0.3790353238582611,0.3367617130279541,false,1
4077,0.4246958260998962,0.573839545249939,0.5740674138069153,false,5
4078,0.4246958260998962,0.573839545249939,0.5740674138069153,false,5
4080,0.4051200483012824,0.424629807472229,0.4199977219104767,false,3
4081,0.23681965811659145,0.3039416968822479,0.30372148752212524,false,3
4082,0.5796844300567534,0.6228128671646118,0.6250334978103638,false,2
4084,0.5509088157759984,0.6411186456680298,0.6467978954315186,false,3
4085,0.4608409431851435,0.6714004874229431,0.6779553890228271,false,4
4086,0.7545090690907411,0.8328113555908203,0.8294092416763306,false,5
4087,0.405449316137345,0.4898238778114319,0.49086809158325195,false,3
4088,0.45838680151156863,0.5214003324508667,0.5281741619110107,false,3
4089,0.5409494582588695,0.6815565824508667,0.6854774951934814,false,5
4090,0.10023766241068871,0.13767559826374054,0.13644170761108398,false,4
4091,0.4323466566891108,0.4645534157752991,0.44841668009757996,false,5
4093,0.6924845884710809,0.746058464050293,0.7438820600509644,false,2
4096,0.804296934230542,0.7308089733123779,0.662914514541626,false,5
4099,0.20067409095491254,0.16788460314273834,0.1251254677772522,false,1
4100,0.10288419477221997,0.18645726144313812,0.18594905734062195,false,3
4101,0.3893956940049887,0.3361407220363617,0.35179269313812256,false,1
4102,0.3893956940049887,0.3361407220363617,0.35179269313812256,false,1
4103,0.3893956940049887,0.3361407220363617,0.35179269313812256,false,1
4104,0.6825109053671361,0.6689837574958801,0.6861364245414734,false,4
4105,0.15510253570510923,0.3777427673339844,0.3819016218185425,false,3
4106,0.27713762839060607,0.37293875217437744,0.37534299492836,false,2
4107,0.1850653903447116,0.21832433342933655,0.21806876361370087,false,2
4108,0.3597452667519505,0.18838052451610565,0.1937142312526703,false,1
4109,0.2499679794349128,0.322767972946167,0.45811936259269714,false,1
4110,0.31870606973213866,0.33709290623664856,0.3341341018676758,false,5
4111,0.4748498331077324,0.41906440258026123,0.3392461836338043,false,1
4112,0.43845138664930855,0.633682131767273,0.6246229410171509,false,4
4113,0.37829181438616416,0.4656103253364563,0.5226032733917236,false,4
4115,0.45411101067215787,0.5225480198860168,0.5201119780540466,false,2
4116,0.3053307420486122,0.34345749020576477,0.3500075042247772,false,1
4118,0.45411101067215787,0.5225480198860168,0.5201119780540466,false,2
4119,0.452747501529569,0.5085403919219971,0.5056741237640381,false,3
4120,0.5012683129332417,0.5007439255714417,0.41981932520866394,false,1
4121,0.45411101067215787,0.5225480198860168,0.5201119780540466,false,2
4123,0.299588607643127,0.23589056730270386,0.2511078417301178,false,1
4124,0.7692207055576428,0.7655990123748779,0.7544968128204346,false,1
4125,0.12545281353374926,0.34154704213142395,0.31595009565353394,false,4
4126,0.4053847547482532,0.414519339799881,0.41256994009017944,false,2
4127,0.4846102799554415,0.5065346956253052,0.516226589679718,false,4
4128,0.3271724003600125,0.3615712523460388,0.376641184091568,false,2
4129,0.3946810312948567,0.40367889404296875,0.4037054181098938,false,5
4130,0.2990079852714384,0.35243797302246094,0.3511575162410736,false,3
4131,0.48914509969612224,0.5569257140159607,0.5563327670097351,false,3
4132,0.36120219602068665,0.444161593914032,0.44523441791534424,false,3
4133,0.6956410676541677,0.7987201809883118,0.7862457036972046,false,5
4134,0.43140446800807747,0.5031278729438782,0.48554423451423645,false,1
4135,0.8278764252699139,0.8889312744140625,0.8903793692588806,false,1
4136,0.21279852728329135,0.20918354392051697,0.21507248282432556,false,4
4137,0.4378425206436105,0.6401535272598267,0.6265542507171631,false,3
4138,0.4181460845080896,0.44973766803741455,0.4519486427307129,false,5
4139,0.2681416041344128,0.26634693145751953,0.25034093856811523,false,4
4140,0.2323837379217985,0.35166221857070923,0.35546353459358215,false,3
4141,0.39799711890706485,0.4210410416126251,0.3729625344276428,false,4
4142,0.11358505669167433,0.20975035429000854,0.21836568415164948,false,4
4143,0.19615879398660024,0.1312640905380249,0.14437603950500488,false,1
4144,0.38624498689193115,0.4040464162826538,0.38256025314331055,false,4
4145,0.5881680971354575,0.4181602895259857,0.4094548225402832,false,4
4146,0.39788416466966486,0.3997749090194702,0.39887887239456177,false,2
4147,0.3969186215051802,0.39405152201652527,0.3940242528915405,false,5
4148,0.37294866024861484,0.2799544334411621,0.34243592619895935,false,1
4149,0.36275011370494686,0.45975515246391296,0.46799853444099426,false,4
4150,0.43848591366923395,0.5461106300354004,0.5578219294548035,false,4
4151,0.38778302955847477,0.5547695159912109,0.5590724945068359,false,3
4152,0.379395391885637,0.510344922542572,0.513106107711792,false,5
4153,0.4806102612131369,0.5572210550308228,0.5593997240066528,false,2
4154,0.2937646435635687,0.33679860830307007,0.318462073802948,false,4
4155,0.6981297373606852,0.7007118463516235,0.6993719935417175,false,3
4156,0.3139270089202836,0.15837988257408142,0.17033225297927856,false,4
4157,0.42925333968309665,0.5235100984573364,0.5300247073173523,false,2
4158,0.36574138126043126,0.379759818315506,0.27142879366874695,false,1
4159,0.4839209134759387,0.644210159778595,0.6468941569328308,false,3
4160,0.3479587286571713,0.3249925374984741,0.34995847940444946,false,4
4161,0.7349129411958931,0.7751386761665344,0.7682276368141174,false,2
4162,0.33124514777404057,0.47295746207237244,0.47969090938568115,false,3
4163,0.5919070246800051,0.5748223066329956,0.5712853670120239,false,2
4164,0.6914956564746206,0.7545816898345947,0.7565879225730896,false,1
4165,0.3585878636356549,0.3632621467113495,0.37994006276130676,false,5
4166,0.4943667598543548,0.40623679757118225,0.4004724621772766,false,3
4167,0.6621096332650477,0.7280759215354919,0.7234477400779724,false,3
4168,0.3984989415753802,0.3708290755748749,0.38875865936279297,false,4
4169,0.5053959407590312,0.6216594576835632,0.6140952706336975,false,4
4170,0.21320264520051674,0.26908430457115173,0.26370686292648315,false,4
4171,0.5603958912905357,0.6132997870445251,0.6434089541435242,false,1
4172,0.701101510158061,0.7528678774833679,0.760816216468811,false,2
4173,0.13904913424079987,0.23669417202472687,0.23387140035629272,false,3
4174,0.3077261422229532,0.3148844242095947,0.3173885643482208,false,5
4175,0.6112054229173771,0.6923420429229736,0.6183049082756042,false,1
4176,0.26082085908115243,0.26271378993988037,0.282720685005188,false,1
4177,0.38513798318484943,0.41161489486694336,0.4107940196990967,false,4
4178,0.3077261422229532,0.3148844242095947,0.3173885643482208,false,5
4179,0.5950022422375117,0.6885496377944946,0.6914604902267456,false,2
4180,0.5508971125581301,0.541853129863739,0.542996346950531,false,5
4181,0.38513798318484943,0.41161489486694336,0.4107940196990967,false,4
4182,0.4444182625580163,0.5587887167930603,0.5650023221969604,false,3
4183,0.276642151586355,0.255318820476532,0.2336907535791397,false,4
4184,0.6944944438860072,0.7215722799301147,0.7347716093063354,false,4
4185,0.3396045893820662,0.42638447880744934,0.4221305251121521,false,3
4186,0.6911670261532196,0.7159867882728577,0.6876421570777893,false,1
4187,0.5193926109408306,0.5185724496841431,0.5193760395050049,false,4
4188,0.30235841664561036,0.390557199716568,0.3607127070426941,false,4
4189,0.3994506169481343,0.577399492263794,0.5825451612472534,false,5
4190,0.28932262506585266,0.23767371475696564,0.23007835447788239,false,4
4191,0.27592643867394406,0.38493427634239197,0.4126853048801422,false,2
4192,0.37893016505163124,0.489108681678772,0.48804163932800293,false,5
4193,0.6808074210941227,0.682867705821991,0.6854086518287659,false,2
4194,0.2762922012735462,0.28697192668914795,0.260151207447052,false,1
4195,0.23476618893938905,0.21442820131778717,0.21894267201423645,false,5
4196,0.5224702812278832,0.5293209552764893,0.5218457579612732,false,5
4197,0.28624311628213395,0.26275351643562317,0.2264331877231598,false,4
4198,0.25178829054041535,0.3239516317844391,0.32199132442474365,false,4
4199,0.38272905987192796,0.4310227930545807,0.4617646634578705,false,4
4200,0.29777779514485575,0.4066588282585144,0.3630152940750122,false,4
4201,0.32134609833581046,0.33689647912979126,0.3339586853981018,false,2
4202,0.5979344826912655,0.5870924592018127,0.5881684422492981,false,2
4203,0.2564278361645138,0.27286219596862793,0.278182715177536,false,5
4204,0.33691914521733657,0.4217226207256317,0.42246347665786743,false,3
4205,0.21619561252910655,0.14726737141609192,0.1650616079568863,false,1
4206,0.36045138840812485,0.4203556478023529,0.4232789874076843,false,5
4207,0.288573097738155,0.13602906465530396,0.2637662887573242,false,1
4208,0.3792671261202986,0.37324100732803345,0.3931620717048645,false,1
4209,0.19641736736767665,0.24425102770328522,0.24115850031375885,false,5
4210,0.3099692963470871,0.36970415711402893,0.36155152320861816,false,5
4211,0.4689351081386328,0.42081335186958313,0.4382135570049286,false,1
4212,0.6389417166162986,0.643932580947876,0.644968569278717,false,2
4213,0.23464701708390137,0.34306710958480835,0.3344879448413849,false,3
4214,0.25637327816546673,0.25739943981170654,0.2546444237232208,false,5
4215,0.33912436273706603,0.3995967209339142,0.39754366874694824,false,2
4216,0.16561491778403473,0.23292888700962067,0.23305656015872955,false,2
4217,0.5167752417848139,0.4631267786026001,0.5212634205818176,false,1
4218,0.3730525879138334,0.44516995549201965,0.46351319551467896,false,2
4219,0.11642871385150794,0.26308250427246094,0.2719357907772064,false,4
4220,0.30454332391464745,0.39571574330329895,0.4190661609172821,false,4
4221,0.35100487240049416,0.346470445394516,0.3624474108219147,false,1
4222,0.24750338408581435,0.4127327501773834,0.4054649770259857,false,4
4223,0.41172323221534446,0.49240466952323914,0.49593594670295715,false,3
4224,0.2406846225781117,0.2840544283390045,0.27343469858169556,false,5
4225,0.3655968412046192,0.37704551219940186,0.28500452637672424,false,1
4226,0.25831216782443567,0.370334655046463,0.37210768461227417,false,4
4227,0.6190336973241929,0.637349009513855,0.636333703994751,false,2
4228,0.5800691008459328,0.5614050030708313,0.5625388026237488,false,5
4229,0.275507123740443,0.33275699615478516,0.33473750948905945,false,5
4231,0.4435790856792379,0.511824369430542,0.51072758436203,false,2
4232,0.41075616487214306,0.41264763474464417,0.3807462751865387,false,1
4233,0.5451018044216962,0.6335130929946899,0.6478838920593262,false,4
4235,0.7752128718868723,0.7491044998168945,0.7511324882507324,false,3
4236,0.4801266140138618,0.49691128730773926,0.4834476709365845,false,4
4238,0.25244798060863305,0.3220263123512268,0.32278189063072205,false,5
4242,0.36932861244389487,0.2907658517360687,0.2875318229198456,false,3
4244,0.19546629475373392,0.2200961709022522,0.22280634939670563,false,5
4245,0.36137503349315153,0.3157213032245636,0.34493887424468994,false,4
4246,0.39211715753285425,0.4516473412513733,0.45319506525993347,false,2
4248,0.5548837579871099,0.605693519115448,0.6046447157859802,false,2
4249,0.6320869879420183,0.5773637294769287,0.5811540484428406,false,3
4250,0.35678869189829415,0.38436684012413025,0.3843991756439209,false,5
4252,0.3180763824914218,0.3453254699707031,0.35536473989486694,false,1
4253,0.41355307425758064,0.47380053997039795,0.4690763056278229,false,2
4254,0.1722963927412456,0.3706808388233185,0.3567730486392975,false,4
4255,0.28107125860064297,0.34034502506256104,0.33743199706077576,false,2
4256,0.1973478324409139,0.2874257266521454,0.3002234995365143,false,1
4258,0.360502304812258,0.2965887784957886,0.3351391553878784,false,1
4260,0.26126085216038725,0.30960139632225037,0.31195491552352905,false,1
4261,0.210046989328479,0.26847153902053833,0.26592403650283813,false,5
4262,0.11913956546424713,0.23878438770771027,0.24111445248126984,false,4
4263,0.5228164006693766,0.586148202419281,0.5807560086250305,false,3
4264,0.33404515954020064,0.24425005912780762,0.23622460663318634,false,3
4268,0.0903794074050626,0.09058341383934021,0.09424301236867905,false,5
4271,0.3329959805187518,0.28391459584236145,0.23440398275852203,false,1
4272,0.32350075533395234,0.3639555275440216,0.361956924200058,false,2
4273,0.41602450924749734,0.505038321018219,0.5137189626693726,false,1
4274,0.25178297738443056,0.14325177669525146,0.1564776599407196,false,1
4275,0.3522573629342508,0.43038949370384216,0.43067577481269836,false,3
4277,0.7340398019860191,0.6746813058853149,0.6759392619132996,false,2
4278,0.31882640311562815,0.39526626467704773,0.39086511731147766,false,2
4279,0.46588171804406037,0.5715424418449402,0.5723637938499451,false,3
4281,0.24229059329129893,0.22656939923763275,0.2551720440387726,false,1
4282,0.27068651953013967,0.22844766080379486,0.23144108057022095,false,5
4283,0.5208825651251657,0.6269825100898743,0.6358959674835205,false,4
4284,0.30888265983442365,0.2522251605987549,0.2508877217769623,false,1
4285,0.47381804567326924,0.5299450159072876,0.5263779759407043,false,3
4286,0.5099137578568271,0.47801902890205383,0.4830194115638733,false,3
4287,0.11648561747187174,0.2261551469564438,0.22468766570091248,false,3
4288,0.22106950502578823,0.24296897649765015,0.24620887637138367,false,2
4290,0.05115715700603478,0.2247323989868164,0.21933205425739288,false,3
4291,0.419165397177369,0.5141878724098206,0.5158846974372864,false,5
4292,0.27942872100809046,0.32500946521759033,0.32213521003723145,false,5
4294,0.30915689022140636,0.3776665925979614,0.374565064907074,false,5
4295,0.24518807072870757,0.2550889849662781,0.2478192150592804,false,1
4296,0.18588852430959787,0.2505888342857361,0.24943336844444275,false,5
4297,0.18577258631333396,0.16782903671264648,0.18097727000713348,false,5
4298,0.8233301680172103,0.7356867790222168,0.7280712127685547,false,4
4299,0.380497524214422,0.4556756615638733,0.43200257420539856,false,2
4300,0.1889658127674661,0.2200961709022522,0.22280634939670563,false,5
4302,0.3094491079651348,0.3832491934299469,0.3853118121623993,false,2
4303,0.6761233619749117,0.6145375967025757,0.6310797929763794,false,1
4304,0.6967000466175035,0.7366899251937866,0.7304487824440002,false,2
4305,0.8378242989011371,0.8262783885002136,0.8123651146888733,false,1
4306,0.27760242296459325,0.3777914345264435,0.35671278834342957,false,4
4307,0.5487113813405003,0.7237624526023865,0.731367826461792,false,4
4308,0.4769434047738006,0.28974708914756775,0.2881797254085541,false,3
4309,0.21909626743185726,0.24358399212360382,0.24388548731803894,false,5
4311,0.1543422276961107,0.05256251245737076,0.034764982759952545,false,1
4312,0.22586539872966,0.3133060336112976,0.31359779834747314,false,2
4313,0.209272746115042,0.23748359084129333,0.23606990277767181,false,3
4314,0.5945923529000112,0.6043981909751892,0.5781509280204773,false,1
4315,0.18379247367318816,0.14000675082206726,0.12528096139431,false,1
4316,0.282702823431171,0.5242946743965149,0.5271217226982117,false,1
4317,0.3132096196865315,0.3406622111797333,0.3303299844264984,false,3
4318,0.2971144093879009,0.3490363359451294,0.34416040778160095,false,5
4319,0.05131408503776925,0.21801280975341797,0.22480805218219757,false,4
4320,0.19343268641495467,0.24828410148620605,0.24567200243473053,false,5
4321,0.25695636937644517,0.2564430236816406,0.2605195641517639,false,2
4322,0.16642025842757768,0.1414221078157425,0.14089693129062653,false,4
4323,0.18167410962148542,0.23292888700962067,0.23305656015872955,false,2
4324,0.18167410962148542,0.23292888700962067,0.23305656015872955,false,2
4326,0.43546376665271985,0.47930455207824707,0.47880837321281433,false,2
4329,0.4328007703007456,0.35686585307121277,0.3957035541534424,false,1
4331,0.21439068357119465,0.30722934007644653,0.30660703778266907,false,5
4332,0.38334548109699035,0.4142736792564392,0.4130222499370575,false,4
4333,0.1899345436804064,0.18512581288814545,0.18675701320171356,false,5
4335,0.44502314462395876,0.5018672347068787,0.5002734065055847,false,5
4336,0.2793690234559042,0.2368936836719513,0.2229793518781662,false,4
4337,0.39541825192542457,0.4808569848537445,0.4818657338619232,false,3
4339,0.4141663758664118,0.2964770197868347,0.2974700927734375,false,2
4340,0.5098062390299777,0.5428918600082397,0.548539400100708,false,5
4345,0.19688251850055724,0.5168355107307434,0.5117851495742798,false,3
4350,0.15318690187632605,0.10684696584939957,0.10998428612947464,false,5
4351,0.03352362914862914,0.06628197431564331,0.08275583386421204,false,4
4352,0.3872566128837832,0.4094187915325165,0.41594672203063965,false,4
4353,0.34733582388307854,0.36187636852264404,0.35949453711509705,false,5
4355,0.02117032598554045,0.2040862739086151,0.20014220476150513,false,3
4356,0.2028245162387708,0.28942546248435974,0.2115556001663208,false,1
4357,0.8982671940588941,0.9684855341911316,0.968716025352478,false,1
4358,0.2998757058719537,0.1339050531387329,0.1309763491153717,false,3
4359,0.5329030443558161,0.577373206615448,0.5764258503913879,false,5
4360,0.32922523185840324,0.34647130966186523,0.3562380373477936,false,2
4361,0.42230680542088433,0.43087461590766907,0.43624380230903625,false,2
4362,0.3627657206499,0.3105781376361847,0.3103626072406769,false,5
4363,0.4853273283700193,0.4962071478366852,0.4814405143260956,false,4
4364,0.4853273283700193,0.4962071478366852,0.4814405143260956,false,4
4365,0.45000002048346255,0.4660128057003021,0.46822789311408997,false,2
4366,0.4448724251754438,0.5732125639915466,0.5957714319229126,false,4
4367,0.24035775144559218,0.30536070466041565,0.30725327134132385,false,5
4368,0.22579171680286225,0.38858726620674133,0.3767313063144684,false,4
4369,0.5766200137796742,0.5932576060295105,0.593097448348999,false,5
4370,0.6280797645443209,0.6620972156524658,0.6619487404823303,false,5
4371,0.5382085508915913,0.49708008766174316,0.5184832215309143,false,1
4372,0.8884282539400625,0.8301275968551636,0.8265540599822998,false,2
4373,0.25715257450840484,0.30189868807792664,0.29193341732025146,false,4
4375,0.5382085508915913,0.49708008766174316,0.5184832215309143,false,1
4376,0.31436397871753735,0.3389902710914612,0.3379502594470978,false,2
4377,0.7492860651076632,0.6901753544807434,0.6877129077911377,false,3
4378,0.6212794580220359,0.7033290266990662,0.7105276584625244,false,4
4379,0.6362851116024136,0.6670089364051819,0.6870712637901306,false,4
4380,0.8268361994000972,0.8114026784896851,0.815138578414917,false,3
4381,0.6362851116024136,0.6670089364051819,0.6870712637901306,false,4
4383,0.252943080034697,0.32757288217544556,0.3295378088951111,false,5
4384,0.5302478162712309,0.5711483955383301,0.5710326433181763,false,5
4387,0.3558160169021509,0.31845834851264954,0.3159695565700531,false,3
4388,0.6986709133824575,0.6084723472595215,0.6002405285835266,false,4
4390,0.3094602004098105,0.3389902710914612,0.3379502594470978,false,2
4391,0.6094885443332259,0.617011547088623,0.6168542504310608,false,5
4392,0.8285537379842981,0.8314749598503113,0.8326693177223206,false,5
4394,0.23989556556287234,0.30890655517578125,0.31081128120422363,false,5
4395,0.44886479428551196,0.355027437210083,0.3547532260417938,false,5
4396,0.5144830311869459,0.511824369430542,0.51072758436203,false,2
4397,0.8620367593482622,0.8948604464530945,0.8731456398963928,false,1
4398,0.6517798106042918,0.661882221698761,0.6538184881210327,false,1
4399,0.8431864324620574,0.8179231286048889,0.8216485977172852,false,5
4400,0.5661483725961972,0.6881529092788696,0.6901829242706299,false,5
4401,0.3141877858949334,0.28642526268959045,0.2882883548736572,false,5
4402,0.4342837043464125,0.485281765460968,0.48241209983825684,false,3
4403,0.31436397871753735,0.3389902710914612,0.3379502594470978,false,2
4404,0.5022190955233626,0.5907301306724548,0.5891091227531433,false,4
4408,0.40324208408792556,0.49970072507858276,0.4987795352935791,false,2
4409,0.5334094427738258,0.6129046082496643,0.6149706840515137,false,2
4410,0.6776963054039039,0.7242570519447327,0.7217118144035339,false,5
4411,0.6532982629135856,0.723383367061615,0.7242634892463684,false,5
4412,0.626946858976567,0.5813168287277222,0.5701332092285156,false,1
4413,0.6220467158419358,0.512129008769989,0.5041772723197937,false,1
4414,0.09391895166237268,0.1960202306509018,0.2325507551431656,false,4
4415,0.29372480955502916,0.3944644629955292,0.39155322313308716,false,3
4418,0.4770352548324381,0.734173059463501,0.7265195250511169,false,4
4419,0.24463346899462532,0.2934245765209198,0.2935231626033783,false,5
4420,0.4386064044189798,0.5700201988220215,0.5727283358573914,false,4
4421,0.5803777646968686,0.6813642978668213,0.6834092736244202,false,5
4422,0.12100373156255503,0.37434208393096924,0.37288013100624084,false,4
4425,0.25898792275005283,0.28829842805862427,0.2851179540157318,false,1
4426,0.619346225919046,0.7231168150901794,0.7212801575660706,false,2
4427,0.25898792275005283,0.28829842805862427,0.2851179540157318,false,1
4428,0.25123575453594105,0.30890655517578125,0.31081128120422363,false,5
4429,0.8136002782965877,0.7568620443344116,0.7650184631347656,false,1
4430,0.5316940843367469,0.6124740839004517,0.6144390106201172,false,2
4431,0.5376832068285731,0.5812842845916748,0.5852311253547668,false,4
4432,0.6492161822850392,0.8068528771400452,0.803295910358429,false,2
4434,0.7716208225970221,0.8120179176330566,0.8171574473381042,false,4
4435,0.33549699668354144,0.3622407019138336,0.36202746629714966,false,5
4436,0.41273779802285326,0.45230579376220703,0.4614872634410858,false,2
4437,0.28004140399759037,0.22396470606327057,0.21665824949741364,false,1
4439,0.5181221935856117,0.5280497670173645,0.5297913551330566,false,5
4440,0.25600507634944974,0.2810173034667969,0.2746806740760803,false,5
4441,0.08473927506734841,0.18778185546398163,0.18909716606140137,false,3
4442,0.20244134967824917,0.20498119294643402,0.21230347454547882,false,1
4443,0.4354826083824298,0.5133304595947266,0.5204163193702698,false,1
4444,0.44269485440527456,0.5419886112213135,0.5598984360694885,false,1
4445,0.3938486285860963,0.4614908695220947,0.4516575336456299,false,3
4446,0.25577080500648597,0.41500329971313477,0.4140433669090271,false,3
4447,0.42510970858854885,0.515600860118866,0.5041316151618958,false,1
4448,0.23989556556287234,0.30890655517578125,0.31081128120422363,false,5
4449,0.3760917710020346,0.3744840919971466,0.37574437260627747,false,5
4450,0.2726631807369327,0.3028400242328644,0.3515610098838806,false,1
4451,0.31905199895793585,0.2644445598125458,0.26412320137023926,false,2
4452,0.2876629867771199,0.3026895821094513,0.288504421710968,false,5
4453,0.5325285105051274,0.44509220123291016,0.4986422061920166,false,1
4454,0.4912561543314988,0.5659246444702148,0.563499927520752,false,2
4455,0.4435790856792379,0.511824369430542,0.51072758436203,false,2
4456,0.5672545702704407,0.5516229271888733,0.5231455564498901,false,1
4457,0.35181707524373207,0.28304630517959595,0.28181952238082886,false,2
4458,0.45351309654291555,0.5012595653533936,0.5047490000724792,false,2
4459,0.48068047344170145,0.43918558955192566,0.4554910957813263,false,4
4460,0.4413439092241422,0.5365248322486877,0.5515679121017456,false,4
4461,0.2514636359984107,0.16206148266792297,0.1724381148815155,false,1
4462,0.3824833260787904,0.30767494440078735,0.29486703872680664,false,1
4464,0.29171622087653876,0.22844766080379486,0.23144108057022095,false,5
4465,0.3813999743769541,0.3101944327354431,0.3670665919780731,false,1
4466,0.18398973982943528,0.1379205882549286,0.13259591162204742,false,1
4467,0.5556115051586188,0.4434235990047455,0.43839263916015625,false,1
4468,0.2465446845466358,0.3328474760055542,0.3341348469257355,false,5
4469,0.18465603598259148,0.29687854647636414,0.25790801644325256,false,4
4470,0.4979404638823752,0.5285875201225281,0.48131996393203735,false,4
4471,0.3963623752128431,0.497283935546875,0.49689632654190063,false,4
4472,0.22504557073736006,0.2754453122615814,0.27724024653434753,false,5
4473,0.4129882118991681,0.40422871708869934,0.4057983458042145,false,5
4474,0.1491103930357503,0.22075065970420837,0.21722888946533203,false,3
4475,0.166878401010754,0.33761781454086304,0.31512072682380676,false,4
4476,0.24655989299132852,0.29110458493232727,0.28999748826026917,false,5
4477,0.41750294700424784,0.5660676956176758,0.5615947842597961,false,2
4478,0.46821900028575947,0.4324801564216614,0.462358683347702,false,1
4479,0.6869899657432085,0.6436948180198669,0.6587250828742981,false,4
4480,0.5260272938513444,0.5325202345848083,0.49938586354255676,false,1
4481,0.0603720584970585,0.1812467724084854,0.1615191102027893,false,4
4482,0.31500966730612656,0.3796774744987488,0.37501999735832214,false,4
4483,0.525128473235747,0.4542790651321411,0.45918115973472595,false,1
4485,0.22554912130077998,0.2607860267162323,0.265028178691864,false,2
4486,0.23240585781536616,0.38138294219970703,0.3876325190067291,false,3
4487,0.3846076787475593,0.7228104472160339,0.7082627415657043,false,3
4491,0.2819785578714838,0.33026543259620667,0.32826703786849976,false,2
4492,0.20170435365288303,0.1764296144247055,0.2097698301076889,false,4
4493,0.21490234598526634,0.2613455057144165,0.27495986223220825,false,5
4496,0.6624443209468724,0.6771624088287354,0.6746452450752258,false,3
4499,0.14687151593713846,0.20377792418003082,0.20042505860328674,false,3
4500,0.23583964538974633,0.2798417806625366,0.27718886733055115,false,3
4503,0.4797607670129661,0.6105906963348389,0.6082888245582581,false,3
4505,0.24955281526695805,0.26973405480384827,0.27142658829689026,false,5
4507,0.36133616648220934,0.3895493149757385,0.4263303577899933,false,1
4509,0.4997828303315057,0.6016807556152344,0.6067057251930237,false,5
4510,0.7105617040960014,0.6797860264778137,0.679196298122406,false,1
4511,0.6567691103927684,0.6645199656486511,0.6726245880126953,false,5
4512,0.20499362891085557,0.2183830440044403,0.19999000430107117,false,1
4513,0.7070049313825608,0.7027620673179626,0.7082263827323914,false,1
4514,0.4614879974076458,0.45548197627067566,0.45614323019981384,false,3
4516,0.2383293755877089,0.3422871530056,0.34668290615081787,false,3
4517,0.3381173604571952,0.3513786196708679,0.35029441118240356,false,5
4518,0.3381173604571952,0.3513786196708679,0.35029441118240356,false,5
4519,0.3467639364962182,0.5494702458381653,0.4482510983943939,false,1
4520,0.48330284423347025,0.550955057144165,0.5506057143211365,false,2
4521,0.5773096872731692,0.6472620964050293,0.6411034464836121,false,3
4522,0.4656612433630527,0.43980276584625244,0.4335366487503052,false,3
4523,0.4308822926540908,0.4577416479587555,0.46479853987693787,false,2
4524,0.3653147852427711,0.3433607518672943,0.4575403034687042,false,1
4525,0.14145966026208173,0.17269253730773926,0.17079395055770874,false,5
4526,0.27083088682759726,0.37007758021354675,0.36943936347961426,false,4
4527,0.40260922273253263,0.4685913026332855,0.46320709586143494,false,5
4528,0.22651489920259518,0.2527831196784973,0.2532387375831604,false,2
4530,0.22734800171553118,0.2194654643535614,0.22342419624328613,false,5
4531,0.3188111794201088,0.3382728397846222,0.3383944630622864,false,2
4532,0.16213169683418524,0.23179005086421967,0.236972376704216,false,3
4533,0.1909502553495158,0.1738962084054947,0.1456928700208664,false,1
4534,0.2026340668688977,0.31029948592185974,0.307363897562027,false,5
4535,0.1700843403915122,0.20441022515296936,0.20376227796077728,false,5
4536,0.5224530852326257,0.5953036546707153,0.5847933292388916,false,1
4537,0.40422524586136105,0.42738109827041626,0.371597558259964,false,4
4538,0.437903947811809,0.6765011548995972,0.6866723299026489,false,4
4539,0.6174314908772881,0.5918189287185669,0.594791054725647,false,2
4540,0.6394999520605973,0.6007891893386841,0.5980300903320312,false,3
4541,0.3663075287304561,0.5100399851799011,0.5253108739852905,false,1
4542,0.41438774607381723,0.6243903636932373,0.6551863551139832,false,5
4543,0.3675294533262265,0.42805415391921997,0.4177042245864868,false,5
4544,0.39015561945844857,0.4586409330368042,0.46315833926200867,false,5
4545,0.22315901735185167,0.36922281980514526,0.377867192029953,false,3
4547,0.5192878511807487,0.7364089488983154,0.7369476556777954,false,3
4548,0.4510674243005726,0.5367562174797058,0.537024199962616,false,2
4549,0.5949773894265238,0.7296831011772156,0.7345349192619324,false,4
4550,0.5498504041819716,0.6535775661468506,0.548737108707428,false,1
4551,0.44510022572513075,0.5130810141563416,0.5125687122344971,false,3
4552,0.3060741303712355,0.22705738246440887,0.2464645653963089,false,2
4553,0.32996780563444117,0.397305428981781,0.39943090081214905,false,5
4554,0.5381029781158712,0.5128433108329773,0.5238532423973083,false,3
4555,0.4822695212282974,0.550281286239624,0.5392478704452515,false,4
4556,0.30650953625396926,0.3536739945411682,0.3432920575141907,false,5
4557,0.3541226869843737,0.3870006799697876,0.3872259855270386,false,5
4558,0.557315033170758,0.5686538219451904,0.5126096606254578,false,1
4560,0.4401899530090678,0.51947420835495,0.5222328305244446,false,3
4561,0.2796488581014337,0.3734627068042755,0.371587872505188,false,2
4562,0.33547126419053597,0.4386714994907379,0.4366362690925598,false,5
4563,0.37838735942733465,0.3908385932445526,0.38426288962364197,false,5
4564,0.3323694020899379,0.4869738817214966,0.49568477272987366,false,2
4565,0.46072036729716287,0.4256894290447235,0.43440890312194824,false,5
4566,0.5061564384229328,0.4426650106906891,0.4356783330440521,false,2
4567,0.4527389230188671,0.35358211398124695,0.3464325964450836,false,1
4568,0.4890771848846228,0.589390754699707,0.5849220752716064,false,3
4569,0.4381870043591614,0.5701873898506165,0.5741604566574097,false,3
4570,0.5280878933342137,0.5836458206176758,0.5862206220626831,false,5
4571,0.3072175799073836,0.2950977087020874,0.30506694316864014,false,5
4572,0.2961055007469161,0.21930725872516632,0.2505182921886444,false,4
4573,0.5868434531675658,0.6429511904716492,0.6456911563873291,false,2
4574,0.4882913129958787,0.6105604767799377,0.61441969871521,false,3
4575,0.5349625718649224,0.6678047776222229,0.6622641086578369,false,3
4576,0.48908055381140914,0.6696152687072754,0.7036806344985962,false,4
4577,0.4139553444027421,0.4793778955936432,0.4766523838043213,false,2
4578,0.3341160738377264,0.3465690314769745,0.3920392394065857,false,4
4579,0.2196344071129903,0.1514432281255722,0.13615499436855316,false,3
4580,0.34837490171093566,0.3959536850452423,0.39587289094924927,false,2
4581,0.3385907311440275,0.38595446944236755,0.3660334348678589,false,4
4582,0.37838735942733465,0.3908385932445526,0.38426288962364197,false,5
4583,0.443936222399418,0.47901037335395813,0.47020575404167175,false,2
4584,0.2821801867493818,0.42282700538635254,0.44581449031829834,false,4
4585,0.46366083128645125,0.47645479440689087,0.48960208892822266,false,1
4586,0.3234902784530515,0.3925124406814575,0.31256356835365295,false,1
4588,0.5395943863435094,0.5908156037330627,0.590464174747467,false,2
4589,0.3233469384957797,0.3779818117618561,0.36956897377967834,false,3
4590,0.488677714453895,0.5284938812255859,0.5249256491661072,false,3
4591,0.5822032808072164,0.6018574833869934,0.6042075157165527,false,1
4592,0.44510022572513075,0.5130810141563416,0.5125687122344971,false,3
4593,0.1583442150170091,0.23690620064735413,0.21573835611343384,false,4
4594,0.32078788044999645,0.397305428981781,0.39943090081214905,false,5
4595,0.24872017894989804,0.3751105070114136,0.3722928464412689,false,2
4596,0.30650953625396926,0.3536739945411682,0.3432920575141907,false,5
4597,0.28573532688053493,0.4079868197441101,0.3826928734779358,false,4
4598,0.573178762188225,0.5457868576049805,0.5015683770179749,false,1
4599,0.6696157680227227,0.6643557548522949,0.6627027988433838,false,5
4600,0.2799020781197741,0.3886013925075531,0.3817191421985626,false,3
4601,0.25283204480957466,0.3522479236125946,0.3490498661994934,false,5
4602,0.5475899215270377,0.6313185691833496,0.6278371810913086,false,4
4603,0.3637049510623748,0.4277891516685486,0.4257461428642273,false,5
4604,0.7355464945590051,0.7488319277763367,0.7538341879844666,false,3
4605,0.32325947636515223,0.2832850217819214,0.330704003572464,false,1
4606,0.6036993665138847,0.6193025708198547,0.6092371344566345,false,1
4607,0.5283173956224575,0.5785306096076965,0.5162186622619629,false,1
4608,0.2819858474784857,0.4260527193546295,0.4279012084007263,false,3
4609,0.5985657284918169,0.5598108172416687,0.5951513051986694,false,1
4610,0.24244976764166665,0.21432721614837646,0.3020465672016144,false,1
4611,0.28485783937163106,0.3856976628303528,0.40518999099731445,false,4
4612,0.4586629875844651,0.5892843008041382,0.5888277888298035,false,2
4613,0.3373355270708664,0.3025023341178894,0.3069392740726471,false,3
4614,0.20607265968895233,0.3701058626174927,0.3595689833164215,false,4
4615,0.5110752346910479,0.5383981466293335,0.5356160402297974,false,2
4616,0.4337615260778206,0.4890565574169159,0.48686155676841736,false,5
4617,0.5332153678816831,0.5470371246337891,0.5211865305900574,false,1
4618,0.3650934538634628,0.426169753074646,0.42042869329452515,false,2
4619,0.6519662608582705,0.5607739686965942,0.5753610730171204,false,4
4620,0.5528405536633666,0.5676153302192688,0.5686362981796265,false,2
4621,0.274036579469317,0.3599987328052521,0.3606094419956207,false,2
4622,0.2724349514624041,0.2486247718334198,0.25801730155944824,false,5
4623,0.5405307897200138,0.3978120982646942,0.4007195234298706,false,3
4624,0.5469124715361375,0.4293390214443207,0.43071284890174866,false,3
4625,0.3416941379558656,0.42571160197257996,0.4307662844657898,false,4
4626,0.29274222785237,0.3611462116241455,0.3653808534145355,false,5
4627,0.3126927663544042,0.3518833518028259,0.34497347474098206,false,2
4628,0.3305790236776663,0.36020228266716003,0.3684314489364624,false,2
4629,0.4825066102167461,0.4463421404361725,0.4232882559299469,false,1
4630,0.3052929941644286,0.33890560269355774,0.33539628982543945,false,3
4631,0.5045882750181493,0.5619189739227295,0.557568371295929,false,5
4632,0.3308589247626012,0.5054911375045776,0.5450020432472229,false,4
4633,0.3016958139000965,0.40950435400009155,0.4080059230327606,false,3
4634,0.3721715488132064,0.3814595937728882,0.3855542242527008,false,4
4635,0.41247816454254993,0.3636329472064972,0.3655359745025635,false,2
4636,0.5179583377656554,0.4857259690761566,0.505975604057312,false,4
4637,0.4062415442233929,0.5693681240081787,0.5694325566291809,false,2
4639,0.3627657206499,0.3105781376361847,0.3103626072406769,false,5
4640,0.09399857774010584,0.19762134552001953,0.19594797492027283,false,4
4641,0.324200465787151,0.30857446789741516,0.3083605468273163,false,5
4642,0.44806184322636683,0.6593083143234253,0.5947865843772888,false,1
4643,0.2844355282029276,0.3328474760055542,0.3341348469257355,false,5
4644,0.31774624883218855,0.3550872206687927,0.35695692896842957,false,2
4645,0.4160393807596933,0.34718284010887146,0.34691280126571655,false,5
4646,0.3937751438830909,0.3178429901599884,0.3118983507156372,false,4
4647,0.2868587319592556,0.2815799415111542,0.28450852632522583,false,5
4648,0.2952875816034311,0.31621605157852173,0.32538431882858276,false,2
4649,0.30452280558573963,0.32454121112823486,0.26978054642677307,false,1
4651,0.33026670939482067,0.18761053681373596,0.18960809707641602,false,3
4653,0.27316941966571784,0.19770266115665436,0.24275317788124084,false,1
4655,0.5976923471218085,0.6748987436294556,0.6661981344223022,false,3
4658,0.3453736052561211,0.37036648392677307,0.3662305176258087,false,5
4660,0.24310131925033854,0.2408217340707779,0.24999141693115234,false,1
4661,0.22326741151769533,0.28642526268959045,0.2882883548736572,false,5
4662,0.22326741151769533,0.28642526268959045,0.2882883548736572,false,5
4663,0.4383073026490091,0.3093920648097992,0.3039853870868683,false,3
4664,0.3443990071149133,0.30577099323272705,0.300400048494339,false,3
4665,0.2464597859143376,0.33361437916755676,0.3354424238204956,false,5
4667,0.2665046749676245,0.3378462493419647,0.33528050780296326,false,3
4668,0.28824711969090855,0.3935868442058563,0.39181336760520935,false,2
4669,0.2678260709052667,0.3428635001182556,0.34730324149131775,false,5
4670,0.12363497367977855,0.22757013142108917,0.21659450232982635,false,4
4671,0.3405260911038093,0.4531426727771759,0.4512360990047455,false,3
4672,0.32506224634645564,0.3907034993171692,0.3893374800682068,false,5
4673,0.6797374901070995,0.6631963849067688,0.6259459853172302,false,1
4674,0.38333090062520603,0.472017377614975,0.45663148164749146,false,3
4675,0.7131987066669242,0.7838191390037537,0.785577118396759,false,3
4676,0.7506975415099316,0.7992912530899048,0.7806404829025269,false,1
4677,0.3599497845726999,0.36635905504226685,0.36839330196380615,false,2
4678,0.2882239509416594,0.3271540701389313,0.31374168395996094,false,5
4679,0.2882239509416594,0.3271540701389313,0.31374168395996094,false,5
4680,0.5866101344668327,0.6922114491462708,0.6705703139305115,false,4
4685,0.2781752292962822,0.29686394333839417,0.299396812915802,false,5
4686,0.3545861091836457,0.3896533250808716,0.38709166646003723,false,5
4688,0.2306087677874197,0.2335594743490219,0.23836468160152435,false,5
4689,0.2845416403630265,0.4654959738254547,0.4634571671485901,false,3
4690,0.5277495081983141,0.5203403234481812,0.5174389481544495,false,5
4691,0.5375453431629011,0.6378440856933594,0.6371704936027527,false,2
4692,0.6954745170025385,0.6368191838264465,0.6375916004180908,false,2
4693,0.5140976099547312,0.5956487059593201,0.5924069285392761,false,2
4694,0.20026492382365266,0.36800622940063477,0.3785063624382019,false,3
4695,0.6002924355122624,0.7418406009674072,0.7386660575866699,false,2
4696,0.620736784203966,0.6863865852355957,0.6841882467269897,false,2
4697,0.4002724641374916,0.47086796164512634,0.48316359519958496,false,3
4698,0.5296455099998624,0.5887622237205505,0.6072959303855896,false,1
4699,0.2831661408206706,0.32980790734291077,0.32786548137664795,false,3
4700,0.34086285860873633,0.44486501812934875,0.4251251220703125,false,1
4701,0.30743055658752777,0.4418739378452301,0.439147412776947,false,2
4703,0.43714575108793996,0.563675045967102,0.562745213508606,false,3
4704,0.4087559459180828,0.5183387994766235,0.516472578048706,false,3
4705,0.6754259247047927,0.6556907892227173,0.6492958068847656,false,1
4706,0.5800376025851977,0.5901031494140625,0.589435338973999,false,1
4707,0.3208934293413319,0.32519468665122986,0.32416051626205444,false,2
4710,0.13215787473240673,0.33601489663124084,0.3392118811607361,false,3
4711,0.2905356111124215,0.34927815198898315,0.3476240634918213,false,5
4712,0.32796382610649394,0.3383815288543701,0.3348485827445984,false,5
4713,0.3690235369119078,0.3720834255218506,0.3740471601486206,false,2
4714,0.13426618520368522,0.29313522577285767,0.2480231076478958,false,4
4715,0.07451208405249876,0.2915068566799164,0.30582287907600403,false,3
4716,0.43680296676589725,0.42018336057662964,0.41974568367004395,false,3
4717,0.13042714393449686,0.20172639191150665,0.2205069363117218,false,4
4718,0.552123065036873,0.5234118700027466,0.5232462882995605,false,5
4719,0.6505318424184239,0.6136171817779541,0.6142666339874268,false,4
4720,0.7859855547556781,0.8210750818252563,0.8252874612808228,false,3
4721,0.4313267674596019,0.4936794936656952,0.4972980320453644,false,3
4722,0.17216159470952305,0.20467707514762878,0.21366089582443237,false,1
4723,0.24454290595012268,0.32756155729293823,0.32814669609069824,false,2
4724,0.38247207330971267,0.3844430148601532,0.3878890573978424,false,1
4725,0.529684669661869,0.5799800157546997,0.5777004361152649,false,2
4726,0.5538940608530573,0.5725440979003906,0.5748622417449951,false,5
4727,0.6192867600429282,0.7055829167366028,0.7058345675468445,false,5
4728,0.13806588249641646,0.38208624720573425,0.3884536325931549,false,4
4729,0.25635360108501254,0.2644779682159424,0.2643830180168152,false,2
4730,0.17364201044986782,0.3466743230819702,0.354350745677948,false,3
4731,0.3151854740750203,0.3460034132003784,0.3331904411315918,false,4
4732,0.37166447530314073,0.44516995549201965,0.45755457878112793,false,2
4733,0.39793432237415227,0.40745505690574646,0.573746919631958,false,1
4734,0.3629136629554717,0.4258619248867035,0.4231801927089691,false,2
4735,0.24722510407418258,0.3378462493419647,0.33528050780296326,false,3
4736,0.3379835798714431,0.38694441318511963,0.3867371082305908,false,5
4737,0.6874983699873147,0.6085025668144226,0.6304653286933899,false,1
4738,0.5663725194349384,0.5565365552902222,0.559764564037323,false,2
4739,0.19304421505537445,0.22936029732227325,0.2328888475894928,false,5
4740,0.2665046749676245,0.3378462493419647,0.33528050780296326,false,3
4741,0.29180757073872576,0.38087350130081177,0.38289153575897217,false,1
4742,0.2134051453325246,0.29391711950302124,0.28601178526878357,false,4
4743,0.22048920361900726,0.21132858097553253,0.21071524918079376,false,3
4745,0.21364252395939778,0.32199716567993164,0.32113417983055115,false,3
4746,0.3773477317351939,0.4196403920650482,0.41519585251808167,false,2
4747,0.3736231045006945,0.3789377808570862,0.36940667033195496,false,5
4748,0.4460449049183143,0.3378462493419647,0.33528050780296326,false,3
4750,0.3496168899330086,0.39480626583099365,0.39434802532196045,false,2
4751,0.3496168899330086,0.39480626583099365,0.39434802532196045,false,2
4756,0.20783464161047285,0.23115898668766022,0.23857885599136353,false,5
4757,0.32761179164972754,0.4226037263870239,0.42466065287590027,false,2
4758,0.2190191757595397,0.2779588997364044,0.28413695096969604,false,3
4759,0.2190191757595397,0.2779588997364044,0.28413695096969604,false,3
4760,0.612208905381625,0.6515629291534424,0.6492242217063904,false,5
4761,0.20723669548165485,0.28380367159843445,0.2785865068435669,false,5
4762,0.24066534615982435,0.1964937448501587,0.2261674851179123,false,1
4763,0.6214069859754301,0.6649671792984009,0.6668218374252319,false,2
4764,0.2395653218303055,0.31443560123443604,0.3125787079334259,false,5
4765,0.07639053207935467,0.20663301646709442,0.20527896285057068,false,3
4766,0.4105473047642144,0.3483203947544098,0.315019816160202,false,1
4767,0.27118110767029646,0.3424574136734009,0.33950892090797424,false,2
4768,0.06122812367371191,0.0808938518166542,0.08361693471670151,false,4
4770,0.43291677147437335,0.463168203830719,0.46272146701812744,false,3
4771,0.1514616947990751,0.30883532762527466,0.30598554015159607,false,3
4774,0.4556048069475671,0.6399728655815125,0.6426752209663391,false,4
4775,0.10733125167316342,0.31247678399086,0.3164043426513672,false,4
4776,0.224066686615258,0.28984296321868896,0.2917192280292511,false,5
4777,0.23114684011999154,0.28642526268959045,0.2882883548736572,false,5
4778,0.30435653188494094,0.3389902710914612,0.3379502594470978,false,2
4779,0.6361172493259217,0.6472650170326233,0.7032193541526794,false,1
4780,0.25713032169725486,0.2622872292995453,0.2624960243701935,false,2
4781,0.2625776259791142,0.3360520005226135,0.3356909453868866,false,2
4782,0.14064396752198607,0.2863786220550537,0.29078537225723267,false,4
4783,0.6006121181865978,0.7341731190681458,0.7645713686943054,false,4
4784,0.27284869942798046,0.3205168843269348,0.3201123774051666,false,2
4785,0.559466664597828,0.5827078223228455,0.5812647342681885,false,4
4787,0.386411784410707,0.3850208818912506,0.3851400315761566,false,2
4788,0.16688091984535042,0.3358233571052551,0.3411848843097687,false,3
4789,0.25630182467095836,0.2909374535083771,0.29325100779533386,false,2
4790,0.20319752592179063,0.3670543134212494,0.3576200008392334,false,4
4791,0.6959074155672786,0.6222763061523438,0.6514173150062561,false,1
4792,0.587548792455683,0.7136806845664978,0.7108857035636902,false,2
4793,0.7042252171924899,0.7303337454795837,0.7285628318786621,false,2
4794,0.42636139155174013,0.355027437210083,0.3547532260417938,false,5
4795,0.4849291188868989,0.4999547004699707,0.49227890372276306,false,5
4796,0.28029058296004034,0.34380432963371277,0.3398169279098511,false,2
4797,0.32693208426974996,0.12945418059825897,0.12367790192365646,false,3
4798,0.3056007880305486,0.31621605157852173,0.32532772421836853,false,2
4799,0.0824572457770987,0.21892483532428741,0.23051811754703522,false,4
4800,0.44458751527251594,0.49289315938949585,0.49792107939720154,false,5
4801,0.3708801231191351,0.39859434962272644,0.39868491888046265,false,2
4802,0.5711934683399115,0.5607816576957703,0.5682057738304138,false,3
4803,0.2045293154689063,0.22272227704524994,0.19482974708080292,false,1
4804,0.5021336540171446,0.5522626638412476,0.5450789332389832,false,3
4805,0.3350117619290834,0.3265010118484497,0.33237215876579285,false,2
4806,0.4246795329915393,0.4872971475124359,0.4830353260040283,false,2
4807,0.22890308161469808,0.1985248476266861,0.2017665058374405,false,1
4808,0.06493334212750783,0.32537877559661865,0.3294174075126648,false,4
4809,0.3673635858416956,0.3505256175994873,0.3156092166900635,false,4
4810,0.28472190288734917,0.44081181287765503,0.4473757743835449,false,4
4811,0.31868543474989997,0.3335479199886322,0.33396098017692566,false,1
4812,0.3591954378558949,0.3970106244087219,0.3920908570289612,false,1
4814,0.3475801203417113,0.3915945291519165,0.3935392498970032,false,2
4815,0.3709256435850039,0.40965765714645386,0.40928247570991516,false,2
4819,0.35224836124240894,0.23852762579917908,0.23822501301765442,false,1
4820,0.3592066916191039,0.2985875904560089,0.3426038920879364,false,1
4821,0.33479977352368884,0.30577099323272705,0.300400048494339,false,3
4822,0.33479977352368884,0.30577099323272705,0.300400048494339,false,3
4823,0.3577657388253956,0.3448428809642792,0.35431623458862305,false,1
4824,0.21226092511738753,0.2278287708759308,0.23040102422237396,false,2
4825,0.39629130515724326,0.4093092381954193,0.40726420283317566,false,5
4827,0.17610267084996192,0.35352814197540283,0.38274678587913513,false,4
4829,0.2472615843696311,0.2373209446668625,0.23523522913455963,false,2
4832,0.22808377413673697,0.2094780057668686,0.21562522649765015,false,5
4833,0.5528010675951508,0.6677160859107971,0.5903488993644714,false,1
4834,0.7370413803196577,0.7350721955299377,0.7425163388252258,false,3
4835,0.2749910744659428,0.3871786892414093,0.38857677578926086,false,3
4836,0.45470692700945636,0.5864295959472656,0.5946877598762512,false,3
4837,0.46079606538216356,0.5061584711074829,0.5055884122848511,false,2
4838,0.410946245626993,0.41032809019088745,0.44221580028533936,false,4
4839,0.2483223263370349,0.2956086993217468,0.2945183217525482,false,5
4840,0.43199016711724364,0.4741370975971222,0.4711589515209198,false,5
4841,0.2094347113978746,0.42003491520881653,0.4337767958641052,false,4
4843,0.22723743766997245,0.2357477843761444,0.25452539324760437,false,1
4844,0.2292896778131318,0.21380926668643951,0.21768589317798615,false,5
4845,0.37033249702522963,0.5040475726127625,0.5056279897689819,false,3
4847,0.22955118568222285,0.24883532524108887,0.20225010812282562,false,4
4848,0.3838335415122374,0.33279094099998474,0.31968721747398376,false,4
4849,0.4533250072521493,0.6177144646644592,0.6149497628211975,false,2
4850,0.42823220538906326,0.6868264079093933,0.5872640013694763,false,1
4851,0.4564536792726729,0.4964471757411957,0.4934065341949463,false,3
4853,0.41552084090166985,0.4129590392112732,0.41367560625076294,false,2
4854,0.257981183269703,0.3062313199043274,0.3058497905731201,false,5
4855,0.30457458968438644,0.33094358444213867,0.3261323571205139,false,3
4857,0.18973058786177904,0.23406904935836792,0.23582525551319122,false,3
4858,0.14069340373249042,0.21458479762077332,0.21931496262550354,false,4
4859,0.19672081690024232,0.24216318130493164,0.24023553729057312,false,2
4860,0.09072724278645332,0.24268738925457,0.23469343781471252,false,4
4861,0.2148337008684437,0.1601824313402176,0.16965024173259735,false,1
4862,0.298832105044969,0.2291904240846634,0.2150336652994156,false,4
4864,0.40385588241542403,0.36013495922088623,0.368439257144928,false,2
4865,0.38951016579825976,0.37805530428886414,0.37067046761512756,false,4
4866,0.4135218430836926,0.39897873997688293,0.3979240357875824,false,2
4867,0.569426167803599,0.5046634078025818,0.5044959783554077,false,5
4868,0.44000897743137407,0.48977455496788025,0.4094582796096802,false,1
4869,0.441056112329565,0.4685971140861511,0.4566778838634491,false,1
4870,0.6907187184204067,0.627839982509613,0.6518717408180237,false,2
4871,0.6763031970094262,0.615535318851471,0.6180917024612427,false,3
4872,0.42237677198155354,0.5143404603004456,0.5066198706626892,false,5
4873,0.3834643023223332,0.317295104265213,0.2988858222961426,false,4
4874,0.13921342895879343,0.12464381009340286,0.169866681098938,false,4
4875,0.13921342895879343,0.12464381009340286,0.169866681098938,false,4
4876,0.2203232311319046,0.25901851058006287,0.25538626313209534,false,5
4877,0.26160292290564047,0.2706877887248993,0.26953163743019104,false,2
4878,0.2972040467450071,0.36720114946365356,0.3722308576107025,false,3
4879,0.32095533799057696,0.4106278419494629,0.4049571752548218,false,2
4880,0.35052632581829796,0.42997172474861145,0.4313938021659851,false,5
4881,0.38518767154920414,0.2736194431781769,0.3225351572036743,false,1
4882,0.2510230789852832,0.23822453618049622,0.2367130070924759,false,2
4883,0.3880040710618923,0.28127622604370117,0.2855292856693268,false,3
4884,0.22438118525326486,0.2267587035894394,0.22499272227287292,false,2
4885,0.19295069073759624,0.22039172053337097,0.2237163782119751,false,3
4886,0.23955176412072496,0.2593729496002197,0.256858229637146,false,5
4887,0.22438118525326486,0.2267587035894394,0.22499272227287292,false,2
4888,0.19295069073759624,0.22039172053337097,0.2237163782119751,false,3
4889,0.23955176412072496,0.2593729496002197,0.256858229637146,false,5
4890,0.45973221012913407,0.40231195092201233,0.4036654829978943,false,2
4891,0.2457109054187418,0.23671334981918335,0.2353155016899109,false,2
4892,0.2526498556448348,0.2789706885814667,0.21672190725803375,false,1
4893,0.3184503064750157,0.3162396252155304,0.3159346282482147,false,2
4894,0.40901233901404166,0.2974695861339569,0.28095003962516785,false,4
4895,0.2836626117492321,0.37883326411247253,0.31343206763267517,false,4
4896,0.2719701081514752,0.4206862449645996,0.41098955273628235,false,3
4897,0.3503074553859763,0.39980176091194153,0.40165722370147705,false,5
4898,0.40680817594356017,0.38315972685813904,0.411140501499176,false,1
4899,0.3572515916836686,0.32048776745796204,0.3313680589199066,false,2
4900,0.16969313896903748,0.21055853366851807,0.23809286952018738,false,1
4902,0.5520044956802466,0.6818154454231262,0.6863571405410767,false,5
4903,0.2950936566185715,0.33851006627082825,0.34010112285614014,false,2
4904,0.43433391602735283,0.512349009513855,0.5130246877670288,false,5
4905,0.37309906967878065,0.4243139922618866,0.41903001070022583,false,5
4906,0.34658534004182273,0.2603338360786438,0.29614993929862976,false,4
4907,0.5151412219104824,0.5589388608932495,0.55832439661026,false,2
4908,0.3699179777013367,0.3956434428691864,0.39019569754600525,false,2
4909,0.4368061539202508,0.4856042265892029,0.4422692656517029,false,1
4911,0.07655975723622782,0.2096487134695053,0.21458646655082703,false,4
4912,0.15288181090643244,0.22930274903774261,0.2312774509191513,false,3
4913,0.3241286976519078,0.3521086871623993,0.39656710624694824,false,1
4916,0.38672902693711514,0.27504315972328186,0.26648133993148804,false,4
4917,0.35855373110188155,0.432168573141098,0.42935094237327576,false,3
4918,0.3840233424015345,0.43745434284210205,0.4315718114376068,false,2
4919,0.33816334407605786,0.4863416254520416,0.486843466758728,false,2
4920,0.3731020505766089,0.49510011076927185,0.46803218126296997,false,4
4921,0.40001114681737754,0.3821951448917389,0.3784535527229309,false,5
4922,0.02836336625881835,0.18761053681373596,0.18960809707641602,false,3
4923,0.2627552189400841,0.24301914870738983,0.24276278913021088,false,2
4924,0.21483589409673012,0.32449355721473694,0.31776219606399536,false,4
4927,0.1266143397942204,0.16377472877502441,0.17570890486240387,false,5
4928,0.36607707655000354,0.34855321049690247,0.33688727021217346,false,4
4929,0.2587241621873877,0.30536070466041565,0.30725327134132385,false,5
4930,0.1869711552417707,0.3305283784866333,0.32938992977142334,false,3
4931,0.4542338641589786,0.28127622604370117,0.2855292856693268,false,3
4932,0.25850761457460925,0.27901357412338257,0.2789638042449951,false,2
4936,0.1518814164765403,0.38960063457489014,0.383399099111557,false,4
4937,0.3725607681514852,0.3575970232486725,0.3636724650859833,false,4
4938,0.3708582700914414,0.38040438294410706,0.38407033681869507,false,2
4939,0.2770686168012972,0.33061519265174866,0.3552345335483551,false,1
4940,0.17225833330773047,0.28795865178108215,0.2910824418067932,false,3
4941,0.27017876008218433,0.30536070466041565,0.30725327134132385,false,5
4942,0.21656893493017154,0.29457852244377136,0.2785782217979431,false,4
4943,0.21033443734499968,0.2637730538845062,0.22255873680114746,false,1
4945,0.35855373110188155,0.432168573141098,0.42935094237327576,false,3
4946,0.2368950095613021,0.39683061838150024,0.3837960958480835,false,4
4947,0.34274047994266105,0.4555104672908783,0.4545843005180359,false,3
4948,0.623889882730502,0.6042661070823669,0.6287041902542114,false,1
4949,0.1467991162807542,0.2364450842142105,0.23993737995624542,false,3
4951,0.23341495750627986,0.3458912968635559,0.3167808949947357,false,1
4952,0.25745158899999593,0.30130621790885925,0.2783827483654022,false,1
4953,0.34809035735874566,0.3727567195892334,0.37257295846939087,false,5
4954,0.44388083719218946,0.6057754755020142,0.5839025378227234,false,4
4955,0.5843204976983302,0.6421798467636108,0.6466968059539795,false,2
4956,0.24574830367410694,0.2677554786205292,0.2657603919506073,false,5
4957,0.26464911028236004,0.30042195320129395,0.2784445285797119,false,1
4959,0.19395169284117766,0.2194654643535614,0.22153368592262268,false,5
4960,0.24574830367410694,0.2677554786205292,0.2657603919506073,false,5
4962,0.3174936249627286,0.34673330187797546,0.3437647521495819,false,5
4963,0.20848923753354398,0.2677497863769531,0.2609395682811737,false,5
4964,0.4788906017428401,0.4433478116989136,0.4452158212661743,false,2
4965,0.24276571386285845,0.3540150821208954,0.3479975759983063,false,4
4967,0.4243042603021432,0.5174005627632141,0.5219948291778564,false,4
4971,0.4043249208848727,0.4468446671962738,0.4370403289794922,false,5
4972,0.3778862015491083,0.44030526280403137,0.4412415027618408,false,3
4973,0.664855153284134,0.7057381272315979,0.7082113027572632,false,2
4974,0.3678605950905612,0.3606669306755066,0.3638726472854614,false,5
4976,0.7643355044521749,0.6741898655891418,0.7055785655975342,false,1
4977,0.6271145323935435,0.6392843723297119,0.6355794072151184,false,3
4978,0.8109827554906504,0.8421252965927124,0.8413077592849731,false,2
4979,0.6537425644837986,0.5980852246284485,0.5953200459480286,false,3
4980,0.6821482124916881,0.7573933005332947,0.7439669370651245,false,1
4981,0.31396981100447535,0.38643625378608704,0.3596465587615967,false,1
4982,0.53912148330732,0.6361969113349915,0.6357808709144592,false,3
4983,0.5229327502960945,0.39253801107406616,0.3985094428062439,false,2
4984,0.4176154490074133,0.4174259305000305,0.4184355139732361,false,3
4985,0.8875057275450017,0.8759210109710693,0.8810394406318665,false,1
4986,0.42626323354148427,0.6557772159576416,0.6656683683395386,false,4
4987,0.23222816349252415,0.2384258657693863,0.23890550434589386,false,5
4988,0.24998157558357367,0.20590434968471527,0.24613042175769806,false,1
4989,0.2174511079635691,0.2535664141178131,0.2788475751876831,false,1
4991,0.6067352854593498,0.5207492113113403,0.5055604577064514,false,1
4992,0.7732951411526497,0.8694761991500854,0.8546310663223267,false,5
4993,0.37220625773005805,0.5720506310462952,0.5605867505073547,false,4
4995,0.42704726960431827,0.39432448148727417,0.3985733091831207,false,4
4996,0.6593606509740703,0.6326521635055542,0.6614378094673157,false,1
4997,0.27032215357974665,0.30546319484710693,0.29599156975746155,false,1
4998,0.17129275206105882,0.30781805515289307,0.310103178024292,false,4
5000,0.6423440264085362,0.6361969113349915,0.6357808709144592,false,3
5001,0.6361313677380749,0.6451053023338318,0.6449519991874695,false,5
5003,0.6336163805491016,0.6360226273536682,0.6155953407287598,false,1
5004,0.5793072400547821,0.747218668460846,0.7379112243652344,false,2
5005,0.5793072400547821,0.747218668460846,0.7379112243652344,false,2
5007,0.7191906685246579,0.7229502201080322,0.7206427454948425,false,3
5008,0.6285314749755124,0.6870497465133667,0.7291854023933411,false,1
5009,0.7191906685246579,0.7229502201080322,0.7206427454948425,false,3
5011,0.6374032607819732,0.6410425901412964,0.6491893529891968,false,1
5012,0.6336163805491016,0.6360226273536682,0.6155953407287598,false,1
5013,0.3443199127202796,0.641051709651947,0.6239155530929565,false,4
5014,0.595160678820901,0.7081122994422913,0.7096686959266663,false,3
5015,0.6342291908333518,0.6247938871383667,0.6355971693992615,false,1
5016,0.653884583833497,0.5787050127983093,0.5772656202316284,false,4
5017,0.6319511595026013,0.7143684029579163,0.715904712677002,false,3
5018,0.6024820928241591,0.6593777537345886,0.667168378829956,false,4
5019,0.8440959122956646,0.80357825756073,0.8081455826759338,false,1
5020,0.4868035875625341,0.7596678733825684,0.7718137502670288,false,5
5022,0.3295384546384951,0.6376103162765503,0.6521499156951904,false,4
5023,0.8878871930106266,0.8177650570869446,0.8187061548233032,false,5
5024,0.226700754679417,0.29806581139564514,0.29893481731414795,false,3
5025,0.5200969627975381,0.5494837760925293,0.5874589681625366,false,1
5026,0.5867339510612379,0.7738766670227051,0.7675601840019226,false,2
5028,0.8524778166006108,0.785558819770813,0.7960572242736816,false,4
5029,0.40895663209745514,0.4637780785560608,0.4656775891780853,false,2
5030,0.3726799268676151,0.42637312412261963,0.4252578318119049,false,5
5031,0.5565803233820125,0.4215923547744751,0.4231928288936615,false,3
5032,0.40700939603768016,0.4504399001598358,0.45258036255836487,false,2
5033,0.5454765013597246,0.6129046082496643,0.6149706840515137,false,2
5034,0.3417219570040123,0.4886515140533447,0.47560441493988037,false,4
5035,0.6510397011447893,0.6055940985679626,0.6250567436218262,false,1
5036,0.5452100547391161,0.5768059492111206,0.5766434669494629,false,5
5037,0.3882361667941201,0.44370681047439575,0.43084582686424255,false,1
5038,0.4799454864262436,0.6003386378288269,0.5972855091094971,false,5
5039,0.3417219570040123,0.4886515140533447,0.47560441493988037,false,4
5040,0.5095824856133756,0.5544740557670593,0.5543568134307861,false,5
5041,0.5889269998919991,0.639281153678894,0.6504247784614563,false,4
5042,0.28816331017175445,0.3048667311668396,0.3068074584007263,false,5
5043,0.2612996506790785,0.2907658517360687,0.2875318229198456,false,3
5045,0.3016344758174899,0.5301477909088135,0.4892362952232361,false,4
5048,0.09972498090145149,0.1338128298521042,0.13872486352920532,false,4
5049,0.316896296102495,0.2781826853752136,0.27693188190460205,false,2
5050,0.46997270985603756,0.5161135792732239,0.5158134698867798,false,2
5051,0.35026316546471553,0.3554745018482208,0.34627410769462585,false,3
5052,0.056208616546851824,0.21299253404140472,0.18770253658294678,false,4
5053,0.41237964361625307,0.4556424915790558,0.5092996954917908,false,1
5054,0.25883824922711524,0.3147711455821991,0.32013729214668274,false,2
5055,0.07458122433122433,0.12166261672973633,0.1109115406870842,false,4
5058,0.4645882396814284,0.5137415528297424,0.45559507608413696,false,4
5059,0.2803330706780434,0.3058384656906128,0.30796629190444946,false,2
5061,0.056420813105023636,0.13437306880950928,0.14508818089962006,false,4
5062,0.5857227030457397,0.6804835796356201,0.681438684463501,false,2
5063,0.3068154215280763,0.4180620014667511,0.3996802866458893,false,4
5065,0.40381645719784764,0.4967714548110962,0.4940737187862396,false,4
5066,0.2859939586427081,0.2581026554107666,0.2979811728000641,false,1
5069,0.07902951932828092,0.260214239358902,0.2804540693759918,false,4
5070,0.3349607534101046,0.4040445387363434,0.41676974296569824,false,3
5071,0.1394306840978752,0.26195695996284485,0.2369411587715149,false,4
5072,0.20784978839980398,0.21482537686824799,0.2236151099205017,false,2
5076,0.31098662064338306,0.34942448139190674,0.34838616847991943,false,2
5078,0.31098662064338306,0.34942448139190674,0.34838616847991943,false,2
5079,0.25155028841742366,0.41500329971313477,0.4145672023296356,false,3
5080,0.25155028841742366,0.41500329971313477,0.4145672023296356,false,3
5081,0.22804222099530055,0.28984296321868896,0.2917192280292511,false,5
5083,0.6513334136289637,0.5786831974983215,0.6133761405944824,false,1
5084,0.3376635602304819,0.30926239490509033,0.3120550513267517,false,2
5085,0.28133055186557515,0.30195438861846924,0.28628018498420715,false,4
5087,0.2668218134890044,0.3158847987651825,0.3138676881790161,false,1
5088,0.3075005549521821,0.346962034702301,0.33728379011154175,false,4
5090,0.2181890550726719,0.2630002498626709,0.2639671266078949,false,5
5091,0.45725834988294717,0.5033687353134155,0.4852498769760132,false,1
5092,0.2720860572773726,0.2509496212005615,0.249444380402565,false,3
5093,0.21181591929944865,0.35774415731430054,0.34957632422447205,false,3
5094,0.23509351237333223,0.3251245319843292,0.3283146321773529,false,3
5095,0.25709973568568917,0.3037160038948059,0.30813315510749817,false,5
5098,0.22169155785823552,0.33682507276535034,0.4146755337715149,false,1
5099,0.3216105704197414,0.37276509404182434,0.4136742055416107,false,1
5103,0.029664004124530442,0.07789291441440582,0.0908690020442009,false,4
5104,0.4377470476212678,0.49190855026245117,0.4913393259048462,false,2
5105,0.3470241233803467,0.38277509808540344,0.3852919638156891,false,5
5106,0.3151491826719386,0.3469110131263733,0.35800597071647644,false,5
5108,0.396273578425789,0.43594124913215637,0.43475058674812317,false,5
5110,0.3431423646757083,0.4344664514064789,0.4328921437263489,false,2
5113,0.4408465117144312,0.38366541266441345,0.3647519648075104,false,4
5114,0.4408465117144312,0.38366541266441345,0.3647519648075104,false,4
5115,0.1704010366648732,0.18911586701869965,0.1873939335346222,false,5
5116,0.4054472124727304,0.4452036917209625,0.4393840730190277,false,4
5120,0.3188530974909527,0.26027512550354004,0.2548629343509674,false,1
5122,0.30319310602464705,0.4067833423614502,0.40890374779701233,false,3
5123,0.1406779757003487,0.35019442439079285,0.3496822118759155,false,3
5124,0.2209523652007151,0.33745744824409485,0.335708349943161,false,2
5126,0.1356532234223422,0.22056427597999573,0.22552742063999176,false,3
5128,0.2195767991280478,0.28661537170410156,0.28793421387672424,false,1
5130,0.33628182583077126,0.31438443064689636,0.3152260482311249,false,2
5131,0.271558579315907,0.4430775046348572,0.4604090750217438,false,4
5133,0.1813365573993077,0.299539178609848,0.298709899187088,false,3
5134,0.2999726853284532,0.19837550818920135,0.21876785159111023,false,4
5135,0.49657569514012495,0.5935326218605042,0.5887057185173035,false,4
5136,0.33697981510432196,0.4753742516040802,0.47250935435295105,false,3
5137,0.4122622598846855,0.3550872206687927,0.35695692896842957,false,2
5138,0.07639053207935467,0.20663301646709442,0.20527896285057068,false,3
5139,0.2134051453325246,0.29391711950302124,0.28601178526878357,false,4
5140,0.37290994538230615,0.31578975915908813,0.3236456513404846,false,5
5141,0.5594340127358047,0.5759532451629639,0.5642643570899963,false,4
5142,0.21222150615102428,0.1537773460149765,0.13813605904579163,false,1
5143,0.5103414877327577,0.3637351393699646,0.35715094208717346,false,4
5144,0.4553785093117198,0.4625926613807678,0.47749242186546326,false,1
5145,0.19065910318779938,0.21539795398712158,0.2170756757259369,false,5
5146,0.3102758756413667,0.33275699615478516,0.33473750948905945,false,5
5147,0.662995768571731,0.6474437117576599,0.6575808525085449,false,1
5148,0.3922655818252953,0.35786816477775574,0.3528180718421936,false,4
5149,0.24934804613171488,0.40537574887275696,0.39218053221702576,false,4
5151,0.13269012343006145,0.1815672665834427,0.17982710897922516,false,3
5152,0.13685174709919726,0.09074876457452774,0.10232634097337723,false,1
5155,0.3198303960359476,0.48032164573669434,0.4799509048461914,false,3
5156,0.2846587249658231,0.32232484221458435,0.32403385639190674,false,3
5160,0.18336301863040963,0.17814481258392334,0.18409322202205658,false,1
5161,0.33890181933785,0.3453480005264282,0.3451411724090576,false,5
5162,0.3016307454839324,0.3466741740703583,0.34996432065963745,false,4
5163,0.3572372521493184,0.3667835593223572,0.36703941226005554,false,3
5164,0.4402488505792623,0.43902844190597534,0.4512592852115631,false,1
5165,0.35880471091771965,0.37564489245414734,0.37358739972114563,false,2
5166,0.40484149957883253,0.360752671957016,0.3721008896827698,false,1
5167,0.3303087293387654,0.34556350111961365,0.3453565835952759,false,5
5171,0.3534755879934171,0.3572707772254944,0.3384000360965729,false,5
5173,0.1571569157110786,0.18761053681373596,0.18960809707641602,false,3
5179,0.35943607504286573,0.254125714302063,0.2726700007915497,false,1
5180,0.27647486136394267,0.3469979763031006,0.34625616669654846,false,3
5181,0.23575737208155614,0.2582840621471405,0.2581334710121155,false,5
5182,0.1853565168706423,0.22074635326862335,0.21078325808048248,false,4
5183,0.4749894697245019,0.5832041501998901,0.5826925039291382,false,1
5184,0.27499292717074864,0.3522479236125946,0.34429895877838135,false,5
5185,0.5058895993044834,0.5247726440429688,0.5269169807434082,false,5
5186,0.43382464141148025,0.47675037384033203,0.4694111943244934,false,5
5187,0.39025950469347703,0.5938384532928467,0.596200704574585,false,4
5188,0.6426185729513153,0.6400858759880066,0.6463265419006348,false,1
5189,0.3092005134911808,0.26780128479003906,0.32260647416114807,false,1
5192,0.47123886434666007,0.6334807872772217,0.6365941762924194,false,3
5193,0.14074845453485188,0.2715795636177063,0.29048052430152893,false,4
5195,0.06540767741890031,0.19177617132663727,0.19260160624980927,false,4
5196,0.4190428982887742,0.44494718313217163,0.453622967004776,false,3
5199,0.337672233920277,0.2907658517360687,0.2875318229198456,false,3
5200,0.40242281132205404,0.5306418538093567,0.526376485824585,false,3
5201,0.35725569130795504,0.3722078204154968,0.37371009588241577,false,2
5206,0.2142479157285141,0.25030606985092163,0.24382713437080383,false,5
5207,0.20542101721970304,0.2914872467517853,0.3020051121711731,false,3
5213,0.23606616329030486,0.2541417181491852,0.2518058717250824,false,5
5214,0.321560693436048,0.4108816087245941,0.4104467034339905,false,3
5215,0.3252526806600804,0.3648128807544708,0.36447080969810486,false,2
5216,0.6693568695952359,0.7054871916770935,0.6988693475723267,false,2
5219,0.2201897596858127,0.2549508512020111,0.25352510809898376,false,2
5221,0.24496395028625692,0.24351866543293,0.24642877280712128,false,5
5222,0.3376635602304819,0.30926239490509033,0.3120550513267517,false,2
5223,0.4115770849923361,0.4275343120098114,0.4259759485721588,false,2
5224,0.25290185651723646,0.2506113648414612,0.2508178651332855,false,2
5225,0.34566192842385424,0.41930708289146423,0.37774544954299927,false,1
5227,0.18250724914661606,0.23561996221542358,0.23317357897758484,false,5
5243,0.31004762967130883,0.3119664788246155,0.33966970443725586,false,4
5244,0.17971116655824673,0.3303864896297455,0.3035316467285156,false,4
5245,0.24703195441786946,0.259504109621048,0.2776474356651306,false,4
5247,0.48246555092367793,0.671175479888916,0.6660403609275818,false,4
5249,0.5356038991440605,0.6127896308898926,0.6068716049194336,false,3
5252,0.24703195441786946,0.259504109621048,0.2776474356651306,false,4
5255,0.2211735970303891,0.19720901548862457,0.20086154341697693,false,5
5256,0.4431873021977926,0.4822298288345337,0.5152401328086853,false,5
5257,0.24973799043802067,0.30536070466041565,0.30725327134132385,false,5
5258,0.1989937283593028,0.28850388526916504,0.2882883548736572,false,5
5259,0.29876436548416874,0.35301992297172546,0.35361796617507935,false,2
5260,0.31254452775379693,0.3581351935863495,0.36154961585998535,false,2
5261,0.2838262471853957,0.2971968948841095,0.3028480112552643,false,3
5262,0.3521858415407597,0.3778247833251953,0.38031867146492004,false,2
5263,0.3087512564223008,0.36539578437805176,0.3751872777938843,false,2
5264,0.4553227146176837,0.6320945620536804,0.6763224005699158,false,4
5265,0.330253722642447,0.3236721456050873,0.33852365612983704,false,1
5266,0.3819245065720025,0.4021422266960144,0.3963972330093384,false,3
5267,0.3470241233803467,0.38277509808540344,0.3852919638156891,false,5
5268,0.23327403435524258,0.17992974817752838,0.180458664894104,false,1
5269,0.4912035016046272,0.33993732929229736,0.34032559394836426,false,3
5271,0.36898407869700556,0.3583524525165558,0.3568607270717621,false,2
5272,0.2970061877125071,0.3302162289619446,0.3245132863521576,false,1
5274,0.376985774305535,0.4497031569480896,0.4544870853424072,false,5
5276,0.14545407533642826,0.25131475925445557,0.25075167417526245,false,4
5277,0.5620498651473637,0.5799636840820312,0.5779006481170654,false,2
5278,0.38223015886742856,0.3093920648097992,0.3039853870868683,false,3
5279,0.22552832994319055,0.30945664644241333,0.34907427430152893,false,4
5280,0.36129762254603753,0.46620413661003113,0.44825273752212524,false,5
5281,0.3828452377284946,0.2665348947048187,0.26731547713279724,false,3
5282,0.26092607646258825,0.29782548546791077,0.27971121668815613,false,1
5283,0.29959482879668786,0.3487388789653778,0.358222633600235,false,3
5284,0.2266175395236007,0.2634381353855133,0.26576972007751465,false,5
5285,0.6500953210108965,0.7154708504676819,0.7182144522666931,false,2
5290,0.3267203759884217,0.44781234860420227,0.40926527976989746,false,4
5291,0.3689368619468825,0.4014336168766022,0.40748924016952515,false,3
5292,0.39589328440339955,0.3575975298881531,0.3974367380142212,false,1
5293,0.17971116655824673,0.3303864896297455,0.3035316467285156,false,4
5294,0.24978505594925132,0.2761496901512146,0.26559945940971375,false,1
5295,0.6648820237874637,0.7326287627220154,0.7399231195449829,false,5
5296,0.11413456154396251,0.24769791960716248,0.2476796954870224,false,3
5297,0.6385441835685959,0.7859280705451965,0.782776951789856,false,4
5300,0.2071107643717938,0.24056459963321686,0.2189149260520935,false,4
5301,0.24973799043802067,0.30536070466041565,0.30725327134132385,false,5
5303,0.18913176899385145,0.36396506428718567,0.35986384749412537,false,3
5306,0.5299517938679963,0.6572450399398804,0.6730767488479614,false,4
5307,0.27230446336389996,0.3445413112640381,0.3445148169994354,false,3
5308,0.2894506077551139,0.4579170048236847,0.4517904222011566,false,2
5309,0.24754584244033537,0.32025936245918274,0.321463018655777,false,3
5310,0.4368723064274425,0.4922526776790619,0.4957224726676941,false,3
5311,0.7670746482181476,0.8353139758110046,0.8380206823348999,false,3
5312,0.3557302807215782,0.43202468752861023,0.4313938021659851,false,5
5313,0.24091741059203045,0.23963211476802826,0.24357901513576508,false,4
5316,0.29876436548416874,0.35301992297172546,0.35361796617507935,false,2
5317,0.25158965249598864,0.2554314434528351,0.25855475664138794,false,5
5318,0.2838262471853957,0.2971968948841095,0.3028480112552643,false,3
5319,0.48551764703901734,0.5383269190788269,0.5317972302436829,false,4
5320,0.3087512564223008,0.36539578437805176,0.3751872777938843,false,2
5321,0.2567185282607307,0.26977264881134033,0.2696767747402191,false,2
5322,0.18469816573591255,0.2307949960231781,0.22434592247009277,false,2
5324,0.14545407533642826,0.25131475925445557,0.25075167417526245,false,4
5326,0.25351803210118223,0.30890655517578125,0.31081128120422363,false,5
5331,0.21822897288191334,0.22022180259227753,0.22067879140377045,false,1
5333,0.4289899502117789,0.43850454688072205,0.4362127184867859,false,5
5334,0.22764756092716007,0.321615606546402,0.3394052982330322,false,1
5335,0.19414633216862653,0.28781768679618835,0.25505465269088745,false,4
5336,0.12143391990315411,0.2172021120786667,0.2170429676771164,false,3
5337,0.4307153932225237,0.4230365455150604,0.422406941652298,false,5
5339,0.2670245811463144,0.28642526268959045,0.2882883548736572,false,5
5341,0.2897975267073453,0.26359304785728455,0.27171623706817627,false,2
5342,0.30861581983318725,0.4245966374874115,0.42191141843795776,false,2
5344,0.29799582763423865,0.33808472752571106,0.3404698073863983,false,2
5345,0.42060588786462644,0.46262800693511963,0.4566860795021057,false,3
5346,0.23201690533364214,0.28543853759765625,0.2997489869594574,false,5
5347,0.2606868044841006,0.3233243525028229,0.3219703733921051,false,2
5348,0.23484422473668928,0.2592812478542328,0.2576698362827301,false,5
5349,0.23484422473668928,0.2592812478542328,0.2576698362827301,false,5
5350,0.3502614789247373,0.43297070264816284,0.41773751378059387,false,3
5351,0.1924433892460723,0.25294607877731323,0.24023374915122986,false,1
5352,0.21812415844683816,0.15342189371585846,0.17878061532974243,false,4
5353,0.2249456481728231,0.27754947543144226,0.27778327465057373,false,5
5354,0.36969080132483706,0.49345526099205017,0.4823932349681854,false,5
5355,0.25871261499388903,0.2930952310562134,0.29481151700019836,false,5
5356,0.1251004757303716,0.19496913254261017,0.19443686306476593,false,3
5358,0.29995153690676213,0.3689899742603302,0.36973729729652405,false,2
5359,0.26107612974635275,0.3698793649673462,0.37597694993019104,false,3
5360,0.318333858847069,0.35652267932891846,0.3551691472530365,false,1
5361,0.5384282362849033,0.5267561078071594,0.5286068320274353,false,2
5362,0.2612512583098013,0.24544329941272736,0.2504225969314575,false,1
5371,0.30431788816012345,0.34553536772727966,0.3440621495246887,false,5
5372,0.36134611620227663,0.4742281138896942,0.47601211071014404,false,2
5375,0.2974731181489175,0.35354721546173096,0.3529775142669678,false,4
5380,0.6694096145641083,0.745650589466095,0.6859092712402344,false,1
5382,0.16153418818567322,0.1244962066411972,0.1163342297077179,false,1
5383,0.19909690709528602,0.2042720913887024,0.20880410075187683,false,2
5384,0.41739773124192625,0.2528408467769623,0.26139727234840393,false,4
5387,0.11035646167813873,0.2155224233865738,0.2163717895746231,false,3
5388,0.6153131093419035,0.5750259160995483,0.5748622417449951,false,5
5390,0.5501348090625514,0.5961256623268127,0.628695011138916,false,4
5391,0.4191056897676503,0.5200554132461548,0.5191333293914795,false,2
5392,0.22755121169660483,0.21795901656150818,0.24202561378479004,false,1
5393,0.55038512759401,0.6253591775894165,0.6249380111694336,false,3
5394,0.21433984493851096,0.21063435077667236,0.1848183423280716,false,1
5395,0.33535195173951665,0.2683873474597931,0.27698132395744324,false,3
5403,0.41819660823906374,0.5436453819274902,0.535681426525116,false,2
5404,0.1653077324722062,0.20789769291877747,0.2004777491092682,false,4
5405,0.34180787795865397,0.3380694091320038,0.33600369095802307,false,2
5406,0.30616944036031657,0.2965240180492401,0.29726436734199524,false,5
5407,0.320847708188585,0.29594188928604126,0.2957495152950287,false,5
5408,0.1896050794347811,0.1928006410598755,0.23855741322040558,false,1
5409,0.47304880698549967,0.3967541456222534,0.371054470539093,false,4
5410,0.4637705839416198,0.42836639285087585,0.4202730357646942,false,1
5413,0.40877188196035436,0.4653880298137665,0.46995097398757935,false,5
5415,0.1954924038124157,0.24245038628578186,0.24854032695293427,false,3
5416,0.054909962668050906,0.12187143415212631,0.1578161120414734,false,4
5417,0.2782121057585333,0.2560591995716095,0.2594089210033417,false,1
5418,0.24279549319277835,0.2871130704879761,0.27899855375289917,false,1
5419,0.3163802554370575,0.334989994764328,0.3137175440788269,false,1
5420,0.2778672784275156,0.33088138699531555,0.3279697299003601,false,2
5421,0.49784735679642017,0.596427857875824,0.6049433946609497,false,3
5422,0.639280612760427,0.7591755986213684,0.7551384568214417,false,5
5423,0.8044822878862438,0.8331320285797119,0.8298580050468445,false,3
5424,0.5235712131220035,0.5374407172203064,0.5397092700004578,false,5
5425,0.26530977484098667,0.347228467464447,0.3651970326900482,false,2
5426,0.09013832001332,0.11172980815172195,0.12046641111373901,false,4
5427,0.41298631411018355,0.3244670033454895,0.32643187046051025,false,5
5428,0.2975024364406805,0.39953669905662537,0.40610194206237793,false,1
5429,0.6394497983184478,0.7158141136169434,0.7143347859382629,false,2
5430,0.03554638296486123,0.2393125593662262,0.2326343059539795,false,4
5431,0.5060595388971347,0.4545540511608124,0.4543880224227905,false,5
5432,0.6109255881540026,0.7542229294776917,0.7320786118507385,false,1
5433,0.8031033618267996,0.6435098648071289,0.6476262211799622,false,4
5434,0.1893138498507744,0.2906035780906677,0.28985080122947693,false,4
5435,0.2649963056841171,0.432168573141098,0.42935094237327576,false,3
5437,0.2808354864592813,0.32021114230155945,0.3208937346935272,false,2
5438,0.3211904113857573,0.35388216376304626,0.35086140036582947,false,5
5439,0.3557302807215782,0.43202468752861023,0.4313938021659851,false,5
5440,0.29041939791543603,0.3327891528606415,0.3330261707305908,false,3
5441,0.39979390755115574,0.5388232469558716,0.5071896910667419,false,1
5442,0.26092607646258825,0.29782548546791077,0.27971121668815613,false,1
5444,0.3220097599200914,0.31214088201522827,0.3119255602359772,false,5
5446,0.383348132583006,0.40613874793052673,0.4094618856906891,false,4
5447,0.48146841691410786,0.6132851243019104,0.6238406300544739,false,3
5448,0.26927527837684445,0.3038572072982788,0.3015768229961395,false,5
5453,0.3212547713239258,0.31213781237602234,0.31374526023864746,false,5
5454,0.3967074232707848,0.43202468752861023,0.4313938021659851,false,5
5455,0.42699572932821445,0.40623679757118225,0.4004724621772766,false,3
5456,0.25129883809617803,0.34754905104637146,0.3370552361011505,false,4
5459,0.291228089128704,0.26777908205986023,0.26649317145347595,false,2
5460,0.291228089128704,0.26777908205986023,0.26649317145347595,false,2
5461,0.5586094900567242,0.5854501724243164,0.5988861322402954,false,4
5463,0.16134614558539379,0.24738869071006775,0.23245292901992798,false,4
5469,0.17777335663917074,0.21421970427036285,0.20785316824913025,false,1
5471,0.0596809843922847,0.12464514374732971,0.1358489990234375,false,4
5474,0.13338222781898534,0.14406916499137878,0.141220822930336,false,3
5475,0.15045796564546562,0.15031740069389343,0.14894963800907135,false,4
5477,0.48234689332846936,0.46033984422683716,0.4533150792121887,false,3
5478,0.2844807010657046,0.2702905833721161,0.26914772391319275,false,5
5479,0.2823070761970221,0.4086439311504364,0.4024465084075928,false,3
5480,0.5024209888607681,0.6253372430801392,0.4913313388824463,false,1
5481,0.17141303818517706,0.19803214073181152,0.212466299533844,false,2
5485,0.19126048378235874,0.24828410148620605,0.2451809197664261,false,5
5488,0.19262732901084284,0.2194654643535614,0.22153368592262268,false,5
5492,0.19172698672005034,0.21339550614356995,0.2199420928955078,false,2
5493,0.1394306840978752,0.26195695996284485,0.2369411587715149,false,4
5495,0.2718046595182628,0.28594639897346497,0.2906472682952881,false,5
5496,0.23538154295120797,0.2860212028026581,0.31542980670928955,false,1
5498,0.2524468967448435,0.4567505717277527,0.364316463470459,false,1
5499,0.6253542198919088,0.6865201592445374,0.712981641292572,false,1
5500,0.4195721237725378,0.4715299904346466,0.4687451124191284,false,2
5501,0.320194089090877,0.3155503273010254,0.3667565882205963,false,4
5502,0.41126346903739375,0.5879114270210266,0.5775412917137146,false,4
5503,0.2069913045003005,0.2601591646671295,0.26202985644340515,false,3
5505,0.5509001752449065,0.5434684753417969,0.5449743866920471,false,5
5506,0.20728200028555638,0.29529204964637756,0.2769326865673065,false,1
5507,0.3792608614650648,0.34200260043144226,0.33996108174324036,false,2
5509,0.30090500087234173,0.3291916847229004,0.32931405305862427,false,2
5510,0.4210092081251341,0.3789908289909363,0.4460442066192627,false,1
5511,0.47518609623121594,0.66107577085495,0.6287514567375183,false,1
5512,0.3404631586000276,0.33321964740753174,0.33221274614334106,false,2
5513,0.44986431646066954,0.3916287422180176,0.39276257157325745,false,2
5514,0.33885921394560936,0.4808082580566406,0.49226313829421997,false,3
5515,0.40223109059964884,0.4628012776374817,0.4660901129245758,false,5
5516,0.32280731607069596,0.30446234345436096,0.3068128228187561,false,5
5517,0.45556102330803533,0.583909809589386,0.5832358002662659,false,3
5518,0.270693304845825,0.34777554869651794,0.3522741496562958,false,5
5520,0.7108632819222094,0.71576327085495,0.7315881848335266,false,5
5523,0.26502071209042344,0.34229543805122375,0.3261539936065674,false,5
5524,0.37898319268448744,0.40717896819114685,0.4470531940460205,false,1
5525,0.44850512540937687,0.44796523451805115,0.426127165555954,false,1
5529,0.22684746764900574,0.24848173558712006,0.25261831283569336,false,5
5531,0.23622058068425347,0.3054511249065399,0.24084250628948212,false,4
5532,0.2717092577079982,0.34178921580314636,0.34313035011291504,false,5
5533,0.23844473269628788,0.24995620548725128,0.28221574425697327,false,1
5536,0.2174511079635691,0.2535664141178131,0.2788475751876831,false,1
5537,0.49226708090994165,0.6164982318878174,0.6144716143608093,false,2
5538,0.4224820774311214,0.45199617743492126,0.4410688877105713,false,4
5539,0.09013832001332,0.11172980815172195,0.12046641111373901,false,4
5540,0.16752624525237222,0.1762096881866455,0.17303332686424255,false,5
5542,0.23710761126526708,0.2677738070487976,0.264195054769516,false,5
5548,0.13394512395499236,0.2517525255680084,0.22451280057430267,false,4
5549,0.34171061208289844,0.5436228513717651,0.5512861013412476,false,3
5550,0.5245405878560594,0.554908037185669,0.5527918338775635,false,2
5551,0.15966179524281915,0.2590802013874054,0.25838252902030945,false,3
5552,0.2772121405759594,0.33557310700416565,0.3372603952884674,false,1
5553,0.3152239815766581,0.32519468665122986,0.32416051626205444,false,2
5554,0.1394306840978752,0.26195695996284485,0.2369411587715149,false,4
5556,0.3951246463198095,0.2689363956451416,0.26124289631843567,false,4
5557,0.40489975664156597,0.4402356743812561,0.4123976230621338,false,1
5558,0.20679831960962552,0.2990387976169586,0.3039374351501465,false,5
5567,0.34584525050829235,0.43068528175354004,0.4358755350112915,false,4
5568,0.4186494448114034,0.43976137042045593,0.4432213306427002,false,5
5569,0.22407150686292954,0.2509969174861908,0.24859468638896942,false,5
5570,0.25512319822618756,0.25657057762145996,0.2420533299446106,false,1
5571,0.03603264790764791,0.10349962115287781,0.12294917553663254,false,4
5572,0.47138272166512984,0.3186916410923004,0.31672385334968567,false,3
5573,0.4156370798009919,0.21535281836986542,0.19359636306762695,false,1
5574,0.3878170894451282,0.283937007188797,0.2772582769393921,false,3
5575,0.2888599230529887,0.4818039834499359,0.49662986397743225,false,3
5577,0.6894084148605159,0.6656419038772583,0.6538627743721008,false,1
5578,0.8145813219337835,0.7185551524162292,0.7114548087120056,false,4
5579,0.7468717327143198,0.7753840684890747,0.7737936973571777,false,4
5580,0.2638938242733291,0.27703678607940674,0.27602624893188477,false,5
5581,0.4221357354925918,0.4239543378353119,0.4341666102409363,false,3
5584,0.2758300279341082,0.2705684304237366,0.2695097029209137,false,5
5585,0.3666005816874584,0.31460893154144287,0.31248342990875244,false,3
5586,0.39079299362735237,0.41935810446739197,0.4188906252384186,false,5
5587,0.38580329115664996,0.43594124913215637,0.43475058674812317,false,5
5588,0.53850802997345,0.49177342653274536,0.5391749143600464,false,1
5589,0.3216105704197414,0.37276509404182434,0.4136742055416107,false,1
5590,0.31360745752182495,0.318215548992157,0.30765384435653687,false,3
5591,0.1608611676819743,0.1004595011472702,0.09529421478509903,false,1
5592,0.1508965029003392,0.23671407997608185,0.2472732961177826,false,4
5593,0.22409834682211682,0.1688263714313507,0.1847841888666153,false,1
5598,0.17829148635842004,0.17396007478237152,0.18065010011196136,false,5
5601,0.12359408634193382,0.18616677820682526,0.18425911664962769,false,3
5602,0.37070747547943883,0.3284938931465149,0.33546680212020874,false,2
5603,0.4087319002817692,0.4377818703651428,0.4330882728099823,false,3
5604,0.18859287807639796,0.18177030980587006,0.23837590217590332,false,1
5605,0.6832199039617225,0.6878332495689392,0.6242243647575378,false,1
5606,0.2564085777674196,0.34082603454589844,0.34239131212234497,false,2
5607,0.3345121450728646,0.3498929738998413,0.33646073937416077,false,3
5608,0.2661137627207674,0.2520110607147217,0.24441929161548615,false,4
5610,0.20734703218063932,0.2523846924304962,0.24724897742271423,false,5
5612,0.33598692432416016,0.36216139793395996,0.34903284907341003,false,1
5614,0.31358993500441434,0.3687581419944763,0.3068241477012634,false,1
5616,0.29135631143884766,0.2532050311565399,0.2182437926530838,false,1
5617,0.2092828275471637,0.11857758462429047,0.11948511004447937,false,1
5618,0.2092828275471637,0.11857758462429047,0.11948511004447937,false,1
5619,0.2711967190091025,0.33235663175582886,0.33837437629699707,false,2
5620,0.4921573621756815,0.6251895427703857,0.605854868888855,false,4
5622,0.3721015759234955,0.3847537338733673,0.39263373613357544,false,1
5623,0.33792595779289264,0.339591920375824,0.33971503376960754,false,2
5625,0.45849313799074565,0.4024975299835205,0.43137288093566895,false,1
5626,0.33521547769165677,0.40679311752319336,0.40297481417655945,false,3
5631,0.41128165967070984,0.40264689922332764,0.4012715816497803,false,2
5632,0.5240044796736083,0.5946592092514038,0.6694847941398621,false,1
5633,0.5407882970294171,0.5346658825874329,0.5401930212974548,false,2
5634,0.3198517955050532,0.36769071221351624,0.3646131157875061,false,5
5635,0.37750522264555186,0.6222732663154602,0.6185958981513977,false,3
5636,0.3759620434401738,0.39226004481315613,0.3910242021083832,false,2
5637,0.52928443878341,0.49220114946365356,0.4936073422431946,false,2
5638,0.35435867505308616,0.39213797450065613,0.38973233103752136,false,5
5639,0.7278502387456771,0.6529722213745117,0.6583506464958191,false,4
5640,0.279401992992507,0.33659064769744873,0.3389206826686859,false,2
5641,0.343984602858607,0.3882509768009186,0.3966710865497589,false,3
5642,0.33863029222475916,0.4113558828830719,0.41616740822792053,false,3
5643,0.458861196055148,0.45150426030158997,0.45163923501968384,false,3
5644,0.4318827711118065,0.42034009099006653,0.43555471301078796,false,1
5645,0.4328805567163553,0.40439170598983765,0.3990018963813782,false,1
5646,0.6199195831068625,0.7157997488975525,0.7094842195510864,false,1
5647,0.42352243708778153,0.4782838523387909,0.47710809111595154,false,1
5648,0.4767924899151291,0.4608413875102997,0.4710429012775421,false,1
5650,0.2740041014040858,0.2953978478908539,0.28766974806785583,false,1
5651,0.3757657354786747,0.38349685072898865,0.3826579749584198,false,5
5652,0.3539098543817272,0.34673330187797546,0.3465552031993866,false,5
5653,0.38491287066039603,0.5126069784164429,0.5105628371238708,false,3
5654,0.3687242014393526,0.43900036811828613,0.438867449760437,false,3
5655,0.4853922490032631,0.507121205329895,0.4819866716861725,false,1
5656,0.4675561413067371,0.5457738637924194,0.5417695045471191,false,1
5659,0.41769017923286833,0.4431869089603424,0.4438595473766327,false,4
5660,0.5458537755886258,0.5701107978820801,0.5727106928825378,false,3
5661,0.30340371907232266,0.3039416968822479,0.30372148752212524,false,3
5662,0.1983377370757523,0.14732763171195984,0.12624695897102356,false,1
5663,0.43159528436605354,0.4500105082988739,0.4354013502597809,false,1
5664,0.3715767576430671,0.40234246850013733,0.3966579735279083,false,5
5666,0.2314292002350859,0.3578011691570282,0.3681246340274811,false,4
5668,0.32170462682477635,0.3912205696105957,0.39027395844459534,false,3
5669,0.5601278490793983,0.605693519115448,0.6046447157859802,false,2
5670,0.3311308721230505,0.339591920375824,0.33971503376960754,false,2
5671,0.42205230864246046,0.4342353940010071,0.43143922090530396,false,2
5673,0.27300680986211373,0.30890655517578125,0.31081128120422363,false,5
5674,0.2681848074845162,0.24868804216384888,0.24735063314437866,false,2
5675,0.5941021768564263,0.5963308215141296,0.5901868939399719,false,5
5676,0.19553058851492358,0.1687418520450592,0.15747547149658203,false,4
5677,0.44106882977765677,0.510568380355835,0.49271708726882935,false,4
5678,0.39824737414618033,0.38951727747917175,0.3921155631542206,false,2
5679,0.5756409630605349,0.5861098170280457,0.5857571959495544,false,2
5680,0.5709795766766627,0.5951591730117798,0.5950034856796265,false,2
5681,0.36413826473417754,0.5765895843505859,0.5761508941650391,false,3
5682,0.4024057532214153,0.4606051743030548,0.4601110816001892,false,2
5683,0.4172220876144726,0.5768020749092102,0.5779104828834534,false,3
5686,0.4729465245299711,0.5991367101669312,0.5947484374046326,false,4
5688,0.5089644776374699,0.5870480537414551,0.5891281962394714,false,3
5689,0.3347618410508342,0.28060340881347656,0.32066965103149414,false,1
5690,0.7159150063740628,0.709282398223877,0.7183576226234436,false,1
5691,0.276834912591348,0.38511162996292114,0.359097421169281,false,4
5692,0.3753453272710454,0.34094688296318054,0.30195891857147217,false,1
5693,0.4129149385143696,0.42936575412750244,0.4367735981941223,false,2
5694,0.34221649885300565,0.32674935460090637,0.32657644152641296,false,5
5695,0.32825680147429886,0.37231266498565674,0.37118929624557495,false,2
5696,0.276834912591348,0.38511162996292114,0.359097421169281,false,4
5697,0.3753453272710454,0.34094688296318054,0.30195891857147217,false,1
5698,0.4129149385143696,0.42936575412750244,0.4367735981941223,false,2
5699,0.3445405852587529,0.42304596304893494,0.4493753910064697,false,1
5700,0.4741185574728854,0.4168095886707306,0.4154696464538574,false,1
5701,0.4158913603791868,0.48251470923423767,0.47899872064590454,false,3
5702,0.2868933515374679,0.38956016302108765,0.3933906853199005,false,3
5703,0.4238221065170298,0.4715813100337982,0.47111326456069946,false,2
5704,0.3996334378866624,0.43594124913215637,0.43475058674812317,false,5
5705,0.587387780671914,0.6036596894264221,0.6327691078186035,false,4
5706,0.46092851989141964,0.43919873237609863,0.46466147899627686,false,1
5707,0.32176010786974935,0.5163062810897827,0.48239678144454956,false,1
5708,0.4644699984867278,0.6217277646064758,0.6265300512313843,false,5
5709,0.3329364793669641,0.4356803297996521,0.43882203102111816,false,3
5710,0.19783815756041512,0.3843996524810791,0.40761876106262207,false,4
5711,0.42146344349942794,0.5014057755470276,0.5025907754898071,false,3
5712,0.38058006893338114,0.5271218419075012,0.4951922297477722,false,4
5713,0.5099195431587714,0.5154302716255188,0.5047360062599182,false,1
5714,0.3737905925354238,0.42577919363975525,0.437612920999527,false,3
5715,0.39968393493203047,0.4600573182106018,0.4558761417865753,false,1
5716,0.32179426184777166,0.40465429425239563,0.38744819164276123,false,4
5717,0.43793515249419734,0.4669118821620941,0.4669733941555023,false,5
5718,0.43159528436605354,0.4500105082988739,0.4354013502597809,false,1
5719,0.37784139287475355,0.40379318594932556,0.40017592906951904,false,2
5720,0.34520830658429974,0.32899701595306396,0.36834824085235596,false,1
5721,0.39997168032423075,0.4103127717971802,0.412772536277771,false,3
5722,0.4977928461859247,0.49540549516677856,0.49561411142349243,false,2
5724,0.4370375765333362,0.3141898810863495,0.33971282839775085,false,4
5726,0.6519026809928482,0.6855370998382568,0.6880300045013428,false,5
5727,0.17848173048297727,0.3000321686267853,0.2958696186542511,false,4
5728,0.31341075501771815,0.4172872006893158,0.4257080554962158,false,3
5729,0.33743156589390494,0.4858770966529846,0.4872208535671234,false,3
5730,0.47863260125655993,0.4494350850582123,0.4514816701412201,false,5
5731,0.5262202642342014,0.5473674535751343,0.5777048468589783,false,1
5732,0.3331521256426695,0.3791567385196686,0.37789326906204224,false,5
5733,0.28979586430415927,0.26961931586265564,0.2778569459915161,false,1
5734,0.4441470261771744,0.17746011912822723,0.17996740341186523,false,3
5735,0.16556694330217883,0.17800840735435486,0.17409317195415497,false,2
5736,0.43398592252354484,0.4790058434009552,0.480741024017334,false,2
5738,0.3783021476463435,0.40264689922332764,0.4012715816497803,false,2
5740,0.3783021476463435,0.40264689922332764,0.4012715816497803,false,2
5741,0.35709006919928304,0.510601818561554,0.4410621225833893,false,4
5742,0.3942574470788468,0.40490907430648804,0.4070567786693573,false,5
5743,0.37224406932159404,0.36656856536865234,0.3695697486400604,false,5
5744,0.6002708584968695,0.6758357882499695,0.6903477907180786,false,4
5745,0.6123102824905269,0.5934138298034668,0.5954645276069641,false,3
5746,0.3424317436109443,0.376657634973526,0.37629643082618713,false,2
5747,0.34214833515108706,0.46954861283302307,0.4929632544517517,false,4
5748,0.27852309209836545,0.3458612859249115,0.3455002009868622,false,2
5749,0.15685876050382216,0.2263612151145935,0.2218063473701477,false,3
5750,0.3285715671000377,0.3681325912475586,0.3661004602909088,false,5
5751,0.12278479192974012,0.31560125946998596,0.31143826246261597,false,3
5752,0.1630736711533459,0.13724802434444427,0.15700945258140564,false,1
5753,0.3113770768986295,0.36585384607315063,0.36662644147872925,false,5
5754,0.16835547070123272,0.2474042773246765,0.24919040501117706,false,3
5756,0.23222223832268693,0.24812643229961395,0.25397759675979614,false,2
5757,0.04038023088023088,0.10072781890630722,0.11129480600357056,false,4
5760,0.1841386453068748,0.1243978813290596,0.1261283904314041,false,5
5761,0.1964070937115369,0.07956200838088989,0.052026066929101944,false,1
5762,0.43232722689041514,0.45870378613471985,0.4550541341304779,false,1
5763,0.1975739587085663,0.2590959072113037,0.2729648947715759,false,4
5764,0.1964070937115369,0.07956200838088989,0.052026066929101944,false,1
5765,0.08975366021679992,0.15836146473884583,0.15441583096981049,false,3
5766,0.35809936165102374,0.28940391540527344,0.2867576777935028,false,1
5767,0.5062020864619902,0.3124997019767761,0.4417497217655182,false,1
5770,0.5854830133223641,0.6164939403533936,0.6194090247154236,false,5
5772,0.23320595270162886,0.4670349359512329,0.46275919675827026,false,3
5773,0.4717386540383873,0.47673532366752625,0.47256729006767273,false,5
5774,0.34802169145363904,0.48925119638442993,0.48771604895591736,false,3
5776,0.27656503469907334,0.2866278290748596,0.29441267251968384,false,3
5779,0.2295550977119347,0.21442820131778717,0.21707949042320251,false,5
5780,0.48946883661376667,0.4836822748184204,0.48541006445884705,false,2
5781,0.1072630197279609,0.2285090684890747,0.2267354428768158,false,3
5782,0.5163941959660353,0.4376301169395447,0.4390381872653961,false,3
5783,0.24094760503942644,0.22765395045280457,0.2546854615211487,false,1
5785,0.1481850747296832,0.20514042675495148,0.20705360174179077,false,2
5786,0.15970293844718786,0.11503802984952927,0.11497475951910019,false,5
5787,0.07981914643747051,0.14267772436141968,0.14102190732955933,false,3
5788,0.27901521886685837,0.2767730951309204,0.28028881549835205,false,5
5789,0.48081488989852234,0.6483456492424011,0.6402269601821899,false,5
5790,0.4354779254105578,0.504083514213562,0.5087190270423889,false,2
5791,0.6436771277505146,0.5322573184967041,0.533999502658844,false,1
5792,0.325708315854424,0.38979795575141907,0.3929973244667053,false,5
5794,0.4378765721209359,0.4688475430011749,0.5050361156463623,false,1
5795,0.563997540189473,0.59333735704422,0.5947301387786865,false,5
5798,0.4232455251519536,0.6881980299949646,0.6890056729316711,false,3
5800,0.5652313009845422,0.6152303218841553,0.6088138818740845,false,3
5801,0.24437192547930311,0.22672933340072632,0.2250068485736847,false,5
5802,0.37140103880672226,0.5698946118354797,0.570578932762146,false,2
5803,0.8076599707419071,0.7691365480422974,0.7845739126205444,false,4
5804,0.3816503211283688,0.5094223022460938,0.5161452889442444,false,1
5805,0.45997653305743597,0.5790132284164429,0.5792931318283081,false,3
5806,0.33455638064133114,0.2423359453678131,0.24668347835540771,false,1
5807,0.19461406918682722,0.38034310936927795,0.37588393688201904,false,3
5808,0.21281097118190367,0.3399941921234131,0.3481120467185974,false,3
5809,0.45120384306254363,0.37371164560317993,0.3619423508644104,false,5
5811,0.33303160422175565,0.36167624592781067,0.36180487275123596,false,5
5813,0.4209508938941369,0.4429745078086853,0.4131346046924591,false,1
5814,0.5155224332242956,0.5558996200561523,0.5558103919029236,false,2
5815,0.6339773877023888,0.727092444896698,0.7165158987045288,false,3
5816,0.41168481922152067,0.4843275845050812,0.4942253828048706,false,1
5817,0.30143291094708163,0.5078715085983276,0.47967004776000977,false,4
5818,0.5335121337914114,0.574171781539917,0.577584981918335,false,3
5819,0.4043780520304762,0.3449293076992035,0.3438972234725952,false,2
5820,0.3552676947036968,0.3874495327472687,0.3883797228336334,false,5
5821,0.32911619200851855,0.3485649824142456,0.3463509678840637,false,5
5822,0.2548068784890711,0.22499342262744904,0.21804073452949524,false,3
5823,0.37574719731969763,0.39674898982048035,0.3994766175746918,false,3
5824,0.3068800220140196,0.25759199261665344,0.2937808632850647,false,4
5826,0.28522633589341817,0.4516516923904419,0.4491950571537018,false,3
5827,0.22477737714246032,0.2549508512020111,0.25352510809898376,false,2
5828,0.24557177032633684,0.30783113837242126,0.2956972122192383,false,4
5829,0.18754576680859647,0.29480496048927307,0.28319087624549866,false,4
5830,0.18754576680859647,0.29480496048927307,0.28319087624549866,false,4
5831,0.4575975889721054,0.5444878935813904,0.5500159859657288,false,2
5832,0.34534385949776863,0.41295096278190613,0.4126337468624115,false,5
5833,0.46036802860863124,0.5834918022155762,0.5793493986129761,false,4
5834,0.308070366303158,0.289634644985199,0.288869172334671,false,1
5838,0.20485004390894324,0.21197737753391266,0.21193827688694,false,2
5839,0.1350983252643469,0.18605178594589233,0.1923384815454483,false,4
5841,0.34300699385959016,0.3246282935142517,0.32942432165145874,false,4
5842,0.5254476066168843,0.5674570798873901,0.5712630152702332,false,4
5843,0.3655575267792146,0.2843630909919739,0.28180012106895447,false,1
5844,0.3115636106125171,0.3121296167373657,0.3113233745098114,false,2
5845,0.09509793527954662,0.22877632081508636,0.23046910762786865,false,3
5846,0.2452882119708991,0.2082432508468628,0.20576713979244232,false,1
5847,0.3434224205155358,0.3522759675979614,0.34395796060562134,false,5
5848,0.445145636089778,0.4894780218601227,0.4984971284866333,false,5
5849,0.40401134118941406,0.517110288143158,0.5255017280578613,false,3
5850,0.340044409874082,0.3362686038017273,0.3388587236404419,false,5
5851,0.3670559613152548,0.3020533621311188,0.33350294828414917,false,1
5852,0.3427647969903213,0.3899824321269989,0.4268966019153595,false,2
5853,0.2956773519123937,0.3165455758571625,0.3215841054916382,false,5
5855,0.3413119197689629,0.6361884474754333,0.6309677958488464,false,3
5856,0.21949400484303763,0.21489283442497253,0.24471943080425262,false,1
5857,0.45578189889829673,0.4972354769706726,0.4842554032802582,false,4
5858,0.514837346591426,0.533821702003479,0.5219372510910034,false,1
5859,0.5404712668548854,0.566870927810669,0.5664297342300415,false,3
5860,0.25887727310719044,0.32199716567993164,0.32113417983055115,false,3
5863,0.3887099252194692,0.4288652539253235,0.4269886612892151,false,2
5864,0.1847677867362421,0.299539178609848,0.298709899187088,false,3
5865,0.26962950480704373,0.21918834745883942,0.22062574326992035,false,3
5866,0.2023426707451475,0.13843968510627747,0.13442657887935638,false,4
5867,0.3607377969714639,0.3620610237121582,0.36441197991371155,false,5
5868,0.2866817893105105,0.27701184153556824,0.2887001037597656,false,5
5869,0.14938385738657478,0.1334993839263916,0.15256424248218536,false,4
5870,0.33422542717785925,0.41879141330718994,0.42866697907447815,false,5
5872,0.31538142603304303,0.33709290623664856,0.3341341018676758,false,5
5873,0.37739297168577535,0.41828614473342896,0.39361605048179626,false,4
5875,0.028568396064719594,0.24133943021297455,0.24615468084812164,false,4
5877,0.1804794502591291,0.2267587035894394,0.22499272227287292,false,2
5878,0.3316340483944076,0.38235029578208923,0.3700866103172302,false,4
5879,0.34690451720065313,0.3894067406654358,0.3879072666168213,false,2
5880,0.14127453215247698,0.23126289248466492,0.23062555491924286,false,3
5881,0.2130601182743104,0.26847153902053833,0.26592403650283813,false,5
5882,0.7061617224813156,0.7616885900497437,0.7608707547187805,false,5
5883,0.3158434306042903,0.2658626139163971,0.2730633020401001,false,5
5884,0.4636442617192264,0.5049725770950317,0.5043402314186096,false,5
5885,0.5982971120727567,0.4171704351902008,0.4235858619213104,false,3
5886,0.45115265323735604,0.5056071877479553,0.5004540681838989,false,3
5887,0.5769385474455191,0.5971513390541077,0.5981389284133911,false,5
5888,0.38790553389283494,0.5126147866249084,0.5121121406555176,false,5
5889,0.25628678860971993,0.2045622318983078,0.201111301779747,false,2
5892,0.39709852933143763,0.3351038098335266,0.3314228951931,false,3
5894,0.5546566994534036,0.5969661474227905,0.47402113676071167,false,1
5895,0.25362887701181736,0.21136625111103058,0.23558230698108673,false,1
5897,0.31200181458738324,0.2947327196598053,0.26884499192237854,false,2
5898,0.12968797345824393,0.17394457757472992,0.17582814395427704,false,3
5899,0.2578776836833246,0.20581844449043274,0.19779329001903534,false,1
5900,0.5486316140728744,0.3891085386276245,0.4021473824977875,false,4
5901,0.21762952741252764,0.23711827397346497,0.2219342291355133,false,1
5902,0.5465550299932265,0.6995415091514587,0.6229040026664734,false,4
5903,0.3763907342841257,0.4336821436882019,0.43032166361808777,false,3
5904,0.18579991938538473,0.1870654970407486,0.20189060270786285,false,1
5905,0.4412462638764709,0.5304553508758545,0.5229614973068237,false,1
5906,0.45019596959317554,0.5162253975868225,0.5140002965927124,false,2
5907,0.6168508081042773,0.6030705571174622,0.6099950671195984,false,5
5908,0.6168508081042773,0.6030705571174622,0.6099950671195984,false,5
5909,0.42939329017236116,0.6249485611915588,0.626940131187439,false,3
5910,0.19701959283866127,0.25742650032043457,0.24943336844444275,false,5
5912,0.3324579320947826,0.3880343437194824,0.39001384377479553,false,5
5913,0.43352695684566145,0.4536593556404114,0.4526791274547577,false,3
5914,0.49763569767314086,0.46525710821151733,0.47070273756980896,false,3
5915,0.5207271573034267,0.7344914674758911,0.7073583602905273,false,4
5916,0.5617529875039634,0.6908103227615356,0.7370844483375549,false,4
5917,0.17409279720665263,0.14157864451408386,0.08769053965806961,false,1
5919,0.19231298662831922,0.21963664889335632,0.21861077845096588,false,2
5920,0.17409279720665263,0.14157864451408386,0.08769053965806961,false,1
5921,0.16990256430273282,0.1425471007823944,0.1374562531709671,false,1
5922,0.4605771360352346,0.6080590486526489,0.6304022669792175,false,1
5923,0.19534674093536325,0.18944112956523895,0.18937067687511444,false,3
5924,0.249513712295183,0.26958075165748596,0.3152475357055664,false,1
5925,0.6668627656906091,0.7156758904457092,0.7235144376754761,false,4
5926,0.09407887224846634,0.27847230434417725,0.2861011028289795,false,3
5929,0.15693318210039378,0.223862886428833,0.23066720366477966,false,2
5931,0.10149070264530786,0.12434272468090057,0.1335560828447342,false,4
5932,0.4908412542034953,0.38207727670669556,0.3565513491630554,false,4
5933,0.3867297517128461,0.38615140318870544,0.3917469084262848,false,5
5934,0.32945251366269745,0.32859206199645996,0.3268950283527374,false,3
5935,0.18257826263176632,0.1638389676809311,0.15003906190395355,false,1
5936,0.2204029987309463,0.2163514345884323,0.18136848509311676,false,1
5937,0.2204029987309463,0.2163514345884323,0.18136848509311676,false,1
5938,0.18257826263176632,0.1638389676809311,0.15003906190395355,false,1
5941,0.2847404641724369,0.21114936470985413,0.20805710554122925,false,4
5942,0.36385937054644507,0.3912205696105957,0.388027548789978,false,3
5943,0.3855359410541299,0.3625316321849823,0.3593730628490448,false,3
5944,0.3049822275322753,0.31657230854034424,0.31822502613067627,false,2
5945,0.39693517037643283,0.43414047360420227,0.43711671233177185,false,1
5946,0.31361306152168017,0.32870960235595703,0.3252217471599579,false,1
5947,0.28034753947286306,0.24998155236244202,0.2506536841392517,false,3
5948,0.13010124421571845,0.13584032654762268,0.1458377242088318,false,5
5949,0.1922963229694335,0.19693198800086975,0.1957152783870697,false,3
5950,0.0963211443490879,0.21452298760414124,0.213043212890625,false,3
5951,0.3142563954158604,0.4723660945892334,0.47658711671829224,false,3
5952,0.4910221740829575,0.473011314868927,0.4792700409889221,false,1
5953,0.2664339166049847,0.28954771161079407,0.2811752259731293,false,1
5954,0.4151014753709108,0.5212485790252686,0.5316663980484009,false,3
5955,0.5715660642275022,0.5805003046989441,0.4758187234401703,false,1
5956,0.17618344901174535,0.22350730001926422,0.22324804961681366,false,2
5957,0.3931753025523731,0.33960020542144775,0.41198962926864624,false,1
5958,0.19838128623013465,0.22818630933761597,0.22820799052715302,false,3
5959,0.18613135446563397,0.20775508880615234,0.21239244937896729,false,2
5960,0.6193064428636581,0.4683331847190857,0.440462589263916,false,4
5961,0.2928685007861375,0.39661580324172974,0.3742157220840454,false,1
5962,0.2401290624165203,0.22475837171077728,0.2238038331270218,false,2
5963,0.3061965069459264,0.47298353910446167,0.47585397958755493,false,3
5964,0.28227237064860544,0.18639732897281647,0.18173295259475708,false,1
5965,0.3102473731913839,0.2647707462310791,0.26859450340270996,false,1
5966,0.17803422323366352,0.14347323775291443,0.08475508540868759,false,1
5967,0.3598285195901196,0.30118292570114136,0.30679434537887573,false,3
5968,0.3436594456693698,0.3360885679721832,0.3332538902759552,false,2
5969,0.49098990572028023,0.44774776697158813,0.45582324266433716,false,3
5970,0.7370929116934362,0.7752869129180908,0.7160550355911255,false,4
5971,0.3498977300180172,0.41879141330718994,0.42499274015426636,false,5
5972,0.24503019288932595,0.247199147939682,0.25121694803237915,false,4
5974,0.31857304675141324,0.41500329971313477,0.4140433669090271,false,3
5975,0.3586911218062564,0.49284788966178894,0.5199110507965088,false,4
5976,0.3477602927641376,0.4943768382072449,0.5219361186027527,false,4
5977,0.20515781306768166,0.16195665299892426,0.16212473809719086,false,1
5978,0.2435673537390931,0.2178778201341629,0.2470618039369583,false,1
5979,0.42964292415063904,0.4873282313346863,0.47680696845054626,false,4
5980,0.35733351852520356,0.3254898488521576,0.32962337136268616,false,1
5981,0.47016709265994616,0.4563005864620209,0.45253506302833557,false,5
5982,0.42838045282378884,0.4225649833679199,0.42570561170578003,false,5
5983,0.34972984967432147,0.4899599254131317,0.4757106900215149,false,4
5984,0.5142387300474249,0.5556349158287048,0.5534226298332214,false,2
5986,0.22924865791564944,0.24763698875904083,0.24784232676029205,false,2
5987,0.5743958219031255,0.6373259425163269,0.6343357563018799,false,2
5988,0.15746726231899202,0.17621275782585144,0.171914741396904,false,3
5989,0.22888352525409558,0.26376017928123474,0.21629783511161804,false,1
5990,0.5143850656288081,0.29785698652267456,0.29861578345298767,false,3
5991,0.44009970675366566,0.6599082350730896,0.6663761138916016,false,3
5992,0.49040113828131376,0.5351678729057312,0.5306569337844849,false,2
5993,0.15170026600813208,0.33528971672058105,0.33738407492637634,false,3
5995,0.8988511094047458,0.8411033749580383,0.8545578122138977,false,1
5996,0.7584886570855097,0.7751601338386536,0.7709484100341797,false,3
5997,0.8402558025802069,0.7921791076660156,0.7814921140670776,false,3
5998,0.4527759714932782,0.6114107966423035,0.6204822063446045,false,5
5999,0.33820915596813317,0.3709002435207367,0.3715246021747589,false,5
6000,0.47879379073151235,0.5631352066993713,0.5516263246536255,false,5
6003,0.34682501751353584,0.3577303886413574,0.35672253370285034,false,2
6004,0.4291296620714795,0.458281546831131,0.4570690393447876,false,3
6005,0.6927866001751855,0.6418493986129761,0.6398870944976807,false,2
6006,0.39152084136166104,0.41289031505584717,0.41603896021842957,false,2
6007,0.32324825427230097,0.1555117964744568,0.19630376994609833,false,1
6008,0.5420163093505167,0.5763710737228394,0.5840179324150085,false,1
6009,0.6278241916144933,0.5765895843505859,0.5761508941650391,false,3
6010,0.40731341279176425,0.49728551506996155,0.5422389507293701,false,1
6011,0.22943258671153408,0.4362199008464813,0.46897318959236145,false,4
6012,0.5171877213367854,0.5965065360069275,0.5966628193855286,false,5
6013,0.24270431702507544,0.31293076276779175,0.3131347596645355,false,5
6014,0.7322795797221283,0.7085824012756348,0.7604807615280151,false,1
6015,0.3470485957620636,0.43530505895614624,0.43676289916038513,false,5
6017,0.36701858241922347,0.3649389445781708,0.32981958985328674,false,1
6018,0.31660649143113906,0.3777957260608673,0.3469606041908264,false,1
6019,0.9003763309468026,0.8314749598503113,0.8326693177223206,false,5
6020,0.3359672980725247,0.3478485941886902,0.3472946584224701,false,5
6021,0.8195960620064051,0.8840516805648804,0.8856456279754639,false,1
6022,0.8053095611071869,0.7277377247810364,0.7808048129081726,false,1
6023,0.37879597087190214,0.4372764825820923,0.4443378448486328,false,3
6024,0.28107125860064297,0.34034502506256104,0.33743199706077576,false,2
6025,0.3125953244055671,0.47550520300865173,0.474947065114975,false,3
6026,0.1634555501595566,0.13256461918354034,0.15794888138771057,false,1
6027,0.4562532141154414,0.5790659189224243,0.576977014541626,false,2
6028,0.6356885826021902,0.5484829545021057,0.5667833685874939,false,1
6029,0.14918047255059208,0.20995888113975525,0.21145138144493103,false,3
6030,0.3118245809438842,0.3736116290092468,0.37207090854644775,false,5
6031,0.6278253413551519,0.6255444884300232,0.609114408493042,false,1
6032,0.17584258354304796,0.19945254921913147,0.21211464703083038,false,4
6033,0.3124155780762025,0.3363789916038513,0.3410692811012268,false,5
6034,0.203065107238435,0.21882636845111847,0.2202296406030655,false,3
6035,0.5186274953252756,0.5871038436889648,0.5867820382118225,false,2
6036,0.42792949576634454,0.5306098461151123,0.5366168022155762,false,4
6037,0.6769864386799115,0.6787524223327637,0.6914908289909363,false,4
6038,0.6630926093823425,0.6572696566581726,0.6688748598098755,false,4
6039,0.21607686258940628,0.25225454568862915,0.25152260065078735,false,2
6040,0.18888053604070926,0.22770656645298004,0.233108788728714,false,2
6041,0.4495028901810649,0.47630423307418823,0.45511704683303833,false,5
6042,0.6689307276603976,0.7411045432090759,0.7377434968948364,false,5
6043,0.22129082191458352,0.21196924149990082,0.2218681126832962,false,4
6044,0.743932449357436,0.7659940719604492,0.7643817663192749,false,2
6045,0.7365856843248234,0.6242473721504211,0.6277244091033936,false,4
6046,0.5614350003811572,0.6124224662780762,0.6113801598548889,false,2
6047,0.2627402491521297,0.2724914848804474,0.26886898279190063,false,5
6048,0.3049560619494847,0.4664207100868225,0.4649825692176819,false,4
6049,0.511237904523362,0.5376328825950623,0.5410749316215515,false,4
6051,0.44357448873145183,0.3792177736759186,0.38114795088768005,false,2
6052,0.2513282452568036,0.31789278984069824,0.32357966899871826,false,3
6053,0.21305392602986806,0.27092742919921875,0.2789301574230194,false,3
6054,0.27347696128128096,0.16962900757789612,0.17065809667110443,false,3
6058,0.2478209464469139,0.28411179780960083,0.27602648735046387,false,4
6059,0.2507726212109331,0.2540469467639923,0.25961071252822876,false,2
6062,0.2075866569510233,0.3247638940811157,0.32674017548561096,false,3
6063,0.20482242427398994,0.22180621325969696,0.23511481285095215,false,1
6064,0.060795676545676545,0.10689648240804672,0.1214875727891922,false,4
6065,0.18453874459983355,0.24796399474143982,0.24655331671237946,false,2
6066,0.28187164156140787,0.2746197581291199,0.2747785151004791,false,2
6069,0.22274257278669043,0.22714419662952423,0.2544843256473541,false,4
6070,0.24369311184031794,0.18712227046489716,0.18911583721637726,false,3
6071,0.44779816172862413,0.345023512840271,0.3404918611049652,false,4
6073,0.53114656606001,0.4031185805797577,0.42345792055130005,false,4
6074,0.2639332104701417,0.27632102370262146,0.2750189006328583,false,5
6075,0.13798595357801705,0.27679145336151123,0.2716904878616333,false,3
6076,0.1847850450754166,0.16708685457706451,0.1332896202802658,false,1
6077,0.3957855784417808,0.35159486532211304,0.32031795382499695,false,1
6078,0.21533778771520168,0.12478107213973999,0.10175956040620804,false,1
6079,0.27603709209132826,0.25557318329811096,0.2550206482410431,false,2
6080,0.28475533920843515,0.4033973217010498,0.34766262769699097,false,4
6083,0.20046379388302388,0.38211169838905334,0.3841886818408966,false,3
6084,0.3704941072804227,0.39337098598480225,0.39537835121154785,false,3
6086,0.28475533920843515,0.4033973217010498,0.34766262769699097,false,4
6088,0.29871188536547527,0.28984296321868896,0.2917192280292511,false,5
6089,0.29996835149803935,0.31326213479042053,0.31591373682022095,false,2
6090,0.2253785600842715,0.23767752945423126,0.2316914051771164,false,5
6092,0.30728983458544373,0.3452388048171997,0.3422791659832001,false,2
6094,0.3656930538604374,0.3528592586517334,0.3781212568283081,false,1
6095,0.20777827494178835,0.19215010106563568,0.18676045536994934,false,2
6098,0.21533778771520168,0.12478107213973999,0.10175956040620804,false,1
6099,0.27603709209132826,0.25557318329811096,0.2550206482410431,false,2
6100,0.7160571209643927,0.7094948887825012,0.7341649532318115,false,4
6101,0.17820891873103148,0.27374011278152466,0.25424155592918396,false,1
6102,0.24235335174687608,0.28682541847229004,0.28758320212364197,false,5
6105,0.31096977627532696,0.31621605157852173,0.32949522137641907,false,2
6106,0.12179462001505913,0.22541271150112152,0.22398358583450317,false,3
6107,0.3988318333541223,0.3172835409641266,0.3236827850341797,false,4
6108,0.12179462001505913,0.22541271150112152,0.22398358583450317,false,3
6110,0.1847850450754166,0.16708685457706451,0.1332896202802658,false,1
6111,0.5472685510523037,0.7157142758369446,0.7194637656211853,false,4
6112,0.2377571674000848,0.3269100487232208,0.31925106048583984,false,5
6113,0.40122813201018687,0.5427823662757874,0.5301031470298767,false,5
6114,0.3705482496444658,0.48938870429992676,0.48498818278312683,false,5
6115,0.24204995570069834,0.13490091264247894,0.13789544999599457,false,1
6117,0.3093273019655043,0.5460750460624695,0.5214505791664124,false,4
6119,0.30967112560355564,0.432168573141098,0.42935094237327576,false,3
6120,0.471622488369031,0.4433261752128601,0.4414275288581848,false,3
6121,0.4368597634701045,0.491372674703598,0.48769864439964294,false,3
6122,0.48709884961554606,0.5563063621520996,0.5389763116836548,false,4
6123,0.5611757841870102,0.605693519115448,0.6046447157859802,false,2
6124,0.26629403023106624,0.32612213492393494,0.32342612743377686,false,2
6126,0.226700754679417,0.29806581139564514,0.29893481731414795,false,3
6129,0.226700754679417,0.29806581139564514,0.29893481731414795,false,3
6130,0.2746940647005569,0.34023311734199524,0.28652307391166687,false,4
6131,0.24045230589217706,0.3873160183429718,0.3976689279079437,false,3
6132,0.29575595322184556,0.36625394225120544,0.36760759353637695,false,5
6133,0.4925258740312064,0.6135767102241516,0.5501802563667297,false,1
6134,0.3004099775151312,0.4887044429779053,0.49640974402427673,false,4
6135,0.42497892589651215,0.5458196401596069,0.5428791046142578,false,2
6136,0.18069258961243423,0.36396506428718567,0.35986384749412537,false,3
6137,0.6249777627069935,0.7103810906410217,0.7146157026290894,false,5
6138,0.5557652900117553,0.6128271818161011,0.6047196388244629,false,1
6139,0.32003844392135244,0.47086480259895325,0.4422425925731659,false,4
6140,0.42349536938944754,0.44450512528419495,0.5032290816307068,false,1
6141,0.361419888374242,0.45100468397140503,0.45205387473106384,false,3
6142,0.4475343210115419,0.5088465809822083,0.5290061235427856,false,5
6143,0.6476916770938468,0.48124387860298157,0.5372294187545776,false,1
6144,0.253542491762092,0.31259971857070923,0.3112892806529999,false,2
6145,0.2597376697262146,0.32555830478668213,0.3378313481807709,false,4
6146,0.5162180927510992,0.6455932259559631,0.6461582183837891,false,5
6149,0.39433609175608786,0.40677410364151,0.40591779351234436,false,5
6150,0.360095849276847,0.3884243071079254,0.3838481307029724,false,5
6151,0.293976500129154,0.25790613889694214,0.22531284391880035,false,1
6152,0.334694481846849,0.3671093285083771,0.3699301481246948,false,5
6153,0.4793893454090696,0.6371274590492249,0.6355794072151184,false,3
6154,0.4004356286085777,0.6237221956253052,0.5970848798751831,false,4
6155,0.3405268457869869,0.46471312642097473,0.45204100012779236,false,1
6156,0.7840993125625053,0.8185045123100281,0.8178714513778687,false,5
6157,0.4386841505695526,0.4485812783241272,0.41613489389419556,false,1
6158,0.5089192013241566,0.6207819581031799,0.6293671131134033,false,4
6159,0.6483324189893555,0.6929201483726501,0.6939792633056641,false,3
6160,0.6789900023092909,0.6711195707321167,0.6066226363182068,false,1
6161,0.536260149815945,0.6191211938858032,0.6203562617301941,false,2
6162,0.39833750132257,0.4086439311504364,0.40482011437416077,false,3
6163,0.24588820436669878,0.2677497863769531,0.26500511169433594,false,5
6164,0.1371793790228212,0.250583678483963,0.2523850202560425,false,3
6165,0.6606861319570612,0.7287465333938599,0.7290940880775452,false,3
6166,0.4237831503961722,0.42458510398864746,0.42466026544570923,false,5
6167,0.6128011477324585,0.6336038112640381,0.6318551898002625,false,3
6168,0.7142537626446948,0.6723013520240784,0.7232337594032288,false,1
6170,0.22005632354048973,0.22935885190963745,0.26391488313674927,false,1
6171,0.13362672314355753,0.39588072896003723,0.4015330970287323,false,4
6172,0.2733384555874077,0.32317110896110535,0.31992554664611816,false,5
6173,0.13538361314038555,0.20133092999458313,0.210309237241745,false,4
6175,0.11602772925403103,0.2571997344493866,0.25817379355430603,false,3
6176,0.2633649784557735,0.3401222825050354,0.34334519505500793,false,5
6178,0.3217416107978157,0.44109171628952026,0.44089677929878235,false,2
6179,0.32993294578506605,0.4256739318370819,0.41648364067077637,false,5
6180,0.309720418839057,0.39615166187286377,0.3916313946247101,false,5
6181,0.30871978956248886,0.43556541204452515,0.4257681369781494,false,4
6183,0.3383459509981531,0.11649828404188156,0.10551635921001434,false,2
6184,0.13362672314355753,0.39588072896003723,0.4015330970287323,false,4
6185,0.2023303828180763,0.21818886697292328,0.2223178595304489,false,4
6186,0.07027518067363606,0.14962321519851685,0.14216548204421997,false,4
6187,0.32840630413929106,0.46876972913742065,0.5080578327178955,false,4
6188,0.47875127466048184,0.5095183253288269,0.584614098072052,false,4
6190,0.3046489925802707,0.3530876338481903,0.35321781039237976,false,5
6191,0.25255815485398647,0.25483956933021545,0.24785292148590088,false,5
6192,0.3950384693251586,0.4876556694507599,0.4795394837856293,false,2
6193,0.16954122320259166,0.2511996924877167,0.26229357719421387,false,3
6194,0.16389056514520914,0.15723145008087158,0.1739371418952942,false,4
6195,0.3999788923626014,0.42411741614341736,0.41967111825942993,false,2
6196,0.22670568290760643,0.2523846924304962,0.2515137493610382,false,5
6197,0.8026523522408641,0.7849372029304504,0.8181530833244324,false,1
6198,0.12359408634193382,0.18616677820682526,0.18425911664962769,false,3
6199,0.520653983181875,0.5583858489990234,0.5582200884819031,false,5
6200,0.33789969683335097,0.4304165542125702,0.42664051055908203,false,1
6201,0.7512919140497644,0.6676973700523376,0.6651428937911987,false,3
6202,0.7963812737893262,0.7922658324241638,0.7774859666824341,false,4
6203,0.21944901089580424,0.24161981046199799,0.24127109348773956,false,3
6207,0.47098330261272214,0.5492127537727356,0.542324423789978,false,5
6208,0.4294619294540742,0.42659106850624084,0.42866161465644836,false,5
6209,0.27368422942187626,0.3398154377937317,0.33793190121650696,false,5
6214,0.6143320199927412,0.5813168287277222,0.5708661079406738,false,1
6215,0.7350939558684896,0.7777113318443298,0.7727769613265991,false,2
6216,0.7020637061355857,0.772428572177887,0.780709445476532,false,5
6217,0.474391979154563,0.4236508905887604,0.42066332697868347,false,3
6218,0.4889330392647118,0.5150396227836609,0.5124801993370056,false,1
6219,0.5813630010400466,0.6688829064369202,0.6676620244979858,false,1
6220,0.4327464919015081,0.43020474910736084,0.4325190782546997,false,5
6221,0.41362319116827784,0.36087894439697266,0.36951133608818054,false,2
6222,0.20071632095693012,0.2060975432395935,0.2349006086587906,false,1
6223,0.38860907604910966,0.41022998094558716,0.4141547381877899,false,2
6224,0.3567046524653588,0.25743645429611206,0.3356756269931793,false,1
6225,0.4950170683379261,0.4743711054325104,0.47455230355262756,false,3
6226,0.42483597405813467,0.40588998794555664,0.4016622304916382,false,3
6227,0.40388151007608514,0.39443445205688477,0.39103415608406067,false,5
6228,0.45250062543733754,0.414150595664978,0.43548065423965454,false,4
6229,0.2793242657501349,0.100441575050354,0.09369545429944992,false,2
6230,0.18928573631129492,0.1908666491508484,0.215183824300766,false,4
6232,0.6220467158419358,0.512129008769989,0.5041772723197937,false,1
6233,0.6195770829631096,0.512129008769989,0.5041772723197937,false,1
6234,0.6326822332156555,0.630155622959137,0.6561305522918701,false,1
6235,0.635979913720741,0.6451053023338318,0.6449519991874695,false,5
6236,0.3222366347134954,0.34942448139190674,0.34838616847991943,false,2
6237,0.6973128388778745,0.7595962285995483,0.7579537630081177,false,2
6238,0.2735214394590262,0.3474678099155426,0.33951929211616516,false,4
6239,0.6195770829631096,0.512129008769989,0.5041772723197937,false,1
6240,0.4419501852871855,0.5894414782524109,0.600918710231781,false,4
6241,0.2810494199593866,0.4320528209209442,0.4306755065917969,false,3
6242,0.6654255712013852,0.6828850507736206,0.6861321926116943,false,4
6248,0.6297511616377677,0.6923945546150208,0.7128646373748779,false,5
6249,0.19172649915025705,0.21279355883598328,0.2128380388021469,false,2
6252,0.39186687406731574,0.482984334230423,0.4953075051307678,false,3
6253,0.5731998075918966,0.6424463987350464,0.6397064924240112,false,2
6254,0.36181780911143796,0.5370760560035706,0.417186439037323,false,1
6255,0.6011319648551992,0.7444794178009033,0.7370040416717529,false,5
6256,0.5439681636724266,0.4453780949115753,0.4335833489894867,false,4
6257,0.66173438454284,0.568693995475769,0.6014831066131592,false,1
6258,0.5609825383529364,0.6660112738609314,0.6621044874191284,false,4
6259,0.43998538823143846,0.4378944933414459,0.4431951344013214,false,3
6260,0.539130913302059,0.6050621271133423,0.6082450151443481,false,5
6261,0.1768536577381078,0.38032880425453186,0.3761029839515686,false,3
6262,0.31343108771931694,0.2806195020675659,0.2789436876773834,false,2
6263,0.4440430935445219,0.3889876902103424,0.41591212153434753,false,1
6264,0.16926670792649737,0.2369796633720398,0.23699450492858887,false,3
6265,0.2424593597709171,0.2722366154193878,0.23829688131809235,false,1
6266,0.4102373507685366,0.43990373611450195,0.44463875889778137,false,1
6267,0.45056216273492955,0.5683597922325134,0.560357391834259,false,2
6268,0.3953707673978222,0.3796440660953522,0.35545527935028076,false,3
6269,0.4402345953211645,0.5707210302352905,0.5563622117042542,false,3
6270,0.21492717560209662,0.4110730290412903,0.405434787273407,false,3
6271,0.287834960659121,0.40032583475112915,0.3785454332828522,false,1
6273,0.2560349307713841,0.30504533648490906,0.3031715452671051,false,5
6274,0.24424723639712956,0.2397945523262024,0.26733332872390747,false,1
6275,0.5741016934770518,0.6654757261276245,0.6520902514457703,false,5
6276,0.32716249205991266,0.2885548770427704,0.2905576527118683,false,5
6277,0.3683749730357495,0.46501022577285767,0.45859476923942566,false,5
6279,0.1847947682023716,0.24653536081314087,0.2459455132484436,false,3
6280,0.5936607620049371,0.5729464292526245,0.5779165625572205,false,3
6281,0.3816503211283688,0.5094223022460938,0.5161452889442444,false,1
6283,0.45997653305743597,0.5790132284164429,0.5792931318283081,false,3
6284,0.205801062215072,0.356349915266037,0.35536515712738037,false,2
6285,0.28060104900048927,0.3344968855381012,0.3311825394630432,false,5
6286,0.30856637242384694,0.3098011016845703,0.3187125623226166,false,1
6287,0.33455638064133114,0.2423359453678131,0.24668347835540771,false,1
6288,0.5514121844591746,0.5386921763420105,0.5103659629821777,false,1
6289,0.39580147325839454,0.47512733936309814,0.48830801248550415,false,4
6290,0.34603773066244037,0.33484897017478943,0.3287200331687927,false,4
6291,0.3956375830405381,0.5890989899635315,0.5870640277862549,false,5
6292,0.2130391492859872,0.3947623074054718,0.391269713640213,false,2
6293,0.18299752376676875,0.3833805024623871,0.3756331503391266,false,3
6294,0.18890849263237,0.38034310936927795,0.37588393688201904,false,3
6295,0.18890849263237,0.38034310936927795,0.37588393688201904,false,3
6296,0.3065885379941032,0.20717039704322815,0.2189434915781021,false,1
6297,0.40299462896167254,0.4323679804801941,0.43511247634887695,false,5
6298,0.47895453986080916,0.631913423538208,0.6320068836212158,false,2
6299,0.3725116240244006,0.31734180450439453,0.29097771644592285,false,1
6300,0.30419587603043047,0.23621250689029694,0.23626357316970825,false,3
6301,0.45120384306254363,0.37371164560317993,0.3619423508644104,false,5
6302,0.11687851418017825,0.34434133768081665,0.3666395843029022,false,4
6303,0.2608058634691762,0.24307945370674133,0.264436274766922,false,4
6304,0.413057871152618,0.5360832214355469,0.532586395740509,false,4
6305,0.3586621150392435,0.39144402742385864,0.36158487200737,false,4
6306,0.4145771737748305,0.3924984931945801,0.4074629545211792,false,4
6307,0.48541717183462774,0.5979870557785034,0.5936161279678345,false,2
6308,0.2687838344573957,0.3262634873390198,0.3242291510105133,false,2
6309,0.6772502797816443,0.7964894771575928,0.7986829876899719,false,3
6310,0.7044787522505013,0.7348289489746094,0.7415244579315186,false,4
6311,0.34335866014671124,0.3427705764770508,0.3387836217880249,false,2
6313,0.32105756808255115,0.36244770884513855,0.295364111661911,false,1
6314,0.3119063240847641,0.13772037625312805,0.10405243188142776,false,1
6315,0.33303160422175565,0.36167624592781067,0.36180487275123596,false,5
6316,0.8720476917781691,0.8707491159439087,0.834208071231842,false,1
6317,0.5488508819633686,0.46081364154815674,0.4544910192489624,false,3
6318,0.5909192080397101,0.5476515889167786,0.5202396512031555,false,1
6320,0.2902574739501983,0.5733780264854431,0.6074010133743286,false,4
6321,0.791776166772684,0.7498431205749512,0.7673236727714539,false,4
6322,0.5757697073941336,0.6618001461029053,0.6586742997169495,false,5
6323,0.5647884798779852,0.6049193143844604,0.6053363680839539,false,5
6324,0.2515966076061637,0.3517277240753174,0.3636181354522705,false,1
6325,0.546165917510391,0.5097856521606445,0.5311304330825806,false,1
6326,0.5784082022825507,0.5793240666389465,0.6438130736351013,false,1
6327,0.514067269081856,0.5959292054176331,0.5915179252624512,false,3
6328,0.469587061062693,0.5680369734764099,0.5685774087905884,false,2
6329,0.44661032346119056,0.4425412714481354,0.48633846640586853,false,1
6330,0.45089609061333213,0.4669054448604584,0.44953685998916626,false,4
6331,0.3465088294535766,0.41371777653694153,0.4082193970680237,false,3
6332,0.07974463871387076,0.18445715308189392,0.18575340509414673,false,3
6333,0.20974543575507362,0.4344688355922699,0.412323921918869,false,4
6334,0.3971962383659344,0.5295397639274597,0.530130922794342,false,3
6336,0.28623365605716855,0.36625394225120544,0.3647421896457672,false,5
6337,0.33607072512957736,0.3442019522190094,0.3438430428504944,false,2
6338,0.3174530748999223,0.3102543354034424,0.36000576615333557,false,1
6340,0.606443329994346,0.5983489155769348,0.7075566649436951,false,1
6341,0.28960799519481484,0.2534277141094208,0.27884140610694885,false,1
6342,0.46969419629597714,0.3622681796550751,0.35873156785964966,false,4
6343,0.32096684055162505,0.371029257774353,0.37647369503974915,false,5
6344,0.5398857847907803,0.5846670269966125,0.5825858116149902,false,2
6348,0.21735868093224447,0.12446056306362152,0.1254078596830368,false,1
6349,0.3046009309209666,0.4079912602901459,0.4164353013038635,false,3
6352,0.3305382391824889,0.34385523200035095,0.34718477725982666,false,5
6353,0.4542529923390382,0.5318322777748108,0.5322921872138977,false,2
6354,0.49381669731384337,0.600472629070282,0.6092215180397034,false,4
6355,0.38287744088241665,0.43186792731285095,0.3888580799102783,false,1
6356,0.4224718383172369,0.5609337091445923,0.5579175353050232,false,1
6357,0.39354967962870296,0.4461398124694824,0.4435640871524811,false,3
6358,0.5155766930341467,0.5288761854171753,0.5273496508598328,false,2
6359,0.541845113395961,0.5181344151496887,0.5108286738395691,false,5
6360,0.553143923140879,0.6759501695632935,0.6727428436279297,false,3
6362,0.4253096013516127,0.4023914039134979,0.333309143781662,false,1
6363,0.24415999095101765,0.2644779682159424,0.2643830180168152,false,2
6364,0.2398603539068937,0.25030606985092163,0.24975767731666565,false,5
6365,0.4872178745601351,0.5526729226112366,0.5525546073913574,false,5
6366,0.25116058934798363,0.258610337972641,0.2191985696554184,false,1
6367,0.7399763073073642,0.7782964110374451,0.7812255620956421,false,1
6370,0.4345071904496993,0.5123216509819031,0.5118703842163086,false,4
6371,0.5424109049388322,0.556517481803894,0.5637931227684021,false,1
6372,0.26061254292368546,0.20260146260261536,0.21261312067508698,false,1
6373,0.4339078699365413,0.3906254768371582,0.40483182668685913,false,1
6375,0.17330503669836061,0.21491888165473938,0.23378507792949677,false,1
6376,0.47571302981962743,0.4718650281429291,0.4716658294200897,false,2
6377,0.35274817547362686,0.3436436653137207,0.342629998922348,false,2
6378,0.2767644319606348,0.45960959792137146,0.4556601643562317,false,3
6379,0.36251155202531704,0.4621177911758423,0.4601559638977051,false,5
6380,0.27432113017844434,0.4212394654750824,0.41386979818344116,false,4
6381,0.22466451327752682,0.28559085726737976,0.2839060127735138,false,5
6383,0.24827694681566664,0.21518167853355408,0.21639291942119598,false,1
6384,0.4404396646147908,0.4808911681175232,0.4797092080116272,false,3
6385,0.06424969204771834,0.1742466539144516,0.15595079958438873,false,4
6386,0.24827694681566664,0.21518167853355408,0.21639291942119598,false,1
6387,0.22333616955540478,0.22701434791088104,0.19268974661827087,false,1
6388,0.21841369127791885,0.27686548233032227,0.276095986366272,false,2
6389,0.47834269591123635,0.614245593547821,0.6021309494972229,false,4
6390,0.4749330737906565,0.4847331643104553,0.48799630999565125,false,3
6391,0.36848026023093455,0.39637964963912964,0.3948044776916504,false,5
6392,0.4057599406548375,0.49240490794181824,0.498350590467453,false,3
6393,0.3044024503007221,0.3866240680217743,0.3931925296783447,false,2
6394,0.3766593136767045,0.45663461089134216,0.4547504186630249,false,3
6395,0.21110752885537898,0.29135996103286743,0.22251783311367035,false,1
6396,0.06424969204771834,0.1742466539144516,0.15595079958438873,false,4
6397,0.4505897378131746,0.6194279789924622,0.6190042495727539,false,3
6398,0.34950231937576526,0.3694722056388855,0.36981889605522156,false,2
6399,0.363967142742821,0.3786787688732147,0.37919941544532776,false,3
6404,0.062269230511490574,0.18499575555324554,0.18848440051078796,false,4
6405,0.18179394097507642,0.22972805798053741,0.22912704944610596,false,3
6406,0.18579778446769354,0.22123567759990692,0.22374093532562256,false,3
6407,0.31909780485887657,0.19135445356369019,0.21317048370838165,false,4
6408,0.3810463599058655,0.20193372666835785,0.1686730682849884,false,1
6409,0.5163489481636002,0.547487199306488,0.5484282970428467,false,5
6410,0.2257156699465304,0.25537192821502686,0.2703804671764374,false,1
6411,0.19609768329334007,0.25078636407852173,0.2515289783477783,false,3
6412,0.30146921371021085,0.411494642496109,0.40632688999176025,false,3
6413,0.6127288664494543,0.674613356590271,0.6825790405273438,false,4
6415,0.6298006940413994,0.7178595662117004,0.7179439067840576,false,5
6416,0.5748936753904701,0.5729928612709045,0.5875132083892822,false,4
6417,0.7101280076119213,0.8271631598472595,0.7861780524253845,false,1
6418,0.22896314848323152,0.22604621946811676,0.25746047496795654,false,1
6419,0.4206514404210242,0.48858514428138733,0.4861767292022705,false,2
6420,0.08516986240883298,0.2118447870016098,0.22721007466316223,false,4
6421,0.3297295513835796,0.3925934135913849,0.38970571756362915,false,3
6422,0.16783215984222177,0.19626829028129578,0.21489781141281128,false,4
6423,0.3032816803071288,0.44363629817962646,0.4429638683795929,false,3
6424,0.3469301293117052,0.354338139295578,0.3545454740524292,false,5
6425,0.31416103370948906,0.38148143887519836,0.4110003709793091,false,4
6426,0.15244065493330203,0.15272554755210876,0.1506895124912262,false,4
6428,0.26150109848157643,0.2619151771068573,0.26049908995628357,false,2
6429,0.24728274418933358,0.25732433795928955,0.25662580132484436,false,5
6430,0.2754507911135171,0.2650122046470642,0.3055071234703064,false,1
6431,0.5238523708457721,0.5404365062713623,0.5467174053192139,false,5
6432,0.39895488908120647,0.4699680507183075,0.47499018907546997,false,5
6433,0.3156104773015283,0.34044528007507324,0.34241822361946106,false,3
6434,0.7245893971312165,0.41857507824897766,0.4303300678730011,false,3
6435,0.23618628818497572,0.38746950030326843,0.3769303560256958,false,4
6436,0.4330617581229679,0.46973350644111633,0.46923837065696716,false,2
6437,0.3374786370931613,0.40073898434638977,0.37617576122283936,false,1
6438,0.21871060802715767,0.22636441886425018,0.23620063066482544,false,5
6439,0.277028255558559,0.2523846924304962,0.2515137493610382,false,5
6440,0.14510822403430762,0.2637336254119873,0.26590418815612793,false,4
6441,0.21497124954535474,0.2267587035894394,0.22499272227287292,false,2
6442,0.3188530974909527,0.26027512550354004,0.2548629343509674,false,1
6443,0.2413196550435283,0.22790122032165527,0.2355339080095291,false,5
6444,0.17330503669836061,0.21491888165473938,0.23378507792949677,false,1
6445,0.20549447074594773,0.24277569353580475,0.24427691102027893,false,3
6446,0.38522414290902135,0.3806554079055786,0.37854301929473877,false,2
6449,0.7322023711454019,0.7826579213142395,0.7834852933883667,false,5
6450,0.2749041411245939,0.34851309657096863,0.3189075291156769,false,1
6451,0.2496292451420612,0.3318045139312744,0.33267319202423096,false,5
6452,0.19688710140318716,0.2391173094511032,0.23908011615276337,false,2
6453,0.21827143790355186,0.22937805950641632,0.24079526960849762,false,2
6454,0.7220226217029999,0.6639332175254822,0.7433692812919617,false,1
6456,0.35396906772362874,0.3349187970161438,0.32384735345840454,false,1
6457,0.42320097476063806,0.4396795928478241,0.4350723326206207,false,5
6458,0.19122387401470217,0.3402377963066101,0.3179301619529724,false,4
6459,0.15363308715708102,0.27889883518218994,0.28307461738586426,false,4
6460,0.26674482167481584,0.34533369541168213,0.3438904583454132,false,5
6461,0.2825859775071403,0.4482502043247223,0.44659802317619324,false,2
6462,0.7334308590122318,0.737118124961853,0.7541243433952332,false,4
6463,0.6955521269666899,0.5774646997451782,0.6357311010360718,false,1
6464,0.6018327212849647,0.7082351446151733,0.7074094414710999,false,2
6465,0.7108311057688006,0.7619937658309937,0.7455579042434692,false,5
6466,0.5525932310087053,0.4306999146938324,0.4400548040866852,false,2
6467,0.7135764214715452,0.6775175929069519,0.7334163784980774,false,4
6468,0.36125049173772594,0.47686582803726196,0.49414944648742676,false,4
6469,0.4424325375345488,0.6912356019020081,0.6921074390411377,false,3
6470,0.6934471556642984,0.7943580746650696,0.7915381193161011,false,2
6471,0.7423507455707518,0.7881237864494324,0.771632969379425,false,1
6472,0.7845428796275772,0.8603765964508057,0.8449594378471375,false,1
6475,0.3194419728116916,0.38128185272216797,0.38138169050216675,false,2
6477,0.3700576512092421,0.3950447738170624,0.3980793356895447,false,2
6480,0.543988070857927,0.5974864959716797,0.5768192410469055,false,4
6481,0.21150304512643886,0.2897675335407257,0.2540442943572998,false,1
6482,0.2914665102028337,0.2767470180988312,0.2635091543197632,false,1
6483,0.27010269067657083,0.38211169838905334,0.38078686594963074,false,3
6486,0.1843799329625066,0.2606123089790344,0.2613029181957245,false,5
6487,0.81873716386884,0.8742092847824097,0.8800266981124878,false,4
6489,0.3700576512092421,0.3950447738170624,0.3980793356895447,false,2
6491,0.25131070812863354,0.2798417806625366,0.27718886733055115,false,3
6492,0.7684094318372985,0.8036760091781616,0.8133530020713806,false,4
6493,0.3497998181467485,0.4256141483783722,0.422931969165802,false,2
6494,0.36929960499934306,0.414032518863678,0.42199113965034485,false,3
6495,0.43333456561846373,0.5107854604721069,0.5090767741203308,false,5
6496,0.2005240202638336,0.3144511878490448,0.3209698498249054,false,4
6497,0.44932454932087823,0.45958900451660156,0.4539337158203125,false,3
6498,0.2621680400287736,0.2689814269542694,0.27178242802619934,false,5
6499,0.16815371959872333,0.11391954869031906,0.12723134458065033,false,1
6501,0.4275456864447058,0.5185980200767517,0.5165129899978638,false,4
6502,0.2696674652338175,0.30662184953689575,0.3053094446659088,false,2
6503,0.25192838335205303,0.39413607120513916,0.3932763934135437,false,2
6504,0.286106846176699,0.3833153545856476,0.41155290603637695,false,4
6505,0.36646686453104543,0.512566864490509,0.5127611756324768,false,3
6506,0.22293988243384955,0.4043203890323639,0.3996588885784149,false,3
6507,0.5102140911333704,0.4000109136104584,0.4383263885974884,false,1
6508,0.34758541258814807,0.36510148644447327,0.3423766493797302,false,1
6509,0.5097731452722281,0.38776934146881104,0.3591209948062897,false,4
6510,0.5936334516469375,0.5725440979003906,0.5748622417449951,false,5
6511,0.2143244964130698,0.41500329971313477,0.4145672023296356,false,3
6512,0.43291677147437335,0.463168203830719,0.46272146701812744,false,3
6513,0.4751592855030296,0.6243476867675781,0.6257277131080627,false,5
6514,0.3405446193676984,0.3591945171356201,0.35614603757858276,false,5
6515,0.31394833593086174,0.2721172273159027,0.30788475275039673,false,1
6516,0.6476257215225774,0.6217609643936157,0.6222997307777405,false,5
6517,0.2010948975538147,0.22380807995796204,0.23192931711673737,false,3
6518,0.21650508755398573,0.2138887494802475,0.2167317122220993,false,3
6519,0.20145312186665879,0.3825171887874603,0.37819555401802063,false,3
6520,0.1975179040402315,0.29806581139564514,0.29893481731414795,false,3
6521,0.10680203350339892,0.23376868665218353,0.23566153645515442,false,3
6522,0.18131799795588507,0.2559911906719208,0.24970559775829315,false,3
6523,0.251915431400924,0.3275305926799774,0.32636967301368713,false,2
6524,0.271499296654012,0.3269100487232208,0.31925106048583984,false,5
6525,0.271499296654012,0.3269100487232208,0.31925106048583984,false,5
6527,0.3512456157504765,0.37449824810028076,0.37006956338882446,false,5
6528,0.3531372595026969,0.40543362498283386,0.4121880829334259,false,3
6529,0.6597928401458821,0.7124951481819153,0.7124761939048767,false,2
6530,0.19944554880154466,0.19720901548862457,0.19578905403614044,false,5
6531,0.40162486604513636,0.3054388165473938,0.27914324402809143,false,4
6532,0.3327947700485055,0.27273598313331604,0.2533871829509735,false,4
6533,0.22983907505329765,0.24348588287830353,0.24300110340118408,false,2
6534,0.3100262864072811,0.3383929431438446,0.3385358154773712,false,2
6535,0.2155161142610805,0.1782885044813156,0.1770312637090683,false,1
6537,0.36007377573904825,0.4845812916755676,0.49880990386009216,false,4
6538,0.23828875048002968,0.30545762181282043,0.30700650811195374,false,5
6539,0.10204041791541789,0.2850584387779236,0.2989164888858795,false,4
6540,0.17983013916616272,0.13299560546875,0.1354241669178009,false,1
6543,0.04389331271639625,0.2565757632255554,0.2538345456123352,false,4
6544,0.05152852582200409,0.2455790489912033,0.2291473001241684,false,4
6545,0.45851438006160655,0.3255574405193329,0.41675442457199097,false,1
6546,0.45851438006160655,0.3255574405193329,0.41675442457199097,false,1
6547,0.27701353893393155,0.32687070965766907,0.32289832830429077,false,2
6548,0.08975366021679992,0.15836146473884583,0.15441583096981049,false,3
6549,0.2469020335749937,0.24828410148620605,0.2451809197664261,false,5
6551,0.4222018565651366,0.3416602611541748,0.3390803635120392,false,3
6552,0.04921613300492611,0.20223431289196014,0.1993819773197174,false,4
6553,0.2574647981607404,0.2481011599302292,0.24855270981788635,false,2
6554,0.36904056534260815,0.4127653241157532,0.37327370047569275,false,1
6555,0.3775909962618816,0.4105469882488251,0.41952604055404663,false,3
6556,0.6192859875843293,0.7398362159729004,0.7383710145950317,false,2
6557,0.4934075118537114,0.586841344833374,0.5380241870880127,false,1
6558,0.40939316548056437,0.48676684498786926,0.4809681177139282,false,3
6559,0.5695896872402454,0.5894978046417236,0.5872027277946472,false,2
6563,0.39616641149036347,0.41229379177093506,0.4362626373767853,false,1
6565,0.7139764087323064,0.7338662147521973,0.7338771820068359,false,5
6566,0.20610030233172888,0.3833805024623871,0.3756331503391266,false,3
6567,0.39388237298564005,0.3842012584209442,0.38619962334632874,false,2
6568,0.5158908254324323,0.5624212622642517,0.5740886330604553,false,3
6569,0.4450423882989085,0.47933685779571533,0.4854694902896881,false,3
6570,0.36542872991774494,0.35880133509635925,0.38329657912254333,false,4
6571,0.4751764156451588,0.4696410894393921,0.46371570229530334,false,2
6572,0.3830551110414987,0.49749693274497986,0.4900750517845154,false,4
6573,0.5317950374037997,0.5737372636795044,0.5785661935806274,false,2
6574,0.44780717396575315,0.6366451978683472,0.6451170444488525,false,4
6575,0.2753022613515988,0.2928387224674225,0.32772791385650635,false,1
6576,0.3984844934398843,0.43617570400238037,0.43703731894493103,false,5
6577,0.2941641770207191,0.32467931509017944,0.32185226678848267,false,2
6578,0.2941641770207191,0.32467931509017944,0.32185226678848267,false,2
6579,0.33039013085926494,0.4488995671272278,0.45034873485565186,false,4
6580,0.4892109875086932,0.5138082504272461,0.5011624693870544,false,1
6581,0.27034339447456956,0.3894306719303131,0.352247029542923,false,1
6582,0.6079643347100064,0.590490996837616,0.6729711890220642,false,1
6583,0.6570021037297715,0.6759127378463745,0.685255229473114,false,3
6585,0.21251444252823382,0.163442000746727,0.15539845824241638,false,1
6586,0.25175726274577803,0.26296210289001465,0.2660790979862213,false,2
6588,0.2759867393646173,0.25692129135131836,0.2629687488079071,false,2
6589,0.22050011441335474,0.35347938537597656,0.3564399778842926,false,3
6591,0.343498301464849,0.38679346442222595,0.3867224454879761,false,5
6592,0.3023004448581062,0.18728213012218475,0.25075235962867737,false,1
6593,0.36344473862163745,0.45975902676582336,0.4598790109157562,false,3
6594,0.31691610605786147,0.21332953870296478,0.20135687291622162,false,1
6595,0.4239217303265789,0.4490688443183899,0.4004472494125366,false,1
6596,0.5351689108358054,0.5115114450454712,0.5164440274238586,false,5
6597,0.3899682870234343,0.5783007740974426,0.5761286020278931,false,4
6598,0.3830551110414987,0.49749693274497986,0.4900750517845154,false,4
6599,0.26694394262481386,0.2549508512020111,0.25712332129478455,false,2
6600,0.4892109875086932,0.5138082504272461,0.5011624693870544,false,1
6601,0.2270906670526266,0.18236872553825378,0.19735649228096008,false,1
6602,0.3839006229191614,0.42444947361946106,0.4214593172073364,false,3
6603,0.5349401077073379,0.6014595627784729,0.5997404456138611,false,2
6606,0.47847783561548285,0.4916210174560547,0.5142733454704285,false,4
6607,0.3262567237815033,0.2794865071773529,0.27398061752319336,false,4
6608,0.3679025137069354,0.2755427956581116,0.27912163734436035,false,1
6609,0.35812228508602845,0.36543765664100647,0.37167006731033325,false,5
6610,0.20804045192346085,0.12167771905660629,0.1261283904314041,false,5
6611,0.2377885473229469,0.11187271028757095,0.1120261549949646,false,1
6612,0.22378190810704154,0.23437564074993134,0.2354588657617569,false,5
6613,0.3770113020874144,0.38351982831954956,0.35596978664398193,false,1
6615,0.1914851745691529,0.2280784398317337,0.22155660390853882,false,4
6616,0.27513305789711917,0.24637183547019958,0.23002265393733978,false,1
6617,0.25369646640900667,0.35211649537086487,0.3488146960735321,false,2
6619,0.21517047844007936,0.26873037219047546,0.26708492636680603,false,3
6622,0.15663356696737163,0.08992075175046921,0.05343401059508324,false,1
6623,0.267132433328379,0.22484591603279114,0.2758060693740845,false,1
6630,0.3769117744559321,0.47433730959892273,0.46098142862319946,false,4
6631,0.5238361972682268,0.524407684803009,0.5243253111839294,false,2
6632,0.2214175277191079,0.3014715313911438,0.3012523353099823,false,3
6633,0.2183782848589011,0.2728935778141022,0.2736778259277344,false,3
6634,0.36943556288868334,0.4349035620689392,0.4302172362804413,false,3
6635,0.4545282731830099,0.33043166995048523,0.309318482875824,false,4
6636,0.24877687651115632,0.20972417294979095,0.2212582379579544,false,1
6637,0.2271048244164975,0.26847153902053833,0.2664420008659363,false,5
6639,0.022765962108067375,0.1523135006427765,0.1524585485458374,false,4
6641,0.385596303084624,0.3628375828266144,0.35738518834114075,false,3
6642,0.23130801971794038,0.2642258107662201,0.26431161165237427,false,5
6643,0.2487095316249074,0.2582840621471405,0.2581334710121155,false,5
6644,0.10580196014519273,0.16150784492492676,0.17958277463912964,false,4
6645,0.29935174345071436,0.26847153902053833,0.2685834765434265,false,5
6646,0.23130801971794038,0.2642258107662201,0.26431161165237427,false,5
6647,0.4619372719685949,0.412667453289032,0.37848785519599915,false,4
6648,0.15823588542044636,0.22866478562355042,0.230668306350708,false,3
6666,0.2604767192021644,0.27487796545028687,0.27383434772491455,false,5
6667,0.448270623375166,0.46986159682273865,0.47312673926353455,false,5
6669,0.2040771438893625,0.21591749787330627,0.2259618043899536,false,5
6670,0.18730916641120232,0.23475417494773865,0.235274076461792,false,2
6671,0.3797768531997404,0.3669798672199249,0.35781335830688477,false,3
6679,0.08990670773249645,0.2660907506942749,0.27353155612945557,false,3
6680,0.24913320504356007,0.22641092538833618,0.21649864315986633,false,2
6681,0.25064281876313793,0.22641092538833618,0.21952295303344727,false,2
6682,0.04789206195065862,0.13519397377967834,0.14044393599033356,false,4
6684,0.4469734986767613,0.2501847445964813,0.21510764956474304,false,1
6685,0.6182722362397398,0.6736123561859131,0.7189263701438904,false,4
6686,0.29075169058497397,0.3393218219280243,0.3428371548652649,false,2
6687,0.3638934459727466,0.5575164556503296,0.5151894092559814,false,4
6688,0.48076392969110104,0.3652675151824951,0.3870585858821869,false,1
6689,0.20555255536953765,0.23048153519630432,0.2449406236410141,false,1
6692,0.2330492387445683,0.2389845997095108,0.23857249319553375,false,2
6696,0.02836336625881835,0.18761053681373596,0.18960809707641602,false,3
6698,0.14397858407619346,0.32871660590171814,0.3383011221885681,false,3
6700,0.4637083111402267,0.43229177594184875,0.4463035762310028,false,1
6701,0.3234864445376671,0.38436684012413025,0.38222381472587585,false,5
6702,0.3234864445376671,0.38436684012413025,0.38222381472587585,false,5
6703,0.37471114406425143,0.4002859890460968,0.4022890627384186,false,2
6704,0.2696667483279084,0.22624589502811432,0.2558646500110626,false,1
6705,0.19789028883723625,0.36529797315597534,0.36634647846221924,false,3
6706,0.4013645091510652,0.40264689922332764,0.4012715816497803,false,2
6707,0.5204940590079105,0.5452372431755066,0.5449779033660889,false,5
6708,0.507893318944892,0.5259795784950256,0.5271989703178406,false,5
6710,0.38659323732593004,0.3785240948200226,0.37430450320243835,false,3
6711,0.3150862143386687,0.3365045189857483,0.33479881286621094,false,2
6712,0.37431065657490437,0.3696367144584656,0.39100655913352966,false,1
6713,0.2616992284075346,0.27490246295928955,0.271709144115448,false,5
6714,0.25052520361789027,0.23639655113220215,0.23747918009757996,false,2
6715,0.28677000463310887,0.3024953305721283,0.2662753760814667,false,1
6716,0.4270299153743116,0.18712227046489716,0.18911583721637726,false,3
6718,0.24782994762744154,0.2786311209201813,0.291583389043808,false,2
6719,0.24104801488792432,0.2082585096359253,0.20740577578544617,false,5
6720,0.2788101955136162,0.24651171267032623,0.24656431376934052,false,3
6721,0.2404125957536578,0.3267134428024292,0.35400596261024475,false,4
6722,0.36514578325278096,0.5221010446548462,0.5242953896522522,false,5
6723,0.8689377748438233,0.852593183517456,0.8538186550140381,false,5
6724,0.24611929317336181,0.2993965148925781,0.31218767166137695,false,4
6725,0.5199178633493354,0.5452619194984436,0.5399662852287292,false,3
6726,0.19585904730443793,0.2267587035894394,0.22499272227287292,false,2
6727,0.4718002886837109,0.5845911502838135,0.582288384437561,false,2
6728,0.3312385424065226,0.36769071221351624,0.3646131157875061,false,5
6729,0.20288390648518398,0.21879681944847107,0.22030536830425262,false,3
6730,0.36345951905345053,0.626155436038971,0.6439041495323181,false,3
6731,0.29596040111488153,0.49566781520843506,0.4947624206542969,false,3
6732,0.49936494720753516,0.6104310154914856,0.61153244972229,false,2
6733,0.3887204559410085,0.5387090444564819,0.5363583564758301,false,5
6734,0.2602818212210809,0.3318561613559723,0.3385201096534729,false,2
6737,0.7692706698974071,0.6552358269691467,0.6663647294044495,false,4
6738,0.6306718588416345,0.5980852246284485,0.5953200459480286,false,3
6739,0.3932153747039668,0.41391703486442566,0.4219059646129608,false,4
6740,0.20756654136944555,0.40827763080596924,0.4080114960670471,false,4
6741,0.3094936531279516,0.36625802516937256,0.3676096796989441,false,5
6742,0.37907073303828975,0.36174339056015015,0.3613649606704712,false,2
6743,0.6238606704502014,0.6373529434204102,0.6367146372795105,false,2
6744,0.4117045166486477,0.49380218982696533,0.48645099997520447,false,1
6745,0.1435700926302895,0.12140028178691864,0.11256224662065506,false,1
6746,0.20033584609879043,0.24978691339492798,0.2516222894191742,false,3
6747,0.2593658019550407,0.3319717347621918,0.3377388119697571,false,3
6749,0.15834510648369343,0.08141335099935532,0.10595569014549255,false,4
6750,0.5756145184387571,0.6908478736877441,0.7039057016372681,false,5
6751,0.42891326621845993,0.4327947497367859,0.38615426421165466,false,1
6752,0.11430648082663229,0.17433927953243256,0.1765904724597931,false,3
6753,0.15109183965506814,0.1877714842557907,0.1962854117155075,false,5
6754,0.363540651719529,0.4286385774612427,0.4227922856807709,false,2
6755,0.5519167762849059,0.541433572769165,0.5392941236495972,false,2
6756,0.278593394167676,0.29750296473503113,0.3035426437854767,false,3
6760,0.34699581829069875,0.16363488137722015,0.18321721255779266,false,1
6763,0.2794723506077481,0.27858471870422363,0.27572840452194214,false,5
6764,0.26806439191724984,0.26501208543777466,0.26300179958343506,false,2
6765,0.345126190962037,0.2624952793121338,0.22996015846729279,false,4
6766,0.324363492934566,0.4357839822769165,0.4341285228729248,false,3
6769,0.2639575700454242,0.19668371975421906,0.19898074865341187,false,3
6770,0.3022536549733274,0.23397399485111237,0.23472458124160767,false,2
6771,0.42626451061613935,0.5255177021026611,0.5327732563018799,false,4
6775,0.3125909066592996,0.387451171875,0.3887428045272827,false,2
6777,0.17583856560538932,0.32199716567993164,0.32160496711730957,false,3
6778,0.452735319444917,0.5328381061553955,0.5527472496032715,false,4
6779,0.6777043724182933,0.7160850167274475,0.7155202627182007,false,2
6780,0.4234535007825599,0.47999194264411926,0.48234739899635315,false,5
6781,0.37736346418811734,0.5009969472885132,0.5080826878547668,false,3
6783,0.314944097081616,0.32578641176223755,0.32651713490486145,false,1
6784,0.3382345949026995,0.31651508808135986,0.3198242783546448,false,1
6785,0.4780966782909998,0.41591688990592957,0.414945125579834,false,3
6786,0.4469950253325488,0.43963152170181274,0.43832093477249146,false,3
6787,0.3241225286539568,0.33667612075805664,0.3603859841823578,false,4
6788,0.48353754306471153,0.39688149094581604,0.39116501808166504,false,4
6789,0.6588895615414414,0.7365918159484863,0.7297528386116028,false,5
6790,0.35098420471983066,0.4003310799598694,0.39884307980537415,false,5
6791,0.46033198129809044,0.49408280849456787,0.49733924865722656,false,2
6792,0.26313616366507486,0.2935304045677185,0.29537907242774963,false,1
6793,0.26917972160815196,0.3788710832595825,0.37197768688201904,false,3
6794,0.5821316059808488,0.5189573764801025,0.5374577045440674,false,4
6795,0.7679669018269127,0.7551584243774414,0.7736583948135376,false,1
6796,0.3546433357936119,0.36031025648117065,0.40584301948547363,false,1
6797,0.27639323619845585,0.37169283628463745,0.3685787320137024,false,2
6798,0.8205731839102007,0.783402144908905,0.7525335550308228,false,4
6799,0.708946630245502,0.7321984767913818,0.7278430461883545,false,5
6800,0.4928960712656301,0.4938619136810303,0.4931589365005493,false,2
6801,0.27504571648943155,0.4209703803062439,0.413688600063324,false,3
6802,0.3419675800073664,0.320942223072052,0.27482250332832336,false,1
6803,0.3578499165573211,0.4905088543891907,0.48391178250312805,false,3
6804,0.45186951721386337,0.43978211283683777,0.4379369914531708,false,5
6805,0.3542506581095202,0.32692134380340576,0.3646112382411957,false,4
6806,0.41239010395025255,0.23046965897083282,0.31461766362190247,false,1
6807,0.13806588249641646,0.38208624720573425,0.3884536325931549,false,4
6809,0.17952109959413337,0.09508716315031052,0.09148764610290527,false,1
6810,0.1874050663310699,0.23292888700962067,0.23305656015872955,false,2
6811,0.2032052068195378,0.23292888700962067,0.23305656015872955,false,2
6812,0.1955190468756958,0.2652452886104584,0.26628535985946655,false,3
6813,0.2904678652732075,0.3202610909938812,0.32006192207336426,false,5
6814,0.08702202630530805,0.23777702450752258,0.20923618972301483,false,4
6815,0.2448708721363668,0.3399091362953186,0.34188365936279297,false,3
6816,0.6898499309334156,0.6804154515266418,0.6811486482620239,false,3
6818,0.5938165474826648,0.6908223628997803,0.6291987895965576,false,1
6820,0.35452823390640603,0.3900741636753082,0.39315202832221985,false,2
6821,0.21056685943354747,0.478784441947937,0.514162003993988,false,4
6822,0.22099213821785668,0.2224012315273285,0.22659063339233398,false,4
6824,0.259851479290859,0.24348588287830353,0.24300110340118408,false,2
6825,0.42592073302284655,0.41685590147972107,0.41239941120147705,false,3
6826,0.42369620828763016,0.5765786170959473,0.5782194137573242,false,2
6827,0.4385842033000881,0.44463643431663513,0.4417569637298584,false,3
6828,0.4327149426516791,0.4591463804244995,0.45834118127822876,false,2
6829,0.7897790542280427,0.8233383297920227,0.8247066140174866,false,3
6830,0.36820344913390485,0.43020474910736084,0.4325190782546997,false,5
6831,0.2996721703040395,0.4361507296562195,0.45761334896087646,false,4
6832,0.3397320880130965,0.3577303886413574,0.35672253370285034,false,2
6833,0.3423911262945177,0.3634951710700989,0.3534460961818695,false,2
6834,0.398925583563132,0.47478824853897095,0.4743095934391022,false,2
6835,0.3211543108968813,0.33689647912979126,0.3350850045681,false,2
6836,0.40781224807835514,0.47515591979026794,0.4632580280303955,false,5
6837,0.27966518402626567,0.28076332807540894,0.29764553904533386,false,1
6838,0.33574759813701377,0.4299629330635071,0.43182995915412903,false,4
6839,0.4012962833084765,0.44800102710723877,0.4388905465602875,false,5
6840,0.23435608752683734,0.17327487468719482,0.1690322905778885,false,3
6842,0.1946449920215816,0.2339530885219574,0.23209922015666962,false,3
6843,0.18326176286210036,0.10151010751724243,0.07106339186429977,false,1
6844,0.21461726531010758,0.24284228682518005,0.254698783159256,false,4
6845,0.15068594587243087,0.18049101531505585,0.18505223095417023,false,5
6846,0.6560146536433331,0.6390949487686157,0.728131115436554,false,4
6847,0.6485848008164216,0.678280770778656,0.7417267560958862,false,4
6848,0.4656525872058909,0.5461576581001282,0.5449568629264832,false,5
6849,0.45638264775675147,0.5411826372146606,0.5485755801200867,false,2
6850,0.7793588094542848,0.7924643754959106,0.7969496846199036,false,5
6851,0.25532565507964117,0.4604684114456177,0.43866655230522156,false,4
6852,0.5749854505429428,0.587022602558136,0.5826851725578308,false,2
6853,0.33085408900833757,0.3755154013633728,0.3751605451107025,false,2
6855,0.37011631409171286,0.634584903717041,0.6215696930885315,false,4
6856,0.19218978702632478,0.3423648774623871,0.35608264803886414,false,3
6857,0.19218978702632478,0.3423648774623871,0.35608264803886414,false,3
6858,0.42105603200914893,0.4525822401046753,0.44819560647010803,false,3
6859,0.3699166766651933,0.3651736378669739,0.3750998377799988,false,3
6860,0.4876809122797529,0.5797366499900818,0.5865112543106079,false,4
6861,0.7170968758826981,0.7017555832862854,0.7001076936721802,false,3
6862,0.3162312612876348,0.3449293076992035,0.3438972234725952,false,2
6863,0.21891336320198548,0.3785509765148163,0.37442728877067566,false,4
6864,0.2113084674545856,0.2130214273929596,0.21707949042320251,false,5
6865,0.24593311667268222,0.17024199664592743,0.13546523451805115,false,1
6866,0.1998743803381085,0.20152629911899567,0.1982012540102005,false,3
6867,0.4465192973480388,0.5777013301849365,0.49340468645095825,false,1
6868,0.45133862598529784,0.417142778635025,0.4116057753562927,false,4
6869,0.310490007162152,0.32877877354621887,0.3211282789707184,false,4
6870,0.5003556302395747,0.28400927782058716,0.3313286602497101,false,4
6871,0.38210931747336896,0.26030826568603516,0.2696067690849304,false,4
6872,0.484878322608241,0.6695267558097839,0.6445239186286926,false,4
6873,0.20323463743342818,0.22736315429210663,0.22344918549060822,false,1
6874,0.42408128648508575,0.3832213580608368,0.32061007618904114,false,4
6875,0.42408128648508575,0.3832213580608368,0.32061007618904114,false,4
6876,0.32402063122353963,0.3885282874107361,0.3977217972278595,false,2
6877,0.2739798282040481,0.29794949293136597,0.29615405201911926,false,5
6879,0.44629077786099425,0.4552500247955322,0.4834529161453247,false,4
6880,0.3134835366831922,0.48589521646499634,0.4851974546909332,false,3
6881,0.32352872465970156,0.42908164858818054,0.43047329783439636,false,3
6882,0.16535129001680346,0.30160173773765564,0.2958924472332001,false,3
6883,0.1629818640510411,0.15533730387687683,0.15621687471866608,false,5
6884,0.42410921198347507,0.6070347428321838,0.5781447291374207,false,4
6888,0.268297344933421,0.43292537331581116,0.41026315093040466,false,1
6889,0.13557596831264812,0.2010352611541748,0.19839447736740112,false,3
6890,0.6123339415082523,0.5700201988220215,0.5727283358573914,false,4
6891,0.517756082798063,0.6524912714958191,0.6527618765830994,false,3
6893,0.7947559370389,0.8290295004844666,0.8271982073783875,false,2
6894,0.33015446546101584,0.5779646635055542,0.5459628701210022,false,4
6895,0.5233122782760771,0.6839067339897156,0.676160454750061,false,5
6896,0.4787583020355913,0.7044129371643066,0.7026641368865967,false,2
6897,0.49212029199189267,0.45556846261024475,0.45484715700149536,false,1
6898,0.3613839196627559,0.2736697494983673,0.2885253131389618,false,1
6899,0.5380282458861242,0.5893593430519104,0.5888824462890625,false,5
6900,0.47640699883226467,0.5997018814086914,0.599846363067627,false,3
6901,0.36079683709983973,0.4235542416572571,0.4018072187900543,false,5
6902,0.26847924641490917,0.3185274004936218,0.31534358859062195,false,2
6903,0.15737761473242376,0.2750779390335083,0.2758660912513733,false,3
6904,0.5333188911736824,0.49750885367393494,0.49305620789527893,false,5
6906,0.471148727471328,0.505579948425293,0.54107266664505,false,1
6907,0.43412895141009145,0.3681870400905609,0.36412227153778076,false,3
6909,0.17591264854426622,0.28664058446884155,0.3349267840385437,false,4
6910,0.20897574686275466,0.3356732428073883,0.33082810044288635,false,3
6911,0.26814915778737064,0.3327891528606415,0.3302426338195801,false,3
6912,0.6116338913717269,0.6815153956413269,0.6813696026802063,false,5
6913,0.21033443734499968,0.2637730538845062,0.22255873680114746,false,1
6914,0.60449048972428,0.5932576060295105,0.593097448348999,false,5
6915,0.557222219565032,0.5394805073738098,0.5683030486106873,false,1
6916,0.17334164869787938,0.19039404392242432,0.191554456949234,false,4
6917,0.17588196262099845,0.21856431663036346,0.2150338888168335,false,3
6918,0.15577426901948202,0.2771669626235962,0.271570086479187,false,4
6919,0.3343157873645787,0.34834060072898865,0.3453364670276642,false,5
6920,0.5133871271220197,0.6214904189109802,0.62358158826828,false,2
6921,0.4272354151680744,0.5602726936340332,0.5588209629058838,false,5
6922,0.2312602960390233,0.24348588287830353,0.24207159876823425,false,2
6923,0.20164235883294798,0.23945842683315277,0.23956549167633057,false,2
6924,0.21617538639039446,0.29777050018310547,0.293160617351532,false,2
6925,0.17838613200053222,0.1982947438955307,0.2017451375722885,false,1
6926,0.19007399978841402,0.20484057068824768,0.2079106569290161,false,3
6927,0.4734630865535581,0.4568497836589813,0.4539657533168793,false,5
6928,0.6494938554641847,0.7337473034858704,0.7305097579956055,false,3
6929,0.38548096662473463,0.3286791443824768,0.354295939207077,false,1
6931,0.47141907155311313,0.39116647839546204,0.3482464849948883,false,1
6932,0.22167788290997456,0.30536070466041565,0.30725327134132385,false,5
6933,0.2605093448433231,0.33531543612480164,0.3255932927131653,false,4
6934,0.295334502697251,0.27304497361183167,0.27059829235076904,false,5
6935,0.3402217860334084,0.3075907826423645,0.3363209664821625,false,1
6936,0.5670286913033497,0.5714768171310425,0.6589290499687195,false,4
6937,0.4961171196913004,0.40091556310653687,0.3996768593788147,false,5
6938,0.537756834337245,0.5162038207054138,0.5305571556091309,false,1
6939,0.25057848998068255,0.32261356711387634,0.35373350977897644,false,1
6940,0.4457083432940273,0.4959219992160797,0.4931294918060303,false,2
6941,0.01174386845039019,0.22068366408348083,0.2053019106388092,false,4
6943,0.19461605189920936,0.24828410148620605,0.2451809197664261,false,5
6944,0.3204777670914342,0.3449293076992035,0.3438972234725952,false,2
6946,0.15382178607261904,0.10710190236568451,0.09972359985113144,false,1
6947,0.57381420078266,0.7004110813140869,0.68961101770401,false,5
6948,0.253324807387907,0.2530590891838074,0.25509175658226013,false,5
6949,0.27467970551550275,0.4376926124095917,0.41898319125175476,false,4
6950,0.4100526690824068,0.42299503087997437,0.42283105850219727,false,5
6952,0.4697873583166902,0.6467374563217163,0.6576135754585266,false,3
6953,0.31323855179909915,0.3037234842777252,0.3547804653644562,false,1
6954,0.533179405068989,0.7107273936271667,0.7136613726615906,false,5
6955,0.4434076007284218,0.43807747960090637,0.44711875915527344,false,5
6956,0.6178205270892962,0.6173067688941956,0.5641944408416748,false,4
6958,0.28770864678687397,0.27267321944236755,0.2773042619228363,false,4
6959,0.07289237991540623,0.18248668313026428,0.17678232491016388,false,4
6960,0.25378270271037306,0.2753661274909973,0.2839563488960266,false,4
6961,0.24749253863833384,0.2779209613800049,0.27329397201538086,false,5
6962,0.288357324312782,0.34034502506256104,0.33743199706077576,false,2
6963,0.6572427281427226,0.6829348802566528,0.6748818159103394,false,1
6964,0.20513298641116998,0.322187602519989,0.3192354440689087,false,4
6966,0.21118419734495916,0.17968717217445374,0.19456778466701508,false,4
6967,0.31250267006385424,0.42015567421913147,0.42492642998695374,false,4
6968,0.15676235790652263,0.23939572274684906,0.21919746696949005,false,4
6969,0.3782633390572364,0.4236665666103363,0.42491063475608826,false,3
6970,0.09400704156954154,0.23800060153007507,0.24060116708278656,false,4
6971,0.09400704156954154,0.23800060153007507,0.24060116708278656,false,4
6972,0.36085773132491,0.3828093707561493,0.38156574964523315,false,2
6973,0.19714961371617723,0.3338574469089508,0.33922114968299866,false,4
6974,0.5962092519242447,0.4459509253501892,0.4407578408718109,false,4
6975,0.18170677080580838,0.14502078294754028,0.15820442140102386,false,4
6976,0.1693363032418549,0.2128715068101883,0.2107115238904953,false,1
6977,0.7369988225886391,0.7758996486663818,0.7756004929542542,false,2
6978,0.17540785774388282,0.23042809963226318,0.23389172554016113,false,3
6979,0.17540785774388282,0.23042809963226318,0.23389172554016113,false,3
6980,0.36085773132491,0.3828093707561493,0.38156574964523315,false,2
6981,0.4513071664538381,0.5184864401817322,0.508926272392273,false,2
6982,0.0693537308253437,0.2260216623544693,0.22918781638145447,false,3
6983,0.21281428471835345,0.21380926668643951,0.21538196504116058,false,5
6984,0.2917012501958141,0.28304630517959595,0.28181952238082886,false,2
6985,0.17232964228531034,0.20775508880615234,0.20737046003341675,false,2
6986,0.22260840709856727,0.23914511501789093,0.23846255242824554,false,2
6987,0.5085649433239948,0.3740139901638031,0.37170034646987915,false,4
6988,0.39223100584335663,0.4871160387992859,0.4864048957824707,false,5
6989,0.4290461890136811,0.3589547872543335,0.3623636066913605,false,2
6990,0.41332366157698014,0.3496781885623932,0.34940582513809204,false,5
6991,0.3067922578628266,0.2886890470981598,0.29724714159965515,false,1
6992,0.4180946506891654,0.5488451719284058,0.5431587100028992,false,2
6993,0.23237230624749003,0.22672933340072632,0.23061926662921906,false,5
6994,0.37728526504949833,0.2978602647781372,0.30142202973365784,false,1
6995,0.11451340247855189,0.2347855567932129,0.24081122875213623,false,3
6996,0.061237677054627515,0.16036172211170197,0.17009347677230835,false,4
6997,0.3019630933474809,0.2724434733390808,0.2736179232597351,false,3
6998,0.5196001492956632,0.5055369138717651,0.5135047435760498,false,1
6999,0.6479715878291882,0.5750259160995483,0.5748622417449951,false,5
7000,0.5799538898032828,0.6052899360656738,0.6101971864700317,false,3
7002,0.3130328372755588,0.425772100687027,0.45663395524024963,false,5
7004,0.5179993929817857,0.564123272895813,0.5540274381637573,false,3
7005,0.3456734543938706,0.5067644715309143,0.4987170994281769,false,2
7006,0.23038547118385427,0.18118396401405334,0.16077695786952972,false,4
7007,0.1464078512992808,0.14446507394313812,0.14161020517349243,false,3
7008,0.3974849043258569,0.4805228114128113,0.46978023648262024,false,3
7009,0.30988432557481543,0.46849918365478516,0.48069265484809875,false,4
7010,0.4514957557638043,0.3898267149925232,0.43802592158317566,false,1
7011,0.2573553624209899,0.32698333263397217,0.34119144082069397,false,1
7012,0.40740959185623493,0.48430564999580383,0.48669472336769104,false,4
7013,0.5254218243173986,0.6565436124801636,0.6546440124511719,false,4
7014,0.3282183523168296,0.34673330187797546,0.3437647521495819,false,5
7015,0.2955191329032219,0.3102589249610901,0.3012004792690277,false,1
7016,0.4222974927614498,0.3093920648097992,0.3039853870868683,false,3
7017,0.2955191329032219,0.3102589249610901,0.3012004792690277,false,1
7018,0.284810173388059,0.2610092759132385,0.26068970561027527,false,5
7019,0.19475992686827312,0.2478967010974884,0.1905113160610199,false,1
7025,0.18698150460956106,0.21218200027942657,0.16982465982437134,false,1
7028,0.18698150460956106,0.21218200027942657,0.16982465982437134,false,1
7030,0.3390972164426745,0.37340256571769714,0.3734871447086334,false,2
7032,0.371070207929277,0.40053725242614746,0.4021732211112976,false,5
7033,0.1990334251996117,0.23528701066970825,0.23393826186656952,false,2
7034,0.22036011124833832,0.25414344668388367,0.2516380250453949,false,5
7035,0.19035337824938345,0.41308826208114624,0.4089193046092987,false,3
7036,0.19035337824938345,0.41308826208114624,0.4089193046092987,false,3
7037,0.30503748665837416,0.29326608777046204,0.29775479435920715,false,5
7038,0.5230511004401829,0.5988001227378845,0.5987207293510437,false,2
7039,0.5821835779164932,0.6183385252952576,0.5143828392028809,false,1
7040,0.4552554461626277,0.3689865469932556,0.40590885281562805,false,1
7043,0.21039588906418819,0.254839688539505,0.24701373279094696,false,1
7044,0.2269455023076408,0.38327842950820923,0.3785474896430969,false,3
7045,0.24573696559933517,0.24058979749679565,0.2444688081741333,false,5
7046,0.25076349291024963,0.2968386113643646,0.2794814705848694,false,1
7047,0.25349416281771453,0.23378995060920715,0.23708082735538483,false,5
7048,0.2901350558984073,0.1790897101163864,0.21203355491161346,false,4
7049,0.25076349291024963,0.2968386113643646,0.2794814705848694,false,1
7050,0.16079732020320323,0.11486111581325531,0.12017250061035156,false,5
7051,0.45112406607200145,0.3434799015522003,0.37651073932647705,false,1
7052,0.7719851767815739,0.7199236750602722,0.7085375189781189,false,2
7053,0.7700143473347648,0.7315506935119629,0.7058766484260559,false,5
7054,0.33137357746929175,0.44207143783569336,0.45895007252693176,false,4
7055,0.32360849323448937,0.4180527627468109,0.4291003942489624,false,3
7056,0.32735060371226693,0.432605117559433,0.4251089096069336,false,4
7057,0.29753649297562335,0.5360119342803955,0.5287117958068848,false,4
7058,0.19261413895436735,0.24430468678474426,0.24611300230026245,false,3
7059,0.22775180637401277,0.23945842683315277,0.23956549167633057,false,2
7061,0.5350194288989443,0.5129802823066711,0.571338415145874,false,1
7062,0.2669527416245459,0.4732237160205841,0.466156542301178,false,4
7063,0.3982119288266211,0.5158039927482605,0.513322651386261,false,3
7064,0.5502801892805897,0.6288020014762878,0.6301753520965576,false,4
7065,0.21691846643830895,0.3651975989341736,0.3615912199020386,false,3
7066,0.5838572875455715,0.5653657913208008,0.5651689767837524,false,2
7067,0.519865950819963,0.44437655806541443,0.4492947459220886,false,5
7068,0.29674728906330045,0.2706877887248993,0.2705289125442505,false,2
7069,0.27132148874586615,0.33157825469970703,0.33294981718063354,false,3
7070,0.3957214977206425,0.5141077041625977,0.519731342792511,false,4
7071,0.23355329429144578,0.21442820131778717,0.21353556215763092,false,5
7072,0.4627934836323307,0.4532225728034973,0.49208664894104004,false,1
7073,0.3091090752290437,0.3477729558944702,0.34203869104385376,false,1
7074,0.265793926117555,0.2677497863769531,0.2662830054759979,false,5
7075,0.3806300222694766,0.3447619676589966,0.37532666325569153,false,1
7077,0.4661156121039889,0.4972256124019623,0.49613964557647705,false,5
7078,0.047055916305916316,0.08617142587900162,0.08789989352226257,false,4
7079,0.7038864789811157,0.7573497891426086,0.7582351565361023,false,3
7080,0.37006861794924567,0.3540523648262024,0.3547292649745941,false,4
7081,0.2834842625534431,0.2928135395050049,0.29792627692222595,false,2
7082,0.36813699276245715,0.4342353940010071,0.4336036145687103,false,2
7083,0.3465988355146722,0.3639928996562958,0.36395591497421265,false,2
7084,0.26102778363669804,0.2568664848804474,0.26168394088745117,false,4
7085,0.25958766909572684,0.37780246138572693,0.37556520104408264,false,3
7086,0.4496227310692899,0.46883994340896606,0.46794047951698303,false,3
7087,0.45019609871185273,0.5139442086219788,0.4781092703342438,false,4
7088,0.5081043502831436,0.6067178845405579,0.6068597435951233,false,4
7089,0.08487137608693335,0.3076770305633545,0.3277030885219574,false,4
7090,0.09596331908831911,0.17725272476673126,0.19554126262664795,false,4
7091,0.050321986578952524,0.19494286179542542,0.214426189661026,false,4
7092,0.20770157138938955,0.21146197617053986,0.21202833950519562,false,2
7093,0.1995822808827881,0.20853298902511597,0.1944112777709961,false,1
7094,0.27937552308741653,0.2221975177526474,0.22042420506477356,false,1
7095,0.616485369351446,0.6808782815933228,0.6938956379890442,false,2
7096,0.36850603614662075,0.38128185272216797,0.38138169050216675,false,2
7097,0.10666227911634679,0.14051146805286407,0.13772214949131012,false,3
7098,0.29920172640486214,0.3440776765346527,0.3131422996520996,false,1
7099,0.4269245231403579,0.4640257954597473,0.41290244460105896,false,4
7100,0.1548403260352242,0.23179005086421967,0.23349836468696594,false,3
7101,0.32342649318112643,0.3291916847229004,0.32931405305862427,false,2
7102,0.4088721655834189,0.4563005864620209,0.45253506302833557,false,5
7103,0.7839277516718708,0.865138053894043,0.8465183973312378,false,4
7104,0.34905731723114175,0.38048943877220154,0.37824422121047974,false,2
7105,0.19315001955754874,0.1684834510087967,0.15316978096961975,false,1
7106,0.3909674942923473,0.40502339601516724,0.4089185893535614,false,3
7107,0.23555351234466523,0.38004937767982483,0.37948843836784363,false,3
7108,0.3807882112627584,0.435472697019577,0.435576856136322,false,2
7110,0.5572948786963736,0.6227166056632996,0.6235957145690918,false,2
7111,0.5363548229705316,0.6028634905815125,0.602234959602356,false,5
7112,0.35021933975884556,0.377710223197937,0.3775253891944885,false,5
7113,0.3841874433960983,0.296172171831131,0.2920708656311035,false,1
7114,0.7491507494053029,0.7008974552154541,0.7937626838684082,false,1
7115,0.6012127294156073,0.6848915219306946,0.6776107549667358,false,1
7116,0.2857873465810823,0.3854522109031677,0.37689608335494995,false,4
7118,0.1545878528849892,0.3386092483997345,0.3625486195087433,false,4
7119,0.3204188128291221,0.2910468578338623,0.3321859538555145,false,4
7120,0.3918104465278016,0.3586394488811493,0.3448481857776642,false,1
7123,0.2056697657482344,0.2635113000869751,0.2567465007305145,false,5
7125,0.47924091493619797,0.47525596618652344,0.49722927808761597,false,1
7126,0.5889729957938206,0.5594173073768616,0.5553930401802063,false,4
7127,0.4612138375743888,0.4695524573326111,0.4661242961883545,false,5
7128,0.32782906471625994,0.38349685072898865,0.3804863691329956,false,5
7129,0.32977959150360275,0.41554322838783264,0.41722527146339417,false,3
7130,0.774728962351599,0.8195392489433289,0.8065845370292664,false,1
7131,0.5210631909908575,0.5423924326896667,0.5227552652359009,false,4
7132,0.561872927371348,0.5498642921447754,0.5493410229682922,false,2
7133,0.23666893544346881,0.42280858755111694,0.42096033692359924,false,4
7134,0.4427041715122232,0.4927006661891937,0.49213138222694397,false,2
7135,0.4744095429918178,0.661047637462616,0.6436750888824463,false,1
7136,0.46652887258042774,0.5363364219665527,0.5426804423332214,false,4
7137,0.22005718992842876,0.19722121953964233,0.20926755666732788,false,1
7138,0.446662052244656,0.27063047885894775,0.2714504301548004,false,3
7139,0.2277708873935236,0.3128708600997925,0.29279035329818726,false,1
7140,0.4666537886920012,0.4475155770778656,0.4467063844203949,false,3
7141,0.5280085747967326,0.5799658894538879,0.5840857625007629,false,5
7142,0.47267517859714675,0.32102513313293457,0.33495110273361206,false,4
7143,0.605500156403762,0.5613475441932678,0.5634682178497314,false,3
7144,0.3039342811037151,0.26359304785728455,0.27171623706817627,false,2
7145,0.286715093340369,0.27089059352874756,0.2675904631614685,false,2
7146,0.1282415514768456,0.19779513776302338,0.218827486038208,false,4
7147,0.48777906078367794,0.6448186039924622,0.6538248062133789,false,3
7148,0.30990485378373445,0.42231154441833496,0.45666903257369995,false,4
7149,0.7227022554870379,0.7481309771537781,0.748185396194458,false,3
7151,0.5468451044457866,0.5248680710792542,0.5185206532478333,false,5
7152,0.552359505800534,0.6349738836288452,0.6296108961105347,false,5
7153,0.4321938770727495,0.40621280670166016,0.38888680934906006,false,4
7154,0.6022852147469373,0.5506492257118225,0.5510985851287842,false,3
7155,0.36197618684286725,0.5107976198196411,0.5102184414863586,false,3
7156,0.510978126591312,0.46797671914100647,0.46878349781036377,false,4
7157,0.25418618771846446,0.2705684304237366,0.2695097029209137,false,5
7158,0.4628855619009314,0.5520712733268738,0.5572161078453064,false,5
7159,0.38448527704280167,0.41512584686279297,0.4140641987323761,false,2
7161,0.2637244303264516,0.26638635993003845,0.2646876871585846,false,2
7162,0.4416730328487028,0.4913742244243622,0.49605727195739746,false,1
7163,0.5350472988774627,0.7034585475921631,0.709374725818634,false,3
7164,0.4513978662189115,0.6326901316642761,0.6324593424797058,false,2
7166,0.26922599737885483,0.4228784739971161,0.4220893383026123,false,3
7167,0.5222515566457784,0.49237293004989624,0.5174809694290161,false,1
7168,0.20077629838685385,0.23297883570194244,0.2667734920978546,false,1
7169,0.3166415635030216,0.4206882119178772,0.4304467439651489,false,3
7171,0.5463353297638295,0.5850436687469482,0.5827416777610779,false,5
7172,0.3039342811037151,0.26359304785728455,0.27171623706817627,false,2
7173,0.6023700194454258,0.685917317867279,0.6968255639076233,false,5
7174,0.7955739903770188,0.7131668329238892,0.7810801863670349,false,1
7175,0.4540281039780652,0.5095097422599792,0.49781665205955505,false,4
7176,0.4921771845209228,0.6133416891098022,0.6130962371826172,false,2
7180,0.3294600913394191,0.28213053941726685,0.2886848747730255,false,3
7182,0.5299921720953811,0.4601439833641052,0.4936736822128296,false,1
7183,0.1993692243847446,0.3226204216480255,0.28766050934791565,false,4
7184,0.42190267462194975,0.3025023341178894,0.3069392740726471,false,3
7185,0.14251600623863792,0.19438235461711884,0.20009055733680725,false,2
7186,0.6370444125127327,0.6602818965911865,0.6601325273513794,false,5
7188,0.2577905595293894,0.2194654643535614,0.22342419624328613,false,5
7189,0.3558160169021509,0.31845834851264954,0.3159695565700531,false,3
7190,0.6787586432106592,0.583793580532074,0.6074226498603821,false,1
7191,0.3103054636949055,0.32834282517433167,0.32529476284980774,false,5
7192,0.5246953689110068,0.5516619682312012,0.5475164651870728,false,5
7193,0.20499362891085557,0.2183830440044403,0.19999000430107117,false,1
7194,0.5115086464605254,0.5174312591552734,0.5115637183189392,false,3
7195,0.4660761441435979,0.4707541763782501,0.471950888633728,false,5
7196,0.3692383167091338,0.5151087641716003,0.5194452404975891,false,3
7197,0.5013612240730361,0.6211789846420288,0.6912761330604553,false,4
7198,0.4298262210684367,0.4190672039985657,0.42969146370887756,false,1
7199,0.24365967205350725,0.2552209198474884,0.25270846486091614,false,5
7200,0.4286921705370432,0.47290918231010437,0.4709712266921997,false,4
7201,0.2955823171322698,0.3041135370731354,0.3185325264930725,false,2
7202,0.285382676203225,0.30608391761779785,0.26124829053878784,false,1
7204,0.3272219222452307,0.3352041244506836,0.33435818552970886,false,3
7205,0.23433384171215604,0.1256324201822281,0.1124231144785881,false,1
7206,0.12754057386251477,0.053811755031347275,0.0321018323302269,false,1
7207,0.4961939128632764,0.6301206350326538,0.6278754472732544,false,3
7208,0.47483549538535696,0.47872641682624817,0.47446170449256897,false,5
7209,0.38626821453425025,0.22491499781608582,0.2572086751461029,false,1
7210,0.233705495157129,0.2521844208240509,0.25872156023979187,false,4
7211,0.5842989392077144,0.7819313406944275,0.76500004529953,false,4
7212,0.23798165112969774,0.2776913046836853,0.27367061376571655,false,5
7214,0.26466726269681784,0.3358039855957031,0.33344218134880066,false,5
7215,0.09059469739926394,0.1616310477256775,0.1568463146686554,false,4
7216,0.5071312715253247,0.4780799150466919,0.4846629798412323,false,4
7217,0.62746746351752,0.6961767077445984,0.6971110105514526,false,5
7219,0.27358737569501423,0.4748307168483734,0.47546398639678955,false,4
7221,0.2112563093081669,0.2581028938293457,0.263516902923584,false,4
7223,0.26751159271759284,0.2943652868270874,0.2670653164386749,false,4
7226,0.38228623867059364,0.4837155044078827,0.47335168719291687,false,3
7228,0.29941542074153416,0.284288227558136,0.2830343544483185,false,2
7229,0.11965443519104844,0.3222108483314514,0.3130394518375397,false,4
7230,0.27685484111644654,0.2949156165122986,0.2941780090332031,false,5
7231,0.2633929892586761,0.2698855698108673,0.2620545029640198,false,4
7233,0.43050444500419505,0.6087588667869568,0.6069031357765198,false,4
7234,0.231088573265885,0.2720555365085602,0.2630942761898041,false,5
7235,0.32378136900493504,0.30054935812950134,0.3049702048301697,false,3
7236,0.4447212813625342,0.5095077157020569,0.5104904770851135,false,2
7237,0.5197095763219979,0.3999643623828888,0.36783868074417114,false,1
7238,0.15988297940659404,0.27308139204978943,0.26787951588630676,false,3
7240,0.544880368078635,0.5136395692825317,0.5353237390518188,false,1
7241,0.43753388362585677,0.4951814115047455,0.4936898350715637,false,5
7242,0.38678634814077817,0.503109335899353,0.503588855266571,false,2
7243,0.11918987218921431,0.09337587654590607,0.10410831868648529,false,4
7244,0.2704945921274029,0.33116528391838074,0.3328610062599182,false,5
7245,0.2942376199677395,0.23731103539466858,0.1803322732448578,false,1
7246,0.24763121019442963,0.23452989757061005,0.23392777144908905,false,2
7248,0.31980871789888815,0.21270647644996643,0.21208207309246063,false,4
7249,0.25064706250912744,0.34402668476104736,0.3435232639312744,false,2
7251,0.325820411547853,0.43624573945999146,0.4043520390987396,false,4
7252,0.32993294578506605,0.4256739318370819,0.41648364067077637,false,5
7253,0.2985711217576226,0.34182825684547424,0.33885103464126587,false,5
7254,0.588311795991402,0.2617698311805725,0.33943066000938416,false,1
7255,0.3132353513423206,0.33446386456489563,0.3133271038532257,false,4
7256,0.40935373213029863,0.4773257076740265,0.4715658724308014,false,2
7258,0.2704945921274029,0.33116528391838074,0.3328610062599182,false,5
7259,0.2870661249530454,0.35687923431396484,0.36453136801719666,false,3
7260,0.3878352574381612,0.4997956454753876,0.49281346797943115,false,2
7261,0.3934163943926297,0.4078522026538849,0.39274030923843384,false,3
7262,0.2780894483917651,0.2943574786186218,0.30528295040130615,false,1
7263,0.5324959167976272,0.6065390110015869,0.6059375405311584,false,3
7264,0.6143595899712205,0.5881357192993164,0.6283817291259766,false,1
7265,0.23093859969990668,0.519282341003418,0.5228070020675659,false,4
7266,0.4220527015969353,0.5332585573196411,0.5475656986236572,false,4
7267,0.2579650508836409,0.3184802532196045,0.32289832830429077,false,2
7268,0.18333704104091272,0.12364521622657776,0.13566678762435913,false,4
7269,0.12280869576186912,0.14540530741214752,0.15935151278972626,false,4
7270,0.3102947080022952,0.6183187365531921,0.6602960228919983,false,5
7271,0.5292041102373596,0.4338020086288452,0.4325130581855774,false,3
7272,0.19907093998138747,0.2358076423406601,0.2354259192943573,false,2
7273,0.4096349645688849,0.44489267468452454,0.43802472949028015,false,3
7274,0.1658210210412223,0.24624483287334442,0.2305663824081421,false,4
7275,0.3758685127002941,0.5776219367980957,0.5769451856613159,false,3
7276,0.3270194701669159,0.4981389343738556,0.49373576045036316,false,4
7277,0.14287768986259697,0.20708024501800537,0.21872341632843018,false,4
7279,0.3824409498429682,0.3701585531234741,0.3703111410140991,false,2
7281,0.4843899410828516,0.5648611783981323,0.5625266432762146,false,2
7282,0.44109251442053526,0.623693585395813,0.6278749704360962,false,3
7283,0.7520779304655175,0.7530275583267212,0.7772637605667114,false,4
7284,0.5661646744561033,0.31325557827949524,0.3113696873188019,false,4
7285,0.04315044111206968,0.18761053681373596,0.18960809707641602,false,3
7286,0.12531649076327867,0.23158839344978333,0.22431133687496185,false,4
7287,0.2106020446556408,0.23437564074993134,0.2354588657617569,false,5
7289,0.09593457907331748,0.3163800537586212,0.29702112078666687,false,4
7290,0.41673952610758586,0.45625948905944824,0.45775237679481506,false,3
7291,0.1691960749948366,0.28782176971435547,0.2586679756641388,false,4
7292,0.35210787905199553,0.3668677806854248,0.3685159981250763,false,2
7293,0.4899405498725735,0.5275993943214417,0.5255443453788757,false,2
7294,0.22017863893755532,0.298617959022522,0.30262377858161926,false,2
7295,0.2498142366252375,0.2593840956687927,0.2657240629196167,false,4
7296,0.30937931044714495,0.382185161113739,0.3883175551891327,false,3
7297,0.1997464473878948,0.28188806772232056,0.30191436409950256,false,4
7298,0.3453720529945676,0.34834060072898865,0.3481329083442688,false,5
7299,0.30937931044714495,0.382185161113739,0.3883175551891327,false,3
7300,0.20267509778779466,0.31344106793403625,0.3183545172214508,false,1
7301,0.55209218466442,0.483514666557312,0.4828222692012787,false,3
7302,0.3990114567016069,0.4162508249282837,0.41893520951271057,false,5
7303,0.6295559608109008,0.656872570514679,0.6555613875389099,false,1
7304,0.7548914827656777,0.7240046858787537,0.7383919954299927,false,1
7305,0.7561290183367833,0.8446709513664246,0.8317216634750366,false,2
7306,0.535279157865356,0.5866971611976624,0.5886126160621643,false,3
7307,0.31596558558827326,0.33321964740753174,0.33221274614334106,false,2
7308,0.35916445241410755,0.4863121211528778,0.46492138504981995,false,4
7312,0.5173213086960385,0.5868300199508667,0.5839124917984009,false,2
7319,0.34333329394153095,0.4055491089820862,0.40188056230545044,false,5
7320,0.39736488732078507,0.46218341588974,0.484945684671402,false,1
7321,0.5686424067848135,0.7618711590766907,0.809130072593689,false,5
7322,0.3821124672576832,0.3835704028606415,0.38378357887268066,false,2
7323,0.9195107958502655,0.9275267124176025,0.9217568635940552,false,4
7325,0.6491029517567058,0.6608524918556213,0.6522613167762756,false,3
7326,0.1184997051838631,0.2185530960559845,0.22161337733268738,false,3
7327,0.20997907622941148,0.2808217704296112,0.3045514225959778,false,1
7328,0.424022908212233,0.4306502044200897,0.43499812483787537,false,2
7330,0.6967115317645987,0.7582099437713623,0.6946494579315186,false,1
7332,0.3696274976413808,0.44480830430984497,0.4507423937320709,false,3
7334,0.44234142068940935,0.5391699075698853,0.5388962030410767,false,3
7337,0.3696274976413808,0.44480830430984497,0.4507423937320709,false,3
7338,0.21369823674012117,0.18453098833560944,0.1798497885465622,false,2
7339,0.4786056027454009,0.44193413853645325,0.43910208344459534,false,3
7340,0.5084140418347826,0.5926780700683594,0.5925806760787964,false,5
7342,0.8066404660762277,0.795772910118103,0.786997377872467,false,3
7343,0.47216340272720125,0.47638943791389465,0.4872249364852905,false,2
7344,0.5911226546485069,0.6397755742073059,0.6396933794021606,false,2
7346,0.4862496946761784,0.5001465678215027,0.49854180216789246,false,5
7347,0.56951212197317,0.6011521220207214,0.6021178960800171,false,3
7348,0.7831760003764017,0.679841160774231,0.7109314203262329,false,1
7349,0.42364510134034467,0.6060497164726257,0.5867387056350708,false,3
7350,0.48940368469943024,0.5079050660133362,0.5104103088378906,false,3
7351,0.3457802647350793,0.4961763918399811,0.5037707090377808,false,3
7352,0.6787593770250825,0.6497179269790649,0.6478075385093689,false,2
7353,0.4223425938610718,0.4636259078979492,0.4633064866065979,false,2
7354,0.3060898336499148,0.3791058361530304,0.38301417231559753,false,5
7355,0.5826886495075875,0.6194816827774048,0.6065885424613953,false,1
7356,0.3587854262530412,0.3513217866420746,0.3515283465385437,false,5
7357,0.3726098427521763,0.36708948016166687,0.400735080242157,false,1
7358,0.5307642379651798,0.5193408131599426,0.5199533700942993,false,3
7359,0.29871576099208513,0.44010892510414124,0.42630940675735474,false,4
7360,0.2086913072210623,0.42164376378059387,0.418658971786499,false,3
7361,0.4024973626509679,0.4847331643104553,0.48799630999565125,false,3
7362,0.422410109690465,0.3965074419975281,0.39551058411598206,false,4
7363,0.5919836993997842,0.6058853268623352,0.604286789894104,false,3
7364,0.4188690660563348,0.4221140444278717,0.4248107075691223,false,5
7365,0.07878986707736707,0.31443727016448975,0.3258996605873108,false,4
7366,0.5826886495075875,0.6194816827774048,0.6065885424613953,false,1
7367,0.2945595733621917,0.37722110748291016,0.3820023238658905,false,5
7368,0.6692614845804559,0.6285346150398254,0.6316293478012085,false,1
7369,0.595670622525192,0.7322046756744385,0.7253749370574951,false,5
7370,0.48711873314985893,0.6430420279502869,0.6298241019248962,false,3
7371,0.3227887868372809,0.3553297519683838,0.32264992594718933,false,1
7372,0.45497639669957657,0.4670025408267975,0.45806896686553955,false,1
7373,0.4260786495862709,0.490287184715271,0.49993377923965454,false,3
7374,0.455690907722359,0.4730258882045746,0.4724177122116089,false,5
7375,0.30249375231055536,0.42697322368621826,0.43060052394866943,false,3
7376,0.42326803382048905,0.6044496893882751,0.6066989302635193,false,5
7377,0.37010175563383796,0.4472457766532898,0.4475226402282715,false,3
7378,0.37010175563383796,0.4472457766532898,0.4475226402282715,false,3
7379,0.31826208931104444,0.5354769229888916,0.49285367131233215,false,4
7380,0.5095194102283701,0.5831371545791626,0.5643610954284668,false,1
7381,0.35712169740054284,0.3389650285243988,0.3462011218070984,false,1
7382,0.5283673191384373,0.5446382761001587,0.5465771555900574,false,2
7383,0.3667287836624488,0.6105954647064209,0.6134728193283081,false,3
7384,0.3857027780233137,0.5421088933944702,0.5542094111442566,false,4
7385,0.40610788961134003,0.46780750155448914,0.4615784287452698,false,3
7387,0.4823987471255624,0.4074724614620209,0.39871686697006226,false,3
7388,0.19117473774904528,0.23082321882247925,0.21481847763061523,false,1
7389,0.21369823674012117,0.18453098833560944,0.1798497885465622,false,2
7390,0.7081758606626248,0.7634603977203369,0.7689915895462036,false,5
7391,0.5538795923863039,0.5790167450904846,0.5787481069564819,false,2
7393,0.6473107560987631,0.6715229153633118,0.577771008014679,false,1
7394,0.5706266263848151,0.6393783092498779,0.6243917346000671,false,4
7395,0.6100296640263573,0.6501904726028442,0.6513128876686096,false,1
7396,0.8287009315561926,0.7678409814834595,0.7706499695777893,false,3
7397,0.666197482496266,0.7347007989883423,0.7135175466537476,false,1
7398,0.22589627558259365,0.3651457130908966,0.36154887080192566,false,3
7399,0.5593262857209165,0.5355741381645203,0.5061138868331909,false,1
7400,0.463986197095166,0.5049482583999634,0.5314586162567139,false,4
7401,0.4742582242373754,0.5195693969726562,0.5210162997245789,false,5
7403,0.40353161550219263,0.5620814561843872,0.5562297701835632,false,3
7404,0.3638944136960107,0.4036411941051483,0.39997830986976624,false,5
7405,0.5484999675349006,0.6300405859947205,0.628416895866394,false,5
7406,0.05280522255522256,0.16124047338962555,0.1522972285747528,false,4
7407,0.05280522255522256,0.16124047338962555,0.1522972285747528,false,4
7409,0.4180408721200036,0.5243902802467346,0.5211302042007446,false,4
7413,0.41842588349174664,0.43527135252952576,0.43132078647613525,false,5
7415,0.9202864597476825,0.8615643382072449,0.8638820052146912,false,3
7416,0.6216350998458849,0.676332950592041,0.6717658638954163,false,5
7417,0.20953983149479685,0.363493412733078,0.3846357762813568,false,4
7418,0.5962969010609477,0.6651527881622314,0.7139388918876648,false,1
7419,0.37995204409847766,0.32417768239974976,0.3250875771045685,false,3
7421,0.4100109255800944,0.5226234197616577,0.5219630599021912,false,2
7422,0.3476730773170935,0.49784278869628906,0.4751335382461548,false,4
7423,0.14446357855308542,0.28962600231170654,0.29744985699653625,false,3
7424,0.4728139107493664,0.530318558216095,0.5131250023841858,false,4
7431,0.4398749491740073,0.6415155529975891,0.5390915274620056,false,1
7432,0.5491308251380801,0.42471379041671753,0.42738550901412964,false,4
7433,0.3628523628116469,0.3620368540287018,0.36076241731643677,false,3
7434,0.38864243014894223,0.4144594669342041,0.41338473558425903,false,2
7435,0.08414817984303279,0.24658863246440887,0.23028787970542908,false,4
7436,0.2487830882957775,0.23164570331573486,0.2678992748260498,false,1
7437,0.27155856160216163,0.2212958037853241,0.22094488143920898,false,1
7438,0.41726544565991475,0.5532479286193848,0.5552403926849365,false,2
7439,0.4156952381712527,0.5982755422592163,0.5837027430534363,false,4
7440,0.46639076554640296,0.3333023190498352,0.40105700492858887,false,1
7441,0.3855264041058778,0.40724918246269226,0.4058944284915924,false,3
7442,0.41213838872593095,0.3796691298484802,0.38404858112335205,false,2
7443,0.5631821623902387,0.6584256887435913,0.6482374668121338,false,3
7444,0.5464719121478578,0.45467904210090637,0.4483705759048462,false,3
7445,0.23014425447344844,0.2602960169315338,0.2153109759092331,false,1
7447,0.3487306030602049,0.39711055159568787,0.42555931210517883,false,1
7448,0.16668684779102663,0.24276380240917206,0.24784736335277557,false,3
7450,0.6629662184799342,0.5112830400466919,0.5137354135513306,false,4
7451,0.38956158846855,0.4555542469024658,0.4562169909477234,false,5
7452,0.48475710608490064,0.6190721988677979,0.5456769466400146,false,4
7453,0.5305416532172672,0.5885818004608154,0.6030491590499878,false,1
7455,0.40422228480602695,0.3580028712749481,0.3884958028793335,false,1
7456,0.4117561465404813,0.475250780582428,0.4706290066242218,false,2
7457,0.23384516171564879,0.2562188506126404,0.2554810345172882,false,2
7461,0.7132236900440363,0.7213255763053894,0.7235708832740784,false,2
7462,0.44782620195997147,0.570026159286499,0.5743079781532288,false,3
7464,0.24274190783336658,0.2795243561267853,0.29289326071739197,false,1
7465,0.16892069497866188,0.17309750616550446,0.16777880489826202,false,2
7466,0.20132592405601735,0.24971356987953186,0.24673868715763092,false,3
7469,0.30269552358116586,0.5475363731384277,0.5764214396476746,false,4
7472,0.22653399754065454,0.26847153902053833,0.26592403650283813,false,5
7474,0.7533147592967673,0.7461676597595215,0.7697116732597351,false,4
7475,0.5567076187018908,0.662896454334259,0.6621002554893494,false,2
7478,0.4150573504754808,0.43594124913215637,0.43475058674812317,false,5
7479,0.6357958251543774,0.5980302095413208,0.5980545282363892,false,4
7483,0.20304974710490428,0.36334699392318726,0.36491858959198,false,4
7484,0.7055583429482266,0.7692546248435974,0.7641773223876953,false,5
7487,0.3090397626679253,0.35110238194465637,0.33185669779777527,false,1
7488,0.16172016480550602,0.24172456562519073,0.2476537823677063,false,4
7493,0.7403943400824186,0.7136261463165283,0.735923707485199,false,1
7494,0.47125375371772443,0.6032086610794067,0.5770204663276672,false,1
7495,0.1882034402250435,0.1852046400308609,0.17965643107891083,false,1
7496,0.7092010162046908,0.8008012175559998,0.797368586063385,false,2
7498,0.6064711058059613,0.5342947840690613,0.526679515838623,false,1
7501,0.34859815791654464,0.41500329971313477,0.4140433669090271,false,3
7504,0.10487383708385548,0.20152629911899567,0.1982012540102005,false,3
7507,0.20162061590227232,0.36776474118232727,0.31676727533340454,false,4
7508,0.48728631845283565,0.5935953855514526,0.5934261679649353,false,2
7509,0.3696285834369729,0.4268898665904999,0.4298222064971924,false,3
7510,0.37461218137785557,0.39640429615974426,0.3900180459022522,false,5
7511,0.5434157434839643,0.5684844851493835,0.5704270601272583,false,2
7512,0.4774976886725495,0.5282317996025085,0.5211683511734009,false,5
7513,0.20199949643913168,0.2318226397037506,0.22916117310523987,false,5
7514,0.18424616864546742,0.21144425868988037,0.22463777661323547,false,1
7515,0.17724503098272026,0.16750358045101166,0.17412884533405304,false,1
7516,0.24088503198279468,0.23311972618103027,0.23326411843299866,false,2
7517,0.40641830396828865,0.415532648563385,0.4099047780036926,false,3
7518,0.3524440146648901,0.41263148188591003,0.40692541003227234,false,5
7519,0.07385281007504013,0.20826734602451324,0.20916852355003357,false,3
7520,0.25616031579566817,0.27231311798095703,0.27121806144714355,false,2
7521,0.8766280288579236,0.8812795281410217,0.8817853927612305,false,1
7522,0.9062421288121992,0.8636226654052734,0.8642030358314514,false,1
7528,0.3208934293413319,0.32519468665122986,0.32416051626205444,false,2
7530,0.13495614499449637,0.22375430166721344,0.22342272102832794,false,4
7531,0.5032213955984188,0.5763931274414062,0.578460156917572,false,5
7532,0.46596852399158684,0.5106971859931946,0.5451777577400208,false,1
7534,0.4592280075179913,0.5274403691291809,0.5176065564155579,false,2
7535,0.481973384452418,0.33333438634872437,0.3757867217063904,false,1
7536,0.4982386751480219,0.5000750422477722,0.5020186901092529,false,3
7538,0.17017529896574016,0.18382489681243896,0.20642177760601044,false,4
7539,0.19128537561509698,0.20742103457450867,0.21661034226417542,false,4
7540,0.19128537561509698,0.20742103457450867,0.21661034226417542,false,4
7541,0.3255547752448021,0.38211169838905334,0.3841886818408966,false,3
7543,0.21174161286554863,0.4000912308692932,0.40475377440452576,false,4
7544,0.19783293066576718,0.25983282923698425,0.27018487453460693,false,3
7545,0.19783293066576718,0.25983282923698425,0.27018487453460693,false,3
7547,0.27856847092686315,0.4856015741825104,0.48049288988113403,false,3
7549,0.6171247207494862,0.6065987348556519,0.6460312008857727,false,1
7550,0.271985448982774,0.2622424364089966,0.26206550002098083,false,5
7551,0.4523933586618532,0.44378989934921265,0.44403964281082153,false,2
7552,0.4607004962249648,0.3517672121524811,0.3513558506965637,false,5
7553,0.6770180585770279,0.8033480048179626,0.8167007565498352,false,4
7554,0.5115547029884346,0.5290007591247559,0.5494278073310852,false,4
7555,0.4726016034888731,0.4653880298137665,0.4643145799636841,false,5
7558,0.1407208841485518,0.3149985074996948,0.29155972599983215,false,4
7566,0.7219675908603059,0.7545605301856995,0.7553673386573792,false,5
7568,0.6831158607589974,0.7907402515411377,0.7898582816123962,false,3
7569,0.7314387127139739,0.7595641016960144,0.7793494462966919,false,1
7570,0.27242959995588234,0.5559893846511841,0.5436182618141174,false,4
7571,0.5657903953310695,0.5615859031677246,0.5222346186637878,false,1
7572,0.563594870189514,0.6360471844673157,0.645147442817688,false,4
7573,0.262346271975853,0.299224853515625,0.30083224177360535,false,5
7575,0.3886079964763973,0.4265655279159546,0.4304494857788086,false,1
7577,0.4868635478891403,0.5131913423538208,0.5027106404304504,false,1
7579,0.22317766276979514,0.35094326734542847,0.3450442850589752,false,3
7580,0.4133670625830511,0.39183253049850464,0.39210617542266846,false,2
7581,0.4874431952119454,0.5591320395469666,0.55118328332901,false,1
7583,0.13205721916971916,0.286104291677475,0.2823899984359741,false,4
7584,0.7383178467469979,0.7505298852920532,0.751154899597168,false,2
7585,0.40882585573816577,0.3701201379299164,0.3312456011772156,false,4
7586,0.4137272729308395,0.5573047995567322,0.5464578866958618,false,5
7587,0.40882585573816577,0.3701201379299164,0.3312456011772156,false,4
7588,0.4054740842963335,0.4831784665584564,0.4772581458091736,false,5
7589,0.40882585573816577,0.3701201379299164,0.3312456011772156,false,4
7590,0.42791411420742265,0.37821823358535767,0.33248743414878845,false,4
7591,0.42658930094878583,0.3737875521183014,0.33307912945747375,false,4
7592,0.47555006450643666,0.5259795784950256,0.5303122997283936,false,5
7593,0.544827891519368,0.520308256149292,0.5179999470710754,false,3
7594,0.7108289327656305,0.6926894783973694,0.6971539855003357,false,3
7596,0.49635029448853013,0.593804657459259,0.5926961302757263,false,3
7597,0.3113016036958112,0.3216489255428314,0.3160853981971741,false,3
7601,0.40604290312553887,0.43527135252952576,0.434150367975235,false,5
7602,0.40604290312553887,0.43527135252952576,0.434150367975235,false,5
7603,0.35948982492172954,0.457230806350708,0.45285263657569885,false,2
7604,0.4667007305074963,0.44097453355789185,0.44119128584861755,false,5
7605,0.11797750349547616,0.28773850202560425,0.2894726097583771,false,3
7606,0.4683602624863882,0.4864020347595215,0.4469999670982361,false,4
7609,0.6184588027352411,0.6006273031234741,0.5978449583053589,false,3
7612,0.22225925894744336,0.19135414063930511,0.19692976772785187,false,5
7614,0.4179531220482462,0.4145086109638214,0.4273167550563812,false,5
7617,0.572025589998332,0.632013738155365,0.6360020637512207,false,2
7618,0.18913271046399455,0.2052098512649536,0.21669399738311768,false,1
7619,0.03981308968808969,0.22238916158676147,0.21851874887943268,false,4
7621,0.23290921570946868,0.2996367812156677,0.30120256543159485,false,5
7622,0.3193237551780222,0.27015748620033264,0.2690196633338928,false,2
7623,0.46990568470712496,0.561497151851654,0.5948942303657532,false,1
7626,0.22835832444625442,0.2677497863769531,0.26500511169433594,false,5
7628,0.09036733691145457,0.21009211242198944,0.22083012759685516,false,4
7629,0.08455219087969984,0.23322637379169464,0.23511618375778198,false,3
7632,0.2513775534258458,0.1383480578660965,0.15174807608127594,false,1
7633,0.2582302648485949,0.2542235851287842,0.25308430194854736,false,2
7634,0.22972689012519648,0.23630382120609283,0.22068579494953156,false,1
7635,0.2373464012161657,0.1620228886604309,0.15814995765686035,false,1
7636,0.4841247882977037,0.5325046181678772,0.52436763048172,false,5
7638,0.195226193297325,0.22492103278636932,0.2375982105731964,false,4
7641,0.1632260876294567,0.19517672061920166,0.1818244308233261,false,1
7642,0.25253687763997856,0.43629467487335205,0.456003874540329,false,4
7643,0.4575665333455561,0.5271616578102112,0.5249389410018921,false,2
7645,0.2585737128845047,0.3138878643512726,0.3126436471939087,false,2
7652,0.5836046640317294,0.6255490183830261,0.6199772357940674,false,5
7653,0.3194571499836592,0.5722580552101135,0.6065329909324646,false,4
7654,0.736968814168669,0.7813332676887512,0.7791087031364441,false,2
7655,0.7751743277160291,0.7860992550849915,0.7830128073692322,false,3
7656,0.3577183368728376,0.4323534071445465,0.4307118058204651,false,3
7657,0.3832784495737597,0.36543765664100647,0.37167006731033325,false,5
7658,0.3945463195155522,0.3548949956893921,0.36101680994033813,false,5
7659,0.4821863935207034,0.6392843723297119,0.6355794072151184,false,3
7660,0.5806335763763537,0.5792532563209534,0.5769843459129333,false,5
7661,0.15554894206296488,0.34378018975257874,0.3352917432785034,false,3
7662,0.15554894206296488,0.34378018975257874,0.3352917432785034,false,3
7663,0.317822216908466,0.3888118267059326,0.38772889971733093,false,3
7664,0.4108113946133627,0.3763059079647064,0.37523993849754333,false,2
7665,0.10665378004552839,0.20537786185741425,0.2058645784854889,false,3
7666,0.29228836833307825,0.37615683674812317,0.37752649188041687,false,5
7667,0.5817518932458388,0.5437443852424622,0.5418187975883484,false,4
7668,0.4701250511180787,0.5980745553970337,0.6028042435646057,false,2
7669,0.6074443222264626,0.614670991897583,0.62168949842453,false,5
7671,0.5500126043663828,0.5600408315658569,0.5579856038093567,false,5
7673,0.30668240448506195,0.4114888608455658,0.4127228260040283,false,3
7674,0.30668240448506195,0.4114888608455658,0.4127228260040283,false,3
7675,0.24418231619389438,0.3475576937198639,0.33644571900367737,false,5
7676,0.17604007461294785,0.36310145258903503,0.38220643997192383,false,4
7678,0.39018805890401154,0.5436683297157288,0.530390739440918,false,4
7679,0.4228909810787407,0.4161668121814728,0.4129074513912201,false,3
7680,0.4592280075179913,0.5274403691291809,0.5176065564155579,false,2
7681,0.481973384452418,0.33333438634872437,0.3757867217063904,false,1
7683,0.6593687234232766,0.7188042402267456,0.7113127708435059,false,2
7684,0.26992660777546323,0.2720227539539337,0.2725087106227875,false,2
7686,0.11621163241064135,0.26762819290161133,0.3033461570739746,false,4
7689,0.11273342988668235,0.2801254689693451,0.2863325774669647,false,3
7691,0.5635492999657744,0.6070328950881958,0.6121541857719421,false,2
7692,0.3011433582407439,0.2906496524810791,0.2894026041030884,false,2
7694,0.4273633966707041,0.511053740978241,0.5099538564682007,false,2
7695,0.11621163241064135,0.26762819290161133,0.3033461570739746,false,4
7696,0.691924012465097,0.7500377297401428,0.7505390644073486,false,5
7697,0.26468933484523427,0.2720227539539337,0.2725087106227875,false,2
7699,0.43408339423854037,0.5005428791046143,0.49972453713417053,false,3
7702,0.18957742016496396,0.11838142573833466,0.0994001254439354,false,1
7703,0.20199949643913168,0.2318226397037506,0.22916117310523987,false,5
7705,0.4977711630579,0.5333811044692993,0.5396474599838257,false,3
7706,0.4417257687647308,0.5002591013908386,0.6111263632774353,false,1
7707,0.3825132384846471,0.5082927346229553,0.5041112303733826,false,2
7708,0.47983944504111675,0.6209766268730164,0.6301677823066711,false,5
7709,0.4630235276316764,0.564214825630188,0.5731472969055176,false,4
7710,0.23820909497245588,0.25983282923698425,0.27018487453460693,false,3
7713,0.35790455914359853,0.3076564073562622,0.3092959225177765,false,4
7715,0.6852042739579338,0.7258878350257874,0.74321049451828,false,4
7716,0.38329438476645694,0.43594124913215637,0.4322581887245178,false,5
7718,0.3090397626679253,0.35110238194465637,0.33185669779777527,false,1
7722,0.375582288424444,0.4829046428203583,0.48072054982185364,false,3
7723,0.45093126846767434,0.4877977967262268,0.4709779918193817,false,4
7726,0.605322946327358,0.6588289141654968,0.6543513536453247,false,1
7727,0.5744160738542243,0.5889275074005127,0.6005017161369324,false,4
7728,0.3575307650650146,0.3927927613258362,0.34230929613113403,false,1
7729,0.3163766170943777,0.34457266330718994,0.33827850222587585,false,3
7730,0.22378995250600003,0.3269100487232208,0.31925106048583984,false,5
7732,0.25535265096848075,0.2334444522857666,0.26226547360420227,false,4
7734,0.195226193297325,0.22492103278636932,0.2375982105731964,false,4
7737,0.18560585374967997,0.1577644795179367,0.15922582149505615,false,1
7738,0.4149999626943477,0.5308774709701538,0.5355272889137268,false,3
7741,0.1407208841485518,0.3149985074996948,0.29155972599983215,false,4
7742,0.4150573504754808,0.43594124913215637,0.43475058674812317,false,5
7743,0.42005568513403163,0.6850122809410095,0.690315306186676,false,3
7744,0.6105025986325611,0.6514517068862915,0.6488380432128906,false,3
7747,0.05213501666462192,0.13089364767074585,0.1275033950805664,false,4
7748,0.32404752683026694,0.4856015741825104,0.48049288988113403,false,3
7749,0.22810795088219168,0.25983282923698425,0.27018487453460693,false,3
7750,0.8203358867551076,0.7454296946525574,0.7284958362579346,false,1
7754,0.22420886533902784,0.2777857482433319,0.27372506260871887,false,5
7755,0.4665856166048936,0.46390241384506226,0.6402018070220947,false,1
7756,0.6047847494548354,0.7137670516967773,0.7106439471244812,false,5
7757,0.6288812515941955,0.7181053757667542,0.6976425647735596,false,1
7758,0.3015000176150101,0.4673980474472046,0.4683436453342438,false,3
7759,0.3715497687027342,0.4038706421852112,0.4002070128917694,false,5
7760,0.37327997199596263,0.42023834586143494,0.4240265190601349,false,2
7761,0.35709739907112265,0.4038706421852112,0.4002070128917694,false,5
7770,0.2896899672243843,0.37615683674812317,0.37752649188041687,false,5
7773,0.3664448593226413,0.4986569583415985,0.4507782459259033,false,1
7774,0.47141752631012346,0.5588263869285583,0.5571193695068359,false,5
7775,0.35434269851755446,0.27982041239738464,0.26548629999160767,false,1
7776,0.4553479694670894,0.5062445402145386,0.5029343366622925,false,1
7777,0.25728099108075214,0.28594639897346497,0.2906472682952881,false,5
7783,0.3429450920811215,0.5500144362449646,0.5649623870849609,false,4
7784,0.1632260876294567,0.19517672061920166,0.1818244308233261,false,1
7785,0.5275190059150948,0.5480194091796875,0.5682844519615173,false,1
7789,0.10980495688951572,0.1704266518354416,0.19903621077537537,false,4
7791,0.5168693150059436,0.5802757740020752,0.5756959319114685,false,2
7792,0.5168693150059436,0.5802757740020752,0.5756959319114685,false,2
7793,0.4243157020474698,0.44776076078414917,0.4503898322582245,false,5
7794,0.46248110445631996,0.4724196195602417,0.4750688970088959,false,5
7795,0.3968927849483142,0.5269604921340942,0.5273322463035583,false,3
7797,0.3375912043821755,0.48420557379722595,0.4834347367286682,false,3
7798,0.127754757489046,0.23179005086421967,0.23349836468696594,false,3
7799,0.19446522724582976,0.19834139943122864,0.2227855920791626,false,1
7803,0.3399301116544233,0.4898049831390381,0.4924185574054718,false,5
7805,0.834718771335603,0.8493380546569824,0.8318483233451843,false,4
7806,0.4570817545922691,0.462894469499588,0.43901950120925903,false,4
7807,0.25482326825744506,0.30661740899086,0.34005674719810486,false,4
7808,0.5585288411433343,0.6189996004104614,0.6184505820274353,false,2
7809,0.3902096933843807,0.3921732008457184,0.3926704525947571,false,5
7810,0.9283843926615356,0.9655696153640747,0.9600744247436523,false,4
7812,0.5863066874809797,0.5840051770210266,0.5817776918411255,false,3
7814,0.5951766275675162,0.6984907388687134,0.6899657845497131,false,4
7815,0.22701994052179159,0.34939518570899963,0.3360538184642792,false,1
7816,0.5924148737545353,0.6446663737297058,0.6468347311019897,false,5
7818,0.5157928991428452,0.5485848784446716,0.5444895625114441,false,3
7819,0.34261835057727485,0.43844175338745117,0.3754419982433319,false,1
7820,0.36399958794794185,0.3948090374469757,0.39186525344848633,false,3
7821,0.26491162210726477,0.4743501842021942,0.4837535619735718,false,3
7822,0.41213151065806114,0.4579278826713562,0.45637306571006775,false,2
7823,0.500468713619223,0.5639217495918274,0.5654255151748657,false,2
7824,0.37306428498300437,0.28920555114746094,0.2935207784175873,false,1
7825,0.4871841837687023,0.44377079606056213,0.4402536153793335,false,5
7826,0.3448154955265096,0.44517964124679565,0.4551115930080414,false,4
7827,0.6334182313707919,0.6199941039085388,0.6197198033332825,false,2
7828,0.594534841013721,0.656918466091156,0.6629682779312134,false,5
7829,0.5119647592164406,0.7554489374160767,0.7613422274589539,false,3
7830,0.5201264609456426,0.587654173374176,0.5839377641677856,false,2
7831,0.75049257871718,0.796252965927124,0.813742995262146,false,1
7832,0.6889546395894743,0.7769308686256409,0.7778042554855347,false,3
7833,0.46717226241401727,0.5647943615913391,0.5671933889389038,false,5
7834,0.42402581033624726,0.3838210105895996,0.38071590662002563,false,1
7835,0.5849713092611998,0.5928914546966553,0.5968593955039978,false,5
7836,0.49643121037307375,0.5000984072685242,0.5032854080200195,false,2
7837,0.3201092140299638,0.36657196283340454,0.36782190203666687,false,4
7838,0.38044218226791876,0.4055491089820862,0.40188056230545044,false,5
7839,0.2089491814069958,0.25030606985092163,0.24382713437080383,false,5
7840,0.4099048532554441,0.46373140811920166,0.4639130234718323,false,3
7841,0.23378891916835165,0.21896009147167206,0.21726872026920319,false,2
7842,0.2136670600298781,0.19419878721237183,0.20235159993171692,false,4
7843,0.1778706192358366,0.47887271642684937,0.4586053788661957,false,4
7844,0.3715942701574266,0.3757825195789337,0.37599509954452515,false,5
7845,0.6289317022274806,0.6436892151832581,0.6470872759819031,false,5
7846,0.2136670600298781,0.19419878721237183,0.20235159993171692,false,4
7847,0.23252816138110258,0.2762949466705322,0.26435762643814087,false,4
7849,0.28175987087331944,0.3483436107635498,0.34534919261932373,false,2
7850,0.20856043803547675,0.3601391613483429,0.38702064752578735,false,4
7851,0.398164183900307,0.3982827663421631,0.445056289434433,false,4
7853,0.20975643240058872,0.3775499761104584,0.36954057216644287,false,4
7854,0.3009291288309663,0.3110950291156769,0.29189977049827576,false,4
7855,0.3584797092293052,0.38572490215301514,0.3786860406398773,false,4
7856,0.3282891009299947,0.29797518253326416,0.29583922028541565,false,5
7857,0.2118580446389089,0.187041237950325,0.1584838628768921,false,1
7858,0.6678832735158134,0.6074260473251343,0.7011175751686096,false,4
7860,0.09557807903063904,0.21764889359474182,0.2162281721830368,false,3
7861,0.4882941536265043,0.44193413853645325,0.43910208344459534,false,3
7862,0.19933071040978356,0.33092042803764343,0.34458285570144653,false,3
7863,0.5437120065091426,0.6069237589836121,0.6038516759872437,false,4
7864,0.4758488677845479,0.5523420572280884,0.5924732089042664,false,1
7865,0.6058773390969533,0.5546748638153076,0.6210374236106873,false,1
7866,0.5359796603612882,0.5267212390899658,0.5403116941452026,false,4
7867,0.5624902742689774,0.5583887100219727,0.5646790862083435,false,1
7868,0.27299551332740185,0.3329758644104004,0.3241156339645386,false,4
7869,0.3180763824914218,0.3453254699707031,0.35536473989486694,false,1
7870,0.4140751385557129,0.44193747639656067,0.4771715998649597,false,4
7871,0.06561282467532466,0.09041520208120346,0.09262239187955856,false,4
7872,0.3946329108266168,0.3148469030857086,0.38311439752578735,false,1
7873,0.3452115228182906,0.4014144837856293,0.3638371229171753,false,1
7874,0.3781483000344606,0.36635905504226685,0.36839330196380615,false,2
7875,0.1045120653714004,0.2625700533390045,0.2478564977645874,false,4
7876,0.37074247961659446,0.43594124913215637,0.4322581887245178,false,5
7877,0.2614119128587185,0.30890655517578125,0.31081128120422363,false,5
7878,0.3578904453483811,0.3745165467262268,0.37419724464416504,false,2
7879,0.19433036965112788,0.299539178609848,0.298709899187088,false,3
7880,0.20848923753354398,0.2677497863769531,0.2609395682811737,false,5
7881,0.3172725951270144,0.3482324779033661,0.345867782831192,false,2
7882,0.16486436020339404,0.2011571079492569,0.12186456471681595,false,1
7883,0.27153677442963053,0.23452989757061005,0.23392777144908905,false,2
7885,0.4035021605549219,0.45407938957214355,0.4741126000881195,false,1
7886,0.6597609029297747,0.5475172400474548,0.6135183572769165,false,1
7887,0.19860350064955465,0.3651457130908966,0.36154887080192566,false,3
7888,0.4752796068938466,0.47740665078163147,0.4703960120677948,false,5
7889,0.23610978479961178,0.21555082499980927,0.156349778175354,false,1
7890,0.22454355689109295,0.2907658517360687,0.2875318229198456,false,3
7891,0.3843527238283337,0.4050566554069519,0.40706732869148254,false,2
7892,0.5299963919728128,0.5951637625694275,0.5961129665374756,false,5
7893,0.16908121067099396,0.22885416448116302,0.2133401483297348,false,4
7894,0.26548905776662707,0.4120424687862396,0.41032272577285767,false,3
7895,0.4113126171522116,0.4811100661754608,0.4792523682117462,false,2
7896,0.15672321068516396,0.23634925484657288,0.23411400616168976,false,5
7897,0.2694339006260789,0.36093682050704956,0.3705146014690399,false,3
7899,0.3974719104198996,0.47387808561325073,0.46495142579078674,false,4
7900,0.22711437415891544,0.34859514236450195,0.34825780987739563,false,5
7901,0.243676265490922,0.2818630337715149,0.19695143401622772,false,1
7902,0.23978313587235214,0.37683069705963135,0.3784533739089966,false,3
7903,0.4830808281823036,0.5389453768730164,0.5376245975494385,false,2
7904,0.3135872866560503,0.373164564371109,0.3732573390007019,false,2
7905,0.29622325624944457,0.3509390354156494,0.34943804144859314,false,5
7906,0.18735937078179887,0.1783570796251297,0.18428418040275574,false,1
7907,0.24331220965219363,0.2654755413532257,0.2671259045600891,false,5
7910,0.4043725060396392,0.43020474910736084,0.4325190782546997,false,5
7911,0.5369512891163457,0.6574941873550415,0.6505235433578491,false,2
7912,0.45831504994166394,0.562029242515564,0.5415835976600647,false,5
7913,0.24113038185511748,0.2089110165834427,0.22684930264949799,false,1
7915,0.25511503726175233,0.1944122314453125,0.1906306892633438,false,1
7916,0.36013603211190703,0.3853245973587036,0.38105085492134094,false,2
7917,0.2072610626986571,0.2369302660226822,0.2408936768770218,false,2
7918,0.4306207004709988,0.4337615370750427,0.4352724850177765,false,2
7919,0.38558427389872896,0.43857938051223755,0.4343484938144684,false,2
7920,0.4255159709136728,0.38827866315841675,0.3827510476112366,false,5
7921,0.2474173263653933,0.2582840621471405,0.2581334710121155,false,5
7922,0.3595324830735875,0.4006637930870056,0.4014852046966553,false,5
7923,0.3975905886447649,0.4668985903263092,0.46630626916885376,false,2
7924,0.3135692967276096,0.365140438079834,0.3623160421848297,false,3
7925,0.20384319831084144,0.1588289588689804,0.1853221356868744,false,1
7926,0.22128042458441172,0.30536070466041565,0.30725327134132385,false,5
7927,0.07245726580464543,0.21109619736671448,0.20962372422218323,false,3
7928,0.321883329327341,0.24754765629768372,0.2737879157066345,false,4
7929,0.3962924143574859,0.3603270947933197,0.3652116656303406,false,1
7930,0.24963622750946232,0.3679655194282532,0.3557961881160736,false,1
7931,0.22330689048078592,0.2677497863769531,0.26500511169433594,false,5
7932,0.20175816136376998,0.23589305579662323,0.24212224781513214,false,1
7933,0.3549638634328127,0.6031553745269775,0.6052089929580688,false,3
7934,0.23747793439850143,0.27534398436546326,0.28260618448257446,false,2
7935,0.28361538398938413,0.29134631156921387,0.32149046659469604,false,1
7937,0.4888220158367604,0.6360241174697876,0.643696665763855,false,4
7938,0.45349154141283354,0.5707835555076599,0.5689386129379272,false,3
7939,0.07844319244996491,0.20650483667850494,0.2093624621629715,false,4
7940,0.33355218163439915,0.35013556480407715,0.3471197783946991,false,2
7941,0.38738528843107184,0.44105803966522217,0.4534485638141632,false,3
7943,0.046085962648462646,0.14359228312969208,0.16901978850364685,false,4
7944,0.49846999605118575,0.532447338104248,0.5300585031509399,false,2
7945,0.3460047271321621,0.4601307213306427,0.4597617983818054,false,3
7946,0.34913264988010745,0.38936540484428406,0.4165264964103699,false,4
7947,0.24092037161961347,0.34995535016059875,0.34921059012413025,false,3
7948,0.4656954495472606,0.4237785041332245,0.4219697415828705,false,1
7949,0.7406727083984157,0.7848392128944397,0.7855817079544067,false,5
7950,0.1270465560841612,0.22101610898971558,0.21498017013072968,false,3
7951,0.33494590741775554,0.3604300320148468,0.3563857674598694,false,2
7952,0.21379475953487026,0.33899593353271484,0.34096789360046387,false,3
7953,0.33638925530862707,0.30785587430000305,0.30679434537887573,false,3
7954,0.2599635627800496,0.3086225688457489,0.2844844460487366,false,1
7955,0.28014057046601937,0.3187192380428314,0.3188510537147522,false,2
7956,0.2167512599285819,0.3947642743587494,0.3753155469894409,false,4
7957,0.28719727074022794,0.3837094306945801,0.3975387513637543,false,1
7958,0.28719727074022794,0.3837094306945801,0.3975387513637543,false,1
7959,0.2905023208609421,0.5193054676055908,0.5163050889968872,false,3
7960,0.5260537232490442,0.46922025084495544,0.4532887935638428,false,1
7961,0.8573306359810328,0.8912997841835022,0.8889132142066956,false,3
7962,0.18272966524515344,0.136424258351326,0.13234440982341766,false,1
7963,0.6467931350424447,0.6740904450416565,0.6928392052650452,false,4
7964,0.2083088361129061,0.2383955717086792,0.2554628252983093,false,1
7967,0.38169607156575375,0.6684790253639221,0.65744948387146,false,2
7968,0.49265313014777606,0.5266813039779663,0.3997954726219177,false,1
7969,0.54186347349535,0.5073162913322449,0.5734637975692749,false,1
7970,0.52369989428674,0.6312602162361145,0.632255494594574,false,2
7971,0.6481752013908539,0.7080782055854797,0.709374725818634,false,3
7972,0.5229330545854323,0.5714302659034729,0.5768874883651733,false,5
7973,0.7472576481587577,0.7703091502189636,0.788690984249115,false,4
7974,0.44776062316569337,0.4805992543697357,0.46001484990119934,false,1
7975,0.385548153506041,0.4342353940010071,0.43143922090530396,false,2
7976,0.17712470566392205,0.16493238508701324,0.17708748579025269,false,1
7977,0.2871259961802071,0.2797374725341797,0.2795618772506714,false,5
7979,0.35150408573191866,0.37564489245414734,0.37565332651138306,false,2
7980,0.30214205967536245,0.2506669759750366,0.23795469105243683,false,1
7981,0.3209706092941393,0.3275454342365265,0.33628198504447937,false,5
7982,0.2116613969180936,0.3048357665538788,0.30474817752838135,false,4
7983,0.6165874355644472,0.6657216548919678,0.6688733100891113,false,3
7984,0.21184455538441616,0.1640140414237976,0.17924180626869202,false,4
7985,0.20799107039725104,0.2549508512020111,0.25352510809898376,false,2
7986,0.30366595111544803,0.2793596684932709,0.30131441354751587,false,4
7987,0.1523491189556693,0.190866157412529,0.17774514853954315,false,4
7988,0.2800016485616922,0.32500946521759033,0.32213521003723145,false,5
7989,0.24765942312172853,0.2496834248304367,0.2497364729642868,false,3
7990,0.352798835290449,0.23023748397827148,0.25625938177108765,false,1
7991,0.24593528901038247,0.29334405064582825,0.2947401702404022,false,5
7992,0.2594459713844673,0.3109927177429199,0.3095957934856415,false,5
7993,0.1512046827141614,0.207601398229599,0.2085806429386139,false,2
7994,0.24980433040091232,0.2282157838344574,0.2249278873205185,false,2
7995,0.28030905097503533,0.3399465084075928,0.33951178193092346,false,3
7996,0.6893183826243698,0.7969616651535034,0.6864945888519287,false,1
7997,0.40256102952058825,0.5371787548065186,0.49609386920928955,false,4
7998,0.11083401459902509,0.19849266111850739,0.19647756218910217,false,3
7999,0.25429518443406596,0.25030606985092163,0.24771541357040405,false,5
8000,0.24680421288206283,0.24796399474143982,0.2474944293498993,false,2
8001,0.19818254883983233,0.17499130964279175,0.21921955049037933,false,1
8002,0.5432790837502894,0.5247633457183838,0.45090970396995544,false,1
8003,0.555884863796172,0.5039382576942444,0.5047893524169922,false,1
8004,0.10856812011088325,0.30012497305870056,0.2969106137752533,false,4
8005,0.28832527231350796,0.2518938183784485,0.24702607095241547,false,3
8006,0.41804715353355865,0.4178979992866516,0.4143364727497101,false,3
8007,0.5873054527851147,0.6970961093902588,0.6956291794776917,false,5
8008,0.44048619380368675,0.31162744760513306,0.3096790015697479,false,4
8009,0.61241523137255,0.6005377769470215,0.6011808514595032,false,5
8010,0.2811577529840717,0.26328855752944946,0.25883978605270386,false,1
8011,0.24432573060242427,0.24050076305866241,0.2406463474035263,false,2
8012,0.28183187171228485,0.25641512870788574,0.25912854075431824,false,1
8014,0.21903004746192628,0.25030606985092163,0.24771541357040405,false,5
8016,0.2118880082619831,0.2846909165382385,0.30954229831695557,false,1
8017,0.3835152652157629,0.5885862112045288,0.5725792050361633,false,3
8019,0.18303152609194823,0.2622663974761963,0.26416122913360596,false,3
8020,0.3914733532767039,0.2950926423072815,0.29949426651000977,false,3
8021,0.33256803025520887,0.38428470492362976,0.3808726668357849,false,5
8026,0.26754714194367835,0.4408385753631592,0.4361862242221832,false,3
8027,0.3465338665251006,0.3453480005264282,0.3451411724090576,false,5
8028,0.31785754472467004,0.3449293076992035,0.3438972234725952,false,2
8029,0.37909586456587496,0.4437882602214813,0.4319019913673401,false,5
8031,0.3274016226652576,0.4766055643558502,0.47423312067985535,false,2
8032,0.20685176156265633,0.2677497863769531,0.26500511169433594,false,5
8033,0.60399956943632,0.6810162663459778,0.6969088912010193,false,3
8034,0.23639309633665184,0.30536070466041565,0.30725327134132385,false,5
8035,0.2874226865588312,0.33088138699531555,0.3290858268737793,false,2
8036,0.2692002845632622,0.22641092538833618,0.21649864315986633,false,2
8037,0.3162312612876348,0.3449293076992035,0.3438972234725952,false,2
8038,0.25749289067689934,0.22564424574375153,0.22503364086151123,false,2
8039,0.3175019512618591,0.33807143568992615,0.3375696837902069,false,2
8040,0.3380515783894258,0.31829652190208435,0.3179067373275757,false,3
8041,0.4570481257850973,0.5005304217338562,0.5407060384750366,false,4
8042,0.19036426024712638,0.17339685559272766,0.1780497282743454,false,4
8043,0.2354073737994094,0.2301606982946396,0.2287447303533554,false,2
8045,0.12327164835121168,0.2174113243818283,0.2152378410100937,false,3
8046,0.5917898940462922,0.6413590312004089,0.6382346749305725,false,3
8047,0.3567200218633603,0.435472697019577,0.435576856136322,false,2
8048,0.36437094470136977,0.4838297963142395,0.4788368046283722,false,2
8049,0.3468264259634493,0.35000285506248474,0.3530704081058502,false,5
8050,0.2501745220583938,0.2530590891838074,0.25509175658226013,false,5
8051,0.254606959889382,0.25030606985092163,0.24975767731666565,false,5
8052,0.5974574723345042,0.439177542924881,0.430304616689682,false,4
8053,0.28044547319120444,0.31882745027542114,0.3208467960357666,false,2
8054,0.4237586315459451,0.4426029324531555,0.43883928656578064,false,5
8055,0.19708916953489616,0.10684696584939957,0.11389932781457901,false,5
8056,0.1848326323083327,0.24796399474143982,0.24655331671237946,false,2
8057,0.6383524968313378,0.6526051163673401,0.6546197533607483,false,2
8058,0.6485327002460346,0.6664277911186218,0.6684030890464783,false,2
8059,0.5221728847603508,0.6564694046974182,0.6538733839988708,false,3
8060,0.6548361217467815,0.6731554865837097,0.6750653982162476,false,2
8061,0.6279724483437998,0.6584330201148987,0.6582832932472229,false,5
8062,0.6725215751299103,0.62968510389328,0.6334511637687683,false,4
8063,0.4998405544010779,0.5864436030387878,0.5886535048484802,false,5
8064,0.7852465914128851,0.7377139925956726,0.7667140960693359,false,1
8065,0.42645989823872965,0.5455482602119446,0.5591185688972473,false,4
8066,0.23039223653390256,0.25377318263053894,0.2538268268108368,false,3
8068,0.2249103113618981,0.2129189521074295,0.2024608701467514,false,4
8069,0.34550610314109353,0.38679346442222595,0.3854512572288513,false,5
8070,0.3734649947846346,0.36791232228279114,0.36769962310791016,false,5
8072,0.3868858385544572,0.21235552430152893,0.24253526329994202,false,1
8079,0.24897539597914992,0.290121853351593,0.29569879174232483,false,4
8080,0.2924817055299286,0.20654168725013733,0.21353857219219208,false,4
8081,0.6679067798564284,0.5787050127983093,0.5772656202316284,false,4
8082,0.7428832820208587,0.7340355515480042,0.7900826930999756,false,1
8083,0.6254328260628594,0.5854257941246033,0.5752016305923462,false,1
8084,0.5098058034999429,0.6191948056221008,0.6206230521202087,false,4
8085,0.5601278490793983,0.605693519115448,0.6046447157859802,false,2
8086,0.1795458552100405,0.12186344712972641,0.13480441272258759,false,1
8087,0.15178108492814377,0.3684200644493103,0.3611423075199127,false,4
8088,0.19720384738172803,0.21958322823047638,0.22405993938446045,false,3
8089,0.6725787086866386,0.8130249977111816,0.8116183280944824,false,2
8090,0.5293808829897164,0.6685760617256165,0.6971117258071899,false,4
8091,0.3435387929190077,0.26272886991500854,0.22767241299152374,false,1
8092,0.34378056623404474,0.38866743445396423,0.3675830364227295,false,1
8093,0.33485095739645176,0.4110147953033447,0.5158083438873291,false,1
8094,0.4461847215412053,0.47983506321907043,0.4754301905632019,false,5
8095,0.30369009856966644,0.3571872413158417,0.3562278151512146,false,2
8096,0.6054671498813713,0.6340763568878174,0.6551666259765625,false,1
8097,0.47067533207414336,0.4442901313304901,0.40951257944107056,false,1
8098,0.3187151736193059,0.3070216178894043,0.3068074584007263,false,5
8099,0.3936482870982534,0.3080473244190216,0.3164646029472351,false,4
8100,0.23563950999980401,0.18701688945293427,0.137617290019989,false,4
8102,0.6369609461928207,0.7562849521636963,0.754874050617218,false,5
8103,0.2595000150808676,0.25414344668388367,0.25397008657455444,false,5
8104,0.5565803233820125,0.4215923547744751,0.4231928288936615,false,3
8105,0.15579115635884677,0.2491471767425537,0.25279971957206726,false,3
8106,0.2184577358329644,0.17379000782966614,0.18992486596107483,false,1
8107,0.2184577358329644,0.17379000782966614,0.18992486596107483,false,1
8108,0.238750463931169,0.25324496626853943,0.2507232427597046,false,5
8109,0.38023468902886615,0.38500410318374634,0.37300604581832886,false,3
8111,0.32207852123479513,0.3178388774394989,0.32629287242889404,false,1
8112,0.2702424064185955,0.36934682726860046,0.3682043254375458,false,5
8113,0.31871939115683345,0.4100714921951294,0.4111831486225128,false,3
8114,0.24600771573280117,0.36181211471557617,0.357724130153656,false,2
8115,0.17540379222171015,0.30633094906806946,0.30305215716362,false,4
8116,0.3127564369755839,0.4187352955341339,0.41984206438064575,false,3
8117,0.3769147484585871,0.5345683097839355,0.5368034839630127,false,3
8118,0.17540379222171015,0.30633094906806946,0.30305215716362,false,4
8119,0.43131735324770043,0.30371376872062683,0.3597327172756195,false,4
8120,0.21126674681838867,0.19853776693344116,0.17420119047164917,false,1
8121,0.13682919971039165,0.2171637862920761,0.2205728143453598,false,4
8122,0.584965937483274,0.65404212474823,0.6596556901931763,false,4
8123,0.31774624883218855,0.3550872206687927,0.35695692896842957,false,2
8124,0.3032520456589072,0.4832841157913208,0.49012741446495056,false,3
8125,0.057524753024753024,0.24547915160655975,0.25968658924102783,false,4
8126,0.3240396743297169,0.35316428542137146,0.3514825105667114,false,3
8127,0.22926753383215026,0.3463056683540344,0.337787002325058,false,3
8128,0.3247497574537821,0.4042269289493561,0.4032706618309021,false,2
8129,0.23128517940629625,0.17077535390853882,0.17748354375362396,false,5
8130,0.26495823366106563,0.39313921332359314,0.39245161414146423,false,3
8131,0.40373091004329986,0.5136604905128479,0.5154861807823181,false,2
8132,0.20736755738671372,0.3190176486968994,0.29825034737586975,false,4
8133,0.234210834214547,0.25414344668388367,0.25397008657455444,false,5
8134,0.17696992257956373,0.23292888700962067,0.23305656015872955,false,2
8135,0.1717097652164619,0.23924900591373444,0.2487478107213974,false,4
8137,0.18520469292094904,0.3293955326080322,0.3236251175403595,false,3
8138,0.2631555830334511,0.22330310940742493,0.21725738048553467,false,1
8139,0.1847677867362421,0.299539178609848,0.298709899187088,false,3
8145,0.5069464717413132,0.6148340702056885,0.6190651655197144,false,3
8146,0.11992174941072004,0.06790348142385483,0.0779668390750885,false,4
8147,0.11822454302702987,0.21234485507011414,0.21179808676242828,false,3
8148,0.3522314924562333,0.4808260202407837,0.48887374997138977,false,4
8149,0.4290296558379484,0.42884203791618347,0.42796868085861206,false,3
8150,0.3298592321734538,0.34644269943237305,0.3453364670276642,false,5
8151,0.8506982950002314,0.8047350645065308,0.7995028495788574,false,4
8152,0.31325447333709255,0.33791688084602356,0.33524951338768005,false,5
8153,0.2578088284823153,0.39201563596725464,0.39292317628860474,false,3
8154,0.16715202135994564,0.17967814207077026,0.1764218509197235,false,5
8155,0.22579171215696917,0.24057023227214813,0.240688294172287,false,2
8156,0.19971844179074869,0.2405012547969818,0.22640608251094818,false,2
8157,0.5557983840811134,0.667312502861023,0.6581936478614807,false,1
8158,0.1847993130880128,0.20738576352596283,0.2343403398990631,false,4
8159,0.22159416926242861,0.22475837171077728,0.2238038331270218,false,2
8161,0.2264367790150063,0.27311187982559204,0.2827528119087219,false,2
8163,0.19558104211342203,0.19438235461711884,0.20009055733680725,false,2
8164,0.7795379668016733,0.8293535709381104,0.8290727734565735,false,4
8165,0.2023483440624438,0.2169134020805359,0.2237253338098526,false,1
8167,0.40546025698869537,0.404483437538147,0.35574784874916077,false,1
8168,0.17911942329336064,0.17142347991466522,0.16830873489379883,false,5
8169,0.10494570116964134,0.2838619649410248,0.2881797254085541,false,3
8170,0.2570225607995682,0.29646873474121094,0.2936842441558838,false,2
8171,0.22502170947278916,0.20933867990970612,0.21032391488552094,false,2
8172,0.26352739973884853,0.29646873474121094,0.2936842441558838,false,2
8173,0.485533066731493,0.42110970616340637,0.42188161611557007,false,3
8174,0.485533066731493,0.42110970616340637,0.42188161611557007,false,3
8175,0.36569782258498873,0.3896057903766632,0.3976424038410187,false,1
8176,0.4518486893158796,0.5059126615524292,0.5014992356300354,false,5
8177,0.26660419130730184,0.468375027179718,0.46259748935699463,false,3
8178,0.34833234194248375,0.2660907506942749,0.27353155612945557,false,3
8179,0.17624600317982664,0.3454752266407013,0.34942442178726196,false,4
8180,0.4053528690920918,0.41012030839920044,0.40975499153137207,false,2
8181,0.23256288259458305,0.33596786856651306,0.33125701546669006,false,4
8182,0.3509578960345589,0.49597272276878357,0.4953812062740326,false,3
8183,0.35311463662302167,0.37520402669906616,0.38063403964042664,false,2
8184,0.3248244082079323,0.3150287866592407,0.312308132648468,false,2
8185,0.1964087431830146,0.28486186265945435,0.2798783779144287,false,4
8187,0.445271264409148,0.6341797709465027,0.636006236076355,false,3
8188,0.3520433582731993,0.3411957323551178,0.3375985324382782,false,2
8189,0.4415431012633313,0.45545971393585205,0.46057817339897156,false,3
8190,0.4999058643333527,0.5643076300621033,0.5559351444244385,false,5
8191,0.20122094499068185,0.331847608089447,0.3320641815662384,false,4
8193,0.29715398692822625,0.3174222409725189,0.326555997133255,false,2
8194,0.41484864216307704,0.5941625833511353,0.5927399396896362,false,4
8195,0.7230797349501746,0.8212761282920837,0.8159193396568298,false,2
8196,0.5646816212053389,0.5617538094520569,0.538367509841919,false,1
8197,0.2801413526441838,0.2898608446121216,0.2973353862762451,false,3
8198,0.564973766877289,0.5893591642379761,0.5955407619476318,false,5
8199,0.5645926820314285,0.6661677360534668,0.6456484198570251,false,4
8200,0.3707958934992913,0.5327163338661194,0.5362886786460876,false,4
8201,0.7146232049684061,0.7150352001190186,0.732708752155304,false,4
8202,0.45213463316478913,0.5332396030426025,0.4883818030357361,false,1
8203,0.48183510445952393,0.6713806390762329,0.6877365112304688,false,4
8204,0.04085939973768921,0.09905925393104553,0.10320068895816803,false,4
8205,0.4425570923314733,0.6172642111778259,0.6061963438987732,false,5
8206,0.44572113931107554,0.6172642111778259,0.6061963438987732,false,5
8207,0.3325129563633819,0.3719102442264557,0.3800041973590851,false,4
8208,0.1480264032881059,0.2520045042037964,0.24997413158416748,false,3
8210,0.3163670396994642,0.2994188070297241,0.3016188442707062,false,2
8211,0.24384482166964852,0.302536278963089,0.30367448925971985,false,2
8212,0.2846314752927169,0.30012691020965576,0.30223193764686584,false,2
8213,0.24021108496200255,0.2697441279888153,0.26448893547058105,false,5
8214,0.21015011638115397,0.2300194352865219,0.23027877509593964,false,3
8215,0.10554238163796986,0.21862468123435974,0.22777201235294342,false,4
8216,0.20336874180047956,0.21044109761714935,0.25748002529144287,false,1
8217,0.16884113712718934,0.23170733451843262,0.23118707537651062,false,5
8218,0.22500167713169927,0.2785242795944214,0.273017019033432,false,5
8219,0.17563574211735972,0.234111487865448,0.24699079990386963,false,4
8220,0.24570704140630611,0.3095044791698456,0.3283788859844208,false,4
8221,0.3952251004336971,0.3421086370944977,0.3430873453617096,false,4
8222,0.3237021184439916,0.4462473690509796,0.4338976740837097,false,4
8223,0.36636987906439217,0.35790491104125977,0.3566894829273224,false,2
8224,0.07919487554188072,0.2838619649410248,0.2881797254085541,false,3
8225,0.5754156807162576,0.589682936668396,0.6658976078033447,false,1
8226,0.5297957484147249,0.5867717862129211,0.5387213826179504,false,4
8227,0.5054546726412836,0.6656371355056763,0.6677451729774475,false,2
8228,0.5869746299335873,0.7640547752380371,0.7539873719215393,false,5
8229,0.5423869051015738,0.6042945384979248,0.6321974992752075,false,4
8230,0.5749362610002335,0.6192498803138733,0.5695146322250366,false,4
8231,0.7097463695469183,0.6969053149223328,0.7162565588951111,false,1
8232,0.6004250769389958,0.5575546622276306,0.5373135805130005,false,1
8233,0.2752988218474576,0.31874898076057434,0.32216715812683105,false,3
8234,0.3958205902674144,0.5383688807487488,0.5420846939086914,false,5
8236,0.3451822439999652,0.3953811824321747,0.3961426913738251,false,5
8237,0.46340450647249026,0.5022310614585876,0.5030860900878906,false,3
8238,0.18884040629919224,0.17298810184001923,0.17143511772155762,false,5
8239,0.3584159593374374,0.46136975288391113,0.44910678267478943,false,1
8240,0.3903916846995697,0.4539717435836792,0.4573901295661926,false,5
8241,0.4244713251395033,0.5064367055892944,0.49765753746032715,false,1
8242,0.41831249804683984,0.46865329146385193,0.47043243050575256,false,4
8244,0.21620832761917388,0.21488671004772186,0.22242198884487152,false,2
8245,0.15244065493330203,0.15272554755210876,0.1506895124912262,false,4
8246,0.45206728441494165,0.5546249151229858,0.5561337471008301,false,4
8247,0.24296104851267472,0.28711265325546265,0.26997995376586914,false,4
8248,0.2575944483150487,0.2705684304237366,0.2695097029209137,false,5
8249,0.43297474280965,0.20521123707294464,0.21603628993034363,false,4
8250,0.40159663382152616,0.5625604391098022,0.5356315970420837,false,4
8251,0.39671036873535953,0.31140372157096863,0.30792105197906494,false,4
8252,0.057166263195868455,0.16294431686401367,0.15890605747699738,false,3
8253,0.127477174360154,0.050210610032081604,0.0241450984030962,false,1
8254,0.2542792488363491,0.3022247552871704,0.29893958568573,false,2
8255,0.2709483949926104,0.410471647977829,0.41179755330085754,false,3
8256,0.4542167084147557,0.4966789782047272,0.4963076710700989,false,3
8257,0.6340925512515742,0.6070143580436707,0.6000218987464905,false,1
8259,0.12072223261349878,0.09136144071817398,0.0925515666604042,false,5
8260,0.05552376289431242,0.18595951795578003,0.20540927350521088,false,4
8261,0.1291728267647385,0.31676217913627625,0.3037562668323517,false,4
8262,0.32694375221760824,0.38672763109207153,0.38566672801971436,false,2
8263,0.22005685813154852,0.22083501517772675,0.2381785362958908,false,4
8264,0.34051636674702457,0.36769071221351624,0.36747804284095764,false,5
8265,0.3361926316539476,0.34834060072898865,0.3453364670276642,false,5
8266,0.3361926316539476,0.34834060072898865,0.3453364670276642,false,5
8267,0.4202239459503157,0.4196401834487915,0.4244798421859741,false,1
8268,0.3654242319285573,0.40234246850013733,0.4010516405105591,false,5
8269,0.34051636674702457,0.36769071221351624,0.36747804284095764,false,5
8270,0.4202239459503157,0.4196401834487915,0.4244798421859741,false,1
8271,0.19436516135223558,0.4034067690372467,0.4097885191440582,false,4
8272,0.3682054184025697,0.3093733489513397,0.2727581560611725,false,1
8273,0.6829469592599966,0.696600079536438,0.7020909786224365,false,5
8274,0.4900491899914863,0.4808254539966583,0.502364456653595,false,1
8275,0.7474414119971614,0.7292901277542114,0.7354106307029724,false,5
8276,0.39038240646902495,0.42337387800216675,0.40002888441085815,false,1
8277,0.509217059413436,0.5744953155517578,0.5752697587013245,false,4
8278,0.39038240646902495,0.42337387800216675,0.40002888441085815,false,1
8279,0.32165817185474244,0.20607411861419678,0.39593902230262756,false,1
8280,0.5360767006694959,0.42018336057662964,0.41974568367004395,false,3
8281,0.20482242427398994,0.22180621325969696,0.23511481285095215,false,1
8282,0.3850511269703386,0.33380433917045593,0.3523346483707428,false,1
8283,0.4176262991133094,0.3468238115310669,0.3438759744167328,false,4
8284,0.33392996546777665,0.36705875396728516,0.3657422959804535,false,2
8285,0.3788565361474074,0.41882604360580444,0.4340115487575531,false,1
8286,0.3990467814775574,0.4408702850341797,0.4421107769012451,false,5
8287,0.6706214519916527,0.669847846031189,0.6755683422088623,false,3
8288,0.6599563832195703,0.7505382895469666,0.7518988847732544,false,3
8289,0.8692323376867247,0.8224583268165588,0.8239707350730896,false,5
8290,0.4410846870121164,0.5651192665100098,0.5659621953964233,false,2
8291,0.238471595385179,0.46940988302230835,0.4909631311893463,false,4
8292,0.45372533532249937,0.6292986273765564,0.6230815649032593,false,5
8293,0.4190911086610456,0.6102702021598816,0.6127833127975464,false,3
8294,0.6275682226069895,0.5817983150482178,0.5706180334091187,false,1
8295,0.2560921706606657,0.2615721821784973,0.2552347183227539,false,1
8296,0.3433895586584773,0.3832491934299469,0.3853118121623993,false,2
8297,0.635245679703092,0.592366635799408,0.5952329039573669,false,2
8298,0.2626218703367857,0.23301437497138977,0.22967831790447235,false,2
8299,0.552386703807284,0.6027412414550781,0.6222855448722839,false,2
8300,0.5203704210960665,0.4364337623119354,0.4335773289203644,false,4
8301,0.8669716861368235,0.8509005308151245,0.8488562703132629,false,1
8302,0.55972723699843,0.5099457502365112,0.5743098855018616,false,1
8303,0.5351435141854731,0.5234118700027466,0.5232462882995605,false,5
8304,0.5721745394675766,0.6501457095146179,0.6179399490356445,false,4
8305,0.37882805102733036,0.5485877990722656,0.5480127334594727,false,3
8306,0.4055511595397845,0.4448752701282501,0.44565415382385254,false,2
8307,0.19421693493984515,0.2866540551185608,0.28117281198501587,false,4
8308,0.4170356989006158,0.475188285112381,0.4686048626899719,false,2
8309,0.4642169639802923,0.47420164942741394,0.47403475642204285,false,5
8310,0.043790175102675105,0.23052208125591278,0.24204182624816895,false,4
8311,0.30483844945271504,0.317062646150589,0.32749173045158386,false,2
8312,0.22522913705160152,0.2219715416431427,0.23419034481048584,false,2
8313,0.31584981470076073,0.31480178236961365,0.316659539937973,false,2
8314,0.3303664413914414,0.3617500066757202,0.33370834589004517,false,1
8315,0.3139041295036767,0.39023831486701965,0.38666006922721863,false,3
8316,0.23427679331942347,0.23660311102867126,0.23696820437908173,false,5
8318,0.3977868918476806,0.3690319359302521,0.3369547426700592,false,1
8319,0.4185713649283988,0.3828205168247223,0.38478025794029236,false,2
8320,0.6272510208668381,0.6626126766204834,0.6731776595115662,false,5
8321,0.48948486358042986,0.5036333799362183,0.5058923363685608,false,2
8322,0.752778121003421,0.7097858190536499,0.698945939540863,false,4
8323,0.7833596095591163,0.7692522406578064,0.8163865208625793,false,1
8324,0.16914444646692187,0.16384248435497284,0.16618581116199493,false,3
8325,0.33573116270742703,0.3176984190940857,0.32636144757270813,false,4
8326,0.11082783612817501,0.3168741464614868,0.3158058822154999,false,3
8327,0.15840775496610607,0.2084450125694275,0.20423513650894165,false,3
8328,0.1932461819567889,0.23292888700962067,0.23305656015872955,false,2
8329,0.2672364892201754,0.28852736949920654,0.27862685918807983,false,2
8330,0.2942457178872041,0.34038421511650085,0.35227635502815247,false,4
8331,0.2840548709735123,0.24620608985424042,0.24624495208263397,false,3
8332,0.2752694984712306,0.29625245928764343,0.2838132083415985,false,5
8333,0.2662574954327661,0.23621250689029694,0.23626357316970825,false,3
8334,0.25170583696059706,0.3347907066345215,0.3176456689834595,false,4
8335,0.6720420930601443,0.5946164131164551,0.6061741709709167,false,4
8336,0.3358675150489756,0.45550650358200073,0.4529210031032562,false,3
8337,0.21570431303919155,0.42938244342803955,0.4260093569755554,false,4
8338,0.21570431303919155,0.42938244342803955,0.4260093569755554,false,4
8340,0.3769837130496995,0.4332703948020935,0.4243529736995697,false,4
8341,0.45879336302922086,0.4869089126586914,0.48629385232925415,false,2
8342,0.3643459482024754,0.4165995717048645,0.4201372265815735,false,1
8343,0.3997455720731616,0.44438040256500244,0.4489479064941406,false,5
8344,0.4476975310576096,0.48304295539855957,0.4848102629184723,false,2
8345,0.3079293032792266,0.34805816411972046,0.30466988682746887,false,1
8346,0.4027722676617773,0.6018383502960205,0.6123057007789612,false,5
8347,0.5363897068710048,0.5827748775482178,0.5825223326683044,false,2
8348,0.5655933576442475,0.6843658089637756,0.6537079811096191,false,4
8349,0.3666969552871464,0.4066751301288605,0.4622657895088196,false,1
8350,0.28737103021247756,0.22687113285064697,0.29484671354293823,false,4
8351,0.542474461905419,0.5929528474807739,0.5917729139328003,false,3
8352,0.22204375126376472,0.3213876783847809,0.33354803919792175,false,3
8353,0.5522552532794129,0.5734056234359741,0.5518641471862793,false,4
8354,0.5040007272885348,0.5369059443473816,0.5347471237182617,false,2
8355,0.5905142704296064,0.572094738483429,0.5752300024032593,false,5
8356,0.3187649891530855,0.2586742043495178,0.2115199714899063,false,1
8357,0.2563776144903999,0.24348588287830353,0.24300110340118408,false,2
8358,0.4540042490673615,0.49668779969215393,0.49269816279411316,false,4
8359,0.21944308709265442,0.21380926668643951,0.215830460190773,false,5
8360,0.2896199917832668,0.41809892654418945,0.4212085008621216,false,3
8361,0.6054009123336169,0.5595481991767883,0.5630269050598145,false,4
8362,0.4407543344842878,0.5325945615768433,0.5226237773895264,false,4
8363,0.2625856064669683,0.28015831112861633,0.23508493602275848,false,1
8364,0.3587461763590927,0.3884243071079254,0.3838481307029724,false,5
8365,0.3957961197525704,0.35563719272613525,0.3607380986213684,false,2
8366,0.47011733413530427,0.5483180284500122,0.5481510758399963,false,2
8367,0.7406209419699747,0.7498202323913574,0.7386478781700134,false,3
8368,0.643409025312636,0.5334869027137756,0.5451814532279968,false,3
8369,0.5642187067842891,0.6010035276412964,0.597169816493988,false,2
8370,0.26417050997036073,0.27487796545028687,0.27383434772491455,false,5
8371,0.39256743133131344,0.40225183963775635,0.4022623300552368,false,2
8372,0.4739191225599979,0.6494290828704834,0.6329365372657776,false,4
8373,0.33462015895564035,0.3877045810222626,0.3906867802143097,false,3
8374,0.27184175307412545,0.27940893173217773,0.26939430832862854,false,1
8375,0.37574414407458057,0.5374482870101929,0.513900876045227,false,4
8376,0.4202739683796111,0.5830965638160706,0.5807477831840515,false,4
8377,0.36807278969913576,0.39338168501853943,0.3961426913738251,false,5
8378,0.39824648154426556,0.39606136083602905,0.40023139119148254,false,5
8383,0.19758720785917283,0.32199639081954956,0.31833621859550476,false,3
8384,0.2428063450181752,0.29158836603164673,0.29662004113197327,false,2
8385,0.2155044057107996,0.4203423857688904,0.4262867569923401,false,4
8386,0.3241811005665244,0.2837070822715759,0.31508561968803406,false,1
8390,0.3052048643107446,0.3507990837097168,0.34063735604286194,false,1
8391,0.49575519095500975,0.5821104049682617,0.529880166053772,false,1
8392,0.39004976492889837,0.42085063457489014,0.42048439383506775,false,5
8393,0.3835177289975823,0.3923684358596802,0.39905253052711487,false,2
8394,0.6018180905458512,0.5890575647354126,0.5977968573570251,false,2
8396,0.3365576951832771,0.357964426279068,0.35993674397468567,false,2
8397,0.4472761337715852,0.4343525767326355,0.4699305593967438,false,1
8399,0.4063049409629958,0.4741370975971222,0.4711589515209198,false,5
8400,0.20092783711673026,0.17883272469043732,0.17754419147968292,false,4
8401,0.45343450552853,0.5573377013206482,0.565746009349823,false,1
8403,0.20441049639677164,0.17583858966827393,0.17169421911239624,false,5
8405,0.3209323427095485,0.3453480005264282,0.3423561155796051,false,5
8406,0.24391509180777352,0.2549508512020111,0.25352510809898376,false,2
8407,0.4820113143701945,0.46419447660446167,0.45255449414253235,false,4
8408,0.08386100217478937,0.19906620681285858,0.21356713771820068,false,4
8409,0.3994776620429711,0.3757384121417999,0.37456074357032776,false,3
8410,0.3517726382406331,0.376107782125473,0.377615749835968,false,5
8411,0.4165467723809485,0.4015581011772156,0.400175005197525,false,5
8412,0.5429040257884261,0.5565054416656494,0.5608347654342651,false,3
8413,0.2940053284732341,0.3522888123989105,0.314511775970459,false,1
8414,0.5239532865301482,0.5174156427383423,0.516521692276001,false,5
8415,0.2403446687513145,0.33675268292427063,0.3387707769870758,false,3
8416,0.3348146703665008,0.5363647937774658,0.5496242642402649,false,4
8417,0.31679559470917995,0.27584975957870483,0.26370769739151,false,4
8418,0.28737103021247756,0.22687113285064697,0.29484671354293823,false,4
8419,0.3520718284258911,0.44082534313201904,0.4402559697628021,false,4
8420,0.5674885774176474,0.5758689641952515,0.5798124670982361,false,1
8421,0.27267144008845656,0.3747180700302124,0.3714635372161865,false,2
8422,0.32207036887944457,0.3856046795845032,0.4166361093521118,false,1
8423,0.4362962004365856,0.4288652539253235,0.4282270073890686,false,2
8424,0.27267144008845656,0.3747180700302124,0.3714635372161865,false,2
8425,0.37821807215323255,0.29885685443878174,0.31920528411865234,false,1
8426,0.45981580610683354,0.5285890698432922,0.5320228338241577,false,1
8427,0.24470058244595436,0.3695528209209442,0.36659857630729675,false,3
8428,0.4086957856622213,0.4583514928817749,0.457642138004303,false,2
8429,0.4026150041201346,0.4761365056037903,0.4771651327610016,false,3
8430,0.3084567420163536,0.5394591093063354,0.5420975089073181,false,3
8431,0.26768308339322655,0.2383263260126114,0.25861120223999023,false,1
8432,0.34880318086591233,0.3482983112335205,0.3491115868091583,false,5
8433,0.26339443424401465,0.33153489232063293,0.3344719111919403,false,3
8434,0.4225593062448383,0.417060911655426,0.3957691788673401,false,1
8435,0.2647486942816311,0.281057745218277,0.31787028908729553,false,4
8436,0.3758450672136784,0.39576956629753113,0.33277609944343567,false,1
8437,0.4331495927727324,0.46585768461227417,0.46605056524276733,false,5
8438,0.4769184878215533,0.4187471866607666,0.420794278383255,false,3
8439,0.34581077951036127,0.3953811824321747,0.3961426913738251,false,5
8440,0.34581077951036127,0.3953811824321747,0.3961426913738251,false,5
8441,0.2666785705462819,0.28625407814979553,0.2712646722793579,false,1
8442,0.3973849729815461,0.37488090991973877,0.37797075510025024,false,5
8443,0.3245140346404564,0.3790520429611206,0.37578412890434265,false,2
8444,0.18288528479242985,0.263959676027298,0.26465603709220886,false,3
8445,0.4644752066713413,0.45929670333862305,0.4613974392414093,false,2
8446,0.3908987634079668,0.3829677402973175,0.38448625802993774,false,5
8447,0.313023123364042,0.3431053161621094,0.28647443652153015,false,1
8448,0.7034319396776784,0.6283401250839233,0.6289361119270325,false,4
8449,0.4302715234407959,0.4510709047317505,0.4268288314342499,false,1
8450,0.41463704398653783,0.43850454688072205,0.4362127184867859,false,5
8451,0.24448654391579208,0.3884437084197998,0.39445364475250244,false,4
8452,0.3350661871874149,0.38951727747917175,0.39205408096313477,false,2
8453,0.5773369219625138,0.5991841554641724,0.5950518250465393,false,4
8454,0.12137660556826999,0.4469200372695923,0.4539022743701935,false,4
8455,0.6168048687801707,0.6286194324493408,0.630646824836731,false,2
8456,0.3860678404011374,0.3689436614513397,0.3337315618991852,false,4
8457,0.37807541660713156,0.5529804229736328,0.539065420627594,false,2
8458,0.24955725211732077,0.2981024980545044,0.3300241529941559,false,4
8459,0.3691769526871622,0.40996673703193665,0.41170185804367065,false,2
8460,0.29176928345848624,0.43196508288383484,0.3948102593421936,false,4
8461,0.544056833066043,0.5072043538093567,0.5237063765525818,false,4
8462,0.2752423269769107,0.28669801354408264,0.2921679615974426,false,5
8463,0.2960603061098502,0.36190128326416016,0.38651061058044434,false,4
8464,0.3807971310639698,0.3346706032752991,0.3427608907222748,false,5
8465,0.34476759841681287,0.17748646438121796,0.19942866265773773,false,1
8466,0.4911047187609482,0.48395851254463196,0.48217734694480896,false,3
8467,0.4648994894249012,0.4715713858604431,0.472034215927124,false,5
8468,0.4303179430433685,0.3800785541534424,0.39040666818618774,false,4
8469,0.5057418039198385,0.3543504476547241,0.3433624804019928,false,4
8471,0.27997727618217416,0.3766108751296997,0.43035611510276794,false,4
8472,0.3924927986065416,0.5214837789535522,0.49990251660346985,false,5
8474,0.31101714651266704,0.3838326036930084,0.3827747404575348,false,2
8475,0.3005456846021122,0.26392048597335815,0.29470887780189514,false,4
8476,0.39864400462305666,0.404715895652771,0.39644768834114075,false,5
8479,0.20385612519345575,0.1816987693309784,0.16078954935073853,false,1
8482,0.2833996469159168,0.4193906784057617,0.4137480556964874,false,5
8484,0.4282970261625188,0.42018336057662964,0.41974568367004395,false,3
8486,0.5722281568858469,0.5932963490486145,0.5998069047927856,false,3
8487,0.33947077454296726,0.32614022493362427,0.35399654507637024,false,1
8488,0.24284943384123409,0.2492397129535675,0.24646314978599548,false,2
8489,0.34755363844509163,0.38344401121139526,0.38323941826820374,false,5
8491,0.44863150481749764,0.49190855026245117,0.4913393259048462,false,2
8492,0.3785479455622781,0.4995526969432831,0.4991814196109772,false,3
8494,0.26710737856894345,0.37169283628463745,0.367402046918869,false,2
8495,0.2802261614621727,0.30855613946914673,0.30819615721702576,false,2
8497,0.15797112053192613,0.2192101627588272,0.22683674097061157,false,4
8498,0.5988637703772973,0.574533224105835,0.5750440359115601,false,1
8500,0.2494560692117474,0.2980588972568512,0.2956380844116211,false,2
8501,0.137398339975283,0.2012963742017746,0.20075036585330963,false,3
8502,0.3688255071427981,0.3814089298248291,0.3780682384967804,false,5
8503,0.21644134829339629,0.36325493454933167,0.35883039236068726,false,3
8504,0.21644134829339629,0.36325493454933167,0.35883039236068726,false,3
8505,0.2508884762757844,0.33775076270103455,0.3031689524650574,false,4
8506,0.3332290226196512,0.5611141324043274,0.580958366394043,false,4
8507,0.4490557985327703,0.49937212467193604,0.5224852561950684,false,1
8508,0.3711147943816618,0.38373029232025146,0.38343995809555054,false,3
8509,0.459856019329089,0.4628901779651642,0.46186065673828125,false,3
8510,0.428425287452422,0.3745441734790802,0.3733679950237274,false,3
8511,0.275471718835258,0.35513320565223694,0.35355502367019653,false,2
8512,0.4887881042004674,0.5453479886054993,0.533001184463501,false,1
8513,0.31083705125662975,0.3779100775718689,0.37359121441841125,false,2
8514,0.21613714209216717,0.21380926668643951,0.21230138838291168,false,5
8515,0.27966518402626567,0.28076332807540894,0.29764553904533386,false,1
8517,0.39635740655527324,0.39920344948768616,0.4013323187828064,false,5
8519,0.25481779678957134,0.3411722481250763,0.34318482875823975,false,3
8520,0.23266660512152237,0.30845728516578674,0.30786463618278503,false,3
8521,0.5246229929706749,0.5865596532821655,0.5886234641075134,false,5
8522,0.5786937032223508,0.6851761937141418,0.6771134734153748,false,1
8523,0.5651073309139573,0.5792320966720581,0.585955023765564,false,2
8524,0.3624255809353063,0.4079836308956146,0.4035447835922241,false,2
8526,0.5220395761480023,0.5809654593467712,0.5841495990753174,false,2
8529,0.5959883552180015,0.6496744751930237,0.6486448049545288,false,2
8530,0.3905107317456936,0.46173837780952454,0.4701032042503357,false,3
8531,0.30154692812779466,0.3186916410923004,0.31672385334968567,false,3
8532,0.30154692812779466,0.3186916410923004,0.31672385334968567,false,3
8533,0.35526413313128435,0.38549044728279114,0.38835716247558594,false,2
8534,0.2853313103829282,0.31684014201164246,0.3178408741950989,false,2
8535,0.2853313103829282,0.31684014201164246,0.3178408741950989,false,2
8536,0.1210416395609894,0.28225067257881165,0.28386908769607544,false,4
8537,0.1236773264145555,0.2662188410758972,0.25650686025619507,false,4
8538,0.17050740904705391,0.32199639081954956,0.31833621859550476,false,3
8539,0.5610058668320538,0.605693519115448,0.6046447157859802,false,2
8540,0.13073801440105787,0.4101827144622803,0.3997962176799774,false,4
8541,0.2180000243922458,0.27551960945129395,0.2454514056444168,false,4
8542,0.2887398932242642,0.322368323802948,0.3242819309234619,false,2
8543,0.1821785901139435,0.31804683804512024,0.31692081689834595,false,3
8544,0.4739191225599979,0.6494290828704834,0.6329365372657776,false,4
8545,0.10131581803272978,0.19610454142093658,0.19526225328445435,false,4
8546,0.4493259943960407,0.4592101275920868,0.419817715883255,false,4
8547,0.19932711844644765,0.19720901548862457,0.19578905403614044,false,5
8548,0.4483878915766819,0.45996397733688354,0.46126115322113037,false,2
8549,0.275471718835258,0.35513320565223694,0.35355502367019653,false,2
8550,0.3798277530400149,0.39213797450065613,0.38973233103752136,false,5
8551,0.5739859977562556,0.5460622906684875,0.5481376051902771,false,2
8552,0.5335561680127499,0.3469518721103668,0.3761834502220154,false,4
8553,0.3344735662051892,0.20175880193710327,0.23466216027736664,false,1
8554,0.5139903958076018,0.6715266108512878,0.6694657206535339,false,5
8555,0.6501861648594047,0.7188833355903625,0.7446035146713257,false,4
8556,0.29780737639319194,0.2711541950702667,0.2667641043663025,false,1
8557,0.29064245182921655,0.332711398601532,0.34276801347732544,false,4
8558,0.44660030841711795,0.4652473032474518,0.46442192792892456,false,5
8559,0.35065909560508024,0.39149022102355957,0.39718595147132874,false,2
8561,0.3152056368846408,0.34665733575820923,0.33968478441238403,false,4
8562,0.5052845143333693,0.5600395202636719,0.5578933358192444,false,2
8563,0.6485163961346708,0.7075948715209961,0.7480695247650146,false,1
8564,0.5981587051290691,0.4760645031929016,0.47239089012145996,false,3
8565,0.5679641894787141,0.4760645031929016,0.47239089012145996,false,3
8566,0.46796322190608264,0.5631911158561707,0.5480011701583862,false,1
8567,0.20552024991696682,0.19720901548862457,0.19578905403614044,false,5
8568,0.7295260111485034,0.7964762449264526,0.7917287945747375,false,2
8569,0.388754165061552,0.44129127264022827,0.4401291310787201,false,5
8570,0.3847849229193857,0.4376779794692993,0.4104658365249634,false,4
8571,0.31857304675141324,0.41500329971313477,0.4140433669090271,false,3
8572,0.464689150139581,0.6019799709320068,0.6047124266624451,false,4
8573,0.3031267402591705,0.34378018975257874,0.3352901339530945,false,3
8574,0.24356621205282739,0.30890655517578125,0.31081128120422363,false,5
8575,0.2053342196855451,0.35044625401496887,0.3454987704753876,false,3
8577,0.415510920453905,0.4303954243659973,0.42426738142967224,false,3
8578,0.411176886775092,0.4270556569099426,0.41768065094947815,false,1
8579,0.26322398852119344,0.38818442821502686,0.44331979751586914,false,1
8580,0.3361808679299893,0.46846166253089905,0.47684356570243835,false,3
8582,0.4663543382319425,0.47776541113853455,0.47582098841667175,false,5
8583,0.49942791784228824,0.4938619136810303,0.4931589365005493,false,2
8584,0.46479042201298043,0.5589710474014282,0.5813966989517212,false,1
8585,0.4410610051949918,0.38936784863471985,0.3883039951324463,false,2
8586,0.35772146183943043,0.32618311047554016,0.29341089725494385,false,1
8588,0.23083950755762228,0.1733923703432083,0.18346990644931793,false,4
8589,0.4934733429138182,0.45645859837532043,0.48424282670021057,false,4
8590,0.4388472682370934,0.45930150151252747,0.4599515199661255,false,2
8591,0.21635456405048994,0.22790122032165527,0.23185360431671143,false,5
8592,0.3313405765370583,0.3427206575870514,0.34514084458351135,false,5
8593,0.3290386988213539,0.397305428981781,0.39943090081214905,false,5
8594,0.3754970689713801,0.376107782125473,0.377615749835968,false,5
8595,0.5076724987006809,0.47921255230903625,0.48949185013771057,false,3
8596,0.6523916965118614,0.6032878756523132,0.589958131313324,false,1
8597,0.4845161497680486,0.5846755504608154,0.5728206634521484,false,5
8598,0.7982688400068051,0.7956236004829407,0.8247352242469788,false,1
8600,0.3649125628658186,0.39916932582855225,0.39596325159072876,false,2
8601,0.3366980482459275,0.36731410026550293,0.3710838854312897,false,2
8602,0.3807971310639698,0.3346706032752991,0.3427608907222748,false,5
8603,0.3881143429317239,0.33991023898124695,0.3480609655380249,false,5
8604,0.7131700640765356,0.6797431111335754,0.6400647163391113,false,1
8605,0.6229513651042603,0.515722930431366,0.5150911211967468,false,4
8607,0.3810030264169619,0.35446882247924805,0.365314245223999,false,1
8609,0.27062322103601877,0.27326634526252747,0.27978086471557617,false,5
8610,0.36587958076029364,0.5173463821411133,0.5160881280899048,false,2
8613,0.557379855354633,0.5214227437973022,0.5090166330337524,false,4
8614,0.6244091704831469,0.5854257941246033,0.5544971823692322,false,1
8615,0.419366194531639,0.4963283836841583,0.4920255243778229,false,4
8616,0.18313900901729846,0.250043660402298,0.24879199266433716,false,4
8617,0.3342069559989575,0.28697070479393005,0.28853052854537964,false,1
8618,0.29418698435856006,0.3351677358150482,0.3318175673484802,false,3
8619,0.41562051646974885,0.39425793290138245,0.39353492856025696,false,5
8620,0.4149212063938286,0.48765987157821655,0.4389133155345917,false,1
8621,0.30005634983989876,0.33052414655685425,0.32832270860671997,false,2
8622,0.6911864117608837,0.6514517068862915,0.6488380432128906,false,3
8623,0.5168760643102364,0.4062398672103882,0.4004662334918976,false,3
8624,0.33363095603009724,0.43125444650650024,0.42799827456474304,false,5
8625,0.380263173724958,0.27438682317733765,0.2692665755748749,false,5
8626,0.3386085567379096,0.4635505974292755,0.47046878933906555,false,3
8627,0.34409416575376844,0.41089221835136414,0.42113709449768066,false,4
8628,0.6426066300241053,0.7369163632392883,0.7364805340766907,false,1
8629,0.3938100365799198,0.4070923328399658,0.4471814036369324,false,1
8631,0.29419161421318557,0.45241379737854004,0.43998709321022034,false,2
8632,0.29642075047438043,0.45241379737854004,0.43998709321022034,false,2
8634,0.2494156504816889,0.46943557262420654,0.47267261147499084,false,3
8635,0.5583078492344726,0.4639113247394562,0.4674960970878601,false,3
8636,0.34533000553181425,0.34673330187797546,0.3437647521495819,false,5
8638,0.22378228456056892,0.23931382596492767,0.2420336902141571,false,2
8639,0.24529741723514126,0.2197139859199524,0.22303135693073273,false,3
8640,0.20261988090173413,0.2200961709022522,0.22280634939670563,false,5
8641,0.21620832761917388,0.21488671004772186,0.22242198884487152,false,2
8644,0.2579650508836409,0.3184802532196045,0.32289832830429077,false,2
8645,0.20142874336836003,0.08788461983203888,0.09066253900527954,false,1
8646,0.7496339681149946,0.8035016059875488,0.7792014479637146,false,1
8647,0.5889191109410413,0.6928223371505737,0.6969106793403625,false,2
8648,0.6321240463700396,0.6119178533554077,0.6499618887901306,false,1
8649,0.4682558404882369,0.4859856069087982,0.44650495052337646,false,1
8650,0.10326015958649645,0.23020324110984802,0.23088502883911133,false,3
8651,0.28387303935049085,0.312429279088974,0.32972025871276855,false,4
8652,0.7410056684590686,0.7876079082489014,0.7841857075691223,false,2
8653,0.23066062156174486,0.23987068235874176,0.23597340285778046,false,1
8654,0.3523422319111603,0.4069787263870239,0.4060203731060028,false,2
8655,0.3921754656379432,0.36635905504226685,0.36839330196380615,false,2
8656,0.2558096278428731,0.17505547404289246,0.1672767698764801,false,5
8657,0.1839260180880504,0.07460924237966537,0.07089843600988388,false,1
8658,0.8751582063945306,0.836184024810791,0.8299401998519897,false,4
8661,0.2791553859006448,0.2714315950870514,0.28783565759658813,false,1
8662,0.2714538983543249,0.32154038548469543,0.31528154015541077,false,4
8663,0.4012793542620946,0.43655550479888916,0.43426597118377686,false,5
8664,0.5592464700169801,0.18623071908950806,0.19372068345546722,false,3
8665,0.2172957550991601,0.2549508512020111,0.25352510809898376,false,2
8666,0.11630289939248918,0.1790347546339035,0.1842709630727768,false,4
8667,0.3294600913394191,0.28213053941726685,0.2886848747730255,false,3
8668,0.42379919949333666,0.43546780943870544,0.43489140272140503,false,2
8670,0.22479284676638261,0.2677497863769531,0.26500511169433594,false,5
8671,0.1561282300032336,0.26608559489250183,0.2661409080028534,false,3
8672,0.42258058644553126,0.46096277236938477,0.45485955476760864,false,4
8673,0.4230601857275367,0.4694584906101227,0.467055082321167,false,3
8674,0.33937086871734273,0.4069787263870239,0.4060203731060028,false,2
8675,0.7614937283409994,0.7484845519065857,0.748567521572113,false,2
8676,0.2593177453538467,0.32988688349723816,0.3189159333705902,false,1
8677,0.2968479962093759,0.30067822337150574,0.26082634925842285,false,1
8678,0.33937086871734273,0.4069787263870239,0.4060203731060028,false,2
8679,0.23465789901487472,0.19630515575408936,0.19434592127799988,false,2
8680,0.2347127018047639,0.24828410148620605,0.247702956199646,false,5
8681,0.39113436899644044,0.3791567385196686,0.37789326906204224,false,5
8682,0.27735581767446726,0.2645770013332367,0.2620297074317932,false,5
8683,0.4586640047214021,0.43778085708618164,0.4410867989063263,false,5
8684,0.41152906416253116,0.41887032985687256,0.418718159198761,false,2
8685,0.3618260838403189,0.4531257450580597,0.4535445272922516,false,3
8686,0.3201551102621151,0.36381277441978455,0.3352085053920746,false,4
8687,0.07555693917570211,0.24194981157779694,0.2420017421245575,false,3
8688,0.20116328075263418,0.27158334851264954,0.23482473194599152,false,1
8689,0.40135251933514643,0.3687504529953003,0.36082398891448975,false,4
8691,0.32660277560599704,0.34222203493118286,0.3967913091182709,false,1
8692,0.5263239831929598,0.5264797210693359,0.5297451615333557,false,5
8693,0.2984194778663098,0.27701184153556824,0.2887001037597656,false,5
8694,0.21172848725825935,0.21645940840244293,0.22385448217391968,false,2
8695,0.18002162804472135,0.22350730001926422,0.22324804961681366,false,2
8699,0.7700822360878974,0.8197521567344666,0.8181485533714294,false,2
8702,0.35966352978160876,0.38393205404281616,0.3806683123111725,false,1
8703,0.32119570146566273,0.3271597921848297,0.2541126608848572,false,4
8704,0.3061985230369904,0.3662630617618561,0.33518123626708984,false,4
8705,0.4738260442600318,0.4750308692455292,0.4436403810977936,false,1
8706,0.34684163756194203,0.29990488290786743,0.35036563873291016,false,1
8711,0.5748893749686149,0.5087906718254089,0.5143483877182007,false,4
8712,0.3021247288526026,0.4630795419216156,0.4693102538585663,false,4
8713,0.3497190951763615,0.3707927465438843,0.3854953348636627,false,3
8714,0.5257969227764253,0.3377353250980377,0.33002448081970215,false,4
8715,0.24071493718801848,0.2329636663198471,0.23314771056175232,false,2
8717,0.012311688311688312,0.07111614942550659,0.06660447269678116,false,4
8718,0.2565927063575966,0.30890655517578125,0.31081128120422363,false,5
8719,0.5131013087069672,0.5315494537353516,0.5287250876426697,false,3
8720,0.41522169913389506,0.39679980278015137,0.4103129506111145,false,2
8721,0.25158573517277366,0.39234083890914917,0.3793027102947235,false,1
8722,0.26249886943885115,0.2677497863769531,0.2662830054759979,false,5
8723,0.2593710650822981,0.2988113462924957,0.26549339294433594,false,4
8724,0.1487728589795875,0.223862886428833,0.23066720366477966,false,2
8727,0.6365160089371552,0.7179813385009766,0.7023099064826965,false,4
8729,0.1704384722254789,0.32199716567993164,0.32160496711730957,false,3
8734,0.4645787057746525,0.5822906494140625,0.5694319009780884,false,4
8736,0.38800326647801225,0.5522863864898682,0.5533530116081238,false,3
8737,0.3754479189744865,0.3401406705379486,0.3588370680809021,false,1
8739,0.392757986940667,0.41514769196510315,0.405110239982605,false,1
8740,0.12440321181226756,0.2584465742111206,0.2741152346134186,false,4
8742,0.6993509661094897,0.7425913214683533,0.7543997764587402,false,5
8743,0.4142852484546756,0.5144063234329224,0.5125401020050049,false,4
8746,0.3767009158138104,0.4342353940010071,0.4336036145687103,false,2
8747,0.3151491826719386,0.3469110131263733,0.35800597071647644,false,5
8748,0.3899734786580922,0.4062868654727936,0.409401535987854,false,2
8749,0.2635970953650338,0.22089949250221252,0.22539527714252472,false,3
8750,0.1541471036560046,0.4993197023868561,0.4995228350162506,false,4
8751,0.7328729195375656,0.8280587792396545,0.7879806756973267,false,1
8752,0.40084193629701986,0.2738131582736969,0.20431821048259735,false,1
8753,0.38847467369246963,0.4453431963920593,0.4453997015953064,false,5
8754,0.5855675797674339,0.6443387866020203,0.6410872340202332,false,5
8755,0.7357195646411896,0.6158554553985596,0.6150192618370056,false,5
8756,0.24607242206027002,0.2647703289985657,0.26334434747695923,false,2
8757,0.22330689048078592,0.2677497863769531,0.26500511169433594,false,5
8758,0.29502479387853153,0.3679068088531494,0.3610842823982239,false,5
8759,0.29502479387853153,0.3679068088531494,0.3610842823982239,false,5
8760,0.24099036196413037,0.22045958042144775,0.21512679755687714,false,4
8761,0.3414206027265816,0.1888035386800766,0.1901901811361313,false,3
8762,0.2672853678614127,0.34461089968681335,0.3543750047683716,false,4
8765,0.3284835386850423,0.35482195019721985,0.3961239755153656,false,1
8766,0.4164277802977775,0.5890727043151855,0.5761228799819946,false,4
8767,0.30421816947179253,0.29202502965927124,0.2904151380062103,false,2
8768,0.4557762830928887,0.5388632416725159,0.5193731784820557,false,4
8769,0.3393092692257673,0.31833675503730774,0.3196025490760803,false,5
8770,0.5559493359095634,0.4949803352355957,0.4894537031650543,false,3
8771,0.15432090069373355,0.25423935055732727,0.26674118638038635,false,4
8772,0.2707700157084058,0.37964507937431335,0.37038686871528625,false,4
8773,0.174179218324631,0.18590988218784332,0.16952301561832428,false,1
8774,0.174179218324631,0.18590988218784332,0.16952301561832428,false,1
8775,0.23247393398672275,0.26296284794807434,0.2590821087360382,false,2
8777,0.47049379167774263,0.439616858959198,0.4394519031047821,false,5
8778,0.5979874144460227,0.5949576497077942,0.6225783228874207,false,1
8781,0.40546643580661595,0.30520033836364746,0.3097022771835327,false,3
8782,0.1625057438311721,0.12317971885204315,0.11285997927188873,false,1
8784,0.2562801140208261,0.35346123576164246,0.32242605090141296,false,4
8785,0.2994150423230078,0.2294110506772995,0.23094874620437622,false,5
8787,0.4193347559310267,0.46732237935066223,0.43807995319366455,false,1
8788,0.3019630394293642,0.3352191746234894,0.28199124336242676,false,1
8789,0.3930250290066092,0.4543858468532562,0.44980886578559875,false,2
8790,0.3654402052966821,0.5387818813323975,0.48746269941329956,false,1
8794,0.5751294025611395,0.6266366839408875,0.6446594595909119,false,4
8795,0.18057211050355496,0.19399535655975342,0.1971937119960785,false,5
8799,0.3684937835181099,0.3791567385196686,0.37789326906204224,false,5
8801,0.18789977137833788,0.18668688833713531,0.17630243301391602,false,1
8802,0.4193702108470386,0.24138225615024567,0.24290107190608978,false,3
8804,0.38010945908986976,0.37329235672950745,0.3685791492462158,false,2
8805,0.03554638296486123,0.2393125593662262,0.2326343059539795,false,4
8806,0.29693772918868017,0.32801342010498047,0.3236469328403473,false,2
8809,0.30393597023536273,0.21836312115192413,0.21811021864414215,false,4
8811,0.2370603799038564,0.3678569197654724,0.383437842130661,false,4
8812,0.2986812318526639,0.33088138699531555,0.3290858268737793,false,2
8813,0.3651754738002447,0.2945729196071625,0.29334765672683716,false,2
8814,0.3651754738002447,0.2945729196071625,0.29334765672683716,false,2
8815,0.20351666127350312,0.22561828792095184,0.21941514313220978,false,3
8816,0.23333790906944532,0.2642258107662201,0.26431161165237427,false,5
8819,0.2863347543361616,0.33915090560913086,0.3404528796672821,false,2
8820,0.8047735014994355,0.7300121784210205,0.7310211658477783,false,4
8821,0.4216191457357613,0.6254234313964844,0.6371051073074341,false,3
8822,0.1934891636867171,0.25134167075157166,0.2679462134838104,false,5
8823,0.29721488262060475,0.24883706867694855,0.25882595777511597,false,1
8824,0.26301532868460575,0.28594639897346497,0.28411349654197693,false,5
8825,0.2539387534136568,0.21442820131778717,0.21894267201423645,false,5
8826,0.17913843355049028,0.24307331442832947,0.23815932869911194,false,2
8828,0.3659082960619637,0.40329089760780334,0.3993472158908844,false,1
8829,0.3358506663845923,0.37763863801956177,0.37084734439849854,false,3
8832,0.4937047528381084,0.3935146629810333,0.37814614176750183,false,1
8834,0.190535948712802,0.1454218178987503,0.1545446515083313,false,1
8835,0.2500697721905789,0.29088231921195984,0.2800019383430481,false,2
8836,0.3732364801774169,0.2979668080806732,0.331601083278656,false,1
8837,0.24838758750098386,0.261145681142807,0.26682087779045105,false,2
8838,0.14870719214196443,0.2734251022338867,0.26429396867752075,false,3
8840,0.33811517128810115,0.3849579393863678,0.38490426540374756,false,5
8841,0.17960835618304866,0.3633708357810974,0.35978156328201294,false,3
8842,0.11884848949757103,0.2114170491695404,0.21585148572921753,false,3
8843,0.36084279898054006,0.3283328711986542,0.3493717908859253,false,1
8844,0.24756508366103597,0.28967198729515076,0.28802382946014404,false,2
8846,0.23917798662748552,0.25470399856567383,0.2441168874502182,false,2
8848,0.5783687341737709,0.5481672883033752,0.5490853786468506,false,2
8850,0.35793730927623524,0.2935619652271271,0.2811817228794098,false,4
8851,0.5959068079986525,0.6082693934440613,0.639013946056366,false,4
8852,0.13714154112536567,0.21856431663036346,0.2150338888168335,false,3
8854,0.36915724394380045,0.255245566368103,0.2552993893623352,false,3
8856,0.5394077825506279,0.31668809056282043,0.3586369752883911,false,4
8857,0.2316162009108295,0.18740636110305786,0.21492736041545868,false,1
8858,0.28771779565888095,0.32719549536705017,0.3258680999279022,false,2
8859,0.15782259249752087,0.20692595839500427,0.2056894600391388,false,3
8860,0.0966458530504583,0.19651436805725098,0.2259046584367752,false,4
8861,0.2903478467912355,0.2666498124599457,0.25388628244400024,false,1
8862,0.5340306263647786,0.5939533710479736,0.6573992967605591,false,1
8863,0.26554410206230034,0.28569507598876953,0.29188039898872375,false,5
8864,0.4228311376918412,0.40768468379974365,0.4516911804676056,false,1
8865,0.2843586680519342,0.21795761585235596,0.22382891178131104,false,4
8866,0.402274818780159,0.48709070682525635,0.4825263023376465,false,2
8868,0.2777379242402005,0.3998420536518097,0.36416375637054443,false,1
8869,0.3486645616053626,0.37231266498565674,0.37118929624557495,false,2
8870,0.24026400371923606,0.2438686639070511,0.24620887637138367,false,2
8872,0.22347691605673886,0.2047441303730011,0.20397858321666718,false,1
8873,0.3507860911357196,0.4590875208377838,0.4593774974346161,false,3
8874,0.20675674952391762,0.2384866625070572,0.23578312993049622,false,2
8875,0.29617133509407767,0.36574655771255493,0.36747804284095764,false,5
8876,0.20031198757367552,0.24359740316867828,0.2478960156440735,false,3
8877,0.2069423112140507,0.2358076423406601,0.2354259192943573,false,2
8878,0.5473794290088996,0.4995168447494507,0.5010293126106262,false,2
8879,0.2676547619755084,0.2792888283729553,0.2775996923446655,false,5
8880,0.35558125888764763,0.25287798047065735,0.2570919692516327,false,4
8882,0.20802143597553077,0.16119354963302612,0.1818457990884781,false,1
8883,0.35558125888764763,0.25287798047065735,0.2570919692516327,false,4
8885,0.13086134313182363,0.2368287742137909,0.25100579857826233,false,4
8886,0.18733748424833224,0.40632858872413635,0.36224302649497986,false,4
8887,0.4074771480592662,0.4159427881240845,0.44452452659606934,false,5
8889,0.29179761133088467,0.35742202401161194,0.33264443278312683,false,1
8890,0.6807746365218081,0.6199522018432617,0.6190518140792847,false,1
8891,0.20183365558721458,0.13334456086158752,0.17568814754486084,false,1
8894,0.042510692540387744,0.1937689632177353,0.19323916733264923,false,3
8896,0.3823975679670696,0.5050005316734314,0.5019367337226868,false,2
8897,0.3874171853947274,0.4910816252231598,0.4881832003593445,false,5
8898,0.4498123300702913,0.4843428432941437,0.5627524256706238,false,1
8899,0.4799095324747825,0.4769737422466278,0.4708711802959442,false,5
8900,0.4661688694572085,0.5189931392669678,0.5231195092201233,false,3
8901,0.6742814933002008,0.7253587245941162,0.7348318099975586,false,1
8906,0.21542163812166934,0.2595020532608032,0.2424078732728958,false,1
8908,0.46586442259376376,0.4281865656375885,0.4569040834903717,false,1
8909,0.4476858391605957,0.5876686573028564,0.5885854959487915,false,2
8910,0.08100112618862619,0.19965146481990814,0.199223130941391,false,4
8911,0.487086735526137,0.6587624549865723,0.639820396900177,false,4
8912,0.19429276607895019,0.3417126536369324,0.3428286910057068,false,4
8914,0.34019166604878565,0.49879252910614014,0.5042958855628967,false,2
8915,0.3092278017217804,0.31028130650520325,0.33717241883277893,false,1
8916,0.4196301486480192,0.4740506112575531,0.4760124385356903,false,1
8918,0.4777510955776257,0.5711992383003235,0.5744816660881042,false,3
8919,0.25970833595127524,0.4037065804004669,0.4181196391582489,false,2
8920,0.41685508236883545,0.42667099833488464,0.4254956841468811,false,2
8921,0.30747962624710096,0.40078768134117126,0.4109956920146942,false,2
8923,0.45714043599764254,0.5313535332679749,0.5097781419754028,false,1
8924,0.43654210967057755,0.49356621503829956,0.480314701795578,false,1
8925,0.39535775615161384,0.4138328433036804,0.41176602244377136,false,3
8926,0.3126617176338482,0.3388649821281433,0.3386581242084503,false,5
8927,0.15896769306115283,0.23429468274116516,0.23289886116981506,false,4
8928,0.3432535262270384,0.2943382263183594,0.2957424819469452,false,2
8929,0.24408895091883084,0.2611624002456665,0.2571285665035248,false,2
8930,0.3140894599086914,0.3522479236125946,0.34429895877838135,false,5
8931,0.12382292868131203,0.2611512541770935,0.2575162649154663,false,3
8933,0.27288280509663443,0.34147879481315613,0.3561176061630249,false,4
8934,0.6010394125119815,0.5625461339950562,0.5687483549118042,false,4
8935,0.33966762395498273,0.32939237356185913,0.32255616784095764,false,3
8936,0.24794172698902506,0.29110458493232727,0.28999748826026917,false,5
8937,0.3708232267142468,0.35452231764793396,0.34684714674949646,false,3
8938,0.3708232267142468,0.35452231764793396,0.34684714674949646,false,3
8945,0.012311688311688312,0.07111614942550659,0.06660447269678116,false,4
8947,0.10867796874320733,0.30701008439064026,0.3103756010532379,false,3
8949,0.13400914148630869,0.18522758781909943,0.17691530287265778,false,4
8950,0.31328096462137045,0.3709087073802948,0.4260099530220032,false,4
8951,0.27959140400792876,0.3390597999095917,0.34021270275115967,false,4
8953,0.466655115481872,0.445997953414917,0.4218073785305023,false,1
8954,0.4539863352215925,0.6367369294166565,0.5788540244102478,false,1
8957,0.4044581800619485,0.4458884298801422,0.4460962414741516,false,2
8958,0.31777074449302956,0.37951746582984924,0.39016973972320557,false,2
8959,0.2448316639689496,0.26861438155174255,0.26779842376708984,false,3
8960,0.31173185901596473,0.27801695466041565,0.27718308568000793,false,2
8961,0.41412226701542076,0.4914328157901764,0.4989379048347473,false,3
8963,0.27768188213232026,0.33168351650238037,0.3306311070919037,false,2
8964,0.5063807549781685,0.5542638897895813,0.552462637424469,false,5
8965,0.2924201072505304,0.40818849205970764,0.4126408100128174,false,2
8966,0.30747962624710096,0.40078768134117126,0.4109956920146942,false,2
8968,0.30870716286164734,0.3822211027145386,0.3779853880405426,false,3
8969,0.3359105599311226,0.3822211027145386,0.3802097737789154,false,3
8970,0.3094849665760538,0.3822211027145386,0.3802097737789154,false,3
8971,0.5600524063784207,0.7126170992851257,0.7065736055374146,false,2
8972,0.3569347437843485,0.44465014338493347,0.4462944567203522,false,3
8973,0.5105325519077759,0.5711074471473694,0.5645192265510559,false,3
8974,0.28853695365856646,0.34212374687194824,0.3494274318218231,false,1
8975,0.1228505618294024,0.19607573747634888,0.19812974333763123,false,3
8977,0.30171301291676716,0.26189717650413513,0.2659684121608734,false,1
8978,0.3620525794685414,0.4043578803539276,0.4021551012992859,false,3
8979,0.4996493510268787,0.5199422836303711,0.4421648383140564,false,1
8980,0.17034313775346624,0.21628940105438232,0.21425850689411163,false,5
8981,0.04071724255276887,0.12704293429851532,0.1459004133939743,false,4
8982,0.16884392330776724,0.1783396303653717,0.18023677170276642,false,3
8983,0.05434019730269729,0.16241179406642914,0.15392282605171204,false,4
8984,0.39353679805910774,0.38363125920295715,0.38236263394355774,false,2
8985,0.48052755689501686,0.529341995716095,0.5289105176925659,false,5
8986,0.19454048337825428,0.2666305899620056,0.2690082788467407,false,1
8987,0.42017646407767034,0.4386316239833832,0.4263121783733368,false,1
8988,0.5115053598072445,0.5000750422477722,0.5001958012580872,false,3
8989,0.21807884412354336,0.2527831196784973,0.25223448872566223,false,2
8990,0.4346482975415873,0.398131787776947,0.3973660469055176,false,4
8991,0.5076094506995431,0.5909190773963928,0.5941158533096313,false,3
8992,0.20183474626420453,0.21197737753391266,0.21193827688694,false,2
8993,0.09246357808857807,0.196017786860466,0.18145771324634552,false,4
8995,0.4922386897514037,0.5356854796409607,0.5340497493743896,false,3
9000,0.4433889701795484,0.4663136303424835,0.43915605545043945,false,1
9001,0.5257448288548509,0.5168513059616089,0.5196603536605835,false,4
9002,0.17102352065453424,0.20611928403377533,0.2124376744031906,false,5
9003,0.3035492634945034,0.35286882519721985,0.32310712337493896,false,4
9004,0.7204990977634084,0.7452626824378967,0.737483024597168,false,1
9005,0.573144842102696,0.6599594950675964,0.6561334133148193,false,5
9006,0.46949296228637033,0.5312261581420898,0.5297918319702148,false,3
9008,0.45832161864156257,0.5764189958572388,0.5925052762031555,false,4
9009,0.4523363764970739,0.4396779239177704,0.4339831471443176,false,2
9012,0.09989091534265074,0.20856697857379913,0.20865848660469055,false,3
9014,0.2107436270944398,0.378900945186615,0.38257041573524475,false,4
9015,0.22096410962285082,0.25324496626853943,0.25253522396087646,false,5
9017,0.2886431887917974,0.26597368717193604,0.2726505696773529,false,4
9018,0.21843430671298802,0.21380926668643951,0.21538196504116058,false,5
9019,0.19153506976633802,0.3060424029827118,0.24631372094154358,false,1
9021,0.4242781228673425,0.5381733179092407,0.5421642661094666,false,2
9022,0.25911097206991124,0.2677497863769531,0.26448893547058105,false,5
9023,0.40287801468647105,0.32440394163131714,0.3584666848182678,false,1
9027,0.23285958830093176,0.24425102770328522,0.24535244703292847,false,5
9028,0.48052755689501686,0.529341995716095,0.5289105176925659,false,5
9029,0.4143043550792729,0.4278644323348999,0.44130271673202515,false,5
9030,0.19394081886405531,0.187568798661232,0.20750482380390167,false,1
9031,0.19696099236049103,0.25700700283050537,0.2654385268688202,false,4
9032,0.24232462774631774,0.26026004552841187,0.2585866153240204,false,2
9033,0.5212330627025682,0.5155863165855408,0.5096649527549744,false,2
9034,0.10326107810318338,0.16670513153076172,0.19330577552318573,false,4
9035,0.2526786719206679,0.25030606985092163,0.24382713437080383,false,5
9037,0.23165494560227995,0.23929378390312195,0.23934534192085266,false,3
9039,0.5031615248981715,0.4288853406906128,0.3863218426704407,false,1
9043,0.34552614761492983,0.1903277039527893,0.19264079630374908,false,4
9044,0.3567043708599643,0.27789366245269775,0.3150343596935272,false,1
9045,0.4142852484546756,0.5144063234329224,0.5125401020050049,false,4
9046,0.17983515172048453,0.31500059366226196,0.28573864698410034,false,4
9049,0.25740847462449484,0.299539178609848,0.298709899187088,false,3
9050,0.38940344369443614,0.48007917404174805,0.4857063889503479,false,2
9051,0.17933449360443704,0.2950926423072815,0.29949426651000977,false,3
9052,0.19315001955754874,0.1684834510087967,0.15316978096961975,false,1
9053,0.26150328863868855,0.34152695536613464,0.33617228269577026,false,3
9054,0.4597966893796665,0.32637450098991394,0.3134261965751648,false,4
9056,0.5624491062331816,0.6269647479057312,0.6288620829582214,false,5
9057,0.4694581323365824,0.4911922514438629,0.49069535732269287,false,2
9058,0.1315848852944441,0.2492966204881668,0.2382078617811203,false,4
9059,0.050225442857795795,0.11441093683242798,0.11572758108377457,false,4
9061,0.445764114236104,0.3726315200328827,0.42429855465888977,false,1
9063,0.43433486220409756,0.5203202366828918,0.5137310028076172,false,4
9064,0.4267755269957025,0.5091292858123779,0.5101885795593262,false,5
9065,0.37484491377569124,0.5321794152259827,0.5296373963356018,false,5
9067,0.2515918371275036,0.283263236284256,0.23472894728183746,false,1
9068,0.2515918371275036,0.283263236284256,0.23472894728183746,false,1
9069,0.24901085684251303,0.29497191309928894,0.29223376512527466,false,3
9071,0.5878905134918991,0.6215833425521851,0.627030074596405,false,5
9073,0.4005904887480696,0.528018593788147,0.5271209478378296,false,2
9074,0.2977737816305376,0.2747819721698761,0.2825201749801636,false,5
9075,0.26218386000158644,0.3664548397064209,0.36872878670692444,false,3
9076,0.4123017577806675,0.4662454426288605,0.4637572467327118,false,3
9077,0.6002030615153441,0.6771624088287354,0.6746452450752258,false,3
9078,0.2950050727939743,0.37253886461257935,0.35331517457962036,false,4
9079,0.26537183626618815,0.2718213200569153,0.2696961760520935,false,1
9080,0.12478191160755805,0.19496913254261017,0.19443686306476593,false,3
9081,0.29658889282849754,0.29106682538986206,0.29345911741256714,false,2
9086,0.5182627409084222,0.6235840916633606,0.5799306035041809,false,1
9087,0.26927527837684445,0.3038572072982788,0.3015768229961395,false,5
9088,0.4278572430097915,0.46405869722366333,0.4634667932987213,false,2
9089,0.7217092796947463,0.7390643358230591,0.737419843673706,false,2
9090,0.4380428168044236,0.47418710589408875,0.47359374165534973,false,2
9091,0.3448329794132659,0.3148588538169861,0.3484232425689697,false,1
9092,0.4027097503707693,0.42595547437667847,0.4272777736186981,false,2
9093,0.4236644618570753,0.48097655177116394,0.4099930226802826,false,1
9094,0.36238975688479164,0.4095436930656433,0.4086873233318329,false,2
9095,0.3770037266778711,0.3787573277950287,0.3775383234024048,false,2
9096,0.4594648001373556,0.5651430487632751,0.588377058506012,false,2
9097,0.17780281617354593,0.1964343935251236,0.19749127328395844,false,3
9098,0.24655235249244442,0.27063068747520447,0.27178242802619934,false,5
9099,0.0779789939592571,0.22056107223033905,0.21225154399871826,false,4
9100,0.3660030496333582,0.27142056822776794,0.28383105993270874,false,4
9101,0.28141630376518423,0.3483436107635498,0.34534919261932373,false,2
9102,0.28141630376518423,0.3483436107635498,0.34534919261932373,false,2
9103,0.40273804758012743,0.5832778811454773,0.5824496746063232,false,4
9107,0.3048002131083473,0.31213125586509705,0.3140735328197479,false,5
9108,0.2858972248697539,0.33553043007850647,0.3336498439311981,false,2
9109,0.22992273630425,0.19907405972480774,0.20964190363883972,false,1
9112,0.5326165357270917,0.6863728165626526,0.6920493245124817,false,5
9113,0.7340180990819835,0.7058693766593933,0.7070695161819458,false,2
9114,0.5475581339825338,0.6409999132156372,0.6495956778526306,false,5
9115,0.32008724666003274,0.42164376378059387,0.418658971786499,false,3
9117,0.25327606200712965,0.29774853587150574,0.2960365414619446,false,2
9118,0.2126225893286023,0.23671334981918335,0.2353155016899109,false,2
9119,0.2001207599394731,0.15445125102996826,0.13871625065803528,false,1
9121,0.14308817891344985,0.29820913076400757,0.2813737392425537,false,4
9122,0.32082999782900656,0.3698832094669342,0.38551104068756104,false,5
9123,0.2564121404971271,0.2840544283390045,0.28028881549835205,false,5
9124,0.4611243692020355,0.5175970196723938,0.4743061661720276,false,1
9125,0.1553373175027587,0.1375482678413391,0.17897802591323853,false,4
9126,0.34154554907429335,0.36791232228279114,0.37270787358283997,false,5
9127,0.1832397385385625,0.20604979991912842,0.20668017864227295,false,3
9128,0.21214148653677614,0.2527831196784973,0.25223448872566223,false,2
9129,0.42145617399806024,0.31939974427223206,0.37168675661087036,false,1
9130,0.2282772679878569,0.26847153902053833,0.2664420008659363,false,5
9131,0.26489759249049283,0.2410406470298767,0.23829475045204163,false,2
9132,0.5941360179459053,0.4157123565673828,0.45574328303337097,false,4
9133,0.28663683857655686,0.28424015641212463,0.2906472682952881,false,5
9138,0.48151121430025695,0.6048137545585632,0.6055696606636047,false,5
9139,0.53952842203089,0.55156010389328,0.5348835587501526,false,1
9140,0.25726058696588905,0.29863250255584717,0.30576977133750916,false,5
9141,0.3528308646808149,0.3791567385196686,0.37789326906204224,false,5
9142,0.30094750251426694,0.2748259902000427,0.27664268016815186,false,5
9143,0.334985420143922,0.31032657623291016,0.3104083240032196,false,3
9144,0.2934361283628329,0.23717519640922546,0.2520585060119629,false,4
9146,0.6375249859247784,0.5608563423156738,0.5524834394454956,false,1
9147,0.3978945189549151,0.4488368034362793,0.44551190733909607,false,5
9148,0.3912808241542872,0.43354299664497375,0.4312571585178375,false,5
9149,0.3978945189549151,0.4488368034362793,0.44551190733909607,false,5
9150,0.30258873123672614,0.3668563663959503,0.3639982044696808,false,1
9153,0.44408553888192065,0.535756528377533,0.5310544371604919,false,2
9156,0.48162443082279294,0.5587016940116882,0.5592761635780334,false,3
9158,0.2572283998464053,0.30987292528152466,0.27167585492134094,false,4
9159,0.09637616172101601,0.2125493288040161,0.20965462923049927,false,3
9163,0.09526540136799146,0.20506355166435242,0.2009105235338211,false,3
9164,0.41782091021173307,0.5541594624519348,0.5652945637702942,false,4
9165,0.46224948828068074,0.5603505969047546,0.5598243474960327,false,5
9166,0.40394919931796397,0.4218798279762268,0.42294004559516907,false,2
9167,0.17756102427269152,0.21442820131778717,0.2122819870710373,false,5
9168,0.4859617189441105,0.3766927123069763,0.3550214171409607,false,4
9169,0.30604632032377777,0.18761053681373596,0.18960809707641602,false,3
9171,0.23384196274417626,0.35774415731430054,0.34957632422447205,false,3
9172,0.2612390861290481,0.24319672584533691,0.24223098158836365,false,2
9174,0.3152239815766581,0.32519468665122986,0.32416051626205444,false,2
9175,0.2000863854712539,0.2304062843322754,0.22421270608901978,false,4
9177,0.14283412420912417,0.2268630713224411,0.2275533378124237,false,4
9178,0.37040618381446555,0.4477231800556183,0.43672820925712585,false,4
9181,0.2865682204689224,0.34034502506256104,0.33743199706077576,false,2
9182,0.194129543146936,0.10948039591312408,0.1048305407166481,false,1
9184,0.4705216063874904,0.4342748820781708,0.44532591104507446,false,1
9185,0.5379237809118127,0.5680103898048401,0.5503221750259399,false,1
9187,0.4631949802905308,0.5993884801864624,0.5997133255004883,false,5
9188,0.4099947790503532,0.24348244071006775,0.3173249363899231,false,1
9189,0.6014153742805557,0.7561613917350769,0.7514820694923401,false,3
9190,0.6975035867736962,0.6822482943534851,0.673246443271637,false,3
9204,0.5065622324139983,0.4445543885231018,0.44761455059051514,false,3
9205,0.4744416459572724,0.5176985859870911,0.5761768221855164,false,1
9206,0.3551770907031462,0.4056483209133148,0.4033081829547882,false,2
9207,0.4159946765023641,0.5207566022872925,0.5524278879165649,false,1
9208,0.2714053285445963,0.3423948287963867,0.3492983877658844,false,3
9209,0.47138272166512984,0.3186916410923004,0.31672385334968567,false,3
9210,0.08686153214453919,0.21357214450836182,0.21417997777462006,false,3
9212,0.28034755433666286,0.29417043924331665,0.29669228196144104,false,2
9213,0.6669092306801264,0.617121696472168,0.6560405492782593,false,1
9214,0.5307330685983107,0.5115686058998108,0.5498057007789612,false,1
9216,0.13863655861682175,0.21394410729408264,0.2359534054994583,false,4
9217,0.4712040383793979,0.5960019826889038,0.6043169498443604,false,3
9218,0.4818208771086441,0.5382680892944336,0.5554571747779846,false,5
9219,0.2802034619107117,0.2677497863769531,0.2671392560005188,false,5
9220,0.22019806313842222,0.2195814847946167,0.22460481524467468,false,1
9221,0.32909820230806014,0.37888315320014954,0.3840400278568268,false,2
9222,0.17890212028882174,0.24307331442832947,0.23815932869911194,false,2
9224,0.24023536550264982,0.08594018965959549,0.0768783912062645,false,2
9225,0.5014979891859199,0.4055691063404083,0.4319516718387604,false,1
9226,0.18706437242944443,0.21553006768226624,0.2152481973171234,false,2
9227,0.2500697721905789,0.29088231921195984,0.2800019383430481,false,2
9228,0.35109432910289184,0.4908675253391266,0.46555447578430176,false,2
9229,0.36585863464003765,0.4243139922618866,0.41903001070022583,false,5
9230,0.33235264541414916,0.3026094436645508,0.25467076897621155,false,1
9231,0.2419291284234551,0.11841730773448944,0.09248750656843185,false,1
9234,0.2902271257616885,0.3771752715110779,0.37886008620262146,false,2
9235,0.4782362691220588,0.5470580458641052,0.5471465587615967,false,5
9236,0.6199930114582464,0.6465622782707214,0.6485463380813599,false,2
9237,0.6793192900998872,0.7270768880844116,0.7043034434318542,false,1
9238,0.3825640552933928,0.4289464056491852,0.4299367666244507,false,3
9239,0.5347256925419399,0.6066243052482605,0.6086848974227905,false,2
9240,0.5749567325760645,0.5932576060295105,0.593097448348999,false,5
9241,0.38986872817817114,0.3587168753147125,0.3883568346500397,false,1
9242,0.5626720735154637,0.605693519115448,0.5983091592788696,false,2
9244,0.5085649433239948,0.3740139901638031,0.37170034646987915,false,4
9245,0.35899263307607443,0.2534383535385132,0.2506691813468933,false,1
9247,0.1607593743994,0.1642206609249115,0.14917567372322083,false,4
9248,0.30702120987960135,0.2743757665157318,0.26237791776657104,false,1
9249,0.6590297054176362,0.895489513874054,0.881642758846283,false,4
9250,0.19479867678980628,0.08017387241125107,0.08936453610658646,false,1
9251,0.23251277568842205,0.22206421196460724,0.22145958244800568,false,2
9252,0.28611837990302363,0.3194810152053833,0.3183000683784485,false,2
9253,0.4455934694233828,0.48629289865493774,0.47566255927085876,false,5
9254,0.32735247532295986,0.37524741888046265,0.38037294149398804,false,5
9256,0.48369851636775346,0.5008158683776855,0.49947378039360046,false,5
9257,0.7307971101623079,0.8172040581703186,0.816445529460907,false,3
9258,0.2043101900510376,0.22672933340072632,0.22821837663650513,false,5
9259,0.4250468123921397,0.4601162374019623,0.46099987626075745,false,3
9261,0.18555087185468003,0.1928514689207077,0.16423359513282776,false,1
9262,0.5517882070408641,0.5472677946090698,0.5476802587509155,false,3
9264,0.5051347968249735,0.6311264038085938,0.6264181137084961,false,5
9266,0.4643511629771613,0.45681309700012207,0.4572846591472626,false,2
9267,0.32628712110895125,0.44895607233047485,0.44590023159980774,false,3
9268,0.4737338813935258,0.46840035915374756,0.4928229749202728,false,1
9269,0.35685464231544545,0.36349165439605713,0.36825045943260193,false,5
9270,0.26084275597387657,0.33561021089553833,0.3866710960865021,false,1
9271,0.2824845026834191,0.2665647864341736,0.28557518124580383,false,4
9273,0.41939369548051075,0.42720258235931396,0.454938143491745,false,1
9275,0.6063498769889442,0.6320182681083679,0.630682647228241,false,4
9276,0.42947382968526077,0.5134426355361938,0.5160542726516724,false,3
9277,0.4507325424739498,0.7319616079330444,0.6761363744735718,false,1
9278,0.37674570678959346,0.25584766268730164,0.32235026359558105,false,1
9279,0.44366731870949705,0.5216953754425049,0.522194504737854,false,2
9280,0.3946642458243973,0.4047638475894928,0.40500837564468384,false,2
9282,0.3890829869046123,0.4635751247406006,0.46165913343429565,false,2
9283,0.5973033588606368,0.5371140241622925,0.629058837890625,false,1
9289,0.2612390861290481,0.24319672584533691,0.24223098158836365,false,2
9292,0.2512204004002711,0.30132848024368286,0.2639342248439789,false,5
9294,0.22527557555535271,0.33781886100769043,0.33042794466018677,false,2
9295,0.21642005401335834,0.2635113000869751,0.2567465007305145,false,5
9296,0.2430899553353936,0.3357274830341339,0.32703977823257446,false,3
9297,0.08949764124764124,0.10751381516456604,0.1186520904302597,false,4
9298,0.21795680343544022,0.2677497863769531,0.26500511169433594,false,5
9299,0.3061900454201054,0.24647879600524902,0.26794713735580444,false,1
9300,0.27791170625001177,0.3303038477897644,0.3304350674152374,false,2
9301,0.31276340582751083,0.2905332148075104,0.32508885860443115,false,1
9302,0.6357639292828905,0.6680912375450134,0.676953136920929,false,5
9303,0.6357639292828905,0.6680912375450134,0.676953136920929,false,5
9305,0.3570915181674855,0.30524757504463196,0.3127135932445526,false,5
9306,0.466239263160282,0.4829651415348053,0.48474743962287903,false,2
9307,0.3393672813741847,0.3844092786312103,0.3808281719684601,false,2
9308,0.27371407958534233,0.4887373745441437,0.44025349617004395,false,1
9309,0.602053533346648,0.7111568450927734,0.6691577434539795,false,4
9310,0.8154134628595807,0.8636764883995056,0.8626827597618103,false,1
9311,0.1920856018981019,0.18227000534534454,0.18948785960674286,false,4
9312,0.6765874685284651,0.769599974155426,0.7737559080123901,false,5
9313,0.41053402270045697,0.5580527186393738,0.5574747920036316,false,5
9314,0.2891723755494536,0.16226083040237427,0.14538319408893585,false,1
9315,0.6455925742083912,0.7207130789756775,0.7250829339027405,false,5
9316,0.683600049530812,0.7432326078414917,0.7367169260978699,false,2
9317,0.06089062897886428,0.18722674250602722,0.17603515088558197,false,4
9318,0.5016510937819951,0.46554040908813477,0.45431843400001526,false,1
9319,0.5919411568531743,0.6400204300880432,0.6386678814888,false,2
9321,0.7133044124517542,0.692628026008606,0.689932107925415,false,5
9322,0.328905599625318,0.37481021881103516,0.37154653668403625,false,5
9323,0.42965450301999647,0.4881282448768616,0.49023476243019104,false,2
9324,0.30095155132512696,0.3273308277130127,0.33114898204803467,false,1
9328,0.40961545265378624,0.4589858949184418,0.45957621932029724,false,1
9329,0.27730550675574983,0.24418367445468903,0.28426751494407654,false,1
9330,0.23306340876685616,0.2549508512020111,0.25352510809898376,false,2
9331,0.25983705726128176,0.22874699532985687,0.23370403051376343,false,1
9333,0.29445383687867643,0.3772897720336914,0.37548312544822693,false,3
9336,0.2336078511987955,0.22836506366729736,0.205656036734581,false,4
9337,0.13638927290030226,0.23268412053585052,0.24144139885902405,false,4
9338,0.2292467290262977,0.2549508512020111,0.25352510809898376,false,2
9339,0.3435628373652843,0.34886279702186584,0.3803725242614746,false,1
9340,0.20262377669265322,0.2677497863769531,0.26448893547058105,false,5
9341,0.18863314418957003,0.2650010287761688,0.27918848395347595,false,4
9342,0.26779492002074967,0.27487796545028687,0.27383434772491455,false,5
9343,0.18250724914661606,0.23561996221542358,0.23317357897758484,false,5
9345,0.3056850020252901,0.2695653438568115,0.25274941325187683,false,4
9347,0.05177549237364316,0.20497001707553864,0.20669259130954742,false,3
9348,0.2336078511987955,0.22836506366729736,0.205656036734581,false,4
9349,0.518302410376473,0.3786279261112213,0.4049799144268036,false,4
9350,0.2886565762357899,0.2861197292804718,0.2848881781101227,false,2
9351,0.1842852366685007,0.22840215265750885,0.23442474007606506,false,2
9352,0.21091427372193977,0.2677497863769531,0.2609395682811737,false,5
9355,0.268129307375105,0.30360060930252075,0.3018728494644165,false,2
9356,0.2464834032379085,0.2549508512020111,0.25352510809898376,false,2
9357,0.4850176510457754,0.5182617902755737,0.5138798356056213,false,5
9358,0.45908913554744113,0.46735984086990356,0.47064104676246643,false,2
9359,0.1842720604146609,0.18649399280548096,0.18094493448734283,false,1
9360,0.33527978218313126,0.40296658873558044,0.4014376401901245,false,3
9361,0.47990791309351977,0.594655454158783,0.530102550983429,false,1
9362,0.1867188514473815,0.2859036326408386,0.28353065252304077,false,4
9363,0.4588258946628532,0.5315666198730469,0.5345510244369507,false,1
9364,0.3739418107423836,0.39332252740859985,0.39078593254089355,false,2
9365,0.31285497161151715,0.30231785774230957,0.2771657705307007,false,4
9366,0.2764740874833879,0.2818078398704529,0.2828075885772705,false,3
9370,0.32007033204174157,0.23894181847572327,0.3047446608543396,false,1
9371,0.4723684225804018,0.47650033235549927,0.5766263008117676,false,1
9373,0.3379344249839016,0.3863688111305237,0.39654725790023804,false,4
9374,0.19266039844505603,0.2566320300102234,0.26520851254463196,false,1
9375,0.17939107514924885,0.2064354419708252,0.18404778838157654,false,1
9376,0.40282213567792036,0.3247569501399994,0.27677035331726074,false,4
9378,0.5212693621962459,0.5199137330055237,0.5184241533279419,false,5
9379,0.23938609894550933,0.277452290058136,0.27512526512145996,false,5
9380,0.41357109696833616,0.4162331521511078,0.41414985060691833,false,2
9384,0.38687669385352513,0.4191378355026245,0.4173278212547302,false,5
9388,0.30507128739423645,0.30652838945388794,0.2999790608882904,false,4
9389,0.3361906737600855,0.49934887886047363,0.5012527704238892,false,3
9390,0.5891526721661466,0.6401541233062744,0.6343306303024292,false,5
9392,0.5806586104050838,0.6813669204711914,0.6802313327789307,false,3
9393,0.571413669143899,0.6658704280853271,0.6693269610404968,false,5
9394,0.3087186076124665,0.31538209319114685,0.30978864431381226,false,3
9395,0.1549248229840335,0.2781519293785095,0.2912651300430298,false,4
9396,0.20861187756051852,0.2579449415206909,0.31350284814834595,false,1
9397,0.7402736047157731,0.8000187873840332,0.8077839612960815,false,5
9398,0.454639251565124,0.5295746922492981,0.5297756195068359,false,3
9399,0.417928369017227,0.5539096593856812,0.5172509551048279,false,4
9400,0.1804806941026457,0.22110208868980408,0.23032507300376892,false,2
9401,0.1804806941026457,0.22110208868980408,0.23032507300376892,false,2
9402,0.7541297635389249,0.792285680770874,0.7928519248962402,false,3
9403,0.24187115946355062,0.23816122114658356,0.2366626262664795,false,3
9404,0.34050916398441317,0.39955177903175354,0.4185692369937897,false,4
9405,0.3624438354074101,0.4733496606349945,0.4434065818786621,false,4
9406,0.5213249619529257,0.2878807485103607,0.28873226046562195,false,3
9407,0.21706239944869124,0.2322082370519638,0.23985153436660767,false,2
9408,0.7432077279232161,0.7811704277992249,0.7606365084648132,false,4
9409,0.7106128783672243,0.7689818739891052,0.7666584253311157,false,2
9410,0.6313435499292531,0.5453597903251648,0.5807366371154785,false,1
9411,0.6885797619159493,0.7535092234611511,0.747692346572876,false,2
9412,0.4938612239156515,0.5070963501930237,0.5091489553451538,false,2
9413,0.502828223193761,0.6149247288703918,0.6204935312271118,false,3
9414,0.7004798735319501,0.7363448143005371,0.7443802356719971,false,2
9415,0.5170889844944998,0.47535571455955505,0.47243058681488037,false,5
9416,0.727281642658011,0.7508899569511414,0.7503663897514343,false,2
9417,0.3579190649693104,0.4035363793373108,0.39676323533058167,false,3
9418,0.5688151895561223,0.6049438118934631,0.6032565236091614,false,3
9420,0.7423747374562852,0.7461616396903992,0.7436009049415588,false,2
9421,0.4937322378218464,0.6306450963020325,0.6840803027153015,false,1
9422,0.5207860613960935,0.5707506537437439,0.5703962445259094,false,2
9423,0.6280942616629355,0.7005231976509094,0.6975319981575012,false,3
9424,0.3664263800999481,0.6150307059288025,0.5706378221511841,false,4
9425,0.5027680465387574,0.5847139358520508,0.6080629825592041,false,4
9426,0.7003528535824982,0.7646288275718689,0.6125349402427673,false,1
9427,0.48059974717573484,0.5504159927368164,0.5451314449310303,false,5
9428,0.4460305113289481,0.5778151154518127,0.5812522768974304,false,2
9429,0.345883722637012,0.562904953956604,0.515783965587616,false,4
9430,0.5978949710761301,0.5351731777191162,0.5127074122428894,false,1
9431,0.24858781339569294,0.2617616355419159,0.26700708270072937,false,5
9432,0.345883722637012,0.562904953956604,0.515783965587616,false,4
9433,0.7331095219895128,0.7767254114151001,0.7564927935600281,false,1
9434,0.36224351274711464,0.2971475124359131,0.2810148000717163,false,1
9435,0.46413790597498683,0.5350602269172668,0.5271593928337097,false,4
9437,0.6124885417894004,0.696971595287323,0.7007150053977966,false,5
9438,0.5367057448068142,0.6148850917816162,0.6183566451072693,false,2
9439,0.6657767012111967,0.7005231976509094,0.6975319981575012,false,3
9440,0.4181661509374369,0.45198994874954224,0.41102612018585205,false,1
9441,0.7543040730757846,0.8202465176582336,0.7695572972297668,false,4
9442,0.3731588452695189,0.32327714562416077,0.32982832193374634,false,1
9443,0.33792037381810813,0.38453030586242676,0.3902941644191742,false,4
9444,0.6050042652973002,0.5371500849723816,0.5382842421531677,false,1
9445,0.42798026455570726,0.5205312967300415,0.5242505669593811,false,3
9446,0.3126927663544042,0.3518833518028259,0.34497347474098206,false,2
9447,0.4852614953025826,0.7067719101905823,0.7194499969482422,false,2
9448,0.5865679657835245,0.652514636516571,0.6852729320526123,false,4
9449,0.49692300791739874,0.5037654042243958,0.520107626914978,false,2
9450,0.49539238052742696,0.5584205389022827,0.5725305080413818,false,2
9451,0.6936283577645515,0.6736839413642883,0.6716877818107605,false,3
9452,0.4915607129765403,0.5474919080734253,0.5432205200195312,false,2
9453,0.47637564542028393,0.5941697955131531,0.5975918769836426,false,3
9454,0.47482662293060857,0.43662577867507935,0.4355463683605194,false,2
9455,0.3062352262989536,0.33088138699531555,0.3279697299003601,false,2
9457,0.3151984853076953,0.2792905569076538,0.3307621479034424,false,1
9458,0.523149329844985,0.6675209999084473,0.667068600654602,false,2
9459,0.30402863484003273,0.3422596752643585,0.3334878087043762,false,3
9460,0.4535931829126321,0.4836367666721344,0.4878653883934021,false,3
9461,0.29253452317779627,0.38022980093955994,0.33606696128845215,false,1
9462,0.3347789762252374,0.539421796798706,0.5356194972991943,false,4
9463,0.40388155887370275,0.4675460159778595,0.4719642102718353,false,4
9464,0.28736682604550684,0.23247405886650085,0.2635796070098877,false,1
9465,0.4625160101791817,0.5260012149810791,0.5310975313186646,false,3
9466,0.19320789239810804,0.12167771905660629,0.1261283904314041,false,5
9467,0.22441628965635763,0.19397340714931488,0.19692976772785187,false,5
9468,0.28933522580724885,0.2801806926727295,0.27402859926223755,false,2
9469,0.3037194168357385,0.21756918728351593,0.1860325038433075,false,1
9470,0.5900784540021382,0.7273963689804077,0.7053008675575256,false,4
9471,0.46319974612623105,0.46835729479789734,0.47030434012413025,false,2
9472,0.24487390052328117,0.4629671275615692,0.46939873695373535,false,4
9473,0.22704164030619467,0.30667561292648315,0.3161018490791321,false,4
9474,0.2752072555042793,0.4555397033691406,0.4363090991973877,false,4
9475,0.371674931458913,0.3466007709503174,0.3327067196369171,false,4
9476,0.30198500376824416,0.31710219383239746,0.3160688281059265,false,2
9477,0.19363410963710517,0.24345988035202026,0.22933438420295715,false,2
9478,0.33221975374430107,0.38559022545814514,0.38661420345306396,false,5
9479,0.23879794818097833,0.25470399856567383,0.2441168874502182,false,2
9481,0.7983186680726664,0.8484379053115845,0.8707655668258667,false,1
9482,0.298224588281142,0.4535573124885559,0.4916664958000183,false,4
9483,0.19907380352454318,0.17858488857746124,0.18065010011196136,false,5
9484,0.37027416101700156,0.44101837277412415,0.4394490718841553,false,4
9485,0.3777761093581983,0.5390419363975525,0.5350154638290405,false,3
9486,0.27687818579897283,0.3087221682071686,0.31133511662483215,false,5
9487,0.24390884962670828,0.3525729775428772,0.346253365278244,false,3
9488,0.39273510134506834,0.30123066902160645,0.3451041281223297,false,1
9489,0.5202936235658785,0.5304746031761169,0.5298445820808411,false,5
9490,0.5962165016793788,0.6035460233688354,0.6040974855422974,false,1
9491,0.4773613253881763,0.5216566324234009,0.5253341794013977,false,3
9492,0.5023016719976924,0.544355034828186,0.5396026372909546,false,4
9493,0.4773613253881763,0.5216566324234009,0.5253341794013977,false,3
9494,0.40694906041109524,0.4989328682422638,0.4985601305961609,false,2
9495,0.4680883459735231,0.5298775434494019,0.5295054316520691,false,2
9496,0.35657969044619053,0.37810733914375305,0.4081443250179291,false,1
9497,0.24714564067432931,0.41689637303352356,0.41271600127220154,false,3
9499,0.47190687005990306,0.5281310677528381,0.5277671813964844,false,2
9500,0.38395548571740595,0.5561185479164124,0.5558624267578125,false,2
9504,0.8808879197263608,0.9120697379112244,0.9090198874473572,false,2
9505,0.2585592500736851,0.33232882618904114,0.31378912925720215,false,4
9506,0.7606014009137216,0.7751518487930298,0.7781392931938171,false,1
9507,0.5717310007761539,0.6854243874549866,0.6045893430709839,false,1
9508,0.42813717041360155,0.5862822532653809,0.5888352990150452,false,3
9509,0.3189558120136438,0.5326120853424072,0.5338069796562195,false,3
9510,0.6940950624630317,0.5651683807373047,0.5681270956993103,false,1
9513,0.5995545312675588,0.524970531463623,0.5359135866165161,false,3
9515,0.29664833520844935,0.5320590734481812,0.5256502628326416,false,4
9519,0.5870202753718629,0.5710291266441345,0.5632357001304626,false,2
9520,0.3638843080145044,0.3331182301044464,0.3304053544998169,false,3
9521,0.31285497161151715,0.30231785774230957,0.2771657705307007,false,4
9522,0.5667736864248508,0.6651464700698853,0.6896124482154846,false,4
9523,0.6464460034030859,0.6214379072189331,0.6194300651550293,false,2
9524,0.34152420264758354,0.37403756380081177,0.3766630291938782,false,1
9525,0.3062290953323983,0.44123566150665283,0.475115031003952,false,4
9526,0.6177569622699345,0.6423730254173279,0.6472222208976746,false,2
9527,0.7625235330118175,0.7937549352645874,0.795703113079071,false,5
9528,0.533567687333631,0.48962923884391785,0.48565343022346497,false,1
9529,0.23089933719531242,0.3496970534324646,0.365894615650177,false,4
9530,0.48097693555761817,0.6250375509262085,0.6216123700141907,false,5
9532,0.6131974275286197,0.6276454329490662,0.6288145780563354,false,2
9533,0.3003777985714555,0.44823095202445984,0.4464229643344879,false,3
9534,0.3994041773460754,0.4549786150455475,0.4569185674190521,false,2
9535,0.3633180349798713,0.3853914737701416,0.38435038924217224,false,2
9536,0.38309566699992254,0.41005638241767883,0.41429832577705383,false,3
9537,0.3114077876839522,0.2661433815956116,0.27020636200904846,false,3
9538,0.5412254947940623,0.5693649649620056,0.571306586265564,false,2
9539,0.4969723574046029,0.657888650894165,0.6555177569389343,false,3
9541,0.6594279797419645,0.7466701865196228,0.749350905418396,false,2
9542,0.28347918786020765,0.24504680931568146,0.19706813991069794,false,1
9543,0.5931389455138639,0.5346014499664307,0.5348599553108215,false,3
9545,0.3574081364610337,0.27242526412010193,0.27042198181152344,false,2
9547,0.2921060647168299,0.34360089898109436,0.37190699577331543,false,4
9548,0.19907380352454318,0.17858488857746124,0.18065010011196136,false,5
9549,0.6445268510868215,0.6344984769821167,0.6108872890472412,false,1
9550,0.39348605582154333,0.47464263439178467,0.46666190028190613,false,4
9551,0.36010221154027805,0.454194039106369,0.45476698875427246,false,3
9552,0.39348605582154333,0.47464263439178467,0.46666190028190613,false,4
9553,0.5074481183700263,0.5853683948516846,0.5851406455039978,false,2
9554,0.71759003863491,0.7681394815444946,0.7612851858139038,false,5
9555,0.5927563434396286,0.6728293299674988,0.6681769490242004,false,3
9556,0.552462750765374,0.5892660021781921,0.5810766220092773,false,1
9557,0.5211245721152267,0.5760967135429382,0.5689180493354797,false,5
9558,0.7310662454169402,0.6445446610450745,0.6325770616531372,false,4
9559,0.42933404213700527,0.4681013226509094,0.46893858909606934,false,5
9560,0.3783943320550389,0.3878104090690613,0.4103744328022003,false,1
9561,0.46395041985697394,0.544730544090271,0.5633693337440491,false,4
9562,0.21711562437166484,0.4405355751514435,0.45754674077033997,false,4
9563,0.4168207267137054,0.435234010219574,0.4329567551612854,false,5
9564,0.36083910137401504,0.42948558926582336,0.4125429093837738,false,4
9565,0.8872666520430852,0.8654622435569763,0.8678411245346069,false,4
9566,0.5133989763842822,0.5904089212417603,0.6012734770774841,false,3
9567,0.2454600194619168,0.21507446467876434,0.21077170968055725,false,1
9568,0.21091427372193977,0.2677497863769531,0.2609395682811737,false,5
9569,0.24943432960316417,0.3306805193424225,0.3208823800086975,false,1
9570,0.1907693447333948,0.25209832191467285,0.2540903687477112,false,3
9571,0.24943432960316417,0.3306805193424225,0.3208823800086975,false,1
9572,0.1907693447333948,0.25209832191467285,0.2540903687477112,false,3
9573,0.21954565752112892,0.24348588287830353,0.24207159876823425,false,2
9574,0.25573065831524916,0.24384833872318268,0.24401763081550598,false,2
9575,0.42936622356607196,0.5243167877197266,0.5403041839599609,false,4
9576,0.31642797605958994,0.22362041473388672,0.22697961330413818,false,3
9578,0.13961650005712345,0.23199443519115448,0.2339852750301361,false,3
9580,0.13961650005712345,0.23199443519115448,0.2339852750301361,false,3
9581,0.5200490150002699,0.4600220024585724,0.466201514005661,false,4
9582,0.2785389704249999,0.21543030440807343,0.23993852734565735,false,4
9584,0.6260161996528025,0.686683714389801,0.6885949969291687,false,2
9585,0.5123451947785971,0.4837208688259125,0.499216228723526,false,3
9587,0.17241568688407857,0.18110120296478271,0.1763966679573059,false,1
9588,0.2871195877303697,0.2611624002456665,0.2605316638946533,false,2
9589,0.23621845623342344,0.26296210289001465,0.2660790979862213,false,2
9590,0.2536510675691294,0.2635113000869751,0.2620345652103424,false,5
9591,0.4372218720062245,0.48903757333755493,0.48877620697021484,false,5
9592,0.6156842431164321,0.5817784667015076,0.587417721748352,false,1
9593,0.2749910744659428,0.3871786892414093,0.38857677578926086,false,3
9594,0.215630516621529,0.3620437979698181,0.3793855607509613,false,4
9595,0.742058168946691,0.8522748351097107,0.8494722247123718,false,3
9596,0.22606369327685197,0.26847153902053833,0.2664420008659363,false,5
9597,0.2127176989305019,0.25018298625946045,0.24942180514335632,false,5
9598,0.6054524503817734,0.7014108896255493,0.682907223701477,false,1
9599,0.36282883429870677,0.4437808394432068,0.44384798407554626,false,5
9600,0.22128042458441172,0.30536070466041565,0.30725327134132385,false,5
9601,0.6486588055620593,0.7511547207832336,0.7517013549804688,false,3
9602,0.48653269435850705,0.5451026558876038,0.5473303198814392,false,1
9603,0.2826301250187715,0.3584352433681488,0.3525780737400055,false,3
9604,0.25480953908955795,0.2571154236793518,0.256928414106369,false,2
9605,0.38149498118798675,0.37346526980400085,0.3984413146972656,false,4
9606,0.38149498118798675,0.37346526980400085,0.3984413146972656,false,4
9607,0.26361174780223434,0.27695202827453613,0.2680540978908539,false,4
9608,0.17351094346675114,0.15143218636512756,0.12683244049549103,false,1
9610,0.21853804795282472,0.2649077773094177,0.2675324082374573,false,3
9611,0.2991237870082972,0.3452388048171997,0.3422791659832001,false,2
9612,0.09542406268648561,0.3025023341178894,0.3069392740726471,false,3
9614,0.29308652969161575,0.2833660840988159,0.3182404935359955,false,1
9616,0.22606369327685197,0.26847153902053833,0.2664420008659363,false,5
9617,0.29308652969161575,0.2833660840988159,0.3182404935359955,false,1
9618,0.42819703907678863,0.4726445972919464,0.46504974365234375,false,2
9619,0.36580774381744163,0.332587331533432,0.32329684495925903,false,3
9620,0.5404075205021569,0.6041403412818909,0.6294592022895813,false,1
9623,0.23208944343467958,0.24348588287830353,0.24300110340118408,false,2
9625,0.4314004416559953,0.4529416859149933,0.43093955516815186,false,1
9626,0.6030839373250867,0.618824303150177,0.6229511499404907,false,2
9627,0.6887076965252088,0.6868001222610474,0.6869536638259888,false,4
9628,0.174121185821135,0.21832433342933655,0.21806876361370087,false,2
9629,0.5628142553750102,0.5778920650482178,0.578098714351654,false,3
9630,0.38220816931314305,0.40431126952171326,0.4015110433101654,false,3
9631,0.2243996175938421,0.19720901548862457,0.20086154341697693,false,5
9632,0.5514692137482196,0.5513527989387512,0.5508298277854919,false,2
9633,0.29797392233094533,0.29098883271217346,0.2929595410823822,false,5
9634,0.2542699812140274,0.27487796545028687,0.27383434772491455,false,5
9635,0.2532132276724786,0.4256506860256195,0.4368453323841095,false,4
9637,0.39717176405460686,0.30647966265678406,0.33563974499702454,false,1
9638,0.1495407772852109,0.2056950479745865,0.20875217020511627,false,5
9639,0.1894674101698095,0.3197620213031769,0.30905881524086,false,4
9640,0.12814944978430332,0.2119079828262329,0.2146746814250946,false,3
9641,0.33849326457118445,0.3342987895011902,0.3072255849838257,false,1
9642,0.24136055995892292,0.23420153558254242,0.23248684406280518,false,3
9643,0.4259362072673072,0.48187345266342163,0.4789140224456787,false,2
9644,0.8001663754557512,0.8179231286048889,0.8216485977172852,false,5
9645,0.33388595947270294,0.3482324779033661,0.34701335430145264,false,2
9646,0.46316995782554776,0.3932989835739136,0.3826903700828552,false,4
9647,0.4144490414188796,0.43448638916015625,0.4363599121570587,false,5
9648,0.23314539394810804,0.24178902804851532,0.25199228525161743,false,5
9649,0.3289834267310572,0.34777382016181946,0.34858062863349915,false,5
9650,0.30012920382850716,0.4342529773712158,0.38587015867233276,false,4
9651,0.48676824894656995,0.4188723862171173,0.4191489815711975,false,2
9652,0.19956740130757225,0.37083160877227783,0.3788410425186157,false,3
9653,0.5545036618506641,0.5725440979003906,0.5748622417449951,false,5
9654,0.39654234354639717,0.5293455123901367,0.5207322835922241,false,2
9655,0.4306708441171158,0.46516165137290955,0.49334144592285156,false,1
9656,0.19371037280694903,0.21497707068920135,0.21477095782756805,false,2
9657,0.15993728627600945,0.17592975497245789,0.18790742754936218,false,5
9658,0.22807747421825408,0.24609579145908356,0.2448868304491043,false,5
9659,0.5275935127594058,0.5318955183029175,0.4366016685962677,false,1
9660,0.5814839896792275,0.5659270882606506,0.5687781572341919,false,3
9661,0.2132000950169412,0.2748459577560425,0.2590219974517822,false,2
9662,0.23572612175068436,0.25414344668388367,0.25397008657455444,false,5
9663,0.3485410111047787,0.4100258946418762,0.40652233362197876,false,3
9664,0.4583850831062721,0.5189016461372375,0.5190457105636597,false,5
9665,0.18665106895022315,0.13806626200675964,0.11874262988567352,false,1
9667,0.4658801852430332,0.33887627720832825,0.3297734558582306,false,4
9668,0.3737389667084809,0.40225183963775635,0.4022623300552368,false,2
9669,0.626898112488474,0.6455801725387573,0.6242247223854065,false,1
9671,0.428434624035123,0.4638056457042694,0.4558422565460205,false,3
9673,0.3533610891396517,0.3132355809211731,0.32394906878471375,false,1
9674,0.10393099774621513,0.13076278567314148,0.13680198788642883,false,4
9675,0.32439115509131833,0.2974010705947876,0.268648236989975,false,1
9676,0.3048867916224001,0.24535462260246277,0.26165905594825745,false,1
9677,0.3909135406934727,0.4366505444049835,0.4343608617782593,false,5
9678,0.42226721562365166,0.4793524146080017,0.4800371527671814,false,1
9679,0.1770364838380247,0.18895363807678223,0.19027522206306458,false,3
9680,0.26306282285654586,0.367128849029541,0.3648260533809662,false,3
9681,0.2778167359824129,0.3950057625770569,0.39701607823371887,false,3
9682,0.2778167359824129,0.3950057625770569,0.39701607823371887,false,3
9683,0.34717530105974054,0.36791232228279114,0.36769962310791016,false,5
9684,0.2314962981784223,0.2631346881389618,0.29288607835769653,false,4
9685,0.32857174827058444,0.25493574142456055,0.2178363800048828,false,1
9686,0.3654971891614076,0.3969559073448181,0.3948618471622467,false,2
9687,0.2077999344760681,0.21604840457439423,0.22903238236904144,false,4
9688,0.374642857629383,0.4405539929866791,0.43822214007377625,false,2
9689,0.40050584098834185,0.5031773447990417,0.5029358267784119,false,2
9690,0.16258920667520413,0.1817774623632431,0.18560883402824402,false,4
9691,0.4705379429357803,0.4358580708503723,0.4331676959991455,false,3
9692,0.38618549376101535,0.4545476734638214,0.4537642002105713,false,3
9693,0.44043162452482393,0.40655407309532166,0.38167133927345276,false,1
9694,0.5823367113288015,0.5632683038711548,0.6055535078048706,false,1
9695,0.31901070603530324,0.32306089997291565,0.33422550559043884,false,2
9696,0.5438758718128147,0.6326448917388916,0.6294005513191223,false,5
9697,0.3503367630430404,0.5502897500991821,0.548653781414032,false,3
9698,0.5981009868199384,0.6490890979766846,0.6517612934112549,false,5
9699,0.6138273693379772,0.6597427129745483,0.664841890335083,false,5
9700,0.6218430783520796,0.7094576954841614,0.7046219110488892,false,5
9701,0.2531699136714585,0.33170291781425476,0.3263285756111145,false,3
9702,0.2712441010786598,0.4327426850795746,0.4356502592563629,false,4
9703,0.5858864831110717,0.6653538346290588,0.6674373745918274,false,2
9704,0.5863121053045502,0.5850539207458496,0.5772601962089539,false,3
9705,0.31679017917602587,0.37238413095474243,0.3678310215473175,false,2
9706,0.30907659327547127,0.40269672870635986,0.39889103174209595,false,3
9707,0.3170265177568049,0.3700796961784363,0.36747199296951294,false,2
9708,0.5545389084242972,0.5901626944541931,0.588019609451294,false,2
9709,0.25330543128614635,0.1545095294713974,0.1607934534549713,false,1
9710,0.25330543128614635,0.1545095294713974,0.1607934534549713,false,1
9711,0.19558104211342203,0.19438235461711884,0.20009055733680725,false,2
9712,0.19111421673436993,0.09222224354743958,0.09159553050994873,false,1
9714,0.20239139669290865,0.2307949960231781,0.22434592247009277,false,2
9715,0.22024076669212725,0.38903602957725525,0.3895806670188904,false,3
9716,0.31785133125233656,0.4236665666103363,0.42491063475608826,false,3
9717,0.27141432380622965,0.434074729681015,0.4287089407444,false,3
9718,0.1546968987988052,0.20609790086746216,0.20032626390457153,false,4
9719,0.1781953463255752,0.2517031729221344,0.2488510012626648,false,3
9720,0.12992673172948113,0.14371004700660706,0.15192967653274536,false,4
9721,0.5744202985885409,0.3134384751319885,0.31977808475494385,false,4
9722,0.13639246533480273,0.1949840635061264,0.19974616169929504,false,4
9723,0.1375429880038899,0.26386043429374695,0.2655286490917206,false,3
9724,0.25481047911671145,0.22667846083641052,0.24619297683238983,false,4
9726,0.22663228551634124,0.18992175161838531,0.17800100147724152,false,4
9727,0.1781953463255752,0.2517031729221344,0.2488510012626648,false,3
9729,0.2237013231559504,0.1463957279920578,0.1291598230600357,false,1
9730,0.23019881520144128,0.2582300007343292,0.2574883699417114,false,2
9731,0.6854045581150937,0.821099579334259,0.8251121044158936,false,3
9732,0.6670867098347649,0.7440287470817566,0.7502973079681396,false,3
9733,0.35747758482461167,0.35661447048187256,0.3624030351638794,false,5
9734,0.7733873944282851,0.7963483929634094,0.7991666793823242,false,3
9735,0.3294600913394191,0.28213053941726685,0.2886848747730255,false,3
9737,0.5387706931434874,0.5537012815475464,0.5533328652381897,false,2
9738,0.6370211668822447,0.5856431126594543,0.588398277759552,false,3
9739,0.28671676866364804,0.23875004053115845,0.24654549360275269,false,2
9740,0.15665031615701117,0.1940547525882721,0.20894768834114075,false,4
9744,0.2911131798350426,0.37527623772621155,0.3134138882160187,false,1
9746,0.3383492184947173,0.3771408200263977,0.37597888708114624,false,2
9747,0.29731567304384643,0.2918916940689087,0.2832794487476349,false,4
9748,0.3747087168307239,0.4868564009666443,0.45776841044425964,false,1
9749,0.3641258381932006,0.44821929931640625,0.4479265511035919,false,3
9750,0.3169759384744507,0.351389616727829,0.35016536712646484,false,2
9751,0.1912013707555587,0.21607159078121185,0.20617958903312683,false,4
9752,0.2592945466185149,0.25688329339027405,0.25708574056625366,false,2
9753,0.1524908234610953,0.2321753054857254,0.2340591847896576,false,3
9754,0.2592945466185149,0.25688329339027405,0.25708574056625366,false,2
9755,0.43966909805213805,0.5255086421966553,0.5174534320831299,false,4
9756,0.28451879575697553,0.23452425003051758,0.2397300750017166,false,2
9757,0.20789745467036333,0.2566835582256317,0.2557762861251831,false,5
9758,0.2389044242516827,0.2543945908546448,0.25581154227256775,false,5
9759,0.20789745467036333,0.2566835582256317,0.2557762861251831,false,5
9760,0.2776873847589353,0.3351564407348633,0.34149640798568726,false,2
9761,0.2533901868753744,0.29334405064582825,0.2947401702404022,false,5
9762,0.3849498972704932,0.43397632241249084,0.4363759160041809,false,2
9763,0.16000898941839353,0.2283722311258316,0.23128502070903778,false,3
9764,0.6277797632981261,0.6731403470039368,0.6391487121582031,false,1
9765,0.4894291835318056,0.584356427192688,0.5369963645935059,false,1
9766,0.25363113020184774,0.5404202342033386,0.5091562867164612,false,4
9767,0.45155014702611473,0.42119449377059937,0.49390390515327454,false,1
9768,0.2773369382826558,0.5404202342033386,0.5091562867164612,false,4
9769,0.42341422432632797,0.5861084461212158,0.5845327973365784,false,3
9770,0.5401579490521645,0.5891057848930359,0.583376944065094,false,3
9775,0.29922859751899156,0.3664637804031372,0.36536842584609985,false,5
9778,0.34582579324226864,0.24691647291183472,0.24747097492218018,false,3
9780,0.1242174532339006,0.2499156892299652,0.24919044971466064,false,4
9781,0.12483005457734561,0.18811644613742828,0.21289224922657013,false,4
9782,0.1878641681414293,0.251117467880249,0.2507396340370178,false,3
9783,0.17005839512880402,0.16331994533538818,0.1607864499092102,false,1
9784,0.1242174532339006,0.2499156892299652,0.24919044971466064,false,4
9785,0.5065564319240319,0.5334250330924988,0.5329011082649231,false,2
9786,0.24085641058259566,0.26296210289001465,0.26955774426460266,false,2
9795,0.32139020054988277,0.32573992013931274,0.3246760666370392,false,2
9797,0.37060246323892976,0.5687190294265747,0.5657107830047607,false,5
9802,0.7442516746611593,0.7910268306732178,0.7939868569374084,false,5
9803,0.2502525726460881,0.29783397912979126,0.2844395935535431,false,5
9805,0.37060246323892976,0.5687190294265747,0.5657107830047607,false,5
9806,0.07132838647117735,0.2065867930650711,0.20490001142024994,false,3
9808,0.40525705805984347,0.5010166764259338,0.4986000657081604,false,2
9809,0.6989784625127017,0.8129714131355286,0.818336009979248,false,3
9811,0.7275296275606727,0.5299687385559082,0.5542823672294617,false,4
9812,0.41018305241100145,0.46790164709091187,0.46904662251472473,false,3
9815,0.7185189967410114,0.6797860264778137,0.679196298122406,false,1
9816,0.42113158872528006,0.4348091781139374,0.4325339198112488,false,5
9817,0.3432349610865164,0.3513094484806061,0.3225134313106537,false,2
9820,0.5015369125465103,0.6345168352127075,0.6313937902450562,false,2
9822,0.6681884065260261,0.6500614285469055,0.5867196917533875,false,1
9823,0.6931679655689915,0.6431447863578796,0.6481214761734009,false,3
9824,0.39522916488512616,0.47522154450416565,0.4851858913898468,false,3
9825,0.321234200439003,0.3962162435054779,0.39215385913848877,false,3
9826,0.46180961906674506,0.6265082955360413,0.6034144759178162,false,4
9828,0.28535651449522825,0.38032880425453186,0.3761029839515686,false,3
9829,0.5548287486785789,0.5594117045402527,0.5506889224052429,false,4
9831,0.3401760649572392,0.35317716002464294,0.35054829716682434,false,3
9835,0.2582624884888223,0.2267587035894394,0.22499272227287292,false,2
9838,0.37941692006936173,0.40073925256729126,0.39446085691452026,false,1
9842,0.37448497833494926,0.3924669623374939,0.3985064923763275,false,2
9843,0.28167212161043176,0.26638635993003845,0.2646876871585846,false,2
9844,0.24118413437695044,0.24978691339492798,0.2516222894191742,false,3
9845,0.23428239648492252,0.24796399474143982,0.24655331671237946,false,2
9846,0.31936118628533494,0.3322557210922241,0.3243056833744049,false,4
9847,0.46348423575803294,0.5184335708618164,0.5205962061882019,false,3
9848,0.39762451410690713,0.41550758481025696,0.4132953882217407,false,3
9849,0.11813423351549888,0.23463670909404755,0.23405040800571442,false,3
9850,0.037780948256593526,0.16946110129356384,0.17127765715122223,false,3
9851,0.3443117798673559,0.21437765657901764,0.21447359025478363,false,4
9852,0.27114955445630295,0.26013192534446716,0.26300162076950073,false,1
9853,0.27114955445630295,0.26013192534446716,0.26300162076950073,false,1
9854,0.4475872647878598,0.4644811749458313,0.46657392382621765,false,5
9856,0.13818753062812658,0.3000321686267853,0.3154621124267578,false,4
9858,0.28047279065493724,0.360497385263443,0.35851749777793884,false,5
9859,0.21850028272819666,0.1528962105512619,0.14983387291431427,false,1
9860,0.20749655149035579,0.2485061138868332,0.24813087284564972,false,3
9861,0.24294607366342574,0.4219583570957184,0.4116266071796417,false,4
9862,0.44252437248734167,0.5547528266906738,0.5522336363792419,false,5
9863,0.38416195716048657,0.3108285367488861,0.32321661710739136,false,4
9864,0.3307627839780182,0.3802557587623596,0.39749136567115784,false,1
9865,0.201225389442841,0.2549508512020111,0.25352510809898376,false,2
9867,0.2497814191034937,0.27510321140289307,0.27425527572631836,false,2
9868,0.26707630609844396,0.3530876338481903,0.3459634780883789,false,5
9870,0.6064598053614718,0.553770124912262,0.5660641193389893,false,1
9871,0.3642123828426719,0.285496324300766,0.28927886486053467,false,1
9872,0.25442176823920504,0.2968117296695709,0.29931876063346863,false,5
9873,0.0647426948051948,0.23897647857666016,0.26657235622406006,false,4
9875,0.320050713520456,0.4206123650074005,0.42266350984573364,false,3
9878,0.438812376083241,0.4940831661224365,0.4829897880554199,false,4
9879,0.257853990139286,0.25103995203971863,0.2369215339422226,false,4
9886,0.48205640298242947,0.5433825850486755,0.5373944640159607,false,2
9887,0.5641438067358281,0.5954235196113586,0.595064640045166,false,5
9888,0.2961354156521546,0.31741878390312195,0.31616440415382385,false,2
9893,0.31682198279893736,0.3887961506843567,0.3840233087539673,false,2
9894,0.46296427768560433,0.4915879964828491,0.5142329335212708,false,1
9895,0.3755545189538466,0.4285776913166046,0.42810678482055664,false,5
9896,0.20944317545199895,0.35054153203964233,0.34546491503715515,false,4
9897,0.20944317545199895,0.35054153203964233,0.34546491503715515,false,4
9898,0.41657963391284253,0.4594060182571411,0.4548642337322235,false,2
9899,0.36914586509263,0.37682172656059265,0.3768835663795471,false,2
9900,0.20595155620523273,0.29629188776016235,0.29810595512390137,false,4
9901,0.44404356976710974,0.49289432168006897,0.4933896064758301,false,2
9902,0.19827409691757464,0.2677497863769531,0.26448893547058105,false,5
9903,0.3520826912823377,0.38694196939468384,0.38490426540374756,false,5
9908,0.34476487750006135,0.4033598303794861,0.4030773639678955,false,3
9909,0.27985757764716157,0.2864646315574646,0.2896576523780823,false,3
9910,0.2419178344625196,0.2677497863769531,0.2609395682811737,false,5
9911,0.38947286389991553,0.43391913175582886,0.43112847208976746,false,5
9912,0.22752660196620306,0.2553246021270752,0.2555321455001831,false,2
9915,0.3601996363009129,0.2430766373872757,0.25401780009269714,false,1
9916,0.42499984621558484,0.4965818226337433,0.49407535791397095,false,2
9917,0.14994609747401325,0.10093150287866592,0.06580101698637009,false,1
9918,0.041496881408065615,0.12838828563690186,0.11844183504581451,false,4
9919,0.14994609747401325,0.10093150287866592,0.06580101698637009,false,1
9920,0.041496881408065615,0.12838828563690186,0.11844183504581451,false,4
9921,0.2795284122234466,0.4029649794101715,0.4162956476211548,false,1
9923,0.25095878093025226,0.29088133573532104,0.2870718240737915,false,5
9924,0.13934102501354406,0.28907889127731323,0.2923307418823242,false,3
9925,0.1515655057340193,0.2560538053512573,0.25606945157051086,false,3
9926,0.3338733220800416,0.47341200709342957,0.45722225308418274,false,4
9927,0.29483667344582204,0.4197653830051422,0.42287832498550415,false,3
9929,0.21367834615795725,0.29175713658332825,0.26776543259620667,false,1
9930,0.15144362855640803,0.2491471767425537,0.25279971957206726,false,3
9931,0.5265968011340241,0.5672628879547119,0.5751981139183044,false,5
9933,0.08396779408089314,0.2277706265449524,0.23239679634571075,false,3
9934,0.16223618842009607,0.33001962304115295,0.3663168251514435,false,4
9935,0.24926004212443886,0.248307004570961,0.24152857065200806,false,5
9936,0.23500350066618492,0.25324496626853943,0.2507232427597046,false,5
9938,0.23917798662748552,0.25470399856567383,0.2441168874502182,false,2
9939,0.23917798662748552,0.25470399856567383,0.2441168874502182,false,2
9940,0.3989187148654494,0.43354299664497375,0.4312571585178375,false,5
9941,0.11382180254250417,0.24875624477863312,0.24994833767414093,false,3
9942,0.1739281358255317,0.27091971039772034,0.2700994312763214,false,3
9943,0.2573412123646637,0.26847153902053833,0.26592403650283813,false,5
9944,0.26039817708422247,0.29088133573532104,0.2870718240737915,false,5
9945,0.2803380215292213,0.3634144961833954,0.36166346073150635,false,2
9946,0.20038590154233468,0.2643026113510132,0.26220351457595825,false,3
9947,0.24299234016853485,0.23335899412631989,0.2362494170665741,false,1
9948,0.46553926938190815,0.45718008279800415,0.45646804571151733,false,3
9950,0.25095878093025226,0.29088133573532104,0.2870718240737915,false,5
9951,0.17421781946124046,0.33766451478004456,0.3548422157764435,false,4
9952,0.23176353034592512,0.2677497863769531,0.26448893547058105,false,5
9954,0.1099373726208016,0.23042809963226318,0.23212943971157074,false,3
9955,0.37907091273662435,0.36867401003837585,0.3547806441783905,false,3
9956,0.29095429995663546,0.2716427445411682,0.2693709433078766,false,4
9957,0.7774991571526173,0.9217033386230469,0.9021264910697937,false,1
9958,0.3309312347829472,0.3423018455505371,0.3517663776874542,false,2
9959,0.44904077041364565,0.5004831552505493,0.4972640573978424,false,5
9960,0.3544144895029218,0.41577622294425964,0.45135992765426636,false,4
9962,0.7498219841924564,0.6685615181922913,0.6700476408004761,false,3
9963,0.30679436637313434,0.2998168170452118,0.3014802932739258,false,2
9964,0.5262935027844581,0.5957616567611694,0.5980437397956848,false,2
9966,0.15251643206172014,0.23585300147533417,0.23650598526000977,false,3
9967,0.3967392244437045,0.4026734530925751,0.4006235599517822,false,2
9969,0.3854699530952906,0.4268898665904999,0.4298222064971924,false,3
9971,0.48449964537183826,0.6478742957115173,0.6472687125205994,false,4
9973,0.3717123501013732,0.4279698431491852,0.4407224953174591,false,1
9974,0.3458632238585523,0.377188116312027,0.37789326906204224,false,5
9975,0.24639989950725308,0.2549508512020111,0.25352510809898376,false,2
9976,0.28117655216409315,0.21109966933727264,0.2326480597257614,false,1
9977,0.39038498871973026,0.43727296590805054,0.4238710403442383,false,4
9978,0.18394410307987952,0.15633216500282288,0.15794220566749573,false,1
9979,0.18133357351911228,0.2267587035894394,0.21975593268871307,false,2
9980,0.1975788327430438,0.19666075706481934,0.1987346112728119,false,5
9981,0.36165775226951696,0.3300607204437256,0.3144937753677368,false,4
9982,0.42776152752524443,0.47105130553245544,0.4730871915817261,false,3
9983,0.2621156099232726,0.40614089369773865,0.37154683470726013,false,4
9984,0.4038612534301752,0.4867594540119171,0.4847329556941986,false,5
9986,0.30089587949495317,0.3526136875152588,0.36655300855636597,false,2
9987,0.3783885189915096,0.4995042383670807,0.5038127899169922,false,3
9988,0.42943793222152543,0.4451657831668854,0.442753404378891,false,2
9989,0.1930490662402955,0.24307331442832947,0.23815932869911194,false,2
9990,0.30133250415262763,0.3498218059539795,0.33774808049201965,false,1
9991,0.2952842432566057,0.3685222864151001,0.3652890920639038,false,2
9992,0.2006363845501711,0.32199639081954956,0.31833621859550476,false,3
9993,0.2548998825789885,0.3236719071865082,0.3200016915798187,false,3
9994,0.4301131397350854,0.4500381350517273,0.4511634409427643,false,3
9995,0.2640677920359921,0.3080127537250519,0.3058497905731201,false,5
9996,0.3444761707805437,0.3488095700740814,0.32333502173423767,false,4
9997,0.5031351996323651,0.5425169467926025,0.5435035824775696,false,5
9998,0.36060222398334174,0.5004329681396484,0.49560487270355225,false,5
9999,0.7560640318487066,0.7809572219848633,0.7775108218193054,false,2
10000,0.27320141779326684,0.3165583610534668,0.3172183036804199,false,4
10001,0.39598038176624323,0.41382572054862976,0.40510040521621704,false,3
10002,0.5375116997093643,0.7032327651977539,0.7048043012619019,false,3
10003,0.5434660763811172,0.5048552751541138,0.5044562220573425,false,2
10004,0.24733721078299603,0.2872720956802368,0.28406134247779846,false,3
10005,0.30379657842561963,0.32914480566978455,0.3260123133659363,false,2
10006,0.5453980433428248,0.6956701874732971,0.711550772190094,false,4
10007,0.35430843220847336,0.3664751946926117,0.36782917380332947,false,5
10008,0.21424439641309637,0.2470453828573227,0.24879620969295502,false,5
10009,0.3855889745112794,0.4590803384780884,0.45649147033691406,false,3
10010,0.4557678216704149,0.3406568765640259,0.3345784842967987,false,3
10011,0.6638744737047145,0.8332958221435547,0.8266169428825378,false,5
10012,0.5342757798920963,0.5842371582984924,0.3756786286830902,false,1
10013,0.3968142271652401,0.43798813223838806,0.45025044679641724,false,5
10014,0.5004809226319055,0.4784810245037079,0.5309380888938904,false,1
10015,0.24954325209325673,0.35823938250541687,0.3569934070110321,false,1
10016,0.15727653001048447,0.20995382964611053,0.2066585272550583,false,3
10017,0.24594781684060568,0.2959686517715454,0.2957535982131958,false,5
10018,0.7311949285935258,0.7840673327445984,0.7716701626777649,false,5
10019,0.22541661539465935,0.3703221380710602,0.3707130551338196,false,3
10020,0.3877640339489164,0.4512917697429657,0.4430941045284271,false,1
10021,0.4590837718541833,0.42217928171157837,0.3951455354690552,false,4
10022,0.1771044709120647,0.22867362201213837,0.22734108567237854,false,2
10025,0.24047945868096585,0.2192479521036148,0.23206254839897156,false,1
10027,0.18231450597232843,0.2085135579109192,0.21934956312179565,false,1
10028,0.2659659334162691,0.2642258107662201,0.25815439224243164,false,5
10030,0.2615774757506568,0.2315468192100525,0.26063594222068787,false,4
10031,0.2424997312868921,0.2549508512020111,0.25352510809898376,false,2
10032,0.2530307057251988,0.24348588287830353,0.2382240742444992,false,2
10033,0.35918439425584325,0.3288114666938782,0.3033373951911926,false,1
10034,0.2222089141990502,0.20793962478637695,0.21545350551605225,false,1
10035,0.4608984361536793,0.5690684914588928,0.5668842196464539,false,2
10036,0.501384258933839,0.6544904708862305,0.656343400478363,false,3
10037,0.3261461622277465,0.45629364252090454,0.4040250778198242,false,4
10038,0.2454846383003576,0.2677497863769531,0.2609395682811737,false,5
10040,0.21652814172841262,0.35866495966911316,0.36683255434036255,false,4
10042,0.31356968737217294,0.4478692412376404,0.4453972280025482,false,3
10043,0.3813356109808398,0.2626704275608063,0.25959572196006775,false,3
10044,0.25653866912758283,0.32771992683410645,0.3254416882991791,false,5
10045,0.2924019241482827,0.40093693137168884,0.39755433797836304,false,3
10046,0.1664887934270899,0.09308818727731705,0.07989312708377838,false,1
10047,0.2062432955564526,0.24188858270645142,0.2405470758676529,false,2
10048,0.4641981013460022,0.5769614577293396,0.5761095881462097,false,2
10049,0.3793298231710553,0.435234010219574,0.4329567551612854,false,5
10052,0.02723538961038961,0.05694197490811348,0.07115068286657333,false,4
10053,0.5110776602877861,0.5164825320243835,0.5182937979698181,false,2
10054,0.2523256208967401,0.2938685417175293,0.2926098704338074,false,5
10055,0.43970832408625343,0.3925827145576477,0.3897054195404053,false,3
10057,0.31925531860676476,0.4286517798900604,0.4261029064655304,false,3
10058,0.2848777239230076,0.33173614740371704,0.3286787271499634,false,5
10061,0.3256858148880628,0.5371581315994263,0.5080322027206421,false,4
10062,0.2994368941129689,0.2760351300239563,0.27363380789756775,false,1
10063,0.26150109848157643,0.2619151771068573,0.26049908995628357,false,2
10064,0.22098076054153054,0.3036802411079407,0.29766735434532166,false,3
10066,0.25745158899999593,0.30130621790885925,0.2783827483654022,false,1
10067,0.2388191429805864,0.35774415731430054,0.34957632422447205,false,3
10068,0.09956304077535062,0.2384590059518814,0.2544969618320465,false,4
10069,0.2723398536356491,0.37070631980895996,0.37553849816322327,false,4
10070,0.2516216681592661,0.23612599074840546,0.2432522475719452,false,2
10071,0.1623105478542785,0.32916754484176636,0.3446466326713562,false,4
10072,0.25116058934798363,0.258610337972641,0.2191985696554184,false,1
10073,0.15834510648369343,0.08141335099935532,0.10595569014549255,false,4
10074,0.6534145671588175,0.5926648378372192,0.5981535315513611,false,1
10075,0.3639030306224148,0.43211737275123596,0.42764824628829956,false,2
10076,0.22278911708474028,0.2765967547893524,0.27420803904533386,false,3
10077,0.15109183965506814,0.1877714842557907,0.1962854117155075,false,5
10078,0.363540651719529,0.4286385774612427,0.4227922856807709,false,2
10079,0.278593394167676,0.29750296473503113,0.3035426437854767,false,3
10083,0.34699581829069875,0.16363488137722015,0.18321721255779266,false,1
10085,0.426363231069046,0.5815864205360413,0.6002264022827148,false,3
10086,0.5415178814726105,0.4268868863582611,0.43855783343315125,false,5
10087,0.6887304925800887,0.7292236089706421,0.7291459441184998,false,2
10088,0.2188193600474625,0.2802465558052063,0.24402837455272675,false,1
10089,0.5261396814949802,0.5360065698623657,0.5373448133468628,false,5
10090,0.35642610828519616,0.36769071221351624,0.36747804284095764,false,5
10091,0.21687651281810869,0.28941503167152405,0.2695493698120117,false,1
10092,0.18761644331412303,0.2555052936077118,0.2558823525905609,false,5
10093,0.21687651281810869,0.28941503167152405,0.2695493698120117,false,1
10094,0.18761644331412303,0.2555052936077118,0.2558823525905609,false,5
10095,0.22460207961113532,0.4017447233200073,0.3690870702266693,false,4
10096,0.16635720874711654,0.23859822750091553,0.22818608582019806,false,4
10097,0.10094189715513249,0.1566404402256012,0.14335155487060547,false,4
10098,0.20983698124012573,0.36396506428718567,0.35986384749412537,false,3
10099,0.3233736792981477,0.39658084511756897,0.39743363857269287,false,4
10100,0.45181349223201983,0.46433523297309875,0.4698609411716461,false,1
10101,0.27554885884177965,0.408173143863678,0.4046745002269745,false,3
10102,0.3837365356534154,0.2505773901939392,0.29887792468070984,false,4
10103,0.45181349223201983,0.46433523297309875,0.4698609411716461,false,1
10104,0.45181349223201983,0.46433523297309875,0.4698609411716461,false,1
10105,0.3507510488808474,0.3739604651927948,0.3741741180419922,false,2
10107,0.1351358677977336,0.17467401921749115,0.18012164533138275,false,5
10108,0.3327547916909372,0.3109133839607239,0.3101387321949005,false,4
10111,0.4083064304756055,0.46559756994247437,0.464984267950058,false,2
10112,0.2593551586946727,0.44936251640319824,0.48668816685676575,false,4
10113,0.3100026095500898,0.4710496664047241,0.4722460210323334,false,3
10114,0.508832619529016,0.5480099320411682,0.573178768157959,false,4
10115,0.21211101382395278,0.2281731814146042,0.22887560725212097,false,3
10116,0.09685787492521236,0.20989714562892914,0.2073637843132019,false,4
10117,0.46116259953000127,0.5987049341201782,0.5963422656059265,false,2
10118,0.39965726484496517,0.28174179792404175,0.2725171148777008,false,1
10119,0.7324720429289393,0.7590071558952332,0.7545546293258667,false,5
10120,0.09568944791526962,0.2260216623544693,0.22918781638145447,false,3
10121,0.20035479800025588,0.2057206779718399,0.20564568042755127,false,3
10122,0.6809465524140954,0.4999878406524658,0.6553657054901123,false,1
10123,0.6328609014026686,0.687680184841156,0.6717368364334106,false,4
10124,0.21569514791552602,0.26429593563079834,0.26650384068489075,false,3
10125,0.24137989334652774,0.24667228758335114,0.2469179332256317,false,2
10127,0.4135577339419366,0.49577054381370544,0.4927551746368408,false,3
10128,0.41258334955502396,0.49101370573043823,0.49396300315856934,false,5
10129,0.2332219370422869,0.3500712513923645,0.3532828390598297,false,3
10130,0.23267434314435081,0.3495350182056427,0.37993893027305603,false,4
10131,0.332757235699357,0.4315899610519409,0.4230023920536041,false,1
10132,0.6789265790792166,0.7434609532356262,0.7444426417350769,false,5
10133,0.34005746005020837,0.3322996497154236,0.33210545778274536,false,5
10134,0.3471485610039562,0.3890754282474518,0.39106452465057373,false,2
10135,0.3623104245377348,0.3754909038543701,0.39637935161590576,false,1
10136,0.3519600312236936,0.38715842366218567,0.38927197456359863,false,2
10137,0.21823184889727923,0.23571451008319855,0.22978569567203522,false,5
10138,0.4422819432966872,0.30048123002052307,0.33017775416374207,false,1
10139,0.41242104065697005,0.36793625354766846,0.33862531185150146,false,5
10140,0.41643578296466655,0.4332868754863739,0.4305765628814697,false,2
10141,0.11512609818801764,0.19580954313278198,0.22401776909828186,false,4
10142,0.3374474830397986,0.4778198301792145,0.4580729901790619,false,4
10143,0.4137868766425906,0.3577303886413574,0.35672253370285034,false,2
10144,0.3267336359675756,0.34833166003227234,0.3766557276248932,false,4
10145,0.4135519993818428,0.7048592567443848,0.7157312631607056,false,2
10146,0.40117138028092086,0.382185161113739,0.3883175551891327,false,3
10147,0.5945858804593193,0.71300208568573,0.7114259004592896,false,2
10148,0.18787415691034123,0.24312984943389893,0.24251112341880798,false,4
10149,0.4601821906650382,0.4799898564815521,0.48528042435646057,false,2
10150,0.06450587241705664,0.13604862987995148,0.13419215381145477,false,4
10151,0.19204729245338473,0.1324809193611145,0.1588045209646225,false,1
10152,0.23668497773612315,0.11975409835577011,0.12750038504600525,false,1
10153,0.4926546736997438,0.568321168422699,0.5813606381416321,false,1
10154,0.5625975266867453,0.6104089021682739,0.6256300806999207,false,1
10155,0.5145365080015764,0.5563181042671204,0.5560618042945862,false,2
10156,0.3155997121646573,0.26084622740745544,0.2610210180282593,false,5
10157,0.4390790122080711,0.4992920756340027,0.5089432001113892,false,3
10158,0.3799818753756476,0.43662431836128235,0.4443807899951935,false,3
10159,0.21409841828982135,0.1863674372434616,0.20019680261611938,false,1
10160,0.3618556256785032,0.3755681812763214,0.3787292540073395,false,5
10161,0.35084118426773253,0.3724753260612488,0.3756260871887207,false,5
10162,0.712005163239484,0.7456443905830383,0.7463580965995789,false,3
10163,0.6974181625253,0.7426213622093201,0.7423528432846069,false,2
10164,0.374659613204522,0.3814929127693176,0.37757572531700134,false,5
10165,0.4084124290899264,0.4047555923461914,0.40591779351234436,false,5
10166,0.468824650506638,0.5518118739128113,0.5902034640312195,false,4
10167,0.21085542695739112,0.22481423616409302,0.25893381237983704,false,1
10168,0.6615130935928538,0.7068014740943909,0.7186154723167419,false,4
10169,0.41033782026281784,0.53289395570755,0.5074663758277893,false,4
10170,0.4650122018757665,0.5083490014076233,0.5103367567062378,false,2
10171,0.35488191985484474,0.46366193890571594,0.42219364643096924,false,4
10172,0.27664206194634555,0.21492666006088257,0.23745857179164886,false,1
10173,0.5027768568568849,0.51231849193573,0.511622965335846,false,2
10174,0.5950573840316633,0.5380634069442749,0.5409252643585205,false,3
10175,0.361804689688384,0.36828455328941345,0.3745368421077728,false,5
10176,0.2295930595217497,0.2537742257118225,0.24929235875606537,false,5
10177,0.42176009262351494,0.37854304909706116,0.3476358652114868,false,1
10178,0.786074809027988,0.8043391108512878,0.8248454928398132,false,1
10179,0.6143022528640951,0.7447812557220459,0.7410305142402649,false,4
10180,0.15848860602313286,0.2032122015953064,0.2060033082962036,false,4
10181,0.2096006194639288,0.25087425112724304,0.24962975084781647,false,2
10182,0.21895776713183795,0.18403711915016174,0.19111663103103638,false,5
10183,0.7006740056917381,0.847732663154602,0.8391472697257996,false,1
10184,0.47604556525590647,0.38489967584609985,0.38357076048851013,false,3
10185,0.3281136573962334,0.32849010825157166,0.328909695148468,false,2
10187,0.09604845440507206,0.18066929280757904,0.18371140956878662,false,4
10188,0.16396503193188297,0.11276803910732269,0.12466468662023544,false,1
10189,0.42419667095624325,0.6438121795654297,0.6021790504455566,false,4
10190,0.2854881161851763,0.35454633831977844,0.3531554043292999,false,5
10191,0.4259478037699691,0.4473385214805603,0.4491400122642517,false,2
10192,0.38355594380593816,0.5332982540130615,0.5259338617324829,false,3
10193,0.3566420062621553,0.46477991342544556,0.45895761251449585,false,2
10194,0.6935072673154474,0.7637888789176941,0.7688717842102051,false,5
10195,0.7837248407207562,0.8119075298309326,0.8162722587585449,false,5
10196,0.37223259331990244,0.40191641449928284,0.4146110415458679,false,5
10197,0.3607540236923901,0.534400224685669,0.5273268818855286,false,4
10198,0.6355529532289351,0.7366520762443542,0.7400307059288025,false,4
10199,0.5550645630715182,0.536653459072113,0.5338055491447449,false,5
10200,0.2569979064408245,0.23695769906044006,0.2634941339492798,false,4
10201,0.25068121125060755,0.24348588287830353,0.24300110340118408,false,2
10202,0.3881505919209459,0.35823485255241394,0.2934941351413727,false,1
10203,0.29926962895104386,0.21913154423236847,0.21831390261650085,false,1
10204,0.42818639153072247,0.5718534588813782,0.5723434090614319,false,2
10205,0.7603779276420607,0.7359772324562073,0.6645385026931763,false,1
10206,0.2682355162797828,0.24414825439453125,0.2453361451625824,false,2
10207,0.38409120552319237,0.4054047763347626,0.41604775190353394,false,1
10209,0.15114637045715587,0.17621275782585144,0.171914741396904,false,3
10210,0.4614277642466976,0.508969783782959,0.4887402057647705,false,1
10211,0.23354368299156467,0.19407281279563904,0.2000107765197754,false,4
10212,0.25749980890453295,0.30049434304237366,0.29834967851638794,false,2
10213,0.2208658645944615,0.2593206465244293,0.2585866153240204,false,2
10214,0.5047001378378377,0.44040948152542114,0.44248276948928833,false,4
10215,0.5867741962063002,0.6450716853141785,0.6489198207855225,false,2
10216,0.6508824322541849,0.6711099147796631,0.6361071467399597,false,4
10217,0.5058071104674159,0.5383496284484863,0.5380157232284546,false,2
10218,0.0647059614362246,0.221464142203331,0.19743339717388153,false,4
10219,0.3338867481020029,0.25057321786880493,0.24908117949962616,false,1
10220,0.3715492987304519,0.3771953582763672,0.41967952251434326,false,4
10221,0.4317962663613029,0.473597913980484,0.4897952675819397,false,4
10222,0.7602700236970337,0.7378250956535339,0.8040582537651062,false,1
10223,0.2555084743029418,0.3991316854953766,0.39276009798049927,false,3
10224,0.2889791571178282,0.28928107023239136,0.28482991456985474,false,4
10225,0.3363719317539131,0.382179319858551,0.38673704862594604,false,2
10226,0.5015300640424366,0.38195663690567017,0.3816207945346832,false,3
10227,0.30219237554763256,0.23292888700962067,0.2364562749862671,false,2
10228,0.28552410210325674,0.27882325649261475,0.2808636426925659,false,5
10229,0.43122248451376516,0.4434836208820343,0.44344764947891235,false,2
10230,0.452558560478876,0.5333573818206787,0.5322620272636414,false,2
10231,0.6945188098519515,0.6478374004364014,0.6471825242042542,false,2
10232,0.4093418538540258,0.6882672309875488,0.6937676072120667,false,3
10233,0.5748590636144044,0.6610321998596191,0.6446717381477356,false,4
10234,0.376906577945821,0.4377818703651428,0.4330882728099823,false,3
10235,0.46732779218324205,0.6510025858879089,0.6660346388816833,false,3
10236,0.4585116839808034,0.4574321210384369,0.4570697844028473,false,2
10237,0.5286950985298835,0.5699609518051147,0.5711191892623901,false,3
10238,0.30796183482260847,0.39467185735702515,0.37909868359565735,false,4
10239,0.3697431059318108,0.38307759165763855,0.3874591290950775,false,4
10240,0.21924069978868738,0.47347891330718994,0.4864628314971924,false,4
10241,0.3829267987535679,0.4948202669620514,0.50011146068573,false,3
10242,0.26873425750707364,0.4546528160572052,0.32220980525016785,false,1
10243,0.690722911991207,0.7748095989227295,0.7691675424575806,false,1
10244,0.19113027680094252,0.28847989439964294,0.35085952281951904,false,4
10245,0.5984078963591679,0.5482200384140015,0.548668622970581,false,5
10246,0.4360921775440736,0.5148261785507202,0.5125792622566223,false,5
10247,0.17325163232576027,0.1808517426252365,0.20263326168060303,false,1
10248,0.32945251366269745,0.32859206199645996,0.3268950283527374,false,3
10249,0.4615110473862021,0.5195243954658508,0.5180333852767944,false,2
10250,0.20150812562937773,0.17513041198253632,0.18088018894195557,false,1
10251,0.477064193240092,0.6943744421005249,0.6946089863777161,false,3
10253,0.6085491460612371,0.640177309513092,0.6505553722381592,false,1
10254,0.26961694876545883,0.27543607354164124,0.3626004755496979,false,4
10255,0.1902715839268435,0.18524959683418274,0.20276165008544922,false,5
10256,0.35773692061976625,0.2984563708305359,0.3159143328666687,false,4
10257,0.645996073882536,0.6910908818244934,0.6989659667015076,false,2
10258,0.60984801374446,0.7045670747756958,0.7080990076065063,false,3
10259,0.5379076624550052,0.6453065276145935,0.6188400983810425,false,1
10260,0.5784846146292231,0.5817415714263916,0.5775318145751953,false,1
10261,0.23554108025996132,0.16185612976551056,0.09515568614006042,false,1
10262,0.2264641766543857,0.4294813871383667,0.43569308519363403,false,4
10263,0.45310416748284377,0.5361278653144836,0.5222755670547485,false,4
10264,0.5927169502949717,0.6376073360443115,0.6271907091140747,false,1
10265,0.4390796012499535,0.4737769365310669,0.4757164716720581,false,3
10266,0.13556489248177225,0.19534370303153992,0.18840257823467255,false,4
10267,0.5196634810055544,0.5823929309844971,0.583162248134613,false,2
10268,0.11357727251217549,0.31063929200172424,0.3140265643596649,false,3
10269,0.27799707807263063,0.27571848034858704,0.28634190559387207,false,1
10270,0.6166047626849716,0.6420713663101196,0.6861918568611145,false,1
10271,0.4920886748206105,0.3980809152126312,0.41966113448143005,false,1
10272,0.2509247022219506,0.3155254125595093,0.30954205989837646,false,5
10273,0.3807498060757785,0.3290870487689972,0.33607587218284607,false,4
10274,0.32672557649422473,0.44490981101989746,0.46903109550476074,false,1
10275,0.5874144509480873,0.6551649570465088,0.6497064232826233,false,2
10276,0.3314793207166663,0.3953811824321747,0.3961426913738251,false,5
10277,0.27229952435338706,0.3693915605545044,0.39147523045539856,false,2
10278,0.435630662283433,0.5453178286552429,0.5463393330574036,false,1
10280,0.4159072269654209,0.4740717113018036,0.45523202419281006,false,1
10281,0.2500484477396242,0.41192084550857544,0.37660762667655945,false,4
10282,0.46902606864515783,0.46192699670791626,0.4606693387031555,false,2
10283,0.30669471968216,0.2795230746269226,0.30654504895210266,false,1
10284,0.2581960962020053,0.24070845544338226,0.23908235132694244,false,1
10285,0.3729501919392749,0.3840756118297577,0.38371211290359497,false,1
10287,0.6399582286357173,0.5860461592674255,0.542629599571228,false,4
10288,0.3413292362892343,0.3280571401119232,0.33738693594932556,false,5
10289,0.47089489914745675,0.5246812105178833,0.5983919501304626,false,4
10290,0.17273372081265687,0.20537786185741425,0.2058645784854889,false,3
10291,0.18105102873562626,0.33398592472076416,0.3389524519443512,false,4
10292,0.28639921147563085,0.26021307706832886,0.2652307152748108,false,5
10293,0.4767852188775427,0.5383056402206421,0.5305539965629578,false,1
10294,0.19002832625930718,0.2899712920188904,0.2906918525695801,false,4
10296,0.2633987843248091,0.2012963742017746,0.20075036585330963,false,3
10297,0.10637567334626155,0.2386397123336792,0.2431282103061676,false,4
10298,0.2602125942688204,0.3186916410923004,0.31459373235702515,false,3
10299,0.2120756239807439,0.24828410148620605,0.247702956199646,false,5
10301,0.60574215263151,0.580070436000824,0.540393590927124,false,4
10302,0.23999342127948972,0.25442877411842346,0.25185149908065796,false,5
10303,0.43622273745515194,0.42857813835144043,0.43380066752433777,false,5
10304,0.42372191150613203,0.5299080610275269,0.5028721690177917,false,1
10305,0.42372191150613203,0.5299080610275269,0.5028721690177917,false,1
10306,0.2424593597709171,0.2722366154193878,0.23829688131809235,false,1
10307,0.19641139545777134,0.2608959674835205,0.27028095722198486,false,2
10308,0.27868191855048235,0.4433724284172058,0.4444945454597473,false,3
10309,0.40945447602214424,0.32920295000076294,0.31875908374786377,false,1
10310,0.40945447602214424,0.32920295000076294,0.31875908374786377,false,1
10311,0.3187151736193059,0.3070216178894043,0.3068074584007263,false,5
10312,0.44368726639529316,0.4729110598564148,0.46889838576316833,false,5
10313,0.2845172712273538,0.32281070947647095,0.3218306601047516,false,2
10315,0.3718170755536422,0.43741944432258606,0.43938055634498596,false,3
10316,0.35470136971498584,0.23517121374607086,0.2756744921207428,false,1
10317,0.5163960527506013,0.5811294913291931,0.572449803352356,false,5
10318,0.39777839002610416,0.46519291400909424,0.47739896178245544,false,3
10319,0.474999890409301,0.595786988735199,0.6016690135002136,false,3
10321,0.5507654547361771,0.5928914546966553,0.5939310193061829,false,5
10322,0.415426146188547,0.46975475549697876,0.4664563238620758,false,2
10323,0.3953468230990652,0.4013253152370453,0.4033874273300171,false,5
10324,0.4213622201402185,0.4936911165714264,0.4903714060783386,false,2
10325,0.35029579924714804,0.3871573507785797,0.3876626491546631,false,5
10326,0.3989326733976487,0.3434159755706787,0.34314727783203125,false,5
10327,0.1847677867362421,0.299539178609848,0.298709899187088,false,3
10328,0.1900103012197743,0.24465833604335785,0.23721812665462494,false,3
10330,0.27914947750438013,0.27836552262306213,0.27908021211624146,false,5
10331,0.25064706250912744,0.34402668476104736,0.3435232639312744,false,2
10333,0.34535561517792346,0.4365445077419281,0.4363599121570587,false,5
10334,0.32993294578506605,0.4256739318370819,0.41648364067077637,false,5
10335,0.2915599850016402,0.4447493553161621,0.4439542591571808,false,5
10336,0.35629972963404766,0.3895406723022461,0.3842836618423462,false,5
10337,0.30591360561086217,0.3680175542831421,0.3680787682533264,false,2
10338,0.10522488659748888,0.3020022213459015,0.29047152400016785,false,4
10339,0.3004307742911514,0.3522628843784332,0.35114797949790955,false,2
10340,0.39978845247131156,0.462161123752594,0.4600447118282318,false,2
10341,0.309720418839057,0.39615166187286377,0.3916313946247101,false,5
10342,0.2656658227172856,0.309049129486084,0.3079875409603119,false,5
10343,0.36872367143208906,0.401043176651001,0.3884163498878479,false,4
10344,0.5077632985761455,0.5390979647636414,0.5501141548156738,false,1
10345,0.2724803459009023,0.503205418586731,0.4557401239871979,false,4
10347,0.3968410741768053,0.42739900946617126,0.4282912313938141,false,5
10348,0.14771146886738995,0.32647383213043213,0.33431074023246765,false,4
10349,0.3383459509981531,0.11649828404188156,0.10551635921001434,false,2
10350,0.25924804079819924,0.36625394225120544,0.3647421896457672,false,5
10351,0.22115335583200824,0.3724222183227539,0.37557294964790344,false,4
10352,0.3302957951716772,0.3757537305355072,0.37082359194755554,false,2
10353,0.3336707015535819,0.3308285176753998,0.35052597522735596,false,1
10354,0.11890406828842602,0.22926804423332214,0.22956232726573944,false,3
10355,0.25127735104592686,0.33536240458488464,0.2994668781757355,false,4
10356,0.3251497046213433,0.3707672953605652,0.3705539107322693,false,5
10358,0.27911936965023904,0.2932032644748688,0.28999748826026917,false,5
10360,0.7579364320417428,0.7441352009773254,0.7488598227500916,false,3
10361,0.8179109720227226,0.7977752685546875,0.8249906301498413,false,1
10362,0.6351711795681578,0.7472895979881287,0.743057906627655,false,2
10365,0.36172391924228764,0.42014139890670776,0.4111839532852173,false,2
10366,0.24706832291171657,0.3506883382797241,0.3511922061443329,false,3
10367,0.6623525108635235,0.3825141191482544,0.43470343947410583,false,1
10368,0.28492770123109645,0.37567850947380066,0.3511308431625366,false,4
10369,0.28492770123109645,0.37567850947380066,0.3511308431625366,false,4
10370,0.28546297915303187,0.29928433895111084,0.2971675992012024,false,2
10372,0.260456712915628,0.28726351261138916,0.28935787081718445,false,2
10373,0.4024403427209935,0.3950757086277008,0.3899633586406708,false,2
10374,0.41081244823375734,0.5140156745910645,0.5117055177688599,false,2
10375,0.17407771629355706,0.1977839171886444,0.19421672821044922,false,1
10376,0.3366423731428134,0.48003557324409485,0.44866716861724854,false,4
10377,0.25412635836189496,0.2754634916782379,0.277529239654541,false,1
10378,0.454678078352422,0.43129831552505493,0.44108957052230835,false,4
10379,0.4594872293766996,0.41788724064826965,0.4823421835899353,false,1
10380,0.3100715576645936,0.1558237373828888,0.19915089011192322,false,1
10381,0.3911588091356705,0.45908430218696594,0.4581570029258728,false,3
10382,0.6114205845268235,0.5867236256599426,0.6016028523445129,false,4
10383,0.24861178089492342,0.3565847873687744,0.29732468724250793,false,1
10384,0.7120388570580386,0.7609685659408569,0.7199759483337402,false,1
10385,0.24910635167261008,0.22584889829158783,0.23061658442020416,false,1
10386,0.2204441437322688,0.26441025733947754,0.266389936208725,false,5
10387,0.15112546865745743,0.22972805798053741,0.22912704944610596,false,3
10388,0.16431686996352782,0.20289166271686554,0.20167313516139984,false,3
10389,0.1863577088275315,0.2383737564086914,0.2049192637205124,false,4
10391,0.13241449129575683,0.15864042937755585,0.16066759824752808,false,5
10392,0.17535788547265774,0.20988412201404572,0.20456238090991974,false,5
10393,0.34788904197129733,0.28652188181877136,0.285417377948761,false,3
10394,0.20714414059456604,0.2188940793275833,0.21734917163848877,false,2
10395,0.12155539330770176,0.23470346629619598,0.2359706312417984,false,3
10396,0.10881569703086727,0.08715242892503738,0.10692349821329117,false,4
10397,0.643454748111984,0.7251253128051758,0.6965853571891785,false,4
10398,0.16605720011031122,0.13360875844955444,0.1361536830663681,false,3
10399,0.19241400474636175,0.030506812036037445,0.043813612312078476,false,1
10400,0.18211514446503332,0.2059781402349472,0.2060849368572235,false,2
10401,0.18211514446503332,0.2059781402349472,0.2060849368572235,false,2
10402,0.16376273178798242,0.20988412201404572,0.20923174917697906,false,5
10403,0.2372719991693468,0.21010692417621613,0.21169432997703552,false,2
10404,0.2372719991693468,0.21010692417621613,0.21169432997703552,false,2
10405,0.13241449129575683,0.15864042937755585,0.16066759824752808,false,5
10406,0.22850552621340334,0.19382447004318237,0.1926037222146988,false,3
10407,0.44224636495293734,0.4714847803115845,0.4721587300300598,false,5
10408,0.26644284876350244,0.3833692967891693,0.382348895072937,false,5
10409,0.19907445944780136,0.1558952033519745,0.15093307197093964,false,1
10410,0.24412681260515348,0.2690180540084839,0.2757378816604614,false,2
10411,0.9036614129547709,0.8522481918334961,0.8436610698699951,false,1
10412,0.3637299488188566,0.583132266998291,0.5856512188911438,false,3
10413,0.3469226401365526,0.5996344089508057,0.5642796158790588,false,4
10414,0.38118120879281625,0.5273520946502686,0.5275281071662903,false,3
10415,0.39033403866257843,0.4397565722465515,0.4352547526359558,false,2
10416,0.7417771970793773,0.7787033319473267,0.7815994024276733,false,5
10417,0.434888557190282,0.4981665015220642,0.4936804175376892,false,5
10418,0.6642834609567135,0.7596102356910706,0.7610077857971191,false,2
10419,0.7461064006294639,0.7711563110351562,0.7721089124679565,false,2
10420,0.5901388631390342,0.6027927398681641,0.5551150441169739,false,1
10421,0.24412681260515348,0.2690180540084839,0.2757378816604614,false,2
10422,0.6312814694887957,0.7092058658599854,0.7164669632911682,false,5
10423,0.24000403344628105,0.25327402353286743,0.25209468603134155,false,2
10426,0.2465031438168938,0.4269495904445648,0.4241405725479126,false,3
10427,0.32611626554395,0.43526938557624817,0.4329437017440796,false,2
10428,0.32762410942697895,0.48517945408821106,0.4815109968185425,false,2
10429,0.206836148107475,0.35128384828567505,0.29469794034957886,false,4
10430,0.4662995887171543,0.5503303408622742,0.5421330332756042,false,2
10431,0.3073461953387905,0.4666495621204376,0.46151021122932434,false,3
10432,0.35969630405674446,0.3754514157772064,0.36617714166641235,false,2
10433,0.12048783628881068,0.15241996943950653,0.165644109249115,false,5
10434,0.2085319026578014,0.27779296040534973,0.29122281074523926,false,2
10436,0.24214221509914244,0.3056555390357971,0.33710387349128723,false,4
10437,0.3327932553253038,0.2717124819755554,0.3004760444164276,false,1
10438,0.22277274802257963,0.19720901548862457,0.20086154341697693,false,5
10441,0.15797012055263504,0.29994773864746094,0.30959373712539673,false,4
10442,0.08956098291350406,0.22743527591228485,0.22985222935676575,false,3
10443,0.2274249006300421,0.4232628047466278,0.421352356672287,false,3
10444,0.3146219671869912,0.2224447876214981,0.2596980035305023,false,4
10445,0.3043222639260598,0.4108816087245941,0.4104467034339905,false,3
10446,0.5665358269605261,0.6835665106773376,0.6799361109733582,false,2
10447,0.5507189443975407,0.6680524945259094,0.6702900528907776,false,3
10448,0.16059829465769862,0.22777332365512848,0.2365843951702118,false,4
10449,0.21393254276389673,0.20441165566444397,0.19893483817577362,false,1
10450,0.27760242296459325,0.3777914345264435,0.35671278834342957,false,4
10451,0.28315912121677433,0.3268475830554962,0.33501961827278137,false,4
10452,0.21123830591922693,0.4147786498069763,0.4323771893978119,false,4
10453,0.1944251663364613,0.18342085182666779,0.16657809913158417,false,1
10454,0.551293622222032,0.48762425780296326,0.39160725474357605,false,1
10455,0.5491935352141146,0.7154664993286133,0.7152197360992432,false,3
10456,0.32568018790502246,0.3650771975517273,0.381275475025177,false,1
10457,0.5369111049177107,0.5765895843505859,0.5761508941650391,false,3
10459,0.28757621890708046,0.3530820906162262,0.3539023995399475,false,5
10461,0.1321167166482761,0.06000873073935509,0.0402320958673954,false,1
10462,0.2752694984712306,0.29625245928764343,0.2838132083415985,false,5
10463,0.5946353617300433,0.6362497210502625,0.6686316132545471,false,1
10464,0.48805507130813447,0.5148122906684875,0.5015749335289001,false,1
10465,0.31936118628533494,0.3322557210922241,0.3243056833744049,false,4
10466,0.24033842142007944,0.27116402983665466,0.2993786931037903,false,4
10467,0.18786061595349435,0.25395846366882324,0.26335468888282776,false,2
10468,0.4475412787520863,0.4530782699584961,0.4551635682582855,false,5
10469,0.224060820332416,0.2593206465244293,0.2585866153240204,false,2
10470,0.25392256135190283,0.3245978355407715,0.31753045320510864,false,5
10471,0.7841617768242317,0.6835509538650513,0.717374861240387,false,1
10475,0.39272239754273786,0.33556950092315674,0.36472785472869873,false,1
10480,0.1661937269750641,0.1066158339381218,0.08829355239868164,false,1
10482,0.3852898138943565,0.5718584060668945,0.5624368190765381,false,4
10483,0.14397829263301742,0.17236779630184174,0.17480164766311646,false,3
10485,0.45028347492748877,0.4696410894393921,0.46371570229530334,false,2
10486,0.25392256135190283,0.3245978355407715,0.31753045320510864,false,5
10487,0.836290248018393,0.8822079300880432,0.8698153495788574,false,1
10488,0.6433823614466028,0.798927366733551,0.7779601812362671,false,4
10489,0.45796357011549255,0.4128386080265045,0.41547268629074097,false,2
10492,0.13225321761571757,0.23263342678546906,0.2515049874782562,false,4
10495,0.5942980073276768,0.6992842555046082,0.7008748054504395,false,2
10496,0.048662544563279855,0.21255984902381897,0.2180323749780655,false,4
10497,0.47543248632983626,0.4856005609035492,0.48108819127082825,false,2
10499,0.1751707040153651,0.3119611442089081,0.335971474647522,false,4
10507,0.23830293610521003,0.35177865624427795,0.35375475883483887,false,4
10508,0.36583519993640384,0.40365928411483765,0.4040675759315491,false,2
10512,0.27014687716805263,0.14166384935379028,0.17966628074645996,false,4
10514,0.3429526483121623,0.3695339858531952,0.36932089924812317,false,5
10522,0.24581510280061053,0.34378018975257874,0.3352901339530945,false,3
10523,0.16884392330776724,0.1783396303653717,0.18023677170276642,false,3
10524,0.7893908694271043,0.8376291394233704,0.8379935622215271,false,5
10526,0.5987270657142879,0.7007117867469788,0.7089509963989258,false,5
10528,0.019020922425527685,0.1278909593820572,0.1275033950805664,false,4
10529,0.2481719512088421,0.25209131836891174,0.2649311125278473,false,4
10530,0.2016261590252288,0.1243978813290596,0.12719278037548065,false,5
10531,0.24385341785260323,0.4478692412376404,0.4453972280025482,false,3
10532,0.3335313483912302,0.4388273060321808,0.45196059346199036,false,4
10533,0.30099380880949556,0.4415322542190552,0.4336864650249481,false,4
10534,0.4174263465639847,0.4899868965148926,0.4864201843738556,false,3
10535,0.5105353327412838,0.5998360514640808,0.5983316898345947,false,2
10537,0.17991418155235864,0.22844766080379486,0.22278331220149994,false,5
10538,0.8464678971054745,0.7823106646537781,0.7975817918777466,false,4
10539,0.3821330835337769,0.37478145956993103,0.3740514814853668,false,5
10540,0.3821330835337769,0.37478145956993103,0.3740514814853668,false,5
10545,0.20438567188246698,0.24188858270645142,0.2405470758676529,false,2
10546,0.1751707040153651,0.3119611442089081,0.335971474647522,false,4
10549,0.23280924687141577,0.2358950972557068,0.23608015477657318,false,2
10554,0.5479865054889486,0.6674396991729736,0.6737412214279175,false,3
10555,0.17656921714198634,0.22790122032165527,0.23357175290584564,false,5
10556,0.3914733532767039,0.2950926423072815,0.29949426651000977,false,3
10557,0.6626670755967914,0.7430148720741272,0.7395994663238525,false,2
10558,0.574034657137543,0.6013550162315369,0.6116487383842468,false,5
10559,0.17991418155235864,0.22844766080379486,0.22278331220149994,false,5
10560,0.4570659143829876,0.5044894814491272,0.48991885781288147,false,4
10562,0.2910246260822158,0.3269100487232208,0.326224684715271,false,5
10563,0.3222795275517022,0.38132235407829285,0.3725728690624237,false,1
10566,0.401373039025497,0.3761814832687378,0.3677850067615509,false,3
10572,0.19616659167986264,0.1920827478170395,0.1877100169658661,false,2
10575,0.20137063402034416,0.27773600816726685,0.3105488121509552,false,1
10576,0.1661937269750641,0.1066158339381218,0.08829355239868164,false,1
10582,0.18931084039281104,0.1911199539899826,0.20419622957706451,false,1
10583,0.4230496758212277,0.3972770869731903,0.36084920167922974,false,1
10588,0.5310732417227058,0.6083095669746399,0.5966346263885498,false,1
10589,0.21001818466882508,0.2373524010181427,0.23607590794563293,false,2
10590,0.04067078754578754,0.08996251970529556,0.09801415354013443,false,4
10591,0.07376958991899962,0.200066938996315,0.1995234489440918,false,3
10592,0.27692167669550805,0.24399341642856598,0.2501557767391205,false,2
10593,0.23555126911187926,0.23695796728134155,0.2371445745229721,false,2
10601,0.4362938585941885,0.4558124840259552,0.45529043674468994,false,2
10605,0.08695412682206886,0.1989646852016449,0.19736172258853912,false,3
10606,0.3300880256044075,0.2956094443798065,0.29635360836982727,false,1
10610,0.2599635627800496,0.3086225688457489,0.2844844460487366,false,1
10613,0.34188142109779096,0.431238055229187,0.42826569080352783,false,3
10614,0.43833609187029393,0.5746169090270996,0.5738530158996582,false,3
10615,0.3617543434034605,0.3791567385196686,0.37789326906204224,false,5
10628,0.23381033793134545,0.24348588287830353,0.24300110340118408,false,2
10629,0.6429956569673763,0.6159931421279907,0.6160144805908203,false,5
10630,0.5881102396493734,0.6231365203857422,0.6252938508987427,false,2
10631,0.514173912901796,0.6594782471656799,0.6665757894515991,false,3
10632,0.7842844631417774,0.8129501938819885,0.7996053099632263,false,4
10638,0.07305060401045779,0.1989646852016449,0.19736172258853912,false,3
10640,0.42239065165974227,0.35772448778152466,0.36977872252464294,false,1
10646,0.1415654353816118,0.16757436096668243,0.19982875883579254,false,4
10647,0.1415654353816118,0.16757436096668243,0.19982875883579254,false,4
10648,0.33046429068970107,0.3486952781677246,0.3479878604412079,false,5
10649,0.509720458734124,0.4525531232357025,0.44922804832458496,false,3
10650,0.45606766039445873,0.5568091869354248,0.5523654818534851,false,2
10657,0.23690267489432948,0.27129676938056946,0.26869165897369385,false,5
10659,0.21074028848429383,0.2593206465244293,0.2585866153240204,false,2
10661,0.19251383061057697,0.1757877916097641,0.25336378812789917,false,1
10663,0.1734915420326305,0.17956602573394775,0.19490012526512146,false,1
10664,0.2312145506747492,0.24720129370689392,0.24644264578819275,false,2
10665,0.03792964126516758,0.23796075582504272,0.2436990886926651,false,4
10666,0.21857485426093362,0.2297114133834839,0.22382111847400665,false,3
10667,0.16439470865146089,0.14388181269168854,0.1498984396457672,false,1
10668,0.30688022930287473,0.27903875708580017,0.2768086791038513,false,2
10669,0.26741406389006545,0.2677497863769531,0.2671392560005188,false,5
10671,0.25529077038614056,0.2549508512020111,0.25352510809898376,false,2
10672,0.3166810839339633,0.3077336549758911,0.3044966757297516,false,5
10674,0.22682684936309447,0.25414344668388367,0.2516380250453949,false,5
10678,0.33671523830057093,0.421651154756546,0.4012056291103363,false,4
10680,0.39272239754273786,0.33556950092315674,0.36472785472869873,false,1
10681,0.42338608013336226,0.4934607744216919,0.4985972046852112,false,5
10687,0.1757553241090431,0.1243978813290596,0.12719278037548065,false,5
10690,0.12679550581751048,0.22980540990829468,0.2297525405883789,false,3
10693,0.29934538078570244,0.3522479236125946,0.35153716802597046,false,5
10695,0.12679550581751048,0.22980540990829468,0.2297525405883789,false,3
10697,0.08695412682206886,0.1989646852016449,0.19736172258853912,false,3
10698,0.3300880256044075,0.2956094443798065,0.29635360836982727,false,1
10700,0.35769431040547056,0.4778231680393219,0.46331968903541565,false,4
10701,0.5738357023767321,0.5732954740524292,0.5728089809417725,false,2
10704,0.3492194535313329,0.3668157458305359,0.3653171956539154,false,2
10707,0.25247027534182964,0.24362197518348694,0.24968068301677704,false,5
10708,0.33012006551804546,0.2261551469564438,0.22468766570091248,false,3
10709,0.5257002114558074,0.5269631147384644,0.49490979313850403,false,1
10711,0.2681885102425956,0.2236909568309784,0.2806784510612488,false,1
10713,0.24386355916629573,0.28669801354408264,0.2899129390716553,false,5
10714,0.24595551198645804,0.26296210289001465,0.2660790979862213,false,2
10715,0.3874204332801361,0.405254602432251,0.4047529399394989,false,2
10722,0.27466340706116027,0.27635830640792847,0.29668229818344116,false,1
10723,0.3876491627254067,0.46082523465156555,0.45918357372283936,false,5
10732,0.3558187391951062,0.3810749053955078,0.384021133184433,false,2
10733,0.2624393910596374,0.4043893814086914,0.3986336886882782,false,3
10734,0.42582848116435523,0.4614085257053375,0.45863157510757446,false,2
10735,0.3438952320374992,0.3616601228713989,0.35345205664634705,false,3
10736,0.23294939439920392,0.26062849164009094,0.25538626313209534,false,5
10739,0.23294939439920392,0.26062849164009094,0.25538626313209534,false,5
10746,0.3063491203355876,0.3764890432357788,0.32344114780426025,false,1
10750,0.401373039025497,0.3761814832687378,0.3677850067615509,false,3
10751,0.5820356515123877,0.655432939529419,0.6492370367050171,false,5
10753,0.24809043888127572,0.15461985766887665,0.18817327916622162,false,4
10758,0.17431525070299211,0.14059941470623016,0.12871763110160828,false,1
10759,0.3369357433683819,0.4383920729160309,0.4345764219760895,false,5
10760,0.6142464705590551,0.7561269998550415,0.752437174320221,false,2
10761,0.5286068418025863,0.627936065196991,0.6233169436454773,false,4
10771,0.17176649993906434,0.1243978813290596,0.12719278037548065,false,5
10772,0.17176649993906434,0.1243978813290596,0.12719278037548065,false,5
10773,0.40486635552695033,0.4075782001018524,0.4063130021095276,false,5
10774,0.0993691067919009,0.3561568558216095,0.35843759775161743,false,4
10775,0.3749928396078844,0.4120684564113617,0.4120790362358093,false,2
10779,0.27643120523190223,0.27903875708580017,0.2778226435184479,false,2
10782,0.33206255601945633,0.4601307213306427,0.4597617983818054,false,3
10783,0.25529077038614056,0.2549508512020111,0.25352510809898376,false,2
10784,0.2738815965263685,0.28112077713012695,0.27843451499938965,false,5
10786,0.6095567383472783,0.5747959613800049,0.574739396572113,false,2
10787,0.3749928396078844,0.4120684564113617,0.4120790362358093,false,2
10788,0.3749928396078844,0.4120684564113617,0.4120790362358093,false,2
10790,0.36314313844979135,0.4120684564113617,0.4120790362358093,false,2
10791,0.36314313844979135,0.4120684564113617,0.4120790362358093,false,2
10792,0.5044855138307686,0.5138195753097534,0.48841774463653564,false,1
10794,0.33634887803943747,0.4164964258670807,0.4256589710712433,false,3
10799,0.4087317766701577,0.415712833404541,0.41470131278038025,false,2
10800,0.44612623909310206,0.575229287147522,0.5735733509063721,false,5
10801,0.49718390944597424,0.5203621983528137,0.5148508548736572,false,4
10802,0.3240046188453437,0.3741452693939209,0.37453702092170715,false,2
10803,0.5502104008171663,0.577368438243866,0.5771733522415161,false,2
10804,0.30604632032377777,0.18761053681373596,0.18960809707641602,false,3
10806,0.11070113913863913,0.209205761551857,0.228380486369133,false,4
10808,0.29326348233936395,0.2619067430496216,0.2527034282684326,false,1
10809,0.37005658775422184,0.4738541543483734,0.4757537841796875,false,2
10810,0.3661772538476763,0.37261688709259033,0.372403085231781,false,5
10813,0.37354473599014976,0.3779818117618561,0.36956897377967834,false,3
10814,0.19689478101358904,0.1327020674943924,0.13690435886383057,false,5
10822,0.3743687860196998,0.4568524658679962,0.44746220111846924,false,3
10825,0.2974168802437116,0.3362473249435425,0.3318384885787964,false,2
10828,0.23738284941992466,0.316526859998703,0.3145007789134979,false,2
10829,0.2698247688631994,0.5346728563308716,0.4898599088191986,false,4
10830,0.4319785318622488,0.40918245911598206,0.41120582818984985,false,1
10831,0.35966768236362723,0.37499257922172546,0.35495662689208984,false,4
10832,0.17964724954629932,0.23276348412036896,0.2328578531742096,false,2
10833,0.16201331071550043,0.12574972212314606,0.0903143659234047,false,1
10836,0.04002271666242255,0.09331264346837997,0.09659627825021744,false,4
10837,0.5433252741620691,0.6373715996742249,0.6353167295455933,false,5
10838,0.6441367020971156,0.726534903049469,0.7279535531997681,false,3
10839,0.7574143212456446,0.8207327127456665,0.8109174966812134,false,3
10840,0.3982318454546596,0.4430437386035919,0.44332388043403625,false,3
10841,0.7679018649119229,0.7833372354507446,0.7771957516670227,false,4
10842,0.7465065705824613,0.7514770030975342,0.7489519715309143,false,2
10843,0.7340695986975849,0.7478359937667847,0.7461382150650024,false,2
10844,0.379117970015162,0.3123248219490051,0.33231696486473083,false,1
10845,0.518646987135973,0.5754960775375366,0.5724000334739685,false,2
10846,0.5326431070412192,0.5314555764198303,0.5265852808952332,false,5
10847,0.5926009697373015,0.662616491317749,0.6632445454597473,false,5
10848,0.5380134397898464,0.5147745013237,0.5255410075187683,false,1
10849,0.5812883626110232,0.6437023282051086,0.7036411166191101,false,1
10850,0.41235375153102394,0.4110889136791229,0.41207438707351685,false,2
10851,0.16235550319354344,0.20514042675495148,0.19929751753807068,false,2
10852,0.4159343322906786,0.48903757333755493,0.48877620697021484,false,5
10853,0.23447294106468924,0.18499961495399475,0.20669150352478027,false,1
10854,0.22566525346303887,0.27039504051208496,0.25946328043937683,false,4
10855,0.7351313146800216,0.7548261284828186,0.7621814012527466,false,3
10856,0.7180710886191151,0.7315198183059692,0.7274817824363708,false,1
10857,0.46810021464123397,0.46354761719703674,0.3587190508842468,false,1
10858,0.5483983855360858,0.5038737058639526,0.5043089389801025,false,3
10859,0.757862535969699,0.7940274477005005,0.8440420627593994,false,4
10860,0.43345063691736757,0.47802460193634033,0.46670448780059814,false,2
10861,0.48982028858205995,0.47798171639442444,0.43000349402427673,false,4
10862,0.3270926884433076,0.34080952405929565,0.33804112672805786,false,4
10863,0.386887750976285,0.5146719217300415,0.5209188461303711,false,5
10864,0.16235550319354344,0.20514042675495148,0.19929751753807068,false,2
10865,0.3742409961211818,0.6321986317634583,0.6392118334770203,false,4
10866,0.18131799795588507,0.2559911906719208,0.24970559775829315,false,3
10867,0.18966171941002977,0.1454218178987503,0.1545446515083313,false,1
10868,0.21484334533152574,0.2549508512020111,0.25352510809898376,false,2
10869,0.2071974178307389,0.2959839999675751,0.2951603829860687,false,3
10870,0.11969980713730713,0.2616426646709442,0.277425080537796,false,4
10871,0.331653312256692,0.38310542702674866,0.38562652468681335,false,2
10872,0.34604915932854036,0.3354177176952362,0.29004764556884766,false,1
10873,0.4503703228080414,0.5261881351470947,0.5246224999427795,false,5
10874,0.3415058757893623,0.35287439823150635,0.30672234296798706,false,1
10875,0.4503703228080414,0.5261881351470947,0.5246224999427795,false,5
10876,0.35111625500608795,0.45001107454299927,0.44895580410957336,false,3
10879,0.4869076825076165,0.47905296087265015,0.4811118245124817,false,2
10880,0.35883955468346485,0.36894920468330383,0.3677870035171509,false,2
10881,0.27198297581411457,0.2538955509662628,0.24377086758613586,false,1
10882,0.5901197906180798,0.6851218342781067,0.6327852010726929,false,1
10883,0.28836309637699614,0.29838645458221436,0.29418888688087463,false,2
10884,0.3343419305132136,0.36429357528686523,0.36160075664520264,false,5
