,threshold,count,groups,precision,defect_rate
0,0.77961580144943,1,1,1.0,1.0
1,0.7765891568553348,2,2,1.0,1.0
2,0.7576367658468066,3,3,1.0,1.0
3,0.7459693604283755,4,4,1.0,1.0
4,0.7192176535858426,5,5,0.8,0.8
5,0.7186349921161578,6,6,0.8333333333333334,0.8333333333333334
6,0.7110021306950355,7,7,0.8571428571428571,0.8571428571428571
7,0.7091740651934842,8,8,0.875,0.875
8,0.7044413783995239,9,9,0.8888888888888888,0.8888888888888888
9,0.702170107918563,10,10,0.8,0.8
10,0.7020060488333579,11,11,0.8181818181818182,0.8181818181818182
11,0.6981843746029508,12,12,0.8333333333333334,0.8333333333333334
12,0.6981133033443448,13,13,0.8461538461538461,0.8461538461538461
13,0.696610143898106,14,14,0.8571428571428571,0.8571428571428571
14,0.6953308347271696,15,15,0.8666666666666667,0.8666666666666667
15,0.6939111174511904,16,16,0.8125,0.8125
16,0.6934659861920829,17,17,0.8235294117647058,0.8235294117647058
17,0.6885573330269908,18,18,0.8333333333333334,0.8333333333333334
18,0.6867138451926497,19,19,0.8421052631578947,0.8421052631578947
19,0.6866824888123836,20,20,0.85,0.85
20,0.6864850196896817,21,21,0.8571428571428571,0.8571428571428571
21,0.6864835520779387,22,22,0.8181818181818182,0.8181818181818182
22,0.6855239549807512,23,23,0.8260869565217391,0.8260869565217391
23,0.6828836346527162,24,24,0.7916666666666666,0.7916666666666666
24,0.6805860563829069,25,25,0.8,0.8
25,0.6789387339279311,26,26,0.7692307692307693,0.7692307692307693
26,0.6786008963265513,27,27,0.7777777777777778,0.7777777777777778
27,0.6763660085474583,28,28,0.7857142857142857,0.7857142857142857
28,0.676165058321286,29,29,0.7931034482758621,0.7931034482758621
29,0.6749312189898325,30,30,0.8,0.8
30,0.6742624893428972,31,31,0.8064516129032258,0.8064516129032258
31,0.6731615184123394,32,32,0.8125,0.8125
32,0.6710307124393959,33,33,0.7878787878787878,0.7878787878787878
33,0.6710024488861692,34,34,0.7647058823529411,0.7647058823529411
34,0.669481338679049,35,35,0.7428571428571429,0.7428571428571429
35,0.666524732901452,36,36,0.7222222222222222,0.7222222222222222
36,0.6661839649732645,37,37,0.7027027027027027,0.7027027027027027
37,0.6640106018971162,38,38,0.7105263157894737,0.7105263157894737
38,0.6631772443427539,39,39,0.6923076923076923,0.6923076923076923
39,0.6617478000493934,40,40,0.7,0.7
40,0.660807531142414,41,41,0.6829268292682927,0.6829268292682927
41,0.6577816929374284,42,42,0.6904761904761905,0.6904761904761905
42,0.6566165332126072,43,43,0.6976744186046512,0.6976744186046512
43,0.6565805742657622,44,44,0.7045454545454546,0.7045454545454546
44,0.656481256205022,45,45,0.7111111111111111,0.7111111111111111
45,0.655270666242883,46,46,0.717391304347826,0.717391304347826
46,0.6552515175162482,47,47,0.723404255319149,0.723404255319149
47,0.6549647614244152,48,48,0.7291666666666666,0.7291666666666666
48,0.6518023444146307,49,49,0.7346938775510204,0.7346938775510204
49,0.6513837311177657,50,50,0.72,0.72
50,0.6485206000912332,51,51,0.7254901960784313,0.7254901960784313
51,0.6471269616123284,52,52,0.7307692307692307,0.7307692307692307
52,0.6466752958756751,53,53,0.7169811320754716,0.7169811320754716
53,0.6463630873987906,54,54,0.7037037037037037,0.7037037037037037
54,0.6431632019702196,55,55,0.6909090909090909,0.6909090909090909
55,0.6395863718519879,56,56,0.6964285714285714,0.6964285714285714
56,0.6394461642121387,57,57,0.6842105263157895,0.6842105263157895
57,0.6393406995643419,58,58,0.6896551724137931,0.6896551724137931
58,0.6393307559505624,59,59,0.6949152542372882,0.6949152542372882
59,0.6389174971419589,60,60,0.7,0.7
60,0.6379448996720676,61,61,0.7049180327868853,0.7049180327868853
61,0.6378746978518389,62,62,0.7096774193548387,0.7096774193548387
62,0.637869617675915,63,63,0.7142857142857143,0.7142857142857143
63,0.6373053789603105,64,64,0.71875,0.71875
64,0.6372158652123934,65,65,0.7230769230769231,0.7230769230769231
65,0.636034643549232,66,66,0.7272727272727273,0.7272727272727273
66,0.6352492523830877,67,67,0.7164179104477612,0.7164179104477612
67,0.6352485672613576,68,68,0.7205882352941176,0.7205882352941176
68,0.6348086021294059,69,69,0.7246376811594203,0.7246376811594203
69,0.6343093101296858,70,70,0.7285714285714285,0.7285714285714285
70,0.6339980765110454,71,71,0.7183098591549296,0.7183098591549296
71,0.633700694851116,72,72,0.7222222222222222,0.7222222222222222
72,0.6334876318693898,73,73,0.726027397260274,0.726027397260274
73,0.6332405277195061,74,74,0.7297297297297297,0.7297297297297297
74,0.6304309485629368,75,75,0.7333333333333333,0.7333333333333333
75,0.63035482203122,76,76,0.7236842105263158,0.7236842105263158
76,0.625645501141533,77,77,0.7272727272727273,0.7272727272727273
77,0.625444141290401,78,78,0.717948717948718,0.717948717948718
78,0.6253334188082909,79,79,0.7215189873417721,0.7215189873417721
79,0.6209880106407816,80,80,0.725,0.725
80,0.6208875691609681,81,81,0.7160493827160493,0.7160493827160493
81,0.6206795788691816,82,82,0.7073170731707317,0.7073170731707317
82,0.6186115340191801,83,83,0.6987951807228916,0.6987951807228916
83,0.617167908821466,84,84,0.7023809523809523,0.7023809523809523
84,0.6162576089704658,85,85,0.7058823529411765,0.7058823529411765
85,0.6161421846217912,86,86,0.7093023255813954,0.7093023255813954
86,0.6156907627324844,87,87,0.7126436781609196,0.7126436781609196
87,0.6154695928999092,88,88,0.7045454545454546,0.7045454545454546
88,0.6153367056246963,89,89,0.7078651685393258,0.7078651685393258
89,0.6137647733069281,90,90,0.7111111111111111,0.7111111111111111
90,0.6128813465038557,91,91,0.7142857142857143,0.7142857142857143
91,0.6118492665013583,92,92,0.717391304347826,0.717391304347826
92,0.610949614778244,93,93,0.7204301075268817,0.7204301075268817
93,0.6106152666194645,94,94,0.7127659574468085,0.7127659574468085
94,0.6085297645064666,95,95,0.7052631578947368,0.7052631578947368
95,0.6083070195550987,96,96,0.7083333333333334,0.7083333333333334
96,0.6070864236460715,97,97,0.711340206185567,0.711340206185567
97,0.6061847908941349,98,98,0.7142857142857143,0.7142857142857143
98,0.6059807816180948,99,99,0.7171717171717171,0.7171717171717171
99,0.6040050940451207,100,100,0.72,0.72
100,0.6024764442717728,101,101,0.7128712871287128,0.7128712871287128
101,0.6020617992743292,102,102,0.7156862745098039,0.7156862745098039
102,0.6013579536101528,103,103,0.7184466019417476,0.7184466019417476
103,0.6008515972100396,104,104,0.7211538461538461,0.7211538461538461
104,0.5988540630826287,105,105,0.7238095238095238,0.7238095238095238
105,0.5975256205418691,106,106,0.7169811320754716,0.7169811320754716
106,0.5963965333546811,107,107,0.719626168224299,0.719626168224299
107,0.5956747084291315,108,108,0.7222222222222222,0.7222222222222222
108,0.5935652477874553,109,109,0.7247706422018348,0.7247706422018348
109,0.5914334489877497,110,110,0.7181818181818181,0.7181818181818181
110,0.5913776491442895,111,111,0.7117117117117117,0.7117117117117117
111,0.5912976797416296,112,112,0.7142857142857143,0.7142857142857143
112,0.5909699951123986,113,113,0.7079646017699115,0.7079646017699115
113,0.5909138220916528,114,114,0.7017543859649122,0.7017543859649122
114,0.590871846828314,115,115,0.7043478260869566,0.7043478260869566
115,0.5905926236888592,116,116,0.6982758620689655,0.6982758620689655
116,0.5894810079745465,117,117,0.7008547008547008,0.7008547008547008
117,0.5893821966537394,118,118,0.7033898305084746,0.7033898305084746
118,0.5886416070394055,119,119,0.7058823529411765,0.7058823529411765
119,0.5871409023031915,120,120,0.7083333333333334,0.7083333333333334
120,0.5868385659743938,121,121,0.7107438016528925,0.7107438016528925
121,0.5866665551082887,122,122,0.7049180327868853,0.7049180327868853
122,0.5865258899290063,123,123,0.6991869918699187,0.6991869918699187
123,0.5861705894638741,124,124,0.7016129032258065,0.7016129032258065
124,0.5851206556869685,125,125,0.704,0.704
125,0.5850419663047157,126,126,0.7063492063492064,0.7063492063492064
126,0.5840299110657063,127,127,0.7086614173228346,0.7086614173228346
127,0.5834238660966556,128,128,0.7109375,0.7109375
128,0.5815599275371692,129,129,0.7131782945736435,0.7131782945736435
129,0.5813878319876802,130,130,0.7153846153846154,0.7153846153846154
130,0.5813784942885967,131,131,0.7175572519083969,0.7175572519083969
131,0.5803951558890676,132,132,0.7121212121212122,0.7121212121212122
132,0.5799739658329066,133,133,0.706766917293233,0.706766917293233
133,0.5795593383213244,134,134,0.7014925373134329,0.7014925373134329
134,0.5793271065133521,135,135,0.7037037037037037,0.7037037037037037
135,0.5791819728704292,136,136,0.6985294117647058,0.6985294117647058
136,0.5790353618148402,137,137,0.6934306569343066,0.6934306569343066
137,0.5779408765656249,138,138,0.6884057971014492,0.6884057971014492
138,0.5770629098355591,139,139,0.6906474820143885,0.6906474820143885
139,0.5761852229754898,140,140,0.6928571428571428,0.6928571428571428
140,0.5752476219916391,141,141,0.6879432624113475,0.6879432624113475
141,0.5746430658008755,142,142,0.6830985915492958,0.6830985915492958
142,0.5746135947074652,143,143,0.6853146853146853,0.6853146853146853
143,0.5741541578083558,144,144,0.6805555555555556,0.6805555555555556
144,0.5737719860312054,145,145,0.6758620689655173,0.6758620689655173
145,0.5736320001491161,146,146,0.6712328767123288,0.6712328767123288
146,0.5736216465549208,147,147,0.6666666666666666,0.6666666666666666
147,0.5733477379206252,148,148,0.6621621621621622,0.6621621621621622
148,0.5733424848841672,149,149,0.6577181208053692,0.6577181208053692
149,0.5732409130551138,150,150,0.6533333333333333,0.6533333333333333
150,0.5727615269311985,151,151,0.6490066225165563,0.6490066225165563
151,0.5717445386708545,152,152,0.6513157894736842,0.6513157894736842
152,0.5717268983901247,153,153,0.6470588235294118,0.6470588235294118
153,0.5714402928572592,154,154,0.6428571428571429,0.6428571428571429
154,0.5711098965107888,155,155,0.6451612903225806,0.6451612903225806
155,0.5706753348996048,156,156,0.6474358974358975,0.6474358974358975
156,0.5705602206361138,157,157,0.643312101910828,0.643312101910828
157,0.5705258353088175,158,158,0.6392405063291139,0.6392405063291139
158,0.570261869660781,159,159,0.6415094339622641,0.6415094339622641
159,0.5699540471529573,160,160,0.64375,0.64375
160,0.56993098896921,161,161,0.6459627329192547,0.6459627329192547
161,0.5691564956653965,162,162,0.6481481481481481,0.6481481481481481
162,0.5687350328992894,163,163,0.6503067484662577,0.6503067484662577
163,0.5679559225027663,164,164,0.6463414634146342,0.6463414634146342
164,0.5672705633564717,165,165,0.6484848484848484,0.6484848484848484
165,0.5670902790104414,166,166,0.6506024096385542,0.6506024096385542
166,0.5668453402828628,167,167,0.6526946107784432,0.6526946107784432
167,0.5668017348781934,168,168,0.6547619047619048,0.6547619047619048
168,0.566673325885859,169,169,0.6568047337278107,0.6568047337278107
169,0.5663281540049983,170,170,0.6529411764705882,0.6529411764705882
170,0.5662767248409805,171,171,0.6491228070175439,0.6491228070175439
171,0.5658254720589839,172,172,0.6511627906976745,0.6511627906976745
172,0.5657472946730593,173,173,0.653179190751445,0.653179190751445
173,0.5652774208657565,174,174,0.6551724137931034,0.6551724137931034
174,0.5647231523943838,175,175,0.6514285714285715,0.6514285714285715
175,0.5639242697196178,176,176,0.6477272727272727,0.6477272727272727
176,0.5634171982574963,177,177,0.6497175141242938,0.6497175141242938
177,0.5622864680644148,178,178,0.651685393258427,0.651685393258427
178,0.5619861928725742,179,179,0.6480446927374302,0.6480446927374302
179,0.5617622690628062,180,180,0.6444444444444445,0.6444444444444445
180,0.5613625601532792,181,181,0.6464088397790055,0.6464088397790055
181,0.5612139651746423,182,182,0.6483516483516484,0.6483516483516484
182,0.5607925913936286,183,183,0.6502732240437158,0.6502732240437158
183,0.560575503624761,184,184,0.6467391304347826,0.6467391304347826
184,0.5605382813588778,185,185,0.6486486486486487,0.6486486486486487
185,0.5604433363556732,186,186,0.6505376344086021,0.6505376344086021
186,0.5597946418760408,187,187,0.6524064171122995,0.6524064171122995
187,0.5595593294686847,188,188,0.648936170212766,0.648936170212766
188,0.5591997028274115,189,189,0.6455026455026455,0.6455026455026455
189,0.5589156747592277,190,190,0.6421052631578947,0.6421052631578947
190,0.5587314040773781,191,191,0.643979057591623,0.643979057591623
191,0.5587228512708015,192,192,0.640625,0.640625
192,0.5582743941173787,193,193,0.6373056994818653,0.6373056994818653
193,0.5582119434173198,194,194,0.6391752577319587,0.6391752577319587
194,0.5579310411867952,195,195,0.6358974358974359,0.6358974358974359
195,0.5573227419044393,196,196,0.6326530612244898,0.6326530612244898
196,0.5565680832042242,197,197,0.6345177664974619,0.6345177664974619
197,0.5556690639193107,198,198,0.6363636363636364,0.6363636363636364
198,0.5556511343080652,199,199,0.6381909547738693,0.6381909547738693
199,0.5556115204729211,200,200,0.635,0.635
200,0.5554871184177862,201,201,0.6368159203980099,0.6368159203980099
201,0.5549857463066725,202,202,0.6386138613861386,0.6386138613861386
202,0.5536353746211973,203,203,0.6403940886699507,0.6403940886699507
203,0.5527779554804118,204,204,0.6372549019607843,0.6372549019607843
204,0.5526221177677518,205,205,0.6341463414634146,0.6341463414634146
205,0.5525988339083084,206,206,0.6359223300970874,0.6359223300970874
206,0.5525821198422737,207,207,0.6376811594202898,0.6376811594202898
207,0.5522139707862398,208,208,0.6346153846153846,0.6346153846153846
208,0.5519155957304821,209,209,0.6363636363636364,0.6363636363636364
209,0.5518217149454067,210,210,0.6333333333333333,0.6333333333333333
210,0.5517844780133905,211,211,0.6303317535545023,0.6303317535545023
211,0.5517354934500505,212,212,0.6320754716981132,0.6320754716981132
212,0.5506389090085333,213,213,0.6291079812206573,0.6291079812206573
213,0.5505693807768858,214,214,0.6308411214953271,0.6308411214953271
214,0.5499483644881675,215,215,0.627906976744186,0.627906976744186
215,0.5497173911378846,216,216,0.625,0.625
216,0.5494700033302982,217,217,0.6267281105990783,0.6267281105990783
217,0.54875837116007,218,218,0.6238532110091743,0.6238532110091743
218,0.5482697963908296,219,219,0.6255707762557078,0.6255707762557078
219,0.548055773025482,220,220,0.6272727272727273,0.6272727272727273
220,0.5476688783999768,221,221,0.6244343891402715,0.6244343891402715
221,0.546771411313338,222,222,0.6216216216216216,0.6216216216216216
222,0.5462347984122471,223,223,0.6233183856502242,0.6233183856502242
223,0.5460370635463456,224,224,0.625,0.625
224,0.5460166111435443,225,225,0.6266666666666667,0.6266666666666667
225,0.5451810319018133,226,226,0.6238938053097345,0.6238938053097345
226,0.544107873982896,227,227,0.6211453744493393,0.6211453744493393
227,0.5437570689307905,228,228,0.618421052631579,0.618421052631579
228,0.5422083733233242,229,229,0.6200873362445415,0.6200873362445415
229,0.5421112055027206,230,230,0.6217391304347826,0.6217391304347826
230,0.5415833830675341,231,231,0.6190476190476191,0.6190476190476191
231,0.54052776522117,232,232,0.6163793103448276,0.6163793103448276
232,0.5397935717771165,233,233,0.6137339055793991,0.6137339055793991
233,0.5393667534952747,234,234,0.6111111111111112,0.6111111111111112
234,0.5393427990126383,235,235,0.6085106382978723,0.6085106382978723
235,0.5391254317561406,236,236,0.6101694915254238,0.6101694915254238
236,0.5385698487606349,237,237,0.6075949367088608,0.6075949367088608
237,0.5382507112179151,238,238,0.6092436974789915,0.6092436974789915
238,0.5379412138699766,239,239,0.606694560669456,0.606694560669456
239,0.5376502989154535,240,240,0.6041666666666666,0.6041666666666666
240,0.5376022095170603,241,241,0.6016597510373444,0.6016597510373444
241,0.5375273882197638,242,242,0.6033057851239669,0.6033057851239669
242,0.537452014802326,243,243,0.6008230452674898,0.6008230452674898
243,0.53742963496249,244,244,0.6024590163934426,0.6024590163934426
244,0.5370152039873578,245,245,0.6,0.6
245,0.5362997949414522,246,246,0.6016260162601627,0.6016260162601627
246,0.5360114677106114,247,247,0.5991902834008097,0.5991902834008097
247,0.5359203563566066,248,248,0.6008064516129032,0.6008064516129032
248,0.5346636995665409,249,249,0.5983935742971888,0.5983935742971888
249,0.5342816233626553,250,250,0.596,0.596
250,0.5339597930317097,251,251,0.5936254980079682,0.5936254980079682
251,0.5333047584876972,252,252,0.5952380952380952,0.5952380952380952
252,0.5332426972532259,253,253,0.5928853754940712,0.5928853754940712
253,0.5332355006565587,254,254,0.5905511811023622,0.5905511811023622
254,0.5330336908691964,255,255,0.592156862745098,0.592156862745098
255,0.5328735175224558,256,256,0.58984375,0.58984375
256,0.5322463602681891,257,257,0.5914396887159533,0.5914396887159533
257,0.532221967924539,258,258,0.5930232558139535,0.5930232558139535
258,0.532148783828956,259,259,0.5945945945945946,0.5945945945945946
259,0.5319943771992104,260,260,0.5923076923076923,0.5923076923076923
260,0.5308223853320067,261,261,0.5900383141762452,0.5900383141762452
261,0.5307632427594098,262,262,0.5877862595419847,0.5877862595419847
262,0.5302437058144246,263,263,0.5893536121673004,0.5893536121673004
263,0.5301811846923593,264,264,0.5871212121212122,0.5871212121212122
264,0.5299912731636797,265,265,0.5849056603773585,0.5849056603773585
265,0.529700760724926,266,266,0.5864661654135338,0.5864661654135338
266,0.5293443602693249,267,267,0.5842696629213483,0.5842696629213483
267,0.5290772340047751,268,268,0.585820895522388,0.585820895522388
268,0.5285568383124577,269,269,0.587360594795539,0.587360594795539
269,0.5284620031781551,270,270,0.5888888888888889,0.5888888888888889
270,0.5276176759935264,271,271,0.5867158671586716,0.5867158671586716
271,0.5273611950258146,272,272,0.5845588235294118,0.5845588235294118
272,0.5265290208918952,273,273,0.5860805860805861,0.5860805860805861
273,0.5264741674632466,274,274,0.5875912408759124,0.5875912408759124
274,0.5263016278573468,275,275,0.5890909090909091,0.5890909090909091
275,0.5262734451778439,276,276,0.5869565217391305,0.5869565217391305
276,0.5262550905304844,277,277,0.5884476534296029,0.5884476534296029
277,0.5262041685840272,278,278,0.5899280575539568,0.5899280575539568
278,0.5257882524959525,279,279,0.5878136200716846,0.5878136200716846
279,0.5254885904700941,280,280,0.5857142857142857,0.5857142857142857
280,0.5253900346362178,281,281,0.5871886120996441,0.5871886120996441
281,0.525198817565471,282,282,0.5886524822695035,0.5886524822695035
282,0.5250993292791256,283,283,0.5901060070671378,0.5901060070671378
283,0.5250738191402117,284,284,0.5880281690140845,0.5880281690140845
284,0.52483711566957,285,285,0.5859649122807018,0.5859649122807018
285,0.5246775458862613,286,286,0.5874125874125874,0.5874125874125874
286,0.5246113442167607,287,287,0.5888501742160279,0.5888501742160279
287,0.5242342411391872,288,288,0.5902777777777778,0.5902777777777778
288,0.5239001544173215,289,289,0.5916955017301038,0.5916955017301038
289,0.5236885638427546,290,290,0.5896551724137931,0.5896551724137931
290,0.5232156959486104,291,291,0.5910652920962199,0.5910652920962199
291,0.5230714436581638,292,292,0.589041095890411,0.589041095890411
292,0.5229954067732259,293,293,0.5870307167235495,0.5870307167235495
293,0.5228393363101382,294,294,0.5884353741496599,0.5884353741496599
294,0.5222893386108514,295,295,0.5898305084745763,0.5898305084745763
295,0.5222292456860225,296,296,0.5912162162162162,0.5912162162162162
296,0.5218275334435871,297,297,0.5925925925925926,0.5925925925925926
297,0.5217897725687775,298,298,0.5906040268456376,0.5906040268456376
298,0.52118847774074,299,299,0.5919732441471572,0.5919732441471572
299,0.5211021531694843,300,300,0.59,0.59
300,0.5209330508501806,301,301,0.5880398671096345,0.5880398671096345
301,0.5206430024730383,302,302,0.5860927152317881,0.5860927152317881
302,0.5204228631597975,303,303,0.5874587458745875,0.5874587458745875
303,0.520179565970847,304,304,0.5888157894736842,0.5888157894736842
304,0.5199241594074667,305,305,0.5901639344262295,0.5901639344262295
305,0.5188225585905609,306,306,0.5915032679738562,0.5915032679738562
306,0.5182218231068916,307,307,0.5928338762214984,0.5928338762214984
307,0.51808812855029,308,308,0.5909090909090909,0.5909090909090909
308,0.517924887920082,309,309,0.5922330097087378,0.5922330097087378
309,0.517721150474971,310,310,0.5935483870967742,0.5935483870967742
310,0.5174683047011727,311,311,0.5916398713826366,0.5916398713826366
311,0.5174678048850376,312,312,0.592948717948718,0.592948717948718
312,0.5173804242651195,313,313,0.5942492012779552,0.5942492012779552
313,0.5173054041825057,314,314,0.5923566878980892,0.5923566878980892
314,0.5171583944727907,315,315,0.5936507936507937,0.5936507936507937
315,0.5170229324336386,316,316,0.5917721518987342,0.5917721518987342
316,0.516995143111795,317,317,0.5930599369085173,0.5930599369085173
317,0.5166916042296483,318,318,0.5943396226415094,0.5943396226415094
318,0.5160436694995615,319,319,0.5956112852664577,0.5956112852664577
319,0.5156408796375654,320,320,0.596875,0.596875
320,0.5155576057497305,321,321,0.5981308411214953,0.5981308411214953
321,0.5148779419062384,322,322,0.5962732919254659,0.5962732919254659
322,0.5146731602300713,323,323,0.5944272445820433,0.5944272445820433
323,0.5146417993913371,324,324,0.595679012345679,0.595679012345679
324,0.5144929614564976,325,325,0.5969230769230769,0.5969230769230769
325,0.5135084894188484,326,326,0.598159509202454,0.598159509202454
326,0.5132864828215571,327,327,0.599388379204893,0.599388379204893
327,0.5130966121317925,328,328,0.5975609756097561,0.5975609756097561
328,0.5130187224070101,329,329,0.5957446808510638,0.5957446808510638
329,0.5129904415568386,330,330,0.5969696969696969,0.5969696969696969
330,0.5126780036201245,331,331,0.5981873111782477,0.5981873111782477
331,0.5124516169852997,332,332,0.5963855421686747,0.5963855421686747
332,0.5122723373373498,333,333,0.5945945945945946,0.5945945945945946
333,0.512021902069856,334,334,0.5958083832335329,0.5958083832335329
334,0.5119617373887504,335,335,0.5970149253731343,0.5970149253731343
335,0.5118805697936626,336,336,0.5982142857142857,0.5982142857142857
336,0.511803357635754,337,337,0.5964391691394659,0.5964391691394659
337,0.5118030395734994,338,338,0.5946745562130178,0.5946745562130178
338,0.5113340796161585,339,339,0.5929203539823009,0.5929203539823009
339,0.5111854241317985,340,340,0.5911764705882353,0.5911764705882353
340,0.5109229375769502,341,341,0.592375366568915,0.592375366568915
341,0.5108996928891377,342,342,0.5935672514619883,0.5935672514619883
342,0.510847751295591,343,343,0.5918367346938775,0.5918367346938775
343,0.5104116888395045,344,344,0.5930232558139535,0.5930232558139535
344,0.5101849106736358,345,345,0.5942028985507246,0.5942028985507246
345,0.5099219284294392,346,346,0.5924855491329479,0.5924855491329479
346,0.5098999954835357,347,347,0.590778097982709,0.590778097982709
347,0.5096405544533679,348,348,0.5890804597701149,0.5890804597701149
348,0.509639547805168,349,349,0.5902578796561605,0.5902578796561605
349,0.5095694616073123,350,350,0.5914285714285714,0.5914285714285714
350,0.5090687555860622,351,351,0.5897435897435898,0.5897435897435898
351,0.5090365968433925,352,352,0.5909090909090909,0.5909090909090909
352,0.5087860945099598,353,353,0.5892351274787535,0.5892351274787535
353,0.5079296305091038,354,354,0.5903954802259888,0.5903954802259888
354,0.5076646566497274,355,355,0.5915492957746479,0.5915492957746479
355,0.5075186475600949,356,356,0.5926966292134831,0.5926966292134831
356,0.5071262941492558,357,357,0.5938375350140056,0.5938375350140056
357,0.5069600858613458,358,358,0.5921787709497207,0.5921787709497207
358,0.5068856840103371,359,359,0.5933147632311978,0.5933147632311978
359,0.506779725126218,360,360,0.5944444444444444,0.5944444444444444
360,0.5064018124779395,361,361,0.592797783933518,0.592797783933518
361,0.5062025667374987,362,362,0.5911602209944752,0.5911602209944752
362,0.5058903002938148,363,363,0.5895316804407713,0.5895316804407713
363,0.505770051910013,364,364,0.5879120879120879,0.5879120879120879
364,0.5054530337106781,365,365,0.5863013698630137,0.5863013698630137
365,0.505355056578913,366,366,0.5846994535519126,0.5846994535519126
366,0.50529002965445,367,367,0.5858310626702997,0.5858310626702997
367,0.5051194715511057,368,368,0.5869565217391305,0.5869565217391305
368,0.5045763274917734,369,369,0.5880758807588076,0.5880758807588076
369,0.5045737848941643,370,370,0.5864864864864865,0.5864864864864865
370,0.5041858041843981,371,371,0.5849056603773585,0.5849056603773585
371,0.5041016373640055,372,372,0.5860215053763441,0.5860215053763441
372,0.5038963942607706,373,373,0.5844504021447721,0.5844504021447721
373,0.5033337531345158,374,374,0.5828877005347594,0.5828877005347594
374,0.5030688687239175,375,375,0.584,0.584
375,0.5028777623780476,376,376,0.5824468085106383,0.5824468085106383
376,0.502203696170877,377,377,0.5809018567639257,0.5809018567639257
377,0.5020531695624852,378,378,0.5793650793650794,0.5793650793650794
378,0.5017164267144018,379,379,0.5778364116094987,0.5778364116094987
379,0.5015904270123777,380,380,0.5763157894736842,0.5763157894736842
380,0.5013986778587294,381,381,0.5748031496062992,0.5748031496062992
381,0.5013636699045898,382,382,0.5759162303664922,0.5759162303664922
382,0.5009341366380788,383,383,0.5744125326370757,0.5744125326370757
383,0.5006571150018785,384,384,0.5729166666666666,0.5729166666666666
384,0.5006219292944444,385,385,0.5714285714285714,0.5714285714285714
385,0.49974629942243964,386,386,0.5699481865284974,0.5699481865284974
386,0.49953786852941146,387,387,0.5684754521963824,0.5684754521963824
387,0.499459261420913,388,388,0.5695876288659794,0.5695876288659794
388,0.4991463553081719,389,389,0.570694087403599,0.570694087403599
389,0.49842360771402033,390,390,0.5692307692307692,0.5692307692307692
390,0.49826210691971135,391,391,0.5703324808184144,0.5703324808184144
391,0.49821136503267155,392,392,0.5688775510204082,0.5688775510204082
392,0.4981987171473387,393,393,0.5699745547073791,0.5699745547073791
393,0.4977431423020968,394,394,0.5685279187817259,0.5685279187817259
394,0.4975396411647398,395,395,0.569620253164557,0.569620253164557
395,0.49747685517494944,397,396,0.5667506297229219,0.5667506297229219
396,0.497338498678702,398,397,0.5678391959798995,0.5678391959798995
397,0.4972864031368232,399,398,0.5664160401002506,0.5664160401002506
398,0.4972225418072392,400,399,0.565,0.565
399,0.49718760536831785,401,400,0.5635910224438903,0.5635910224438903
400,0.49716215888020104,402,401,0.5621890547263682,0.5621890547263682
401,0.49676574747435254,403,402,0.5632754342431762,0.5632754342431762
402,0.4966485510660493,404,403,0.5618811881188119,0.5618811881188119
403,0.4963175303534787,405,404,0.5604938271604938,0.5604938271604938
404,0.49631022674504893,406,405,0.5591133004926109,0.5591133004926109
405,0.4960454386875857,407,406,0.5577395577395577,0.5577395577395577
406,0.4951355241282627,408,407,0.5588235294117647,0.5588235294117647
407,0.494954725638342,409,408,0.5599022004889975,0.5599022004889975
408,0.4949432495330937,410,409,0.5609756097560976,0.5609756097560976
409,0.4945100170376659,411,410,0.559610705596107,0.559610705596107
410,0.4944374365718906,412,411,0.558252427184466,0.558252427184466
411,0.49415058396199524,413,412,0.559322033898305,0.559322033898305
412,0.4940990838561169,414,413,0.5579710144927537,0.5579710144927537
413,0.493014144322143,415,414,0.5590361445783133,0.5590361445783133
414,0.4929742191365122,416,415,0.5576923076923077,0.5576923076923077
415,0.49254530837119,417,416,0.5563549160671463,0.5563549160671463
416,0.49252760439807824,418,417,0.5550239234449761,0.5550239234449761
417,0.49228256263700304,419,418,0.5560859188544153,0.5560859188544153
418,0.4922327045022078,420,419,0.5547619047619048,0.5547619047619048
419,0.4921824391925321,421,420,0.5534441805225653,0.5534441805225653
420,0.4918957315096841,422,421,0.5521327014218009,0.5521327014218009
421,0.49186076924925837,423,422,0.5531914893617021,0.5531914893617021
422,0.49174879702620855,424,423,0.5518867924528302,0.5518867924528302
423,0.4916963140946435,425,424,0.5529411764705883,0.5529411764705883
424,0.4910649315331587,426,425,0.5516431924882629,0.5516431924882629
425,0.4909273358266755,427,426,0.550351288056206,0.550351288056206
426,0.490570284160384,428,427,0.5490654205607477,0.5490654205607477
427,0.490185767018211,429,428,0.5501165501165501,0.5501165501165501
428,0.48982101108051734,430,429,0.5488372093023256,0.5488372093023256
429,0.48966299246457234,431,430,0.5475638051044084,0.5475638051044084
430,0.4892650827654101,432,431,0.5462962962962963,0.5462962962962963
431,0.488373766823609,433,432,0.5450346420323325,0.5450346420323325
432,0.4876925556929062,434,433,0.5460829493087558,0.5460829493087558
433,0.48749847503184585,435,434,0.5471264367816092,0.5471264367816092
434,0.4872351521796818,436,435,0.5481651376146789,0.5481651376146789
435,0.4871779285387598,437,436,0.5469107551487414,0.5469107551487414
436,0.48692028391533354,438,437,0.547945205479452,0.547945205479452
437,0.4868969470889365,439,438,0.5489749430523918,0.5489749430523918
438,0.4868224635160115,440,439,0.55,0.55
439,0.4867988326998164,441,440,0.5510204081632653,0.5510204081632653
440,0.4866449502457743,442,441,0.5520361990950227,0.5520361990950227
441,0.4860922996491352,443,442,0.5507900677200903,0.5507900677200903
442,0.4859227922488624,444,443,0.5518018018018018,0.5518018018018018
443,0.4854337293632934,445,444,0.5528089887640449,0.5528089887640449
444,0.48511656465985964,446,445,0.5538116591928252,0.5538116591928252
445,0.4849741544762714,447,446,0.5548098434004475,0.5548098434004475
446,0.48461801857084347,448,447,0.5535714285714286,0.5535714285714286
447,0.48434169297595164,449,448,0.5523385300668151,0.5523385300668151
448,0.48419484017279535,450,449,0.5511111111111111,0.5511111111111111
449,0.4833677876069773,451,450,0.549889135254989,0.549889135254989
450,0.48277698852519435,452,451,0.5486725663716814,0.5486725663716814
451,0.48273653643783393,453,452,0.5474613686534217,0.5474613686534217
452,0.4826594825812359,454,453,0.5484581497797357,0.5484581497797357
453,0.48245680764281457,455,454,0.5494505494505495,0.5494505494505495
454,0.4823989622595601,456,455,0.5504385964912281,0.5504385964912281
455,0.48171414639827714,457,456,0.5492341356673961,0.5492341356673961
456,0.4813761742343759,458,457,0.5502183406113537,0.5502183406113537
457,0.4808900028200833,459,458,0.5490196078431373,0.5490196078431373
458,0.4805963004384848,460,459,0.5478260869565217,0.5478260869565217
459,0.48041659968285627,461,460,0.5488069414316703,0.5488069414316703
460,0.480375246219842,462,461,0.5476190476190477,0.5476190476190477
461,0.48036140588475507,463,462,0.5464362850971922,0.5464362850971922
462,0.4801911664025561,464,463,0.5474137931034483,0.5474137931034483
463,0.47992060276606513,465,464,0.546236559139785,0.546236559139785
464,0.47960354048913634,466,465,0.5472103004291845,0.5472103004291845
465,0.4791680200114972,467,466,0.5460385438972163,0.5460385438972163
466,0.4780688607340643,468,467,0.5470085470085471,0.5470085470085471
467,0.47799421461185887,469,468,0.5458422174840085,0.5458422174840085
468,0.4778522236893734,470,469,0.5446808510638298,0.5446808510638298
469,0.4775857883058609,471,470,0.5456475583864119,0.5456475583864119
470,0.4769797846925859,472,471,0.5466101694915254,0.5466101694915254
471,0.4768864009103249,473,472,0.547568710359408,0.547568710359408
472,0.4765163241781328,474,473,0.5464135021097046,0.5464135021097046
473,0.47648302910937196,475,474,0.5452631578947369,0.5452631578947369
474,0.4759216979700902,476,475,0.5462184873949579,0.5462184873949579
475,0.4756413693466841,477,476,0.5471698113207547,0.5471698113207547
476,0.4753389206539924,478,477,0.5460251046025104,0.5460251046025104
477,0.4753231212253858,479,478,0.5448851774530271,0.5448851774530271
478,0.47530961742292377,480,479,0.54375,0.54375
479,0.4751026590550789,481,480,0.5426195426195426,0.5426195426195426
480,0.4750607257797133,482,481,0.5435684647302904,0.5435684647302904
481,0.4750123208427338,483,482,0.5445134575569358,0.5445134575569358
482,0.4749197992173013,484,483,0.5433884297520661,0.5433884297520661
483,0.47414780823719116,485,484,0.5443298969072164,0.5443298969072164
484,0.4739535338195891,486,485,0.5452674897119342,0.5452674897119342
485,0.4738190575105514,487,486,0.5441478439425051,0.5441478439425051
486,0.4737077206814811,488,487,0.5430327868852459,0.5430327868852459
487,0.47280692401176255,489,488,0.5419222903885481,0.5419222903885481
488,0.472772124154246,490,489,0.5428571428571428,0.5428571428571428
489,0.4725183872304629,491,490,0.5417515274949084,0.5417515274949084
490,0.4713714140181516,492,491,0.540650406504065,0.540650406504065
491,0.47113176562392045,493,492,0.539553752535497,0.539553752535497
492,0.4710472404560353,494,493,0.5404858299595142,0.5404858299595142
493,0.4707114569751587,495,494,0.5414141414141415,0.5414141414141415
494,0.4704272422233772,496,495,0.5423387096774194,0.5423387096774194
495,0.47042494498915244,497,496,0.5432595573440644,0.5432595573440644
496,0.4703552739498334,498,497,0.5421686746987951,0.5421686746987951
497,0.47015560690773417,499,498,0.5430861723446894,0.5430861723446894
498,0.4699797589715049,500,499,0.544,0.544
499,0.4697557784980348,501,500,0.5429141716566867,0.5429141716566867
500,0.4695316030777697,502,501,0.5418326693227091,0.5418326693227091
501,0.4689978522067432,503,502,0.5407554671968191,0.5407554671968191
502,0.4689814346190065,504,503,0.5416666666666666,0.5416666666666666
503,0.4689082046148676,505,504,0.5425742574257426,0.5425742574257426
504,0.4685160031565493,506,505,0.541501976284585,0.541501976284585
505,0.46825509770369744,507,506,0.5424063116370809,0.5424063116370809
506,0.468237292223982,508,507,0.5433070866141733,0.5433070866141733
507,0.4681067214487092,509,508,0.5422396856581533,0.5422396856581533
508,0.4681058694690516,510,509,0.5431372549019607,0.5431372549019607
509,0.46806835281689474,511,510,0.5420743639921722,0.5420743639921722
510,0.4679237680264208,512,511,0.54296875,0.54296875
511,0.46757912906484095,513,512,0.543859649122807,0.543859649122807
512,0.467535782470529,514,513,0.5428015564202334,0.5428015564202334
513,0.4674986326440026,515,514,0.541747572815534,0.541747572815534
514,0.4672146391593233,516,515,0.5406976744186046,0.5406976744186046
515,0.4669843329513653,517,516,0.5415860735009671,0.5415860735009671
516,0.4667487287424768,518,517,0.5424710424710425,0.5424710424710425
517,0.46653367323736855,519,518,0.5433526011560693,0.5433526011560693
518,0.46618607452741634,520,519,0.5442307692307692,0.5442307692307692
519,0.46608266858901,521,520,0.5431861804222649,0.5431861804222649
520,0.46597312815333103,522,521,0.5440613026819924,0.5440613026819924
521,0.4659313285630121,523,522,0.5430210325047801,0.5430210325047801
522,0.4653235039917343,524,523,0.5419847328244275,0.5419847328244275
523,0.46516566392834946,525,524,0.5428571428571428,0.5428571428571428
524,0.46479462251105563,526,525,0.5437262357414449,0.5437262357414449
525,0.4644342294794035,527,526,0.5426944971537002,0.5426944971537002
526,0.46440662836083985,528,527,0.5435606060606061,0.5435606060606061
527,0.4643441525402482,529,528,0.5425330812854442,0.5425330812854442
528,0.464213540978438,530,529,0.5433962264150943,0.5433962264150943
529,0.46398951957978546,531,530,0.544256120527307,0.544256120527307
530,0.4639806801549383,532,531,0.543233082706767,0.543233082706767
531,0.4638873009494752,533,532,0.5422138836772983,0.5422138836772983
532,0.46386302274951724,534,533,0.5430711610486891,0.5430711610486891
533,0.4636525505860898,535,534,0.5420560747663551,0.5420560747663551
534,0.46359535593996537,536,535,0.542910447761194,0.542910447761194
535,0.46348317297899616,537,536,0.5437616387337058,0.5437616387337058
536,0.4633894181294839,538,537,0.5446096654275093,0.5446096654275093
537,0.4626811404790664,539,538,0.5454545454545454,0.5454545454545454
538,0.46230077199862635,540,539,0.5444444444444444,0.5444444444444444
539,0.4621115014330414,541,540,0.5434380776340111,0.5434380776340111
540,0.461840226870791,542,541,0.5424354243542435,0.5424354243542435
541,0.4614159924064121,543,542,0.5414364640883977,0.5414364640883977
542,0.46109856809421496,544,543,0.5404411764705882,0.5404411764705882
543,0.46107561980667594,545,544,0.5412844036697247,0.5412844036697247
544,0.46082968450041356,546,545,0.5421245421245421,0.5421245421245421
545,0.45892416914178463,547,546,0.5411334552102377,0.5411334552102377
546,0.45876854317303756,548,547,0.5401459854014599,0.5401459854014599
547,0.4586610298102895,549,548,0.5391621129326047,0.5391621129326047
548,0.4586500858078774,550,549,0.5381818181818182,0.5381818181818182
549,0.4584979688430405,551,550,0.5390199637023594,0.5390199637023594
550,0.4583531019790539,552,551,0.5398550724637681,0.5398550724637681
551,0.4581698797529879,553,552,0.5406871609403255,0.5406871609403255
552,0.457967590215369,554,553,0.5415162454873647,0.5415162454873647
553,0.45793721254052194,555,554,0.5405405405405406,0.5405405405405406
554,0.45739080016818806,556,555,0.539568345323741,0.539568345323741
555,0.45698886347644047,557,556,0.5403949730700179,0.5403949730700179
556,0.45689875034372346,558,557,0.5394265232974911,0.5394265232974911
557,0.4568337533914933,559,558,0.5384615384615384,0.5384615384615384
558,0.4567956239474613,560,559,0.5375,0.5375
559,0.4563719251511504,561,560,0.5365418894830659,0.5365418894830659
560,0.4558282350375462,562,561,0.5355871886120996,0.5355871886120996
561,0.45565483066924406,563,562,0.5364120781527532,0.5364120781527532
562,0.45550167820997756,564,563,0.5354609929078015,0.5354609929078015
563,0.454981857137103,565,564,0.5345132743362832,0.5345132743362832
564,0.45457520623533343,566,565,0.5353356890459364,0.5353356890459364
565,0.454518550228643,567,566,0.5361552028218695,0.5361552028218695
566,0.4543748846799001,568,567,0.5352112676056338,0.5352112676056338
567,0.45431188082234303,569,568,0.5342706502636204,0.5342706502636204
568,0.45427001580578635,570,569,0.5333333333333333,0.5333333333333333
569,0.45425242062797744,571,570,0.532399299474606,0.532399299474606
570,0.45414944112868955,572,571,0.5332167832167832,0.5332167832167832
571,0.45406312068314236,573,572,0.5322862129144852,0.5322862129144852
572,0.45366429872627206,574,573,0.5313588850174216,0.5313588850174216
573,0.4535400126029518,575,574,0.5304347826086957,0.5304347826086957
574,0.45320653338025313,576,575,0.53125,0.53125
575,0.453015688362065,577,576,0.5303292894280762,0.5303292894280762
576,0.4528979028237182,578,577,0.5294117647058824,0.5294117647058824
577,0.45281922398448515,579,578,0.5302245250431779,0.5302245250431779
578,0.45267975929214743,580,579,0.5310344827586206,0.5310344827586206
579,0.45257722696038094,581,580,0.5301204819277109,0.5301204819277109
580,0.45250519002709644,582,581,0.5309278350515464,0.5309278350515464
581,0.45234970970228416,583,582,0.5317324185248714,0.5317324185248714
582,0.4521158338922964,584,583,0.5308219178082192,0.5308219178082192
583,0.45193418648299993,585,584,0.5316239316239316,0.5316239316239316
584,0.4510057565708906,586,585,0.5307167235494881,0.5307167235494881
585,0.45089150819628276,587,586,0.5315161839863713,0.5315161839863713
586,0.4507597364385074,588,587,0.5306122448979592,0.5306122448979592
587,0.45031564350954034,589,588,0.5314091680814941,0.5314091680814941
588,0.4503003066482893,590,589,0.5322033898305085,0.5322033898305085
589,0.45029161819137486,591,590,0.5313028764805414,0.5313028764805414
590,0.450174194724281,592,591,0.5320945945945946,0.5320945945945946
591,0.4500933707651204,593,592,0.5311973018549747,0.5311973018549747
592,0.45000794058325866,594,593,0.5303030303030303,0.5303030303030303
593,0.4500022627078849,595,594,0.5294117647058824,0.5294117647058824
594,0.44976158419795226,596,595,0.5285234899328859,0.5285234899328859
595,0.4496341697670946,597,596,0.5276381909547738,0.5276381909547738
596,0.44919173379712685,598,597,0.5267558528428093,0.5267558528428093
597,0.44899500241384876,599,598,0.5258764607679466,0.5258764607679466
598,0.4489506383847945,600,599,0.5266666666666666,0.5266666666666666
599,0.44864459504469745,601,600,0.5257903494176372,0.5257903494176372
600,0.4484518585165342,602,601,0.526578073089701,0.526578073089701
601,0.4480279788472516,603,602,0.527363184079602,0.527363184079602
602,0.44797655898519634,604,603,0.5281456953642384,0.5281456953642384
603,0.4475598272817481,605,604,0.5272727272727272,0.5272727272727272
604,0.44745126488921627,606,605,0.528052805280528,0.528052805280528
605,0.44719764290091835,607,606,0.528830313014827,0.528830313014827
606,0.4469614683457672,608,607,0.5279605263157895,0.5279605263157895
607,0.4465967857229151,609,608,0.5270935960591133,0.5270935960591133
608,0.4464979686942056,610,609,0.5262295081967213,0.5262295081967213
609,0.44613922141921997,611,610,0.5253682487725041,0.5253682487725041
610,0.44574499073946816,612,611,0.5245098039215687,0.5245098039215687
611,0.44562638040624514,613,612,0.5252854812398042,0.5252854812398042
612,0.4455146375005624,614,613,0.5260586319218241,0.5260586319218241
613,0.44429328962904074,615,614,0.5252032520325203,0.5252032520325203
614,0.4442021309378166,616,615,0.5243506493506493,0.5243506493506493
615,0.44411875414013735,617,616,0.5235008103727715,0.5235008103727715
616,0.44374827937703765,618,617,0.5226537216828478,0.5226537216828478
617,0.44317973828664314,619,618,0.5218093699515347,0.5218093699515347
618,0.44293018312888094,620,619,0.5209677419354839,0.5209677419354839
619,0.4427243750497179,621,620,0.5201288244766505,0.5201288244766505
620,0.44268057382248405,622,621,0.5192926045016077,0.5192926045016077
621,0.44255362146997473,623,622,0.5200642054574639,0.5200642054574639
622,0.44250785294568423,624,623,0.5208333333333334,0.5208333333333334
623,0.4418529316754558,625,624,0.52,0.52
624,0.4418113056905621,626,625,0.5207667731629393,0.5207667731629393
625,0.441783501409119,627,626,0.5199362041467305,0.5199362041467305
626,0.4411306350794251,628,627,0.5191082802547771,0.5191082802547771
627,0.4409623954283141,629,628,0.519872813990461,0.519872813990461
628,0.4409090504718853,630,629,0.5206349206349207,0.5206349206349207
629,0.4405008380058082,631,630,0.5213946117274167,0.5213946117274167
630,0.44030364993283505,632,631,0.5205696202531646,0.5205696202531646
631,0.44013988471928683,633,632,0.5197472353870458,0.5197472353870458
632,0.4399826473973129,634,633,0.5189274447949527,0.5189274447949527
633,0.43968372007673834,635,634,0.5196850393700787,0.5196850393700787
634,0.4395065914738819,636,635,0.5188679245283019,0.5188679245283019
635,0.43933454228906904,637,636,0.5180533751962323,0.5180533751962323
636,0.4391551482814925,638,637,0.5172413793103449,0.5172413793103449
637,0.43867846263825894,639,638,0.5179968701095462,0.5179968701095462
638,0.4386526552091796,640,639,0.51875,0.51875
639,0.4383606024962242,641,640,0.5179407176287052,0.5179407176287052
640,0.4383146214406327,642,641,0.5171339563862928,0.5171339563862928
641,0.4378337968064817,643,642,0.5163297045101088,0.5163297045101088
642,0.4378112358470468,644,643,0.5170807453416149,0.5170807453416149
643,0.43757790625024007,645,644,0.5162790697674419,0.5162790697674419
644,0.43735841312796453,646,645,0.5154798761609907,0.5154798761609907
645,0.4371231862651976,647,646,0.5162287480680062,0.5162287480680062
646,0.4370787878779615,648,647,0.5169753086419753,0.5169753086419753
647,0.43700847814724403,649,648,0.5161787365177196,0.5161787365177196
648,0.4369893518984056,650,649,0.5169230769230769,0.5169230769230769
649,0.4368029665749938,651,650,0.5161290322580645,0.5161290322580645
650,0.4367108689962134,652,651,0.5153374233128835,0.5153374233128835
651,0.43601918392006295,653,652,0.5145482388973966,0.5145482388973966
652,0.43569261050890884,654,653,0.5137614678899083,0.5137614678899083
653,0.43558955381810016,655,654,0.5129770992366413,0.5129770992366413
654,0.4354835843934612,656,655,0.5121951219512195,0.5121951219512195
655,0.4354658730397654,657,656,0.512937595129376,0.512937595129376
656,0.4351385737446517,658,657,0.5121580547112462,0.5121580547112462
657,0.4349626276124263,659,658,0.511380880121396,0.511380880121396
658,0.43483223794333453,660,659,0.5121212121212121,0.5121212121212121
659,0.4345467124374556,661,660,0.5113464447806354,0.5113464447806354
660,0.43441198544438164,662,661,0.5105740181268882,0.5105740181268882
661,0.43421008514533327,663,662,0.5098039215686274,0.5098039215686274
662,0.43406229500243837,664,663,0.5090361445783133,0.5090361445783133
663,0.43405623737003235,665,664,0.5097744360902255,0.5097744360902255
664,0.43386435575646454,666,665,0.509009009009009,0.509009009009009
665,0.4338260055223405,667,666,0.5097451274362819,0.5097451274362819
666,0.4336194735071697,668,667,0.5089820359281437,0.5089820359281437
667,0.43355157647451276,669,668,0.5082212257100149,0.5082212257100149
668,0.43352860279803496,670,669,0.508955223880597,0.508955223880597
669,0.43330846131558354,671,670,0.5081967213114754,0.5081967213114754
670,0.4329959954710976,672,671,0.5089285714285714,0.5089285714285714
671,0.43298282842877256,673,672,0.5081723625557206,0.5081723625557206
672,0.4327790800134167,674,673,0.5074183976261127,0.5074183976261127
673,0.4324534298398275,675,674,0.5066666666666667,0.5066666666666667
674,0.4323778796446919,676,675,0.5059171597633136,0.5059171597633136
675,0.4322062179501278,677,676,0.5066469719350074,0.5066469719350074
676,0.4320737397929864,678,677,0.5073746312684366,0.5073746312684366
677,0.43201382407419786,679,678,0.5066273932253313,0.5066273932253313
678,0.4316247321649227,680,679,0.5073529411764706,0.5073529411764706
679,0.4315648208194664,681,680,0.5066079295154186,0.5066079295154186
680,0.43150868966804057,682,681,0.5073313782991202,0.5073313782991202
681,0.4314715580727,683,682,0.5080527086383602,0.5080527086383602
682,0.43128685573236636,684,683,0.5073099415204678,0.5073099415204678
683,0.4310093122000045,685,684,0.5065693430656935,0.5065693430656935
684,0.43097399654491325,686,685,0.5058309037900874,0.5058309037900874
685,0.4309053262467987,687,686,0.50509461426492,0.50509461426492
686,0.43069799987179147,688,687,0.5058139534883721,0.5058139534883721
687,0.4306978897084608,689,688,0.5065312046444121,0.5065312046444121
688,0.43055312925509465,690,689,0.5072463768115942,0.5072463768115942
689,0.4303918431645628,691,690,0.5065123010130246,0.5065123010130246
690,0.43009493432075013,692,691,0.5072254335260116,0.5072254335260116
691,0.4299691109046828,693,692,0.5064935064935064,0.5064935064935064
692,0.42984952857910463,694,693,0.5072046109510087,0.5072046109510087
693,0.42974863576633066,695,694,0.5064748201438849,0.5064748201438849
694,0.42971849326263223,696,695,0.507183908045977,0.507183908045977
695,0.4295066563085515,697,696,0.5064562410329986,0.5064562410329986
696,0.429108064122412,698,697,0.505730659025788,0.505730659025788
697,0.42902597048956886,699,698,0.5064377682403434,0.5064377682403434
698,0.4290093169217734,700,699,0.5057142857142857,0.5057142857142857
699,0.4286270279653639,701,700,0.5049928673323824,0.5049928673323824
700,0.4284888113812821,702,701,0.5042735042735043,0.5042735042735043
701,0.42824700814101685,703,702,0.5035561877667141,0.5035561877667141
702,0.4281448548959115,704,703,0.5028409090909091,0.5028409090909091
703,0.427955535817377,705,704,0.5035460992907801,0.5035460992907801
704,0.4278836737946057,706,705,0.5042492917847026,0.5042492917847026
705,0.4276244363775506,707,706,0.5035360678925035,0.5035360678925035
706,0.42707530011509126,708,707,0.5042372881355932,0.5042372881355932
707,0.42697949359020776,709,708,0.5035260930888575,0.5035260930888575
708,0.42673128392422494,710,709,0.5028169014084507,0.5028169014084507
709,0.42643862816336503,711,710,0.5021097046413502,0.5021097046413502
710,0.4264194128770901,712,711,0.5028089887640449,0.5028089887640449
711,0.42590719434206303,713,712,0.5035063113604488,0.5035063113604488
712,0.4258485138959589,714,713,0.5028011204481793,0.5028011204481793
713,0.4256773852359669,715,714,0.5020979020979021,0.5020979020979021
714,0.4256542185787439,716,715,0.5027932960893855,0.5027932960893855
715,0.42562999390617284,717,716,0.5034867503486751,0.5034867503486751
716,0.42561047555283116,718,717,0.5041782729805014,0.5041782729805014
717,0.42547676835853226,719,718,0.5048678720445062,0.5048678720445062
718,0.4252162615545861,720,719,0.5041666666666667,0.5041666666666667
719,0.4251846830606232,721,720,0.5034674063800277,0.5034674063800277
720,0.4251143983859249,722,721,0.502770083102493,0.502770083102493
721,0.42480725827396093,723,722,0.5020746887966805,0.5020746887966805
722,0.42467373666302805,724,723,0.5013812154696132,0.5013812154696132
723,0.4242071944755839,725,724,0.5006896551724138,0.5006896551724138
724,0.4238283472043469,726,725,0.5013774104683195,0.5013774104683195
725,0.42368924633416544,727,726,0.5006877579092159,0.5006877579092159
726,0.4229454448848685,728,727,0.5,0.5
727,0.42288454775444256,729,728,0.5006858710562414,0.5006858710562414
728,0.4224333611302103,730,729,0.5013698630136987,0.5013698630136987
729,0.42242872042764085,731,730,0.5006839945280438,0.5006839945280438
730,0.4224008376751476,732,731,0.5,0.5
731,0.4220266462810234,733,732,0.5006821282401092,0.5006821282401092
732,0.42200897132218984,734,733,0.5013623978201635,0.5013623978201635
733,0.4219873673045026,735,734,0.5006802721088436,0.5006802721088436
734,0.42190096802413163,736,735,0.501358695652174,0.501358695652174
735,0.4218483642772425,737,736,0.5006784260515604,0.5006784260515604
736,0.421579738330954,738,737,0.5013550135501355,0.5013550135501355
737,0.4214909240159701,739,738,0.5020297699594046,0.5020297699594046
738,0.4213624808503243,740,739,0.5027027027027027,0.5027027027027027
739,0.42112548636181796,741,740,0.5033738191632928,0.5033738191632928
740,0.42067562097018324,742,741,0.5026954177897575,0.5026954177897575
741,0.4203490136464912,743,742,0.5020188425302826,0.5020188425302826
742,0.4200112285854569,744,743,0.5026881720430108,0.5026881720430108
743,0.4195821992694968,745,744,0.5020134228187919,0.5020134228187919
744,0.4195750830679453,746,745,0.5013404825737265,0.5013404825737265
745,0.41956579358643525,747,746,0.500669344042838,0.500669344042838
746,0.4192848528256143,748,747,0.5013368983957219,0.5013368983957219
747,0.4192399962286237,749,748,0.5020026702269693,0.5020026702269693
748,0.4191432520870466,750,749,0.5013333333333333,0.5013333333333333
749,0.4190128092676165,751,750,0.5019973368841545,0.5019973368841545
750,0.41896516206197776,752,751,0.5013297872340425,0.5013297872340425
751,0.41875590401764484,753,752,0.50066401062417,0.50066401062417
752,0.4187176871871914,754,753,0.5,0.5
753,0.4176170795216028,755,754,0.5006622516556292,0.5006622516556292
754,0.41743065367896215,756,755,0.5,0.5
755,0.41724011871810707,757,756,0.49933949801849403,0.49933949801849403
756,0.41718887721766257,758,757,0.5,0.5
757,0.4170567214350308,759,758,0.5006587615283268,0.5006587615283268
758,0.41703779890319687,760,759,0.5,0.5
759,0.4168461269516787,761,760,0.49934296977660975,0.49934296977660975
760,0.41678624807832937,762,761,0.49868766404199477,0.49868766404199477
761,0.41677353977327214,763,762,0.49934469200524245,0.49934469200524245
762,0.41669244358969754,764,763,0.5,0.5
763,0.41662528643372315,765,764,0.5006535947712418,0.5006535947712418
764,0.41660439459718673,766,765,0.5,0.5
765,0.4165661753682186,767,766,0.49934810951760106,0.49934810951760106
766,0.4165282540654604,768,767,0.5,0.5
767,0.4162487491431359,769,768,0.49934980494148246,0.49934980494148246
768,0.41621432140727627,770,769,0.5,0.5
769,0.41619448643588713,771,770,0.4993514915693904,0.4993514915693904
770,0.41617047955504016,772,771,0.5,0.5
771,0.4151648199045193,773,772,0.500646830530401,0.500646830530401
772,0.41500921736570123,774,773,0.5,0.5
773,0.4149375931776393,775,774,0.4993548387096774,0.4993548387096774
774,0.41477665338030956,776,775,0.49871134020618557,0.49871134020618557
775,0.4145281350693952,777,776,0.49935649935649934,0.49935649935649934
776,0.41447712550549315,778,777,0.5,0.5
777,0.4143536492848602,779,778,0.4993581514762516,0.4993581514762516
778,0.41413170052219117,780,779,0.4987179487179487,0.4987179487179487
779,0.41401254200464827,781,780,0.4980793854033291,0.4980793854033291
780,0.41400751861556323,782,781,0.49872122762148335,0.49872122762148335
781,0.413875200117829,783,782,0.49808429118773945,0.49808429118773945
782,0.41342467621968293,784,783,0.49744897959183676,0.49744897959183676
783,0.4132753320275982,785,784,0.4968152866242038,0.4968152866242038
784,0.41323385044064015,786,785,0.49745547073791346,0.49745547073791346
785,0.4130422207930455,787,786,0.49809402795425667,0.49809402795425667
786,0.4130103366151309,788,787,0.4987309644670051,0.4987309644670051
787,0.4128293741547204,789,788,0.49936628643852976,0.49936628643852976
788,0.41282348348700254,790,789,0.49873417721518987,0.49873417721518987
789,0.41230786054163426,791,790,0.49810366624525915,0.49810366624525915
790,0.4121266159893297,792,791,0.49747474747474746,0.49747474747474746
791,0.4121211036861785,793,792,0.4968474148802018,0.4968474148802018
792,0.4118732214664732,794,793,0.49622166246851385,0.49622166246851385
793,0.41145853249828107,795,794,0.4968553459119497,0.4968553459119497
794,0.4110862281490262,796,795,0.4962311557788945,0.4962311557788945
795,0.4109689774783818,797,796,0.4968632371392723,0.4968632371392723
796,0.41073819162257524,798,797,0.4974937343358396,0.4974937343358396
797,0.4107370155004621,799,798,0.49687108886107634,0.49687108886107634
798,0.4106720100675611,800,799,0.49625,0.49625
799,0.4106047495948653,801,800,0.49563046192259674,0.49563046192259674
800,0.4102969888321684,802,801,0.49501246882793015,0.49501246882793015
801,0.4093385277852862,803,802,0.4943960149439601,0.4943960149439601
802,0.4093359938016287,804,803,0.49502487562189057,0.49502487562189057
803,0.4092099640082041,805,804,0.49440993788819876,0.49440993788819876
804,0.4091603387861664,806,805,0.49379652605459057,0.49379652605459057
805,0.4090913180975327,807,806,0.49318463444857497,0.49318463444857497
806,0.4090166476264536,808,807,0.49257425742574257,0.49257425742574257
807,0.40894822572186124,809,808,0.4932014833127318,0.4932014833127318
808,0.40890387063749734,810,809,0.4925925925925926,0.4925925925925926
809,0.4088550465252233,811,810,0.4919852034525277,0.4919852034525277
810,0.4082782259014404,812,811,0.49137931034482757,0.49137931034482757
811,0.40770704897122084,813,812,0.4907749077490775,0.4907749077490775
812,0.4076881047373527,814,813,0.49017199017199015,0.49017199017199015
813,0.40735256567615374,815,814,0.48957055214723927,0.48957055214723927
814,0.4072547370851095,816,815,0.49019607843137253,0.49019607843137253
815,0.4071918440983499,817,816,0.48959608323133413,0.48959608323133413
816,0.4062935919312634,818,817,0.4902200488997555,0.4902200488997555
817,0.4062645838944711,819,818,0.4908424908424908,0.4908424908424908
818,0.4061493051705479,820,819,0.4902439024390244,0.4902439024390244
819,0.40590452243975367,821,820,0.48964677222898906,0.48964677222898906
820,0.40559153454868996,822,821,0.48905109489051096,0.48905109489051096
821,0.4054886309322363,823,822,0.488456865127582,0.488456865127582
822,0.40546997788315486,824,823,0.4878640776699029,0.4878640776699029
823,0.4049826474840312,825,824,0.48727272727272725,0.48727272727272725
824,0.4049112962427777,826,825,0.48668280871670705,0.48668280871670705
825,0.4048325174519668,827,826,0.4860943168077388,0.4860943168077388
826,0.4048072585331456,828,827,0.4855072463768116,0.4855072463768116
827,0.40476764187095066,829,828,0.48612786489746684,0.48612786489746684
828,0.4045410980023403,830,829,0.4855421686746988,0.4855421686746988
829,0.4044738957667077,831,830,0.48495788206979545,0.48495788206979545
830,0.4042053890975031,832,831,0.4855769230769231,0.4855769230769231
831,0.40393216166173723,833,832,0.4849939975990396,0.4849939975990396
832,0.4036668285108074,834,833,0.4844124700239808,0.4844124700239808
833,0.40360664358833787,835,834,0.48383233532934133,0.48383233532934133
834,0.40307705452930437,836,835,0.48444976076555024,0.48444976076555024
835,0.40292019229444825,837,836,0.4850657108721625,0.4850657108721625
836,0.4025540222381187,838,837,0.48568019093078757,0.48568019093078757
837,0.402168183060244,839,838,0.4862932061978546,0.4862932061978546
838,0.4020286589989753,840,839,0.4857142857142857,0.4857142857142857
839,0.4018478293159211,841,840,0.48513674197384066,0.48513674197384066
840,0.4016908494800819,842,841,0.4857482185273159,0.4857482185273159
841,0.4015563671512329,843,842,0.4851720047449585,0.4851720047449585
842,0.40154226357759265,844,843,0.48578199052132703,0.48578199052132703
843,0.4013607950135583,845,844,0.4863905325443787,0.4863905325443787
844,0.40124509663005525,846,845,0.48699763593380613,0.48699763593380613
845,0.40120104784771893,847,846,0.48760330578512395,0.48760330578512395
846,0.4007258108591022,848,847,0.48702830188679247,0.48702830188679247
847,0.4005390906944399,849,848,0.48645465253239106,0.48645465253239106
848,0.40047364113656925,850,849,0.4858823529411765,0.4858823529411765
849,0.4002110569922231,851,850,0.48531139835487663,0.48531139835487663
850,0.40012139993850704,852,851,0.4847417840375587,0.4847417840375587
851,0.3997311244365446,853,852,0.48417350527549824,0.48417350527549824
852,0.3995956826724456,854,853,0.4847775175644028,0.4847775175644028
853,0.39931551686810635,855,854,0.4842105263157895,0.4842105263157895
854,0.39913212504342754,856,855,0.48364485981308414,0.48364485981308414
855,0.3990679233021326,857,856,0.4830805134189031,0.4830805134189031
856,0.3990224502994751,858,857,0.4836829836829837,0.4836829836829837
857,0.39891580083783634,859,858,0.4831199068684517,0.4831199068684517
858,0.3983635861320476,860,859,0.48255813953488375,0.48255813953488375
859,0.39823734553912704,861,860,0.4831591173054588,0.4831591173054588
860,0.39767858601062445,862,861,0.4837587006960557,0.4837587006960557
861,0.39730785496260573,863,862,0.4843568945538818,0.4843568945538818
862,0.39678699302392634,864,863,0.4837962962962963,0.4837962962962963
863,0.39646486566846195,865,864,0.48323699421965316,0.48323699421965316
864,0.39618380092126104,866,865,0.4838337182448037,0.4838337182448037
865,0.3961043025848289,867,866,0.48327566320645904,0.48327566320645904
866,0.3960203194105253,868,867,0.4827188940092166,0.4827188940092166
867,0.39587880101831086,869,868,0.48331415420023016,0.48331415420023016
868,0.39572066003015005,870,869,0.4827586206896552,0.4827586206896552
869,0.39565114559141507,871,870,0.4833524684270953,0.4833524684270953
870,0.395598225469817,872,871,0.48394495412844035,0.48394495412844035
871,0.39551568983177265,873,872,0.4833906071019473,0.4833906071019473
872,0.39549707230979253,874,873,0.482837528604119,0.482837528604119
873,0.39538924632072175,875,874,0.48342857142857143,0.48342857142857143
874,0.39499880010426286,876,875,0.4828767123287671,0.4828767123287671
875,0.39499368238601706,877,876,0.4823261117445838,0.4823261117445838
876,0.3947952540609892,878,877,0.48291571753986334,0.48291571753986334
877,0.394402573159407,879,878,0.48350398179749715,0.48350398179749715
878,0.39439180645652766,880,879,0.48409090909090907,0.48409090909090907
879,0.3935156348712609,881,880,0.48354143019296253,0.48354143019296253
880,0.39346805650619987,882,881,0.48299319727891155,0.48299319727891155
881,0.3933149595854086,883,882,0.4824462061155153,0.4824462061155153
882,0.3933068538232554,884,883,0.4819004524886878,0.4819004524886878
883,0.3930703497561606,885,884,0.4824858757062147,0.4824858757062147
884,0.3930089283090469,886,885,0.48306997742663654,0.48306997742663654
885,0.3927686059740078,887,886,0.48252536640360766,0.48252536640360766
886,0.39271298676422894,888,887,0.481981981981982,0.481981981981982
887,0.3922144798988183,889,888,0.48256467941507314,0.48256467941507314
888,0.39219468329048984,890,889,0.48314606741573035,0.48314606741573035
889,0.39173007992230074,891,890,0.4837261503928171,0.4837261503928171
890,0.39169571663283026,892,891,0.484304932735426,0.484304932735426
891,0.3915013724231348,893,892,0.48488241881298993,0.48488241881298993
892,0.3913665346923343,894,893,0.4854586129753915,0.4854586129753915
893,0.39135100181501314,895,894,0.4860335195530726,0.4860335195530726
894,0.3911278001356896,896,895,0.48549107142857145,0.48549107142857145
895,0.391017546568096,897,896,0.48606465997770343,0.48606465997770343
896,0.3905974171733579,898,897,0.48552338530066813,0.48552338530066813
897,0.39057667775708804,899,898,0.4849833147942158,0.4849833147942158
898,0.3901566099730835,900,899,0.4855555555555556,0.4855555555555556
899,0.3899620574893171,901,900,0.48501664816870144,0.48501664816870144
900,0.38956166963350597,902,901,0.48558758314855877,0.48558758314855877
901,0.3894754502463278,903,902,0.48615725359911405,0.48615725359911405
902,0.38908922559666154,904,903,0.4856194690265487,0.4856194690265487
903,0.3886744682110736,905,904,0.4861878453038674,0.4861878453038674
904,0.3885478341045795,906,905,0.4856512141280353,0.4856512141280353
905,0.3885219448352164,907,906,0.48511576626240355,0.48511576626240355
906,0.38848252343285555,908,907,0.4845814977973568,0.4845814977973568
907,0.3881992144310615,909,908,0.48404840484048406,0.48404840484048406
908,0.3881182066181113,910,909,0.4846153846153846,0.4846153846153846
909,0.38795242307971695,911,910,0.4840834248079034,0.4840834248079034
910,0.3878114501732606,912,911,0.48355263157894735,0.48355263157894735
911,0.3878036229093658,913,912,0.484118291347207,0.484118291347207
912,0.3876334101831616,914,913,0.48358862144420134,0.48358862144420134
913,0.3872843887981394,915,914,0.4830601092896175,0.4830601092896175
914,0.3870965665211058,916,915,0.48253275109170307,0.48253275109170307
915,0.38699587192452184,917,916,0.4820065430752454,0.4820065430752454
916,0.3869776292944575,918,917,0.48148148148148145,0.48148148148148145
917,0.38696417876989536,919,918,0.4820457018498368,0.4820457018498368
918,0.3868890457047694,920,919,0.4815217391304348,0.4815217391304348
919,0.38669437179784516,921,920,0.4820846905537459,0.4820846905537459
920,0.386683057554692,922,921,0.482646420824295,0.482646420824295
921,0.386503976179393,923,922,0.48212351029252437,0.48212351029252437
922,0.3859616373957809,924,923,0.4816017316017316,0.4816017316017316
923,0.3856096812781316,925,924,0.4821621621621622,0.4821621621621622
924,0.3852772251808979,926,925,0.48272138228941686,0.48272138228941686
925,0.38498542917602147,927,926,0.48220064724919093,0.48220064724919093
926,0.38480341823238523,928,927,0.4827586206896552,0.4827586206896552
927,0.3847069875847047,929,928,0.4822389666307858,0.4822389666307858
928,0.38470155201078404,930,929,0.4827956989247312,0.4827956989247312
929,0.3845737550060689,931,930,0.4833512352309345,0.4833512352309345
930,0.38443975130702335,932,931,0.48390557939914164,0.48390557939914164
931,0.38432068006907194,933,932,0.4833869239013934,0.4833869239013934
932,0.3842949985169083,934,933,0.48394004282655245,0.48394004282655245
933,0.38428934616387467,935,934,0.4834224598930481,0.4834224598930481
934,0.3842031304412151,936,935,0.483974358974359,0.483974358974359
935,0.38409203362997046,937,936,0.4834578441835646,0.4834578441835646
936,0.38404767789190414,938,937,0.48294243070362475,0.48294243070362475
937,0.38400609857168494,939,938,0.48242811501597443,0.48242811501597443
938,0.3839642798818679,940,939,0.4829787234042553,0.4829787234042553
939,0.3839561099410142,941,940,0.4824654622741764,0.4824654622741764
940,0.38390225255303967,942,941,0.4830148619957537,0.4830148619957537
941,0.38381341533384383,943,942,0.4835630965005302,0.4835630965005302
942,0.3837863034413835,944,943,0.4830508474576271,0.4830508474576271
943,0.383778321380601,945,944,0.4835978835978836,0.4835978835978836
944,0.38377434062531385,946,945,0.48308668076109934,0.48308668076109934
945,0.38352667333875917,947,946,0.4825765575501584,0.4825765575501584
946,0.38345790486642234,948,947,0.4820675105485232,0.4820675105485232
947,0.3834440632469968,949,948,0.4815595363540569,0.4815595363540569
948,0.38338436985370217,950,949,0.48105263157894734,0.48105263157894734
949,0.38334566052823954,951,950,0.480546792849632,0.480546792849632
950,0.38311797121911395,952,951,0.4810924369747899,0.4810924369747899
951,0.3830666355135734,953,952,0.4805876180482686,0.4805876180482686
952,0.3830488865490371,954,953,0.4811320754716981,0.4811320754716981
953,0.38304645685861916,955,954,0.4806282722513089,0.4806282722513089
954,0.3828804719881154,956,955,0.4801255230125523,0.4801255230125523
955,0.38278922771086893,957,956,0.48066875653082547,0.48066875653082547
956,0.3827325359769512,958,957,0.4812108559498956,0.4812108559498956
957,0.38265689007996445,959,958,0.4807090719499479,0.4807090719499479
958,0.38264381274558035,961,959,0.4797086368366285,0.4797086368366285
959,0.38257818843651176,962,960,0.4802494802494803,0.4802494802494803
960,0.3824867323293248,963,961,0.4797507788161994,0.4797507788161994
961,0.38238517724995486,964,962,0.4802904564315353,0.4802904564315353
962,0.38236655720403695,965,963,0.47979274611398964,0.47979274611398964
963,0.38224120625899405,966,964,0.47929606625258797,0.47929606625258797
964,0.38188884688482944,967,965,0.47983453981385726,0.47983453981385726
965,0.381874644350283,968,966,0.4793388429752066,0.4793388429752066
966,0.38166224178636127,969,967,0.47987616099071206,0.47987616099071206
967,0.38150224298387814,970,968,0.4793814432989691,0.4793814432989691
968,0.38132734383186506,971,969,0.4788877445932029,0.4788877445932029
969,0.38105983651198944,972,970,0.4794238683127572,0.4794238683127572
970,0.3808205783885248,973,971,0.4789311408016444,0.4789311408016444
971,0.38033899732090387,974,972,0.4784394250513347,0.4784394250513347
972,0.3800215028264843,975,973,0.47794871794871796,0.47794871794871796
973,0.3797958797999311,976,974,0.47848360655737704,0.47848360655737704
974,0.37941604818644026,977,975,0.4790174002047083,0.4790174002047083
975,0.37927835252563985,978,976,0.47955010224948874,0.47955010224948874
976,0.37903570952301485,979,977,0.4790602655771195,0.4790602655771195
977,0.37840255612622314,980,978,0.47959183673469385,0.47959183673469385
978,0.3782978772177168,981,979,0.4801223241590214,0.4801223241590214
979,0.37808041433925205,982,980,0.48065173116089616,0.48065173116089616
980,0.3780586993630496,983,981,0.4811800610376399,0.4811800610376399
981,0.3779989952067694,984,982,0.4817073170731707,0.4817073170731707
982,0.3779351147717891,985,983,0.48223350253807107,0.48223350253807107
983,0.37791664191330776,986,984,0.4817444219066937,0.4817444219066937
984,0.3777449810675607,987,985,0.48125633232016213,0.48125633232016213
985,0.37736107818586223,988,986,0.4807692307692308,0.4807692307692308
986,0.3772930137899318,989,987,0.48129423660262893,0.48129423660262893
987,0.3768012842429307,990,988,0.4818181818181818,0.4818181818181818
988,0.376632523109282,991,989,0.48234106962663975,0.48234106962663975
989,0.3764757097130048,992,990,0.48185483870967744,0.48185483870967744
990,0.3764190883879507,993,991,0.4813695871097684,0.4813695871097684
991,0.3764094088527476,994,992,0.4818913480885312,0.4818913480885312
992,0.3761362752922105,995,993,0.4824120603015075,0.4824120603015075
993,0.37613207299514945,996,994,0.4819277108433735,0.4819277108433735
994,0.3760798450863089,997,995,0.48144433299899697,0.48144433299899697
995,0.3760781679320785,998,996,0.48096192384769537,0.48096192384769537
996,0.3760587233741006,999,997,0.4804804804804805,0.4804804804804805
997,0.3760255765769098,1000,998,0.481,0.481
998,0.375928035231873,1001,999,0.48151848151848153,0.48151848151848153
999,0.37551368220533493,1002,1000,0.4810379241516966,0.4810379241516966
1000,0.3753296620762046,1003,1001,0.481555333998006,0.481555333998006
1001,0.3752618062578735,1004,1002,0.4820717131474104,0.4820717131474104
1002,0.3751868139159751,1005,1003,0.481592039800995,0.481592039800995
1003,0.37509019298962465,1006,1004,0.48111332007952284,0.48111332007952284
1004,0.374979041338601,1007,1005,0.48063555114200596,0.48063555114200596
1005,0.37449835065089426,1008,1006,0.4801587301587302,0.4801587301587302
1006,0.3743526760010362,1009,1007,0.48067393458870167,0.48067393458870167
1007,0.3742610284015225,1010,1008,0.4801980198019802,0.4801980198019802
1008,0.3742141129247608,1011,1009,0.4797230464886251,0.4797230464886251
1009,0.37414447487994984,1012,1010,0.4792490118577075,0.4792490118577075
1010,0.37404511416845015,1013,1011,0.47877591312931883,0.47877591312931883
1011,0.37359621931169235,1014,1012,0.47830374753451677,0.47830374753451677
1012,0.3734053572559589,1015,1013,0.47881773399014776,0.47881773399014776
1013,0.373396820511509,1016,1014,0.47834645669291337,0.47834645669291337
1014,0.37336132957814105,1017,1015,0.4778761061946903,0.4778761061946903
1015,0.37334499535215265,1018,1016,0.4774066797642436,0.4774066797642436
1016,0.3731273671378291,1019,1017,0.47791952894995093,0.47791952894995093
1017,0.3730608381965795,1020,1018,0.4774509803921569,0.4774509803921569
1018,0.3730131515046668,1021,1019,0.4779627815866797,0.4779627815866797
1019,0.37287375290870634,1022,1020,0.4774951076320939,0.4774951076320939
1020,0.37256905311520827,1023,1021,0.47702834799608995,0.47702834799608995
1021,0.37255663238862385,1024,1022,0.4775390625,0.4775390625
1022,0.3721792296080981,1025,1023,0.47804878048780486,0.47804878048780486
1023,0.37209107575280953,1026,1024,0.4775828460038986,0.4775828460038986
1024,0.37191158106945826,1027,1025,0.4771178188899708,0.4771178188899708
1025,0.371717927347225,1028,1026,0.4776264591439689,0.4776264591439689
1026,0.37170836850784383,1029,1027,0.478134110787172,0.478134110787172
1027,0.371597616238381,1030,1028,0.47766990291262135,0.47766990291262135
1028,0.37156080639501005,1031,1029,0.4772065955383123,0.4772065955383123
1029,0.3713238016006131,1032,1030,0.47771317829457366,0.47771317829457366
1030,0.3713081708725617,1033,1031,0.4782187802516941,0.4782187802516941
1031,0.3712733076364158,1034,1032,0.4787234042553192,0.4787234042553192
1032,0.3711333451858762,1035,1033,0.4792270531400966,0.4792270531400966
1033,0.37106805439475093,1036,1034,0.47876447876447875,0.47876447876447875
1034,0.370982792498453,1037,1035,0.4783027965284474,0.4783027965284474
1035,0.3709220883590946,1038,1036,0.47880539499036606,0.47880539499036606
1036,0.37089795027359623,1039,1037,0.47834456207892206,0.47834456207892206
1037,0.37074397406127985,1040,1038,0.47884615384615387,0.47884615384615387
1038,0.3705454837970666,1041,1039,0.4793467819404419,0.4793467819404419
1039,0.3705262265642016,1042,1040,0.4798464491362764,0.4798464491362764
1040,0.37048857610698877,1043,1041,0.4793863854266539,0.4793863854266539
1041,0.37025906680454446,1044,1042,0.47988505747126436,0.47988505747126436
1042,0.3701147953039558,1045,1043,0.47942583732057414,0.47942583732057414
1043,0.3700762593464903,1046,1044,0.47992351816443596,0.47992351816443596
1044,0.3700736479713812,1047,1045,0.4794651384909265,0.4794651384909265
1045,0.36894757259720107,1048,1046,0.4799618320610687,0.4799618320610687
1046,0.3687269889610526,1049,1047,0.47950428979980936,0.47950428979980936
1047,0.36855746763187214,1050,1048,0.47904761904761906,0.47904761904761906
1048,0.36843620269920874,1051,1049,0.4785918173168411,0.4785918173168411
1049,0.36830134223734456,1052,1050,0.4781368821292776,0.4781368821292776
1050,0.3681472057447712,1053,1051,0.47768281101614435,0.47768281101614435
1051,0.3676275639044522,1054,1052,0.4781783681214421,0.4781783681214421
1052,0.3675703334774137,1055,1053,0.4777251184834123,0.4777251184834123
1053,0.36753827079564116,1056,1054,0.4772727272727273,0.4772727272727273
1054,0.36751210716655336,1057,1055,0.4768211920529801,0.4768211920529801
1055,0.36736949447294986,1058,1056,0.4763705103969754,0.4763705103969754
1056,0.36734380349054613,1059,1057,0.47592067988668557,0.47592067988668557
1057,0.36728792230664764,1060,1058,0.47547169811320755,0.47547169811320755
1058,0.36721155131906863,1061,1059,0.4759660697455231,0.4759660697455231
1059,0.36707900672315374,1062,1060,0.4764595103578154,0.4764595103578154
1060,0.3667723482232459,1063,1061,0.47695202257761055,0.47695202257761055
1061,0.3667597909918917,1064,1062,0.47650375939849626,0.47650375939849626
1062,0.36663292930552793,1065,1063,0.47699530516431926,0.47699530516431926
1063,0.36662040437412624,1066,1064,0.47654784240150094,0.47654784240150094
1064,0.366055554493972,1067,1065,0.4761012183692596,0.4761012183692596
1065,0.36600273314871584,1068,1066,0.47659176029962547,0.47659176029962547
1066,0.3659899945487308,1069,1067,0.4761459307764266,0.4761459307764266
1067,0.3659240137378264,1070,1068,0.47570093457943924,0.47570093457943924
1068,0.3657154702709331,1071,1069,0.4752567693744164,0.4752567693744164
1069,0.3656898667970681,1072,1070,0.47574626865671643,0.47574626865671643
1070,0.36549447458130724,1073,1071,0.47530288909599255,0.47530288909599255
1071,0.36519650514403557,1074,1072,0.4757914338919926,0.4757914338919926
1072,0.3648157413880273,1075,1073,0.4762790697674419,0.4762790697674419
1073,0.3647605941671988,1076,1074,0.4758364312267658,0.4758364312267658
1074,0.3647460916902597,1077,1075,0.4763231197771588,0.4763231197771588
1075,0.364643582220038,1078,1076,0.47680890538033394,0.47680890538033394
1076,0.36457862211856673,1079,1077,0.4763670064874884,0.4763670064874884
1077,0.3644635304901145,1080,1078,0.47685185185185186,0.47685185185185186
1078,0.36433042802794297,1081,1079,0.47641073080481033,0.47641073080481033
1079,0.3643275589419885,1082,1080,0.47597042513863214,0.47597042513863214
1080,0.3642848794453786,1083,1081,0.47645429362880887,0.47645429362880887
1081,0.36418956286303167,1084,1082,0.4769372693726937,0.4769372693726937
1082,0.36405473932826127,1085,1083,0.4774193548387097,0.4774193548387097
1083,0.3639741056177346,1086,1084,0.47697974217311234,0.47697974217311234
1084,0.36378245717829494,1087,1085,0.4765409383624655,0.4765409383624655
1085,0.36371098467374374,1088,1086,0.47610294117647056,0.47610294117647056
1086,0.36330897401606355,1089,1087,0.4756657483930211,0.4756657483930211
1087,0.36329402412783246,1090,1088,0.47522935779816516,0.47522935779816516
1088,0.36327406577810273,1091,1089,0.4747937671860678,0.4747937671860678
1089,0.36294747717241616,1092,1090,0.47435897435897434,0.47435897435897434
1090,0.36290184331705,1093,1091,0.47483989021043,0.47483989021043
1091,0.36250354417784647,1094,1092,0.4744058500914077,0.4744058500914077
1092,0.36242498996036565,1095,1093,0.473972602739726,0.473972602739726
1093,0.36241783390418786,1096,1094,0.4744525547445255,0.4744525547445255
1094,0.3622920181718657,1097,1095,0.4740200546946217,0.4740200546946217
1095,0.36221163202411916,1098,1096,0.47358834244080145,0.47358834244080145
1096,0.36214683306788437,1100,1097,0.4727272727272727,0.4727272727272727
1097,0.36201573871874754,1101,1098,0.47229791099000906,0.47229791099000906
1098,0.36176782290412657,1102,1099,0.4727767695099819,0.4727767695099819
1099,0.3615519115513959,1103,1100,0.47234814143245696,0.47234814143245696
1100,0.3615391546676118,1104,1101,0.47282608695652173,0.47282608695652173
1101,0.36127439141173623,1105,1102,0.47239819004524886,0.47239819004524886
1102,0.3611199994413042,1106,1103,0.472875226039783,0.472875226039783
1103,0.3610944414105917,1107,1104,0.47335140018066846,0.47335140018066846
1104,0.36103438978029745,1108,1105,0.4729241877256318,0.4729241877256318
1105,0.36102464169927345,1109,1106,0.4733994589720469,0.4733994589720469
1106,0.36097123426598465,1110,1107,0.47387387387387386,0.47387387387387386
1107,0.3605966475551268,1111,1108,0.47434743474347435,0.47434743474347435
1108,0.3605230519436777,1112,1109,0.4739208633093525,0.4739208633093525
1109,0.3605080203397066,1113,1110,0.47349505840071876,0.47349505840071876
1110,0.3605010690331443,1114,1111,0.4730700179533214,0.4730700179533214
1111,0.3604959048357979,1115,1112,0.4726457399103139,0.4726457399103139
1112,0.3603754528942635,1116,1113,0.4722222222222222,0.4722222222222222
1113,0.3603130674912714,1117,1114,0.4726947179946285,0.4726947179946285
1114,0.3600691144638746,1118,1115,0.47227191413237923,0.47227191413237923
1115,0.3600602035672946,1119,1116,0.4718498659517426,0.4718498659517426
1116,0.3597344903412743,1120,1117,0.4714285714285714,0.4714285714285714
1117,0.3597307296510468,1121,1118,0.47100802854594115,0.47100802854594115
1118,0.35968198017683145,1122,1119,0.47058823529411764,0.47058823529411764
1119,0.35938951340703723,1123,1120,0.4701691896705254,0.4701691896705254
1120,0.3592132033196286,1124,1121,0.4697508896797153,0.4697508896797153
1121,0.35907143073488096,1125,1122,0.4693333333333333,0.4693333333333333
1122,0.3589140223331765,1126,1123,0.4689165186500888,0.4689165186500888
1123,0.35885223049758236,1127,1124,0.46850044365572313,0.46850044365572313
1124,0.35882227246441184,1128,1125,0.46808510638297873,0.46808510638297873
1125,0.35848919566516224,1129,1126,0.4685562444641275,0.4685562444641275
1126,0.35841390749290253,1130,1127,0.4690265486725664,0.4690265486725664
1127,0.358282554884657,1131,1128,0.46861184792219274,0.46861184792219274
1128,0.3580240837554179,1132,1129,0.46908127208480566,0.46908127208480566
1129,0.3578779333152561,1133,1130,0.46866725507502205,0.46866725507502205
1130,0.35785792318908033,1134,1131,0.46825396825396826,0.46825396825396826
1131,0.35773229886843766,1135,1132,0.4687224669603524,0.4687224669603524
1132,0.3576609499812837,1136,1133,0.46830985915492956,0.46830985915492956
1133,0.3574865452597868,1137,1134,0.4678979771328056,0.4678979771328056
1134,0.3574084533475967,1138,1135,0.46748681898066785,0.46748681898066785
1135,0.357279285965798,1139,1136,0.46707638279192276,0.46707638279192276
1136,0.35721287896807835,1140,1137,0.4666666666666667,0.4666666666666667
1137,0.35718871089449433,1141,1138,0.4662576687116564,0.4662576687116564
1138,0.357137498589301,1142,1139,0.4658493870402802,0.4658493870402802
1139,0.35687318915665595,1143,1140,0.4654418197725284,0.4654418197725284
1140,0.35679358162378083,1144,1141,0.4659090909090909,0.4659090909090909
1141,0.35669233643584963,1145,1142,0.4663755458515284,0.4663755458515284
1142,0.3565766234023811,1146,1143,0.46596858638743455,0.46596858638743455
1143,0.35607889917084334,1147,1144,0.46556233653007845,0.46556233653007845
1144,0.35596586700330646,1148,1145,0.4651567944250871,0.4651567944250871
1145,0.35591097717656384,1149,1146,0.46475195822454307,0.46475195822454307
1146,0.35578337867561194,1150,1147,0.4652173913043478,0.4652173913043478
1147,0.355773285412669,1151,1148,0.46568201563857514,0.46568201563857514
1148,0.35565222874625546,1152,1149,0.4652777777777778,0.4652777777777778
1149,0.3554678085454985,1153,1150,0.46487424111014747,0.46487424111014747
1150,0.35542006704296886,1154,1151,0.46533795493934144,0.46533795493934144
1151,0.35526263204804015,1155,1152,0.4649350649350649,0.4649350649350649
1152,0.35520172634417996,1157,1153,0.4641313742437338,0.4641313742437338
1153,0.3551008902261391,1158,1154,0.4637305699481865,0.4637305699481865
1154,0.35498033919015226,1159,1155,0.4633304572907679,0.4633304572907679
1155,0.35469837144492244,1160,1156,0.46293103448275863,0.46293103448275863
1156,0.3546344700368143,1161,1157,0.46339362618432384,0.46339362618432384
1157,0.35449116315620705,1162,1158,0.4629948364888124,0.4629948364888124
1158,0.3542971010543433,1163,1159,0.46259673258813416,0.46259673258813416
1159,0.35375479939720994,1164,1160,0.4630584192439863,0.4630584192439863
1160,0.35374338148728285,1165,1161,0.463519313304721,0.463519313304721
1161,0.35367902392200296,1166,1162,0.4631217838765009,0.4631217838765009
1162,0.3534371400003101,1167,1163,0.46358183376178236,0.46358183376178236
1163,0.3533326288896186,1168,1164,0.4631849315068493,0.4631849315068493
1164,0.35326816680771983,1169,1165,0.4636441402908469,0.4636441402908469
1165,0.3532680141885846,1170,1166,0.46324786324786327,0.46324786324786327
1166,0.35322325245980696,1171,1167,0.4637062339880444,0.4637062339880444
1167,0.3532044129406827,1172,1168,0.46331058020477817,0.46331058020477817
1168,0.35307696931878624,1173,1169,0.4629156010230179,0.4629156010230179
1169,0.3529120779118726,1174,1170,0.46252129471890974,0.46252129471890974
1170,0.35282228108964286,1175,1171,0.4621276595744681,0.4621276595744681
1171,0.3527744273390284,1176,1172,0.461734693877551,0.461734693877551
1172,0.35254569993599216,1177,1173,0.46219201359388273,0.46219201359388273
1173,0.35245285765607276,1178,1174,0.4617996604414261,0.4617996604414261
1174,0.3524359558687941,1179,1175,0.46140797285835455,0.46140797285835455
1175,0.3523610139896038,1180,1176,0.4610169491525424,0.4610169491525424
1176,0.35214606126716225,1181,1177,0.46147332768839966,0.46147332768839966
1177,0.3521311674465421,1182,1178,0.461082910321489,0.461082910321489
1178,0.351967691897821,1183,1179,0.46153846153846156,0.46153846153846156
1179,0.3518376064665442,1184,1180,0.46114864864864863,0.46114864864864863
1180,0.3517784879460187,1185,1181,0.46160337552742614,0.46160337552742614
1181,0.35177366218349915,1186,1182,0.4612141652613828,0.4612141652613828
1182,0.35176147501365684,1187,1183,0.46082561078348777,0.46082561078348777
1183,0.3517407850206253,1188,1184,0.4604377104377104,0.4604377104377104
1184,0.3517405524843278,1189,1185,0.4600504625735913,0.4600504625735913
1185,0.351664674721477,1190,1186,0.46050420168067224,0.46050420168067224
1186,0.35153515257328516,1191,1187,0.4609571788413098,0.4609571788413098
1187,0.3513400407866818,1192,1188,0.46057046979865773,0.46057046979865773
1188,0.3511126986249418,1193,1189,0.46102263202011734,0.46102263202011734
1189,0.3509055026659819,1194,1190,0.46063651591289784,0.46063651591289784
1190,0.35067426161510395,1195,1191,0.4610878661087866,0.4610878661087866
1191,0.35054497532946416,1196,1192,0.46070234113712377,0.46070234113712377
1192,0.3505087721828022,1197,1193,0.46115288220551376,0.46115288220551376
1193,0.3504077238949239,1198,1194,0.46160267111853087,0.46160267111853087
1194,0.35040150939387255,1199,1195,0.46205170975813176,0.46205170975813176
1195,0.35014833780563115,1200,1196,0.46166666666666667,0.46166666666666667
1196,0.34988924481982164,1201,1197,0.4612822647793505,0.4612822647793505
1197,0.3498812827161644,1202,1198,0.46089850249584025,0.46089850249584025
1198,0.3496369946669251,1203,1199,0.4613466334164589,0.4613466334164589
1199,0.34959044661918215,1204,1200,0.46096345514950166,0.46096345514950166
1200,0.34954189713360473,1205,1201,0.4605809128630705,0.4605809128630705
1201,0.3495350811998039,1206,1202,0.4601990049751244,0.4601990049751244
1202,0.3493828919520501,1207,1203,0.46064623032311514,0.46064623032311514
1203,0.3493223337708536,1208,1204,0.4602649006622517,0.4602649006622517
1204,0.3490794693642844,1209,1205,0.4598842018196857,0.4598842018196857
1205,0.34902470745261593,1210,1206,0.46033057851239667,0.46033057851239667
1206,0.34901219703631947,1211,1207,0.4599504541701073,0.4599504541701073
1207,0.34893408095167744,1212,1208,0.4603960396039604,0.4603960396039604
1208,0.34877406114303827,1213,1209,0.460840890354493,0.460840890354493
1209,0.3486630612579365,1214,1210,0.46046128500823724,0.46046128500823724
1210,0.3485433407829524,1215,1211,0.460082304526749,0.460082304526749
1211,0.34799546972369266,1216,1212,0.4605263157894737,0.4605263157894737
1212,0.34765090031213114,1217,1213,0.4609695973705834,0.4609695973705834
1213,0.34753446812275884,1218,1214,0.4605911330049261,0.4605911330049261
1214,0.34723303220742,1219,1215,0.4610336341263331,0.4610336341263331
1215,0.34721205465837107,1220,1216,0.460655737704918,0.460655737704918
1216,0.347196501718474,1221,1217,0.46027846027846026,0.46027846027846026
1217,0.34717739076298226,1222,1218,0.45990180032733224,0.45990180032733224
1218,0.3470607629346206,1223,1219,0.4603434178250204,0.4603434178250204
1219,0.3469408011974007,1224,1220,0.46078431372549017,0.46078431372549017
1220,0.34691000643489317,1225,1221,0.46122448979591835,0.46122448979591835
1221,0.3467811062687022,1226,1222,0.46084828711256115,0.46084828711256115
1222,0.34675338133193145,1228,1224,0.4600977198697068,0.4600977198697068
1223,0.3464975828020082,1229,1225,0.4597233523189585,0.4597233523189585
1224,0.34646762530963154,1230,1226,0.46016260162601624,0.46016260162601624
1225,0.34645664769739803,1231,1227,0.4606011372867587,0.4606011372867587
1226,0.34639258276565393,1232,1228,0.4602272727272727,0.4602272727272727
1227,0.3463354295757659,1233,1229,0.4606650446066504,0.4606650446066504
1228,0.3460992559879554,1234,1230,0.46029173419773095,0.46029173419773095
1229,0.34605203975261095,1235,1231,0.45991902834008097,0.45991902834008097
1230,0.34592672216726184,1236,1232,0.459546925566343,0.459546925566343
1231,0.34581547612621966,1237,1233,0.45917542441390463,0.45917542441390463
1232,0.34574289538864894,1238,1234,0.4588045234248788,0.4588045234248788
1233,0.3457004710580751,1239,1235,0.45843422114608556,0.45843422114608556
1234,0.3456744533876974,1240,1236,0.4588709677419355,0.4588709677419355
1235,0.34557647723924456,1241,1237,0.45850120870265915,0.45850120870265915
1236,0.345481564200104,1242,1238,0.4581320450885668,0.4581320450885668
1237,0.3454169856523723,1243,1239,0.4577634754625905,0.4577634754625905
1238,0.34530268733284336,1244,1240,0.45819935691318325,0.45819935691318325
1239,0.34520063251399885,1245,1241,0.45863453815261046,0.45863453815261046
1240,0.3451018848438894,1246,1242,0.4582664526484751,0.4582664526484751
1241,0.34500621034175705,1247,1243,0.4578989574979952,0.4578989574979952
1242,0.3449594636923426,1248,1244,0.4583333333333333,0.4583333333333333
1243,0.3448496679487942,1249,1245,0.45796637309847876,0.45796637309847876
1244,0.3447335568456309,1250,1246,0.4576,0.4576
1245,0.3444775728123527,1251,1247,0.4572342126298961,0.4572342126298961
1246,0.3444178022504543,1252,1248,0.45766773162939295,0.45766773162939295
1247,0.3443245036312405,1253,1249,0.4581005586592179,0.4581005586592179
1248,0.34402166570400416,1254,1250,0.45773524720893144,0.45773524720893144
1249,0.34394774163400177,1255,1251,0.4581673306772908,0.4581673306772908
1250,0.3438197933355794,1256,1252,0.4585987261146497,0.4585987261146497
1251,0.3438050516407172,1257,1253,0.45823389021479716,0.45823389021479716
1252,0.3437253252093665,1258,1254,0.45866454689984104,0.45866454689984104
1253,0.343079718495575,1259,1255,0.4583002382843527,0.4583002382843527
1254,0.34296382474887527,1260,1256,0.4579365079365079,0.4579365079365079
1255,0.3429453570228566,1261,1257,0.45836637589214907,0.45836637589214907
1256,0.3427971079387767,1262,1258,0.45879556259904913,0.45879556259904913
1257,0.3426303390240935,1263,1259,0.4584323040380047,0.4584323040380047
1258,0.3424146021016485,1264,1260,0.45806962025316456,0.45806962025316456
1259,0.3423098095262688,1265,1261,0.45770750988142295,0.45770750988142295
1260,0.3421510144421988,1266,1262,0.45734597156398105,0.45734597156398105
1261,0.34204403357227015,1267,1263,0.4569850039463299,0.4569850039463299
1262,0.3418941470779942,1268,1264,0.45662460567823343,0.45662460567823343
1263,0.3418668329722566,1269,1265,0.4570527974783294,0.4570527974783294
1264,0.3418052380664896,1270,1266,0.4566929133858268,0.4566929133858268
1265,0.34157369823396627,1271,1267,0.45712037765538943,0.45712037765538943
1266,0.34141053875999916,1272,1268,0.45676100628930816,0.45676100628930816
1267,0.3413671614929066,1273,1269,0.45640219952867245,0.45640219952867245
1268,0.3413211056254069,1274,1270,0.45682888540031397,0.45682888540031397
1269,0.3410975081270195,1275,1271,0.45725490196078433,0.45725490196078433
1270,0.3410255396477525,1276,1272,0.45689655172413796,0.45689655172413796
1271,0.3410057120615401,1277,1273,0.45653876272513705,0.45653876272513705
1272,0.3407449735983613,1278,1274,0.45618153364632236,0.45618153364632236
1273,0.34061396196492,1279,1275,0.45582486317435494,0.45582486317435494
1274,0.34048359269978923,1280,1276,0.45625,0.45625
1275,0.34033694850125784,1281,1277,0.4558938329430133,0.4558938329430133
1276,0.34032557423916665,1282,1278,0.45553822152886114,0.45553822152886114
1277,0.3402478786701247,1283,1279,0.45518316445830087,0.45518316445830087
1278,0.3401394963746723,1284,1280,0.45560747663551404,0.45560747663551404
1279,0.339986945071606,1285,1281,0.45525291828793774,0.45525291828793774
1280,0.3398710211322539,1286,1282,0.4556765163297045,0.4556765163297045
1281,0.3397766896910485,1287,1283,0.4553224553224553,0.4553224553224553
1282,0.33954888500942965,1288,1284,0.4549689440993789,0.4549689440993789
1283,0.3394096647156452,1289,1285,0.4546159813809154,0.4546159813809154
1284,0.3393850140586554,1290,1286,0.45503875968992247,0.45503875968992247
1285,0.3393810015389673,1292,1287,0.45433436532507737,0.45433436532507737
1286,0.33935504101300795,1293,1288,0.4539829853054911,0.4539829853054911
1287,0.33932905134450475,1294,1289,0.45440494590417313,0.45440494590417313
1288,0.33924617008026436,1295,1290,0.4540540540540541,0.4540540540540541
1289,0.33921324097296685,1296,1291,0.4537037037037037,0.4537037037037037
1290,0.3386452112376055,1297,1292,0.4533538936006168,0.4533538936006168
1291,0.3386092622006718,1298,1293,0.4530046224961479,0.4530046224961479
1292,0.33859601208335083,1299,1294,0.45265588914549654,0.45265588914549654
1293,0.3383122480768637,1300,1295,0.4523076923076923,0.4523076923076923
1294,0.33827358583551986,1301,1296,0.45272867025365104,0.45272867025365104
1295,0.3381993925935477,1302,1297,0.4523809523809524,0.4523809523809524
1296,0.3381467722340739,1303,1298,0.45203376822716806,0.45203376822716806
1297,0.33812652149593836,1304,1299,0.45245398773006135,0.45245398773006135
1298,0.3378513463390845,1305,1300,0.4528735632183908,0.4528735632183908
1299,0.33766041902421084,1307,1302,0.4521805661820964,0.4521805661820964
1300,0.33765323987619394,1308,1303,0.4518348623853211,0.4518348623853211
1301,0.3374151478288033,1309,1304,0.4514896867838044,0.4514896867838044
1302,0.33709011943831785,1310,1305,0.45190839694656487,0.45190839694656487
1303,0.33677276595682626,1311,1306,0.45156369183829137,0.45156369183829137
1304,0.3367370110404486,1312,1307,0.45121951219512196,0.45121951219512196
1305,0.33673648368186027,1313,1308,0.45163747143945165,0.45163747143945165
1306,0.33659031869171024,1314,1309,0.4512937595129376,0.4512937595129376
1307,0.3365240605007699,1315,1310,0.45171102661596957,0.45171102661596957
1308,0.33644803775559495,1316,1311,0.4513677811550152,0.4513677811550152
1309,0.3363976200570989,1317,1312,0.4510250569476082,0.4510250569476082
1310,0.3361421462326198,1318,1313,0.45068285280728376,0.45068285280728376
1311,0.33591997481580593,1319,1314,0.45109931766489764,0.45109931766489764
1312,0.33591586535404006,1320,1315,0.45075757575757575,0.45075757575757575
1313,0.3358631071949489,1321,1316,0.45117335352006055,0.45117335352006055
1314,0.3358207458543836,1322,1317,0.451588502269289,0.451588502269289
1315,0.33555091967404954,1323,1318,0.4512471655328798,0.4512471655328798
1316,0.3354797133761857,1324,1319,0.4509063444108761,0.4509063444108761
1317,0.3354084790049513,1325,1320,0.45132075471698113,0.45132075471698113
1318,0.33531267957409516,1326,1321,0.45098039215686275,0.45098039215686275
1319,0.33529894543302846,1327,1322,0.4506405425772419,0.4506405425772419
1320,0.3349352775475673,1328,1323,0.4503012048192771,0.4503012048192771
1321,0.33443270779826617,1329,1324,0.44996237772761477,0.44996237772761477
1322,0.33442039581036587,1330,1325,0.4496240601503759,0.4496240601503759
1323,0.3341212824565872,1331,1326,0.4492862509391435,0.4492862509391435
1324,0.3339496935378235,1332,1327,0.4496996996996997,0.4496996996996997
1325,0.3337524383063714,1333,1328,0.4493623405851463,0.4493623405851463
1326,0.3336799006848038,1334,1329,0.4490254872563718,0.4490254872563718
1327,0.3336143205026939,1335,1330,0.448689138576779,0.448689138576779
1328,0.3335603588413569,1336,1331,0.44835329341317365,0.44835329341317365
1329,0.3335461853146751,1337,1332,0.4487658937920718,0.4487658937920718
1330,0.3335195182799951,1338,1333,0.4491778774289985,0.4491778774289985
1331,0.3334016025724004,1339,1334,0.44884241971620614,0.44884241971620614
1332,0.33340148173418066,1340,1335,0.44925373134328356,0.44925373134328356
1333,0.33332406966737327,1341,1336,0.4489187173750932,0.4489187173750932
1334,0.33330813008579135,1342,1337,0.4485842026825633,0.4485842026825633
1335,0.3331112603757495,1343,1338,0.44899478778853313,0.44899478778853313
1336,0.3330587473342078,1344,1339,0.4486607142857143,0.4486607142857143
1337,0.33302855647170515,1345,1340,0.4483271375464684,0.4483271375464684
1338,0.3329146057592054,1346,1341,0.44799405646359586,0.44799405646359586
1339,0.3327714534969607,1347,1342,0.44766146993318484,0.44766146993318484
1340,0.332541825628907,1348,1343,0.4473293768545994,0.4473293768545994
1341,0.3325032570627633,1349,1344,0.4477390659747961,0.4477390659747961
1342,0.3322921315097965,1350,1345,0.4474074074074074,0.4474074074074074
1343,0.3321870376209488,1351,1346,0.44707623982235384,0.44707623982235384
1344,0.33216495847286914,1352,1347,0.4467455621301775,0.4467455621301775
1345,0.33214605740280373,1353,1348,0.44641537324464153,0.44641537324464153
1346,0.3321067492610649,1354,1349,0.4468242245199409,0.4468242245199409
1347,0.3320472767263531,1355,1350,0.44649446494464945,0.44649446494464945
1348,0.3319432133925425,1356,1351,0.4469026548672566,0.4469026548672566
1349,0.33175657556238985,1357,1352,0.447310243183493,0.447310243183493
1350,0.33174732519397343,1358,1353,0.4477172312223859,0.4477172312223859
1351,0.33172959387661555,1359,1354,0.44738778513612953,0.44738778513612953
1352,0.33171553980646906,1360,1355,0.44779411764705884,0.44779411764705884
1353,0.33163737073332844,1361,1356,0.44746509919177074,0.44746509919177074
1354,0.3314840741647351,1362,1357,0.44713656387665196,0.44713656387665196
1355,0.3314535749163455,1363,1358,0.44680851063829785,0.44680851063829785
1356,0.33141906250003056,1364,1359,0.4464809384164223,0.4464809384164223
1357,0.33140989838071366,1365,1360,0.4461538461538462,0.4461538461538462
1358,0.33138160055979166,1366,1361,0.4458272327964861,0.4458272327964861
1359,0.3313397799608388,1367,1362,0.4455010972933431,0.4455010972933431
1360,0.3311760963808609,1368,1363,0.44590643274853803,0.44590643274853803
1361,0.3311283393630422,1369,1364,0.44558071585098613,0.44558071585098613
1362,0.33091066551973025,1370,1365,0.44525547445255476,0.44525547445255476
1363,0.3307886033869853,1371,1366,0.4449307075127644,0.4449307075127644
1364,0.3307566920828342,1372,1367,0.44533527696793,0.44533527696793
1365,0.33045975580349624,1373,1368,0.4450109249817917,0.4450109249817917
1366,0.3304308739107793,1374,1369,0.44468704512372637,0.44468704512372637
1367,0.33028982050944167,1375,1370,0.44436363636363635,0.44436363636363635
1368,0.3298717468995373,1376,1371,0.44476744186046513,0.44476744186046513
1369,0.32965573072183596,1377,1372,0.44517066085693535,0.44517066085693535
1370,0.3296510336245673,1378,1373,0.4448476052249637,0.4448476052249637
1371,0.32942812958260437,1379,1374,0.4452501812907904,0.4452501812907904
1372,0.32940945305886865,1380,1375,0.4449275362318841,0.4449275362318841
1373,0.32934561743854807,1381,1376,0.444605358435916,0.444605358435916
1374,0.32925899325672664,1382,1377,0.4442836468885673,0.4442836468885673
1375,0.3291374071051133,1383,1378,0.44468546637744033,0.44468546637744033
1376,0.3289544256801446,1384,1379,0.444364161849711,0.444364161849711
1377,0.32892938096874913,1385,1380,0.44404332129963897,0.44404332129963897
1378,0.32883946814754106,1386,1381,0.4444444444444444,0.4444444444444444
1379,0.32883673370595146,1387,1382,0.4441240086517664,0.4441240086517664
1380,0.32883512948219024,1388,1383,0.44452449567723346,0.44452449567723346
1381,0.3288165675816603,1389,1384,0.44420446364290855,0.44420446364290855
1382,0.3287350856434306,1390,1385,0.4438848920863309,0.4438848920863309
1383,0.3286501075823855,1391,1386,0.4442846872753415,0.4442846872753415
1384,0.32850192778607806,1392,1387,0.444683908045977,0.444683908045977
1385,0.3283911941199703,1393,1388,0.4443646805455851,0.4443646805455851
1386,0.32838176713501316,1394,1389,0.4447632711621234,0.4447632711621234
1387,0.3283574321932159,1395,1390,0.4444444444444444,0.4444444444444444
1388,0.3282497940438171,1396,1391,0.44412607449856734,0.44412607449856734
1389,0.3282390559885195,1397,1392,0.44380816034359344,0.44380816034359344
1390,0.32816740638530806,1398,1393,0.4434907010014306,0.4434907010014306
1391,0.3281323657357954,1399,1394,0.4431736954967834,0.4431736954967834
1392,0.32803379727001697,1400,1395,0.44357142857142856,0.44357142857142856
1393,0.3280304915834521,1401,1396,0.44325481798715205,0.44325481798715205
1394,0.3277430565521942,1402,1397,0.44365192582025675,0.44365192582025675
1395,0.32771156533199236,1403,1398,0.44404846756949395,0.44404846756949395
1396,0.32770130058230096,1404,1399,0.4444444444444444,0.4444444444444444
1397,0.3273963621322384,1405,1400,0.44483985765124556,0.44483985765124556
1398,0.32733793689420543,1406,1401,0.4445234708392603,0.4445234708392603
1399,0.3273134145396481,1407,1402,0.4449182658137882,0.4449182658137882
1400,0.3273115632882113,1408,1403,0.4446022727272727,0.4446022727272727
1401,0.3272209778802086,1409,1404,0.44499645138396027,0.44499645138396027
1402,0.32721506248521925,1410,1405,0.44468085106382976,0.44468085106382976
1403,0.32721277483589206,1411,1406,0.445074415308292,0.445074415308292
1404,0.32716170568373654,1412,1407,0.4447592067988669,0.4447592067988669
1405,0.3268857208151597,1413,1408,0.4451521585279547,0.4451521585279547
1406,0.32644713085914173,1414,1409,0.4448373408769448,0.4448373408769448
1407,0.3262738439486346,1416,1410,0.4442090395480226,0.4442090395480226
1408,0.3262554458955526,1417,1411,0.44389555398729713,0.44389555398729713
1409,0.3262474845469692,1418,1412,0.44358251057827924,0.44358251057827924
1410,0.3261231945900901,1419,1413,0.4439746300211416,0.4439746300211416
1411,0.3260249806210702,1420,1414,0.4443661971830986,0.4443661971830986
1412,0.32591898470855446,1421,1415,0.44405348346235046,0.44405348346235046
1413,0.32573767178887914,1422,1416,0.4437412095639944,0.4437412095639944
1414,0.3255032393747243,1423,1417,0.44342937456078707,0.44342937456078707
1415,0.3252327458182854,1424,1418,0.4431179775280899,0.4431179775280899
1416,0.32523252582577217,1425,1419,0.44280701754385965,0.44280701754385965
1417,0.3251544241203741,1426,1420,0.4431977559607293,0.4431977559607293
1418,0.32508146654770936,1427,1421,0.44358794674141555,0.44358794674141555
1419,0.3250592768631374,1428,1422,0.4432773109243697,0.4432773109243697
1420,0.3248979171371421,1429,1423,0.4429671098670399,0.4429671098670399
1421,0.3248509724522944,1430,1424,0.44265734265734263,0.44265734265734263
1422,0.32464748684661887,1431,1425,0.44234800838574423,0.44234800838574423
1423,0.32450605200491517,1432,1426,0.4420391061452514,0.4420391061452514
1424,0.32431109786508244,1433,1427,0.44173063503140264,0.44173063503140264
1425,0.3241892620928524,1434,1428,0.44142259414225943,0.44142259414225943
1426,0.32415700470272324,1435,1429,0.4411149825783972,0.4411149825783972
1427,0.3241116627619109,1436,1430,0.44080779944289694,0.44080779944289694
1428,0.3240558106115216,1437,1431,0.4405010438413361,0.4405010438413361
1429,0.3240511669790344,1438,1432,0.44019471488178025,0.44019471488178025
1430,0.32388961920076675,1439,1433,0.43988881167477417,0.43988881167477417
1431,0.3237376773188903,1440,1434,0.4395833333333333,0.4395833333333333
1432,0.32366842863071793,1442,1436,0.4389736477115118,0.4389736477115118
1433,0.3235811379504749,1443,1437,0.4386694386694387,0.4386694386694387
1434,0.3231729306459794,1444,1438,0.43836565096952906,0.43836565096952906
1435,0.323105820111119,1445,1439,0.4380622837370242,0.4380622837370242
1436,0.32270561283387006,1446,1440,0.43775933609958506,0.43775933609958506
1437,0.32269710477957747,1447,1441,0.43814789219073946,0.43814789219073946
1438,0.32250453164683673,1448,1442,0.43784530386740333,0.43784530386740333
1439,0.32241524784056724,1449,1443,0.43754313319530713,0.43754313319530713
1440,0.32232874336119977,1450,1444,0.43724137931034485,0.43724137931034485
1441,0.3221571828549714,1451,1445,0.43694004135079256,0.43694004135079256
1442,0.32207900827751657,1452,1446,0.43732782369146006,0.43732782369146006
1443,0.32199025876887594,1453,1447,0.4377150722642808,0.4377150722642808
1444,0.3219495418543439,1454,1448,0.437414030261348,0.437414030261348
1445,0.32190430712546786,1455,1449,0.43711340206185567,0.43711340206185567
1446,0.3218580085404921,1456,1450,0.4368131868131868,0.4368131868131868
1447,0.32175137351980576,1457,1451,0.4365133836650652,0.4365133836650652
1448,0.3216185909352479,1458,1452,0.43689986282578874,0.43689986282578874
1449,0.3215804415329281,1459,1453,0.43728581220013707,0.43728581220013707
1450,0.3214701642700998,1460,1454,0.436986301369863,0.436986301369863
1451,0.32118564503809094,1461,1455,0.43737166324435317,0.43737166324435317
1452,0.32111150977415337,1462,1456,0.4370725034199726,0.4370725034199726
1453,0.32098637549351905,1463,1457,0.43677375256322626,0.43677375256322626
1454,0.3208178456272951,1464,1458,0.4371584699453552,0.4371584699453552
1455,0.32070719158572036,1465,1459,0.43686006825938567,0.43686006825938567
1456,0.3206728631925231,1466,1460,0.43724420190995905,0.43724420190995905
1457,0.3206354341564178,1467,1461,0.4376278118609407,0.4376278118609407
1458,0.3206071275032528,1468,1462,0.4373297002724796,0.4373297002724796
1459,0.3205671506020398,1469,1463,0.43703199455411845,0.43703199455411845
1460,0.32029383100602915,1470,1464,0.43741496598639457,0.43741496598639457
1461,0.32027194008718124,1471,1465,0.43779741672331746,0.43779741672331746
1462,0.3202540685750539,1472,1466,0.438179347826087,0.438179347826087
1463,0.3202454697584286,1473,1467,0.4378818737270876,0.4378818737270876
1464,0.3201156714507774,1474,1468,0.43826322930800543,0.43826322930800543
1465,0.3199386578857071,1475,1469,0.43796610169491523,0.43796610169491523
1466,0.3199157303637135,1476,1470,0.43766937669376693,0.43766937669376693
1467,0.31987328429012196,1477,1471,0.43737305348679756,0.43737305348679756
1468,0.31982794849625484,1478,1472,0.4370771312584574,0.4370771312584574
1469,0.319519756964625,1479,1473,0.4374577417173766,0.4374577417173766
1470,0.31948368697818796,1480,1474,0.43716216216216214,0.43716216216216214
1471,0.31938759929180344,1481,1475,0.43686698176907496,0.43686698176907496
1472,0.3193031919164638,1482,1476,0.4365721997300945,0.4365721997300945
1473,0.3192471979809528,1483,1477,0.43627781523937964,0.43627781523937964
1474,0.3192311614793188,1484,1478,0.4359838274932615,0.4359838274932615
1475,0.31915342323401763,1485,1479,0.4356902356902357,0.4356902356902357
1476,0.3190807939078015,1486,1480,0.4353970390309556,0.4353970390309556
1477,0.31901709393579974,1487,1481,0.4351042367182246,0.4351042367182246
1478,0.3188572140504264,1488,1482,0.43548387096774194,0.43548387096774194
1479,0.3187979399722314,1489,1483,0.43519140362659503,0.43519140362659503
1480,0.3187685821337053,1490,1484,0.4348993288590604,0.4348993288590604
1481,0.3186500076039363,1491,1485,0.4352783366867874,0.4352783366867874
1482,0.3186464924182488,1492,1486,0.43498659517426275,0.43498659517426275
1483,0.31856853437609567,1493,1487,0.434695244474213,0.434695244474213
1484,0.31846302640644275,1494,1488,0.4344042838018742,0.4344042838018742
1485,0.318397700180964,1495,1489,0.43411371237458196,0.43411371237458196
1486,0.3182981679726401,1496,1490,0.4344919786096257,0.4344919786096257
1487,0.3182293238811674,1497,1491,0.43420173680694724,0.43420173680694724
1488,0.31818551059383926,1498,1492,0.43391188251001334,0.43391188251001334
1489,0.3181268795135187,1499,1493,0.4336224149432955,0.4336224149432955
1490,0.3180764080877574,1500,1494,0.43333333333333335,0.43333333333333335
1491,0.3179302400217734,1501,1495,0.4337108594270486,0.4337108594270486
1492,0.3178672612308558,1502,1496,0.4340878828229028,0.4340878828229028
1493,0.31773368079295805,1503,1497,0.43446440452428475,0.43446440452428475
1494,0.3177108775502697,1504,1498,0.4341755319148936,0.4341755319148936
1495,0.31770829839891707,1505,1499,0.43388704318936877,0.43388704318936877
1496,0.31769418680233885,1506,1500,0.43359893758300133,0.43359893758300133
1497,0.3176409071024744,1507,1501,0.43331121433311215,0.43331121433311215
1498,0.31761068132870823,1508,1502,0.4336870026525199,0.4336870026525199
1499,0.31753731632796606,1509,1503,0.43339960238568587,0.43339960238568587
1500,0.3174298606379416,1510,1504,0.433112582781457,0.433112582781457
1501,0.3174193373279789,1511,1505,0.4328259430840503,0.4328259430840503
1502,0.31740696069128144,1512,1506,0.4332010582010582,0.4332010582010582
1503,0.31739620334744695,1513,1507,0.43357567746199605,0.43357567746199605
1504,0.31738317242854674,1514,1508,0.43394980184940557,0.43394980184940557
1505,0.31694912950166254,1515,1509,0.43366336633663366,0.43366336633663366
1506,0.31690075612727936,1516,1510,0.4340369393139842,0.4340369393139842
1507,0.31680323763591445,1517,1511,0.4337508239947264,0.4337508239947264
1508,0.31674710512955856,1518,1512,0.43346508563899866,0.43346508563899866
1509,0.3166936307817522,1519,1513,0.4338380513495721,0.4338380513495721
1510,0.3166086449162896,1520,1514,0.4342105263157895,0.4342105263157895
1511,0.3165420099803185,1521,1515,0.4345825115055884,0.4345825115055884
1512,0.316412970887701,1522,1516,0.4342969776609724,0.4342969776609724
1513,0.31623782300455333,1523,1517,0.4340118187787262,0.4340118187787262
1514,0.31622224011320854,1524,1518,0.43372703412073493,0.43372703412073493
1515,0.31610378703564823,1525,1519,0.43344262295081964,0.43344262295081964
1516,0.3160701788130033,1526,1520,0.4338138925294889,0.4338138925294889
1517,0.31599865625811846,1527,1521,0.4335297969875573,0.4335297969875573
1518,0.31580702009873574,1528,1522,0.4339005235602094,0.4339005235602094
1519,0.31532506207349775,1529,1523,0.43361674296926095,0.43361674296926095
1520,0.31525364169838915,1530,1524,0.43333333333333335,0.43333333333333335
1521,0.3151779648630211,1531,1525,0.43305029392553884,0.43305029392553884
1522,0.31516988991790074,1532,1526,0.43342036553524804,0.43342036553524804
1523,0.3150904693849064,1533,1527,0.4337899543378995,0.4337899543378995
1524,0.3150120501884331,1534,1528,0.4335071707953064,0.4335071707953064
1525,0.31493786555496733,1535,1529,0.43387622149837135,0.43387622149837135
1526,0.3148852775043615,1536,1530,0.43359375,0.43359375
1527,0.3148183177464224,1537,1531,0.43331164606376055,0.43331164606376055
1528,0.31471254427861783,1538,1532,0.43302990897269183,0.43302990897269183
1529,0.3145391530826105,1539,1533,0.4327485380116959,0.4327485380116959
1530,0.31445743937908505,1540,1534,0.4331168831168831,0.4331168831168831
1531,0.31398670991753397,1541,1535,0.43283582089552236,0.43283582089552236
1532,0.3139192106043847,1542,1536,0.43320363164721143,0.43320363164721143
1533,0.3138110118382213,1543,1537,0.43292287751134156,0.43292287751134156
1534,0.31377265134289567,1544,1538,0.4326424870466321,0.4326424870466321
1535,0.3137443320009103,1545,1539,0.4323624595469256,0.4323624595469256
1536,0.31371574165692023,1546,1540,0.4320827943078913,0.4320827943078913
1537,0.3133054795263337,1547,1541,0.43180349062702006,0.43180349062702006
1538,0.31327498031444195,1548,1542,0.4321705426356589,0.4321705426356589
1539,0.31321290573814214,1549,1543,0.4325371207230471,0.4325371207230471
1540,0.31306245781904557,1550,1544,0.43290322580645163,0.43290322580645163
1541,0.3130264398394551,1551,1545,0.4326241134751773,0.4326241134751773
1542,0.31291070918562996,1552,1546,0.4329896907216495,0.4329896907216495
1543,0.3127476103985301,1553,1547,0.433354797166774,0.433354797166774
1544,0.31267689816852257,1554,1548,0.4337194337194337,0.4337194337194337
1545,0.3126055159512314,1555,1549,0.43344051446945336,0.43344051446945336
1546,0.3125598747664274,1556,1550,0.43316195372750643,0.43316195372750643
1547,0.31224530025236064,1557,1551,0.43288375080282593,0.43288375080282593
1548,0.3121054552581759,1558,1552,0.43324775353016687,0.43324775353016687
1549,0.31195709886657774,1559,1553,0.43296985246953174,0.43296985246953174
1550,0.31193183357185905,1560,1554,0.4326923076923077,0.4326923076923077
1551,0.3118284034793236,1561,1555,0.43241511851377323,0.43241511851377323
1552,0.31172898356547796,1562,1556,0.4327784891165173,0.4327784891165173
1553,0.3117105142990266,1563,1557,0.4325015994881638,0.4325015994881638
1554,0.3116304918802479,1564,1558,0.4328644501278772,0.4328644501278772
1555,0.31138457883164733,1565,1559,0.4325878594249201,0.4325878594249201
1556,0.3112504611789356,1566,1560,0.4323116219667944,0.4323116219667944
1557,0.31109758903399726,1567,1561,0.4320357370772176,0.4320357370772176
1558,0.31095407904598665,1568,1562,0.43239795918367346,0.43239795918367346
1559,0.31092670363774927,1569,1563,0.4321223709369025,0.4321223709369025
1560,0.31090010121266803,1570,1564,0.43248407643312103,0.43248407643312103
1561,0.3108700578730684,1571,1565,0.4322087842138765,0.4322087842138765
1562,0.31075633497644223,1572,1566,0.43193384223918574,0.43193384223918574
1563,0.31069689545068646,1573,1567,0.431659249841068,0.431659249841068
1564,0.31067804043617014,1574,1568,0.4320203303684879,0.4320203303684879
1565,0.31055287060783227,1575,1569,0.43174603174603177,0.43174603174603177
1566,0.31053288398097034,1576,1570,0.43147208121827413,0.43147208121827413
1567,0.3103481478503505,1577,1571,0.4318325935320228,0.4318325935320228
1568,0.3103413263844803,1578,1572,0.43155893536121676,0.43155893536121676
1569,0.310257032223323,1579,1573,0.4319189360354655,0.4319189360354655
1570,0.3102536265996623,1580,1574,0.4316455696202532,0.4316455696202532
1571,0.3102128769786622,1581,1575,0.43137254901960786,0.43137254901960786
1572,0.31017705879630786,1582,1576,0.4310998735777497,0.4310998735777497
1573,0.31011208542600305,1583,1577,0.4308275426405559,0.4308275426405559
1574,0.30995808347970555,1584,1578,0.4305555555555556,0.4305555555555556
1575,0.3097821041785776,1585,1579,0.4302839116719243,0.4302839116719243
1576,0.309766712075124,1586,1580,0.4300126103404792,0.4300126103404792
1577,0.3095573277199985,1587,1581,0.4303717706364209,0.4303717706364209
1578,0.3095305873586696,1588,1582,0.4301007556675063,0.4301007556675063
1579,0.30928732978637113,1589,1583,0.4304594084329767,0.4304594084329767
1580,0.3092638566030669,1590,1584,0.43018867924528303,0.43018867924528303
1581,0.3092466768702113,1591,1585,0.4299182903834067,0.4299182903834067
1582,0.30919686851819045,1592,1586,0.4296482412060301,0.4296482412060301
1583,0.3091736041022987,1593,1587,0.4300062774639046,0.4300062774639046
1584,0.3090917966121548,1594,1588,0.42973651191969886,0.42973651191969886
1585,0.30901815615326367,1595,1589,0.42946708463949845,0.42946708463949845
1586,0.3087783777635736,1596,1590,0.4298245614035088,0.4298245614035088
1587,0.3087265594826853,1597,1591,0.4295554164057608,0.4295554164057608
1588,0.3086418389925951,1598,1592,0.4292866082603254,0.4292866082603254
1589,0.3086031452421207,1599,1593,0.4290181363352095,0.4290181363352095
1590,0.30858187681840266,1600,1594,0.429375,0.429375
1591,0.30841982064777057,1601,1595,0.429106808244847,0.429106808244847
1592,0.3083884752766545,1602,1596,0.42946317103620474,0.42946317103620474
1593,0.3083742508532594,1603,1597,0.42919525888958204,0.42919525888958204
1594,0.30836970734318836,1605,1599,0.4292834890965732,0.4292834890965732
1595,0.3083493642882679,1606,1600,0.42963885429638854,0.42963885429638854
1596,0.30833437875063485,1607,1601,0.42937149968886124,0.42937149968886124
1597,0.30832200225324663,1608,1602,0.4291044776119403,0.4291044776119403
1598,0.30820018277279804,1609,1603,0.4288377874456184,0.4288377874456184
1599,0.3080995789857452,1610,1604,0.42857142857142855,0.42857142857142855
1600,0.307980923206783,1611,1605,0.42830540037243947,0.42830540037243947
1601,0.30778244588378073,1612,1606,0.4280397022332506,0.4280397022332506
1602,0.3077500568763726,1613,1607,0.4277743335399876,0.4277743335399876
1603,0.3077393995583409,1614,1608,0.4281288723667906,0.4281288723667906
1604,0.3077266173473367,1615,1609,0.4278637770897833,0.4278637770897833
1605,0.3077050419791643,1616,1610,0.4275990099009901,0.4275990099009901
1606,0.3076379370793253,1617,1611,0.42733457019171306,0.42733457019171306
1607,0.30734947194707457,1618,1612,0.42707045735475896,0.42707045735475896
1608,0.3071924550652906,1619,1613,0.42680667078443485,0.42680667078443485
1609,0.30697552498484687,1620,1614,0.4265432098765432,0.4265432098765432
1610,0.3068548267890002,1621,1615,0.42628007402837753,0.42628007402837753
1611,0.3068292977434951,1622,1616,0.42601726263871764,0.42601726263871764
1612,0.30681336758949757,1623,1617,0.425754775107825,0.425754775107825
1613,0.30659492027690716,1624,1618,0.42610837438423643,0.42610837438423643
1614,0.30647389736057373,1625,1619,0.42646153846153845,0.42646153846153845
1615,0.30644433822195394,1626,1620,0.4261992619926199,0.4261992619926199
1616,0.3063644740308761,1627,1621,0.42593730792870316,0.42593730792870316
1617,0.3063095822694368,1628,1622,0.4262899262899263,0.4262899262899263
1618,0.30630177513403145,1629,1623,0.4266421117249847,0.4266421117249847
1619,0.30629852173809546,1630,1624,0.4269938650306748,0.4269938650306748
1620,0.3062089836133426,1631,1625,0.42673206621704474,0.42673206621704474
1621,0.30613828349198996,1632,1626,0.4270833333333333,0.4270833333333333
1622,0.30613582073595963,1634,1627,0.4265605875152999,0.4265605875152999
1623,0.3061139772165565,1635,1628,0.42629969418960245,0.42629969418960245
1624,0.30611042755227075,1636,1629,0.42603911980440096,0.42603911980440096
1625,0.30606747654444233,1637,1630,0.42638973732437385,0.42638973732437385
1626,0.30603271249411845,1638,1631,0.4261294261294261,0.4261294261294261
1627,0.3060158419975694,1639,1632,0.425869432580842,0.425869432580842
1628,0.30599406273101304,1640,1633,0.42621951219512194,0.42621951219512194
1629,0.3056980614143645,1641,1634,0.4259597806215722,0.4259597806215722
1630,0.3055966795692974,1642,1635,0.42570036540803896,0.42570036540803896
1631,0.30549666318985325,1643,1636,0.426049908703591,0.426049908703591
1632,0.3054959601784527,1644,1637,0.4263990267639903,0.4263990267639903
1633,0.3054948417943838,1645,1638,0.42613981762917935,0.42613981762917935
1634,0.3054568117760682,1646,1639,0.4264884568651276,0.4264884568651276
1635,0.3053478954915885,1647,1640,0.4262295081967213,0.4262295081967213
1636,0.30533874846081327,1648,1641,0.42597087378640774,0.42597087378640774
1637,0.30517824483662703,1649,1642,0.4257125530624621,0.4257125530624621
1638,0.3051697397052707,1650,1643,0.4254545454545455,0.4254545454545455
1639,0.3051066158359846,1651,1644,0.4258025439127801,0.4258025439127801
1640,0.30505596853429773,1652,1645,0.4261501210653753,0.4261501210653753
1641,0.3049544634230449,1653,1646,0.426497277676951,0.426497277676951
1642,0.3049379651294755,1654,1647,0.42623941958887546,0.42623941958887546
1643,0.3049325088438928,1655,1648,0.4259818731117825,0.4259818731117825
1644,0.30481662041284857,1656,1649,0.4257246376811594,0.4257246376811594
1645,0.3046099419931875,1657,1650,0.42546771273385636,0.42546771273385636
1646,0.3042972537696826,1659,1651,0.42495479204339964,0.42495479204339964
1647,0.3042628104856123,1660,1652,0.4246987951807229,0.4246987951807229
1648,0.3042223518821058,1661,1653,0.4244431065623119,0.4244431065623119
1649,0.30400711905413896,1662,1654,0.42418772563176893,0.42418772563176893
1650,0.30381101699816376,1663,1655,0.4239326518340349,0.4239326518340349
1651,0.30380478369464564,1664,1656,0.42367788461538464,0.42367788461538464
1652,0.30366025098833344,1666,1657,0.42316926770708285,0.42316926770708285
1653,0.303643826093867,1667,1658,0.42291541691661666,0.42291541691661666
1654,0.30353762724268984,1668,1659,0.4226618705035971,0.4226618705035971
1655,0.30341252859443424,1669,1660,0.42300778909526665,0.42300778909526665
1656,0.3033007485679636,1670,1661,0.4233532934131736,0.4233532934131736
1657,0.30319877015865626,1671,1662,0.42309994015559543,0.42309994015559543
1658,0.3031289975329648,1672,1663,0.423444976076555,0.423444976076555
1659,0.30304844620813487,1673,1664,0.42319187089061566,0.42319187089061566
1660,0.30289197548587055,1674,1665,0.4229390681003584,0.4229390681003584
1661,0.3028741315498587,1675,1666,0.42268656716417913,0.42268656716417913
1662,0.3028128639278671,1676,1667,0.4230310262529833,0.4230310262529833
1663,0.30276642448716035,1677,1668,0.4233750745378652,0.4233750745378652
1664,0.30271193259884943,1678,1669,0.4231227651966627,0.4231227651966627
1665,0.30256342037330375,1679,1670,0.4228707564026206,0.4228707564026206
1666,0.3025174440459501,1680,1671,0.4226190476190476,0.4226190476190476
1667,0.30221082281983785,1681,1672,0.4223676383105294,0.4223676383105294
1668,0.30195915111337457,1682,1673,0.4221165279429251,0.4221165279429251
1669,0.3019052679904982,1683,1674,0.42245989304812837,0.42245989304812837
1670,0.3015227074349142,1684,1675,0.42220902612826605,0.42220902612826605
1671,0.3015164149419047,1685,1676,0.42195845697329376,0.42195845697329376
1672,0.30149173328720885,1686,1677,0.42170818505338076,0.42170818505338076
1673,0.3013202178690189,1687,1678,0.4214582098399526,0.4214582098399526
1674,0.30118457618288613,1688,1679,0.4218009478672986,0.4218009478672986
1675,0.3009120062260209,1689,1680,0.4215512137359384,0.4215512137359384
1676,0.30073551443631164,1690,1681,0.421301775147929,0.421301775147929
1677,0.3007313805223092,1691,1682,0.4216439976345358,0.4216439976345358
1678,0.3006620695592433,1692,1683,0.4219858156028369,0.4219858156028369
1679,0.3005943996119268,1693,1684,0.4223272297696397,0.4223272297696397
1680,0.30047567307912704,1694,1685,0.42266824085005905,0.42266824085005905
1681,0.3004638982276371,1695,1686,0.4230088495575221,0.4230088495575221
1682,0.30045211807936495,1696,1687,0.4233490566037736,0.4233490566037736
1683,0.30041973132674177,1697,1688,0.4230995875073659,0.4230995875073659
1684,0.3002045046821327,1698,1689,0.42343934040047115,0.42343934040047115
1685,0.3001686616141059,1699,1690,0.42319011183048855,0.42319011183048855
1686,0.30011087716421997,1700,1691,0.4235294117647059,0.4235294117647059
1687,0.3000883498205819,1701,1692,0.42386831275720166,0.42386831275720166
1688,0.3000564381952076,1702,1693,0.42420681551116335,0.42420681551116335
1689,0.2999608223407337,1703,1694,0.42395772166764534,0.42395772166764534
1690,0.2999534073847597,1704,1695,0.42370892018779344,0.42370892018779344
1691,0.29981634918342154,1705,1696,0.42346041055718475,0.42346041055718475
1692,0.29970449713456654,1706,1697,0.4232121922626026,0.4232121922626026
1693,0.29962313220187026,1707,1698,0.4229642647920328,0.4229642647920328
1694,0.2993328403082074,1708,1699,0.42271662763466045,0.42271662763466045
1695,0.29920291366991547,1709,1700,0.422469280280866,0.422469280280866
1696,0.29918317899127383,1710,1701,0.4222222222222222,0.4222222222222222
1697,0.29915144031140206,1711,1702,0.42197545295149036,0.42197545295149036
1698,0.299115597067696,1712,1703,0.4217289719626168,0.4217289719626168
1699,0.2990475920371458,1713,1704,0.4220665499124343,0.4220665499124343
1700,0.29888447575283794,1714,1705,0.4218203033838973,0.4218203033838973
1701,0.29888276473079034,1715,1706,0.4215743440233236,0.4215743440233236
1702,0.2987766297571552,1716,1707,0.42132867132867136,0.42132867132867136
1703,0.2987585366420099,1717,1708,0.42166569598136283,0.42166569598136283
1704,0.29872030189068133,1718,1709,0.4214202561117579,0.4214202561117579
1705,0.29864596656646786,1719,1710,0.42175683536940084,0.42175683536940084
1706,0.2984395748644565,1720,1711,0.42151162790697677,0.42151162790697677
1707,0.2983396327027238,1721,1712,0.421266705403835,0.421266705403835
1708,0.2981920345060003,1722,1713,0.42102206736353076,0.42102206736353076
1709,0.29812917412949363,1723,1714,0.4207777132907719,0.4207777132907719
1710,0.2981290887875102,1724,1715,0.4205336426914153,0.4205336426914153
1711,0.29802903491656174,1725,1716,0.42028985507246375,0.42028985507246375
1712,0.29787841189781056,1726,1717,0.4206257242178447,0.4206257242178447
1713,0.29774813205436,1727,1718,0.42038216560509556,0.42038216560509556
1714,0.29767486235002727,1728,1719,0.4201388888888889,0.4201388888888889
1715,0.29754291594889354,1729,1720,0.42047426257952575,0.42047426257952575
1716,0.2973055805056269,1730,1721,0.4208092485549133,0.4208092485549133
1717,0.2971489617361504,1731,1722,0.42056614673599074,0.42056614673599074
1718,0.2971104669406521,1732,1723,0.42032332563510394,0.42032332563510394
1719,0.2970597308340069,1733,1724,0.42065781881130987,0.42065781881130987
1720,0.29689167158271906,1734,1725,0.4204152249134948,0.4204152249134948
1721,0.2968682801003252,1735,1726,0.4201729106628242,0.4201729106628242
1722,0.2968602968094154,1736,1727,0.41993087557603687,0.41993087557603687
1723,0.296846287953423,1737,1728,0.41968911917098445,0.41968911917098445
1724,0.29682025777098425,1738,1729,0.42002301495972383,0.42002301495972383
1725,0.2967997964123691,1739,1730,0.4197814836112708,0.4197814836112708
1726,0.2967044956611951,1740,1731,0.41954022988505746,0.41954022988505746
1727,0.2966775566831392,1741,1732,0.4198736358414704,0.4198736358414704
1728,0.29666700331705037,1742,1733,0.4196326061997704,0.4196326061997704
1729,0.29666612899083467,1743,1734,0.4193918531267929,0.4193918531267929
1730,0.29664712418436023,1744,1735,0.4197247706422018,0.4197247706422018
1731,0.2963818505003858,1745,1736,0.4194842406876791,0.4194842406876791
1732,0.2962682372274104,1746,1737,0.41924398625429554,0.41924398625429554
1733,0.2962621369204574,1747,1738,0.41900400686891814,0.41900400686891814
1734,0.2962064554808328,1748,1739,0.41876430205949655,0.41876430205949655
1735,0.29605853551993766,1749,1740,0.41852487135506006,0.41852487135506006
1736,0.29603356027759237,1750,1741,0.41828571428571426,0.41828571428571426
1737,0.2959258385277571,1751,1742,0.4186179326099372,0.4186179326099372
1738,0.2959189730701958,1752,1743,0.41837899543379,0.41837899543379
1739,0.29576904268893633,1753,1744,0.41814033086138047,0.41814033086138047
1740,0.2955460807496853,1754,1745,0.41790193842645385,0.41790193842645385
1741,0.29553731881307904,1755,1746,0.41766381766381766,0.41766381766381766
1742,0.29547040561542437,1756,1747,0.417995444191344,0.417995444191344
1743,0.29540467226418554,1757,1748,0.4177575412635174,0.4177575412635174
1744,0.2948937664262341,1758,1749,0.41751990898748575,0.41751990898748575
1745,0.2948560262126201,1759,1750,0.4178510517339397,0.4178510517339397
1746,0.2948529775114646,1760,1751,0.41761363636363635,0.41761363636363635
1747,0.2948500242221065,1761,1752,0.41737649063032367,0.41737649063032367
1748,0.2947230854173501,1762,1753,0.41713961407491484,0.41713961407491484
1749,0.2947021493103579,1763,1754,0.4169030062393647,0.4169030062393647
1750,0.29454078843432163,1764,1755,0.4166666666666667,0.4166666666666667
1751,0.29440811000392403,1765,1756,0.4164305949008499,0.4164305949008499
1752,0.2943718201738409,1766,1757,0.41676104190260477,0.41676104190260477
1753,0.2943559646611894,1767,1758,0.4165251839275608,0.4165251839275608
1754,0.2943390330479033,1768,1759,0.4168552036199095,0.4168552036199095
1755,0.2939978310215552,1769,1760,0.41661955907292253,0.41661955907292253
1756,0.29395001996946507,1770,1761,0.41694915254237286,0.41694915254237286
1757,0.2939052970681173,1771,1762,0.41671372106154714,0.41671372106154714
1758,0.29384447219230475,1772,1763,0.4164785553047404,0.4164785553047404
1759,0.2938101036235195,1773,1764,0.41624365482233505,0.41624365482233505
1760,0.29379036523381197,1774,1765,0.4160090191657272,0.4160090191657272
1761,0.2937870682175142,1775,1766,0.41577464788732393,0.41577464788732393
1762,0.2936985318650027,1776,1767,0.4155405405405405,0.4155405405405405
1763,0.29366919991690027,1777,1768,0.4153066966797974,0.4153066966797974
1764,0.2934407583406811,1778,1769,0.4156355455568054,0.4156355455568054
1765,0.29339985182054434,1779,1770,0.41540191118605957,0.41540191118605957
1766,0.2933860568933245,1780,1771,0.4157303370786517,0.4157303370786517
1767,0.2933480517313009,1781,1772,0.41549691184727683,0.41549691184727683
1768,0.2932618527075145,1782,1773,0.4152637485970819,0.4152637485970819
1769,0.29318347666901373,1783,1774,0.41559169938306223,0.41559169938306223
1770,0.29314358852613714,1784,1775,0.41535874439461884,0.41535874439461884
1771,0.2930062074084935,1785,1776,0.4151260504201681,0.4151260504201681
1772,0.2928839344808211,1786,1777,0.4154535274356103,0.4154535274356103
1773,0.2928716875440081,1787,1778,0.4152210408505876,0.4152210408505876
1774,0.29280293677249813,1788,1779,0.41498881431767337,0.41498881431767337
1775,0.2927752850909168,1789,1780,0.41531581889323643,0.41531581889323643
1776,0.2925437943627593,1790,1781,0.41508379888268154,0.41508379888268154
1777,0.29246617913036027,1791,1782,0.4148520379676159,0.4148520379676159
1778,0.2922143616585365,1792,1783,0.41517857142857145,0.41517857142857145
1779,0.2922137469126053,1793,1784,0.41494701617401003,0.41494701617401003
1780,0.2921742986329249,1794,1785,0.41471571906354515,0.41471571906354515
1781,0.2920714028211377,1795,1786,0.41448467966573815,0.41448467966573815
1782,0.2917894294970578,1796,1787,0.4142538975501114,0.4142538975501114
1783,0.29164058167216667,1797,1788,0.41402337228714525,0.41402337228714525
1784,0.2916135231825102,1798,1789,0.41379310344827586,0.41379310344827586
1785,0.2913406793893899,1799,1790,0.41411895497498613,0.41411895497498613
1786,0.29114486399907447,1800,1791,0.41388888888888886,0.41388888888888886
1787,0.291059246578523,1801,1792,0.413659078289839,0.413659078289839
1788,0.2909578829317265,1802,1793,0.4134295227524972,0.4134295227524972
1789,0.29087020335057256,1803,1794,0.41320022185246813,0.41320022185246813
1790,0.2908113068519421,1805,1795,0.41274238227146814,0.41274238227146814
1791,0.2907349966055164,1806,1796,0.4125138427464009,0.4125138427464009
1792,0.290714524921746,1807,1797,0.41228555617044826,0.41228555617044826
1793,0.29069270873066433,1808,1798,0.41261061946902655,0.41261061946902655
1794,0.2906802332172605,1809,1799,0.4129353233830846,0.4129353233830846
1795,0.2905299233516894,1810,1800,0.41325966850828727,0.41325966850828727
1796,0.2904703711451763,1811,1801,0.4130314743235781,0.4130314743235781
1797,0.29040838960513976,1812,1802,0.413355408388521,0.413355408388521
1798,0.29034028289105396,1813,1803,0.4136789851075565,0.4136789851075565
1799,0.29028197283524354,1814,1804,0.41345093715545755,0.41345093715545755
1800,0.28994853486719,1815,1805,0.4132231404958678,0.4132231404958678
1801,0.2896694221966223,1816,1806,0.41354625550660795,0.41354625550660795
1802,0.2896211473652707,1817,1807,0.4133186571271326,0.4133186571271326
1803,0.28961826026454374,1818,1808,0.4130913091309131,0.4130913091309131
1804,0.2895656760076563,1819,1809,0.41286421110500277,0.41286421110500277
1805,0.2895500722961973,1820,1810,0.41318681318681316,0.41318681318681316
1806,0.2895246551157002,1821,1811,0.41295991213618893,0.41295991213618893
1807,0.28949339469243374,1822,1812,0.4132821075740944,0.4132821075740944
1808,0.2893959490965449,1823,1813,0.41305540318156886,0.41305540318156886
1809,0.28929744302041455,1824,1814,0.4133771929824561,0.4133771929824561
1810,0.2887712146509849,1825,1815,0.4136986301369863,0.4136986301369863
1811,0.2887361804654531,1826,1816,0.4140197152245345,0.4140197152245345
1812,0.28870036398399274,1827,1817,0.41379310344827586,0.41379310344827586
1813,0.28847629454868967,1828,1818,0.4141137855579869,0.4141137855579869
1814,0.28842965661548375,1829,1819,0.41388737014762167,0.41388737014762167
1815,0.2883832386457883,1830,1820,0.41420765027322404,0.41420765027322404
1816,0.2883765776337193,1831,1821,0.4139814309120699,0.4139814309120699
1817,0.2883335063940139,1832,1822,0.41375545851528384,0.41375545851528384
1818,0.28824970620103574,1833,1823,0.41407528641571195,0.41407528641571195
1819,0.2881251174594813,1834,1824,0.4138495092693566,0.4138495092693566
1820,0.2880111319360566,1835,1825,0.4136239782016349,0.4136239782016349
1821,0.28796272623309077,1836,1826,0.4133986928104575,0.4133986928104575
1822,0.28792172055866844,1838,1827,0.4129488574537541,0.4129488574537541
1823,0.2879076932722439,1839,1828,0.4132680804785209,0.4132680804785209
1824,0.2878148014365141,1840,1829,0.41358695652173916,0.41358695652173916
1825,0.287601633369572,1841,1830,0.4133623030961434,0.4133623030961434
1826,0.2874666313699878,1842,1831,0.41368078175895767,0.41368078175895767
1827,0.28743503880584786,1844,1832,0.41323210412147504,0.41323210412147504
1828,0.28730719995155035,1845,1833,0.41300813008130083,0.41300813008130083
1829,0.28713009903615944,1846,1834,0.41278439869989164,0.41278439869989164
1830,0.2871245676981235,1847,1835,0.41256090958310776,0.41256090958310776
1831,0.28709147811596203,1848,1836,0.4128787878787879,0.4128787878787879
1832,0.2870742940281916,1849,1837,0.413196322336398,0.413196322336398
1833,0.2870716145571962,1850,1838,0.4135135135135135,0.4135135135135135
1834,0.28694897649411844,1851,1839,0.413290113452188,0.413290113452188
1835,0.2868788562210796,1852,1840,0.4130669546436285,0.4130669546436285
1836,0.2868508890443354,1853,1841,0.41284403669724773,0.41284403669724773
1837,0.28681858676536176,1854,1842,0.41262135922330095,0.41262135922330095
1838,0.28671074185640577,1855,1843,0.4123989218328841,0.4123989218328841
1839,0.28656893335060013,1856,1844,0.41217672413793105,0.41217672413793105
1840,0.28642642285497383,1857,1845,0.41195476575121165,0.41195476575121165
1841,0.2864012996284364,1858,1846,0.41227125941872983,0.41227125941872983
1842,0.2862673751676387,1859,1847,0.4125874125874126,0.4125874125874126
1843,0.2861971772824778,1860,1848,0.41236559139784945,0.41236559139784945
1844,0.28615015294015506,1861,1849,0.4121440085975282,0.4121440085975282
1845,0.2860469441553569,1862,1850,0.41192266380236303,0.41192266380236303
1846,0.2860101640986672,1863,1851,0.41170155662909286,0.41170155662909286
1847,0.28588723717456,1864,1852,0.411480686695279,0.411480686695279
1848,0.28586104159300263,1865,1853,0.41126005361930296,0.41126005361930296
1849,0.28573692623446034,1866,1854,0.41103965702036444,0.41103965702036444
1850,0.2857281263386716,1867,1855,0.4108194965184788,0.4108194965184788
1851,0.2855495059450927,1868,1856,0.41113490364025695,0.41113490364025695
1852,0.2855043727631605,1869,1857,0.41144997324772603,0.41144997324772603
1853,0.28547461604404384,1870,1858,0.4117647058823529,0.4117647058823529
1854,0.28545199468391985,1871,1859,0.4120791020844468,0.4120791020844468
1855,0.28544262520690455,1872,1860,0.41185897435897434,0.41185897435897434
1856,0.28534932975805666,1873,1861,0.4116390816871329,0.4116390816871329
1857,0.2852229549523759,1874,1862,0.41141942369263607,0.41141942369263607
1858,0.2851761568371073,1875,1863,0.41173333333333334,0.41173333333333334
1859,0.28516375951918144,1876,1864,0.4115138592750533,0.4115138592750533
1860,0.28510800401061703,1877,1865,0.4112946190729888,0.4112946190729888
1861,0.2848828057304129,1878,1866,0.4110756123535676,0.4110756123535676
1862,0.28486317807816336,1879,1867,0.4108568387440128,0.4108568387440128
1863,0.2847281855102914,1880,1868,0.41117021276595744,0.41117021276595744
1864,0.2846933622619199,1881,1869,0.41148325358851673,0.41148325358851673
1865,0.2846052063659132,1882,1870,0.4112646121147715,0.4112646121147715
1866,0.28458004795898356,1883,1871,0.4110462028677642,0.4110462028677642
1867,0.2843536696347422,1884,1872,0.410828025477707,0.410828025477707
1868,0.2843169198772475,1885,1873,0.4106100795755968,0.4106100795755968
1869,0.28430497275973504,1886,1874,0.41092258748674443,0.41092258748674443
1870,0.2843018789913568,1887,1875,0.41070482246952833,0.41070482246952833
1871,0.28401354837364406,1888,1876,0.4104872881355932,0.4104872881355932
1872,0.2839794724036599,1889,1877,0.41026998411858123,0.41026998411858123
1873,0.2836325045378631,1890,1878,0.41005291005291006,0.41005291005291006
1874,0.28358772814915745,1891,1879,0.4103648863035431,0.4103648863035431
1875,0.2835164685582923,1892,1880,0.41014799154334036,0.41014799154334036
1876,0.28341061274497986,1893,1881,0.410459587955626,0.410459587955626
1877,0.2834044592240139,1894,1882,0.41077085533262936,0.41077085533262936
1878,0.28330932377354545,1895,1883,0.41108179419525065,0.41108179419525065
1879,0.28319031422189866,1896,1884,0.4108649789029536,0.4108649789029536
1880,0.28301544050009786,1897,1885,0.4106483921982077,0.4106483921982077
1881,0.2829217161006475,1898,1886,0.410958904109589,0.410958904109589
1882,0.28266975304742237,1899,1887,0.4107424960505529,0.4107424960505529
1883,0.28259455875267186,1900,1888,0.4105263157894737,0.4105263157894737
1884,0.28243575853359865,1901,1889,0.4103103629668595,0.4103103629668595
1885,0.282410278947312,1902,1890,0.41009463722397477,0.41009463722397477
1886,0.2823504986803795,1903,1891,0.4098791382028376,0.4098791382028376
1887,0.2823361657493846,1904,1892,0.4101890756302521,0.4101890756302521
1888,0.2821622761926613,1905,1893,0.4099737532808399,0.4099737532808399
1889,0.2821240050207622,1906,1894,0.40975865687303253,0.40975865687303253
1890,0.281786280335027,1907,1895,0.40954378605138964,0.40954378605138964
1891,0.28155326843465106,1908,1896,0.40932914046121593,0.40932914046121593
1892,0.28140430279556183,1909,1897,0.40911471974855945,0.40911471974855945
1893,0.2813620822651753,1910,1898,0.4094240837696335,0.4094240837696335
1894,0.2813440358210722,1911,1899,0.4097331240188383,0.4097331240188383
1895,0.2813005645097148,1912,1900,0.4100418410041841,0.4100418410041841
1896,0.28125353337512143,1913,1901,0.40982749607945634,0.40982749607945634
1897,0.2811307156915103,1914,1902,0.4096133751306165,0.4096133751306165
1898,0.2810579863318676,1915,1903,0.40939947780678854,0.40939947780678854
1899,0.28102999278525814,1916,1904,0.4091858037578288,0.4091858037578288
1900,0.281023764467524,1917,1905,0.40897235263432447,0.40897235263432447
1901,0.2809736454137307,1918,1906,0.40928050052137643,0.40928050052137643
1902,0.28094668702186393,1919,1907,0.40906722251172484,0.40906722251172484
1903,0.28088554621232165,1920,1908,0.4088541666666667,0.4088541666666667
1904,0.280695099086968,1921,1909,0.4086413326392504,0.4086413326392504
1905,0.2803593971864379,1922,1910,0.4084287200832466,0.4084287200832466
1906,0.280314580408809,1923,1911,0.40873634945397813,0.40873634945397813
1907,0.2802863729040147,1924,1912,0.4085239085239085,0.4085239085239085
1908,0.2802600957790679,1925,1913,0.4083116883116883,0.4083116883116883
1909,0.28025629486822745,1926,1914,0.40809968847352024,0.40809968847352024
1910,0.2801565647210204,1927,1915,0.4078879086663207,0.4078879086663207
1911,0.2800188763017577,1928,1916,0.40819502074688796,0.40819502074688796
1912,0.2799138085182576,1929,1917,0.407983411093831,0.407983411093831
1913,0.2798900678206967,1930,1918,0.4077720207253886,0.4077720207253886
1914,0.2798812038053604,1931,1919,0.4075608493008804,0.4075608493008804
1915,0.27984764735630535,1932,1920,0.40734989648033126,0.40734989648033126
1916,0.2797952353357495,1933,1921,0.40765649249870667,0.40765649249870667
1917,0.27979084409341337,1934,1922,0.4074457083764219,0.4074457083764219
1918,0.27967856571750793,1935,1923,0.407235142118863,0.407235142118863
1919,0.27961427502022135,1936,1924,0.40702479338842973,0.40702479338842973
1920,0.27959343212337684,1937,1925,0.4068146618482189,0.4068146618482189
1921,0.27951857699847377,1938,1926,0.4066047471620227,0.4066047471620227
1922,0.2795121532876363,1939,1927,0.406910778751934,0.406910778751934
1923,0.2793656849667926,1940,1928,0.40670103092783505,0.40670103092783505
1924,0.27928890081180624,1941,1929,0.4070066975785677,0.4070066975785677
1925,0.2791748614011542,1942,1930,0.40679711637487126,0.40679711637487126
1926,0.2791243638234481,1943,1931,0.40658775090066906,0.40658775090066906
1927,0.27909135454533757,1944,1932,0.40689300411522633,0.40689300411522633
1928,0.278729549068039,1945,1933,0.4071979434447301,0.4071979434447301
1929,0.27864904937310936,1946,1934,0.40750256937307294,0.40750256937307294
1930,0.2786239529501687,1947,1935,0.40729327170005136,0.40729327170005136
1931,0.2785273527439874,1948,1936,0.40708418891170434,0.40708418891170434
1932,0.278436581667134,1949,1937,0.4068753206772704,0.4068753206772704
1933,0.278429915137336,1950,1938,0.4066666666666667,0.4066666666666667
1934,0.27824618061698564,1951,1939,0.40697078421322397,0.40697078421322397
1935,0.2781876421881377,1952,1940,0.4067622950819672,0.4067622950819672
1936,0.2780577598040733,1953,1941,0.4065540194572453,0.4065540194572453
1937,0.2780551608940439,1954,1942,0.4068577277379734,0.4068577277379734
1938,0.27799665542181534,1955,1943,0.4071611253196931,0.4071611253196931
1939,0.27789680917308124,1956,1944,0.4069529652351738,0.4069529652351738
1940,0.27787362692828926,1957,1945,0.40725600408788964,0.40725600408788964
1941,0.2778005368746356,1958,1946,0.4070480081716037,0.4070480081716037
1942,0.2777427068172709,1959,1947,0.40684022460439,0.40684022460439
1943,0.27764338290403245,1960,1948,0.4066326530612245,0.4066326530612245
1944,0.277613231656273,1961,1949,0.40642529321774606,0.40642529321774606
1945,0.2775638256664888,1962,1950,0.40621814475025486,0.40621814475025486
1946,0.2775587337075022,1963,1951,0.40601120733571067,0.40601120733571067
1947,0.27753402340515837,1964,1952,0.40580448065173114,0.40580448065173114
1948,0.27748408240982425,1965,1953,0.40610687022900765,0.40610687022900765
1949,0.2772407644370538,1966,1954,0.4059003051881994,0.4059003051881994
1950,0.27691789839044406,1967,1955,0.40569395017793597,0.40569395017793597
1951,0.27689457268420686,1968,1956,0.4054878048780488,0.4054878048780488
1952,0.27685725718912974,1969,1957,0.4052818689690198,0.4052818689690198
1953,0.27682310105328783,1970,1958,0.4050761421319797,0.4050761421319797
1954,0.2766517451872286,1971,1959,0.4048706240487062,0.4048706240487062
1955,0.27657646833630034,1972,1960,0.40466531440162273,0.40466531440162273
1956,0.27655945217363026,1973,1961,0.40446021287379624,0.40446021287379624
1957,0.27653276744941085,1974,1962,0.40425531914893614,0.40425531914893614
1958,0.27644152863416177,1975,1963,0.4040506329113924,0.4040506329113924
1959,0.2759718784461172,1976,1964,0.4043522267206478,0.4043522267206478
1960,0.27582753608571653,1977,1965,0.404147698533131,0.404147698533131
1961,0.27564677288825384,1978,1966,0.4044489383215369,0.4044489383215369
1962,0.2755789823895652,1979,1967,0.4047498736735725,0.4047498736735725
1963,0.27556730122898004,1980,1968,0.40454545454545454,0.40454545454545454
1964,0.2754483601001806,1981,1969,0.4043412417970722,0.4043412417970722
1965,0.27533665801537704,1982,1970,0.4041372351160444,0.4041372351160444
1966,0.2753328413433367,1983,1971,0.4039334341906203,0.4039334341906203
1967,0.27524146476842554,1984,1972,0.40372983870967744,0.40372983870967744
1968,0.2751040561162827,1985,1973,0.4035264483627204,0.4035264483627204
1969,0.2749990159182405,1986,1974,0.4033232628398791,0.4033232628398791
1970,0.2749935462773442,1987,1975,0.4031202818319074,0.4031202818319074
1971,0.2749563818629997,1988,1976,0.4029175050301811,0.4029175050301811
1972,0.27494038597527737,1989,1977,0.40271493212669685,0.40271493212669685
1973,0.2748863417200662,1990,1978,0.40251256281407033,0.40251256281407033
1974,0.274776416741828,1991,1979,0.40231039678553493,0.40231039678553493
1975,0.27456634158808,1992,1980,0.40210843373493976,0.40210843373493976
1976,0.27420481860981055,1993,1981,0.4024084295032614,0.4024084295032614
1977,0.2741523378472368,1994,1982,0.40220661985957873,0.40220661985957873
1978,0.2741508120380039,1995,1983,0.4020050125313283,0.4020050125313283
1979,0.27409077698835665,1996,1984,0.40180360721442887,0.40180360721442887
1980,0.2740832206433211,1997,1985,0.4016024036054081,0.4016024036054081
1981,0.27395114694394856,1998,1986,0.4014014014014014,0.4014014014014014
1982,0.27371042141248836,1999,1987,0.4012006003001501,0.4012006003001501
1983,0.27354999679961156,2000,1988,0.4015,0.4015
1984,0.2735430731286802,2001,1989,0.4012993503248376,0.4012993503248376
1985,0.27353527860415333,2002,1990,0.4010989010989011,0.4010989010989011
1986,0.2734863006280263,2003,1991,0.40089865202196706,0.40089865202196706
1987,0.27334241470303394,2004,1992,0.40069860279441116,0.40069860279441116
1988,0.273269352155818,2005,1993,0.400498753117207,0.400498753117207
1989,0.27324904921736065,2006,1994,0.4002991026919242,0.4002991026919242
1990,0.27315757733401097,2008,1995,0.3999003984063745,0.3999003984063745
1991,0.27315588900163873,2009,1996,0.40019910403185666,0.40019910403185666
1992,0.2731004159612147,2010,1997,0.4,0.4
1993,0.2730308035037297,2011,1998,0.399801093983093,0.399801093983093
1994,0.27300050533840975,2012,1999,0.3996023856858847,0.3996023856858847
1995,0.27270277653612496,2013,2000,0.39940387481371087,0.39940387481371087
1996,0.2723683159257458,2014,2001,0.39920556107249255,0.39920556107249255
1997,0.27236749762124784,2015,2002,0.3990074441687345,0.3990074441687345
1998,0.2723049978825064,2016,2003,0.3993055555555556,0.3993055555555556
1999,0.27228594652711763,2017,2004,0.39910758552305403,0.39910758552305403
2000,0.27205937509492945,2018,2005,0.39890981169474726,0.39890981169474726
2001,0.27202313928218785,2019,2006,0.3992075284794453,0.3992075284794453
2002,0.27202237333559,2020,2007,0.39900990099009903,0.39900990099009903
2003,0.2719941630939593,2021,2008,0.3988124690747155,0.3988124690747155
2004,0.27197096812894717,2022,2009,0.39861523244312563,0.39861523244312563
2005,0.2717811334444463,2023,2010,0.39841819080573404,0.39841819080573404
2006,0.2717800541944564,2024,2011,0.3987154150197628,0.3987154150197628
2007,0.27172050816346494,2025,2012,0.3985185185185185,0.3985185185185185
2008,0.2717088781502141,2026,2013,0.3983218163869694,0.3983218163869694
2009,0.27163044910400386,2027,2014,0.3981253083374445,0.3981253083374445
2010,0.2715513922160214,2028,2015,0.3979289940828402,0.3979289940828402
2011,0.27150159979997873,2029,2016,0.397732873336619,0.397732873336619
2012,0.27143798736585734,2030,2017,0.3975369458128079,0.3975369458128079
2013,0.27141209804346417,2031,2018,0.397341211225997,0.397341211225997
2014,0.2712500729312774,2032,2019,0.3971456692913386,0.3971456692913386
2015,0.2710338228416195,2033,2020,0.39695031972454503,0.39695031972454503
2016,0.27102674904979507,2034,2021,0.3972468043264503,0.3972468043264503
2017,0.271005021397663,2035,2022,0.39705159705159704,0.39705159705159704
2018,0.2707944632124912,2036,2023,0.3973477406679764,0.3973477406679764
2019,0.270637403032232,2037,2024,0.39764359351988215,0.39764359351988215
2020,0.27054979994406586,2038,2025,0.3974484789008832,0.3974484789008832
2021,0.2703305465210259,2039,2026,0.39725355566454146,0.39725355566454146
2022,0.2702719515392841,2040,2027,0.39705882352941174,0.39705882352941174
2023,0.27022837367077557,2041,2028,0.3968642822146007,0.3968642822146007
2024,0.27016218279456317,2042,2029,0.3966699314397649,0.3966699314397649
2025,0.27015704604059004,2043,2030,0.3964757709251101,0.3964757709251101
2026,0.2700388542782205,2044,2031,0.39628180039138944,0.39628180039138944
2027,0.26998686905565095,2045,2032,0.3960880195599022,0.3960880195599022
2028,0.2699109344325468,2046,2033,0.39589442815249265,0.39589442815249265
2029,0.26988423140702933,2047,2034,0.3957010258915486,0.3957010258915486
2030,0.2698252770993873,2048,2035,0.3955078125,0.3955078125
2031,0.26979021459668245,2049,2036,0.3958028306490971,0.3958028306490971
2032,0.26976211898049846,2050,2037,0.3960975609756098,0.3960975609756098
2033,0.2696594901024112,2051,2038,0.39590443686006827,0.39590443686006827
2034,0.2696177870363427,2052,2039,0.39571150097465885,0.39571150097465885
2035,0.26959622499405056,2053,2040,0.3960058451047248,0.3960058451047248
2036,0.2695687545620605,2054,2041,0.3958130477117819,0.3958130477117819
2037,0.26955019239282657,2055,2042,0.3956204379562044,0.3956204379562044
2038,0.26952123063700323,2056,2043,0.3959143968871595,0.3959143968871595
2039,0.2695125657021118,2057,2044,0.39572192513368987,0.39572192513368987
2040,0.2695061478234126,2058,2045,0.39552964042759964,0.39552964042759964
2041,0.2694580496076139,2059,2046,0.39533754249635744,0.39533754249635744
2042,0.2693803102153936,2060,2047,0.3951456310679612,0.3951456310679612
2043,0.26936968996725,2061,2048,0.39495390587093643,0.39495390587093643
2044,0.2692014386314443,2062,2049,0.3947623666343356,0.3947623666343356
2045,0.26911642123215385,2063,2050,0.3950557440620456,0.3950557440620456
2046,0.26899305807181945,2064,2051,0.3953488372093023,0.3953488372093023
2047,0.26896524692725776,2065,2052,0.3951573849878935,0.3951573849878935
2048,0.26887239590482137,2066,2053,0.39496611810261373,0.39496611810261373
2049,0.2688707376713044,2067,2054,0.39477503628447025,0.39477503628447025
2050,0.26883381846183024,2068,2055,0.3945841392649903,0.3945841392649903
2051,0.2688300633387901,2069,2056,0.3948767520541324,0.3948767520541324
2052,0.2687818396357665,2070,2057,0.39468599033816426,0.39468599033816426
2053,0.2687714932331381,2071,2058,0.3944954128440367,0.3944954128440367
2054,0.26876795682632804,2072,2059,0.3947876447876448,0.3947876447876448
2055,0.26869281256620714,2073,2060,0.39459720212252775,0.39459720212252775
2056,0.2686727599707585,2074,2061,0.3944069431051109,0.3944069431051109
2057,0.2686195682492069,2075,2062,0.3942168674698795,0.3942168674698795
2058,0.26844922951975625,2076,2063,0.3940269749518304,0.3940269749518304
2059,0.2683859165705116,2077,2064,0.3938372652864709,0.3938372652864709
2060,0.2683492342356496,2078,2065,0.39412897016361886,0.39412897016361886
2061,0.26826141357082844,2079,2066,0.3944203944203944,0.3944203944203944
2062,0.2681981114814209,2080,2067,0.3942307692307692,0.3942307692307692
2063,0.2681463767207041,2082,2068,0.39385206532180594,0.39385206532180594
2064,0.26808204683270537,2083,2069,0.3941430628900624,0.3941430628900624
2065,0.2678915358171265,2084,2070,0.3939539347408829,0.3939539347408829
2066,0.2678504527442423,2085,2071,0.3937649880095923,0.3937649880095923
2067,0.267788127083554,2086,2072,0.39357622243528284,0.39357622243528284
2068,0.26772686519103,2087,2073,0.3933876377575467,0.3933876377575467
2069,0.26769946499927766,2088,2074,0.3931992337164751,0.3931992337164751
2070,0.2676671698209565,2089,2075,0.39301101005265676,0.39301101005265676
2071,0.26753253825320633,2090,2076,0.392822966507177,0.392822966507177
2072,0.26747114052149,2091,2077,0.3931133428981349,0.3931133428981349
2073,0.2674345899993952,2092,2078,0.39292543021032506,0.39292543021032506
2074,0.26742906966416774,2093,2079,0.3932154801720019,0.3932154801720019
2075,0.2673941920204928,2094,2080,0.3930276981852913,0.3930276981852913
2076,0.2673693885815429,2095,2081,0.3928400954653938,0.3928400954653938
2077,0.26723907943145214,2096,2082,0.3926526717557252,0.3926526717557252
2078,0.267199494109708,2097,2083,0.39246542680019075,0.39246542680019075
2079,0.2671093030496824,2098,2084,0.392278360343184,0.392278360343184
2080,0.26710636703240337,2099,2085,0.3920914721295855,0.3920914721295855
2081,0.2670333720439822,2100,2086,0.3919047619047619,0.3919047619047619
2082,0.2669749306620835,2101,2087,0.39171822941456447,0.39171822941456447
2083,0.26686438044577127,2102,2088,0.3915318744053283,0.3915318744053283
2084,0.2666990907075733,2103,2089,0.39134569662387064,0.39134569662387064
2085,0.2665480273577627,2104,2090,0.3911596958174905,0.3911596958174905
2086,0.26640304820904437,2105,2091,0.39097387173396675,0.39097387173396675
2087,0.2662472778418758,2106,2092,0.39078822412155745,0.39078822412155745
2088,0.2662214145273709,2107,2093,0.3906027527289986,0.3906027527289986
2089,0.2662140075574468,2108,2094,0.39041745730550287,0.39041745730550287
2090,0.2661727573661323,2109,2095,0.39070649596965384,0.39070649596965384
2091,0.26609450916957456,2110,2096,0.390521327014218,0.390521327014218
2092,0.26604244583913894,2111,2097,0.39081004263382285,0.39081004263382285
2093,0.26600619775947226,2112,2098,0.390625,0.390625
2094,0.26583412334801704,2113,2099,0.3904401325130147,0.3904401325130147
2095,0.26567066970966374,2114,2100,0.3902554399243141,0.3902554399243141
2096,0.26558182892929516,2116,2101,0.3898865784499055,0.3898865784499055
2097,0.2652030091149878,2117,2102,0.38970240906943787,0.38970240906943787
2098,0.2651235839840098,2118,2103,0.3895184135977337,0.3895184135977337
2099,0.26506550740693857,2119,2104,0.38933459178857954,0.38933459178857954
2100,0.2650362378414556,2120,2105,0.389622641509434,0.389622641509434
2101,0.2648908134528206,2121,2106,0.38943894389438943,0.38943894389438943
2102,0.2648438915758368,2122,2107,0.3892554194156456,0.3892554194156456
2103,0.2647565504111438,2123,2108,0.38907206782854453,0.38907206782854453
2104,0.2647416233580099,2124,2109,0.3888888888888889,0.3888888888888889
2105,0.2647238287300285,2125,2110,0.3887058823529412,0.3887058823529412
2106,0.26471679518791175,2126,2111,0.3885230479774224,0.3885230479774224
2107,0.2646587822585757,2127,2112,0.38881053126469206,0.38881053126469206
2108,0.2646380250574512,2128,2113,0.38862781954887216,0.38862781954887216
2109,0.2645913067244606,2129,2114,0.3884452794739314,0.3884452794739314
2110,0.2645587582303447,2130,2115,0.38873239436619716,0.38873239436619716
2111,0.2645422233044724,2131,2116,0.38901923979352415,0.38901923979352415
2112,0.2644912031572595,2132,2117,0.3888367729831144,0.3888367729831144
2113,0.2644395464646655,2133,2118,0.3886544772620722,0.3886544772620722
2114,0.2643016684642585,2134,2119,0.3889409559512652,0.3889409559512652
2115,0.2642587394899079,2135,2120,0.38875878220140514,0.38875878220140514
2116,0.2642379829307625,2136,2121,0.38857677902621723,0.38857677902621723
2117,0.2642285049486855,2137,2122,0.3883949461862424,0.3883949461862424
2118,0.26421897435038183,2138,2123,0.3882132834424696,0.3882132834424696
2119,0.26421476960349033,2139,2124,0.3884992987377279,0.3884992987377279
2120,0.2641374036999909,2141,2125,0.3881363848668846,0.3881363848668846
2121,0.2641278705376349,2142,2126,0.38795518207282914,0.38795518207282914
2122,0.2640940068470452,2143,2127,0.3877741483901073,0.3877741483901073
2123,0.26396508988003997,2144,2128,0.3880597014925373,0.3880597014925373
2124,0.26383651250938195,2145,2129,0.3883449883449883,0.3883449883449883
2125,0.26353311942235685,2146,2130,0.38816402609506057,0.38816402609506057
2126,0.26350448701975787,2147,2131,0.3879832324173265,0.3879832324173265
2127,0.2634169641499913,2148,2132,0.3878026070763501,0.3878026070763501
2128,0.2633851248736617,2149,2133,0.3880874825500233,0.3880874825500233
2129,0.26336176600653916,2150,2134,0.38790697674418606,0.38790697674418606
2130,0.2633444984849872,2151,2135,0.3877266387726639,0.3877266387726639
2131,0.2633341210590264,2152,2136,0.387546468401487,0.387546468401487
2132,0.2633281223970216,2153,2137,0.3873664653971203,0.3873664653971203
2133,0.2632948696144938,2154,2138,0.3871866295264624,0.3871866295264624
2134,0.2631563529090385,2155,2139,0.3870069605568445,0.3870069605568445
2135,0.263121887479339,2157,2140,0.3866481223922114,0.3866481223922114
2136,0.2630460724189426,2158,2141,0.386468952734013,0.386468952734013
2137,0.26281720495902067,2159,2142,0.38628994905048636,0.38628994905048636
2138,0.26270517595938137,2160,2143,0.3861111111111111,0.3861111111111111
2139,0.26266286333251737,2161,2144,0.38593243868579363,0.38593243868579363
2140,0.26263443287669186,2162,2145,0.38575393154486587,0.38575393154486587
2141,0.2626166949248211,2163,2146,0.3855755894590846,0.3855755894590846
2142,0.2625453428954668,2164,2147,0.3853974121996303,0.3853974121996303
2143,0.2624433267702562,2165,2148,0.38521939953810624,0.38521939953810624
2144,0.2624040248224742,2166,2149,0.3850415512465374,0.3850415512465374
2145,0.2623731419287173,2167,2150,0.38486386709736964,0.38486386709736964
2146,0.2621999610174845,2168,2151,0.38468634686346864,0.38468634686346864
2147,0.2621351350978665,2169,2152,0.38450899031811897,0.38450899031811897
2148,0.26212879011584456,2170,2153,0.3847926267281106,0.3847926267281106
2149,0.2621184659815626,2171,2154,0.38461538461538464,0.38461538461538464
2150,0.26199142841087153,2172,2155,0.38443830570902393,0.38443830570902393
2151,0.26194811624617076,2173,2156,0.38426138978370916,0.38426138978370916
2152,0.2618989193177329,2174,2157,0.3840846366145354,0.3840846366145354
2153,0.2617518801487882,2175,2158,0.3839080459770115,0.3839080459770115
2154,0.2616459386295251,2176,2159,0.3837316176470588,0.3837316176470588
2155,0.26160882323832174,2177,2160,0.38355535140101055,0.38355535140101055
2156,0.2615534462229407,2178,2161,0.38337924701561066,0.38337924701561066
2157,0.2615354368614296,2179,2162,0.38320330426801286,0.38320330426801286
2158,0.2614820778275827,2180,2163,0.3830275229357798,0.3830275229357798
2159,0.2612020743107337,2181,2164,0.3833104080696928,0.3833104080696928
2160,0.2611465464580443,2182,2165,0.383134738771769,0.383134738771769
2161,0.2610106442798804,2183,2166,0.38341731562070547,0.38341731562070547
2162,0.2610060277643689,2184,2167,0.38324175824175827,0.38324175824175827
2163,0.26096335132825604,2185,2168,0.38306636155606405,0.38306636155606405
2164,0.26095765345369826,2186,2169,0.3828911253430924,0.3828911253430924
2165,0.26095621930726837,2187,2170,0.38271604938271603,0.38271604938271603
2166,0.26087360599676784,2188,2171,0.38254113345521024,0.38254113345521024
2167,0.26087198050111254,2189,2172,0.38282320694380995,0.38282320694380995
2168,0.26074395571441544,2190,2173,0.382648401826484,0.382648401826484
2169,0.26073673615060744,2191,2174,0.3824737562756732,0.3824737562756732
2170,0.2607132396172941,2192,2175,0.3822992700729927,0.3822992700729927
2171,0.2606091788624884,2193,2176,0.382124943000456,0.382124943000456
2172,0.2606012452671472,2194,2177,0.3824065633546035,0.3824065633546035
2173,0.26054986362032345,2195,2178,0.38223234624145785,0.38223234624145785
2174,0.26037392655196223,2196,2179,0.3820582877959927,0.3820582877959927
2175,0.260332548417462,2197,2180,0.38188438780154754,0.38188438780154754
2176,0.26026781972182833,2198,2181,0.3821656050955414,0.3821656050955414
2177,0.2602230116026262,2199,2182,0.3824465666211915,0.3824465666211915
2178,0.2602156984080045,2200,2183,0.38272727272727275,0.38272727272727275
2179,0.2601855521084093,2201,2184,0.3825533848250795,0.3825533848250795
2180,0.2601726670130088,2202,2185,0.3823796548592189,0.3823796548592189
2181,0.2601340904955764,2203,2186,0.3822060826146164,0.3822060826146164
2182,0.2599675934115471,2204,2187,0.382032667876588,0.382032667876588
2183,0.2599453630756677,2205,2188,0.38231292517006804,0.38231292517006804
2184,0.25971763960177124,2206,2189,0.38213961922030826,0.38213961922030826
2185,0.25967577798259284,2207,2190,0.38196647032170367,0.38196647032170367
2186,0.2595989484514622,2208,2191,0.38179347826086957,0.38179347826086957
2187,0.25898719941902215,2209,2192,0.3816206428248076,0.3816206428248076
2188,0.25893254351645034,2210,2193,0.38144796380090495,0.38144796380090495
2189,0.25892516751925376,2211,2194,0.3812754409769335,0.3812754409769335
2190,0.2588512626625703,2212,2195,0.38155515370705245,0.38155515370705245
2191,0.25880847983032396,2213,2196,0.3813827383642115,0.3813827383642115
2192,0.2587963973658205,2214,2197,0.38121047877145436,0.38121047877145436
2193,0.2587185379829349,2215,2198,0.38148984198645597,0.38148984198645597
2194,0.2587081888708961,2216,2199,0.38176895306859204,0.38176895306859204
2195,0.2584653171618323,2217,2200,0.38159675236806495,0.38159675236806495
2196,0.25839072903932747,2218,2201,0.3814247069431921,0.3814247069431921
2197,0.2583156969922478,2219,2202,0.38170347003154576,0.38170347003154576
2198,0.2580392099471649,2220,2203,0.3815315315315315,0.3815315315315315
2199,0.25803066812103576,2221,2204,0.38180999549752365,0.38180999549752365
2200,0.2580041734860349,2222,2205,0.38163816381638166,0.38163816381638166
2201,0.2578891719079916,2223,2206,0.3814664867296446,0.3814664867296446
2202,0.2578869946838569,2224,2207,0.381294964028777,0.381294964028777
2203,0.257855550543389,2225,2208,0.381123595505618,0.381123595505618
2204,0.25785264602146135,2226,2209,0.38095238095238093,0.38095238095238093
2205,0.25780693954273387,2227,2210,0.38123035473731476,0.38123035473731476
2206,0.25776654138282407,2228,2211,0.38105924596050267,0.38105924596050267
2207,0.25776079745746516,2229,2212,0.3813369223867205,0.3813369223867205
2208,0.2577430739453288,2230,2213,0.3811659192825112,0.3811659192825112
2209,0.25759749998133374,2231,2214,0.3809950694755715,0.3809950694755715
2210,0.257573401798832,2232,2215,0.38082437275985664,0.38082437275985664
2211,0.25756025207092553,2233,2216,0.38110165696372594,0.38110165696372594
2212,0.2574026753211517,2234,2217,0.3809310653536258,0.3809310653536258
2213,0.25733717025373654,2235,2218,0.3807606263982103,0.3807606263982103
2214,0.2572626803481798,2236,2219,0.3810375670840787,0.3810375670840787
2215,0.2572287221625904,2237,2220,0.380867232901207,0.380867232901207
2216,0.2572066323984976,2238,2221,0.3811438784629133,0.3811438784629133
2217,0.25705075166594243,2239,2222,0.3814202769093345,0.3814202769093345
2218,0.2568787828906353,2240,2223,0.38169642857142855,0.38169642857142855
2219,0.2568566319300146,2241,2224,0.3815261044176707,0.3815261044176707
2220,0.2568285158059821,2242,2225,0.3813559322033898,0.3813559322033898
2221,0.25664647462018647,2243,2226,0.3811859117253678,0.3811859117253678
2222,0.2566304945438834,2244,2227,0.3810160427807487,0.3810160427807487
2223,0.2563369292665754,2245,2228,0.38129175946547883,0.38129175946547883
2224,0.25626972304311024,2246,2229,0.3811219946571683,0.3811219946571683
2225,0.2559653026382274,2247,2230,0.38095238095238093,0.38095238095238093
2226,0.25580298395043094,2248,2231,0.3807829181494662,0.3807829181494662
2227,0.2557812510884966,2249,2232,0.38061360604713207,0.38061360604713207
2228,0.25573764036240837,2250,2233,0.3808888888888889,0.3808888888888889
2229,0.25568426010024864,2251,2234,0.3811639271434918,0.3811639271434918
2230,0.25559804969819694,2252,2235,0.38099467140319715,0.38099467140319715
2231,0.2555852845245346,2253,2236,0.3812694185530404,0.3812694185530404
2232,0.2555579890847816,2254,2237,0.3815439219165927,0.3815439219165927
2233,0.2554111539378477,2255,2238,0.38181818181818183,0.38181818181818183
2234,0.2554065776988265,2256,2239,0.3820921985815603,0.3820921985815603
2235,0.2553923354982287,2257,2240,0.3819229065130704,0.3819229065130704
2236,0.2553041890988877,2259,2241,0.38202744577246567,0.38202744577246567
2237,0.25530370865575824,2260,2242,0.381858407079646,0.381858407079646
2238,0.25523119250810716,2261,2243,0.3816895179124281,0.3816895179124281
2239,0.25513881497238716,2262,2244,0.38152077807250223,0.38152077807250223
2240,0.2551050014239175,2263,2245,0.38135218736190896,0.38135218736190896
2241,0.2550808818219168,2264,2246,0.38118374558303886,0.38118374558303886
2242,0.25507775027377033,2265,2247,0.38101545253863134,0.38101545253863134
2243,0.2550234503486583,2266,2248,0.3808473080317741,0.3808473080317741
2244,0.2549970269061433,2267,2249,0.3811204234671372,0.3811204234671372
2245,0.2548993315972452,2268,2250,0.38095238095238093,0.38095238095238093
2246,0.254861193895404,2269,2251,0.38078448655795505,0.38078448655795505
2247,0.25482084358612306,2270,2252,0.38061674008810575,0.38061674008810575
2248,0.25465714021919533,2271,2253,0.3808894760017613,0.3808894760017613
2249,0.25464472356192386,2272,2254,0.3807218309859155,0.3807218309859155
2250,0.2545740317854426,2273,2255,0.38099428068631763,0.38099428068631763
2251,0.2543548936887758,2274,2256,0.3812664907651715,0.3812664907651715
2252,0.25430081510524816,2275,2257,0.3810989010989011,0.3810989010989011
2253,0.25419500059893707,2276,2258,0.38093145869947276,0.38093145869947276
2254,0.2540830124732925,2277,2259,0.380764163372859,0.380764163372859
2255,0.2540120729512677,2278,2260,0.3805970149253731,0.3805970149253731
2256,0.2539524371982879,2279,2261,0.38043001316366826,0.38043001316366826
2257,0.2539503758186744,2280,2262,0.38026315789473686,0.38026315789473686
2258,0.253855712535433,2281,2263,0.3800964489259097,0.3800964489259097
2259,0.25385176954770927,2282,2264,0.3799298860648554,0.3799298860648554
2260,0.2538079377860712,2283,2265,0.3797634691195795,0.3797634691195795
2261,0.2536907652479916,2284,2266,0.37959719789842383,0.37959719789842383
2262,0.25358976884349904,2285,2267,0.37943107221006567,0.37943107221006567
2263,0.25352589612959026,2287,2268,0.37909925666812416,0.37909925666812416
2264,0.25349659529533886,2288,2269,0.37893356643356646,0.37893356643356646
2265,0.2534664412868689,2289,2270,0.37876802096985585,0.37876802096985585
2266,0.25345437244490227,2290,2271,0.37860262008733625,0.37860262008733625
2267,0.2533767655337116,2291,2272,0.3784373635966827,0.3784373635966827
2268,0.2533758971847997,2292,2273,0.3787085514834206,0.3787085514834206
2269,0.253186678105015,2293,2274,0.37854339293501965,0.37854339293501965
2270,0.2531841623028411,2294,2275,0.3783783783783784,0.3783783783783784
2271,0.2529452917335246,2295,2276,0.37821350762527234,0.37821350762527234
2272,0.2528742557969665,2296,2277,0.3780487804878049,0.3780487804878049
2273,0.2527235084525019,2297,2278,0.3778841967784066,0.3778841967784066
2274,0.2527150887972551,2298,2279,0.3777197563098346,0.3777197563098346
2275,0.2524166266891136,2299,2280,0.37755545889517184,0.37755545889517184
2276,0.25226978413578605,2300,2281,0.37782608695652176,0.37782608695652176
2277,0.2522522388272377,2301,2282,0.3776618861364624,0.3776618861364624
2278,0.2522467516130856,2302,2283,0.37749782797567333,0.37749782797567333
2279,0.25223904951786474,2303,2284,0.3773339122883196,0.3773339122883196
2280,0.2522367099036649,2304,2285,0.3771701388888889,0.3771701388888889
2281,0.2521078367753272,2305,2286,0.3770065075921909,0.3770065075921909
2282,0.25206648029605305,2306,2287,0.37727666955767564,0.37727666955767564
2283,0.25202804821661984,2307,2288,0.37711313394018203,0.37711313394018203
2284,0.25201820141697406,2308,2289,0.37694974003466203,0.37694974003466203
2285,0.25194265019774686,2309,2290,0.3772195755738415,0.3772195755738415
2286,0.25192544765106717,2310,2291,0.37705627705627703,0.37705627705627703
2287,0.25166276024701906,2311,2292,0.3773258329727391,0.3773258329727391
2288,0.25158808889826856,2312,2293,0.3771626297577855,0.3771626297577855
2289,0.25155335857714173,2313,2294,0.37699956766104625,0.37699956766104625
2290,0.25154210719166425,2314,2295,0.37683664649956783,0.37683664649956783
2291,0.2514102077291948,2315,2296,0.3771058315334773,0.3771058315334773
2292,0.25137449924074046,2316,2297,0.37694300518134716,0.37694300518134716
2293,0.2513702673589903,2317,2298,0.3767803193785067,0.3767803193785067
2294,0.25128600159996795,2318,2299,0.3770491803278688,0.3770491803278688
2295,0.2510428892900552,2319,2300,0.376886589047003,0.376886589047003
2296,0.2509677325254263,2320,2301,0.3767241379310345,0.3767241379310345
2297,0.25095861586014306,2321,2302,0.37656182679879363,0.37656182679879363
2298,0.2508451871856804,2322,2303,0.3763996554694229,0.3763996554694229
2299,0.25078674461495143,2323,2304,0.37623762376237624,0.37623762376237624
2300,0.25073149281046814,2324,2305,0.37650602409638556,0.37650602409638556
2301,0.2506742700553413,2325,2306,0.3767741935483871,0.3767741935483871
2302,0.2506523239794808,2326,2307,0.3770421324161651,0.3770421324161651
2303,0.2505819840368058,2327,2308,0.37688010313708636,0.37688010313708636
2304,0.2505209603108154,2328,2309,0.37714776632302405,0.37714776632302405
2305,0.2505088190220093,2329,2310,0.3769858308286818,0.3769858308286818
2306,0.2504602970746134,2330,2311,0.37725321888412017,0.37725321888412017
2307,0.25029630566974925,2331,2312,0.3770913770913771,0.3770913770913771
2308,0.25016765325553997,2332,2313,0.37735849056603776,0.37735849056603776
2309,0.25002850910463814,2333,2314,0.37762537505357907,0.37762537505357907
2310,0.24993636750778636,2334,2315,0.37789203084832906,0.37789203084832906
2311,0.24973277073702466,2335,2316,0.3777301927194861,0.3777301927194861
2312,0.24953148196648234,2336,2317,0.3775684931506849,0.3775684931506849
2313,0.24948399569592591,2337,2318,0.3774069319640565,0.3774069319640565
2314,0.2494423537983502,2338,2319,0.3772455089820359,0.3772455089820359
2315,0.2494185223211581,2339,2320,0.37708422402736214,0.37708422402736214
2316,0.24940173472006746,2340,2321,0.3769230769230769,0.3769230769230769
2317,0.24938053361631687,2341,2322,0.3771892353695002,0.3771892353695002
2318,0.2492334104068283,2342,2323,0.3770281810418446,0.3770281810418446
2319,0.2491560299409152,2343,2324,0.37686726419120786,0.37686726419120786
2320,0.2490562806000338,2344,2325,0.37670648464163825,0.37670648464163825
2321,0.2490537910820244,2345,2326,0.376545842217484,0.376545842217484
2322,0.2489248579143561,2346,2327,0.37638533674339303,0.37638533674339303
2323,0.24891113448410557,2347,2328,0.3762249680443119,0.3762249680443119
2324,0.2488157357322889,2348,2329,0.3760647359454855,0.3760647359454855
2325,0.24861503379433178,2349,2330,0.37590464027245635,0.37590464027245635
2326,0.24861213794128068,2350,2331,0.37574468085106383,0.37574468085106383
2327,0.24856963050507164,2351,2332,0.3760102084219481,0.3760102084219481
2328,0.24848178729332673,2352,2333,0.3758503401360544,0.3758503401360544
2329,0.24846575779815566,2353,2334,0.3756906077348066,0.3756906077348066
2330,0.24845445861902837,2354,2335,0.37553101104502973,0.37553101104502973
2331,0.24842142390438235,2355,2336,0.3753715498938429,0.3753715498938429
2332,0.24839089592489785,2356,2337,0.37521222410865873,0.37521222410865873
2333,0.24819524930812084,2357,2338,0.37505303351718283,0.37505303351718283
2334,0.24816277605642542,2358,2339,0.3748939779474131,0.3748939779474131
2335,0.24815042818312188,2359,2340,0.37473505722763883,0.37473505722763883
2336,0.24810626595926924,2360,2341,0.37457627118644066,0.37457627118644066
2337,0.2480563267870594,2361,2342,0.37441761965268955,0.37441761965268955
2338,0.24799427074964056,2362,2343,0.37425910245554617,0.37425910245554617
2339,0.2479830595785856,2363,2344,0.37410071942446044,0.37410071942446044
2340,0.2479647299620246,2364,2345,0.3739424703891709,0.3739424703891709
2341,0.2479159558969447,2365,2346,0.37378435517970404,0.37378435517970404
2342,0.2478425847107766,2366,2347,0.37404902789518174,0.37404902789518174
2343,0.2478101688008287,2367,2348,0.37389100126742714,0.37389100126742714
2344,0.24776185326608594,2368,2349,0.3737331081081081,0.3737331081081081
2345,0.24772357663856948,2369,2350,0.373575348248206,0.373575348248206
2346,0.2476824071526894,2370,2351,0.37383966244725736,0.37383966244725736
2347,0.24757135070338115,2371,2352,0.37368199072121466,0.37368199072121466
2348,0.24751633897867698,2372,2353,0.37352445193929174,0.37352445193929174
2349,0.24735233798263984,2373,2354,0.37378845343447115,0.37378845343447115
2350,0.24719341801381114,2374,2355,0.37405223251895536,0.37405223251895536
2351,0.24715668379435674,2375,2356,0.3738947368421053,0.3738947368421053
2352,0.24709361234233598,2376,2357,0.37373737373737376,0.37373737373737376
2353,0.24698626289578343,2377,2358,0.37358014303744214,0.37358014303744214
2354,0.24690308669522398,2378,2359,0.37342304457527337,0.37342304457527337
2355,0.24683118496556078,2379,2360,0.37326607818411095,0.37326607818411095
2356,0.2467519456306463,2380,2361,0.373109243697479,0.373109243697479
2357,0.24674344397408102,2381,2362,0.372952540949181,0.372952540949181
2358,0.24673538850968482,2382,2363,0.37279596977329976,0.37279596977329976
2359,0.24652552468601738,2383,2364,0.3730591691145615,0.3730591691145615
2360,0.24650482109780217,2384,2365,0.3733221476510067,0.3733221476510067
2361,0.24646291721673777,2385,2366,0.37358490566037733,0.37358490566037733
2362,0.24644095969095406,2386,2367,0.3738474434199497,0.3738474434199497
2363,0.24627895745262393,2387,2368,0.37369082530372855,0.37369082530372855
2364,0.24625384374182768,2388,2369,0.37353433835845895,0.37353433835845895
2365,0.24625354509442432,2389,2370,0.3733779824194223,0.3733779824194223
2366,0.24618251164917257,2390,2371,0.3732217573221757,0.3732217573221757
2367,0.246163290214969,2392,2372,0.3729096989966555,0.3729096989966555
2368,0.24614559754230061,2393,2373,0.3727538654408692,0.3727538654408692
2369,0.24611716616586826,2394,2374,0.37259816207184626,0.37259816207184626
2370,0.24598808556880528,2395,2375,0.3724425887265136,0.3724425887265136
2371,0.2459377565919584,2396,2376,0.3722871452420701,0.3722871452420701
2372,0.24591098717115692,2397,2377,0.37213183145598666,0.37213183145598666
2373,0.24575288478805632,2398,2378,0.371976647206005,0.371976647206005
2374,0.24561982998709686,2399,2379,0.37182159233013756,0.37182159233013756
2375,0.2455156612732163,2400,2380,0.37166666666666665,0.37166666666666665
2376,0.24548810965970772,2401,2381,0.3715118700541441,0.3715118700541441
2377,0.24547535730278702,2402,2382,0.3713572023313905,0.3713572023313905
2378,0.2453893712396381,2403,2383,0.3712026633374948,0.3712026633374948
2379,0.24523096219748738,2404,2384,0.3714642262895175,0.3714642262895175
2380,0.24521812638562715,2405,2385,0.37130977130977133,0.37130977130977133
2381,0.24518545012881351,2406,2386,0.3711554447215295,0.3711554447215295
2382,0.2450863405143641,2407,2387,0.37141670128791027,0.37141670128791027
2383,0.24497194354753357,2408,2388,0.3712624584717608,0.3712624584717608
2384,0.24496250313002607,2409,2389,0.3711083437110834,0.3711083437110834
2385,0.2449156287994409,2410,2390,0.37136929460580914,0.37136929460580914
2386,0.24490510388050427,2411,2391,0.37121526337619243,0.37121526337619243
2387,0.24489880309121734,2412,2392,0.37106135986733,0.37106135986733
2388,0.24482183319387074,2413,2393,0.370907583920431,0.370907583920431
2389,0.24472692594386122,2414,2394,0.3711681855840928,0.3711681855840928
2390,0.24468358102806625,2415,2395,0.3710144927536232,0.3710144927536232
2391,0.24453048514736325,2416,2396,0.3712748344370861,0.3712748344370861
2392,0.24447213123447475,2417,2397,0.3715349606950765,0.3715349606950765
2393,0.24443735276012757,2418,2398,0.37138130686517784,0.37138130686517784
2394,0.24441434665162384,2419,2399,0.37122778007441093,0.37122778007441093
2395,0.244169646229288,2420,2400,0.3714876033057851,0.3714876033057851
2396,0.24406247469331802,2421,2401,0.37133415943824866,0.37133415943824866
2397,0.24403409194967063,2422,2402,0.37159372419488024,0.37159372419488024
2398,0.24400578743546433,2423,2403,0.3714403631861329,0.3714403631861329
2399,0.24395921486352193,2424,2404,0.3712871287128713,0.3712871287128713
2400,0.24369965278605044,2425,2405,0.3711340206185567,0.3711340206185567
2401,0.24369579733798236,2426,2406,0.3713932399010717,0.3713932399010717
2402,0.24357870398199322,2427,2407,0.37124021425628345,0.37124021425628345
2403,0.24354849844854862,2428,2408,0.37108731466227346,0.37108731466227346
2404,0.24344449850074518,2429,2409,0.3709345409633594,0.3709345409633594
2405,0.24340702490005445,2430,2410,0.37078189300411524,0.37078189300411524
2406,0.2433214628741832,2431,2411,0.37104072398190047,0.37104072398190047
2407,0.24331828072141723,2432,2412,0.37088815789473684,0.37088815789473684
2408,0.2432865054179931,2433,2413,0.3711467324290999,0.3711467324290999
2409,0.24326870938669176,2434,2414,0.3709942481511915,0.3709942481511915
2410,0.2431046624339834,2435,2415,0.37084188911704313,0.37084188911704313
2411,0.24301107628437818,2436,2416,0.3706896551724138,0.3706896551724138
2412,0.2429042534640783,2437,2417,0.37094788674599916,0.37094788674599916
2413,0.24290222077454524,2438,2418,0.37079573420836753,0.37079573420836753
2414,0.24282509432117644,2439,2419,0.37064370643706435,0.37064370643706435
2415,0.24278401525650367,2440,2420,0.3704918032786885,0.3704918032786885
2416,0.2427399888235668,2441,2421,0.37034002458009013,0.37034002458009013
2417,0.24266318071663873,2442,2422,0.3701883701883702,0.3701883701883702
2418,0.24263573297329488,2443,2423,0.37003683995088005,0.37003683995088005
2419,0.24261943194509603,2444,2424,0.3698854337152209,0.3698854337152209
2420,0.24261493903819567,2445,2425,0.36973415132924337,0.36973415132924337
2421,0.24241008928792626,2446,2426,0.3695829926410466,0.3695829926410466
2422,0.24235620079523476,2447,2427,0.36943195749897834,0.36943195749897834
2423,0.24228788020576744,2448,2428,0.369281045751634,0.369281045751634
2424,0.2422802142357563,2449,2429,0.3695385871784402,0.3695385871784402
2425,0.24199833966516815,2450,2430,0.3693877551020408,0.3693877551020408
2426,0.24196252605572088,2451,2431,0.36964504283965727,0.36964504283965727
2427,0.24190887592675,2452,2432,0.3694942903752039,0.3694942903752039
2428,0.24189372494855346,2453,2433,0.36934366082348147,0.36934366082348147
2429,0.24188727324814147,2454,2434,0.3691931540342298,0.3691931540342298
2430,0.24170531079201135,2455,2435,0.36945010183299387,0.36945010183299387
2431,0.2415686297233013,2456,2436,0.3697068403908795,0.3697068403908795
2432,0.2415375912924353,2457,2437,0.36955636955636956,0.36955636955636956
2433,0.24152354413201005,2458,2438,0.3694060211554109,0.3694060211554109
2434,0.24141045174005657,2459,2439,0.36966246441642947,0.36966246441642947
2435,0.24137420089327608,2460,2440,0.3695121951219512,0.3695121951219512
2436,0.24136828318520975,2461,2441,0.3693620479479886,0.3693620479479886
2437,0.2412910880481455,2462,2442,0.36921202274573517,0.36921202274573517
2438,0.24117946400942597,2463,2443,0.3694681282988226,0.3694681282988226
2439,0.24095757459921457,2464,2444,0.3693181818181818,0.3693181818181818
2440,0.24093813517679324,2465,2445,0.36957403651115617,0.36957403651115617
2441,0.2408947397496168,2466,2446,0.36942416869424166,0.36942416869424166
2442,0.2408682113124403,2467,2447,0.3692744223753547,0.3692744223753547
2443,0.24076217007627712,2468,2448,0.36912479740680715,0.36912479740680715
2444,0.24065209862175665,2469,2449,0.3689752936411503,0.3689752936411503
2445,0.2406298235233338,2470,2450,0.36882591093117406,0.36882591093117406
2446,0.2406246910971891,2471,2451,0.36867664912990694,0.36867664912990694
2447,0.24061471177206567,2473,2452,0.3683784876668015,0.3683784876668015
2448,0.24060629911384718,2474,2453,0.36822958771220693,0.36822958771220693
2449,0.24057007332485789,2475,2454,0.36808080808080806,0.36808080808080806
2450,0.24054287896702906,2476,2455,0.36793214862681745,0.36793214862681745
2451,0.24050115835121713,2477,2456,0.36778360920468306,0.36778360920468306
2452,0.2404032331186699,2478,2457,0.367635189669088,0.367635189669088
2453,0.24039568282439114,2479,2458,0.3674868898749496,0.3674868898749496
2454,0.2402336049565696,2480,2459,0.36733870967741933,0.36733870967741933
2455,0.24014569059143434,2481,2460,0.3675937122128174,0.3675937122128174
2456,0.24002908006364512,2482,2461,0.36744560838033846,0.36744560838033846
2457,0.2399683132018013,2483,2462,0.36729762384212644,0.36729762384212644
2458,0.2399306990710493,2484,2463,0.3675523349436393,0.3675523349436393
2459,0.23976942957885966,2485,2464,0.3674044265593561,0.3674044265593561
2460,0.23965347715940466,2486,2465,0.3672566371681416,0.3672566371681416
2461,0.2395945457259375,2487,2466,0.3671089666264576,0.3671089666264576
2462,0.2395516511015624,2488,2467,0.3669614147909968,0.3669614147909968
2463,0.23942610977494977,2489,2468,0.3668139815186822,0.3668139815186822
2464,0.239414790541652,2490,2469,0.3670682730923695,0.3670682730923695
2465,0.23938265516357993,2491,2470,0.3669209152950622,0.3669209152950622
2466,0.23937588696723333,2492,2471,0.3667736757624398,0.3667736757624398
2467,0.23936803901438888,2494,2472,0.3664795509222133,0.3664795509222133
2468,0.2390979224800598,2495,2473,0.3667334669338677,0.3667334669338677
2469,0.23898696872956715,2496,2474,0.36658653846153844,0.36658653846153844
2470,0.23897329795924319,2497,2475,0.36643972767320787,0.36643972767320787
2471,0.23885353973024587,2498,2476,0.366293034427542,0.366293034427542
2472,0.2387892575037551,2499,2477,0.36614645858343337,0.36614645858343337
2473,0.2387278181461105,2500,2478,0.3664,0.3664
2474,0.2387057638570853,2501,2479,0.3666533386645342,0.3666533386645342
2475,0.2386731235978844,2502,2480,0.36650679456434854,0.36650679456434854
2476,0.2385782299354494,2503,2481,0.3663603675589293,0.3663603675589293
2477,0.23837091040079314,2504,2482,0.36621405750798725,0.36621405750798725
2478,0.23834892978114466,2505,2483,0.3664670658682635,0.3664670658682635
2479,0.23834268243516787,2506,2484,0.3663208300079808,0.3663208300079808
2480,0.23831147518822057,2507,2485,0.36657359393697647,0.36657359393697647
2481,0.23822120196567656,2508,2486,0.3668261562998405,0.3668261562998405
2482,0.23787749441699174,2509,2487,0.36667995217218013,0.36667995217218013
2483,0.23787430320429956,2510,2488,0.3665338645418327,0.3665338645418327
2484,0.23781525247629567,2511,2489,0.3663878932696137,0.3663878932696137
2485,0.23773192867262197,2512,2490,0.3662420382165605,0.3662420382165605
2486,0.23770910174277496,2513,2491,0.36609629924393156,0.36609629924393156
2487,0.2374477121599824,2514,2492,0.36634844868735084,0.36634844868735084
2488,0.23743864536142273,2515,2493,0.3662027833001988,0.3662027833001988
2489,0.23734692944979102,2516,2494,0.36605723370429255,0.36605723370429255
2490,0.2373186465771354,2517,2495,0.36591179976162097,0.36591179976162097
2491,0.23722055915954118,2518,2496,0.3657664813343924,0.3657664813343924
2492,0.237195887406875,2519,2497,0.36562127828503377,0.36562127828503377
2493,0.23711665516991567,2520,2498,0.36547619047619045,0.36547619047619045
2494,0.23699930350612045,2521,2499,0.3653312177707259,0.3653312177707259
2495,0.23695959602405497,2522,2500,0.3655828707375099,0.3655828707375099
2496,0.2369397350480558,2523,2501,0.3654379706698375,0.3654379706698375
2497,0.23684937929486588,2524,2502,0.365689381933439,0.365689381933439
2498,0.236801992216618,2525,2503,0.36594059405940593,0.36594059405940593
2499,0.2367955679046636,2526,2504,0.3657957244655582,0.3657957244655582
2500,0.23668140710724014,2527,2505,0.3660466956865849,0.3660466956865849
2501,0.23667740235748838,2528,2506,0.3659018987341772,0.3659018987341772
2502,0.23666245869532104,2529,2507,0.36575721629102415,0.36575721629102415
2503,0.23663986565103937,2530,2508,0.36561264822134387,0.36561264822134387
2504,0.23663450664530183,2531,2509,0.36546819438956935,0.36546819438956935
2505,0.23659637064662128,2532,2510,0.3657187993680885,0.3657187993680885
2506,0.23655782875827416,2533,2511,0.3655744176865377,0.3655744176865377
2507,0.23653508363932602,2534,2512,0.3654301499605367,0.3654301499605367
2508,0.23646784077562058,2535,2513,0.3652859960552268,0.3652859960552268
2509,0.23645658509522943,2536,2514,0.36514195583596215,0.36514195583596215
2510,0.23640101168148012,2537,2515,0.36499802916830903,0.36499802916830903
2511,0.2363726193660925,2538,2516,0.36485421591804573,0.36485421591804573
2512,0.23621969515705663,2539,2517,0.3647105159511619,0.3647105159511619
2513,0.23594986292061157,2540,2518,0.36456692913385824,0.36456692913385824
2514,0.2358744310737823,2541,2519,0.3644234553325462,0.3644234553325462
2515,0.23561896227743723,2542,2520,0.36428009441384734,0.36428009441384734
2516,0.23553451507514458,2543,2521,0.364136846244593,0.364136846244593
2517,0.23551409097607373,2544,2522,0.3639937106918239,0.3639937106918239
2518,0.23550475510694366,2545,2523,0.36385068762278977,0.36385068762278977
2519,0.23543083750938207,2546,2524,0.36370777690494893,0.36370777690494893
2520,0.23540307264626173,2547,2525,0.3635649784059678,0.3635649784059678
2521,0.2353803918978253,2548,2526,0.36381475667189955,0.36381475667189955
2522,0.23526827466834277,2549,2527,0.3636720282463711,0.3636720282463711
2523,0.23513215980762936,2550,2528,0.3635294117647059,0.3635294117647059
2524,0.2350881173102286,2551,2529,0.36377891023128184,0.36377891023128184
2525,0.2350862519735637,2552,2530,0.36363636363636365,0.36363636363636365
2526,0.2349992732409116,2553,2531,0.36388562475519,0.36388562475519
2527,0.23499832034064647,2554,2532,0.36374314800313234,0.36374314800313234
2528,0.2349750125067937,2555,2533,0.363600782778865,0.363600782778865
2529,0.23497446166165525,2556,2534,0.36384976525821594,0.36384976525821594
2530,0.23486143805085768,2557,2535,0.3640985529917872,0.3640985529917872
2531,0.23476001862172022,2558,2536,0.3639562157935887,0.3639562157935887
2532,0.234738192068227,2559,2537,0.36420476748729974,0.36420476748729974
2533,0.23470816308543457,2560,2538,0.3640625,0.3640625
2534,0.23466813098546055,2561,2539,0.3639203436157751,0.3639203436157751
2535,0.23454881575527256,2562,2540,0.36377829820452773,0.36377829820452773
2536,0.23452035257667994,2563,2541,0.36363636363636365,0.36363636363636365
2537,0.23446445413983633,2564,2542,0.36349453978159124,0.36349453978159124
2538,0.23442351162484468,2565,2543,0.36335282651072126,0.36335282651072126
2539,0.23440504163798775,2566,2544,0.36321122369446607,0.36321122369446607
2540,0.23432269656859495,2567,2545,0.36306973120373975,0.36306973120373975
2541,0.23416072615465794,2568,2546,0.3629283489096573,0.3629283489096573
2542,0.23403088811320658,2569,2547,0.36317633320358117,0.36317633320358117
2543,0.2340292555165102,2570,2548,0.3630350194552529,0.3630350194552529
2544,0.23394314891981902,2571,2549,0.3632827693504473,0.3632827693504473
2545,0.23375366418558474,2572,2550,0.3631415241057543,0.3631415241057543
2546,0.2335672089224498,2573,2551,0.36300038865137974,0.36300038865137974
2547,0.23352077849171382,2574,2552,0.3628593628593629,0.3628593628593629
2548,0.2333926957123602,2575,2553,0.36271844660194175,0.36271844660194175
2549,0.2333760982433907,2576,2554,0.3629658385093168,0.3629658385093168
2550,0.23336916949382627,2577,2555,0.36282499029879706,0.36282499029879706
2551,0.23318443457104707,2578,2556,0.3626842513576416,0.3626842513576416
2552,0.23305970127016334,2579,2557,0.3625436215587437,0.3625436215587437
2553,0.2330015182441723,2580,2558,0.3624031007751938,0.3624031007751938
2554,0.23294811978502353,2581,2559,0.36226268888027896,0.36226268888027896
2555,0.23294322511478396,2582,2560,0.36212238574748257,0.36212238574748257
2556,0.23285505096410836,2583,2561,0.3623693379790941,0.3623693379790941
2557,0.2328458783037864,2584,2562,0.3622291021671827,0.3622291021671827
2558,0.2328002277437962,2585,2563,0.3620889748549323,0.3620889748549323
2559,0.23277781278346307,2586,2564,0.3619489559164733,0.3619489559164733
2560,0.23270820799588876,2587,2565,0.36180904522613067,0.36180904522613067
2561,0.23258943400949614,2588,2566,0.3616692426584235,0.3616692426584235
2562,0.23243115503837775,2589,2567,0.36152954808806487,0.36152954808806487
2563,0.23239049644070964,2590,2568,0.3613899613899614,0.3613899613899614
2564,0.23230306670426557,2591,2569,0.36125048243921265,0.36125048243921265
2565,0.23223566108715613,2592,2570,0.3611111111111111,0.3611111111111111
2566,0.23214945974830944,2593,2571,0.3613575009641342,0.3613575009641342
2567,0.23214743912802724,2594,2572,0.36121819583654585,0.36121819583654585
2568,0.23204389895213381,2595,2573,0.36107899807321775,0.36107899807321775
2569,0.23201349885270658,2596,2574,0.36093990755007704,0.36093990755007704
2570,0.23199860486917076,2597,2575,0.3611859838274933,0.3611859838274933
2571,0.23190355513626107,2598,2576,0.36143187066974597,0.36143187066974597
2572,0.23188417565645486,2599,2577,0.36167756829549824,0.36167756829549824
2573,0.23183575407943935,2600,2578,0.36153846153846153,0.36153846153846153
2574,0.23179022500792013,2601,2579,0.3617839292579777,0.3617839292579777
2575,0.23177613383840145,2603,2580,0.36150595466769114,0.36150595466769114
2576,0.2317061935098803,2604,2581,0.36136712749615973,0.36136712749615973
2577,0.23158915555676704,2605,2582,0.36122840690978886,0.36122840690978886
2578,0.23157569938594005,2606,2583,0.3610897927858787,0.3610897927858787
2579,0.23153624012388552,2607,2584,0.3609512850019179,0.3609512850019179
2580,0.2314993405257462,2608,2585,0.3608128834355828,0.3608128834355828
2581,0.23143827578487827,2609,2586,0.36105787658106553,0.36105787658106553
2582,0.23129580689804813,2610,2587,0.36091954022988504,0.36091954022988504
2583,0.23126616038185563,2611,2588,0.360781309842972,0.360781309842972
2584,0.2312083760898977,2612,2589,0.36064318529862177,0.36064318529862177
2585,0.2311184081059788,2613,2590,0.3605051664753157,0.3605051664753157
2586,0.23100600153121917,2614,2591,0.3603672532517215,0.3603672532517215
2587,0.2308740661875827,2615,2592,0.36022944550669217,0.36022944550669217
2588,0.23080692739512212,2616,2593,0.36009174311926606,0.36009174311926606
2589,0.23080392244283382,2617,2594,0.35995414596866643,0.35995414596866643
2590,0.23075779032771068,2618,2595,0.359816653934301,0.359816653934301
2591,0.23075127560487316,2619,2596,0.35967926689576174,0.35967926689576174
2592,0.23073037164720692,2620,2597,0.35954198473282445,0.35954198473282445
2593,0.23069038271209188,2621,2598,0.35940480732544833,0.35940480732544833
2594,0.2306900521492933,2623,2599,0.3591307662981319,0.3591307662981319
2595,0.23047406742532808,2624,2600,0.359375,0.359375
2596,0.23034747506231115,2625,2601,0.35923809523809525,0.35923809523809525
2597,0.23034072725259427,2626,2602,0.3591012947448591,0.3591012947448591
2598,0.23029819068365098,2627,2603,0.3593452607537115,0.3593452607537115
2599,0.23028397441946055,2628,2604,0.3592085235920852,0.3592085235920852
2600,0.2302583916073232,2629,2605,0.3590718904526436,0.3590718904526436
2601,0.23021496563882013,2630,2606,0.35893536121673003,0.35893536121673003
2602,0.23012891939060917,2631,2607,0.35879893576586847,0.35879893576586847
2603,0.23012067679214476,2632,2608,0.3586626139817629,0.3586626139817629
2604,0.2300940110065397,2633,2609,0.358526395746297,0.358526395746297
2605,0.23006755327048092,2634,2610,0.3583902809415338,0.3583902809415338
2606,0.22995765825614803,2635,2611,0.3582542694497154,0.3582542694497154
2607,0.22988937916518593,2636,2612,0.3581183611532625,0.3581183611532625
2608,0.229713139983575,2637,2613,0.35798255593477435,0.35798255593477435
2609,0.2297075724894837,2638,2614,0.35784685367702807,0.35784685367702807
2610,0.22964435930588836,2639,2615,0.3577112542629784,0.3577112542629784
2611,0.22957553063275113,2640,2616,0.3575757575757576,0.3575757575757576
2612,0.2295571726226101,2641,2617,0.3578190079515335,0.3578190079515335
2613,0.22953061893383184,2642,2618,0.35768357305071913,0.35768357305071913
2614,0.22951850441746485,2643,2619,0.35754824063564133,0.35754824063564133
2615,0.2295083651162917,2644,2620,0.3574130105900151,0.3574130105900151
2616,0.2294786191469167,2645,2621,0.3572778827977316,0.3572778827977316
2617,0.22945201395268094,2646,2622,0.35714285714285715,0.35714285714285715
2618,0.22940204764286298,2647,2623,0.35700793350963356,0.35700793350963356
2619,0.22936522366875028,2649,2624,0.3567383918459796,0.3567383918459796
2620,0.22935121760804658,2650,2625,0.3569811320754717,0.3569811320754717
2621,0.22928349828597233,2651,2626,0.35684647302904565,0.35684647302904565
2622,0.2292418489992772,2652,2627,0.35671191553544496,0.35671191553544496
2623,0.22923762239611026,2653,2628,0.3569543912551828,0.3569543912551828
2624,0.22915002973110835,2654,2629,0.3571966842501884,0.3571966842501884
2625,0.22909027186500078,2655,2630,0.35706214689265536,0.35706214689265536
2626,0.22902040482293742,2656,2631,0.3569277108433735,0.3569277108433735
2627,0.22900149886737678,2657,2632,0.35716974030861875,0.35716974030861875
2628,0.22880264313830453,2658,2633,0.35741158765989467,0.35741158765989467
2629,0.22876757217221355,2659,2634,0.3572771718691237,0.3572771718691237
2630,0.2286019608130534,2660,2635,0.35714285714285715,0.35714285714285715
2631,0.22858894815513398,2661,2636,0.3570086433671552,0.3570086433671552
2632,0.22854137274938355,2662,2637,0.35687453042824946,0.35687453042824946
2633,0.22838978990915412,2663,2638,0.35674051821254227,0.35674051821254227
2634,0.22819141555835723,2664,2639,0.3566066066066066,0.3566066066066066
2635,0.22818869146904996,2665,2640,0.35647279549718575,0.35647279549718575
2636,0.22786894901632873,2666,2641,0.3563390847711928,0.3563390847711928
2637,0.22786606840515533,2667,2642,0.35620547431571054,0.35620547431571054
2638,0.2277779392943547,2668,2643,0.356071964017991,0.356071964017991
2639,0.22769118524207638,2669,2644,0.35593855376545525,0.35593855376545525
2640,0.2276869050239152,2670,2645,0.35580524344569286,0.35580524344569286
2641,0.22766449432140054,2671,2646,0.355672032946462,0.355672032946462
2642,0.2276468407889348,2672,2647,0.3555389221556886,0.3555389221556886
2643,0.2274706857800676,2673,2648,0.3554059109614665,0.3554059109614665
2644,0.22743828051772236,2674,2649,0.35527299925205685,0.35527299925205685
2645,0.22737263824442086,2675,2650,0.35514018691588783,0.35514018691588783
2646,0.22730552012998453,2676,2651,0.35538116591928254,0.35538116591928254
2647,0.22730073865697234,2677,2652,0.3556219648860665,0.3556219648860665
2648,0.22727716916433474,2678,2653,0.3554891710231516,0.3554891710231516
2649,0.22724287035965543,2679,2654,0.3557297499066816,0.3557297499066816
2650,0.22720716717614742,2680,2655,0.35559701492537316,0.35559701492537316
2651,0.22710893618840042,2681,2656,0.3554643789630735,0.3554643789630735
2652,0.22700925265170815,2682,2657,0.3553318419090231,0.3553318419090231
2653,0.22699635945145508,2683,2658,0.35519940365262764,0.35519940365262764
2654,0.22685755284898074,2684,2659,0.3554396423248882,0.3554396423248882
2655,0.22683876171242942,2685,2660,0.3553072625698324,0.3553072625698324
2656,0.22681697456791375,2686,2661,0.35517498138495907,0.35517498138495907
2657,0.2267086192886644,2687,2662,0.3550427986602159,0.3550427986602159
2658,0.22663932935925926,2688,2663,0.3549107142857143,0.3549107142857143
2659,0.22663037824116278,2689,2664,0.3547787281517293,0.3547787281517293
2660,0.2266294602750506,2690,2665,0.3550185873605948,0.3550185873605948
2661,0.22659083366019317,2691,2666,0.3548866592344853,0.3548866592344853
2662,0.22654815808536072,2692,2667,0.3547548291233284,0.3547548291233284
2663,0.22651852587326943,2693,2668,0.35499443000371333,0.35499443000371333
2664,0.2264535013594465,2694,2669,0.35523385300668153,0.35523385300668153
2665,0.22613519600658447,2695,2670,0.3551020408163265,0.3551020408163265
2666,0.22603933083187164,2696,2671,0.35534124629080116,0.35534124629080116
2667,0.22599634398636864,2697,2672,0.3555802743789396,0.3555802743789396
2668,0.22599361401647108,2698,2673,0.3554484803558191,0.3554484803558191
2669,0.22589357796567144,2699,2674,0.3553167839940719,0.3553167839940719
2670,0.22588351250634825,2700,2675,0.35518518518518516,0.35518518518518516
2671,0.22561126324108585,2701,2676,0.3550536838208071,0.3550536838208071
2672,0.22558208999967794,2702,2677,0.3549222797927461,0.3549222797927461
2673,0.22543395744414893,2703,2678,0.3547909729929708,0.3547909729929708
2674,0.22535861378978964,2704,2679,0.3546597633136095,0.3546597633136095
2675,0.22529549226447534,2705,2680,0.3545286506469501,0.3545286506469501
2676,0.22525031697695563,2706,2681,0.35439763488543974,0.35439763488543974
2677,0.2252434052778068,2707,2682,0.3542667159216845,0.3542667159216845
2678,0.22522955098118178,2708,2683,0.35450516986706054,0.35450516986706054
2679,0.22521685392070787,2709,2684,0.35437430786268,0.35437430786268
2680,0.2251363779645609,2710,2685,0.35424354243542433,0.35424354243542433
2681,0.22506086176169812,2711,2686,0.35411287347842124,0.35411287347842124
2682,0.2249642899800204,2712,2687,0.35398230088495575,0.35398230088495575
2683,0.22489675520525423,2713,2688,0.3538518245484703,0.3538518245484703
2684,0.22475479834713136,2714,2689,0.3540899042004422,0.3540899042004422
2685,0.224709901345333,2715,2690,0.35395948434622465,0.35395948434622465
2686,0.22465884651462323,2716,2691,0.3538291605301915,0.3538291605301915
2687,0.22459771689754915,2717,2692,0.3536989326463011,0.3536989326463011
2688,0.2245818779899223,2718,2693,0.35356880058866813,0.35356880058866813
2689,0.22455766792739604,2719,2694,0.35343876425156306,0.35343876425156306
2690,0.2245263089331236,2720,2695,0.3533088235294118,0.3533088235294118
2691,0.2245123508812915,2721,2696,0.3531789783167953,0.3531789783167953
2692,0.22445538933080356,2722,2697,0.35341660543717857,0.35341660543717857
2693,0.22433844733832223,2723,2698,0.35328681601175177,0.35328681601175177
2694,0.2243168895526542,2724,2699,0.35315712187958886,0.35315712187958886
2695,0.22430716073906867,2725,2700,0.3530275229357798,0.3530275229357798
2696,0.22422992312336357,2726,2701,0.3528980190755686,0.3528980190755686
2697,0.22422813319522608,2727,2702,0.3527686101943528,0.3527686101943528
2698,0.22422740522676382,2728,2703,0.3530058651026393,0.3530058651026393
2699,0.22413244840101457,2729,2704,0.3528765115426896,0.3528765115426896
2700,0.22413142024262186,2730,2705,0.35274725274725277,0.35274725274725277
2701,0.2241203256056358,2731,2706,0.35261808861222993,0.35261808861222993
2702,0.22403715108455527,2732,2707,0.35248901903367497,0.35248901903367497
2703,0.22401823624007688,2733,2708,0.35236004390779363,0.35236004390779363
2704,0.2240121452253753,2734,2709,0.35223116313094366,0.35223116313094366
2705,0.22401045892281984,2735,2710,0.3521023765996344,0.3521023765996344
2706,0.22398820567503802,2736,2711,0.3519736842105263,0.3519736842105263
2707,0.22398615041870845,2737,2712,0.3522104493971502,0.3522104493971502
2708,0.2239678627696247,2738,2713,0.352081811541271,0.352081811541271
2709,0.22389603364014185,2739,2714,0.3523183643665571,0.3523183643665571
2710,0.22378043221767496,2740,2715,0.3521897810218978,0.3521897810218978
2711,0.22363830557072698,2741,2716,0.35206129149945276,0.35206129149945276
2712,0.22363679828030925,2742,2717,0.3522975929978118,0.3522975929978118
2713,0.22362988341481624,2743,2718,0.35216915785636166,0.35216915785636166
2714,0.22362075261678876,2744,2719,0.3520408163265306,0.3520408163265306
2715,0.2235985221615783,2745,2720,0.3519125683060109,0.3519125683060109
2716,0.22359383635941638,2746,2721,0.35178441369264385,0.35178441369264385
2717,0.2233736964236425,2747,2722,0.3516563523844194,0.3516563523844194
2718,0.22333090996360944,2748,2723,0.35152838427947597,0.35152838427947597
2719,0.22323597872964898,2749,2724,0.3514005092761004,0.3514005092761004
2720,0.22303089821951072,2750,2725,0.3512727272727273,0.3512727272727273
2721,0.22291569223944957,2751,2726,0.3511450381679389,0.3511450381679389
2722,0.2229022694370166,2752,2727,0.35101744186046513,0.35101744186046513
2723,0.2228877821930983,2753,2728,0.3508899382491827,0.3508899382491827
2724,0.22286614211213357,2754,2729,0.35076252723311546,0.35076252723311546
2725,0.22285987356406287,2755,2730,0.3506352087114338,0.3506352087114338
2726,0.22282566059014336,2756,2731,0.3505079825834543,0.3505079825834543
2727,0.22282259905843277,2757,2732,0.35038084874863984,0.35038084874863984
2728,0.22280505274626042,2758,2733,0.350253807106599,0.350253807106599
2729,0.2227424177197319,2759,2734,0.3501268575570859,0.3501268575570859
2730,0.22273704184866167,2760,2735,0.35,0.35
2731,0.22269603080876857,2761,2736,0.3502354219485694,0.3502354219485694
2732,0.2226696881501925,2762,2737,0.35047067342505434,0.35047067342505434
2733,0.22258505879533338,2763,2738,0.3503438291711907,0.3503438291711907
2734,0.22251261807279707,2764,2739,0.3505788712011577,0.3505788712011577
2735,0.22244259125109297,2765,2740,0.3504520795660036,0.3504520795660036
2736,0.22243846984151078,2766,2741,0.35068691250903833,0.35068691250903833
2737,0.2224294310241217,2767,2742,0.35056017347307555,0.35056017347307555
2738,0.22242404986628397,2768,2743,0.3504335260115607,0.3504335260115607
2739,0.22240711006868008,2769,2744,0.3503069700252799,0.3503069700252799
2740,0.22232486448944783,2770,2745,0.35018050541516244,0.35018050541516244
2741,0.22205670853310366,2771,2746,0.3504150126308192,0.3504150126308192
2742,0.22198297773381978,2772,2747,0.35064935064935066,0.35064935064935066
2743,0.22197469892978067,2773,2748,0.35052289938694553,0.35052289938694553
2744,0.2219588150234912,2774,2749,0.3507570295602019,0.3507570295602019
2745,0.2219059658471855,2775,2750,0.350990990990991,0.350990990990991
2746,0.2216965274322998,2776,2751,0.3512247838616715,0.3512247838616715
2747,0.22169046866050265,2777,2752,0.3514584083543392,0.3514584083543392
2748,0.2216116751897307,2778,2753,0.3513318934485241,0.3513318934485241
2749,0.22148579948013516,2779,2754,0.3512054695933789,0.3512054695933789
2750,0.22141564237311176,2780,2755,0.3514388489208633,0.3514388489208633
2751,0.22138622017211781,2781,2756,0.3516720604099245,0.3516720604099245
2752,0.22121607933201196,2782,2757,0.3515456506110712,0.3515456506110712
2753,0.22119352259440847,2783,2758,0.3514193316564858,0.3514193316564858
2754,0.22106833273076226,2784,2759,0.35129310344827586,0.35129310344827586
2755,0.2210455280861536,2785,2760,0.35152603231597845,0.35152603231597845
2756,0.22096572879959592,2786,2761,0.35139985642498206,0.35139985642498206
2757,0.2209548275659092,2787,2762,0.351632579834948,0.351632579834948
2758,0.22093095067484908,2788,2763,0.351506456241033,0.351506456241033
2759,0.22083178312354332,2789,2764,0.3517389745428469,0.3517389745428469
2760,0.2208213318408954,2790,2765,0.35161290322580646,0.35161290322580646
2761,0.22073673611245526,2791,2766,0.3518452167681834,0.3518452167681834
2762,0.22055476873259633,2792,2767,0.3517191977077364,0.3517191977077364
2763,0.22052893619969957,2793,2768,0.35159326888650194,0.35159326888650194
2764,0.22044872581775646,2794,2769,0.3514674302075877,0.3514674302075877
2765,0.22034726774650137,2795,2770,0.35134168157423973,0.35134168157423973
2766,0.22033734544075623,2796,2771,0.3512160228898426,0.3512160228898426
2767,0.22027871430072088,2797,2772,0.3510904540579192,0.3510904540579192
2768,0.22014628765487732,2798,2773,0.3509649749821301,0.3509649749821301
2769,0.2200886078560128,2799,2774,0.35083958556627365,0.35083958556627365
2770,0.22005718940665076,2800,2775,0.3507142857142857,0.3507142857142857
2771,0.22001792415051807,2801,2776,0.3505890753302392,0.3505890753302392
2772,0.21990851400591582,2802,2777,0.35046395431834404,0.35046395431834404
2773,0.21983994392592743,2803,2778,0.35033892258294685,0.35033892258294685
2774,0.2197741239267326,2804,2779,0.35021398002853066,0.35021398002853066
2775,0.2197348973190604,2805,2780,0.3500891265597148,0.3500891265597148
2776,0.2197256120951382,2806,2781,0.3499643620812545,0.3499643620812545
2777,0.219720219818343,2807,2782,0.3498396864980406,0.3498396864980406
2778,0.21962980095981488,2808,2783,0.34971509971509973,0.34971509971509973
2779,0.21957840997250827,2809,2784,0.3495906016375934,0.3495906016375934
2780,0.21947979307339335,2810,2785,0.3498220640569395,0.3498220640569395
2781,0.2193483168485888,2811,2786,0.35005336179295626,0.35005336179295626
2782,0.21912199304416752,2812,2787,0.34992887624466573,0.34992887624466573
2783,0.21902887539549365,2813,2788,0.3498044792036971,0.3498044792036971
2784,0.2190263670129722,2814,2789,0.34968017057569295,0.34968017057569295
2785,0.21887530521241583,2815,2790,0.3495559502664298,0.3495559502664298
2786,0.21884785507689333,2816,2791,0.3494318181818182,0.3494318181818182
2787,0.21878959461428013,2817,2792,0.34930777422790205,0.34930777422790205
2788,0.218781349944583,2818,2793,0.34918381831085876,0.34918381831085876
2789,0.2187434393605107,2819,2794,0.34905995033699894,0.34905995033699894
2790,0.21874051962274274,2820,2795,0.34893617021276596,0.34893617021276596
2791,0.21869490732754726,2821,2796,0.3491669620701879,0.3491669620701879
2792,0.21865692549684584,2822,2797,0.3493975903614458,0.3493975903614458
2793,0.2185808386754393,2823,2798,0.34927382217499114,0.34927382217499114
2794,0.21855659265358304,2824,2799,0.34915014164305946,0.34915014164305946
2795,0.2184480356449239,2825,2800,0.3490265486725664,0.3490265486725664
2796,0.21840514068816635,2826,2801,0.3489030431705591,0.3489030431705591
2797,0.2183104180360809,2827,2802,0.3487796250442165,0.3487796250442165
2798,0.21821115303361927,2828,2803,0.34865629420084865,0.34865629420084865
2799,0.218198502872221,2829,2804,0.3485330505478968,0.3485330505478968
2800,0.21819622457096124,2830,2805,0.3484098939929329,0.3484098939929329
2801,0.21812750313465246,2831,2806,0.3482868244436595,0.3482868244436595
2802,0.2180887115033313,2832,2807,0.3481638418079096,0.3481638418079096
2803,0.21789781519032267,2833,2808,0.3480409459936463,0.3480409459936463
2804,0.2178395633206106,2834,2809,0.3479181369089626,0.3479181369089626
2805,0.2177723389543661,2835,2810,0.3477954144620811,0.3477954144620811
2806,0.2177394230230269,2836,2811,0.34767277856135403,0.34767277856135403
2807,0.21771023862385422,2837,2812,0.3479027141346493,0.3479027141346493
2808,0.2176640028225326,2838,2813,0.3477801268498943,0.3477801268498943
2809,0.21764434986260206,2839,2814,0.34765762592462135,0.34765762592462135
2810,0.21760236789922716,2840,2815,0.3475352112676056,0.3475352112676056
2811,0.2175279815166377,2841,2816,0.3474128827877508,0.3474128827877508
2812,0.21742707109331627,2842,2817,0.3472906403940887,0.3472906403940887
2813,0.21729129369605069,2843,2818,0.3471684839957791,0.3471684839957791
2814,0.21728784775522367,2844,2819,0.34739803094233473,0.34739803094233473
2815,0.2172088673512537,2845,2820,0.34727592267135327,0.34727592267135327
2816,0.21710735751755364,2846,2821,0.34750527055516517,0.34750527055516517
2817,0.21710203742823442,2847,2822,0.34773445732349845,0.34773445732349845
2818,0.2170554958024446,2848,2823,0.3476123595505618,0.3476123595505618
2819,0.21702627613857742,2849,2824,0.3474903474903475,0.3474903474903475
2820,0.21695769656095126,2850,2825,0.3473684210526316,0.3473684210526316
2821,0.21692393830527193,2851,2826,0.34759733426867767,0.34759733426867767
2822,0.21691548591866736,2852,2827,0.34782608695652173,0.34782608695652173
2823,0.21689877816457953,2853,2828,0.34770417104801965,0.34770417104801965
2824,0.21686615553173538,2854,2829,0.3475823405746321,0.3475823405746321
2825,0.21675491909075847,2855,2830,0.3474605954465849,0.3474605954465849
2826,0.21674594548883047,2856,2831,0.3473389355742297,0.3473389355742297
2827,0.21644290093142557,2857,2832,0.3472173608680434,0.3472173608680434
2828,0.21621119361709087,2858,2833,0.3470958712386284,0.3470958712386284
2829,0.21617280257378754,2859,2834,0.34697446659671216,0.34697446659671216
2830,0.21609671506467712,2860,2835,0.34685314685314683,0.34685314685314683
2831,0.21608732716499574,2861,2836,0.3470814400559245,0.3470814400559245
2832,0.21607734169627404,2862,2837,0.3469601677148847,0.3469601677148847
2833,0.21598231441081306,2863,2838,0.3471882640586797,0.3471882640586797
2834,0.2159472762104574,2864,2839,0.3470670391061452,0.3470670391061452
2835,0.2158961612939623,2865,2840,0.3469458987783595,0.3469458987783595
2836,0.21588977628823514,2866,2841,0.3468248429867411,0.3468248429867411
2837,0.21585931253346374,2867,2842,0.34670387164283223,0.34670387164283223
2838,0.215823600952699,2868,2843,0.34658298465829845,0.34658298465829845
2839,0.21580800391516441,2869,2844,0.34646218194492856,0.34646218194492856
2840,0.21578354381967135,2870,2845,0.34668989547038326,0.34668989547038326
2841,0.2157342552416603,2871,2846,0.34656913967258796,0.34656913967258796
2842,0.2156707011608758,2872,2847,0.3464484679665738,0.3464484679665738
2843,0.21559242824546515,2873,2848,0.3466759484859032,0.3466759484859032
2844,0.2154611968145172,2874,2849,0.3465553235908142,0.3465553235908142
2845,0.21538004766042013,2875,2850,0.34643478260869565,0.34643478260869565
2846,0.21519580121087198,2876,2851,0.3463143254520167,0.3463143254520167
2847,0.21511665071879413,2877,2852,0.34654153632255824,0.34654153632255824
2848,0.2150736800517743,2878,2853,0.3464211257817929,0.3464211257817929
2849,0.21504454435638726,2879,2854,0.34630079888850296,0.34630079888850296
2850,0.2150124470578309,2880,2855,0.34618055555555555,0.34618055555555555
2851,0.21491858285758866,2881,2856,0.34640749739673726,0.34640749739673726
2852,0.2148938953191578,2882,2857,0.3462873004857738,0.3462873004857738
2853,0.2148798573653732,2883,2858,0.34616718695802984,0.34616718695802984
2854,0.21485079077786287,2884,2859,0.34639389736477116,0.34639389736477116
2855,0.21482506591811196,2885,2860,0.3466204506065858,0.3466204506065858
2856,0.21480323372885546,2886,2861,0.34684684684684686,0.34684684684684686
2857,0.21461240088576505,2887,2862,0.34672670592310356,0.34672670592310356
2858,0.21456274555078197,2888,2863,0.346606648199446,0.346606648199446
2859,0.21456014854614966,2889,2864,0.34683281412253375,0.34683281412253375
2860,0.21455742634197328,2890,2865,0.3467128027681661,0.3467128027681661
2861,0.21453804396628467,2891,2866,0.34659287443791076,0.34659287443791076
2862,0.21450236103021136,2892,2867,0.34647302904564314,0.34647302904564314
2863,0.21446581885153954,2893,2868,0.34635326650535775,0.34635326650535775
2864,0.2143268632394418,2894,2869,0.34623358673116794,0.34623358673116794
2865,0.21432677512709966,2895,2870,0.3461139896373057,0.3461139896373057
2866,0.21431111204029352,2896,2871,0.34599447513812154,0.34599447513812154
2867,0.21421441746682304,2897,2872,0.3458750431480842,0.3458750431480842
2868,0.21421387053710328,2898,2873,0.34575569358178054,0.34575569358178054
2869,0.2141398220597324,2900,2874,0.34551724137931034,0.34551724137931034
2870,0.21407875574834162,2901,2875,0.3453981385729059,0.3453981385729059
2871,0.21403023473890528,2902,2876,0.3452791178497588,0.3452791178497588
2872,0.21401624987038242,2903,2877,0.3455046503616948,0.3455046503616948
2873,0.2139962033226497,2904,2878,0.3453856749311295,0.3453856749311295
2874,0.2139825006601994,2905,2879,0.34526678141135975,0.34526678141135975
2875,0.21396362180463432,2906,2880,0.3451479697178252,0.3451479697178252
2876,0.21394157553583698,2907,2881,0.34502923976608185,0.34502923976608185
2877,0.2138210420079336,2908,2882,0.3449105914718019,0.3449105914718019
2878,0.21381975103465514,2909,2883,0.3447920247507735,0.3447920247507735
2879,0.2137969693380129,2910,2884,0.34467353951890034,0.34467353951890034
2880,0.2136942055960221,2911,2885,0.344555135692202,0.344555135692202
2881,0.2136814280626837,2912,2886,0.3444368131868132,0.3444368131868132
2882,0.2136675354839842,2913,2887,0.34466186062478543,0.34466186062478543
2883,0.21360914351235855,2914,2888,0.34454358270418667,0.34454358270418667
2884,0.21359893183082457,2915,2889,0.34476843910806176,0.34476843910806176
2885,0.21359883780792818,2916,2890,0.3446502057613169,0.3446502057613169
2886,0.2135868984254616,2917,2891,0.3445320534796023,0.3445320534796023
2887,0.2135749910885943,2918,2892,0.34441398217957503,0.34441398217957503
2888,0.21355314142485546,2919,2893,0.3442959917780062,0.3442959917780062
2889,0.21338397672858989,2920,2894,0.3445205479452055,0.3445205479452055
2890,0.21337754761158953,2921,2895,0.34440260184868193,0.34440260184868193
2891,0.21328105383669174,2922,2896,0.34428473648186175,0.34428473648186175
2892,0.21324667369436837,2923,2897,0.3441669517618885,0.3441669517618885
2893,0.2131703565257811,2924,2898,0.3440492476060191,0.3440492476060191
2894,0.21314352917932944,2925,2899,0.3439316239316239,0.3439316239316239
2895,0.21314050240139637,2926,2900,0.3438140806561859,0.3438140806561859
2896,0.213061462093262,2927,2901,0.343696617697301,0.343696617697301
2897,0.21297606680167808,2928,2902,0.3435792349726776,0.3435792349726776
2898,0.21296452968449298,2929,2903,0.34346193240013656,0.34346193240013656
2899,0.2129393309864696,2930,2904,0.3436860068259386,0.3436860068259386
2900,0.21285659159428136,2931,2905,0.343568747867622,0.343568747867622
2901,0.21285579175774694,2932,2906,0.34345156889495226,0.34345156889495226
2902,0.2128313886146024,2933,2907,0.3433344698261166,0.3433344698261166
2903,0.21278139488619796,2934,2908,0.34355828220858897,0.34355828220858897
2904,0.21270228785373216,2935,2909,0.34378194207836454,0.34378194207836454
2905,0.2126958594092193,2937,2910,0.3435478379298604,0.3435478379298604
2906,0.21255606756737855,2938,2911,0.343430905377808,0.343430905377808
2907,0.21255581503641846,2939,2912,0.3433140523987751,0.3433140523987751
2908,0.21245670303498979,2940,2913,0.34319727891156465,0.34319727891156465
2909,0.21245139385376413,2941,2914,0.3434206052363142,0.3434206052363142
2910,0.21229451720297152,2942,2915,0.3433038749150238,0.3433038749150238
2911,0.21225328795089143,2943,2916,0.34318722392116885,0.34318722392116885
2912,0.21225188971666772,2944,2917,0.343070652173913,0.343070652173913
2913,0.21224325065381083,2945,2918,0.34295415959252973,0.34295415959252973
2914,0.21219554558951678,2946,2919,0.3428377460964019,0.3428377460964019
2915,0.212189939962145,2947,2920,0.3430607397353241,0.3430607397353241
2916,0.21218152597455295,2948,2921,0.34328358208955223,0.34328358208955223
2917,0.21217347181628898,2949,2922,0.34316717531366564,0.34316717531366564
2918,0.21216874792521168,2950,2923,0.3433898305084746,0.3433898305084746
2919,0.21212540178761355,2951,2924,0.3432734666214842,0.3432734666214842
2920,0.21211956033341775,2952,2925,0.3434959349593496,0.3434959349593496
2921,0.21194655233371554,2953,2926,0.3433796139519133,0.3433796139519133
2922,0.2119059021535049,2954,2927,0.34326337169939064,0.34326337169939064
2923,0.21190262758114384,2955,2928,0.3431472081218274,0.3431472081218274
2924,0.21190198880614616,2956,2929,0.34303112313937756,0.34303112313937756
2925,0.21185158875165447,2957,2930,0.342915116672303,0.342915116672303
2926,0.21184900163071166,2958,2931,0.3431372549019608,0.3431372549019608
2927,0.21184667793218578,2959,2932,0.3430212909766813,0.3430212909766813
2928,0.21184508774559666,2960,2933,0.34324324324324323,0.34324324324324323
2929,0.2118012664871183,2961,2934,0.3431273218507261,0.3431273218507261
2930,0.21175566347828834,2962,2935,0.34334908845374745,0.34334908845374745
2931,0.21174404048779197,2963,2936,0.34357070536618295,0.34357070536618295
2932,0.21166399984652248,2964,2937,0.34379217273954116,0.34379217273954116
2933,0.21165601891757443,2965,2938,0.34367622259696456,0.34367622259696456
2934,0.2115713571886264,2966,2939,0.34356035064059337,0.34356035064059337
2935,0.21140105774011417,2967,2940,0.3437815975733064,0.3437815975733064
2936,0.21136970069514827,2968,2941,0.34400269541778977,0.34400269541778977
2937,0.21134675011624954,2969,2942,0.34388683058268776,0.34388683058268776
2938,0.21133613460152503,2970,2943,0.3437710437710438,0.3437710437710438
2939,0.21129341796553386,2971,2944,0.3436553349040727,0.3436553349040727
2940,0.21105738995542525,2972,2945,0.3435397039030956,0.3435397039030956
2941,0.21102031043298003,2973,2946,0.3434241506895392,0.3434241506895392
2942,0.21101302102196243,2974,2947,0.34330867518493613,0.34330867518493613
2943,0.21095667770202908,2975,2948,0.34352941176470586,0.34352941176470586
2944,0.2108804192930243,2976,2949,0.34341397849462363,0.34341397849462363
2945,0.21085973735844377,2977,2950,0.3432986227746053,0.3432986227746053
2946,0.2108379757438356,2978,2951,0.3431833445265279,0.3431833445265279
2947,0.21072903502758247,2979,2952,0.3434038267875126,0.3434038267875126
2948,0.21065333383331666,2980,2953,0.34328859060402683,0.34328859060402683
2949,0.2105761497783131,2981,2954,0.3435088896343509,0.3435088896343509
2950,0.21054411295612918,2982,2955,0.34339369550637155,0.34339369550637155
2951,0.21051920601019403,2983,2956,0.34327857861213545,0.34327857861213545
2952,0.2103836045424523,2984,2957,0.34316353887399464,0.34316353887399464
2953,0.21031194196341615,2985,2958,0.34338358458961477,0.34338358458961477
2954,0.21023937623484104,2986,2959,0.34326858673811117,0.34326858673811117
2955,0.21013478879608746,2987,2960,0.34315366588550383,0.34315366588550383
2956,0.21012883053345735,2990,2961,0.342809364548495,0.342809364548495
2957,0.2101237123577401,2991,2962,0.3430290872617854,0.3430290872617854
2958,0.2099693556640546,2992,2963,0.3432486631016043,0.3432486631016043
2959,0.20993185645668253,2993,2964,0.34313397928499834,0.34313397928499834
2960,0.20992378909511808,2994,2965,0.34335337341349365,0.34335337341349365
2961,0.20988846798729785,2995,2966,0.34323873121869786,0.34323873121869786
2962,0.20973291447947046,2996,2967,0.3431241655540721,0.3431241655540721
2963,0.2096637679382385,2997,2968,0.34300967634300966,0.34300967634300966
2964,0.20965309471622467,2998,2969,0.342895263509006,0.342895263509006
2965,0.2096047168514803,2999,2970,0.3431143714571524,0.3431143714571524
2966,0.20951762697666765,3000,2971,0.343,0.343
2967,0.20933242198154697,3001,2972,0.3428857047650783,0.3428857047650783
2968,0.20917758491312505,3002,2973,0.34277148567621585,0.34277148567621585
2969,0.20896582051053106,3003,2974,0.34265734265734266,0.34265734265734266
2970,0.20895734345881967,3004,2975,0.34254327563249004,0.34254327563249004
2971,0.208941376939095,3005,2976,0.34242928452579036,0.34242928452579036
2972,0.2089295451136169,3006,2977,0.34231536926147704,0.34231536926147704
2973,0.20892289006412804,3007,2978,0.3422015297638843,0.3422015297638843
2974,0.2088547101546526,3008,2979,0.34208776595744683,0.34208776595744683
2975,0.20884901386499546,3009,2980,0.3419740777666999,0.3419740777666999
2976,0.20879486188604257,3010,2981,0.34186046511627904,0.34186046511627904
2977,0.20878128805472945,3011,2982,0.34174692793092,0.34174692793092
2978,0.20875071522012634,3012,2983,0.34163346613545814,0.34163346613545814
2979,0.20874613762563807,3013,2984,0.34152007965482906,0.34152007965482906
2980,0.20874481490309854,3014,2985,0.3414067684140677,0.3414067684140677
2981,0.20867277229367362,3015,2986,0.3416252072968491,0.3416252072968491
2982,0.20851021624039673,3016,2987,0.34151193633952254,0.34151193633952254
2983,0.20846929758570895,3017,2988,0.3413987404706662,0.3413987404706662
2984,0.20844748653376152,3019,2989,0.3411725736999006,0.3411725736999006
2985,0.20839949366710525,3020,2990,0.34105960264900664,0.34105960264900664
2986,0.20838502259279207,3021,2991,0.340946706388613,0.340946706388613
2987,0.20832888436320937,3022,2992,0.34116479152878887,0.34116479152878887
2988,0.208321558106116,3023,2993,0.34138273238504796,0.34138273238504796
2989,0.20817007582388453,3024,2994,0.3416005291005291,0.3416005291005291
2990,0.20812674657908214,3025,2995,0.34148760330578515,0.34148760330578515
2991,0.20802459741377732,3026,2996,0.34137475214805024,0.34137475214805024
2992,0.20798752334222834,3027,2997,0.34126197555335314,0.34126197555335314
2993,0.20796007328644908,3028,2998,0.3414795244385733,0.3414795244385733
2994,0.20795452251785523,3029,2999,0.34136678771871903,0.34136678771871903
2995,0.2079088094430291,3030,3000,0.34125412541254124,0.34125412541254124
2996,0.2078292311247658,3031,3001,0.3411415374463873,0.3411415374463873
2997,0.20781036498445798,3033,3002,0.34091658424002635,0.34091658424002635
2998,0.20780987740467866,3034,3003,0.34113381674357285,0.34113381674357285
2999,0.20776938087491567,3035,3004,0.34102141680395387,0.34102141680395387
3000,0.20774956673017947,3036,3005,0.3409090909090909,0.3409090909090909
3001,0.20769722542781816,3037,3006,0.3411261112940402,0.3411261112940402
3002,0.20769659967209644,3038,3007,0.34101382488479265,0.34101382488479265
3003,0.20766496323937242,3039,3008,0.34090161237249095,0.34090161237249095
3004,0.20760921027446674,3040,3009,0.34111842105263157,0.34111842105263157
3005,0.20759060608363303,3041,3010,0.34133508714238736,0.34133508714238736
3006,0.20752835102681744,3042,3011,0.34155161078238,0.34155161078238
3007,0.20752213453414256,3043,3012,0.3417679921130463,0.3417679921130463
3008,0.20741361213180884,3044,3013,0.3416557161629435,0.3416557161629435
3009,0.20737958930653422,3045,3014,0.3415435139573071,0.3415435139573071
3010,0.2073712169777106,3046,3015,0.3417596848325673,0.3417596848325673
3011,0.20719551599896877,3047,3016,0.3416475221529373,0.3416475221529373
3012,0.20718990234049575,3048,3017,0.34153543307086615,0.34153543307086615
3013,0.20716541810528505,3049,3018,0.341423417513939,0.341423417513939
3014,0.20716482260237928,3050,3019,0.3413114754098361,0.3413114754098361
3015,0.2071488482922549,3051,3020,0.34119960668633237,0.34119960668633237
3016,0.207116587432606,3052,3021,0.3410878112712975,0.3410878112712975
3017,0.20710953327072215,3053,3022,0.3409760890926957,0.3409760890926957
3018,0.20709742179258617,3054,3023,0.34086444007858546,0.34086444007858546
3019,0.20705052304143579,3055,3024,0.3407528641571195,0.3407528641571195
3020,0.2069795839003477,3056,3025,0.3406413612565445,0.3406413612565445
3021,0.2069465511442131,3057,3026,0.34052993130520115,0.34052993130520115
3022,0.20691045067676456,3058,3027,0.3404185742315239,0.3404185742315239
3023,0.20684211370318992,3059,3028,0.3403072899640405,0.3403072899640405
3024,0.2067970647228433,3060,3029,0.34019607843137256,0.34019607843137256
3025,0.20677968469862962,3061,3030,0.34008493956223457,0.34008493956223457
3026,0.20676784667731526,3062,3031,0.3399738732854344,0.3399738732854344
3027,0.20676052952660748,3063,3032,0.33986287952987265,0.33986287952987265
3028,0.20672757924182206,3064,3033,0.34007832898172324,0.34007832898172324
3029,0.20671443540301163,3065,3034,0.3399673735725938,0.3399673735725938
3030,0.20666322100519377,3067,3035,0.33974567981741116,0.33974567981741116
3031,0.20666088278542824,3068,3036,0.3396349413298566,0.3396349413298566
3032,0.20665095731305172,3069,3037,0.33952427500814597,0.33952427500814597
3033,0.20664990210760797,3070,3038,0.33973941368078175,0.33973941368078175
3034,0.20661503530578462,3071,3039,0.33995441224356887,0.33995441224356887
3035,0.20657638721905616,3072,3040,0.33984375,0.33984375
3036,0.2065456117834529,3073,3041,0.3397331597787179,0.3397331597787179
3037,0.20646174358332947,3074,3042,0.33962264150943394,0.33962264150943394
3038,0.20632717621982358,3075,3043,0.33983739837398375,0.33983739837398375
3039,0.20630977952747098,3076,3044,0.3397269180754226,0.3397269180754226
3040,0.20629526397945727,3077,3045,0.33994150146246344,0.33994150146246344
3041,0.20626396876106293,3078,3046,0.3398310591293047,0.3398310591293047
3042,0.20621178056217734,3079,3047,0.33972068853523874,0.33972068853523874
3043,0.20615627869411632,3080,3048,0.3399350649350649,0.3399350649350649
3044,0.20611669812849084,3081,3049,0.33982473222979553,0.33982473222979553
3045,0.20606122050936637,3082,3050,0.33971447112264763,0.33971447112264763
3046,0.2060496802149585,3083,3051,0.33992864093415504,0.33992864093415504
3047,0.206005139403225,3084,3052,0.3398184176394293,0.3398184176394293
3048,0.2059482695443947,3085,3053,0.33970826580226904,0.33970826580226904
3049,0.20591513378446982,3086,3054,0.339598185353208,0.339598185353208
3050,0.20589513008468724,3087,3055,0.3394881762228701,0.3394881762228701
3051,0.20576565824612086,3088,3056,0.3393782383419689,0.3393782383419689
3052,0.20574321675194768,3089,3057,0.33926837164130785,0.33926837164130785
3053,0.20573665484234155,3090,3058,0.33915857605177996,0.33915857605177996
3054,0.2057240411087796,3091,3059,0.33904885150436753,0.33904885150436753
3055,0.20570837917685317,3092,3060,0.3389391979301423,0.3389391979301423
3056,0.20569347995956677,3093,3061,0.3388296152602651,0.3388296152602651
3057,0.20566701359696807,3094,3062,0.3387201034259858,0.3387201034259858
3058,0.20565863605196896,3095,3063,0.33861066235864296,0.33861066235864296
3059,0.20565336450934257,3096,3064,0.3385012919896641,0.3385012919896641
3060,0.2056309919957146,3097,3065,0.33839199225056504,0.33839199225056504
3061,0.20561235702156197,3098,3066,0.3382827630729503,0.3382827630729503
3062,0.20553235149517302,3099,3067,0.3381736043885124,0.3381736043885124
3063,0.20545852309131826,3100,3068,0.33806451612903227,0.33806451612903227
3064,0.20517983930141512,3101,3069,0.3379554982263786,0.3379554982263786
3065,0.205170896668991,3102,3070,0.33784655061250807,0.33784655061250807
3066,0.20516571379092885,3103,3071,0.337737673219465,0.337737673219465
3067,0.2049822553220129,3104,3072,0.33795103092783507,0.33795103092783507
3068,0.2049466174302334,3105,3073,0.33784219001610305,0.33784219001610305
3069,0.2049169686255829,3107,3074,0.33762471837785646,0.33762471837785646
3070,0.20489908035009458,3108,3075,0.3375160875160875,0.3375160875160875
3071,0.20488708798666413,3109,3076,0.33772917336764235,0.33772917336764235
3072,0.20481180626543657,3110,3077,0.33794212218649516,0.33794212218649516
3073,0.20465309786296268,3111,3078,0.33783349405335905,0.33783349405335905
3074,0.20463273188935316,3112,3079,0.33772493573264784,0.33772493573264784
3075,0.20461701682646813,3113,3080,0.3376164471570832,0.3376164471570832
3076,0.2045885897827876,3114,3081,0.33750802825947335,0.33750802825947335
3077,0.20428301773800592,3115,3082,0.33739967897271267,0.33739967897271267
3078,0.20426569206090303,3116,3083,0.337612323491656,0.337612323491656
3079,0.20418678500813348,3117,3084,0.3375040102662817,0.3375040102662817
3080,0.20417509888524957,3118,3085,0.3373957665169981,0.3373957665169981
3081,0.2041703767168386,3119,3086,0.3376082077588971,0.3376082077588971
3082,0.20409904620472416,3120,3087,0.33782051282051284,0.33782051282051284
3083,0.20397971810377835,3121,3088,0.33771227170778595,0.33771227170778595
3084,0.20390772530640605,3122,3089,0.3376040999359385,0.3376040999359385
3085,0.20389258325267237,3123,3090,0.3378162023695165,0.3378162023695165
3086,0.20386813619153518,3124,3091,0.3380281690140845,0.3380281690140845
3087,0.2038494916600317,3125,3092,0.33792,0.33792
3088,0.20380676901125502,3126,3093,0.3378119001919386,0.3378119001919386
3089,0.2037573073399154,3127,3094,0.33770386952350495,0.33770386952350495
3090,0.20369776220715505,3128,3095,0.3375959079283887,0.3375959079283887
3091,0.2036625543302128,3129,3096,0.3374880153403643,0.3374880153403643
3092,0.20364114666361624,3130,3097,0.33738019169329075,0.33738019169329075
3093,0.20352705651043687,3131,3098,0.3375918236984989,0.3375918236984989
3094,0.20342971384651737,3132,3099,0.3374840357598978,0.3374840357598978
3095,0.20336139916092813,3133,3100,0.3373763166294287,0.3373763166294287
3096,0.20333266009044795,3134,3101,0.33726866624122526,0.33726866624122526
3097,0.2033217918417874,3135,3102,0.3371610845295056,0.3371610845295056
3098,0.20330928993261385,3136,3103,0.33705357142857145,0.33705357142857145
3099,0.20329839842958644,3137,3104,0.3369461268728084,0.3369461268728084
3100,0.203293375738368,3138,3105,0.3368387507966858,0.3368387507966858
3101,0.20324470210114942,3139,3106,0.3370500159286397,0.3370500159286397
3102,0.20321704283200007,3140,3107,0.33694267515923565,0.33694267515923565
3103,0.20306370677419744,3141,3108,0.3368354027379815,0.3368354027379815
3104,0.20291276298611782,3142,3109,0.33672819859961806,0.33672819859961806
3105,0.20290666525536322,3143,3110,0.33662106267896913,0.33662106267896913
3106,0.2028735319624083,3144,3111,0.33651399491094147,0.33651399491094147
3107,0.20285735810117358,3145,3112,0.33640699523052464,0.33640699523052464
3108,0.20284118947255295,3146,3113,0.33630006357279085,0.33630006357279085
3109,0.20282623846306047,3147,3114,0.3361931998728948,0.3361931998728948
3110,0.20275396937246154,3148,3115,0.3360864040660737,0.3360864040660737
3111,0.20269643619988598,3149,3116,0.3359796760876469,0.3359796760876469
3112,0.202644835439012,3150,3117,0.3358730158730159,0.3358730158730159
3113,0.20262854542116915,3151,3118,0.3357664233576642,0.3357664233576642
3114,0.20259080363867063,3152,3119,0.3356598984771574,0.3356598984771574
3115,0.20254438789177484,3153,3120,0.3355534411671424,0.3355534411671424
3116,0.2025010224959179,3154,3121,0.33576410906785037,0.33576410906785037
3117,0.20243296957034396,3155,3122,0.3359746434231379,0.3359746434231379
3118,0.2024309311953559,3156,3123,0.3358681875792142,0.3358681875792142
3119,0.2023991526944374,3157,3124,0.33576179917643334,0.33576179917643334
3120,0.20237940997506174,3158,3125,0.3356554781507283,0.3356554781507283
3121,0.20231788751849114,3159,3126,0.3355492244381133,0.3355492244381133
3122,0.2022594942127014,3160,3127,0.33544303797468356,0.33544303797468356
3123,0.2021144262812488,3161,3128,0.33533691869661497,0.33533691869661497
3124,0.20210661926504192,3162,3129,0.33523086654016443,0.33523086654016443
3125,0.20204769961282487,3164,3130,0.3350189633375474,0.3350189633375474
3126,0.20204422359910157,3165,3131,0.334913112164297,0.334913112164297
3127,0.20196485068049252,3166,3132,0.33480732785849654,0.33480732785849654
3128,0.20195923458886708,3167,3133,0.33470161035680457,0.33470161035680457
3129,0.201908010133408,3168,3134,0.3345959595959596,0.3345959595959596
3130,0.20188355795424495,3169,3135,0.33449037551278005,0.33449037551278005
3131,0.20182933860977428,3170,3136,0.334384858044164,0.334384858044164
3132,0.2016828858975392,3171,3137,0.33427940712708926,0.33427940712708926
3133,0.20167588674119577,3172,3138,0.33417402269861285,0.33417402269861285
3134,0.20162801357857532,3173,3139,0.3340687046958714,0.3340687046958714
3135,0.20158303476630238,3174,3140,0.33396345305608066,0.33396345305608066
3136,0.20149993474101185,3177,3141,0.3336480956877557,0.3336480956877557
3137,0.2014361073289009,3178,3142,0.33354310887350536,0.33354310887350536
3138,0.20143446362123732,3179,3143,0.3334381881094684,0.3334381881094684
3139,0.20142604119272117,3180,3144,0.3333333333333333,0.3333333333333333
3140,0.20138693179442066,3181,3145,0.33322854448286704,0.33322854448286704
3141,0.20129976269569835,3182,3146,0.3331238214959145,0.3331238214959145
3142,0.20129972101469054,3183,3147,0.333019164310399,0.333019164310399
3143,0.20128051022355095,3184,3148,0.33291457286432163,0.33291457286432163
3144,0.20114663494491003,3185,3149,0.3328100470957614,0.3328100470957614
3145,0.20111227126425169,3186,3150,0.33270558694287505,0.33270558694287505
3146,0.2010719054364564,3187,3151,0.3329149670536555,0.3329149670536555
3147,0.20101342608720374,3188,3152,0.33281053952321205,0.33281053952321205
3148,0.20094237589405345,3189,3153,0.33270617748510506,0.33270617748510506
3149,0.20089564288373984,3190,3154,0.33260188087774295,0.33260188087774295
3150,0.20083086966003585,3191,3155,0.3324976496396114,0.3324976496396114
3151,0.20075830602537942,3192,3156,0.3323934837092732,0.3323934837092732
3152,0.20065830888969222,3193,3157,0.332289383025368,0.332289383025368
3153,0.20061338370614365,3194,3158,0.3321853475266124,0.3321853475266124
3154,0.2005102975116119,3195,3159,0.3323943661971831,0.3323943661971831
3155,0.2004315016945893,3196,3160,0.33229036295369213,0.33229036295369213
3156,0.20034473749367612,3197,3161,0.3321864247732249,0.3321864247732249
3157,0.2002927925425128,3198,3162,0.3320825515947467,0.3320825515947467
3158,0.20028166920834306,3199,3163,0.33197874335729916,0.33197874335729916
3159,0.20025162190092627,3200,3164,0.331875,0.331875
3160,0.20024628435163377,3201,3165,0.33177132146204313,0.33177132146204313
3161,0.20020962643138543,3202,3166,0.3319800124921924,0.3319800124921924
3162,0.20017574708601812,3203,3167,0.33187636590696223,0.33187636590696223
3163,0.20016810400926258,3204,3168,0.331772784019975,0.331772784019975
3164,0.20015032211536507,3205,3169,0.3316692667706708,0.3316692667706708
3165,0.2001227597794179,3206,3170,0.3318777292576419,0.3318777292576419
3166,0.20011608558124752,3207,3171,0.33208606173994387,0.33208606173994387
3167,0.20010367514831612,3208,3172,0.33198254364089774,0.33198254364089774
3168,0.20004187789802996,3209,3173,0.33187909005920846,0.33187909005920846
3169,0.20002013868328272,3210,3174,0.3317757009345794,0.3317757009345794
3170,0.19995448585930797,3211,3175,0.3316723762067892,0.3316723762067892
3171,0.19985996797365713,3212,3176,0.33156911581569115,0.33156911581569115
3172,0.19981770384296488,3213,3177,0.3317771553065671,0.3317771553065671
3173,0.19976898457224485,3214,3178,0.3316739265712508,0.3316739265712508
3174,0.19972275611501042,3215,3179,0.33157076205287717,0.33157076205287717
3175,0.19967278558829452,3216,3180,0.3314676616915423,0.3314676616915423
3176,0.19944169216909266,3217,3181,0.3316754740441405,0.3316754740441405
3177,0.1993017607249205,3218,3182,0.3315724052206339,0.3315724052206339
3178,0.1992891000652678,3219,3183,0.3314694004349177,0.3314694004349177
3179,0.1991462546044098,3220,3184,0.3313664596273292,0.3313664596273292
3180,0.19909105646342082,3221,3185,0.33126358273828005,0.33126358273828005
3181,0.19907265504010577,3222,3186,0.33116076970825575,0.33116076970825575
3182,0.1990374033321829,3223,3187,0.3310580204778157,0.3310580204778157
3183,0.19903711520123757,3224,3188,0.33126550868486354,0.33126550868486354
3184,0.19898540905458925,3225,3189,0.3311627906976744,0.3311627906976744
3185,0.19893818117712378,3226,3190,0.3313701177929324,0.3313701177929324
3186,0.19892659463852036,3227,3191,0.3312674310505113,0.3312674310505113
3187,0.19881364861804074,3228,3192,0.33147459727385375,0.33147459727385375
3188,0.1988084008125812,3229,3193,0.3313719417776401,0.3313719417776401
3189,0.19873229192359573,3230,3194,0.33157894736842103,0.33157894736842103
3190,0.19865393501344847,3231,3195,0.33147632311977715,0.33147632311977715
3191,0.19864967576679046,3232,3196,0.3313737623762376,0.3313737623762376
3192,0.19849332905840103,3233,3197,0.3312712650788741,0.3312712650788741
3193,0.19847585046547747,3234,3198,0.33116883116883117,0.33116883116883117
3194,0.19843127021591528,3235,3199,0.3313755795981453,0.3313755795981453
3195,0.19841843137399565,3236,3200,0.33127317676143386,0.33127317676143386
3196,0.19838011581932868,3237,3201,0.33117083719493356,0.33117083719493356
3197,0.19834688385100993,3238,3202,0.33137739345274864,0.33137739345274864
3198,0.1983267226578098,3239,3203,0.3315838221673356,0.3315838221673356
3199,0.19831693067418604,3240,3204,0.3317901234567901,0.3317901234567901
3200,0.19830959208984533,3241,3205,0.331996297439062,0.331996297439062
3201,0.19817995692873838,3242,3206,0.33189389265885255,0.33189389265885255
3202,0.19817459315215924,3243,3207,0.3317915510329941,0.3317915510329941
3203,0.19814992187492275,3244,3208,0.33199753390875464,0.33199753390875464
3204,0.19807671440277286,3245,3209,0.33189522342064715,0.33189522342064715
3205,0.19795011080748684,3246,3210,0.3317929759704251,0.3317929759704251
3206,0.19789375550334593,3247,3211,0.33169079149984604,0.33169079149984604
3207,0.19780580029771822,3248,3212,0.33158866995073893,0.33158866995073893
3208,0.19773360159743247,3249,3213,0.3314866112650046,0.3314866112650046
3209,0.19769709448324035,3250,3214,0.3313846153846154,0.3313846153846154
3210,0.19767365616636268,3251,3215,0.3312826822516149,0.3312826822516149
3211,0.19766657379741273,3252,3216,0.3311808118081181,0.3311808118081181
3212,0.19766656482171385,3253,3217,0.33107900399631107,0.33107900399631107
3213,0.19764424580346557,3254,3218,0.33097725875845113,0.33097725875845113
3214,0.19762558403170924,3255,3219,0.33087557603686635,0.33087557603686635
3215,0.1976117493253642,3256,3220,0.3307739557739558,0.3307739557739558
3216,0.19753445562076774,3257,3221,0.33097942892232113,0.33097942892232113
3217,0.19752176374844874,3258,3222,0.33087783916513197,0.33087783916513197
3218,0.19752077561362588,3259,3223,0.3307763117520712,0.3307763117520712
3219,0.1974995025345705,3260,3224,0.33067484662576685,0.33067484662576685
3220,0.19740529924197375,3261,3225,0.3305734437289175,0.3305734437289175
3221,0.19738561793603732,3262,3226,0.33047210300429186,0.33047210300429186
3222,0.19737111958489925,3263,3227,0.33037082439472876,0.33037082439472876
3223,0.19721544067672425,3264,3228,0.33026960784313725,0.33026960784313725
3224,0.1972085010503985,3265,3229,0.33016845329249617,0.33016845329249617
3225,0.19713756982766667,3266,3230,0.3303735456215554,0.3303735456215554
3226,0.19712735818184335,3267,3231,0.33027242118151207,0.33027242118151207
3227,0.19711959122598913,3268,3232,0.33017135862913094,0.33017135862913094
3228,0.19701810663899602,3269,3233,0.330070357907617,0.330070357907617
3229,0.19700726008006003,3270,3234,0.3299694189602447,0.3299694189602447
3230,0.19699938819819302,3271,3235,0.3298685417303577,0.3298685417303577
3231,0.19697855440380765,3272,3236,0.3297677261613692,0.3297677261613692
3232,0.19691992614559975,3273,3237,0.3296669721967614,0.3296669721967614
3233,0.1968525434725662,3274,3238,0.3295662797800855,0.3295662797800855
3234,0.19680540647421263,3275,3239,0.3297709923664122,0.3297709923664122
3235,0.19677947124926978,3276,3240,0.32997557997557997,0.32997557997557997
3236,0.19676328008396585,3277,3241,0.32987488556606653,0.32987488556606653
3237,0.19675639064630498,3278,3242,0.32977425259304455,0.32977425259304455
3238,0.19674218563758733,3279,3243,0.3299786520280573,0.3299786520280573
3239,0.19670129933456956,3280,3244,0.3298780487804878,0.3298780487804878
3240,0.19667990073250546,3281,3245,0.3300822919841512,0.3300822919841512
3241,0.1965966673757206,3282,3246,0.329981718464351,0.329981718464351
3242,0.1965949325739466,3283,3247,0.3298812062138288,0.3298812062138288
3243,0.1965640908081374,3284,3248,0.32978075517661387,0.32978075517661387
3244,0.19653786014393484,3285,3249,0.32968036529680367,0.32968036529680367
3245,0.19650290344958352,3286,3250,0.3295800365185636,0.3295800365185636
3246,0.19642781055939654,3287,3251,0.32947976878612717,0.32947976878612717
3247,0.19642583160042532,3288,3252,0.32968369829683697,0.32968369829683697
3248,0.19630198639943996,3289,3253,0.3295834600182426,0.3295834600182426
3249,0.19629039442436588,3290,3254,0.32948328267477206,0.32948328267477206
3250,0.19623761907585788,3291,3255,0.32938316621087815,0.32938316621087815
3251,0.19620318327293393,3292,3256,0.3292831105710814,0.3292831105710814
3252,0.1960984955129447,3293,3257,0.32948679016094745,0.32948679016094745
3253,0.19608940126792684,3294,3258,0.3293867638129933,0.3293867638129933
3254,0.195991205217127,3295,3259,0.3292867981790592,0.3292867981790592
3255,0.1959807412195773,3296,3260,0.3291868932038835,0.3291868932038835
3256,0.19583220196952073,3297,3261,0.32908704883227174,0.32908704883227174
3257,0.19582363633514382,3298,3262,0.3289872650090964,0.3289872650090964
3258,0.1957101881521695,3299,3263,0.32888754167929674,0.32888754167929674
3259,0.19570646111664625,3300,3264,0.3287878787878788,0.3287878787878788
3260,0.19570321887731237,3301,3265,0.328991214783399,0.328991214783399
3261,0.19567621832500878,3302,3266,0.3291944276196245,0.3291944276196245
3262,0.19564277119941348,3303,3267,0.32909476233726914,0.32909476233726914
3263,0.19563568612843604,3304,3268,0.3289951573849879,0.3289951573849879
3264,0.19562932402169717,3305,3269,0.32889561270801815,0.32889561270801815
3265,0.1955737134468478,3306,3270,0.3290986085904416,0.3290986085904416
3266,0.1955419778301932,3307,3271,0.32899909283338374,0.32899909283338374
3267,0.1955262033705803,3308,3272,0.32889963724304716,0.32889963724304716
3268,0.1954818978870417,3309,3273,0.32880024176488365,0.32880024176488365
3269,0.19546475220646578,3310,3274,0.32900302114803626,0.32900302114803626
3270,0.1954605039871767,3311,3275,0.3289036544850498,0.3289036544850498
3271,0.1954287606850964,3312,3276,0.328804347826087,0.328804347826087
3272,0.1954144759942628,3313,3277,0.32870510111681256,0.32870510111681256
3273,0.19537969867368665,3314,3278,0.32860591430295716,0.32860591430295716
3274,0.19534307189852493,3315,3279,0.32850678733031674,0.32850678733031674
3275,0.1952772849713224,3316,3280,0.32870928829915563,0.32870928829915563
3276,0.19524816011723403,3317,3281,0.32891166716912873,0.32891166716912873
3277,0.19516835612164649,3318,3282,0.32881253767329716,0.32881253767329716
3278,0.1951585399610323,3319,3283,0.3287134679120217,0.3287134679120217
3279,0.19511156937848143,3320,3284,0.3286144578313253,0.3286144578313253
3280,0.1951033229243469,3321,3285,0.328515507377296,0.328515507377296
3281,0.1950376215809439,3322,3286,0.32871763997591813,0.32871763997591813
3282,0.19496863810163192,3323,3287,0.3286187180258802,0.3286187180258802
3283,0.19490169967824447,3324,3288,0.32882069795427193,0.32882069795427193
3284,0.19489086693844573,3325,3289,0.3287218045112782,0.3287218045112782
3285,0.19487850589629704,3326,3290,0.3286229705351774,0.3286229705351774
3286,0.19470654465414897,3327,3291,0.32852419597234744,0.32852419597234744
3287,0.194675371191429,3328,3292,0.3284254807692308,0.3284254807692308
3288,0.1946035329514086,3329,3293,0.32832682487233406,0.32832682487233406
3289,0.19456462236765584,3330,3294,0.32852852852852854,0.32852852852852854
3290,0.19452811145809404,3331,3295,0.3287301110777544,0.3287301110777544
3291,0.1945114062026454,3332,3296,0.32863145258103243,0.32863145258103243
3292,0.1945076376312931,3333,3297,0.3288328832883288,0.3288328832883288
3293,0.19449724173400829,3334,3298,0.3287342531493701,0.3287342531493701
3294,0.1943848106932591,3335,3299,0.32863568215892053,0.32863568215892053
3295,0.1942595946600025,3336,3300,0.328537170263789,0.328537170263789
3296,0.19423067345572986,3337,3301,0.32843871741084807,0.32843871741084807
3297,0.1942116559682712,3338,3302,0.32834032354703413,0.32834032354703413
3298,0.1941749446232276,3339,3303,0.3282419886193471,0.3282419886193471
3299,0.19412602706225127,3340,3304,0.3281437125748503,0.3281437125748503
3300,0.19411017581840598,3341,3305,0.32804549536067046,0.32804549536067046
3301,0.19408942608764654,3342,3306,0.3279473369239976,0.3279473369239976
3302,0.1940648840538477,3343,3307,0.327849237212085,0.327849237212085
3303,0.1940236551578859,3344,3308,0.3277511961722488,0.3277511961722488
3304,0.19398830511701318,3345,3309,0.32765321375186846,0.32765321375186846
3305,0.19395722935532758,3346,3310,0.3275552898983861,0.3275552898983861
3306,0.19389084497711248,3347,3311,0.3274574245593068,0.3274574245593068
3307,0.1938206179751215,3348,3312,0.32735961768219835,0.32735961768219835
3308,0.19369031275124096,3349,3313,0.32726186921469097,0.32726186921469097
3309,0.19366565585654694,3350,3314,0.32746268656716415,0.32746268656716415
3310,0.1933848141177339,3351,3315,0.327364965681886,0.327364965681886
3311,0.19336255379377934,3352,3316,0.3275656324582339,0.3275656324582339
3312,0.19332594190083008,3353,3317,0.3274679391589621,0.3274679391589621
3313,0.1932027806832793,3354,3318,0.32737030411449014,0.32737030411449014
3314,0.19320033613559462,3355,3319,0.32727272727272727,0.32727272727272727
3315,0.19311710533222204,3356,3320,0.3274731823599523,0.3274731823599523
3316,0.19310792991376613,3357,3321,0.3273756330056598,0.3273756330056598
3317,0.19295621963878115,3358,3322,0.3275759380583681,0.3275759380583681
3318,0.19286523865478436,3359,3323,0.3274784161952962,0.3274784161952962
3319,0.1928330635688475,3360,3324,0.3273809523809524,0.3273809523809524
3320,0.19282712614490063,3361,3325,0.32728354656352276,0.32728354656352276
3321,0.19279712116668807,3362,3326,0.3274836406900654,0.3274836406900654
3322,0.19275410751529687,3363,3327,0.32738626226583406,0.32738626226583406
3323,0.1927482334311027,3364,3328,0.3272889417360285,0.3272889417360285
3324,0.192616985415533,3365,3329,0.3271916790490342,0.3271916790490342
3325,0.19258417012712664,3366,3330,0.3270944741532977,0.3270944741532977
3326,0.19247941474233518,3368,3331,0.3269002375296912,0.3269002375296912
3327,0.19244858137934306,3369,3332,0.3271000296823983,0.3271000296823983
3328,0.19243494459151664,3370,3333,0.32700296735905043,0.32700296735905043
3329,0.19242625541742514,3371,3334,0.32690596262236726,0.32690596262236726
3330,0.19241082578017457,3372,3335,0.32680901542111507,0.32680901542111507
3331,0.19229822787415682,3373,3336,0.32671212570412095,0.32671212570412095
3332,0.19228488682754574,3374,3337,0.3266152934202727,0.3266152934202727
3333,0.1922061205817805,3375,3338,0.32651851851851854,0.32651851851851854
3334,0.19220603421511126,3376,3339,0.3264218009478673,0.3264218009478673
3335,0.1921993141586678,3377,3340,0.3263251406573882,0.3263251406573882
3336,0.1921956339620549,3378,3341,0.3262285375962108,0.3262285375962108
3337,0.19215332325367987,3379,3342,0.3261319917135247,0.3261319917135247
3338,0.19212724899068542,3380,3343,0.3263313609467456,0.3263313609467456
3339,0.19209097070802358,3381,3344,0.32623484176279205,0.32623484176279205
3340,0.19204581135032509,3382,3345,0.3264340626848019,0.3264340626848019
3341,0.19204113085366514,3383,3346,0.32663316582914576,0.32663316582914576
3342,0.19197358720334312,3384,3347,0.3265366430260047,0.3265366430260047
3343,0.19195846485334164,3385,3348,0.32644017725258495,0.32644017725258495
3344,0.1919302627938635,3386,3349,0.32634376845835794,0.32634376845835794
3345,0.19191718420233758,3387,3350,0.32624741659285506,0.32624741659285506
3346,0.1917732254119602,3388,3351,0.32615112160566706,0.32615112160566706
3347,0.19173492280801582,3389,3352,0.3260548834464444,0.3260548834464444
3348,0.1917230363648217,3390,3353,0.32595870206489674,0.32595870206489674
3349,0.1916962613847995,3391,3354,0.32615747567089354,0.32615747567089354
3350,0.19156568074759517,3392,3355,0.326061320754717,0.326061320754717
3351,0.1915401601525175,3393,3356,0.32596522251694665,0.32596522251694665
3352,0.19152038427699747,3394,3357,0.3258691809074838,0.3258691809074838
3353,0.19149898087559078,3395,3358,0.3260677466863034,0.3260677466863034
3354,0.19148834922019342,3396,3359,0.32597173144876324,0.32597173144876324
3355,0.19143163764559923,3397,3360,0.3258757727406535,0.3258757727406535
3356,0.1913453066721682,3398,3361,0.3257798705120659,0.3257798705120659
3357,0.19129151044421042,3399,3362,0.32568402471315094,0.32568402471315094
3358,0.19128129906453797,3400,3363,0.3255882352941176,0.3255882352941176
3359,0.19125254790697346,3401,3364,0.32549250220523374,0.32549250220523374
3360,0.19120225608486854,3402,3365,0.3253968253968254,0.3253968253968254
3361,0.19110025943608466,3403,3366,0.3253012048192771,0.3253012048192771
3362,0.19107981535950821,3404,3367,0.32520564042303174,0.32520564042303174
3363,0.19096220757968937,3405,3368,0.32540381791483114,0.32540381791483114
3364,0.19085918473390923,3406,3369,0.3253082795067528,0.3253082795067528
3365,0.190839015918594,3407,3370,0.3252127971822718,0.3252127971822718
3366,0.19077344269839105,3408,3371,0.32511737089201875,0.32511737089201875
3367,0.19073802828391356,3409,3372,0.3253153417424465,0.3253153417424465
3368,0.19069944423297802,3410,3373,0.3252199413489736,0.3252199413489736
3369,0.19069077588318517,3411,3374,0.3254177660510114,0.3254177660510114
3370,0.19066823312495518,3412,3375,0.32532239155920284,0.32532239155920284
3371,0.19066597482082914,3413,3376,0.3252270729563434,0.3252270729563434
3372,0.19065826884440332,3414,3377,0.3251318101933216,0.3251318101933216
3373,0.19062026644536909,3415,3378,0.32503660322108346,0.32503660322108346
3374,0.19057008950501758,3416,3379,0.32494145199063235,0.32494145199063235
3375,0.1904878721863449,3417,3380,0.3251390108282119,0.3251390108282119
3376,0.19045329829330634,3418,3381,0.32504388531304856,0.32504388531304856
3377,0.1904234267621243,3419,3382,0.324948815443112,0.324948815443112
3378,0.19042017075225884,3420,3383,0.3248538011695906,0.3248538011695906
3379,0.19041019700305545,3421,3384,0.3247588424437299,0.3247588424437299
3380,0.19039210371037915,3422,3385,0.3246639392168323,0.3246639392168323
3381,0.190370483230354,3423,3386,0.3245690914402571,0.3245690914402571
3382,0.1903442665691305,3424,3387,0.3244742990654206,0.3244742990654206
3383,0.19032524364565073,3425,3388,0.32437956204379564,0.32437956204379564
3384,0.1903247951106929,3426,3389,0.32428488032691183,0.32428488032691183
3385,0.19028936828647255,3427,3390,0.3241902538663554,0.3241902538663554
3386,0.19028750193788796,3428,3391,0.324095682613769,0.324095682613769
3387,0.19025625458402282,3429,3392,0.3242927967337416,0.3242927967337416
3388,0.19024970378722816,3430,3393,0.324198250728863,0.324198250728863
3389,0.1902325288949012,3431,3394,0.3241037598367823,0.3241037598367823
3390,0.19022003309989094,3432,3395,0.32400932400932403,0.32400932400932403
3391,0.1902147683746219,3433,3396,0.3239149431983688,0.3239149431983688
3392,0.1901704926194187,3434,3397,0.3238206173558532,0.3238206173558532
3393,0.1901033183159568,3435,3398,0.32372634643377,0.32372634643377
3394,0.1900746210185305,3436,3399,0.32363213038416766,0.32363213038416766
3395,0.1900633609016378,3437,3400,0.3235379691591504,0.3235379691591504
3396,0.18992481133053418,3439,3401,0.32334981099156734,0.32334981099156734
3397,0.1899059317271207,3440,3402,0.323546511627907,0.323546511627907
3398,0.1898758987606022,3441,3403,0.3234524847428073,0.3234524847428073
3399,0.18978932106458704,3442,3404,0.32364904125508426,0.32364904125508426
3400,0.18977196461911008,3443,3405,0.3235550392099913,0.3235550392099913
3401,0.1897607567249018,3444,3406,0.3237514518002323,0.3237514518002323
3402,0.1897024162947312,3445,3407,0.3239477503628447,0.3239477503628447
3403,0.18967194595505382,3446,3408,0.3238537434706907,0.3238537434706907
3404,0.18948714178441342,3447,3409,0.3237597911227154,0.3237597911227154
3405,0.18948036835974788,3448,3410,0.3236658932714617,0.3236658932714617
3406,0.18947173740087583,3449,3411,0.3235720498695274,0.3235720498695274
3407,0.18932103955716295,3450,3412,0.3234782608695652,0.3234782608695652
3408,0.18926527928771403,3451,3413,0.3233845262242828,0.3233845262242828
3409,0.18926456901685948,3452,3414,0.32329084588644263,0.32329084588644263
3410,0.18925449629914542,3453,3415,0.32319721980886185,0.32319721980886185
3411,0.18924415830702068,3454,3416,0.32310364794441226,0.32310364794441226
3412,0.18924299994805346,3455,3417,0.32301013024602027,0.32301013024602027
3413,0.18921045801601666,3456,3418,0.32320601851851855,0.32320601851851855
3414,0.18918384426195803,3457,3419,0.32311252531096324,0.32311252531096324
3415,0.1891734134683759,3458,3420,0.3233082706766917,0.3233082706766917
3416,0.18917291420187535,3459,3421,0.3232148019658861,0.3232148019658861
3417,0.189152939278163,3460,3422,0.32312138728323697,0.32312138728323697
3418,0.18913690275296283,3461,3423,0.32302802658191276,0.32302802658191276
3419,0.1891206659411945,3462,3424,0.32322357019064124,0.32322357019064124
3420,0.1891134626668644,3463,3425,0.3231302339012417,0.3231302339012417
3421,0.1890690633335153,3464,3426,0.32303695150115475,0.32303695150115475
3422,0.189043414529,3465,3427,0.3229437229437229,0.3229437229437229
3423,0.18903507651337037,3466,3428,0.32285054818234277,0.32285054818234277
3424,0.18903438136698478,3467,3429,0.3227574271704644,0.3227574271704644
3425,0.18902019585366572,3468,3430,0.3226643598615917,0.3226643598615917
3426,0.18899403242534374,3469,3431,0.32257134620928224,0.32257134620928224
3427,0.1889684365932754,3470,3432,0.32247838616714697,0.32247838616714697
3428,0.1889634396178999,3471,3433,0.32238547968885045,0.32238547968885045
3429,0.188957633714741,3472,3434,0.3222926267281106,0.3222926267281106
3430,0.1888967838864831,3473,3435,0.322487762741146,0.322487762741146
3431,0.18888827961792581,3475,3436,0.32230215827338127,0.32230215827338127
3432,0.18882651443617354,3476,3437,0.3222094361334868,0.3222094361334868
3433,0.18877719043433636,3478,3438,0.32231167337550315,0.32231167337550315
3434,0.1887507603780395,3479,3439,0.322219028456453,0.322219028456453
3435,0.18870330930537757,3480,3440,0.3221264367816092,0.3221264367816092
3436,0.1886901290646136,3481,3441,0.3220338983050847,0.3220338983050847
3437,0.1886247097543832,3482,3442,0.32222860425043076,0.32222860425043076
3438,0.1886183240572207,3483,3443,0.32213608957795004,0.32213608957795004
3439,0.18842365992129542,3484,3444,0.32233065442020664,0.32233065442020664
3440,0.18836275302695615,3485,3445,0.3222381635581062,0.3222381635581062
3441,0.1883477528672603,3486,3446,0.3221457257601836,0.3221457257601836
3442,0.18833642045777105,3487,3447,0.32205334098078575,0.32205334098078575
3443,0.18824061604314588,3488,3448,0.3219610091743119,0.3219610091743119
3444,0.18822324024168297,3489,3449,0.3218687302952135,0.3218687302952135
3445,0.18821698111569182,3490,3450,0.32177650429799426,0.32177650429799426
3446,0.18820803924112545,3491,3451,0.32168433113720996,0.32168433113720996
3447,0.18820669011182448,3492,3452,0.3215922107674685,0.3215922107674685
3448,0.1881837994763235,3493,3453,0.32150014314342973,0.32150014314342973
3449,0.18813318448950925,3494,3454,0.32140812821980536,0.32140812821980536
3450,0.18811729114334325,3495,3455,0.3213161659513591,0.3213161659513591
3451,0.18809554548929283,3496,3456,0.3212242562929062,0.3212242562929062
3452,0.18803858632079257,3497,3457,0.3211323991993137,0.3211323991993137
3453,0.1880282237621232,3498,3458,0.3210405946255003,0.3210405946255003
3454,0.18800710594047843,3499,3459,0.32094884252643613,0.32094884252643613
3455,0.18798611904112555,3500,3460,0.32085714285714284,0.32085714285714284
3456,0.1879593753791879,3501,3461,0.3207654955726935,0.3207654955726935
3457,0.18795643731522668,3502,3462,0.32067390062821244,0.32067390062821244
3458,0.18790559934259635,3503,3463,0.32058235797887524,0.32058235797887524
3459,0.18787582672349062,3504,3464,0.3204908675799087,0.3204908675799087
3460,0.1878616188358667,3505,3465,0.3203994293865906,0.3203994293865906
3461,0.18785512800122933,3506,3466,0.32059326868225896,0.32059326868225896
3462,0.18784579734703277,3507,3467,0.3205018534359852,0.3205018534359852
3463,0.18782837760692705,3508,3468,0.3204104903078677,0.3204104903078677
3464,0.18777895927696184,3509,3469,0.3203191792533485,0.3203191792533485
3465,0.1877590612651233,3510,3470,0.32051282051282054,0.32051282051282054
3466,0.18768839341456917,3511,3471,0.32042153232697235,0.32042153232697235
3467,0.18768266080934712,3512,3472,0.3206150341685649,0.3206150341685649
3468,0.18766443924927198,3513,3473,0.32080842584685454,0.32080842584685454
3469,0.18766325351844126,3514,3474,0.3207171314741036,0.3207171314741036
3470,0.1875970552778215,3515,3475,0.32062588904694167,0.32062588904694167
3471,0.18758602497025897,3516,3476,0.32053469852104666,0.32053469852104666
3472,0.1875777703233951,3517,3477,0.32044355985214673,0.32044355985214673
3473,0.18756365455239374,3518,3478,0.3203524729960205,0.3203524729960205
3474,0.18755241138112844,3519,3479,0.3202614379084967,0.3202614379084967
3475,0.18751972479805623,3520,3480,0.32017045454545456,0.32017045454545456
3476,0.18751232225267414,3521,3481,0.32007952286282304,0.32007952286282304
3477,0.1875033567184662,3522,3482,0.3199886428165815,0.3199886428165815
3478,0.18750256052877923,3523,3483,0.319897814362759,0.319897814362759
3479,0.18747663867026051,3524,3484,0.32009080590238365,0.32009080590238365
3480,0.18746629250236965,3525,3485,0.3202836879432624,0.3202836879432624
3481,0.1874618115885627,3526,3486,0.3204764605785593,0.3204764605785593
3482,0.1874297785343844,3527,3487,0.32038559682449674,0.32038559682449674
3483,0.18733425862397302,3528,3488,0.32029478458049887,0.32029478458049887
3484,0.18732584716108405,3529,3489,0.320204023802777,0.320204023802777
3485,0.18731830285380827,3530,3490,0.32039660056657226,0.32039660056657226
3486,0.18729465020707647,3531,3491,0.32030586236193714,0.32030586236193714
3487,0.18724594709078632,3532,3492,0.3202151755379388,0.3202151755379388
3488,0.1871454570666838,3533,3493,0.3201245400509482,0.3201245400509482
3489,0.18707008947027698,3534,3494,0.3200339558573854,0.3200339558573854
3490,0.1870673936634015,3535,3495,0.31994342291371997,0.31994342291371997
3491,0.18695202041354853,3536,3496,0.31985294117647056,0.31985294117647056
3492,0.18689522142567974,3537,3497,0.3197625106022053,0.3197625106022053
3493,0.18688132057995802,3538,3498,0.319672131147541,0.319672131147541
3494,0.18686996355775695,3539,3499,0.31958180276914383,0.31958180276914383
3495,0.1868355626242773,3540,3500,0.31949152542372883,0.31949152542372883
3496,0.18682176116788765,3541,3501,0.31968370516803163,0.31968370516803163
3497,0.18678090329362956,3544,3502,0.3194130925507901,0.3194130925507901
3498,0.18668812890420955,3545,3503,0.3193229901269394,0.3193229901269394
3499,0.18660551903952155,3546,3504,0.3195149464184997,0.3195149464184997
3500,0.18646480385286263,3547,3505,0.31942486608401466,0.31942486608401466
3501,0.18643934276300958,3548,3506,0.3193348365276212,0.3193348365276212
3502,0.1864276505508187,3549,3507,0.31924485770639616,0.31924485770639616
3503,0.18636866466590984,3550,3508,0.3191549295774648,0.3191549295774648
3504,0.18633524823012051,3551,3509,0.31906505209800057,0.31906505209800057
3505,0.186276880045654,3553,3510,0.3188854489164087,0.3188854489164087
3506,0.18625836255398842,3554,3511,0.3187957231288689,0.3187957231288689
3507,0.18621811494574125,3555,3512,0.31870604781997186,0.31870604781997186
3508,0.18614416670208003,3556,3513,0.3188976377952756,0.3188976377952756
3509,0.1861439334100873,3557,3514,0.31880798425639584,0.31880798425639584
3510,0.18613684961110033,3558,3515,0.31871838111298484,0.31871838111298484
3511,0.18613098200754952,3559,3516,0.3189098061253161,0.3189098061253161
3512,0.18612918986495808,3560,3517,0.3188202247191011,0.3188202247191011
3513,0.1860901986824709,3561,3518,0.31873069362538614,0.31873069362538614
3514,0.18603888893209267,3562,3519,0.31864121280179675,0.31864121280179675
3515,0.18601058873171153,3563,3520,0.31883244456918325,0.31883244456918325
3516,0.1859286428916802,3564,3521,0.31902356902356904,0.31902356902356904
3517,0.1859003107845239,3565,3522,0.31893408134642354,0.31893408134642354
3518,0.1858621753316871,3567,3523,0.3187552565180824,0.3187552565180824
3519,0.18585952779078216,3568,3524,0.3186659192825112,0.3186659192825112
3520,0.18585310242066688,3569,3525,0.31857663210983467,0.31857663210983467
3521,0.18579730517530962,3570,3526,0.31848739495798317,0.31848739495798317
3522,0.1857827304630348,3571,3527,0.3183982077849342,0.3183982077849342
3523,0.18576830192943722,3572,3528,0.3183090705487122,0.3183090705487122
3524,0.18575767258652015,3573,3529,0.31821998320738876,0.31821998320738876
3525,0.1857462152357168,3574,3530,0.31841074426412985,0.31841074426412985
3526,0.18570743790796107,3575,3531,0.31832167832167835,0.31832167832167835
3527,0.1857049523695529,3576,3532,0.3182326621923937,0.3182326621923937
3528,0.18569609525569142,3577,3533,0.31842325971484486,0.31842325971484486
3529,0.18561931381281668,3578,3534,0.3183342649524874,0.3183342649524874
3530,0.18548316955185923,3579,3535,0.31852472757753564,0.31852472757753564
3531,0.18546857185056392,3580,3536,0.3187150837988827,0.3187150837988827
3532,0.18544568424454277,3581,3537,0.31862608209997206,0.31862608209997206
3533,0.18543488349372658,3582,3538,0.318537130094919,0.318537130094919
3534,0.1853898567580461,3583,3539,0.3187273234719509,0.3187273234719509
3535,0.18533544455142703,3584,3540,0.3189174107142857,0.3189174107142857
3536,0.185322700591667,3585,3541,0.31910739191073917,0.31910739191073917
3537,0.18526458864844422,3586,3542,0.31901840490797545,0.31901840490797545
3538,0.1852189241890972,3587,3543,0.3189294675216058,0.3189294675216058
3539,0.18518050861603869,3588,3544,0.3188405797101449,0.3188405797101449
3540,0.1851697043445157,3589,3545,0.3187517414321538,0.3187517414321538
3541,0.18516545543288473,3590,3546,0.31866295264623956,0.31866295264623956
3542,0.18502899374027112,3591,3547,0.3185742133110554,0.3185742133110554
3543,0.18502788109139484,3592,3548,0.3184855233853007,0.3184855233853007
3544,0.1850148924728194,3593,3549,0.31839688282772055,0.31839688282772055
3545,0.18498986056555636,3594,3550,0.3183082915971063,0.3183082915971063
3546,0.18495603239967792,3596,3551,0.3181312569521691,0.3181312569521691
3547,0.18478274170849077,3597,3552,0.3180428134556575,0.3180428134556575
3548,0.18468001721647828,3598,3553,0.3179544191217343,0.3179544191217343
3549,0.18466638647338296,3599,3554,0.3178660739094193,0.3178660739094193
3550,0.18462935449642695,3600,3555,0.31777777777777777,0.31777777777777777
3551,0.18462719963597174,3601,3556,0.3176895306859206,0.3176895306859206
3552,0.1845017205757599,3602,3557,0.3176013325930039,0.3176013325930039
3553,0.18449426952448153,3603,3558,0.31751318345822926,0.31751318345822926
3554,0.1844864763003789,3604,3559,0.3177025527192009,0.3177025527192009
3555,0.1844733166492417,3605,3560,0.31761442441054094,0.31761442441054094
3556,0.18444638482787018,3606,3561,0.3175263449805879,0.3175263449805879
3557,0.18443934291116096,3607,3562,0.31743831438868864,0.31743831438868864
3558,0.18439933756200172,3608,3563,0.317350332594235,0.317350332594235
3559,0.18439703593730242,3609,3564,0.3172623995566639,0.3172623995566639
3560,0.18437429792435714,3610,3565,0.3171745152354571,0.3171745152354571
3561,0.18437335238336924,3611,3566,0.31708667959014125,0.31708667959014125
3562,0.18435161975676997,3612,3567,0.3169988925802879,0.3169988925802879
3563,0.18433554140120154,3613,3568,0.3169111541655134,0.3169111541655134
3564,0.18431824507373715,3614,3569,0.3171001660210293,0.3171001660210293
3565,0.18427817071579114,3615,3570,0.31701244813278007,0.31701244813278007
3566,0.1841727949441189,3616,3571,0.31692477876106195,0.31692477876106195
3567,0.18414368208561618,3617,3572,0.3168371578656345,0.3168371578656345
3568,0.18413903229054424,3618,3573,0.3170259812050857,0.3170259812050857
3569,0.18412504237291988,3619,3574,0.316938380768168,0.316938380768168
3570,0.18412200913794613,3620,3575,0.31712707182320443,0.31712707182320443
3571,0.18410445114563043,3621,3576,0.3170394918530793,0.3170394918530793
3572,0.18403907215141985,3622,3577,0.31722805080066263,0.31722805080066263
3573,0.18397843280934437,3623,3578,0.3171404913055479,0.3171404913055479
3574,0.1838164254419496,3624,3579,0.3173289183222958,0.3173289183222958
3575,0.18379655139665532,3625,3580,0.31724137931034485,0.31724137931034485
3576,0.1837861367396397,3626,3581,0.31742967457253174,0.31742967457253174
3577,0.18377099105494535,3627,3582,0.31734215605183347,0.31734215605183347
3578,0.1837576743152252,3628,3583,0.31725468577728777,0.31725468577728777
3579,0.1837165559828367,3629,3584,0.3174428217139708,0.3174428217139708
3580,0.18369659332292124,3630,3585,0.31763085399449037,0.31763085399449037
3581,0.1836132627772641,3631,3586,0.31754337648030845,0.31754337648030845
3582,0.1836104581835321,3632,3587,0.3174559471365639,0.3174559471365639
3583,0.18360958582482018,3633,3588,0.31736856592347923,0.31736856592347923
3584,0.18355584700706748,3634,3589,0.31728123280132087,0.31728123280132087
3585,0.18355308468499992,3635,3590,0.3171939477303989,0.3171939477303989
3586,0.18354132021654884,3636,3591,0.3171067106710671,0.3171067106710671
3587,0.18353302287703918,3637,3592,0.3170195215837229,0.3170195215837229
3588,0.18352929991286882,3638,3593,0.3172072567344695,0.3172072567344695
3589,0.1835146793304307,3639,3594,0.31712008793624624,0.31712008793624624
3590,0.18346137713811192,3640,3595,0.317032967032967,0.317032967032967
3591,0.18344472779591814,3641,3596,0.3169458939851689,0.3169458939851689
3592,0.1833559704972186,3642,3597,0.31685886875343217,0.31685886875343217
3593,0.1833145814772058,3643,3598,0.3170463903376338,0.3170463903376338
3594,0.18328985324503058,3644,3599,0.3172338090010977,0.3172338090010977
3595,0.1832681990996272,3645,3600,0.31714677640603567,0.31714677640603567
3596,0.18316579666340313,3646,3601,0.31705979155238617,0.31705979155238617
3597,0.18306685428597289,3647,3602,0.3169728544008774,0.3169728544008774
3598,0.18304601404956908,3648,3603,0.3168859649122807,0.3168859649122807
3599,0.18300798214984249,3649,3604,0.31679912304741026,0.31679912304741026
3600,0.1828811594317127,3650,3605,0.3167123287671233,0.3167123287671233
3601,0.1828794986301507,3651,3606,0.3166255820323199,0.3166255820323199
3602,0.18287103912324307,3652,3607,0.31681270536692224,0.31681270536692224
3603,0.18285762100682945,3653,3608,0.3167259786476868,0.3167259786476868
3604,0.18282252668542012,3655,3609,0.31655266757865935,0.31655266757865935
3605,0.18281397936263638,3656,3610,0.3164660831509847,0.3164660831509847
3606,0.1827864432888335,3657,3611,0.3163795460760186,0.3163795460760186
3607,0.1827760201613107,3658,3612,0.3162930563149262,0.3162930563149262
3608,0.18274120600214178,3659,3613,0.316206613828915,0.316206613828915
3609,0.1827221256933542,3660,3614,0.31612021857923495,0.31612021857923495
3610,0.18271853195845567,3661,3615,0.31603387052717835,0.31603387052717835
3611,0.1827059327839325,3662,3616,0.3159475696340797,0.3159475696340797
3612,0.1826755825778023,3663,3617,0.3158613158613159,0.3158613158613159
3613,0.18261336258633157,3664,3618,0.3160480349344978,0.3160480349344978
3614,0.18260624180239102,3665,3619,0.3159618008185539,0.3159618008185539
3615,0.18259206447686666,3666,3620,0.3158756137479542,0.3158756137479542
3616,0.1825299553267064,3667,3621,0.3160621761658031,0.3160621761658031
3617,0.1825239409641392,3668,3622,0.3159760087241003,0.3159760087241003
3618,0.18245069729974747,3669,3623,0.31588988825292996,0.31588988825292996
3619,0.18244714868939316,3670,3624,0.31607629427792916,0.31607629427792916
3620,0.18239932670123007,3671,3625,0.3159901934077908,0.3159901934077908
3621,0.18238564903284749,3672,3626,0.3159041394335512,0.3159041394335512
3622,0.18233706348911624,3673,3627,0.3160903893275252,0.3160903893275252
3623,0.18233343633398114,3674,3628,0.31600435492651063,0.31600435492651063
3624,0.18229873364714586,3675,3629,0.3159183673469388,0.3159183673469388
3625,0.18222445258871084,3676,3630,0.31610446137105547,0.31610446137105547
3626,0.18216781085373998,3677,3631,0.31601849333695947,0.31601849333695947
3627,0.18214934352471793,3678,3632,0.31593257205002717,0.31593257205002717
3628,0.1821345457851173,3680,3633,0.3157608695652174,0.3157608695652174
3629,0.18199557963663857,3681,3634,0.3156750882912252,0.3156750882912252
3630,0.1819805467495252,3682,3635,0.3155893536121673,0.3155893536121673
3631,0.18191684917884218,3683,3636,0.3155036654900896,0.3155036654900896
3632,0.181844350320296,3684,3637,0.31541802388707924,0.31541802388707924
3633,0.18181792963824125,3685,3638,0.3156037991858887,0.3156037991858887
3634,0.18173017455204651,3687,3639,0.31570382424735555,0.31570382424735555
3635,0.1817146626983486,3688,3640,0.3156182212581345,0.3156182212581345
3636,0.18169642455264085,3689,3641,0.3155326646787747,0.3155326646787747
3637,0.18167239560071566,3690,3642,0.3154471544715447,0.3154471544715447
3638,0.1816599358151411,3691,3643,0.31536169059875374,0.31536169059875374
3639,0.1816586292585504,3692,3644,0.3152762730227519,0.3152762730227519
3640,0.18161490440840217,3693,3645,0.3151909017059301,0.3151909017059301
3641,0.18159392103855626,3694,3646,0.3151055766107201,0.3151055766107201
3642,0.1815783776144294,3695,3647,0.3152909336941813,0.3152909336941813
3643,0.1815065784949612,3696,3648,0.3152056277056277,0.3152056277056277
3644,0.18149835389765478,3697,3649,0.3151203678658372,0.3151203678658372
3645,0.18145145798062692,3698,3650,0.31503515413737154,0.31503515413737154
3646,0.18133763591293742,3699,3651,0.3149499864828332,0.3149499864828332
3647,0.18130203548091198,3700,3652,0.31486486486486487,0.31486486486486487
3648,0.18127075400578208,3701,3653,0.3150499864901378,0.3150499864901378
3649,0.18126140447134376,3702,3654,0.3149648838465694,0.3149648838465694
3650,0.18121744192107436,3703,3655,0.3148798271671618,0.3148798271671618
3651,0.18119972775630244,3704,3656,0.3150647948164147,0.3150647948164147
3652,0.1811216932784032,3705,3657,0.31497975708502024,0.31497975708502024
3653,0.18094686577649743,3706,3658,0.31516459794927143,0.31516459794927143
3654,0.18093985932342485,3707,3659,0.31507957917453466,0.31507957917453466
3655,0.18083867293052255,3708,3660,0.31526429341963325,0.31526429341963325
3656,0.1807905967795185,3709,3661,0.3151792936101375,0.3151792936101375
3657,0.18075059074749278,3710,3662,0.3150943396226415,0.3150943396226415
3658,0.1807174696026958,3711,3663,0.3150094314201024,0.3150094314201024
3659,0.18070940689138992,3712,3664,0.31492456896551724,0.31492456896551724
3660,0.1807081037698655,3713,3665,0.31483975222192295,0.31483975222192295
3661,0.1806534285893418,3714,3666,0.31475498115239636,0.31475498115239636
3662,0.1805709729688247,3715,3667,0.31467025572005386,0.31467025572005386
3663,0.18054926172787905,3716,3668,0.3145855758880517,0.3145855758880517
3664,0.18045409024520237,3717,3669,0.3145009416195857,0.3145009416195857
3665,0.18043157302714322,3718,3670,0.3144163528778913,0.3144163528778913
3666,0.18042199590167565,3719,3671,0.31433180962624363,0.31433180962624363
3667,0.1803997087105684,3721,3672,0.3141628594463854,0.3141628594463854
3668,0.1803703739609456,3722,3673,0.3140784524449221,0.3140784524449221
3669,0.18034058198402214,3723,3674,0.31399409078699975,0.31399409078699975
3670,0.18032028329683705,3724,3675,0.31390977443609025,0.31390977443609025
3671,0.18030446876408227,3725,3676,0.3138255033557047,0.3138255033557047
3672,0.1802919762083748,3726,3677,0.31374127750939346,0.31374127750939346
3673,0.18029123117280835,3727,3678,0.3136570968607459,0.3136570968607459
3674,0.1802768157117892,3728,3679,0.3135729613733906,0.3135729613733906
3675,0.18027032972184692,3729,3680,0.31348887101099493,0.31348887101099493
3676,0.1802059146331814,3730,3681,0.3136729222520107,0.3136729222520107
3677,0.18020528061184304,3731,3682,0.313588850174216,0.313588850174216
3678,0.18016973185894025,3732,3683,0.3137727759914255,0.3137727759914255
3679,0.18016308048612373,3733,3684,0.31368872220733995,0.31368872220733995
3680,0.18014352996597358,3734,3685,0.31360471344402785,0.31360471344402785
3681,0.1801244401788794,3735,3686,0.313520749665328,0.313520749665328
3682,0.18010744673535148,3736,3687,0.31370449678800855,0.31370449678800855
3683,0.18005588649150597,3737,3688,0.3136205512443136,0.3136205512443136
3684,0.18004774115585637,3738,3689,0.3135366506153023,0.3135366506153023
3685,0.17990666524821278,3739,3690,0.31345279486493716,0.31345279486493716
3686,0.17988529640828888,3740,3691,0.31336898395721924,0.31336898395721924
3687,0.17985008350522727,3742,3692,0.31320149652592194,0.31320149652592194
3688,0.1798390068783301,3743,3693,0.313117819930537,0.313117819930537
3689,0.17982609979302352,3744,3694,0.31303418803418803,0.31303418803418803
3690,0.17978956690642953,3745,3695,0.31295060080106807,0.31295060080106807
3691,0.17978791554008305,3746,3696,0.31286705819540844,0.31286705819540844
3692,0.17972789674622347,3747,3697,0.3127835601814785,0.3127835601814785
3693,0.17972756827812558,3748,3698,0.3127001067235859,0.3127001067235859
3694,0.17972443631876392,3749,3699,0.3126166977860763,0.3126166977860763
3695,0.17971999157959445,3750,3700,0.3128,0.3128
3696,0.1797073330918451,3751,3701,0.3127166089042922,0.3127166089042922
3697,0.17969519919454502,3752,3702,0.31289978678038377,0.31289978678038377
3698,0.17969216648560313,3753,3703,0.31308286703970156,0.31308286703970156
3699,0.17960633398513803,3754,3704,0.31299946723494937,0.31299946723494937
3700,0.17957413647870854,3755,3705,0.31318242343541947,0.31318242343541947
3701,0.17954811641411486,3756,3706,0.31309904153354634,0.31309904153354634
3702,0.17951774298079962,3757,3707,0.31301570401916423,0.31301570401916423
3703,0.1795013667656484,3758,3708,0.3131985098456626,0.3131985098456626
3704,0.17947209352160132,3759,3709,0.31311519021016226,0.31311519021016226
3705,0.17946217501488418,3760,3710,0.31303191489361704,0.31303191489361704
3706,0.17943437549516292,3761,3711,0.3132145705929274,0.3132145705929274
3707,0.17940334095425423,3762,3712,0.31313131313131315,0.31313131313131315
3708,0.17939899538202508,3763,3713,0.3130480999202764,0.3130480999202764
3709,0.1793396775853413,3764,3714,0.313230605738576,0.313230605738576
3710,0.1793134837460865,3765,3715,0.31314741035856575,0.31314741035856575
3711,0.17930873656202845,3766,3716,0.31306425916091346,0.31306425916091346
3712,0.1793040770174894,3767,3717,0.3129811521104327,0.3129811521104327
3713,0.1791793281607952,3768,3718,0.31289808917197454,0.31289808917197454
3714,0.17913525785558768,3769,3719,0.31281507031042716,0.31281507031042716
3715,0.1791186320652635,3770,3720,0.3127320954907162,0.3127320954907162
3716,0.17910934723347288,3771,3721,0.3126491646778043,0.3126491646778043
3717,0.17905396537265703,3772,3722,0.3125662778366914,0.3125662778366914
3718,0.17904981236426276,3773,3723,0.31248343493241454,0.31248343493241454
3719,0.17903034727464662,3774,3724,0.3124006359300477,0.3124006359300477
3720,0.1790021767877657,3775,3725,0.31231788079470196,0.31231788079470196
3721,0.1789263996789466,3776,3726,0.3122351694915254,0.3122351694915254
3722,0.1788933141085397,3777,3727,0.31215250198570293,0.31215250198570293
3723,0.1788778924427177,3778,3728,0.3120698782424563,0.3120698782424563
3724,0.17879137500316364,3779,3729,0.3119872982270442,0.3119872982270442
3725,0.17877761074069523,3780,3730,0.31216931216931215,0.31216931216931215
3726,0.178775739637976,3781,3731,0.3120867495371595,0.3120867495371595
3727,0.17875790961904284,3782,3732,0.3120042305658382,0.3120042305658382
3728,0.17874424503025918,3783,3733,0.3119217552207243,0.3119217552207243
3729,0.17872293226909325,3784,3734,0.3118393234672304,0.3118393234672304
3730,0.1787024587457361,3785,3735,0.31175693527080584,0.31175693527080584
3731,0.17869080649200647,3786,3736,0.3119387216059165,0.3119387216059165
3732,0.1785466258405607,3787,3737,0.3118563506733562,0.3118563506733562
3733,0.17850977089945558,3788,3738,0.3117740232312566,0.3117740232312566
3734,0.1785053460454801,3789,3739,0.31169173924518345,0.31169173924518345
3735,0.1784717542830713,3790,3740,0.3116094986807388,0.3116094986807388
3736,0.17842735818237543,3791,3741,0.31152730150356106,0.31152730150356106
3737,0.1784001458119247,3792,3742,0.3114451476793249,0.3114451476793249
3738,0.1783994215045669,3793,3743,0.3113630371737411,0.3113630371737411
3739,0.17835729819428112,3794,3744,0.31128096995255666,0.31128096995255666
3740,0.17834179708279446,3795,3745,0.3111989459815547,0.3111989459815547
3741,0.17832640081564224,3796,3746,0.31138040042149634,0.31138040042149634
3742,0.17830135881666295,3797,3747,0.3112983934685278,0.3112983934685278
3743,0.17822975888362838,3798,3748,0.3114797261716693,0.3114797261716693
3744,0.17798921278505928,3799,3749,0.3113977362463806,0.3113977362463806
3745,0.17798214255300693,3800,3750,0.3113157894736842,0.3113157894736842
3746,0.17790935336434033,3801,3751,0.31123388581952116,0.31123388581952116
3747,0.1779008499548209,3802,3752,0.3111520252498685,0.3111520252498685
3748,0.17790031272748846,3803,3753,0.3110702077307389,0.3110702077307389
3749,0.17784980720854499,3804,3754,0.31098843322818087,0.31098843322818087
3750,0.1778323007136842,3805,3755,0.31090670170827855,0.31090670170827855
3751,0.17768531324108783,3806,3756,0.3108250131371519,0.3108250131371519
3752,0.17766353506780627,3807,3757,0.31074336748095616,0.31074336748095616
3753,0.17764354894569465,3808,3758,0.31092436974789917,0.31092436974789917
3754,0.17758868841427386,3809,3759,0.3108427408768706,0.3108427408768706
3755,0.17755837402970934,3810,3760,0.31076115485564304,0.31076115485564304
3756,0.17754184306776485,3811,3761,0.3106796116504854,0.3106796116504854
3757,0.17741698932083025,3812,3762,0.310598111227702,0.310598111227702
3758,0.17740713171188588,3813,3763,0.31051665355363234,0.31051665355363234
3759,0.17739956077884075,3814,3764,0.3104352385946513,0.3104352385946513
3760,0.17737617834069724,3815,3765,0.31035386631716905,0.31035386631716905
3761,0.17728866713238922,3816,3766,0.31053459119496857,0.31053459119496857
3762,0.1772491220942009,3817,3767,0.31045323552528165,0.31045323552528165
3763,0.17718251055173256,3818,3768,0.3103719224724987,0.3103719224724987
3764,0.17713661063002276,3819,3769,0.31055250065462164,0.31055250065462164
3765,0.17712793919465944,3820,3770,0.3104712041884817,0.3104712041884817
3766,0.17707550781338424,3821,3771,0.31038995027479716,0.31038995027479716
3767,0.17698993325387247,3822,3772,0.31030873888016747,0.31030873888016747
3768,0.17697427993770223,3823,3773,0.3102275699712268,0.3102275699712268
3769,0.1769560459204359,3824,3774,0.3101464435146444,0.3101464435146444
3770,0.1769496945110464,3825,3775,0.31006535947712416,0.31006535947712416
3771,0.1769023617258941,3826,3776,0.30998431782540514,0.30998431782540514
3772,0.17689480732267562,3827,3777,0.3099033185262608,0.3099033185262608
3773,0.17681357938106834,3828,3778,0.3098223615464995,0.3098223615464995
3774,0.17680394066930225,3829,3779,0.30974144685296423,0.30974144685296423
3775,0.17679204244832075,3830,3780,0.30966057441253264,0.30966057441253264
3776,0.17677322210983162,3831,3781,0.3098407726442182,0.3098407726442182
3777,0.17672318304368514,3832,3782,0.30975991649269313,0.30975991649269313
3778,0.1766838976952064,3833,3783,0.30967910253065484,0.30967910253065484
3779,0.17659080876906386,3834,3784,0.30985915492957744,0.30985915492957744
3780,0.17658494465859612,3835,3785,0.30977835723598435,0.30977835723598435
3781,0.17644944127094628,3836,3786,0.3096976016684046,0.3096976016684046
3782,0.17644344783582752,3837,3787,0.3096168881939015,0.3096168881939015
3783,0.1764394572379725,3838,3788,0.3095362167795727,0.3095362167795727
3784,0.17641670998602016,3839,3789,0.30945558739255014,0.30945558739255014
3785,0.17634235441489488,3840,3790,0.309375,0.309375
3786,0.17633599551714038,3841,3791,0.3095548034366051,0.3095548034366051
3787,0.17624567456029847,3842,3792,0.3094742321707444,0.3094742321707444
3788,0.17618862668708282,3844,3793,0.30931321540062434,0.30931321540062434
3789,0.1761656418973903,3845,3794,0.3092327698309493,0.3092327698309493
3790,0.17616355959679697,3846,3795,0.3091523660946438,0.3091523660946438
3791,0.17606245471270868,3847,3796,0.3093319469716662,0.3093319469716662
3792,0.1760507173332165,3848,3797,0.3092515592515592,0.3092515592515592
3793,0.17599694618732842,3849,3798,0.3091712133021564,0.3091712133021564
3794,0.17599087950339887,3850,3799,0.3090909090909091,0.3090909090909091
3795,0.1759893332283372,3852,3800,0.3089304257528557,0.3089304257528557
3796,0.17590487250905293,3853,3801,0.3088502465611212,0.3088502465611212
3797,0.1758729166489464,3854,3802,0.30877010897768553,0.30877010897768553
3798,0.17586697459455242,3855,3803,0.3086900129701686,0.3086900129701686
3799,0.17583183439449743,3856,3804,0.3086099585062241,0.3086099585062241
3800,0.17580072776280314,3857,3805,0.308529945553539,0.308529945553539
3801,0.1757597290012358,3858,3806,0.3084499740798341,0.3084499740798341
3802,0.17575225945366948,3859,3807,0.30837004405286345,0.30837004405286345
3803,0.17571101206222264,3860,3808,0.3082901554404145,0.3082901554404145
3804,0.1757043374969553,3861,3809,0.3082103082103082,0.3082103082103082
3805,0.17570247413442652,3862,3810,0.30838943552563436,0.30838943552563436
3806,0.17568962121579243,3863,3811,0.3085684701009578,0.3085684701009578
3807,0.1756681485924952,3864,3812,0.3084886128364389,0.3084886128364389
3808,0.17566655421733798,3865,3813,0.30840879689521344,0.30840879689521344
3809,0.17566091041462759,3866,3814,0.3085876875323332,0.3085876875323332
3810,0.1756382877176847,3867,3815,0.30850788725109907,0.30850788725109907
3811,0.17561052844452957,3868,3816,0.3084281282316443,0.3084281282316443
3812,0.1756070886677307,3869,3817,0.3083484104419747,0.3083484104419747
3813,0.17554199169874365,3870,3818,0.3082687338501292,0.3082687338501292
3814,0.1755199474522832,3871,3819,0.3081890984241798,0.3081890984241798
3815,0.17544506431538034,3872,3820,0.30836776859504134,0.30836776859504134
3816,0.17527952472404326,3873,3821,0.308288148721921,0.308288148721921
3817,0.17519941901453065,3874,3822,0.3082085699535364,0.3082085699535364
3818,0.17514432288688553,3875,3823,0.30812903225806454,0.30812903225806454
3819,0.1750798374289164,3876,3824,0.3080495356037152,0.3080495356037152
3820,0.1750160975232163,3877,3825,0.307970079958731,0.307970079958731
3821,0.1750024642384107,3878,3826,0.3078906652913873,0.3078906652913873
3822,0.17496427063076667,3879,3827,0.30781129156999226,0.30781129156999226
3823,0.1748686897980001,3880,3828,0.3077319587628866,0.3077319587628866
3824,0.17483684819418266,3881,3829,0.3076526668384437,0.3076526668384437
3825,0.1748119444320346,3882,3830,0.3075734157650695,0.3075734157650695
3826,0.17479802700598754,3883,3831,0.30749420551120266,0.30749420551120266
3827,0.17478153750154055,3884,3832,0.3074150360453141,0.3074150360453141
3828,0.17469938976855015,3885,3833,0.3073359073359073,0.3073359073359073
3829,0.17468642731291215,3886,3834,0.3072568193515183,0.3072568193515183
3830,0.17467782912870533,3887,3835,0.3071777720607152,0.3071777720607152
3831,0.17463083725549094,3888,3836,0.3073559670781893,0.3073559670781893
3832,0.1746156657000759,3889,3837,0.30727693494471586,0.30727693494471586
3833,0.17461305565540258,3890,3838,0.30719794344473006,0.30719794344473006
3834,0.17461277292654498,3891,3839,0.3071189925469031,0.3071189925469031
3835,0.17460759368457393,3892,3840,0.30704008221993834,0.30704008221993834
3836,0.174540359530323,3893,3841,0.3069612124325713,0.3069612124325713
3837,0.1745268243060575,3894,3842,0.3068823831535696,0.3068823831535696
3838,0.1744833100982877,3895,3843,0.3070603337612324,0.3070603337612324
3839,0.1744356096909254,3896,3844,0.3069815195071869,0.3069815195071869
3840,0.17431887514765854,3897,3845,0.3069027457018219,0.3069027457018219
3841,0.17425789643885176,3898,3846,0.3068240123140072,0.3068240123140072
3842,0.17422049982913296,3899,3847,0.30674531931264426,0.30674531931264426
3843,0.17420625934439868,3900,3848,0.30666666666666664,0.30666666666666664
3844,0.1740737077904607,3901,3849,0.3065880543450397,0.3065880543450397
3845,0.17403533939980306,3902,3850,0.3065094823167606,0.3065094823167606
3846,0.1740196834332926,3904,3851,0.30635245901639346,0.30635245901639346
3847,0.17401448666539254,3905,3852,0.3062740076824584,0.3062740076824584
3848,0.17401301673370306,3906,3853,0.3061955965181772,0.3061955965181772
3849,0.1739550252445277,3907,3854,0.3061172254927054,0.3061172254927054
3850,0.17394853223041223,3908,3855,0.3060388945752303,0.3060388945752303
3851,0.17390876698366892,3909,3856,0.3059606037349706,0.3059606037349706
3852,0.17382953995003997,3910,3857,0.3058823529411765,0.3058823529411765
3853,0.1738197548522077,3911,3858,0.3058041421631296,0.3058041421631296
3854,0.17381604032717562,3912,3859,0.3057259713701431,0.3057259713701431
3855,0.17380039626162805,3913,3860,0.30564784053156147,0.30564784053156147
3856,0.1737451343407975,3914,3861,0.30556974961676037,0.30556974961676037
3857,0.1737307649754057,3916,3862,0.30566905005107253,0.30566905005107253
3858,0.17369183987070602,3917,3863,0.30559101353076334,0.30559101353076334
3859,0.17366794750107262,3918,3864,0.3055130168453293,0.3055130168453293
3860,0.1736659501826955,3919,3865,0.3054350599642766,0.3054350599642766
3861,0.17365040723887748,3920,3866,0.3056122448979592,0.3056122448979592
3862,0.17363794835541574,3921,3867,0.3055343024738587,0.3055343024738587
3863,0.17362957088961087,3922,3868,0.30545639979602246,0.30545639979602246
3864,0.17362138517115583,3923,3869,0.3053785368340556,0.3053785368340556
3865,0.1735838488422564,3924,3870,0.3053007135575943,0.3053007135575943
3866,0.17354590335495293,3925,3871,0.30522292993630573,0.30522292993630573
3867,0.17351754419205903,3926,3872,0.30514518593988793,0.30514518593988793
3868,0.17349449152412072,3927,3873,0.3050674815380698,0.3050674815380698
3869,0.17348893522211198,3928,3874,0.304989816700611,0.304989816700611
3870,0.17347206757481215,3929,3875,0.30491219139730213,0.30491219139730213
3871,0.17346052811242876,3930,3876,0.305089058524173,0.305089058524173
3872,0.17344028312848034,3931,3877,0.30501144746883746,0.30501144746883746
3873,0.1734265794974929,3932,3878,0.30493387589013227,0.30493387589013227
3874,0.17328750840239587,3933,3879,0.30485634375794557,0.30485634375794557
3875,0.17325520829037683,3934,3880,0.30477885104219626,0.30477885104219626
3876,0.17321028588807347,3935,3881,0.30470139771283355,0.30470139771283355
3877,0.1731125927009574,3936,3882,0.3048780487804878,0.3048780487804878
3878,0.17309699820233354,3937,3883,0.3048006096012192,0.3048006096012192
3879,0.17309030768663528,3938,3884,0.3047232097511427,0.3047232097511427
3880,0.1730861940998982,3939,3885,0.30464584920030463,0.30464584920030463
3881,0.17306516530177574,3940,3886,0.3048223350253807,0.3048223350253807
3882,0.17304978812963834,3941,3887,0.3047449885815783,0.3047449885815783
3883,0.17301891880704745,3942,3888,0.30492135971588025,0.30492135971588025
3884,0.17289787685105168,3943,3889,0.30484402739031197,0.30484402739031197
3885,0.17285050365790144,3944,3890,0.30476673427991885,0.30476673427991885
3886,0.17284876116083603,3945,3891,0.3046894803548796,0.3046894803548796
3887,0.1728196275442718,3946,3892,0.30461226558540294,0.30461226558540294
3888,0.17281084980122688,3947,3893,0.3045350899417279,0.3045350899417279
3889,0.17280840389434124,3948,3894,0.3044579533941236,0.3044579533941236
3890,0.17277444798458164,3949,3895,0.3043808559128893,0.3043808559128893
3891,0.17277017783152904,3950,3896,0.30455696202531646,0.30455696202531646
3892,0.17274069082446136,3951,3897,0.30447987851176916,0.30447987851176916
3893,0.17271725800644774,3952,3898,0.30440283400809715,0.30440283400809715
3894,0.17269407900198028,3953,3899,0.3043258284846952,0.3043258284846952
3895,0.17264782817818097,3954,3900,0.30450177035913,0.30450177035913
3896,0.17261605799137295,3955,3901,0.30442477876106194,0.30442477876106194
3897,0.1726063599271951,3956,3902,0.30434782608695654,0.30434782608695654
3898,0.1725563730411722,3957,3903,0.3045236290118777,0.3045236290118777
3899,0.17251414714879365,3958,3904,0.3044466902475998,0.3044466902475998
3900,0.17248821276993462,3960,3905,0.3042929292929293,0.3042929292929293
3901,0.17246687201970473,3961,3906,0.30421610704367585,0.30421610704367585
3902,0.17243132407837958,3962,3907,0.3043917213528521,0.3043917213528521
3903,0.172394178961928,3963,3908,0.30431491294473884,0.30431491294473884
3904,0.17238623625070196,3964,3909,0.30423814328960647,0.30423814328960647
3905,0.17236515431215182,3965,3910,0.30441361916771753,0.30441361916771753
3906,0.172335471340321,3966,3911,0.30458900655572363,0.30458900655572363
3907,0.17231930983268381,3967,3912,0.3047643055205445,0.3047643055205445
3908,0.17216921942273572,3968,3913,0.3046875,0.3046875
3909,0.1721018421728929,3969,3914,0.30461073318216175,0.30461073318216175
3910,0.17209423847608374,3970,3915,0.3047858942065491,0.3047858942065491
3911,0.1720933538481272,3971,3916,0.3047091412742382,0.3047091412742382
3912,0.17203764500762272,3972,3917,0.30463242698892246,0.30463242698892246
3913,0.17201344869454996,3973,3918,0.3045557513214196,0.3045557513214196
3914,0.1719974757622266,3974,3919,0.30447911424257673,0.30447911424257673
3915,0.17196924437696032,3975,3920,0.30440251572327043,0.30440251572327043
3916,0.17189353320777165,3976,3921,0.30432595573440646,0.30432595573440646
3917,0.17188684670999044,3977,3922,0.3042494342469198,0.3042494342469198
3918,0.17185746635623536,3978,3923,0.3044243338360985,0.3044243338360985
3919,0.17179392576602867,3979,3924,0.30434782608695654,0.30434782608695654
3920,0.17171994316291475,3980,3925,0.3042713567839196,0.3042713567839196
3921,0.17170982213931676,3981,3926,0.30419492589801556,0.30419492589801556
3922,0.17163049147269027,3982,3927,0.30411853340030137,0.30411853340030137
3923,0.17161997021670686,3983,3928,0.30404217926186294,0.30404217926186294
3924,0.17161544291719164,3984,3929,0.3042168674698795,0.3042168674698795
3925,0.17159937782478094,3985,3930,0.3041405269761606,0.3041405269761606
3926,0.17152644720956878,3986,3931,0.30406422478675366,0.30406422478675366
3927,0.17151532824358273,3987,3932,0.3039879608728367,0.3039879608728367
3928,0.1714947422984376,3988,3933,0.3039117352056169,0.3039117352056169
3929,0.17148109184653004,3989,3934,0.3038355477563299,0.3038355477563299
3930,0.17142469415234612,3990,3935,0.3037593984962406,0.3037593984962406
3931,0.17141015131697296,3991,3936,0.30368328739664247,0.30368328739664247
3932,0.17136789427300886,3992,3937,0.3038577154308617,0.3038577154308617
3933,0.1713624748863834,3993,3938,0.3037816178312046,0.3037816178312046
3934,0.17133968078297038,3994,3939,0.30370555833750623,0.30370555833750623
3935,0.1713332974108241,3995,3940,0.30362953692115147,0.30362953692115147
3936,0.17131003808188694,3996,3941,0.30355355355355357,0.30355355355355357
3937,0.17130333909283765,3997,3942,0.3034776082061546,0.3034776082061546
3938,0.17127279678154578,3998,3943,0.3034017008504252,0.3034017008504252
3939,0.17125817283995276,3999,3944,0.30332583145786446,0.30332583145786446
3940,0.1712489848489104,4000,3945,0.30325,0.30325
3941,0.1711562566884602,4001,3946,0.3031742064483879,0.3031742064483879
3942,0.1711435220659839,4002,3947,0.30309845077461267,0.30309845077461267
3943,0.17113467897789783,4003,3948,0.3030227329502873,0.3030227329502873
3944,0.1711018136348215,4004,3949,0.30294705294705293,0.30294705294705293
3945,0.17107393843779248,4005,3950,0.30287141073657925,0.30287141073657925
3946,0.17106824059746223,4006,3951,0.30279580629056413,0.30279580629056413
3947,0.17106488865749991,4007,3952,0.30272023958073374,0.30272023958073374
3948,0.17103838491528964,4008,3953,0.3028942115768463,0.3028942115768463
3949,0.17096336049473196,4009,3954,0.30281865801945623,0.30281865801945623
3950,0.1709473150786809,4010,3955,0.3027431421446384,0.3027431421446384
3951,0.17092332557066037,4011,3956,0.3029169783096485,0.3029169783096485
3952,0.17085023599040672,4012,3957,0.30284147557328017,0.30284147557328017
3953,0.17080696034482323,4013,3958,0.30276601046598556,0.30276601046598556
3954,0.1707156201297073,4014,3959,0.30269058295964124,0.30269058295964124
3955,0.17069203733804522,4015,3960,0.3026151930261519,0.3026151930261519
3956,0.1706413107258858,4016,3961,0.3025398406374502,0.3025398406374502
3957,0.17063667032777916,4019,3962,0.3023140084598159,0.3023140084598159
3958,0.17063042278045187,4020,3963,0.30223880597014924,0.30223880597014924
3959,0.17057589022069497,4022,3964,0.3020885131775236,0.3020885131775236
3960,0.17057064093804955,4023,3965,0.3022619935371613,0.3022619935371613
3961,0.17056964466994073,4024,3966,0.3024353876739563,0.3024353876739563
3962,0.17052896924304764,4025,3967,0.3026086956521739,0.3026086956521739
3963,0.17046801039455967,4026,3968,0.3025335320417288,0.3025335320417288
3964,0.17046586402564573,4027,3969,0.30270672957536626,0.30270672957536626
3965,0.1703745262307295,4028,3970,0.3026315789473684,0.3026315789473684
3966,0.17033679166624288,4029,3971,0.3028046661702656,0.3028046661702656
3967,0.17026596939726396,4030,3972,0.3027295285359802,0.3027295285359802
3968,0.17024180366754493,4031,3973,0.30265442818159266,0.30265442818159266
3969,0.1702219590831744,4032,3974,0.30257936507936506,0.30257936507936506
3970,0.17008446524186457,4033,3975,0.3025043392015869,0.3025043392015869
3971,0.17007230929260853,4034,3976,0.3024293505205751,0.3024293505205751
3972,0.17005655306150938,4035,3977,0.3023543990086741,0.3023543990086741
3973,0.1699364938304519,4036,3978,0.3022794846382557,0.3022794846382557
3974,0.169925389130655,4037,3979,0.3022046073817191,0.3022046073817191
3975,0.1699133287025959,4038,3980,0.3021297672114908,0.3021297672114908
3976,0.1698857675817776,4039,3981,0.30205496410002475,0.30205496410002475
3977,0.16987311744932262,4040,3982,0.30198019801980197,0.30198019801980197
3978,0.16986820887834025,4041,3983,0.30190546894333087,0.30190546894333087
3979,0.16981878315205023,4042,3984,0.30183077684314696,0.30183077684314696
3980,0.16979837040964374,4043,3985,0.301756121691813,0.301756121691813
3981,0.16979272973602835,4044,3986,0.3016815034619189,0.3016815034619189
3982,0.1697144695428275,4045,3987,0.3016069221260816,0.3016069221260816
3983,0.16968524487468808,4046,3988,0.3015323776569451,0.3015323776569451
3984,0.16965598456707298,4047,3989,0.3014578700271806,0.3014578700271806
3985,0.169569656516738,4048,3990,0.30138339920948615,0.30138339920948615
3986,0.16952649094594735,4049,3991,0.3013089651765868,0.3013089651765868
3987,0.16951491651334444,4050,3992,0.3012345679012346,0.3012345679012346
3988,0.16950272669072897,4051,3993,0.30116020735620835,0.30116020735620835
3989,0.16949133776423006,4052,3994,0.3010858835143139,0.3010858835143139
3990,0.169458454280848,4053,3995,0.3010115963483839,0.3010115963483839
3991,0.16945511267046534,4054,3996,0.30118401578687715,0.30118401578687715
3992,0.16943524263928839,4055,3997,0.3011097410604192,0.3011097410604192
3993,0.16936942962984886,4056,3998,0.3010355029585799,0.3010355029585799
3994,0.16929319423962536,4057,3999,0.3012077890066552,0.3012077890066552
3995,0.16921935730081283,4058,4000,0.3011335633316905,0.3011335633316905
3996,0.1692019604522831,4059,4001,0.3010593742301059,0.3010593742301059
3997,0.16917128728139663,4060,4002,0.30098522167487685,0.30098522167487685
3998,0.16913902925106977,4061,4003,0.30115735040630387,0.30115735040630387
3999,0.16910006780601822,4062,4004,0.30108321024126045,0.30108321024126045
4000,0.16896688697280138,4063,4005,0.3010091065714989,0.3010091065714989
4001,0.1689300086440088,4064,4006,0.30093503937007876,0.30093503937007876
4002,0.16891108936007068,4065,4007,0.3008610086100861,0.3008610086100861
4003,0.16891067967761342,4066,4008,0.30078701426463356,0.30078701426463356
4004,0.16880041041485852,4067,4009,0.30071305630686007,0.30071305630686007
4005,0.16869214448979467,4068,4010,0.3008849557522124,0.3008849557522124
4006,0.16857395596879307,4069,4011,0.30081101007618577,0.30081101007618577
4007,0.1685456999780603,4070,4012,0.30073710073710075,0.30073710073710075
4008,0.16852203157591952,4071,4013,0.3006632277081798,0.3006632277081798
4009,0.1684776490427243,4072,4014,0.3005893909626719,0.3005893909626719
4010,0.1684565087846404,4073,4015,0.3005155904738522,0.3005155904738522
4011,0.16839425296515068,4074,4016,0.3004418262150221,0.3004418262150221
4012,0.1683901403244767,4075,4017,0.3003680981595092,0.3003680981595092
4013,0.16837252707522196,4076,4018,0.30029440628066734,0.30029440628066734
4014,0.16834618863402037,4077,4019,0.30022075055187636,0.30022075055187636
4015,0.16830992262136696,4078,4020,0.30014713094654244,0.30014713094654244
4016,0.16825364888639516,4079,4021,0.30007354743809755,0.30007354743809755
4017,0.1682492468037038,4080,4022,0.3,0.3
4018,0.16820261111925094,4081,4023,0.2999264886057339,0.2999264886057339
4019,0.16820177801574424,4082,4024,0.3000979911807937,0.3000979911807937
4020,0.1681788136736355,4083,4025,0.3000244917952486,0.3000244917952486
4021,0.16808726903127966,4084,4026,0.29995102840352594,0.29995102840352594
4022,0.16802177146657604,4085,4027,0.30012239902080784,0.30012239902080784
4023,0.16791629731623858,4086,4028,0.3000489476260401,0.3000489476260401
4024,0.1679085464358391,4087,4029,0.29997553217518963,0.29997553217518963
4025,0.1678181541287606,4088,4030,0.2999021526418787,0.2999021526418787
4026,0.16781722504813718,4089,4031,0.30007336757153336,0.30007336757153336
4027,0.16781308790289295,4090,4032,0.3,0.3
4028,0.16777945100610692,4091,4033,0.2999266682962601,0.2999266682962601
4029,0.16774895171053503,4093,4034,0.2997801123870022,0.2997801123870022
4030,0.1676778970711875,4094,4035,0.29970688812896923,0.29970688812896923
4031,0.167675303162154,4095,4036,0.2996336996336996,0.2996336996336996
4032,0.16767338379969488,4096,4037,0.299560546875,0.299560546875
4033,0.16766126252213615,4097,4038,0.29948742982670246,0.29948742982670246
4034,0.16765624794070408,4098,4039,0.2996583699365544,0.2996583699365544
4035,0.16761375645414453,4099,4040,0.29982922664064404,0.29982922664064404
4036,0.1676004371878866,4100,4041,0.3,0.3
4037,0.16756812045410974,4101,4042,0.29992684711046086,0.29992684711046086
4038,0.16753001890562735,4102,4043,0.2998537298878596,0.2998537298878596
4039,0.16750404112654488,4103,4044,0.29978064830611745,0.29978064830611745
4040,0.16744351391760826,4104,4045,0.2999512670565302,0.2999512670565302
4041,0.1674029850396979,4105,4046,0.29987819732034104,0.29987819732034104
4042,0.16739907465623724,4106,4047,0.2998051631758402,0.2998051631758402
4043,0.1673831365859284,4107,4048,0.29973216459702945,0.29973216459702945
4044,0.16736432501527196,4108,4049,0.29990262901655307,0.29990262901655307
4045,0.16735051994298378,4109,4050,0.29982964224872233,0.29982964224872233
4046,0.1673094073495567,4110,4051,0.2997566909975669,0.2997566909975669
4047,0.16729035714728757,4111,4052,0.29968377523716855,0.29968377523716855
4048,0.16728084093144932,4112,4053,0.29961089494163423,0.29961089494163423
4049,0.16725304362187615,4113,4054,0.29953805008509604,0.29953805008509604
4050,0.16725291448007307,4114,4055,0.2994652406417112,0.2994652406417112
4051,0.1670606591684346,4115,4056,0.2993924665856622,0.2993924665856622
4052,0.1670572268129228,4116,4057,0.29931972789115646,0.29931972789115646
4053,0.16704179330432153,4117,4058,0.299489919844547,0.299489919844547
4054,0.16701722930982055,4118,4059,0.2994171928120447,0.2994171928120447
4055,0.16701590024466273,4119,4060,0.299587278465647,0.299587278465647
4056,0.16691960774866968,4120,4061,0.29975728155339804,0.29975728155339804
4057,0.16689177493274435,4121,4062,0.2996845425867508,0.2996845425867508
4058,0.16683181735906083,4122,4063,0.29961183891314896,0.29961183891314896
4059,0.16675881222383396,4123,4064,0.2995391705069124,0.2995391705069124
4060,0.16666863916096347,4124,4065,0.29946653734238604,0.29946653734238604
4061,0.16658818474827855,4125,4066,0.2993939393939394,0.2993939393939394
4062,0.16657386877374566,4126,4067,0.29956374212312165,0.29956374212312165
4063,0.16649845077343764,4127,4068,0.2994911558032469,0.2994911558032469
4064,0.1664846276923292,4128,4069,0.29966085271317827,0.29966085271317827
4065,0.1663897847807218,4129,4070,0.29983046742552677,0.29983046742552677
4066,0.16627995341972446,4130,4071,0.2997578692493947,0.2997578692493947
4067,0.16624631086064715,4131,4072,0.29968530622125394,0.29968530622125394
4068,0.16620082305636322,4132,4073,0.2996127783155857,0.2996127783155857
4069,0.16618581089349024,4133,4074,0.2995402855068957,0.2995402855068957
4070,0.1660871080639805,4134,4075,0.2994678277697146,0.2994678277697146
4071,0.16604394142089987,4135,4076,0.29939540507859735,0.29939540507859735
4072,0.16603445132907924,4136,4077,0.2993230174081238,0.2993230174081238
4073,0.16602476659616555,4137,4078,0.29925066473289824,0.29925066473289824
4074,0.16598932742043176,4138,4079,0.29917834702754953,0.29917834702754953
4075,0.16596653780578105,4139,4080,0.2991060642667311,0.2991060642667311
4076,0.16594622211419946,4140,4081,0.2990338164251208,0.2990338164251208
4077,0.16594025711462515,4141,4082,0.2989616034774209,0.2989616034774209
4078,0.16590837484615129,4142,4083,0.2988894253983583,0.2988894253983583
4079,0.16585085488139717,4143,4084,0.29881728216268405,0.29881728216268405
4080,0.16570906446235315,4144,4085,0.29874517374517373,0.29874517374517373
4081,0.16567911859556814,4145,4086,0.29867310012062726,0.29867310012062726
4082,0.16565415181099158,4147,4087,0.2985290571497468,0.2985290571497468
4083,0.16561345056627716,4148,4088,0.29845708775313406,0.29845708775313406
4084,0.1656090033861474,4149,4089,0.29838515304892743,0.29838515304892743
4085,0.16559240730391672,4150,4090,0.2983132530120482,0.2983132530120482
4086,0.16555775838934908,4151,4091,0.29824138761744157,0.29824138761744157
4087,0.16552170827694235,4152,4092,0.29816955684007707,0.29816955684007707
4088,0.16548994687498514,4153,4093,0.29809776065494825,0.29809776065494825
4089,0.16545278735534227,4154,4094,0.2980259990370727,0.2980259990370727
4090,0.16539757383375217,4155,4095,0.29819494584837547,0.29819494584837547
4091,0.16539411123992334,4156,4096,0.29812319538017323,0.29812319538017323
4092,0.16533776706610065,4157,4097,0.2982920375270628,0.2982920375270628
4093,0.16527708597481788,4158,4098,0.2982202982202982,0.2982202982202982
4094,0.1652653031523587,4159,4099,0.2983890358259197,0.2983890358259197
4095,0.16524259514623793,4160,4100,0.2985576923076923,0.2985576923076923
4096,0.1651855304183596,4162,4101,0.2984142239308025,0.2984142239308025
4097,0.16518509727952807,4163,4102,0.2985827528224838,0.2985827528224838
4098,0.16517750406761145,4164,4103,0.2985110470701249,0.2985110470701249
4099,0.16512076939020368,4165,4104,0.2984393757503001,0.2984393757503001
4100,0.16509722901446316,4166,4105,0.2983677388382141,0.2983677388382141
4101,0.16509405880029618,4167,4106,0.29853611711063116,0.29853611711063116
4102,0.16504918331735635,4168,4107,0.29870441458733205,0.29870441458733205
4103,0.16495873967033708,4169,4108,0.2986327656512353,0.2986327656512353
4104,0.16494541350589273,4170,4109,0.2988009592326139,0.2988009592326139
4105,0.16494336200322698,4171,4110,0.29872932150563414,0.29872932150563414
4106,0.16490232290503945,4172,4111,0.2988974113135187,0.2988974113135187
4107,0.16485364602137645,4173,4112,0.2988257848070932,0.2988257848070932
4108,0.16481739726237726,4174,4113,0.29875419262098707,0.29875419262098707
4109,0.1647543053404645,4175,4114,0.2986826347305389,0.2986826347305389
4110,0.16471497471951382,4176,4115,0.2988505747126437,0.2988505747126437
4111,0.16468819428390968,4177,4116,0.29877902801053385,0.29877902801053385
4112,0.1646617755183689,4178,4117,0.2987075155576831,0.2987075155576831
4113,0.16464826910630923,4179,4118,0.29887532902608277,0.29887532902608277
4114,0.16464027250669894,4180,4119,0.2988038277511962,0.2988038277511962
4115,0.16461708437319728,4181,4120,0.29873236067926334,0.29873236067926334
4116,0.16457184686237697,4182,4121,0.29890004782400764,0.29890004782400764
4117,0.16452172865170306,4183,4122,0.29882859191967487,0.29882859191967487
4118,0.16449889868643514,4184,4123,0.29875717017208414,0.29875717017208414
4119,0.1644835564213512,4185,4124,0.2986857825567503,0.2986857825567503
4120,0.16446410972947637,4186,4125,0.29861442904921165,0.29861442904921165
4121,0.1644588297744646,4188,4126,0.29847182425978985,0.29847182425978985
4122,0.16431346984914072,4189,4127,0.29840057292910005,0.29840057292910005
4123,0.1642850836006696,4190,4128,0.2985680190930788,0.2985680190930788
4124,0.1642540183267794,4191,4129,0.2984967788117394,0.2984967788117394
4125,0.16422636158254375,4192,4130,0.29842557251908397,0.29842557251908397
4126,0.1641810509713312,4193,4131,0.29859289291676605,0.29859289291676605
4127,0.16417924436021714,4194,4132,0.2985216976633286,0.2985216976633286
4128,0.16415974651510115,4195,4133,0.29845053635280094,0.29845053635280094
4129,0.16415456965853284,4196,4134,0.29837940896091514,0.29837940896091514
4130,0.1641211205051156,4197,4135,0.29830831546342623,0.29830831546342623
4131,0.16405861863902824,4198,4136,0.29847546450690804,0.29847546450690804
4132,0.16396513491059558,4199,4137,0.2984043819957133,0.2984043819957133
4133,0.1639580696669776,4200,4138,0.29833333333333334,0.29833333333333334
4134,0.16394845302411787,4201,4139,0.2982623184955963,0.2982623184955963
4135,0.16394555816262035,4203,4140,0.298120390197478,0.298120390197478
4136,0.16393393427547487,4204,4141,0.2980494766888677,0.2980494766888677
4137,0.16384853828743096,4205,4142,0.29821640903686086,0.29821640903686086
4138,0.16382324776379054,4206,4143,0.29814550641940085,0.29814550641940085
4139,0.1638106454390652,4207,4144,0.2980746375089137,0.2980746375089137
4140,0.16378674293840792,4208,4145,0.2980038022813688,0.2980038022813688
4141,0.16377163193321906,4209,4146,0.29793300071275836,0.29793300071275836
4142,0.16376622291325302,4211,4147,0.29779149845642366,0.29779149845642366
4143,0.16375509703571928,4212,4148,0.29772079772079774,0.29772079772079774
4144,0.16375025344377084,4213,4149,0.29765013054830286,0.29765013054830286
4145,0.16371977765472182,4214,4150,0.2978168011390603,0.2978168011390603
4146,0.163708763259522,4215,4151,0.2977461447212337,0.2977461447212337
4147,0.1636792414432809,4216,4152,0.29767552182163187,0.29767552182163187
4148,0.16366785233149933,4217,4153,0.2976049324164098,0.2976049324164098
4149,0.1636654282242297,4218,4154,0.2975343764817449,0.2975343764817449
4150,0.16364401671724849,4219,4155,0.2974638539938374,0.2974638539938374
4151,0.16350198140367103,4220,4156,0.29739336492890994,0.29739336492890994
4152,0.16348725545111187,4221,4157,0.29732290926320776,0.29732290926320776
4153,0.16347458310725294,4222,4158,0.29725248697299855,0.29725248697299855
4154,0.1634736334615553,4223,4159,0.2971820980345726,0.2971820980345726
4155,0.16346757043560803,4224,4160,0.29711174242424243,0.29711174242424243
4156,0.16338506483803433,4225,4161,0.29704142011834317,0.29704142011834317
4157,0.1633837284788671,4226,4162,0.29697113109323237,0.29697113109323237
4158,0.16337439946258225,4227,4163,0.2969008753252898,0.2969008753252898
4159,0.1632803839085703,4228,4164,0.2968306527909177,0.2968306527909177
4160,0.16318524778553023,4229,4165,0.29676046346654056,0.29676046346654056
4161,0.16315983342811166,4230,4166,0.2966903073286052,0.2966903073286052
4162,0.16314789982153,4231,4167,0.29662018435358073,0.29662018435358073
4163,0.16310055646829866,4232,4168,0.29678638941398866,0.29678638941398866
4164,0.1630131915637843,4233,4169,0.2969525159461375,0.2969525159461375
4165,0.16299833007451628,4234,4170,0.2968823807274445,0.2968823807274445
4166,0.1629642236561638,4235,4171,0.2970484061393152,0.2970484061393152
4167,0.1629461891926681,4236,4172,0.29697828139754484,0.29697828139754484
4168,0.1628824432807364,4237,4173,0.2969081897569035,0.2969081897569035
4169,0.1628292004632045,4238,4174,0.29707409155261916,0.29707409155261916
4170,0.16279076959502,4239,4175,0.29723991507430997,0.29723991507430997
4171,0.16278794648983033,4240,4176,0.2971698113207547,0.2971698113207547
4172,0.1627713641307605,4241,4177,0.29709974062721056,0.29709974062721056
4173,0.16261758333616724,4242,4178,0.2972654408297973,0.2972654408297973
4174,0.1624875182958282,4243,4179,0.2971953806269149,0.2971953806269149
4175,0.16247734849753068,4244,4180,0.2971253534401508,0.2971253534401508
4176,0.1624416788376453,4245,4181,0.297055359246172,0.297055359246172
4177,0.1624121932514349,4246,4182,0.29698539802166746,0.29698539802166746
4178,0.1623478360269741,4247,4183,0.29715093006828347,0.29715093006828347
4179,0.1623091136076704,4249,4184,0.2970110614262179,0.2970110614262179
4180,0.16228827798797887,4250,4185,0.2971764705882353,0.2971764705882353
4181,0.1622609680401572,4251,4186,0.29710656316160905,0.29710656316160905
4182,0.1622497256428545,4252,4187,0.29703668861712135,0.29703668861712135
4183,0.16223843459668003,4253,4188,0.2969668469315777,0.2969668469315777
4184,0.16220885825785925,4254,4189,0.29713211095439584,0.29713211095439584
4185,0.16211596812890403,4256,4190,0.29699248120300753,0.29699248120300753
4186,0.16211277472755337,4257,4191,0.2969227155273667,0.2969227155273667
4187,0.1620607883196193,4258,4192,0.2968529826209488,0.2968529826209488
4188,0.16201911629406895,4259,4193,0.29678328246067154,0.29678328246067154
4189,0.1619491168484757,4260,4194,0.29694835680751175,0.29694835680751175
4190,0.16192350962668944,4261,4195,0.29711335367284675,0.29711335367284675
4191,0.1618736639329636,4262,4196,0.2970436414828719,0.2970436414828719
4192,0.16182557505635878,4263,4197,0.29720853858784896,0.29720853858784896
4193,0.1618041226054888,4264,4198,0.29713883677298314,0.29713883677298314
4194,0.1617954104941328,4265,4199,0.2970691676436108,0.2970691676436108
4195,0.161780892016397,4267,4200,0.2969299273494258,0.2969299273494258
4196,0.16177778829694173,4268,4201,0.29686035613870665,0.29686035613870665
4197,0.1617546176103735,4269,4202,0.29679081752166786,0.29679081752166786
4198,0.16171161481613996,4270,4203,0.2967213114754098,0.2967213114754098
4199,0.16168865089236203,4271,4204,0.2966518379770546,0.2966518379770546
4200,0.1616134999076565,4272,4205,0.29658239700374533,0.29658239700374533
4201,0.1615805080182172,4273,4206,0.29651298853264685,0.29651298853264685
4202,0.16157403493317696,4274,4207,0.2966775854000936,0.2966775854000936
4203,0.16152523174798752,4275,4208,0.29660818713450293,0.29660818713450293
4204,0.16148277539831069,4276,4209,0.29653882132834425,0.29653882132834425
4205,0.16140888439256448,4277,4210,0.29646948795884964,0.29646948795884964
4206,0.16139117037253617,4278,4211,0.29640018700327253,0.29640018700327253
4207,0.16130868586328875,4279,4212,0.2963309184388876,0.2963309184388876
4208,0.16130814471745136,4280,4213,0.29626168224299065,0.29626168224299065
4209,0.16129184576206387,4281,4214,0.29619247839289886,0.29619247839289886
4210,0.16126535330382774,4283,4215,0.29605416763950504,0.29605416763950504
4211,0.16120831409603023,4284,4216,0.29598506069094305,0.29598506069094305
4212,0.16119832082912158,4285,4217,0.2959159859976663,0.2959159859976663
4213,0.16114705173208502,4286,4218,0.2958469435370975,0.2958469435370975
4214,0.16114435921615092,4287,4219,0.29577793328668067,0.29577793328668067
4215,0.16108754837037043,4288,4220,0.2957089552238806,0.2957089552238806
4216,0.1610813333387328,4289,4221,0.2956400093261833,0.2956400093261833
4217,0.16107846382699278,4290,4222,0.29557109557109557,0.29557109557109557
4218,0.16106113937052033,4291,4223,0.2955022139361454,0.2955022139361454
4219,0.16104107790323952,4292,4224,0.2954333643988816,0.2954333643988816
4220,0.1610140936338746,4293,4225,0.295364546936874,0.295364546936874
4221,0.16101076184774452,4294,4226,0.2952957615277131,0.2952957615277131
4222,0.16093012808103255,4295,4227,0.2952270081490105,0.2952270081490105
4223,0.16089552382578193,4296,4228,0.2951582867783985,0.2951582867783985
4224,0.16087940409112958,4297,4229,0.29508959739353036,0.29508959739353036
4225,0.1608614153501723,4298,4230,0.2952536063285249,0.2952536063285249
4226,0.16085680280006584,4299,4231,0.29518492672714586,0.29518492672714586
4227,0.16080427957091956,4300,4232,0.29511627906976745,0.29511627906976745
4228,0.16080150420265887,4301,4233,0.29504766333410837,0.29504766333410837
4229,0.16072163534089484,4302,4234,0.29497907949790797,0.29497907949790797
4230,0.1607037683912115,4303,4235,0.2949105275389263,0.2949105275389263
4231,0.16069179600828554,4304,4236,0.2950743494423792,0.2950743494423792
4232,0.16067871037397358,4305,4237,0.29500580720092917,0.29500580720092917
4233,0.16061282478612676,4306,4238,0.29493729679516956,0.29493729679516956
4234,0.16060257350307489,4307,4239,0.2948688182029255,0.2948688182029255
4235,0.1605688668744769,4308,4240,0.29503249767873724,0.29503249767873724
4236,0.16051369194866075,4309,4241,0.2949640287769784,0.2949640287769784
4237,0.1605129785010446,4310,4242,0.2951276102088167,0.2951276102088167
4238,0.16048134970975966,4312,4243,0.2949907235621521,0.2949907235621521
4239,0.16044774823498326,4313,4244,0.29515418502202645,0.29515418502202645
4240,0.1604429795055435,4314,4245,0.2950857672693556,0.2950857672693556
4241,0.16043292171442242,4315,4246,0.2950173812282735,0.2950173812282735
4242,0.1604194468632051,4316,4247,0.29494902687673774,0.29494902687673774
4243,0.16040201579487848,4317,4248,0.29488070419272644,0.29488070419272644
4244,0.16039923427744857,4318,4249,0.29504400185270957,0.29504400185270957
4245,0.16036374275807436,4319,4250,0.29520722389442,0.29520722389442
4246,0.1603420836709933,4321,4251,0.29507058551261284,0.29507058551261284
4247,0.1603138372648028,4322,4252,0.2950023137436372,0.2950023137436372
4248,0.16018806934678287,4323,4253,0.2951653944020356,0.2951653944020356
4249,0.16015028377125962,4324,4254,0.29532839962997226,0.29532839962997226
4250,0.16012176419090185,4325,4255,0.29526011560693644,0.29526011560693644
4251,0.1600887632626106,4326,4256,0.2951918631530282,0.2951918631530282
4252,0.16008042511581014,4327,4257,0.29512364224636006,0.29512364224636006
4253,0.15978239833759464,4328,4258,0.29528650646950094,0.29528650646950094
4254,0.15976856070393652,4329,4259,0.29521829521829523,0.29521829521829523
4255,0.15972305204093903,4330,4260,0.2951501154734411,0.2951501154734411
4256,0.15970645361986371,4331,4261,0.29508196721311475,0.29508196721311475
4257,0.15969574641298684,4332,4262,0.2950138504155125,0.2950138504155125
4258,0.15967397428339603,4333,4263,0.2949457650588507,0.2949457650588507
4259,0.1596483374738713,4335,4264,0.2948096885813149,0.2948096885813149
4260,0.1595954269143735,4336,4265,0.29497232472324725,0.29497232472324725
4261,0.1595442511479002,4337,4266,0.29490431173622317,0.29490431173622317
4262,0.1595334520377371,4338,4267,0.29483633010603966,0.29483633010603966
4263,0.1595163910251282,4339,4268,0.2947683798110164,0.2947683798110164
4264,0.15950033837027036,4340,4269,0.2947004608294931,0.2947004608294931
4265,0.1594276044570885,4341,4270,0.29463257313982955,0.29463257313982955
4266,0.1593163777485029,4342,4271,0.29456471672040535,0.29456471672040535
4267,0.15931183502168633,4343,4272,0.294727147133318,0.294727147133318
4268,0.15928968793418066,4344,4273,0.2946593001841621,0.2946593001841621
4269,0.15927106964969004,4346,4274,0.29452369995398064,0.29452369995398064
4270,0.15925473193488096,4347,4275,0.2944559466298597,0.2944559466298597
4271,0.15922608520549206,4348,4276,0.29438822447102114,0.29438822447102114
4272,0.15911140079988417,4349,4277,0.29432053345596687,0.29432053345596687
4273,0.1590919644332945,4350,4278,0.2942528735632184,0.2942528735632184
4274,0.15906513922182766,4351,4279,0.2941852447713169,0.2941852447713169
4275,0.15904670584700084,4352,4280,0.29411764705882354,0.29411764705882354
4276,0.15904609226448246,4353,4281,0.29405008040431885,0.29405008040431885
4277,0.1589710726344791,4354,4282,0.2939825447864033,0.2939825447864033
4278,0.15893906245550185,4355,4283,0.2941446613088404,0.2941446613088404
4279,0.15889063412003002,4356,4284,0.2940771349862259,0.2940771349862259
4280,0.15886400913379994,4357,4285,0.2942391553821437,0.2942391553821437
4281,0.15880745142227662,4358,4286,0.29417163836622306,0.29417163836622306
4282,0.15880131799043654,4359,4287,0.2941041523285157,0.2941041523285157
4283,0.15878051722605702,4360,4288,0.2940366972477064,0.2940366972477064
4284,0.15877807400435667,4361,4289,0.29396927310249943,0.29396927310249943
4285,0.15873746033715436,4362,4290,0.29390187987161853,0.29390187987161853
4286,0.1586854474416009,4363,4291,0.293834517533807,0.293834517533807
4287,0.1585926136186492,4364,4292,0.2937671860678277,0.2937671860678277
4288,0.1585636668058362,4365,4293,0.2936998854524628,0.2936998854524628
4289,0.15851468412563627,4366,4294,0.293632615666514,0.293632615666514
4290,0.1585035180228316,4367,4295,0.2935653766888024,0.2935653766888024
4291,0.15850107573751582,4368,4296,0.2934981684981685,0.2934981684981685
4292,0.15849009185983773,4369,4297,0.2934309910734722,0.2934309910734722
4293,0.15846165285281122,4370,4298,0.2933638443935927,0.2933638443935927
4294,0.1584507099738821,4371,4299,0.2932967284374285,0.2932967284374285
4295,0.15840968646217465,4372,4300,0.29322964318389755,0.29322964318389755
4296,0.1582819227299339,4373,4301,0.2931625886119369,0.2931625886119369
4297,0.15827028448283134,4374,4302,0.29309556470050296,0.29309556470050296
4298,0.15826090745503305,4375,4303,0.2930285714285714,0.2930285714285714
4299,0.15815462337342268,4377,4304,0.2928946767192141,0.2928946767192141
4300,0.1581159560774003,4379,4305,0.2927609043160539,0.2927609043160539
4301,0.1581120768502075,4380,4306,0.29269406392694064,0.29269406392694064
4302,0.15808729024468743,4381,4307,0.2926272540515864,0.2926272540515864
4303,0.1579521999019908,4382,4308,0.29256047466910085,0.29256047466910085
4304,0.15782862859526203,4383,4309,0.29272187999087385,0.29272187999087385
4305,0.1578150845510207,4384,4310,0.2926551094890511,0.2926551094890511
4306,0.1577380126013053,4385,4311,0.2925883694412771,0.2925883694412771
4307,0.15773143185285837,4386,4312,0.2925216598267214,0.2925216598267214
4308,0.1577247240367358,4387,4313,0.2926829268292683,0.2926829268292683
4309,0.1577093290750321,4388,4314,0.292616226071103,0.292616226071103
4310,0.15769117270113073,4389,4315,0.29254955570745045,0.29254955570745045
4311,0.1576469482614463,4390,4316,0.29271070615034167,0.29271070615034167
4312,0.1576130003623408,4391,4317,0.29264404463675703,0.29264404463675703
4313,0.15758858973914466,4392,4318,0.2925774134790528,0.2925774134790528
4314,0.1575821484230252,4393,4319,0.292510812656499,0.292510812656499
4315,0.1575793427941829,4394,4320,0.29244424214838416,0.29244424214838416
4316,0.15757176267265943,4395,4321,0.2926052332195677,0.2926052332195677
4317,0.15756181320152035,4396,4322,0.2927661510464058,0.2927661510464058
4318,0.15752033987080857,4397,4323,0.2926995678871958,0.2926995678871958
4319,0.15751293073034836,4398,4324,0.29263301500682126,0.29263301500682126
4320,0.15743439604967413,4399,4325,0.29279381677654015,0.29279381677654015
4321,0.15740780503479307,4400,4326,0.2927272727272727,0.2927272727272727
4322,0.15733185874377303,4401,4327,0.29266075891842763,0.29266075891842763
4323,0.15732294697705038,4402,4328,0.29259427532939575,0.29259427532939575
4324,0.15729107299620393,4403,4329,0.29252782193958665,0.29252782193958665
4325,0.15728153369270736,4404,4330,0.2924613987284287,0.2924613987284287
4326,0.15720845294425775,4405,4331,0.2923950056753689,0.2923950056753689
4327,0.15715806415404862,4406,4332,0.2923286427598729,0.2923286427598729
4328,0.15713498316277139,4408,4333,0.29219600725952816,0.29219600725952816
4329,0.15703944033697487,4409,4334,0.2921297346337038,0.2921297346337038
4330,0.15703714088956183,4410,4335,0.2920634920634921,0.2920634920634921
4331,0.1569941945938382,4411,4336,0.2919972795284516,0.2919972795284516
4332,0.15697656425533996,4412,4337,0.292157751586582,0.292157751586582
4333,0.15689988907671476,4413,4338,0.29209154769997736,0.29209154769997736
4334,0.1568895693857234,4414,4339,0.2920253738106026,0.2920253738106026
4335,0.1568489853035128,4415,4340,0.29195922989807477,0.29195922989807477
4336,0.1568417560120915,4416,4341,0.2921195652173913,0.2921195652173913
4337,0.15678690881102358,4417,4342,0.29205342992981664,0.29205342992981664
4338,0.15678534076239858,4418,4343,0.29221367134449977,0.29221367134449977
4339,0.15676583366036925,4419,4344,0.29214754469336957,0.29214754469336957
4340,0.15674226177801945,4420,4345,0.2920814479638009,0.2920814479638009
4341,0.1566969059722823,4421,4346,0.2920153811354897,0.2920153811354897
4342,0.15666059077652186,4422,4347,0.29194934418815016,0.29194934418815016
4343,0.15664229553079473,4423,4348,0.292109427990052,0.292109427990052
4344,0.1566326763633558,4424,4349,0.29204339963833637,0.29204339963833637
4345,0.15661198765596215,4425,4350,0.2922033898305085,0.2922033898305085
4346,0.1565785778524556,4426,4351,0.29213737008585633,0.29213737008585633
4347,0.15654303226207722,4427,4352,0.2920713801671561,0.2920713801671561
4348,0.1565425032119404,4428,4353,0.29200542005420055,0.29200542005420055
4349,0.15641320374643436,4429,4354,0.2919394897268006,0.2919394897268006
4350,0.1564073760903454,4430,4355,0.29187358916478556,0.29187358916478556
4351,0.15637804990295007,4431,4356,0.29180771834800273,0.29180771834800273
4352,0.15633435211818586,4432,4357,0.29174187725631767,0.29174187725631767
4353,0.1563301180403891,4433,4358,0.29167606586961425,0.29167606586961425
4354,0.15630545343697372,4434,4359,0.29161028416779433,0.29161028416779433
4355,0.1562938208085362,4435,4360,0.2915445321307779,0.2915445321307779
4356,0.15628452612940885,4436,4361,0.29147880973850315,0.29147880973850315
4357,0.1562654784812897,4437,4362,0.2914131169709263,0.2914131169709263
4358,0.15625453872304895,4438,4363,0.29134745380802163,0.29134745380802163
4359,0.15618577607766032,4439,4364,0.2912818202297815,0.2912818202297815
4360,0.15614289533377368,4440,4365,0.29121621621621624,0.29121621621621624
4361,0.15605538484469322,4441,4366,0.2911506417473542,0.2911506417473542
4362,0.15597944499510444,4442,4367,0.2910850968032418,0.2910850968032418
4363,0.15596056467590075,4443,4368,0.2910195813639433,0.2910195813639433
4364,0.15591461567651793,4444,4369,0.290954095409541,0.290954095409541
4365,0.1558937803446487,4445,4370,0.290888638920135,0.290888638920135
4366,0.1558769870361662,4446,4371,0.2908232118758435,0.2908232118758435
4367,0.15586633832083838,4447,4372,0.29075781425680236,0.29075781425680236
4368,0.15583739688906623,4448,4373,0.29069244604316546,0.29069244604316546
4369,0.1557452827211436,4449,4374,0.29062710721510454,0.29062710721510454
4370,0.1557276636912699,4450,4375,0.290561797752809,0.290561797752809
4371,0.1557063178952608,4451,4376,0.2904965176364862,0.2904965176364862
4372,0.1556868302796609,4452,4377,0.29043126684636117,0.29043126684636117
4373,0.15560522659114512,4453,4378,0.29036604536267685,0.29036604536267685
4374,0.15558977585938,4454,4379,0.29030085316569376,0.29030085316569376
4375,0.15553138582874182,4455,4380,0.29046015712682377,0.29046015712682377
4376,0.15539660208847353,4456,4381,0.29039497307001794,0.29039497307001794
4377,0.15539023991652867,4457,4382,0.29032981826340587,0.29032981826340587
4378,0.1553714669825649,4458,4383,0.2902646926873037,0.2902646926873037
4379,0.15532493775627487,4459,4384,0.2901995963220453,0.2901995963220453
4380,0.155234890759752,4460,4385,0.29013452914798205,0.29013452914798205
4381,0.15523394547393182,4461,4386,0.2900694911454831,0.2900694911454831
4382,0.15523089382102515,4462,4387,0.29000448229493503,0.29000448229493503
4383,0.15517757015642974,4463,4388,0.29016356710732694,0.29016356710732694
4384,0.15514302317029827,4464,4389,0.2903225806451613,0.2903225806451613
4385,0.15513875309815722,4465,4390,0.2902575587905935,0.2902575587905935
4386,0.15509024232997556,4468,4391,0.2900626678603402,0.2900626678603402
4387,0.1550246123960828,4469,4392,0.2902215260684717,0.2902215260684717
4388,0.15500378175379168,4470,4393,0.2901565995525727,0.2901565995525727
4389,0.15498619692266555,4471,4394,0.29009170208007157,0.29009170208007157
4390,0.15496719876650852,4472,4395,0.2900268336314848,0.2900268336314848
4391,0.15491719666850776,4473,4396,0.2899619941873463,0.2899619941873463
4392,0.15491644096153162,4474,4397,0.28989718372820744,0.28989718372820744
4393,0.15487527204280316,4475,4398,0.28983240223463685,0.28983240223463685
4394,0.15483081330007945,4476,4399,0.28976764968722074,0.28976764968722074
4395,0.15480164343912076,4478,4400,0.28986154533273784,0.28986154533273784
4396,0.15479974055204215,4479,4401,0.28979682964947534,0.28979682964947534
4397,0.15477837713889878,4480,4402,0.2897321428571429,0.2897321428571429
4398,0.15477192686816196,4481,4403,0.2896674849363981,0.2896674849363981
4399,0.15468867187830268,4483,4404,0.28953825563238905,0.28953825563238905
4400,0.15468108633086292,4484,4405,0.2894736842105263,0.2894736842105263
4401,0.15467169152073612,4485,4406,0.28940914158305464,0.28940914158305464
4402,0.15466211698724622,4486,4407,0.2893446277307178,0.2893446277307178
4403,0.15464981900572608,4487,4408,0.2892801426342768,0.2892801426342768
4404,0.1546159555559571,4488,4409,0.28921568627450983,0.28921568627450983
4405,0.15451547345879565,4489,4410,0.2891512586322121,0.2891512586322121
4406,0.15444539833650595,4490,4411,0.289086859688196,0.289086859688196
4407,0.1544173565103574,4491,4412,0.289022489423291,0.289022489423291
4408,0.15440046504921015,4492,4413,0.2889581478183437,0.2889581478183437
4409,0.15439801289922994,4493,4414,0.28889383485421766,0.28889383485421766
4410,0.154391064099344,4494,4415,0.2888295505117935,0.2888295505117935
4411,0.15432119880814363,4495,4416,0.28876529477196883,0.28876529477196883
4412,0.15420395878167395,4496,4417,0.28870106761565834,0.28870106761565834
4413,0.15419325713401497,4497,4418,0.28863686902379365,0.28863686902379365
4414,0.15410761666760228,4498,4419,0.28857269897732324,0.28857269897732324
4415,0.15405784025260066,4499,4420,0.2885085574572127,0.2885085574572127
4416,0.15405114483285948,4500,4421,0.28844444444444445,0.28844444444444445
4417,0.1540404620084639,4501,4422,0.28838035992001776,0.28838035992001776
4418,0.15400495736873518,4502,4423,0.2883163038649489,0.2883163038649489
4419,0.15399437559899118,4503,4424,0.28825227626027095,0.28825227626027095
4420,0.1539780689538019,4504,4425,0.28818827708703376,0.28818827708703376
4421,0.15390769246384667,4505,4426,0.2881243063263041,0.2881243063263041
4422,0.1539015409518942,4506,4427,0.28806036395916557,0.28806036395916557
4423,0.15386237699011424,4507,4428,0.2879964499667184,0.2879964499667184
4424,0.1538305379004919,4508,4429,0.2881543921916593,0.2881543921916593
4425,0.1538094180369494,4510,4430,0.28802660753880266,0.28802660753880266
4426,0.1537477732241127,4511,4431,0.2881844380403458,0.2881844380403458
4427,0.15369510295594777,4512,4432,0.28812056737588654,0.28812056737588654
4428,0.153688555103128,4513,4433,0.28805672501661866,0.28805672501661866
4429,0.15365289320702175,4514,4434,0.28799291094373064,0.28799291094373064
4430,0.15363927397153163,4515,4435,0.28792912513842744,0.28792912513842744
4431,0.1536122850645425,4516,4436,0.28786536758193093,0.28786536758193093
4432,0.1535466687755327,4517,4437,0.2878016382554793,0.2878016382554793
4433,0.1535458411122251,4518,4438,0.2877379371403276,0.2877379371403276
4434,0.1534909598240865,4519,4439,0.2876742642177473,0.2876742642177473
4435,0.15343686547119437,4520,4440,0.28761061946902655,0.28761061946902655
4436,0.1534066040138283,4522,4441,0.2874834144183989,0.2874834144183989
4437,0.15337395208991514,4523,4442,0.287419854079151,0.287419854079151
4438,0.1530729431493982,4524,4443,0.28735632183908044,0.28735632183908044
4439,0.15305569080123113,4525,4444,0.287292817679558,0.287292817679558
4440,0.15303150604558427,4526,4445,0.28722934158197083,0.28722934158197083
4441,0.15289559573241562,4527,4446,0.28716589352772254,0.28716589352772254
4442,0.1528582820886869,4528,4447,0.2871024734982332,0.2871024734982332
4443,0.15272073736259575,4529,4448,0.2870390814749393,0.2870390814749393
4444,0.15272054380656455,4530,4449,0.2869757174392936,0.2869757174392936
4445,0.15271933645761376,4531,4450,0.28691238137276537,0.28691238137276537
4446,0.15260703686388347,4532,4451,0.2868490732568402,0.2868490732568402
4447,0.15257942995636348,4533,4452,0.2867857930730201,0.2867857930730201
4448,0.1525661781524394,4534,4453,0.2867225408028231,0.2867225408028231
4449,0.15253032081878884,4535,4454,0.28687982359426684,0.28687982359426684
4450,0.15248570165625225,4536,4455,0.28681657848324515,0.28681657848324515
4451,0.15247476113997627,4537,4456,0.2867533612519286,0.2867533612519286
4452,0.15245430408781466,4538,4457,0.2866901718818863,0.2866901718818863
4453,0.1524462222706725,4539,4458,0.28662701035470367,0.28662701035470367
4454,0.15240899021800236,4540,4459,0.28656387665198235,0.28656387665198235
4455,0.15233933494215104,4541,4460,0.28650077075534025,0.28650077075534025
4456,0.15231995446189528,4542,4461,0.2864376926464113,0.2864376926464113
4457,0.1522265285856024,4543,4462,0.2863746423068457,0.2863746423068457
4458,0.15216930836333173,4544,4463,0.2863116197183099,0.2863116197183099
4459,0.15214077224648048,4545,4464,0.28624862486248626,0.28624862486248626
4460,0.15213268200189745,4546,4465,0.28618565772107346,0.28618565772107346
4461,0.15210556104661746,4547,4466,0.2861227182757862,0.2861227182757862
4462,0.1520837810248755,4548,4467,0.28605980650835533,0.28605980650835533
4463,0.15208132857427456,4550,4468,0.28593406593406595,0.28593406593406595
4464,0.15208068539457464,4551,4469,0.2858712370907493,0.2858712370907493
4465,0.15206970649279752,4552,4470,0.2858084358523726,0.2858084358523726
4466,0.15206120777716084,4553,4471,0.28574566220074676,0.28574566220074676
4467,0.15204999844294173,4554,4472,0.28568291611769875,0.28568291611769875
4468,0.1520448254548377,4555,4473,0.28562019758507134,0.28562019758507134
4469,0.15200965197440416,4556,4474,0.2857769973661106,0.2857769973661106
4470,0.15199687286567246,4557,4475,0.2857142857142857,0.2857142857142857
4471,0.15199608018243457,4558,4476,0.2856516015796402,0.2856516015796402
4472,0.15196715858973234,4559,4477,0.28558894494406667,0.28558894494406667
4473,0.1518955053415849,4560,4478,0.2855263157894737,0.2855263157894737
4474,0.15189108772166135,4561,4479,0.2854637140977856,0.2854637140977856
4475,0.15188908015811134,4562,4480,0.28540113985094256,0.28540113985094256
4476,0.1518015390338245,4563,4481,0.2853385930309007,0.2853385930309007
4477,0.15176643590054098,4564,4482,0.2852760736196319,0.2852760736196319
4478,0.15176234875383612,4565,4483,0.28521358159912374,0.28521358159912374
4479,0.15173860046896173,4566,4484,0.2851511169513798,0.2851511169513798
4480,0.15156475066557779,4567,4485,0.2850886796584191,0.2850886796584191
4481,0.15154944457169453,4568,4486,0.2850262697022767,0.2850262697022767
4482,0.15153069765707392,4569,4487,0.2849638870650033,0.2849638870650033
4483,0.15148139020553755,4570,4488,0.28512035010940917,0.28512035010940917
4484,0.15146975399744128,4571,4489,0.28505797418507983,0.28505797418507983
4485,0.1514664652572735,4572,4490,0.28499562554680663,0.28499562554680663
4486,0.15145694794947492,4573,4491,0.2849333041766893,0.2849333041766893
4487,0.15144658776149197,4574,4492,0.284871010056843,0.284871010056843
4488,0.15143316551202776,4575,4493,0.2848087431693989,0.2848087431693989
4489,0.15142734546004566,4576,4494,0.2847465034965035,0.2847465034965035
4490,0.15140925413440381,4577,4495,0.284684291020319,0.284684291020319
4491,0.1513821645575574,4578,4496,0.28462210572302316,0.28462210572302316
4492,0.15135695973518787,4579,4497,0.2847783358811968,0.2847783358811968
4493,0.1513493457473544,4580,4498,0.2847161572052402,0.2847161572052402
4494,0.15114528119069717,4581,4499,0.28465400567561666,0.28465400567561666
4495,0.1511246970373687,4582,4500,0.2845918812745526,0.2845918812745526
4496,0.15111108756867186,4583,4501,0.28474798167139426,0.28474798167139426
4497,0.15106905977642351,4584,4502,0.2846858638743455,0.2846858638743455
4498,0.15100979767722597,4585,4503,0.2846237731733915,0.2846237731733915
4499,0.15100138830333665,4586,4504,0.2845617095508068,0.2845617095508068
4500,0.15096832001487492,4587,4505,0.2844996729888816,0.2844996729888816
4501,0.15092334558620932,4588,4506,0.28443766346992155,0.28443766346992155
4502,0.15091300153172538,4589,4507,0.28437568097624755,0.28437568097624755
4503,0.15086929997245924,4590,4508,0.2845315904139434,0.2845315904139434
4504,0.1508358762070964,4591,4509,0.28468743193204094,0.28468743193204094
4505,0.15076006219371071,4592,4510,0.2846254355400697,0.2846254355400697
4506,0.1507428018899356,4593,4511,0.2847811887655127,0.2847811887655127
4507,0.15074158183758488,4594,4512,0.2847191989551589,0.2847191989551589
4508,0.1507093017311547,4595,4513,0.2846572361262242,0.2846572361262242
4509,0.15070272975660476,4596,4514,0.2845953002610966,0.2845953002610966
4510,0.15067799189843437,4597,4515,0.2847509245159887,0.2847509245159887
4511,0.15067061082668873,4598,4516,0.2849064810787299,0.2849064810787299
4512,0.1506617617030157,4599,4517,0.2850619699934768,0.2850619699934768
4513,0.15057096546820647,4600,4518,0.285,0.285
4514,0.15056704641912183,4601,4519,0.2849380569441426,0.2849380569441426
4515,0.15049005024153042,4602,4520,0.2848761408083442,0.2848761408083442
4516,0.15046002552983131,4603,4521,0.28481425157505974,0.28481425157505974
4517,0.15044175438642432,4604,4522,0.28475238922675933,0.28475238922675933
4518,0.15034036985532137,4605,4523,0.28490770901194357,0.28490770901194357
4519,0.15031346704666568,4606,4524,0.28484585323491096,0.28484585323491096
4520,0.150313451401596,4607,4525,0.28478402431083133,0.28478402431083133
4521,0.1502752519947399,4608,4526,0.2847222222222222,0.2847222222222222
4522,0.15014860331204846,4609,4527,0.2846604469516164,0.2846604469516164
4523,0.1500863792884774,4610,4528,0.28459869848156183,0.28459869848156183
4524,0.15006731491002792,4611,4529,0.28453697679462153,0.28453697679462153
4525,0.15006260509393024,4612,4530,0.2844752818733738,0.2844752818733738
4526,0.15005752755901303,4613,4531,0.2844136137004119,0.2844136137004119
4527,0.1499386966787767,4614,4532,0.2843519722583442,0.2843519722583442
4528,0.1499381663566863,4615,4533,0.28429035752979415,0.28429035752979415
4529,0.14993458743613805,4616,4534,0.28422876949740034,0.28422876949740034
4530,0.14991719620025243,4617,4535,0.28416720814381635,0.28416720814381635
4531,0.14989106786858,4618,4536,0.28432221741013425,0.28432221741013425
4532,0.14986434905223606,4619,4537,0.2842606624810565,0.2842606624810565
4533,0.14984890805963813,4620,4538,0.2844155844155844,0.2844155844155844
4534,0.14984868865178175,4621,4539,0.28457043929885306,0.28457043929885306
4535,0.14981012880495442,4622,4540,0.28472522717438337,0.28472522717438337
4536,0.14978156749805424,4623,4541,0.2846636383300887,0.2846636383300887
4537,0.14975483022272051,4624,4542,0.28460207612456745,0.28460207612456745
4538,0.14969667378660495,4625,4543,0.28454054054054057,0.28454054054054057
4539,0.14968188901747154,4626,4544,0.2844790315607436,0.2844790315607436
4540,0.14966080681338392,4627,4545,0.2844175491679274,0.2844175491679274
4541,0.1496124523330377,4628,4546,0.2843560933448574,0.2843560933448574
4542,0.14957160971452316,4629,4547,0.2842946640743141,0.2842946640743141
4543,0.14954513480654746,4630,4548,0.2842332613390929,0.2842332613390929
4544,0.14952084388115064,4631,4549,0.28417188512200386,0.28417188512200386
4545,0.14951119811247374,4632,4550,0.28432642487046633,0.28432642487046633
4546,0.14944932950053355,4633,4551,0.28426505503993094,0.28426505503993094
4547,0.14943189302255985,4635,4552,0.2841423948220065,0.2841423948220065
4548,0.14941687310758933,4636,4553,0.2840811044003451,0.2840811044003451
4549,0.14940953048621586,4637,4554,0.2840198404140608,0.2840198404140608
4550,0.14938885246035555,4638,4555,0.28395860284605434,0.28395860284605434
4551,0.14934362478278473,4639,4556,0.2838973916792412,0.2838973916792412
4552,0.14929789350783365,4640,4557,0.2838362068965517,0.2838362068965517
4553,0.14928335737781548,4641,4558,0.2837750484809308,0.2837750484809308
4554,0.14927985839234417,4642,4559,0.2837139164153382,0.2837139164153382
4555,0.1492709155059239,4643,4560,0.2836528106827482,0.2836528106827482
4556,0.1492483403185426,4645,4561,0.2835306781485468,0.2835306781485468
4557,0.14921589819131045,4646,4562,0.28368489022815324,0.28368489022815324
4558,0.14919879952233556,4647,4563,0.28383903593716375,0.28383903593716375
4559,0.14916128553255104,4648,4564,0.2837779690189329,0.2837779690189329
4560,0.14915936258783938,4649,4565,0.2837169283716928,0.2837169283716928
4561,0.149152037490015,4651,4566,0.2835949258224038,0.2835949258224038
4562,0.14914162253879906,4652,4567,0.2837489251934652,0.2837489251934652
4563,0.14910322557709604,4653,4568,0.28368794326241137,0.28368794326241137
4564,0.14907984864999138,4655,4569,0.28356605800214824,0.28356605800214824
4565,0.14905795191141216,4656,4570,0.28350515463917525,0.28350515463917525
4566,0.14905313994219588,4657,4571,0.28365900794502896,0.28365900794502896
4567,0.14903473664749659,4658,4572,0.2835981107771576,0.2835981107771576
4568,0.1490006227983839,4659,4573,0.2835372397510195,0.2835372397510195
4569,0.1489956198383395,4660,4574,0.28347639484978543,0.28347639484978543
4570,0.1489608226795664,4661,4575,0.2834155760566402,0.2834155760566402
4571,0.14886993749124655,4662,4576,0.28335478335478337,0.28335478335478337
4572,0.14880544101188892,4663,4577,0.283508470941454,0.283508470941454
4573,0.14878255376773802,4664,4578,0.2834476843910806,0.2834476843910806
4574,0.14877928553585604,4665,4579,0.28338692390139336,0.28338692390139336
4575,0.14874548649330652,4667,4580,0.2832654810370688,0.2832654810370688
4576,0.14869446940388245,4668,4581,0.28320479862896314,0.28320479862896314
4577,0.14867381313780148,4669,4582,0.283144142214607,0.283144142214607
4578,0.14861216939868965,4670,4583,0.28308351177730195,0.28308351177730195
4579,0.14859628787055112,4671,4584,0.28302290730036395,0.28302290730036395
4580,0.1485688906441218,4672,4585,0.2829623287671233,0.2829623287671233
4581,0.1485522402415467,4673,4586,0.28290177616092443,0.28290177616092443
4582,0.14851838644911472,4674,4587,0.28284124946512623,0.28284124946512623
4583,0.1485180184908919,4675,4588,0.28299465240641714,0.28299465240641714
4584,0.14850271809685184,4676,4589,0.28293413173652693,0.28293413173652693
4585,0.1484678486315125,4677,4590,0.28287363694676076,0.28287363694676076
4586,0.148467762980687,4678,4591,0.2828131680205216,0.2828131680205216
4587,0.1484464980810515,4680,4592,0.2826923076923077,0.2826923076923077
4588,0.14843374278248375,4681,4593,0.28263191625721,0.28263191625721
4589,0.14840773326772486,4682,4594,0.28278513455788123,0.28278513455788123
4590,0.1483962603750219,4683,4595,0.2827247490924621,0.2827247490924621
4591,0.14839302153010656,4684,4596,0.28266438941076005,0.28266438941076005
4592,0.1483514527326004,4685,4597,0.28260405549626466,0.28260405549626466
4593,0.14832168666845447,4686,4598,0.2825437473324797,0.2825437473324797
4594,0.14826013133543423,4688,4599,0.28242320819112626,0.28242320819112626
4595,0.14825354197830404,4689,4600,0.2823629771806355,0.2823629771806355
4596,0.14824707542724963,4690,4601,0.28251599147121537,0.28251599147121537
4597,0.14821182561194543,4691,4602,0.282455766361117,0.282455766361117
4598,0.14818200458386388,4692,4603,0.2823955669224211,0.2823955669224211
4599,0.14818160205439468,4694,4604,0.28227524499360884,0.28227524499360884
4600,0.14817057065886638,4695,4605,0.2822151224707135,0.2822151224707135
4601,0.14815253367588785,4696,4606,0.2821550255536627,0.2821550255536627
4602,0.14806922846965184,4697,4607,0.28209495422610176,0.28209495422610176
4603,0.1480616919013511,4699,4608,0.2819748882741009,0.2819748882741009
4604,0.14804986030113845,4700,4609,0.28191489361702127,0.28191489361702127
4605,0.14794642665201257,4702,4610,0.28179498085920884,0.28179498085920884
4606,0.14790047999208045,4703,4611,0.28173506272591964,0.28173506272591964
4607,0.14788540683002846,4704,4612,0.2816751700680272,0.2816751700680272
4608,0.1478673985895947,4705,4613,0.281615302869288,0.281615302869288
4609,0.14784003075507185,4706,4614,0.2815554611134722,0.2815554611134722
4610,0.14781080563717586,4707,4615,0.28149564478436373,0.28149564478436373
4611,0.1477639404029571,4709,4616,0.28137608834147376,0.28137608834147376
4612,0.1477606473802313,4710,4617,0.2813163481953291,0.2813163481953291
4613,0.14769626869186156,4711,4618,0.28125663341116536,0.28125663341116536
4614,0.14768134992882717,4712,4619,0.2811969439728353,0.2811969439728353
4615,0.1476665179140238,4713,4620,0.2811372798642054,0.2811372798642054
4616,0.14760682360210325,4714,4621,0.28128977513788717,0.28128977513788717
4617,0.14759296513787354,4715,4622,0.28123011664899256,0.28123011664899256
4618,0.14755851923632113,4716,4623,0.2811704834605598,0.2811704834605598
4619,0.14752907392460315,4717,4624,0.28132287470850115,0.28132287470850115
4620,0.1475226887644644,4718,4625,0.28126324713861806,0.28126324713861806
4621,0.14751921116248562,4719,4626,0.2812036448400085,0.2812036448400085
4622,0.1475015599817663,4720,4627,0.28114406779661016,0.28114406779661016
4623,0.14747944677191557,4721,4628,0.2810845159923745,0.2810845159923745
4624,0.14747753344153622,4722,4629,0.2812367640830157,0.2812367640830157
4625,0.14744391734737947,4723,4630,0.2811772178699979,0.2811772178699979
4626,0.14739582269945617,4724,4631,0.2813293818797629,0.2813293818797629
4627,0.14739151364338335,4725,4632,0.2812698412698413,0.2812698412698413
4628,0.14738385581521007,4726,4633,0.2812103258569615,0.2812103258569615
4629,0.14735627876846258,4727,4634,0.2811508356251322,0.2811508356251322
4630,0.14733940135803847,4728,4635,0.28109137055837563,0.28109137055837563
4631,0.14718441536568952,4729,4636,0.2810319306407274,0.2810319306407274
4632,0.14712411852853557,4730,4637,0.28118393234672306,0.28118393234672306
4633,0.14712363842012327,4731,4638,0.28133586979496933,0.28133586979496933
4634,0.14710988072421752,4732,4639,0.2812764158918005,0.2812764158918005
4635,0.14710930881113687,4733,4640,0.28121698711176846,0.28121698711176846
4636,0.14706514724910885,4734,4641,0.2813688212927757,0.2813688212927757
4637,0.1470102402693192,4735,4642,0.2813093980992608,0.2813093980992608
4638,0.14693402980327308,4736,4643,0.28125,0.28125
4639,0.146887125597602,4737,4644,0.2811906269791007,0.2811906269791007
4640,0.14685675280664648,4738,4645,0.28113127902068386,0.28113127902068386
4641,0.14684821271370158,4739,4646,0.28128297109094746,0.28128297109094746
4642,0.14680924301253503,4740,4647,0.28122362869198314,0.28122362869198314
4643,0.1467730358670215,4741,4648,0.2813752372917106,0.2813752372917106
4644,0.14674268536637922,4742,4649,0.2813159004639393,0.2813159004639393
4645,0.14672263265506005,4743,4650,0.2812565886569682,0.2812565886569682
4646,0.14671989303404923,4744,4651,0.2811973018549747,0.2811973018549747
4647,0.1466003217481942,4746,4652,0.281078803202697,0.281078803202697
4648,0.14656922310508905,4747,4653,0.2810195913208342,0.2810195913208342
4649,0.1464758476822873,4748,4654,0.2809604043807919,0.2809604043807919
4650,0.14644777528050237,4749,4655,0.2809012423668141,0.2809012423668141
4651,0.14644703906532602,4750,4656,0.2808421052631579,0.2808421052631579
4652,0.14642318451884487,4751,4657,0.2807829930540939,0.2807829930540939
4653,0.14640043446225404,4752,4658,0.2807239057239057,0.2807239057239057
4654,0.14633421005648045,4753,4659,0.2806648432568904,0.2806648432568904
4655,0.14630870283435807,4754,4660,0.28060580563735804,0.28060580563735804
4656,0.1462987820934939,4755,4661,0.28054679284963197,0.28054679284963197
4657,0.14628611752547263,4756,4662,0.2806980656013457,0.2806980656013457
4658,0.14627727535129284,4757,4663,0.28063905822997687,0.28063905822997687
4659,0.14617735338913837,4758,4664,0.28058007566204285,0.28058007566204285
4660,0.1461515811521595,4759,4665,0.280521117881908,0.280521117881908
4661,0.1461502300752955,4760,4666,0.2804621848739496,0.2804621848739496
4662,0.14607852883028188,4762,4667,0.28034439311213777,0.28034439311213777
4663,0.14606836306794418,4763,4668,0.2802855343271048,0.2802855343271048
4664,0.14603920719522154,4764,4669,0.28022670025188917,0.28022670025188917
4665,0.14599313572930117,4765,4670,0.2803777544596013,0.2803777544596013
4666,0.14595782296484108,4766,4671,0.28031892572387745,0.28031892572387745
4667,0.14594062122361337,4767,4672,0.2802601216698133,0.2802601216698133
4668,0.14592013687420488,4768,4673,0.2802013422818792,0.2802013422818792
4669,0.1458152159620835,4769,4674,0.280352275110086,0.280352275110086
4670,0.14581268656083268,4770,4675,0.28029350104821804,0.28029350104821804
4671,0.1457994875712093,4771,4676,0.2802347516243974,0.2802347516243974
4672,0.14577662080657658,4772,4677,0.28017602682313497,0.28017602682313497
4673,0.14572673880621378,4773,4678,0.28011732662895455,0.28011732662895455
4674,0.1457001746603295,4774,4679,0.28005865102639294,0.28005865102639294
4675,0.14566854553210856,4775,4680,0.28,0.28
4676,0.1456667082785951,4776,4681,0.27994137353433834,0.27994137353433834
4677,0.14564709879615456,4777,4682,0.27988277161398367,0.27988277161398367
4678,0.14562141598238976,4779,4683,0.27976564134756227,0.27976564134756227
4679,0.14559948116067142,4780,4684,0.2797071129707113,0.2797071129707113
4680,0.14559610607580759,4781,4685,0.2796486090775988,0.2796486090775988
4681,0.14555509769155445,4782,4686,0.2795901296528649,0.2795901296528649
4682,0.14544741183056156,4783,4687,0.27953167468116247,0.27953167468116247
4683,0.14544402179586433,4784,4688,0.2794732441471572,0.2794732441471572
4684,0.14542406430783505,4785,4689,0.2794148380355277,0.2794148380355277
4685,0.14542006397994295,4786,4690,0.27935645633096534,0.27935645633096534
4686,0.14539975627694932,4787,4691,0.2792980990181742,0.2792980990181742
4687,0.14539462336202583,4788,4692,0.27923976608187134,0.27923976608187134
4688,0.14536926644428233,4789,4693,0.2791814575067864,0.2791814575067864
4689,0.1453444563191209,4790,4694,0.2791231732776618,0.2791231732776618
4690,0.14530752970255406,4791,4695,0.27906491337925277,0.27906491337925277
4691,0.1452695468204519,4792,4696,0.2790066777963272,0.2790066777963272
4692,0.14523289537477818,4793,4697,0.2789484665136658,0.2789484665136658
4693,0.1451946819174533,4794,4698,0.27889027951606177,0.27889027951606177
4694,0.14518693290869883,4795,4699,0.27904066736183525,0.27904066736183525
4695,0.14507015721116892,4796,4700,0.27898248540450377,0.27898248540450377
4696,0.14506663436877407,4797,4701,0.2789243277048155,0.2789243277048155
4697,0.14506516454392687,4798,4702,0.27886619424760317,0.27886619424760317
4698,0.14506087090418518,4799,4703,0.27880808501771204,0.27880808501771204
4699,0.14505624160224764,4800,4704,0.27875,0.27875
4700,0.14499366878929934,4801,4705,0.27869193917933766,0.27869193917933766
4701,0.14498819535447055,4802,4706,0.2786339025406081,0.2786339025406081
4702,0.14495906646502138,4803,4707,0.27857589006870703,0.27857589006870703
4703,0.1449589077022947,4804,4708,0.2785179017485429,0.2785179017485429
4704,0.1449125164066683,4805,4709,0.2784599375650364,0.2784599375650364
4705,0.1448767870783621,4806,4710,0.2784019975031211,0.2784019975031211
4706,0.14486774309310577,4807,4711,0.27834408154774287,0.27834408154774287
4707,0.1448475348784803,4809,4712,0.27822832189644414,0.27822832189644414
4708,0.14484275205318198,4810,4713,0.2781704781704782,0.2781704781704782
4709,0.1447776489959275,4811,4714,0.27811265849095823,0.27811265849095823
4710,0.1447768364402937,4812,4715,0.27805486284289277,0.27805486284289277
4711,0.14473642207554233,4813,4716,0.2782048618325369,0.2782048618325369
4712,0.14471902842198148,4814,4717,0.2783547985043623,0.2783547985043623
4713,0.14471300423367298,4815,4718,0.2782969885773624,0.2782969885773624
4714,0.14467352988430582,4816,4719,0.2782392026578073,0.2782392026578073
4715,0.14466483590284465,4817,4720,0.2781814407307453,0.2781814407307453
4716,0.14466110197342877,4819,4721,0.2780659887943557,0.2780659887943557
4717,0.14463623072669654,4820,4722,0.27800829875518673,0.27800829875518673
4718,0.14463412642608117,4821,4723,0.277950632648828,0.277950632648828
4719,0.1446110436908877,4822,4724,0.2778929904603899,0.2778929904603899
4720,0.1445997974388298,4823,4725,0.2778353721749948,0.2778353721749948
4721,0.14459382372324608,4824,4726,0.2777777777777778,0.2777777777777778
4722,0.1445877384861259,4825,4727,0.277720207253886,0.277720207253886
4723,0.14455031254054684,4827,4728,0.2776051377667288,0.2776051377667288
4724,0.14454665260263616,4828,4729,0.2775476387738194,0.2775476387738194
4725,0.14453257459067007,4829,4730,0.2774901635949472,0.2774901635949472
4726,0.14449932998008083,4830,4731,0.2774327122153209,0.2774327122153209
4727,0.144496953078847,4831,4732,0.2773752846201615,0.2773752846201615
4728,0.14448789452316385,4832,4733,0.277317880794702,0.277317880794702
4729,0.14448743271171943,4833,4734,0.2772605007241879,0.2772605007241879
4730,0.1444722880566946,4834,4735,0.2772031443938767,0.2772031443938767
4731,0.1444715868706684,4835,4736,0.27714581178903824,0.27714581178903824
4732,0.14439584252824542,4836,4737,0.2770885028949545,0.2770885028949545
4733,0.1443759535849249,4837,4738,0.2770312176969196,0.2770312176969196
4734,0.1443690015265792,4838,4739,0.2771806531624638,0.2771806531624638
4735,0.14433194924836718,4839,4740,0.27712337259764414,0.27712337259764414
4736,0.1442847509451966,4840,4741,0.27706611570247935,0.27706611570247935
4737,0.14427834118463953,4841,4742,0.27700888246230115,0.27700888246230115
4738,0.144261377977832,4842,4743,0.27695167286245354,0.27695167286245354
4739,0.14421767325248122,4843,4744,0.2768944868882924,0.2768944868882924
4740,0.14418903197795455,4844,4745,0.2768373245251858,0.2768373245251858
4741,0.1441686390882888,4845,4746,0.27678018575851393,0.27678018575851393
4742,0.1441438860222568,4846,4747,0.276723070573669,0.276723070573669
4743,0.14408693891398378,4847,4748,0.27666597895605527,0.27666597895605527
4744,0.1440660613862875,4848,4749,0.27660891089108913,0.27660891089108913
4745,0.14406008983879823,4849,4750,0.2765518663641988,0.2765518663641988
4746,0.14402177592541432,4850,4751,0.27649484536082475,0.27649484536082475
4747,0.14400573966333693,4851,4752,0.2764378478664193,0.2764378478664193
4748,0.14399075458736166,4852,4753,0.27638087386644683,0.27638087386644683
4749,0.1439907275985173,4853,4754,0.27632392334638367,0.27632392334638367
4750,0.14395229531341996,4854,4755,0.2762669962917182,0.2762669962917182
4751,0.14393219098722349,4855,4756,0.27621009268795055,0.27621009268795055
4752,0.14387576380568448,4856,4757,0.2761532125205931,0.2761532125205931
4753,0.14384706379209772,4857,4758,0.27609635577516983,0.27609635577516983
4754,0.14384462359872105,4858,4759,0.27603952243721697,0.27603952243721697
4755,0.14381207241212063,4859,4760,0.27598271249228234,0.27598271249228234
4756,0.1437835839259156,4860,4761,0.2759259259259259,0.2759259259259259
4757,0.1437551547374265,4861,4762,0.27607488171158195,0.27607488171158195
4758,0.1437414317178765,4862,4763,0.2762237762237762,0.2762237762237762
4759,0.14374100266384957,4863,4764,0.2761669751182398,0.2761669751182398
4760,0.1437341008738648,4864,4765,0.2761101973684211,0.2761101973684211
4761,0.1436972461674287,4865,4766,0.2760534429599178,0.2760534429599178
4762,0.14368651805763993,4866,4767,0.2759967118783395,0.2759967118783395
4763,0.14367585041798417,4867,4768,0.2759400041093076,0.2759400041093076
4764,0.1436681952577053,4868,4769,0.2758833196384552,0.2758833196384552
4765,0.1436492692832991,4869,4770,0.2758266584514274,0.2758266584514274
4766,0.14364724955033165,4870,4771,0.27597535934291584,0.27597535934291584
4767,0.14362204932914718,4871,4772,0.27612399917881336,0.27612399917881336
4768,0.14361955456251732,4872,4773,0.27606732348111657,0.27606732348111657
4769,0.14359004187965013,4873,4774,0.2762158834393597,0.2762158834393597
4770,0.1435886156700489,4874,4775,0.27615921214608125,0.27615921214608125
4771,0.14356074857492343,4875,4776,0.2761025641025641,0.2761025641025641
4772,0.14353824770701443,4876,4777,0.2760459392945037,0.2760459392945037
4773,0.1434718685924917,4877,4778,0.27598933770760714,0.27598933770760714
4774,0.14343121669847264,4878,4779,0.27593275932759326,0.27593275932759326
4775,0.14342844743837965,4879,4780,0.27587620414019265,0.27587620414019265
4776,0.14337213530440115,4880,4781,0.27581967213114755,0.27581967213114755
4777,0.14337201520398085,4881,4782,0.27576316328621187,0.27576316328621187
4778,0.14335627422652358,4882,4783,0.2757066775911512,0.2757066775911512
4779,0.14335254713583268,4883,4784,0.2756502150317428,0.2756502150317428
4780,0.14334847615339436,4884,4785,0.27559377559377557,0.27559377559377557
4781,0.14334609833463235,4885,4786,0.2755373592630502,0.2755373592630502
4782,0.14331984390683636,4887,4787,0.2754245958665848,0.2754245958665848
4783,0.14331128318218395,4888,4788,0.27557283142389527,0.27557283142389527
4784,0.14329835178702124,4889,4789,0.2755164655348742,0.2755164655348742
4785,0.14327952207234224,4890,4790,0.2754601226993865,0.2754601226993865
4786,0.14326296527709523,4891,4791,0.27560826006951544,0.27560826006951544
4787,0.14326223007214364,4892,4792,0.27555192150449714,0.27555192150449714
4788,0.14315928778776885,4893,4793,0.27549560596770895,0.27549560596770895
4789,0.1431432454292197,4894,4794,0.27543931344503475,0.27543931344503475
4790,0.14312328887791417,4895,4795,0.2753830439223698,0.2753830439223698
4791,0.1430716051340641,4896,4796,0.27532679738562094,0.27532679738562094
4792,0.1430219942697704,4897,4797,0.2752705738207066,0.2752705738207066
4793,0.14300516706960478,4898,4798,0.2752143732135566,0.2752143732135566
4794,0.14298798324417453,4899,4799,0.2751581955501123,0.2751581955501123
4795,0.1429251600653455,4900,4800,0.27510204081632655,0.27510204081632655
4796,0.14290027156642177,4901,4801,0.2750459089981636,0.2750459089981636
4797,0.14289868368258832,4903,4802,0.27493371405262085,0.27493371405262085
4798,0.14289464361760457,4904,4803,0.27487765089722677,0.27487765089722677
4799,0.14288989825703038,4905,4804,0.2750254841997961,0.2750254841997961
4800,0.14288865971069012,4906,4805,0.2749694251936404,0.2749694251936404
4801,0.14278542467923971,4907,4806,0.27491338903607093,0.27491338903607093
4802,0.14275542756474507,4908,4807,0.2748573757131214,0.2748573757131214
4803,0.14274633717946683,4909,4808,0.27480138521083725,0.27480138521083725
4804,0.14271929767114844,4910,4809,0.27494908350305497,0.27494908350305497
4805,0.14269988033322387,4911,4810,0.2750967216452861,0.2750967216452861
4806,0.14265671151558224,4912,4811,0.27504071661237783,0.27504071661237783
4807,0.14265013446144875,4913,4812,0.27498473437818033,0.27498473437818033
4808,0.1426429792297036,4914,4813,0.2751322751322751,0.2751322751322751
4809,0.1426274707401612,4915,4814,0.2752797558494405,0.2752797558494405
4810,0.14258043642220503,4916,4815,0.27522375915378355,0.27522375915378355
4811,0.14256270100148608,4917,4816,0.2751677852348993,0.2751677852348993
4812,0.14255847684429335,4918,4817,0.2753151687677918,0.2753151687677918
4813,0.1425447895849266,4919,4818,0.27525919902419194,0.27525919902419194
4814,0.14245919991196473,4920,4819,0.27520325203252033,0.27520325203252033
4815,0.142428844098838,4921,4820,0.2751473277789067,0.2751473277789067
4816,0.1424166263313118,4922,4821,0.2752945956928078,0.2752945956928078
4817,0.14241290351375052,4923,4822,0.2752386756043063,0.2752386756043063
4818,0.14240473083038901,4924,4823,0.27518277822908205,0.27518277822908205
4819,0.14238129479358097,4925,4824,0.2751269035532995,0.2751269035532995
4820,0.14237152728283892,4926,4825,0.27527405602923266,0.27527405602923266
4821,0.14232182478147498,4927,4826,0.275218185508423,0.275218185508423
4822,0.1421975535973675,4928,4827,0.27516233766233766,0.27516233766233766
4823,0.1421936632050056,4929,4828,0.2751065124771759,0.2751065124771759
4824,0.14213115853154737,4930,4829,0.2750507099391481,0.2750507099391481
4825,0.14211492976331835,4931,4830,0.2749949300344758,0.2749949300344758
4826,0.14211280777157,4932,4831,0.2749391727493917,0.2749391727493917
4827,0.14210648403769724,4933,4832,0.2748834380701399,0.2748834380701399
4828,0.14210638952917215,4934,4833,0.27503040129712203,0.27503040129712203
4829,0.14210584298527712,4935,4834,0.27497467071935155,0.27497467071935155
4830,0.1420491289078701,4936,4835,0.2749189627228525,0.2749189627228525
4831,0.14203542107364253,4937,4836,0.2748632772939032,0.2748632772939032
4832,0.14195874263378933,4938,4837,0.27480761441879303,0.27480761441879303
4833,0.14191422073134582,4939,4838,0.2749544442194776,0.2749544442194776
4834,0.14190551203272603,4940,4839,0.2748987854251012,0.2748987854251012
4835,0.1419003275343233,4941,4840,0.27484314916008906,0.27484314916008906
4836,0.14187796617609674,4942,4841,0.2747875354107649,0.2747875354107649
4837,0.14187302133079346,4945,4842,0.27462082912032354,0.27462082912032354
4838,0.14182245274074537,4946,4843,0.27456530529720985,0.27456530529720985
4839,0.1417908649722149,4947,4844,0.27450980392156865,0.27450980392156865
4840,0.14175942670761935,4948,4845,0.27445432497978983,0.27445432497978983
4841,0.14171701272242834,4949,4846,0.2746009294807032,0.2746009294807032
4842,0.14170926472704137,4950,4847,0.27474747474747474,0.27474747474747474
4843,0.14170789991073865,4951,4848,0.27469198141789536,0.27469198141789536
4844,0.14170027260585688,4952,4849,0.27463651050080773,0.27463651050080773
4845,0.14167383244557893,4953,4850,0.27458106198263676,0.27458106198263676
4846,0.14165902122450943,4954,4851,0.2745256358498183,0.2745256358498183
4847,0.14165841710930174,4955,4852,0.27447023208879917,0.27447023208879917
4848,0.1416055477383898,4956,4853,0.2744148506860371,0.2744148506860371
4849,0.14158466184040097,4957,4854,0.27435949162800083,0.27435949162800083
4850,0.1415768603532372,4958,4855,0.2743041549011698,0.2743041549011698
4851,0.1415702904423676,4959,4856,0.2742488404920347,0.2742488404920347
4852,0.14154420505811102,4960,4857,0.2743951612903226,0.2743951612903226
4853,0.1415402267248848,4961,4858,0.2743398508365249,0.2743398508365249
4854,0.14153891625362897,4962,4859,0.27428456267634016,0.27428456267634016
4855,0.14152720083494089,4963,4860,0.27422929679629254,0.27422929679629254
4856,0.14150346158802674,4964,4861,0.274174053182917,0.274174053182917
4857,0.1414920004857041,4965,4862,0.2743202416918429,0.2743202416918429
4858,0.14145599209116,4966,4863,0.27426500201369314,0.27426500201369314
4859,0.1414558091008434,4967,4864,0.2742097845782162,0.2742097845782162
4860,0.1414526188951099,4968,4865,0.2741545893719807,0.2741545893719807
4861,0.14143444057849822,4969,4866,0.2740994163815657,0.2740994163815657
4862,0.1413745843525691,4970,4867,0.2740442655935614,0.2740442655935614
4863,0.14134607395512389,4971,4868,0.2739891369945685,0.2739891369945685
4864,0.1413212570201398,4972,4869,0.2739340305711987,0.2739340305711987
4865,0.14129098186611216,4973,4870,0.2738789463100744,0.2738789463100744
4866,0.14128092793377128,4974,4871,0.2738238841978287,0.2738238841978287
4867,0.14120320304059897,4975,4872,0.27376884422110553,0.27376884422110553
4868,0.14119648592927977,4976,4873,0.2737138263665595,0.2737138263665595
4869,0.14110468142394866,4977,4874,0.27365883062085594,0.27365883062085594
4870,0.14109672561258663,4978,4875,0.27380474085978307,0.27380474085978307
4871,0.14103197961888775,4979,4876,0.2737497489455714,0.2737497489455714
4872,0.14096360815014605,4980,4877,0.27369477911646584,0.27369477911646584
4873,0.14096078568044412,4982,4878,0.27358490566037735,0.27358490566037735
4874,0.1409335728709399,4983,4879,0.2735300020068232,0.2735300020068232
4875,0.14091699307085645,4984,4880,0.27347512038523275,0.27347512038523275
4876,0.1408386482432619,4985,4881,0.27342026078234705,0.27342026078234705
4877,0.14078066100098666,4986,4882,0.2735659847573205,0.2735659847573205
4878,0.14076901427320745,4987,4883,0.2735111289352316,0.2735111289352316
4879,0.14076875826949917,4988,4884,0.2734562951082598,0.2734562951082598
4880,0.14073108721785443,4989,4885,0.273401483263179,0.273401483263179
4881,0.14071789065750168,4990,4886,0.27334669338677353,0.27334669338677353
4882,0.1407166027687435,4991,4887,0.2732919254658385,0.2732919254658385
4883,0.1407099183373252,4992,4888,0.27323717948717946,0.27323717948717946
4884,0.14069500363227522,4994,4889,0.27312775330396477,0.27312775330396477
4885,0.14068401916678402,4995,4890,0.27307307307307305,0.27307307307307305
4886,0.14066391913943013,4996,4891,0.27301841473178545,0.27301841473178545
4887,0.14054868158223222,4997,4892,0.27296377826696017,0.27296377826696017
4888,0.1404577531070573,4998,4893,0.2729091636654662,0.2729091636654662
4889,0.14042960598123053,4999,4894,0.27285457091418286,0.27285457091418286
4890,0.14040882153376574,5000,4895,0.273,0.273
4891,0.14037719221133527,5002,4896,0.27289084366253497,0.27289084366253497
4892,0.14037307906832458,5003,4897,0.27283629822106736,0.27283629822106736
4893,0.14036209978088954,5004,4898,0.2729816147082334,0.2729816147082334
4894,0.14033178223777787,5005,4899,0.2729270729270729,0.2729270729270729
4895,0.1403289656731445,5006,4900,0.2728725529364762,0.2728725529364762
4896,0.14030299017842546,5007,4901,0.27281805472338727,0.27281805472338727
4897,0.14026592462570708,5008,4902,0.2727635782747604,0.2727635782747604
4898,0.14023000504698144,5009,4903,0.2727091235775604,0.2727091235775604
4899,0.1402267967694601,5010,4904,0.27265469061876246,0.27265469061876246
4900,0.14012659714429695,5012,4905,0.2725458898643256,0.2725458898643256
4901,0.14011619329409386,5013,4906,0.272491522042689,0.272491522042689
4902,0.14010110551572214,5014,4907,0.27243717590745914,0.27243717590745914
4903,0.14008631616554995,5015,4908,0.272382851445663,0.272382851445663
4904,0.14006186380785754,5016,4909,0.27232854864433814,0.27232854864433814
4905,0.14003175241443908,5017,4910,0.2722742674905322,0.2722742674905322
4906,0.14002506537054954,5018,4911,0.2722200079713033,0.2722200079713033
4907,0.13999956735639738,5019,4912,0.27216577007371984,0.27216577007371984
4908,0.13996757378882257,5020,4913,0.27211155378486057,0.27211155378486057
4909,0.13993979307113882,5021,4914,0.2722565226050587,0.2722565226050587
4910,0.1399290996542153,5022,4915,0.27220230983671845,0.27220230983671845
4911,0.13991014574200694,5023,4916,0.2721481186541907,0.2721481186541907
4912,0.1399021494049849,5024,4917,0.272093949044586,0.272093949044586
4913,0.13988993218945833,5025,4918,0.27223880597014927,0.27223880597014927
4914,0.13988166400415683,5026,4919,0.27218463987266217,0.27218463987266217
4915,0.13986719059641764,5027,4920,0.2721304953252437,0.2721304953252437
4916,0.13983947284529358,5028,4921,0.2720763723150358,0.2720763723150358
4917,0.1398205818658224,5029,4922,0.27202227082919067,0.27202227082919067
4918,0.13981067124102162,5030,4923,0.2719681908548708,0.2719681908548708
4919,0.13978742546854994,5031,4924,0.27191413237924866,0.27191413237924866
4920,0.13978521469833685,5032,4925,0.2718600953895072,0.2718600953895072
4921,0.13976900975941844,5033,4926,0.2718060798728393,0.2718060798728393
4922,0.13976064162268512,5035,4927,0.27169811320754716,0.27169811320754716
4923,0.1397551275042439,5036,4928,0.2716441620333598,0.2716441620333598
4924,0.13974992042486065,5037,4929,0.2715902322811197,0.2715902322811197
4925,0.13974683716634947,5038,4930,0.27153632393807065,0.27153632393807065
4926,0.13973996715871007,5039,4931,0.27148243699146657,0.27148243699146657
4927,0.13973627603061614,5041,4932,0.2713747272366594,0.2713747272366594
4928,0.1396838807097439,5042,4933,0.27132090440301465,0.27132090440301465
4929,0.13962609221867298,5043,4934,0.2712671029149316,0.2712671029149316
4930,0.13958928406174248,5044,4935,0.2712133227597145,0.2712133227597145
4931,0.1394737993428246,5045,4936,0.2711595639246779,0.2711595639246779
4932,0.13946317197813213,5046,4937,0.27110582639714625,0.27110582639714625
4933,0.13946043680326808,5047,4938,0.27105211016445413,0.27105211016445413
4934,0.13945730202326984,5048,4939,0.27099841521394613,0.27099841521394613
4935,0.13943134503443277,5049,4940,0.2709447415329768,0.2709447415329768
4936,0.13942619776944276,5050,4941,0.2708910891089109,0.2708910891089109
4937,0.13942194559559914,5051,4942,0.27083745792912295,0.27083745792912295
4938,0.13941823181429178,5052,4943,0.27078384798099764,0.27078384798099764
4939,0.13934955306359537,5053,4944,0.27073025925192956,0.27073025925192956
4940,0.13928707295405796,5054,4945,0.2706766917293233,0.2706766917293233
4941,0.13928372878254705,5055,4946,0.27062314540059346,0.27062314540059346
4942,0.13923619363955064,5056,4947,0.27056962025316456,0.27056962025316456
4943,0.13919674932467854,5057,4948,0.27051611627447103,0.27051611627447103
4944,0.13916225018872314,5058,4949,0.2704626334519573,0.2704626334519573
4945,0.13910919899786917,5059,4950,0.27040917177307766,0.27040917177307766
4946,0.13909030615826115,5060,4951,0.27035573122529644,0.27035573122529644
4947,0.13906118326510622,5062,4952,0.2702489134729356,0.2702489134729356
4948,0.1389864048752314,5063,4953,0.270195536243334,0.270195536243334
4949,0.13897953453577389,5064,4954,0.27014218009478674,0.27014218009478674
4950,0.13894361867032257,5065,4955,0.2700888450148075,0.2700888450148075
4951,0.1389335293555898,5066,4956,0.27003553099091987,0.27003553099091987
4952,0.13889209442207523,5067,4957,0.2699822380106572,0.2699822380106572
4953,0.1388877690424299,5068,4958,0.26992896606156275,0.26992896606156275
4954,0.13883622859274888,5069,4959,0.2698757151311896,0.2698757151311896
4955,0.1388186147579033,5070,4960,0.2698224852071006,0.2698224852071006
4956,0.1388177541098311,5071,4961,0.2697692762768685,0.2697692762768685
4957,0.13880864047247649,5072,4962,0.2697160883280757,0.2697160883280757
4958,0.13880212306518977,5073,4963,0.2696629213483146,0.2696629213483146
4959,0.1387944426873698,5074,4964,0.2696097753251872,0.2696097753251872
4960,0.13877985613693752,5075,4965,0.26955665024630543,0.26955665024630543
4961,0.13877299132933296,5076,4966,0.2695035460992908,0.2695035460992908
4962,0.1387693954018702,5077,4967,0.26945046287177465,0.26945046287177465
4963,0.13873750335396828,5078,4968,0.2693974005513982,0.2693974005513982
4964,0.13871668632053497,5079,4969,0.26934435912581217,0.26934435912581217
4965,0.13871254865274682,5080,4970,0.2692913385826772,0.2692913385826772
4966,0.13871098988305608,5081,4971,0.2692383389096635,0.2692383389096635
4967,0.13870367042111645,5082,4972,0.269185360094451,0.269185360094451
4968,0.13869311741728008,5083,4973,0.2691324021247295,0.2691324021247295
4969,0.13868836011845787,5084,4974,0.2690794649881983,0.2690794649881983
4970,0.1386563218716449,5085,4975,0.26902654867256637,0.26902654867256637
4971,0.1386007929818519,5086,4976,0.2689736531655525,0.2689736531655525
4972,0.13858180022013938,5087,4977,0.2691173579712994,0.2691173579712994
4973,0.13855872117197635,5088,4978,0.269064465408805,0.269064465408805
4974,0.13855628263907155,5089,4979,0.2690115936333268,0.2690115936333268
4975,0.13853538164158966,5090,4980,0.268958742632613,0.268958742632613
4976,0.13848091683529132,5091,4981,0.2689059123944215,0.2689059123944215
4977,0.13846036929547328,5092,4982,0.26885310290652004,0.26885310290652004
4978,0.13843101871916097,5093,4983,0.268996662085215,0.268996662085215
4979,0.13842971330360884,5094,4984,0.2689438555162937,0.2689438555162937
4980,0.13842695629276403,5095,4985,0.2688910696761531,0.2688910696761531
4981,0.13841967227842816,5096,4986,0.2688383045525903,0.2688383045525903
4982,0.1383957625031262,5097,4987,0.2687855601334118,0.2687855601334118
4983,0.1383696555811123,5098,4988,0.2687328364064339,0.2687328364064339
4984,0.1382871653011313,5099,4989,0.2688762502451461,0.2688762502451461
4985,0.1381978445241307,5100,4990,0.2688235294117647,0.2688235294117647
4986,0.1381475020985992,5101,4991,0.26877082924916684,0.26877082924916684
4987,0.13808745957042454,5102,4992,0.268718149745198,0.268718149745198
4988,0.13805447192955866,5103,4993,0.26886145404663925,0.26886145404663925
4989,0.13792602130328513,5104,4994,0.26900470219435735,0.26900470219435735
4990,0.13791288908547075,5105,4995,0.2689520078354554,0.2689520078354554
4991,0.13790407977790237,5106,4996,0.2688993341167254,0.2688993341167254
4992,0.13788008276481425,5107,4997,0.2688466810260427,0.2688466810260427
4993,0.13778211644869498,5108,4998,0.2687940485512921,0.2687940485512921
4994,0.1377659634301219,5110,4999,0.26868884540117416,0.26868884540117416
4995,0.13774031351515148,5111,5000,0.26863627470162393,0.26863627470162393
4996,0.13772208862402852,5112,5001,0.2685837245696401,0.2685837245696401
4997,0.13769122715650162,5113,5002,0.2685311949931547,0.2685311949931547
4998,0.1376668622260319,5114,5003,0.26867422761048104,0.26867422761048104
4999,0.13764574227949491,5115,5004,0.2686217008797654,0.2686217008797654
5000,0.13759451589001184,5116,5005,0.2685691946833464,0.2685691946833464
5001,0.1375800242833206,5117,5006,0.26851670900918506,0.26851670900918506
5002,0.13757723380147507,5118,5007,0.268464243845252,0.268464243845252
5003,0.13754843308693113,5119,5008,0.26860714983395195,0.26860714983395195
5004,0.13749099305098686,5121,5009,0.26850224565514547,0.26850224565514547
5005,0.13748175244284863,5122,5010,0.26844982428738773,0.26844982428738773
5006,0.1374676405991028,5123,5011,0.2683974233847355,0.2683974233847355
5007,0.13744723539024986,5124,5012,0.2683450429352069,0.2683450429352069
5008,0.13740540059589507,5125,5013,0.2684878048780488,0.2684878048780488
5009,0.13735971300167765,5126,5014,0.2684354272337105,0.2684354272337105
5010,0.13720799788069848,5127,5015,0.26838307002145506,0.26838307002145506
5011,0.13719424272101033,5128,5016,0.26833073322932915,0.26833073322932915
5012,0.1371530987119347,5129,5017,0.26827841684538895,0.26827841684538895
5013,0.1371263925869471,5130,5018,0.2682261208576998,0.2682261208576998
5014,0.1370773989288028,5131,5019,0.2681738452543364,0.2681738452543364
5015,0.1370200602788813,5132,5020,0.26831644583008574,0.26831644583008574
5016,0.1370023773698256,5133,5021,0.2682641729982466,0.2682641729982466
5017,0.13698559650443531,5134,5022,0.2682119205298013,0.2682119205298013
5018,0.13698346159094302,5135,5023,0.268159688412853,0.268159688412853
5019,0.1369630394861833,5136,5024,0.26810747663551404,0.26810747663551404
5020,0.13694058158888073,5137,5025,0.26824995133346313,0.26824995133346313
5021,0.13691413080967274,5138,5026,0.26819774231218374,0.26819774231218374
5022,0.13689014694025473,5139,5027,0.26834014399688655,0.26834014399688655
5023,0.13686307289365246,5140,5028,0.26828793774319065,0.26828793774319065
5024,0.13679366992825479,5141,5029,0.26823575179926085,0.26823575179926085
5025,0.13679009855855193,5142,5030,0.26837806301050177,0.26837806301050177
5026,0.136709730225701,5143,5031,0.2683258798366712,0.2683258798366712
5027,0.13669817480628274,5144,5032,0.2682737169517885,0.2682737169517885
5028,0.1366622264657957,5145,5033,0.26822157434402333,0.26822157434402333
5029,0.13665708114095032,5146,5034,0.2681694520015546,0.2681694520015546
5030,0.13664427124041165,5147,5035,0.2681173499125704,0.2681173499125704
5031,0.13662717582110742,5148,5036,0.2680652680652681,0.2680652680652681
5032,0.13659137166997198,5149,5037,0.268013206447854,0.268013206447854
5033,0.13657340643679478,5150,5038,0.26796116504854367,0.26796116504854367
5034,0.1365690211819416,5151,5039,0.267909143855562,0.267909143855562
5035,0.13655875407274787,5152,5040,0.26785714285714285,0.26785714285714285
5036,0.13650755503486972,5153,5041,0.2678051620415292,0.2678051620415292
5037,0.13648469694839555,5154,5042,0.26775320139697323,0.26775320139697323
5038,0.13648408632454706,5155,5043,0.2678952473326867,0.2678952473326867
5039,0.13642918237538013,5156,5044,0.2678432893716059,0.2678432893716059
5040,0.13642550891432842,5157,5045,0.26779135156098505,0.26779135156098505
5041,0.13642281583822172,5158,5046,0.2677394338891043,0.2677394338891043
5042,0.13641527872730408,5159,5047,0.26768753634425274,0.26768753634425274
5043,0.1363836343091596,5160,5048,0.2676356589147287,0.2676356589147287
5044,0.13634031448348946,5161,5049,0.2675838015888394,0.2675838015888394
5045,0.1363379966997653,5162,5050,0.2675319643549012,0.2675319643549012
5046,0.13631441853497914,5163,5051,0.2674801472012396,0.2674801472012396
5047,0.1362989550199572,5164,5052,0.267428350116189,0.267428350116189
5048,0.1362628801325483,5165,5053,0.26737657308809293,0.26737657308809293
5049,0.1362451389245018,5167,5054,0.2672730791561835,0.2672730791561835
5050,0.1362344927542363,5168,5055,0.26722136222910214,0.26722136222910214
5051,0.1362340108605857,5169,5056,0.2671696653124395,0.2671696653124395
5052,0.13621862927903874,5170,5057,0.2671179883945841,0.2671179883945841
5053,0.13621810918301863,5171,5058,0.2670663314639335,0.2670663314639335
5054,0.13621346746164179,5172,5059,0.26701469450889403,0.26701469450889403
5055,0.13619635157963983,5173,5060,0.2669630775178813,0.2669630775178813
5056,0.13616327658939403,5174,5061,0.2669114804793197,0.2669114804793197
5057,0.13616278132193452,5175,5062,0.2668599033816425,0.2668599033816425
5058,0.13615565729419785,5176,5063,0.26680834621329214,0.26680834621329214
5059,0.13614736971770258,5178,5064,0.26670529161838546,0.26670529161838546
5060,0.13611517134767595,5179,5065,0.26665379416875845,0.26665379416875845
5061,0.136092772413056,5180,5066,0.2666023166023166,0.2666023166023166
5062,0.13607554355995855,5181,5067,0.2665508589075468,0.2665508589075468
5063,0.13606124677116158,5182,5068,0.26649942107294483,0.26649942107294483
5064,0.13603873668434835,5183,5069,0.26664094153964885,0.26664094153964885
5065,0.13602067176303892,5184,5070,0.2667824074074074,0.2667824074074074
5066,0.13600349104524834,5185,5071,0.26673095467695274,0.26673095467695274
5067,0.13597352541066593,5186,5072,0.2666795217894331,0.2666795217894331
5068,0.13594189197121226,5187,5073,0.26682089839984574,0.26682089839984574
5069,0.13591572284828138,5188,5074,0.26676946800308404,0.26676946800308404
5070,0.13589724509603604,5189,5075,0.2667180574291771,0.2667180574291771
5071,0.13589013783390883,5190,5076,0.26666666666666666,0.26666666666666666
5072,0.13585772525394407,5191,5077,0.26661529570410325,0.26661529570410325
5073,0.13585007497693305,5192,5078,0.2665639445300462,0.2665639445300462
5074,0.13582790321598795,5193,5079,0.26651261313306374,0.26651261313306374
5075,0.13581951937872785,5194,5080,0.26646130150173275,0.26646130150173275
5076,0.135780511262246,5195,5081,0.26641000962463907,0.26641000962463907
5077,0.13577147505484027,5196,5082,0.2663587374903772,0.2663587374903772
5078,0.1357598177430531,5197,5083,0.2664999037906485,0.2664999037906485
5079,0.13575286680865503,5198,5084,0.2664486340900346,0.2664486340900346
5080,0.135752668797,5199,5085,0.26639738411232927,0.26639738411232927
5081,0.13571684354501382,5200,5086,0.26634615384615384,0.26634615384615384
5082,0.1356034237309877,5201,5087,0.2662949432801384,0.2662949432801384
5083,0.13558586249963323,5202,5088,0.266243752402922,0.266243752402922
5084,0.13551381349498348,5203,5089,0.266384778012685,0.266384778012685
5085,0.13549143940118533,5204,5090,0.2663335895465027,0.2663335895465027
5086,0.13549027817227396,5205,5091,0.26628242074927955,0.26628242074927955
5087,0.13546811982679122,5206,5092,0.26623127160968113,0.26623127160968113
5088,0.13544128706721048,5207,5093,0.26637219128096795,0.26637219128096795
5089,0.1353224452660027,5208,5094,0.266321044546851,0.266321044546851
5090,0.1352690845849356,5209,5095,0.26626991745056633,0.26626991745056633
5091,0.13525128371788178,5211,5096,0.2661677221262713,0.2661677221262713
5092,0.1352409564223837,5212,5097,0.26630851880276285,0.26630851880276285
5093,0.13519779720270045,5213,5098,0.2662574333397276,0.2662574333397276
5094,0.13519333076291332,5214,5099,0.26620636747219023,0.26620636747219023
5095,0.135180603245694,5215,5100,0.26615532118887825,0.26615532118887825
5096,0.13514542178132316,5216,5101,0.2661042944785276,0.2661042944785276
5097,0.13511824243805512,5217,5102,0.2660532873298831,0.2660532873298831
5098,0.13510261881493754,5218,5103,0.266193944039862,0.266193944039862
5099,0.13505983007121433,5219,5104,0.26614293926039473,0.26614293926039473
5100,0.13503313790952348,5220,5105,0.2660919540229885,0.2660919540229885
5101,0.13503043002075088,5221,5106,0.2660409883164145,0.2660409883164145
5102,0.13501961811442864,5222,5107,0.2659900421294523,0.2659900421294523
5103,0.13500993888946902,5223,5108,0.2659391154508903,0.2659391154508903
5104,0.13500718675482987,5224,5109,0.26588820826952525,0.26588820826952525
5105,0.13499802303022734,5225,5110,0.2658373205741627,0.2658373205741627
5106,0.13499666903806082,5226,5111,0.26578645235361653,0.26578645235361653
5107,0.13498770348321237,5227,5112,0.2657356035967094,0.2657356035967094
5108,0.13490890354773127,5228,5113,0.265876052027544,0.265876052027544
5109,0.1348937554212023,5229,5114,0.2658252055842417,0.2658252055842417
5110,0.13489001373267567,5230,5115,0.26577437858508607,0.26577437858508607
5111,0.13488448282464544,5231,5116,0.26572357101892563,0.26572357101892563
5112,0.13488015335036235,5232,5117,0.2658639143730887,0.2658639143730887
5113,0.1348553415107169,5233,5118,0.26581310911523026,0.26581310911523026
5114,0.13484408078254495,5235,5119,0.26571155682903536,0.26571155682903536
5115,0.13484289631420412,5236,5120,0.26566080977845685,0.26566080977845685
5116,0.1348175170590667,5238,5121,0.2655593738067965,0.2655593738067965
5117,0.1348089666759296,5239,5122,0.2655086848635236,0.2655086848635236
5118,0.13477171380176145,5240,5123,0.26545801526717555,0.26545801526717555
5119,0.1347181399609845,5241,5124,0.2655981682884946,0.2655981682884946
5120,0.13467073070152852,5242,5125,0.2655475009538344,0.2655475009538344
5121,0.13463315683852664,5243,5126,0.2654968529467862,0.2654968529467862
5122,0.13456520655759513,5244,5127,0.2654462242562929,0.2654462242562929
5123,0.13453221236112597,5245,5128,0.26539561487130603,0.26539561487130603
5124,0.13448174782940014,5246,5129,0.26534502478078537,0.26534502478078537
5125,0.13443589719814666,5248,5130,0.2652439024390244,0.2652439024390244
5126,0.13443393939691214,5249,5131,0.26519337016574585,0.26519337016574585
5127,0.1344277205778869,5250,5132,0.2653333333333333,0.2653333333333333
5128,0.13440631435875292,5252,5133,0.26523229246001523,0.26523229246001523
5129,0.13438184491343116,5253,5134,0.26537216828478966,0.26537216828478966
5130,0.13437641932299887,5254,5135,0.26532165968785687,0.26532165968785687
5131,0.13436869332528706,5255,5136,0.2654614652711703,0.2654614652711703
5132,0.1343684354767367,5256,5137,0.2654109589041096,0.2654109589041096
5133,0.13436839641719983,5257,5138,0.26555069431234546,0.26555069431234546
5134,0.13432735892177325,5258,5139,0.26550019018638266,0.26550019018638266
5135,0.1343237328576436,5259,5140,0.26544970526716105,0.26544970526716105
5136,0.13430142198385792,5260,5141,0.26539923954372624,0.26539923954372624
5137,0.134286619946066,5261,5142,0.2653487930051321,0.2653487930051321
5138,0.13425432575152071,5262,5143,0.2652983656404409,0.2652983656404409
5139,0.13421988306211166,5263,5144,0.26524795743872315,0.26524795743872315
5140,0.13420603296492586,5264,5145,0.2651975683890577,0.2651975683890577
5141,0.13411210163008816,5265,5146,0.26533713200379866,0.26533713200379866
5142,0.13408161626200948,5267,5147,0.26523637744446554,0.26523637744446554
5143,0.1340513313282413,5268,5148,0.2651860288534548,0.2651860288534548
5144,0.13403029590352364,5269,5149,0.2651356993736952,0.2651356993736952
5145,0.13400609303329244,5270,5150,0.2650853889943074,0.2650853889943074
5146,0.1339658866751204,5271,5151,0.2650350977044204,0.2650350977044204
5147,0.1339498198987578,5272,5152,0.2649848254931715,0.2649848254931715
5148,0.13392758824987913,5273,5153,0.2649345723497061,0.2649345723497061
5149,0.13387930171093163,5274,5154,0.26488433826317787,0.26488433826317787
5150,0.13387752470687683,5276,5155,0.2647839272175891,0.2647839272175891
5151,0.13387322165702975,5277,5156,0.264733750236877,0.264733750236877
5152,0.1338680463789261,5278,5157,0.26468359226979915,0.26468359226979915
5153,0.1338122909621853,5279,5158,0.26463345330555027,0.26463345330555027
5154,0.13380607661815552,5281,5159,0.2645332323423594,0.2645332323423594
5155,0.13377824696414395,5282,5160,0.26448315032184777,0.26448315032184777
5156,0.13377361096956383,5283,5161,0.26443308726102593,0.26443308726102593
5157,0.13373014225041643,5284,5162,0.26438304314912947,0.26438304314912947
5158,0.1336849972444807,5285,5163,0.2643330179754021,0.2643330179754021
5159,0.13366904688682466,5286,5164,0.26428301172909574,0.26428301172909574
5160,0.1336626837328302,5287,5165,0.2642330243994704,0.2642330243994704
5161,0.1336492804447695,5288,5166,0.2641830559757943,0.2641830559757943
5162,0.13363247385260757,5289,5167,0.26413310644734356,0.26413310644734356
5163,0.133611169934471,5290,5168,0.2640831758034026,0.2640831758034026
5164,0.1336090736566577,5291,5169,0.26403326403326405,0.26403326403326405
5165,0.13360018539880175,5292,5170,0.264172335600907,0.264172335600907
5166,0.13359852454159327,5293,5171,0.26431135461930855,0.26431135461930855
5167,0.13359409927192617,5294,5172,0.264261428031734,0.264261428031734
5168,0.13351432793747783,5295,5173,0.2642115203021719,0.2642115203021719
5169,0.1335068482372155,5297,5174,0.2641117613743629,0.2641117613743629
5170,0.13344734060542804,5299,5175,0.264012077750519,0.264012077750519
5171,0.133446753099636,5300,5176,0.26396226415094337,0.26396226415094337
5172,0.13343258685960682,5301,5177,0.2639124693454065,0.2639124693454065
5173,0.13341878789147502,5302,5178,0.2638626933232742,0.2638626933232742
5174,0.13340461949352014,5303,5179,0.2638129360739204,0.2638129360739204
5175,0.13335401678907038,5304,5180,0.263763197586727,0.263763197586727
5176,0.1333309440362748,5305,5181,0.2639019792648445,0.2639019792648445
5177,0.13329219986101212,5306,5182,0.2638522427440633,0.2638522427440633
5178,0.13327744970657485,5307,5183,0.26380252496702467,0.26380252496702467
5179,0.1332620754664384,5308,5184,0.26375282592313487,0.26375282592313487
5180,0.13321589863364225,5309,5185,0.26370314560180824,0.26370314560180824
5181,0.13320710972153246,5310,5186,0.26384180790960454,0.26384180790960454
5182,0.13315755623073727,5311,5187,0.2639804180003766,0.2639804180003766
5183,0.13310599356455238,5312,5188,0.26393072289156627,0.26393072289156627
5184,0.1330887194311773,5313,5189,0.26388104648974214,0.26388104648974214
5185,0.133060095647887,5314,5190,0.26383138878434326,0.26383138878434326
5186,0.133060017476176,5315,5191,0.26378174976481655,0.26378174976481655
5187,0.13303675233597242,5316,5192,0.263732129420617,0.263732129420617
5188,0.1330028088495712,5317,5193,0.26368252774120743,0.26368252774120743
5189,0.13298634519555613,5318,5194,0.2636329447160587,0.2636329447160587
5190,0.13298495071136157,5319,5195,0.26377138559879676,0.26377138559879676
5191,0.13298386315406918,5320,5196,0.2637218045112782,0.2637218045112782
5192,0.13296045036860024,5321,5197,0.2636722420597632,0.2636722420597632
5193,0.13295002275290588,5323,5198,0.26357317302273153,0.26357317302273153
5194,0.1329464264862634,5324,5199,0.2635236664162284,0.2635236664162284
5195,0.13294296373049827,5325,5200,0.26347417840375587,0.26347417840375587
5196,0.1329151210871831,5327,5201,0.26337525811901635,0.26337525811901635
5197,0.13291458300700115,5328,5202,0.2633258258258258,0.2633258258258258
5198,0.13290798321868538,5329,5203,0.2632764120848189,0.2632764120848189
5199,0.13289630520783496,5330,5204,0.26322701688555344,0.26322701688555344
5200,0.13288520202171242,5331,5205,0.2631776402175952,0.2631776402175952
5201,0.132872566809638,5333,5206,0.2630789424339021,0.2630789424339021
5202,0.1328721218979546,5334,5207,0.2630296212973378,0.2630296212973378
5203,0.1328690418476351,5335,5208,0.26298031865042176,0.26298031865042176
5204,0.13281437465038695,5336,5209,0.2629310344827586,0.2629310344827586
5205,0.1328076091727917,5337,5210,0.262881768783961,0.262881768783961
5206,0.1328037529644408,5338,5211,0.26283252154364933,0.26283252154364933
5207,0.1328004104781365,5339,5212,0.26278329275145157,0.26278329275145157
5208,0.13279565185433193,5340,5213,0.26273408239700374,0.26273408239700374
5209,0.1327683089007952,5341,5214,0.2626848904699495,0.2626848904699495
5210,0.13275894512575723,5342,5215,0.2626357169599401,0.2626357169599401
5211,0.1327521548185596,5343,5216,0.26258656185663487,0.26258656185663487
5212,0.13272796400615303,5345,5217,0.26248830682881197,0.26248830682881197
5213,0.13264499383698541,5346,5218,0.26243920688365135,0.26243920688365135
5214,0.13262837670928604,5347,5219,0.26239012530390876,0.26239012530390876
5215,0.1326247029693323,5348,5220,0.262341062079282,0.262341062079282
5216,0.1325844707415925,5349,5221,0.26229201719947653,0.26229201719947653
5217,0.13255740836959912,5350,5222,0.2622429906542056,0.2622429906542056
5218,0.1324821223623319,5351,5223,0.26219398243319003,0.26219398243319003
5219,0.13247334475644137,5352,5224,0.26214499252615847,0.26214499252615847
5220,0.13247199607266144,5353,5225,0.2622828320567906,0.2622828320567906
5221,0.1324350555150207,5354,5226,0.26223384385506165,0.26223384385506165
5222,0.13241866700969723,5355,5227,0.26218487394957984,0.26218487394957984
5223,0.13237737340935324,5356,5228,0.2623226288274832,0.2623226288274832
5224,0.13229643340911154,5357,5229,0.26227366063095015,0.26227366063095015
5225,0.13229128769744533,5358,5230,0.2624113475177305,0.2624113475177305
5226,0.13229084068946403,5359,5231,0.26236238104123905,0.26236238104123905
5227,0.13228424991845097,5360,5232,0.26231343283582087,0.26231343283582087
5228,0.13223951566340086,5361,5233,0.26245103525461666,0.26245103525461666
5229,0.13219184757974958,5362,5234,0.26240208877284593,0.26240208877284593
5230,0.1321801075153588,5363,5235,0.2623531605444714,0.2623531605444714
5231,0.13216762616682973,5364,5236,0.26230425055928414,0.26230425055928414
5232,0.13212948542294878,5365,5237,0.26225535880708295,0.26225535880708295
5233,0.13211600277564076,5367,5238,0.262157629960872,0.262157629960872
5234,0.1321038831044933,5368,5239,0.26210879284649774,0.26210879284649774
5235,0.13207461956167546,5369,5240,0.2620599739243807,0.2620599739243807
5236,0.13205321290323443,5370,5241,0.2620111731843575,0.2620111731843575
5237,0.1320392180510145,5371,5242,0.2619623906162726,0.2619623906162726
5238,0.13200193798676554,5372,5243,0.26191362620997766,0.26191362620997766
5239,0.13196948257435492,5373,5244,0.2618648799553322,0.2618648799553322
5240,0.13196839141667013,5374,5245,0.2618161518422032,0.2618161518422032
5241,0.13186967573102557,5375,5246,0.26176744186046513,0.26176744186046513
5242,0.1318112306752475,5376,5247,0.26171875,0.26171875
5243,0.1318095811278609,5377,5248,0.2618560535614655,0.2618560535614655
5244,0.13176390949801067,5378,5249,0.2618073633320937,0.2618073633320937
5245,0.13175441552647768,5379,5250,0.261758691206544,0.261758691206544
5246,0.13174441634472606,5380,5251,0.26189591078066915,0.26189591078066915
5247,0.13168487006723548,5381,5252,0.2618472402899089,0.2618472402899089
5248,0.1316681348649963,5382,5253,0.26198439241917504,0.26198439241917504
5249,0.1316082165183843,5383,5254,0.26193572357421513,0.26193572357421513
5250,0.1315894144805296,5384,5255,0.26188707280832096,0.26188707280832096
5251,0.13149424927579229,5385,5256,0.2618384401114206,0.2618384401114206
5252,0.13149409543415966,5386,5257,0.2617898254734497,0.2617898254734497
5253,0.1314705264045718,5387,5258,0.2617412288843512,0.2617412288843512
5254,0.1314692160536417,5388,5259,0.26169265033407574,0.26169265033407574
5255,0.1314474213526116,5389,5260,0.2618296529968454,0.2618296529968454
5256,0.13143120781900658,5390,5261,0.26178107606679035,0.26178107606679035
5257,0.13138146279910043,5391,5262,0.26191801150064925,0.26191801150064925
5258,0.1313487360700817,5392,5263,0.2620548961424332,0.2620548961424332
5259,0.13134535335340558,5393,5264,0.2620063044687558,0.2620063044687558
5260,0.1313415440069329,5394,5265,0.26195773081201335,0.26195773081201335
5261,0.13134126368814614,5396,5266,0.26186063750926614,0.26186063750926614
5262,0.13131378930788246,5397,5267,0.26181211784324626,0.26181211784324626
5263,0.1312927047879242,5398,5268,0.2617636161541312,0.2617636161541312
5264,0.13129187610367993,5399,5269,0.26171513243193184,0.26171513243193184
5265,0.13126773728453184,5400,5270,0.26166666666666666,0.26166666666666666
5266,0.13121933026605118,5401,5271,0.2616182188483614,0.2616182188483614
5267,0.13116539198148486,5402,5272,0.26156978896704924,0.26156978896704924
5268,0.131165048884394,5403,5273,0.2615213770127707,0.2615213770127707
5269,0.13115405106624456,5404,5274,0.2616580310880829,0.2616580310880829
5270,0.1311511585566818,5405,5275,0.26160962072155414,0.26160962072155414
5271,0.1311052233036248,5406,5276,0.26156122826489087,0.26156122826489087
5272,0.13106659320426606,5407,5277,0.2615128537081561,0.2615128537081561
5273,0.13105397750429792,5408,5278,0.2614644970414201,0.2614644970414201
5274,0.13103119441788208,5409,5279,0.2614161582547606,0.2614161582547606
5275,0.1308896389695125,5410,5280,0.26136783733826247,0.26136783733826247
5276,0.1308331003667828,5411,5281,0.2613195342820181,0.2613195342820181
5277,0.1307956986167017,5412,5282,0.26127124907612714,0.26127124907612714
5278,0.13078291720457288,5413,5283,0.26122298171069647,0.26122298171069647
5279,0.13076462693582463,5414,5284,0.2611747321758404,0.2611747321758404
5280,0.1307567125742852,5415,5285,0.2611265004616805,0.2611265004616805
5281,0.13074703488122807,5416,5286,0.26107828655834564,0.26107828655834564
5282,0.1306747320231074,5417,5287,0.2610300904559719,0.2610300904559719
5283,0.13066046689976904,5418,5288,0.26098191214470284,0.26098191214470284
5284,0.13064275834495728,5419,5289,0.26093375161468907,0.26093375161468907
5285,0.13061330677088445,5420,5290,0.2608856088560886,0.2608856088560886
5286,0.13056715686420506,5421,5291,0.2608374838590666,0.2608374838590666
5287,0.130526194226374,5422,5292,0.26078937661379564,0.26078937661379564
5288,0.13049521857880272,5423,5293,0.26074128711045547,0.26074128711045547
5289,0.13047687493437626,5426,5294,0.26059712495392556,0.26059712495392556
5290,0.13045819105746695,5428,5295,0.26050110537951365,0.26050110537951365
5291,0.1304458025443419,5429,5296,0.2606373181064653,0.2606373181064653
5292,0.13043809322067773,5430,5297,0.2605893186003683,0.2605893186003683
5293,0.13042058802355835,5431,5298,0.26072546492358684,0.26072546492358684
5294,0.13042053708483095,5432,5299,0.2606774668630339,0.2606774668630339
5295,0.13041354089902096,5433,5300,0.2606294864715627,0.2606294864715627
5296,0.13033757635810503,5434,5301,0.26058152373941845,0.26058152373941845
5297,0.13027944826956223,5435,5302,0.2605335786568537,0.2605335786568537
5298,0.13027464252642007,5436,5303,0.26048565121412803,0.26048565121412803
5299,0.13027430586795669,5437,5304,0.26043774140150816,0.26043774140150816
5300,0.13024293041992688,5438,5305,0.2603898492092681,0.2603898492092681
5301,0.1301473247968661,5439,5306,0.26034197462768893,0.26034197462768893
5302,0.13013996994854962,5440,5307,0.26029411764705884,0.26029411764705884
5303,0.13011920133214536,5441,5308,0.2602462782576732,0.2602462782576732
5304,0.1300980352119827,5442,5309,0.26019845644983464,0.26019845644983464
5305,0.13004771682549474,5443,5310,0.26015065221385264,0.26015065221385264
5306,0.13002073640607284,5444,5311,0.2601028655400441,0.2601028655400441
5307,0.1300070609394899,5445,5312,0.26005509641873276,0.26005509641873276
5308,0.13000206353509486,5446,5313,0.26000734484024973,0.26000734484024973
5309,0.12998352125612306,5447,5314,0.259959610794933,0.259959610794933
5310,0.12997962451524997,5448,5315,0.2599118942731278,0.2599118942731278
5311,0.1299780696952796,5449,5316,0.2598641952651863,0.2598641952651863
5312,0.1299636786853853,5450,5317,0.2598165137614679,0.2598165137614679
5313,0.12996232630026633,5451,5318,0.25995230232984773,0.25995230232984773
5314,0.12995281930229866,5452,5319,0.2599046221570066,0.2599046221570066
5315,0.12994387248507588,5453,5320,0.25985695947185034,0.25985695947185034
5316,0.12994258966541197,5454,5321,0.2598093142647598,0.2598093142647598
5317,0.1299372572472235,5455,5322,0.2597616865261228,0.2597616865261228
5318,0.12989620067044164,5456,5323,0.2597140762463343,0.2597140762463343
5319,0.1298553117768027,5457,5324,0.25966648341579623,0.25966648341579623
5320,0.12981079636213946,5458,5325,0.25961890802491755,0.25961890802491755
5321,0.12976221474413302,5459,5326,0.2595713500641143,0.2595713500641143
5322,0.12970961044781282,5460,5327,0.25952380952380955,0.25952380952380955
5323,0.1296455044382867,5461,5328,0.25947628639443326,0.25947628639443326
5324,0.12963744274024486,5462,5329,0.25942878066642255,0.25942878066642255
5325,0.12961955533603134,5463,5330,0.25956434193666483,0.25956434193666483
5326,0.12961840307065634,5464,5331,0.2595168374816984,0.2595168374816984
5327,0.12961435108157607,5465,5332,0.2594693504117109,0.2594693504117109
5328,0.12957733849386244,5466,5333,0.2594218807171606,0.2594218807171606
5329,0.1295696326148405,5467,5334,0.2593744283885129,0.2593744283885129
5330,0.12955973050102818,5468,5335,0.25932699341623994,0.25932699341623994
5331,0.12952643231402067,5469,5336,0.25946242457487656,0.25946242457487656
5332,0.12949970364461486,5470,5337,0.2594149908592322,0.2594149908592322
5333,0.1294442558771164,5471,5338,0.259367574483641,0.259367574483641
5334,0.12941129377169383,5472,5339,0.2593201754385965,0.2593201754385965
5335,0.1294096744193654,5473,5340,0.25927279371459894,0.25927279371459894
5336,0.12938197390020068,5474,5341,0.25922542930215564,0.25922542930215564
5337,0.12937384110880504,5475,5342,0.25917808219178085,0.25917808219178085
5338,0.1293615663424892,5476,5343,0.25913075237399563,0.25913075237399563
5339,0.12934545033614914,5477,5344,0.2590834398393281,0.2590834398393281
5340,0.12928428574971604,5478,5345,0.25903614457831325,0.25903614457831325
5341,0.12912871933507655,5479,5346,0.25898886658149295,0.25898886658149295
5342,0.12912507785296928,5480,5347,0.25894160583941606,0.25894160583941606
5343,0.1290716016425932,5481,5348,0.2588943623426382,0.2588943623426382
5344,0.12905692835329988,5483,5349,0.2587999270472369,0.2587999270472369
5345,0.12902602675677788,5484,5350,0.2587527352297593,0.2587527352297593
5346,0.12899453684754444,5485,5351,0.2587055606198724,0.2587055606198724
5347,0.12899419982332405,5486,5352,0.25865840320816624,0.25865840320816624
5348,0.12898366664642139,5487,5353,0.25861126298523784,0.25861126298523784
5349,0.12896864830350474,5488,5354,0.258564139941691,0.258564139941691
5350,0.12892761239624917,5489,5355,0.25851703406813625,0.25851703406813625
5351,0.12889105016144,5490,5356,0.25846994535519124,0.25846994535519124
5352,0.12883517331715474,5491,5357,0.2584228737934802,0.2584228737934802
5353,0.12878610738634622,5492,5358,0.258557902403496,0.258557902403496
5354,0.12878181745704,5493,5359,0.2585108319679592,0.2585108319679592
5355,0.12876674020404322,5494,5360,0.2584637786676374,0.2584637786676374
5356,0.12876314517040713,5495,5361,0.2584167424931756,0.2584167424931756
5357,0.12876254628670197,5497,5362,0.25832272148444607,0.25832272148444607
5358,0.12868533796655549,5498,5363,0.25845762095307384,0.25845762095307384
5359,0.1286241517341355,5499,5364,0.25859247135842883,0.25859247135842883
5360,0.12861924389329252,5500,5365,0.2585454545454545,0.2585454545454545
5361,0.12860845543614072,5502,5366,0.2584514721919302,0.2584514721919302
5362,0.1285956964288753,5503,5367,0.2584045066327458,0.2584045066327458
5363,0.12853282868058383,5504,5368,0.25835755813953487,0.25835755813953487
5364,0.12848507403044268,5505,5369,0.25831062670299726,0.25831062670299726
5365,0.12848353550189212,5506,5370,0.25826371231383943,0.25826371231383943
5366,0.12848133244667756,5507,5371,0.25821681496277465,0.25821681496277465
5367,0.1284810146953678,5508,5372,0.2583514887436456,0.2583514887436456
5368,0.12844919916436978,5509,5373,0.2583045924850245,0.2583045924850245
5369,0.12841915641133225,5510,5374,0.25825771324863883,0.25825771324863883
5370,0.12840991582025593,5511,5375,0.2582108510252223,0.2582108510252223
5371,0.1283744587551468,5512,5376,0.25816400580551524,0.25816400580551524
5372,0.1282700087280586,5513,5377,0.2581171775802648,0.2581171775802648
5373,0.12818028970547538,5514,5378,0.2580703663402249,0.2580703663402249
5374,0.12815604521880716,5515,5379,0.25802357207615595,0.25802357207615595
5375,0.12815316053674622,5516,5380,0.25797679477882524,0.25797679477882524
5376,0.12814670583178991,5517,5381,0.2579300344390067,0.2579300344390067
5377,0.12813534306777147,5518,5382,0.257883291047481,0.257883291047481
5378,0.12809653758008016,5519,5383,0.25783656459503534,0.25783656459503534
5379,0.12809005899037182,5520,5384,0.2579710144927536,0.2579710144927536
5380,0.12808891181833082,5522,5385,0.2578775805867439,0.2578775805867439
5381,0.1280743919355967,5523,5386,0.2578308890095962,0.2578308890095962
5382,0.1280366167747226,5524,5387,0.25778421433743665,0.25778421433743665
5383,0.1280293485015141,5525,5388,0.257737556561086,0.257737556561086
5384,0.12798059577219395,5526,5389,0.2576909156713717,0.2576909156713717
5385,0.12796986513136174,5527,5390,0.2578252216392256,0.2578252216392256
5386,0.1279672738008294,5528,5391,0.2577785817655572,0.2577785817655572
5387,0.12793533466891777,5529,5392,0.25773195876288657,0.25773195876288657
5388,0.1279166393608876,5530,5393,0.2576853526220615,0.2576853526220615
5389,0.12780214891656402,5531,5394,0.257638763333936,0.257638763333936
5390,0.1277970580580624,5532,5395,0.2575921908893709,0.2575921908893709
5391,0.12777052777287903,5533,5396,0.2575456352792337,0.2575456352792337
5392,0.12772889686249136,5534,5397,0.2574990964943983,0.2574990964943983
5393,0.1277271483258832,5536,5398,0.2574060693641618,0.2574060693641618
5394,0.12771866475330762,5537,5399,0.2573595810005418,0.2573595810005418
5395,0.12766966916990685,5538,5400,0.2573131094257855,0.2573131094257855
5396,0.12760649240964397,5539,5401,0.2572666546307998,0.2572666546307998
5397,0.12756601917864444,5540,5402,0.2572202166064982,0.2572202166064982
5398,0.12756392606516437,5541,5403,0.25717379534380075,0.25717379534380075
5399,0.12749007900568537,5542,5404,0.25712739083363406,0.25712739083363406
5400,0.12748558768423587,5543,5405,0.25708100306693127,0.25708100306693127
5401,0.12737099044058225,5544,5406,0.25703463203463206,0.25703463203463206
5402,0.12736508582487413,5545,5407,0.2569882777276826,0.2569882777276826
5403,0.12735385621118203,5546,5408,0.2569419401370357,0.2569419401370357
5404,0.1273005169271765,5547,5409,0.2568956192536506,0.2568956192536506
5405,0.1272878869638611,5548,5410,0.2568493150684932,0.2568493150684932
5406,0.127278886633501,5549,5411,0.2568030275725356,0.2568030275725356
5407,0.12726912407225244,5550,5412,0.25675675675675674,0.25675675675675674
5408,0.12726619564337227,5551,5413,0.25671050261214196,0.25671050261214196
5409,0.127122169012271,5553,5414,0.25661804430037816,0.25661804430037816
5410,0.1271123072044202,5554,5415,0.25657184011523226,0.25657184011523226
5411,0.12709678487382758,5555,5416,0.2565256525652565,0.2565256525652565
5412,0.1270890431108696,5556,5417,0.25647948164146867,0.25647948164146867
5413,0.12705262928614092,5557,5418,0.25643332733489294,0.25643332733489294
5414,0.12704878937507616,5558,5419,0.25638718963655993,0.25638718963655993
5415,0.1270228918334069,5559,5420,0.25634106853750677,0.25634106853750677
5416,0.1269456071366237,5560,5421,0.256294964028777,0.256294964028777
5417,0.1269407210974408,5562,5422,0.25620280474649404,0.25620280474649404
5418,0.12692356468730961,5563,5423,0.2561567499550602,0.2561567499550602
5419,0.1269155996948414,5564,5424,0.25611071171818833,0.25611071171818833
5420,0.1268792550879757,5566,5425,0.25601868487243984,0.25601868487243984
5421,0.1268754471384579,5567,5426,0.25597269624573377,0.25597269624573377
5422,0.12684806080930425,5568,5427,0.25592672413793105,0.25592672413793105
5423,0.12681974826335618,5569,5428,0.25588076854013286,0.25588076854013286
5424,0.12680322676625896,5570,5429,0.25601436265709154,0.25601436265709154
5425,0.12677866180242092,5573,5430,0.2558765476404091,0.2558765476404091
5426,0.12677308009522278,5574,5431,0.2558306422676713,0.2558306422676713
5427,0.1267695887589529,5575,5432,0.2557847533632287,0.2557847533632287
5428,0.12672683923382508,5576,5433,0.25573888091822095,0.25573888091822095
5429,0.1266931920287938,5577,5434,0.25569302492379414,0.25569302492379414
5430,0.1266901634669111,5578,5435,0.25582646109716745,0.25582646109716745
5431,0.12668980149833978,5579,5436,0.2559598494353827,0.2559598494353827
5432,0.12666249878691857,5580,5437,0.25591397849462366,0.25591397849462366
5433,0.12665694073027003,5581,5438,0.256047303350654,0.256047303350654
5434,0.12665445900349223,5582,5439,0.2560014331780724,0.2560014331780724
5435,0.12664721850565636,5583,5440,0.25613469460863336,0.25613469460863336
5436,0.12663350807690893,5584,5441,0.25626790830945556,0.25626790830945556
5437,0.12654151849644488,5585,5442,0.25622202327663385,0.25622202327663385
5438,0.12653221915553123,5586,5443,0.2561761546723953,0.2561761546723953
5439,0.12652854198187258,5587,5444,0.2561303024879184,0.2561303024879184
5440,0.12650978168674076,5588,5445,0.25608446671438795,0.25608446671438795
5441,0.12650578129786294,5589,5446,0.2560386473429952,0.2560386473429952
5442,0.12647363570245565,5590,5447,0.2559928443649374,0.2559928443649374
5443,0.1264680054187854,5591,5448,0.25594705777141835,0.25594705777141835
5444,0.12636416300066397,5592,5449,0.25590128755364805,0.25590128755364805
5445,0.12633139120780343,5593,5450,0.25585553370284286,0.25585553370284286
5446,0.12632912848466188,5594,5451,0.25580979621022526,0.25580979621022526
5447,0.12630509192893935,5595,5452,0.25576407506702414,0.25576407506702414
5448,0.12630188096539222,5596,5453,0.25571837026447464,0.25571837026447464
5449,0.1263007544724606,5598,5454,0.25562700964630225,0.25562700964630225
5450,0.1262766792926802,5599,5455,0.2555813538131809,0.2555813538131809
5451,0.12627557965642566,5600,5456,0.2555357142857143,0.2555357142857143
5452,0.12626839368071477,5601,5457,0.25549009105516873,0.25549009105516873
5453,0.1262187289623724,5602,5458,0.25544448411281684,0.25544448411281684
5454,0.12616943989128002,5603,5459,0.25539889344993755,0.25539889344993755
5455,0.12616877235628576,5604,5460,0.25535331905781583,0.25535331905781583
5456,0.1261622148455335,5605,5461,0.2553077609277431,0.2553077609277431
5457,0.12612333323605923,5606,5462,0.2554405993578309,0.2554405993578309
5458,0.1260205547446572,5607,5463,0.2553950419118958,0.2553950419118958
5459,0.12600790679026178,5608,5464,0.2553495007132668,0.2553495007132668
5460,0.1260069192312736,5609,5465,0.2553039757532537,0.2553039757532537
5461,0.12599931470107129,5610,5466,0.2554367201426025,0.2554367201426025
5462,0.12597811084188978,5611,5467,0.25539119586526465,0.25539119586526465
5463,0.12596955372108062,5612,5468,0.2553456878118318,0.2553456878118318
5464,0.125969332381241,5613,5469,0.2553001959736326,0.2553001959736326
5465,0.12594524808297433,5614,5470,0.25525472034200214,0.25525472034200214
5466,0.12589840020027615,5615,5471,0.2552092609082814,0.2552092609082814
5467,0.1258836507461139,5616,5472,0.2553418803418803,0.2553418803418803
5468,0.1258646041694864,5617,5473,0.25529642157735444,0.25529642157735444
5469,0.12586091687455117,5618,5474,0.255250978996084,0.255250978996084
5470,0.12583307048828146,5619,5475,0.25520555258942873,0.25520555258942873
5471,0.12583114782920832,5620,5476,0.25516014234875445,0.25516014234875445
5472,0.1258186580982479,5621,5477,0.2551147482654332,0.2551147482654332
5473,0.12581354960263808,5622,5478,0.2550693703308431,0.2550693703308431
5474,0.12577038430637627,5623,5479,0.2550240085363685,0.2550240085363685
5475,0.1257645723422585,5624,5480,0.25515647226173543,0.25515647226173543
5476,0.12576135327356233,5625,5481,0.2551111111111111,0.2551111111111111
5477,0.12573987861436095,5626,5482,0.25506576608602916,0.25506576608602916
5478,0.12573263101272042,5627,5483,0.2550204371778923,0.2550204371778923
5479,0.125730808524292,5628,5484,0.25497512437810943,0.25497512437810943
5480,0.12568704282968754,5629,5485,0.2549298276780956,0.2549298276780956
5481,0.12567731587618136,5630,5486,0.25488454706927177,0.25488454706927177
5482,0.1256656338369234,5631,5487,0.25483928254306515,0.25483928254306515
5483,0.12562312571544626,5632,5488,0.2549715909090909,0.2549715909090909
5484,0.1254981349802445,5633,5489,0.25492632700159773,0.25492632700159773
5485,0.12544958819148927,5634,5490,0.2548810791622293,0.2548810791622293
5486,0.125434784415138,5635,5491,0.2550133096716948,0.2550133096716948
5487,0.12539781593129798,5637,5492,0.25492283129324106,0.25492283129324106
5488,0.12538948137130723,5638,5493,0.2548776161759489,0.2548776161759489
5489,0.12535640668640577,5639,5494,0.25483241709522964,0.25483241709522964
5490,0.1253188216981111,5640,5495,0.2547872340425532,0.2547872340425532
5491,0.12527482981756513,5641,5496,0.254919340542457,0.254919340542457
5492,0.12526340079236453,5642,5497,0.25487415809996455,0.25487415809996455
5493,0.1252561473724223,5643,5498,0.25482899167109696,0.25482899167109696
5494,0.12523486418664118,5644,5499,0.2547838412473423,0.2547838412473423
5495,0.12521442176004294,5645,5500,0.25473870682019484,0.25473870682019484
5496,0.12520400447977942,5646,5501,0.2546935883811548,0.2546935883811548
5497,0.12519325819855603,5647,5502,0.25482557109969894,0.25482557109969894
5498,0.12512801504190887,5648,5503,0.254957507082153,0.254957507082153
5499,0.1251209319907358,5649,5504,0.2550893963533369,0.2550893963533369
5500,0.12510206947377797,5650,5505,0.25504424778761065,0.25504424778761065
5501,0.12499549270163443,5651,5506,0.2549991152008494,0.2549991152008494
5502,0.1249868919561538,5652,5507,0.2551309271054494,0.2551309271054494
5503,0.1249292449536201,5653,5508,0.2550857951530161,0.2550857951530161
5504,0.12492178770764625,5654,5509,0.2550406791651928,0.2550406791651928
5505,0.12489917796492304,5655,5510,0.2549955791335102,0.2549955791335102
5506,0.12488884571293826,5656,5511,0.25495049504950495,0.25495049504950495
5507,0.1248167767245686,5657,5512,0.2549054269047198,0.2549054269047198
5508,0.12480089570055815,5658,5513,0.25486037469070344,0.25486037469070344
5509,0.12479448806401107,5659,5514,0.25481533839901044,0.25481533839901044
5510,0.12477245949945812,5660,5515,0.2549469964664311,0.2549469964664311
5511,0.12472748327447683,5661,5516,0.2549019607843137,0.2549019607843137
5512,0.12469900130382264,5662,5517,0.25485694101024375,0.25485694101024375
5513,0.12468954713003617,5663,5518,0.2549885219848137,0.2549885219848137
5514,0.12468692785647988,5665,5519,0.25489849955869376,0.25489849955869376
5515,0.1246868097342366,5666,5520,0.2548535121779033,0.2548535121779033
5516,0.12468639407965512,5667,5521,0.254985000882301,0.254985000882301
5517,0.1246823197361444,5668,5522,0.25494001411432604,0.25494001411432604
5518,0.12467854669640069,5669,5523,0.2550714411712824,0.2550714411712824
5519,0.12466731232375029,5671,5524,0.2549814847469582,0.2549814847469582
5520,0.12463871451667242,5672,5525,0.25493653032440056,0.25493653032440056
5521,0.12460781743286582,5673,5526,0.2548915917503966,0.2548915917503966
5522,0.12451873486272108,5674,5527,0.2548466690165668,0.2548466690165668
5523,0.12449832323848951,5675,5528,0.2548017621145374,0.2548017621145374
5524,0.12445472743639815,5676,5529,0.2547568710359408,0.2547568710359408
5525,0.12439356549670462,5677,5530,0.254711995772415,0.254711995772415
5526,0.12439141679199128,5678,5531,0.2548432546671363,0.2548432546671363
5527,0.12435861103807837,5679,5532,0.25497446733579854,0.25497446733579854
5528,0.12429985359499998,5680,5533,0.2549295774647887,0.2549295774647887
5529,0.12427838522300005,5681,5534,0.2548847033972892,0.2548847033972892
5530,0.12423993258554639,5682,5535,0.254839845124956,0.254839845124956
5531,0.12406991959391947,5683,5536,0.254795002639451,0.254795002639451
5532,0.12403235845695282,5684,5537,0.2547501759324419,0.2547501759324419
5533,0.12399547796422306,5685,5538,0.2547053649956025,0.2547053649956025
5534,0.12392633703834813,5686,5539,0.254660569820612,0.254660569820612
5535,0.12392288127017559,5687,5540,0.254615790399156,0.254615790399156
5536,0.12387966949386188,5688,5541,0.2545710267229255,0.2545710267229255
5537,0.12386615321129911,5689,5542,0.2545262787836175,0.2545262787836175
5538,0.12383384524599943,5690,5543,0.254481546572935,0.254481546572935
5539,0.12380833760737725,5691,5544,0.25443683008258655,0.25443683008258655
5540,0.12377001424620135,5693,5545,0.25434744422975586,0.25434744422975586
5541,0.12375180785242426,5694,5546,0.25430277485072006,0.25430277485072006
5542,0.12372789903833718,5695,5547,0.25425812115891133,0.25425812115891133
5543,0.12371591229214132,5696,5548,0.2542134831460674,0.2542134831460674
5544,0.12370690314017838,5697,5549,0.2541688608039319,0.2541688608039319
5545,0.12366905268112593,5698,5550,0.2541242541242541,0.2541242541242541
5546,0.12366095529695442,5699,5551,0.25407966309878927,0.25407966309878927
5547,0.12363840447686762,5700,5552,0.2540350877192982,0.2540350877192982
5548,0.12361322934104388,5701,5553,0.2539905279775478,0.2539905279775478
5549,0.12360549447060772,5702,5554,0.2539459838653104,0.2539459838653104
5550,0.12354722032475807,5703,5555,0.25390145537436437,0.25390145537436437
5551,0.12349534546566948,5705,5556,0.25381244522348817,0.25381244522348817
5552,0.12345790592060539,5706,5557,0.25376796354714337,0.25376796354714337
5553,0.12342894592741044,5707,5558,0.25372349745926054,0.25372349745926054
5554,0.1234222634846454,5708,5559,0.25367904695164684,0.25367904695164684
5555,0.12341154102074703,5709,5560,0.2538097740409879,0.2538097740409879
5556,0.12340060524262983,5710,5561,0.25376532399299473,0.25376532399299473
5557,0.12331553565990486,5711,5562,0.2537208895114691,0.2537208895114691
5558,0.12330247275090485,5712,5563,0.2536764705882353,0.2536764705882353
5559,0.12324056418706396,5713,5564,0.2536320672151234,0.2536320672151234
5560,0.12323172013625568,5714,5565,0.2535876793839692,0.2535876793839692
5561,0.12317530348391542,5715,5566,0.25354330708661416,0.25354330708661416
5562,0.123133701846024,5716,5567,0.25349895031490555,0.25349895031490555
5563,0.12312527575284148,5717,5568,0.25345460906069617,0.25345460906069617
5564,0.12312179892309717,5718,5569,0.2534102833158447,0.2534102833158447
5565,0.12311848066613061,5719,5570,0.2533659730722154,0.2533659730722154
5566,0.12307815009473835,5720,5571,0.25332167832167835,0.25332167832167835
5567,0.12307785363293837,5721,5572,0.2532773990561091,0.2532773990561091
5568,0.12306545439009556,5723,5573,0.2531888869474052,0.2531888869474052
5569,0.1230301939405095,5724,5574,0.2531446540880503,0.2531446540880503
5570,0.12300922497026191,5725,5575,0.25310043668122273,0.25310043668122273
5571,0.12294185430391776,5726,5576,0.2530562347188264,0.2530562347188264
5572,0.12293221886372596,5727,5577,0.25301204819277107,0.25301204819277107
5573,0.12290297848453546,5728,5578,0.25314245810055863,0.25314245810055863
5574,0.12289307498830301,5730,5579,0.2530541012216405,0.2530541012216405
5575,0.12283876163761408,5731,5580,0.25300994590821846,0.25300994590821846
5576,0.12282591085658924,5732,5581,0.2529658060013957,0.2529658060013957
5577,0.12276532622425242,5733,5582,0.25292168149311006,0.25292168149311006
5578,0.12271343047406998,5734,5583,0.25287757237530517,0.25287757237530517
5579,0.12270161911718859,5735,5584,0.2528334786399303,0.2528334786399303
5580,0.1226760853277212,5736,5585,0.25278940027894004,0.25278940027894004
5581,0.12263588896917507,5737,5586,0.25274533728429494,0.25274533728429494
5582,0.12262035886343205,5738,5587,0.25270128964796096,0.25270128964796096
5583,0.12259839246711467,5739,5588,0.25265725736190975,0.25265725736190975
5584,0.12258927987495753,5740,5589,0.25261324041811845,0.25261324041811845
5585,0.12258234822494332,5741,5590,0.25256923880856996,0.25256923880856996
5586,0.12252078310158042,5742,5591,0.25252525252525254,0.25252525252525254
5587,0.12251462365787104,5743,5592,0.2524812815601602,0.2524812815601602
5588,0.12247415636935331,5744,5593,0.2524373259052925,0.2524373259052925
5589,0.12241326227918636,5746,5595,0.2523494604942569,0.2523494604942569
5590,0.12237749414415604,5747,5596,0.2523055507221159,0.2523055507221159
5591,0.12236905532680385,5748,5597,0.2522616562282533,0.2522616562282533
5592,0.12236428084002361,5749,5598,0.25221777700469644,0.25221777700469644
5593,0.1223006809032881,5751,5599,0.2521300643366371,0.2521300643366371
5594,0.12230010103547698,5752,5600,0.25208623087621695,0.25208623087621695
5595,0.12228407719785392,5753,5601,0.25204241265426736,0.25204241265426736
5596,0.12216698874705734,5754,5602,0.25199860966284326,0.25199860966284326
5597,0.12210877039591973,5755,5603,0.2519548218940052,0.2519548218940052
5598,0.1220940635811311,5756,5604,0.25191104933981934,0.25191104933981934
5599,0.12206253612771713,5757,5605,0.2520409935730415,0.2520409935730415
5600,0.12201733150252062,5758,5606,0.25217089267106635,0.25217089267106635
5601,0.12195562669743838,5759,5607,0.2523007466574058,0.2523007466574058
5602,0.1219490087599662,5760,5608,0.25225694444444446,0.25225694444444446
5603,0.121924126155551,5761,5609,0.2522131574379448,0.2522131574379448
5604,0.12191561048340886,5762,5610,0.2521693856299896,0.2521693856299896
5605,0.12191101464669256,5763,5611,0.252125629012667,0.252125629012667
5606,0.12190944239155789,5764,5612,0.25208188757807076,0.25208188757807076
5607,0.12183898432435401,5765,5613,0.2520381613183001,0.2520381613183001
5608,0.12179475633384154,5766,5614,0.2519944502254596,0.2519944502254596
5609,0.1217944676241681,5768,5615,0.25190707350901526,0.25190707350901526
5610,0.1217253724988771,5769,5616,0.2518634078696481,0.2518634078696481
5611,0.12172214317902749,5770,5617,0.25181975736568457,0.25181975736568457
5612,0.12171869554896193,5771,5618,0.25177612198925664,0.25177612198925664
5613,0.1217125064853873,5772,5619,0.2517325017325017,0.2517325017325017
5614,0.12165494477664113,5773,5620,0.25168889658756277,0.25168889658756277
5615,0.12164661170014267,5774,5621,0.2516453065465882,0.2516453065465882
5616,0.12159648429170546,5775,5622,0.2516017316017316,0.2516017316017316
5617,0.12158863003762288,5776,5623,0.2515581717451524,0.2515581717451524
5618,0.12155391317224548,5777,5624,0.25151462696901505,0.25151462696901505
5619,0.12154514917143366,5778,5625,0.2514710972654898,0.2514710972654898
5620,0.12153301542909234,5779,5626,0.251427582626752,0.251427582626752
5621,0.12150979085129769,5780,5627,0.2513840830449827,0.2513840830449827
5622,0.1214976339331847,5781,5628,0.2513405985123681,0.2513405985123681
5623,0.12147086372924563,5782,5629,0.25147007955724665,0.25147007955724665
5624,0.12143108637235285,5783,5630,0.2514265951928065,0.2514265951928065
5625,0.12140412557086372,5784,5631,0.25138312586445366,0.25138312586445366
5626,0.12138994593759801,5785,5632,0.2513396715643907,0.2513396715643907
5627,0.1213636981830116,5787,5633,0.25125280801797134,0.25125280801797134
5628,0.12135049287926937,5788,5634,0.251209398756047,0.251209398756047
5629,0.12128185166101126,5789,5635,0.2513387458973916,0.2513387458973916
5630,0.12126315790222673,5790,5636,0.25129533678756477,0.25129533678756477
5631,0.12124068500388187,5791,5637,0.25125194266965983,0.25125194266965983
5632,0.12121192918612596,5792,5638,0.2512085635359116,0.2512085635359116
5633,0.12120094475677683,5793,5639,0.25116519937856036,0.25116519937856036
5634,0.12119239330830948,5794,5640,0.25112185018985156,0.25112185018985156
5635,0.12111502997831257,5795,5641,0.25107851596203623,0.25107851596203623
5636,0.12106181464364257,5796,5642,0.2510351966873706,0.2510351966873706
5637,0.12103591766940058,5797,5643,0.2511643953769191,0.2511643953769191
5638,0.12101973533508119,5798,5644,0.25112107623318386,0.25112107623318386
5639,0.12099008325854137,5799,5645,0.2512502155544059,0.2512502155544059
5640,0.12097578763706768,5800,5646,0.2512068965517241,0.2512068965517241
5641,0.12092189182840943,5801,5647,0.25116359248405445,0.25116359248405445
5642,0.12089790500213679,5802,5648,0.2511203033436746,0.2511203033436746
5643,0.12081886552560538,5803,5649,0.2510770291228675,0.2510770291228675
5644,0.12081396212004769,5804,5650,0.25103376981392145,0.25103376981392145
5645,0.12080356460707443,5805,5651,0.2509905254091301,0.2509905254091301
5646,0.12072967825995161,5806,5652,0.2509472959007923,0.2509472959007923
5647,0.12070011489747262,5807,5653,0.25090408128121233,0.25090408128121233
5648,0.1206461854145229,5808,5654,0.2508608815426997,0.2508608815426997
5649,0.1206336238883167,5809,5655,0.2508176966775693,0.2508176966775693
5650,0.12060467669412403,5810,5656,0.25094664371772807,0.25094664371772807
5651,0.12053035434630045,5812,5657,0.2508602890571232,0.2508602890571232
5652,0.12049205035232387,5813,5658,0.2508171340099776,0.2508171340099776
5653,0.12048676410093237,5814,5659,0.25077399380804954,0.25077399380804954
5654,0.12047972238071308,5815,5660,0.25073086844368014,0.25073086844368014
5655,0.12047954406544878,5816,5661,0.25068775790921594,0.25068775790921594
5656,0.12047750877788645,5817,5662,0.25064466219700876,0.25064466219700876
5657,0.1204566746422379,5818,5663,0.2506015812994156,0.2506015812994156
5658,0.12043913236373037,5819,5664,0.25055851520879874,0.25055851520879874
5659,0.1203929443905055,5820,5665,0.25051546391752577,0.25051546391752577
5660,0.12035733416108442,5821,5666,0.25064421920632196,0.25064421920632196
5661,0.1203507231141886,5822,5667,0.25060116798351084,0.25060116798351084
5662,0.12032692407142624,5823,5668,0.2505581315473124,0.2505581315473124
5663,0.12027946710950681,5824,5669,0.2505151098901099,0.2505151098901099
5664,0.12023867054368031,5825,5670,0.25047210300429185,0.25047210300429185
5665,0.12021764755405152,5826,5671,0.25042911088225195,0.25042911088225195
5666,0.12021216656852285,5827,5672,0.2503861335163892,0.2503861335163892
5667,0.12020776624940878,5828,5673,0.25034317089910774,0.25034317089910774
5668,0.12020480066219101,5830,5674,0.2502572898799314,0.2502572898799314
5669,0.12019409672493579,5831,5675,0.25021437146287084,0.25021437146287084
5670,0.12018725904941327,5832,5676,0.25017146776406035,0.25017146776406035
5671,0.12017899012862271,5833,5677,0.25012857877593003,0.25012857877593003
5672,0.12017552075862079,5834,5678,0.25008570449091533,0.25008570449091533
5673,0.12017338355561374,5835,5679,0.25021422450728364,0.25021422450728364
5674,0.12014034541390278,5836,5680,0.25017135023989034,0.25017135023989034
5675,0.12009362062955843,5837,5681,0.25012849066301185,0.25012849066301185
5676,0.12005344060494623,5838,5682,0.25008564576909903,0.25008564576909903
5677,0.12002512004819595,5840,5683,0.25,0.25
5678,0.12002245785539273,5841,5684,0.24995719910974148,0.24995719910974148
5679,0.11997725117634184,5842,5685,0.249914412872304,0.249914412872304
5680,0.1199760840265695,5843,5686,0.24987164128016429,0.24987164128016429
5681,0.11997010405671382,5844,5687,0.24982888432580425,0.24982888432580425
5682,0.11993182989292173,5845,5688,0.24978614200171087,0.24978614200171087
5683,0.11992867438343037,5846,5689,0.24974341430037633,0.24974341430037633
5684,0.11988986561401574,5847,5690,0.24970070121429794,0.24970070121429794
5685,0.11985165619724418,5849,5691,0.24961531885792443,0.24961531885792443
5686,0.11983044909983881,5850,5692,0.24974358974358973,0.24974358974358973
5687,0.11982322127851401,5851,5693,0.2497009058280636,0.2497009058280636
5688,0.11978545213006042,5852,5694,0.24965823650034177,0.24965823650034177
5689,0.11977750904468232,5853,5695,0.2496155817529472,0.2496155817529472
5690,0.11969986584434093,5854,5696,0.24957294157840793,0.24957294157840793
5691,0.11969977488165602,5855,5697,0.24953031596925704,0.24953031596925704
5692,0.11968468963552799,5857,5698,0.24944510841727846,0.24944510841727846
5693,0.11967636620446795,5858,5699,0.2494025264595425,0.2494025264595425
5694,0.11967394201428232,5859,5700,0.2493599590373784,0.2493599590373784
5695,0.11966172101514348,5860,5701,0.24948805460750853,0.24948805460750853
5696,0.119610799313695,5861,5702,0.24944548711823922,0.24944548711823922
5697,0.11943080393204637,5862,5703,0.2494029341521665,0.2494029341521665
5698,0.11940370750801807,5863,5704,0.2493603957018591,0.2493603957018591
5699,0.11940190742548348,5864,5705,0.24931787175989087,0.24931787175989087
5700,0.11934411142321012,5865,5706,0.2492753623188406,0.2492753623188406
5701,0.11931958090179974,5866,5707,0.2492328673712922,0.2492328673712922
5702,0.11930296689636194,5867,5708,0.24919038690983467,0.24919038690983467
5703,0.11929857248287674,5868,5709,0.24914792092706203,0.24914792092706203
5704,0.11927191264282483,5869,5710,0.24910546941557335,0.24910546941557335
5705,0.11923007526747317,5871,5711,0.24902060977686935,0.24902060977686935
5706,0.1192182328662833,5872,5712,0.24897820163487738,0.24897820163487738
5707,0.11921095068406336,5873,5713,0.24893580793461603,0.24893580793461603
5708,0.11920385893413701,5874,5714,0.24906367041198502,0.24906367041198502
5709,0.11918064900804336,5875,5715,0.2490212765957447,0.2490212765957447
5710,0.11916135047566173,5876,5716,0.2489788972089857,0.2489788972089857
5711,0.11915523436634057,5877,5717,0.24893653224434234,0.24893653224434234
5712,0.11914216757154666,5878,5718,0.2488941816944539,0.2488941816944539
5713,0.11914109848891774,5879,5719,0.24885184555196463,0.24885184555196463
5714,0.11910914758637677,5880,5720,0.2488095238095238,0.2488095238095238
5715,0.11898260564745639,5881,5721,0.24876721645978575,0.24876721645978575
5716,0.118967124278203,5883,5722,0.24868264490906,0.24868264490906
5717,0.11893245707964867,5884,5723,0.24864038069340585,0.24864038069340585
5718,0.1189270056286136,5885,5724,0.2485981308411215,0.2485981308411215
5719,0.11881367063590555,5886,5725,0.24855589534488617,0.24855589534488617
5720,0.11879711790461008,5888,5726,0.24847146739130435,0.24847146739130435
5721,0.11863880709418195,5890,5727,0.24838709677419354,0.24838709677419354
5722,0.11863619008963153,5891,5728,0.2483449329485656,0.2483449329485656
5723,0.1186350415276151,5892,5729,0.24830278343516632,0.24830278343516632
5724,0.1186125556798359,5893,5730,0.24826064822670965,0.24826064822670965
5725,0.11859412451974413,5894,5731,0.24821852731591448,0.24821852731591448
5726,0.11858447646677929,5896,5732,0.24813432835820895,0.24813432835820895
5727,0.1185778181442694,5897,5733,0.24809225029676107,0.24809225029676107
5728,0.11857778885499204,5898,5734,0.24805018650389962,0.24805018650389962
5729,0.11854355545495522,5899,5735,0.2480081369723682,0.2480081369723682
5730,0.11851809861689055,5900,5736,0.24796610169491526,0.24796610169491526
5731,0.11851577212280014,5901,5737,0.2479240806642942,0.2479240806642942
5732,0.1185083699326005,5902,5738,0.2478820738732633,0.2478820738732633
5733,0.11847397555294294,5903,5739,0.2478400813145858,0.2478400813145858
5734,0.11844592820599828,5904,5740,0.2477981029810298,0.2477981029810298
5735,0.11843542185058038,5905,5741,0.24775613886536832,0.24775613886536832
5736,0.11842179074693052,5906,5742,0.24771418896037928,0.24771418896037928
5737,0.11839711003150134,5907,5743,0.24767225325884543,0.24767225325884543
5738,0.11838527743249633,5908,5744,0.2476303317535545,0.2476303317535545
5739,0.11837698845404021,5909,5745,0.24758842443729903,0.24758842443729903
5740,0.11837370115597008,5910,5746,0.2475465313028765,0.2475465313028765
5741,0.11829972534863885,5911,5747,0.24750465234308916,0.24750465234308916
5742,0.11821823005409243,5912,5748,0.24746278755074425,0.24746278755074425
5743,0.11818909734587052,5913,5749,0.2474209369186538,0.2474209369186538
5744,0.11816666633391315,5914,5750,0.24737910043963476,0.24737910043963476
5745,0.11812613460279842,5915,5751,0.24733727810650888,0.24733727810650888
5746,0.11811339641067065,5916,5752,0.24729546991210277,0.24729546991210277
5747,0.11807766901180707,5917,5753,0.24725367584924793,0.24725367584924793
5748,0.11807490968199331,5918,5754,0.24721189591078066,0.24721189591078066
5749,0.11805057145513231,5919,5755,0.24717013008954214,0.24717013008954214
5750,0.11796251264207104,5921,5756,0.24708664077014017,0.24708664077014017
5751,0.11794595304955266,5922,5757,0.2470449172576832,0.2470449172576832
5752,0.11794327478541544,5923,5758,0.24700320783386798,0.24700320783386798
5753,0.11793856902389016,5924,5759,0.24696151249155976,0.24696151249155976
5754,0.11793453725152839,5925,5760,0.2469198312236287,0.2469198312236287
5755,0.11792678794604136,5926,5761,0.2468781640229497,0.2468781640229497
5756,0.11789866308638995,5927,5762,0.24683651088240258,0.24683651088240258
5757,0.11786992684865732,5928,5763,0.2467948717948718,0.2467948717948718
5758,0.11781236758492104,5929,5764,0.24675324675324675,0.24675324675324675
5759,0.11778315608023864,5930,5765,0.2467116357504216,0.2467116357504216
5760,0.11773949474829616,5931,5766,0.24667003877929522,0.24667003877929522
5761,0.11772378156967148,5932,5767,0.24679703304113285,0.24679703304113285
5762,0.11772278735819118,5933,5768,0.24675543569863476,0.24675543569863476
5763,0.11769059480104757,5934,5769,0.2468823727671048,0.2468823727671048
5764,0.11767032423898299,5935,5770,0.2468407750631845,0.2468407750631845
5765,0.11765914583895237,5936,5771,0.24679919137466308,0.24679919137466308
5766,0.1176285199797875,5937,5772,0.24675762169445847,0.24675762169445847
5767,0.1176236130843372,5938,5773,0.24688447288649376,0.24688447288649376
5768,0.11761492437416671,5939,5774,0.2468429028455969,0.2468429028455969
5769,0.11759809532293972,5940,5775,0.2468013468013468,0.2468013468013468
5770,0.11759560837270222,5941,5776,0.24692812657801716,0.24692812657801716
5771,0.11759053811177445,5942,5777,0.2468865701783911,0.2468865701783911
5772,0.11758007264733358,5943,5778,0.2468450277637557,0.2468450277637557
5773,0.11755802293674371,5944,5779,0.24680349932705248,0.24680349932705248
5774,0.11754895866702367,5945,5780,0.24693019343986544,0.24693019343986544
5775,0.11748500278319751,5946,5781,0.2468886646485032,0.2468886646485032
5776,0.1174518241978836,5947,5782,0.2468471498234404,0.2468471498234404
5777,0.11735660504704097,5948,5783,0.24680564895763282,0.24680564895763282
5778,0.11732661915362494,5949,5784,0.246764162044041,0.246764162044041
5779,0.11727836381614759,5950,5785,0.24672268907563025,0.24672268907563025
5780,0.11726955737149014,5951,5786,0.24668123004537051,0.24668123004537051
5781,0.11725605780994632,5952,5787,0.24663978494623656,0.24663978494623656
5782,0.11723598701476719,5953,5788,0.24659835377120778,0.24659835377120778
5783,0.11720044498686598,5954,5789,0.2465569365132684,0.2465569365132684
5784,0.11720030847161254,5955,5790,0.24651553316540722,0.24651553316540722
5785,0.11719532170773451,5956,5791,0.24647414372061788,0.24647414372061788
5786,0.11718386839638856,5957,5792,0.2464327681718986,0.2464327681718986
5787,0.11717689444824089,5958,5793,0.24639140651225244,0.24639140651225244
5788,0.11712630247954336,5959,5794,0.24635005873468702,0.24635005873468702
5789,0.11712100993939388,5960,5795,0.24630872483221478,0.24630872483221478
5790,0.11710552927052799,5961,5796,0.2462674047978527,0.2462674047978527
5791,0.1170518295885737,5962,5797,0.2462260986246226,0.2462260986246226
5792,0.11704873210481355,5963,5798,0.2461848063055509,0.2461848063055509
5793,0.11702238188851943,5964,5799,0.2461435278336687,0.2461435278336687
5794,0.11700326535445993,5967,5800,0.24601977543154013,0.24601977543154013
5795,0.11699675958399214,5968,5801,0.24597855227882037,0.24597855227882037
5796,0.11695467722114493,5969,5802,0.24593734293851566,0.24593734293851566
5797,0.11681836224855605,5970,5803,0.2458961474036851,0.2458961474036851
5798,0.1167978604328092,5971,5804,0.2458549656673924,0.2458549656673924
5799,0.11677630818866556,5972,5805,0.2459812458137977,0.2459812458137977
5800,0.11676635944739165,5973,5806,0.24610748367654445,0.24610748367654445
5801,0.1167656190258902,5974,5807,0.24606628724472715,0.24606628724472715
5802,0.11674923891052467,5975,5808,0.24602510460251045,0.24602510460251045
5803,0.11674909584399851,5976,5809,0.2459839357429719,0.2459839357429719
5804,0.11673230017849409,5977,5810,0.2459427806591936,0.2459427806591936
5805,0.11671235237938053,5978,5811,0.2459016393442623,0.2459016393442623
5806,0.11667972009306873,5979,5812,0.24586051179126944,0.24586051179126944
5807,0.11661121663361652,5980,5813,0.24581939799331104,0.24581939799331104
5808,0.11658200721473602,5981,5814,0.2457782979434877,0.2457782979434877
5809,0.11646912771617587,5982,5815,0.24573721163490472,0.24573721163490472
5810,0.11644696783454939,5983,5816,0.2456961390606719,0.2456961390606719
5811,0.11642899877232911,5984,5817,0.24565508021390375,0.24565508021390375
5812,0.11641380772945002,5985,5818,0.24561403508771928,0.24561403508771928
5813,0.11638021730803845,5986,5819,0.24557300367524224,0.24557300367524224
5814,0.1163702958293986,5987,5820,0.2455319859696008,0.2455319859696008
5815,0.11633314022368271,5988,5821,0.24549098196392785,0.24549098196392785
5816,0.11631794396925559,5989,5822,0.24544999165136083,0.24544999165136083
5817,0.11631229315535452,5990,5823,0.24540901502504173,0.24540901502504173
5818,0.1162867509554068,5991,5824,0.24536805207811718,0.24536805207811718
5819,0.1162797572071344,5992,5825,0.2454939919893191,0.2454939919893191
5820,0.1162433643412234,5994,5826,0.24541207874541207,0.24541207874541207
5821,0.11623642425069773,5995,5827,0.24537114261884904,0.24537114261884904
5822,0.11620535218267512,5996,5828,0.2453302201467645,0.2453302201467645
5823,0.11619247598524908,5997,5829,0.24528931132232784,0.24528931132232784
5824,0.11617992870558563,5998,5830,0.2452484161387129,0.2452484161387129
5825,0.11617703289513877,5999,5831,0.2452075345890982,0.2452075345890982
5826,0.11614404584007562,6000,5832,0.24516666666666667,0.24516666666666667
5827,0.11612576403864819,6001,5833,0.2451258123646059,0.2451258123646059
5828,0.11610439917519677,6002,5834,0.24525158280573142,0.24525158280573142
5829,0.11609480514415546,6003,5835,0.24521072796934865,0.24521072796934865
5830,0.11596790226038155,6004,5836,0.24516988674217188,0.24516988674217188
5831,0.11591136448080414,6005,5837,0.24512905911740215,0.24512905911740215
5832,0.11588009556646993,6006,5838,0.2450882450882451,0.2450882450882451
5833,0.11587982781530824,6008,5839,0.24500665778961384,0.24500665778961384
5834,0.1158748773110585,6009,5840,0.24496588450657347,0.24496588450657347
5835,0.1158573535875781,6010,5841,0.2449251247920133,0.2449251247920133
5836,0.11579139238622582,6011,5842,0.24505074030943272,0.24505074030943272
5837,0.11577442317093006,6012,5843,0.24500998003992017,0.24500998003992017
5838,0.11576816176023288,6013,5844,0.24496923332778978,0.24496923332778978
5839,0.11576583687581801,6014,5845,0.24492850016627868,0.24492850016627868
5840,0.11569677609711128,6015,5846,0.24488778054862842,0.24488778054862842
5841,0.11569167276311677,6016,5847,0.2448470744680851,0.2448470744680851
5842,0.11568636748344466,6017,5848,0.24480638191789927,0.24480638191789927
5843,0.11566106480110672,6018,5849,0.24476570289132601,0.24476570289132601
5844,0.1156546257296924,6019,5850,0.24472503738162485,0.24472503738162485
5845,0.11562812986009988,6020,5851,0.2446843853820598,0.2446843853820598
5846,0.11561065232222753,6021,5852,0.24464374688589935,0.24464374688589935
5847,0.1155915155799408,6022,5853,0.24460312188641647,0.24460312188641647
5848,0.11555343496042172,6023,5854,0.24472854059438817,0.24472854059438817
5849,0.1154815174478243,6024,5855,0.2446879150066401,0.2446879150066401
5850,0.11546868244834571,6025,5856,0.24464730290456432,0.24464730290456432
5851,0.1154360514738581,6026,5857,0.24460670428144707,0.24460670428144707
5852,0.1154243117992938,6027,5858,0.24456611913057907,0.24456611913057907
5853,0.11540718683821796,6028,5859,0.24452554744525548,0.24452554744525548
5854,0.11540670734348976,6029,5860,0.24448498921877593,0.24448498921877593
5855,0.11540615292771747,6030,5861,0.24444444444444444,0.24444444444444444
5856,0.11535929996950077,6031,5862,0.24456972309733047,0.24456972309733047
5857,0.11534101513043173,6032,5863,0.2445291777188329,0.2445291777188329
5858,0.11533713529925689,6033,5864,0.2444886457815349,0.2444886457815349
5859,0.11533194356284739,6034,5865,0.24444812727875373,0.24444812727875373
5860,0.11531253297400697,6035,5866,0.2444076222038111,0.2444076222038111
5861,0.11530745386117103,6036,5867,0.24436713055003315,0.24436713055003315
5862,0.11524124615181622,6037,5868,0.24432665231075038,0.24432665231075038
5863,0.11522209353056292,6038,5869,0.24428618747929778,0.24428618747929778
5864,0.11521131666850372,6039,5870,0.24424573604901473,0.24424573604901473
5865,0.11520830859589615,6040,5871,0.24420529801324503,0.24420529801324503
5866,0.11515310918660886,6041,5872,0.24416487336533688,0.24416487336533688
5867,0.1150707064304368,6042,5873,0.24412446209864283,0.24412446209864283
5868,0.11501140095957103,6043,5874,0.24408406420651993,0.24408406420651993
5869,0.11496771197036554,6045,5875,0.24400330851943755,0.24400330851943755
5870,0.11496553319117488,6046,5876,0.24396295071121402,0.24396295071121402
5871,0.11494598676275021,6047,5877,0.24392260625103357,0.24392260625103357
5872,0.1149170735031829,6048,5878,0.24388227513227514,0.24388227513227514
5873,0.114909153242266,6049,5879,0.24384195734832204,0.24384195734832204
5874,0.11490538237672786,6050,5880,0.24380165289256198,0.24380165289256198
5875,0.11485070448082084,6051,5881,0.24376136175838706,0.24376136175838706
5876,0.11484277233765705,6052,5882,0.24372108393919364,0.24372108393919364
5877,0.11481400292244322,6053,5883,0.24368081942838263,0.24368081942838263
5878,0.11479173601352721,6054,5884,0.2436405682193591,0.2436405682193591
5879,0.11478738897778214,6055,5885,0.24360033030553263,0.24360033030553263
5880,0.11477345602886141,6056,5886,0.24356010568031705,0.24356010568031705
5881,0.1147712978828456,6057,5887,0.2435198943371306,0.2435198943371306
5882,0.11467799704233624,6058,5888,0.24347969626939583,0.24347969626939583
5883,0.11465149350831927,6059,5889,0.2436045552071299,0.2436045552071299
5884,0.11459452230635156,6060,5890,0.24356435643564356,0.24356435643564356
5885,0.11459000216943067,6061,5891,0.24352417092888962,0.24352417092888962
5886,0.11458998724338215,6062,5892,0.24348399868030354,0.24348399868030354
5887,0.11456909994609968,6063,5893,0.2434438396833251,0.2434438396833251
5888,0.11456592052536528,6064,5894,0.2434036939313984,0.2434036939313984
5889,0.11456151774095195,6065,5895,0.24336356141797197,0.24336356141797197
5890,0.11453477301472761,6066,5896,0.2433234421364985,0.2433234421364985
5891,0.11450221351203486,6067,5897,0.24328333608043515,0.24328333608043515
5892,0.1144673945434671,6068,5898,0.24324324324324326,0.24324324324324326
5893,0.1144608978531235,6069,5899,0.24320316361838853,0.24320316361838853
5894,0.11441209281925979,6070,5900,0.243163097199341,0.243163097199341
5895,0.11438790176342349,6071,5901,0.24312304397957502,0.24312304397957502
5896,0.1143874812538154,6072,5902,0.24308300395256918,0.24308300395256918
5897,0.11434609824226533,6073,5903,0.24304297711180636,0.24304297711180636
5898,0.11433811200227136,6074,5904,0.2430029634507738,0.2430029634507738
5899,0.11432978772392925,6075,5905,0.24296296296296296,0.24296296296296296
5900,0.11427181115381498,6076,5906,0.24292297564186965,0.24292297564186965
5901,0.11426585085222404,6077,5907,0.2428830014809939,0.2428830014809939
5902,0.11426305617359003,6078,5908,0.2428430404738401,0.2428430404738401
5903,0.11422542464313656,6079,5909,0.24280309261391675,0.24280309261391675
5904,0.11417048669780222,6081,5910,0.24272323630981746,0.24272323630981746
5905,0.11415777780108345,6082,5911,0.24268332785268004,0.24268332785268004
5906,0.11415491000295347,6083,5912,0.24264343251685025,0.24264343251685025
5907,0.11414447084708701,6084,5913,0.24260355029585798,0.24260355029585798
5908,0.11412645858009673,6085,5914,0.24256368118323746,0.24256368118323746
5909,0.11411450609845875,6087,5915,0.24248398225726958,0.24248398225726958
5910,0.11411413145345883,6088,5916,0.24244415243101183,0.24244415243101183
5911,0.11410214545991955,6089,5917,0.242404335687305,0.242404335687305
5912,0.11408373340739719,6090,5918,0.24236453201970443,0.24236453201970443
5913,0.11403098053606858,6091,5919,0.24232474142176982,0.24232474142176982
5914,0.11401121822790442,6092,5920,0.242284963887065,0.242284963887065
5915,0.1140081358673727,6093,5921,0.24224519940915806,0.24224519940915806
5916,0.1140076777439169,6094,5922,0.24220544798162127,0.24220544798162127
5917,0.11399989897277103,6095,5923,0.24232977850697293,0.24232977850697293
5918,0.11396379118279339,6096,5924,0.2424540682414698,0.2424540682414698
5919,0.11394556499521405,6097,5925,0.24241430211579465,0.24241430211579465
5920,0.11391971852953918,6098,5926,0.24237454903246966,0.24237454903246966
5921,0.11379052847913639,6099,5927,0.24249877029021152,0.24249877029021152
5922,0.11377548112523608,6101,5928,0.24241927552860187,0.24241927552860187
5923,0.11377272015064177,6102,5929,0.24237954768928222,0.24237954768928222
5924,0.11374048482684913,6103,5930,0.24233983286908078,0.24233983286908078
5925,0.11373617251834443,6104,5931,0.24230013106159895,0.24230013106159895
5926,0.1137162131697887,6105,5932,0.24226044226044227,0.24226044226044227
5927,0.11368807118300733,6106,5933,0.24238453979692107,0.24238453979692107
5928,0.11362946053772881,6107,5934,0.24234485017193386,0.24234485017193386
5929,0.11361298044803586,6108,5935,0.24230517354289458,0.24230517354289458
5930,0.11360362741049801,6109,5936,0.2422655099034212,0.2422655099034212
5931,0.11356581441874691,6110,5937,0.24222585924713586,0.24222585924713586
5932,0.11356357220146851,6111,5938,0.24234986090656194,0.24234986090656194
5933,0.11352219651265652,6112,5939,0.24231020942408377,0.24231020942408377
5934,0.11349020351536729,6113,5940,0.24227057091444462,0.24227057091444462
5935,0.11348551588709853,6114,5941,0.24223094537127904,0.24223094537127904
5936,0.11346908861924232,6115,5942,0.2421913327882257,0.2421913327882257
5937,0.11342560884911888,6116,5943,0.2421517331589274,0.2421517331589274
5938,0.11341253939363569,6117,5944,0.24211214647703122,0.24211214647703122
5939,0.1133918852841602,6118,5945,0.2420725727361883,0.2420725727361883
5940,0.11338606153654868,6119,5946,0.24203301193005394,0.24203301193005394
5941,0.11336056537699007,6120,5947,0.24199346405228758,0.24199346405228758
5942,0.11335650892685205,6121,5948,0.24195392909655286,0.24195392909655286
5943,0.11332564035771336,6122,5949,0.24191440705651748,0.24191440705651748
5944,0.11331680722958852,6123,5950,0.24187489792585334,0.24187489792585334
5945,0.11321251728580604,6124,5951,0.24183540169823645,0.24183540169823645
5946,0.11318712710992959,6125,5952,0.24179591836734693,0.24179591836734693
5947,0.1131813875848411,6127,5953,0.24171699037049127,0.24171699037049127
5948,0.11316334320894542,6128,5954,0.241677545691906,0.241677545691906
5949,0.11313979884610094,6129,5955,0.2416381138848099,0.2416381138848099
5950,0.1131339978100852,6130,5956,0.24159869494290376,0.24159869494290376
5951,0.11307143566897032,6131,5957,0.24155928885989236,0.24155928885989236
5952,0.11303163725528773,6132,5958,0.24151989562948467,0.24151989562948467
5953,0.11301613953915204,6133,5959,0.24148051524539377,0.24148051524539377
5954,0.11298926407161929,6134,5960,0.24144114770133682,0.24144114770133682
5955,0.11296500332046541,6135,5961,0.24140179299103504,0.24140179299103504
5956,0.11296383714374675,6136,5962,0.24136245110821383,0.24136245110821383
5957,0.11296095080670203,6137,5963,0.24132312204660258,0.24132312204660258
5958,0.11293348895367336,6138,5964,0.24144672531769307,0.24144672531769307
5959,0.11291450501987255,6139,5965,0.2414073953412608,0.2414073953412608
5960,0.11284321394984918,6140,5966,0.24136807817589576,0.24136807817589576
5961,0.11282507004771067,6141,5967,0.24132877381533951,0.24132877381533951
5962,0.11280076878475719,6142,5968,0.24128948225333768,0.24128948225333768
5963,0.11277662657184384,6143,5969,0.2414129903955722,0.2414129903955722
5964,0.11275073071335674,6144,5970,0.24137369791666666,0.24137369791666666
5965,0.11271413406887007,6145,5971,0.24133441822620016,0.24133441822620016
5966,0.1126718640679206,6146,5972,0.24129515131793036,0.24129515131793036
5967,0.11266775537245598,6147,5973,0.241255897185619,0.241255897185619
5968,0.11265669230008578,6148,5974,0.24121665582303187,0.24121665582303187
5969,0.11261650314435886,6149,5975,0.24117742722393884,0.24117742722393884
5970,0.112600253231351,6150,5976,0.24113821138211383,0.24113821138211383
5971,0.11253813887039386,6151,5977,0.24109900829133474,0.24109900829133474
5972,0.11253597525861779,6152,5978,0.24105981794538361,0.24105981794538361
5973,0.11252916525328714,6153,5979,0.2410206403380465,0.2410206403380465
5974,0.11251659701617865,6154,5980,0.2409814754631134,0.2409814754631134
5975,0.11250502390513567,6155,5981,0.24094232331437856,0.24094232331437856
5976,0.1124947957666198,6156,5982,0.24090318388564003,0.24090318388564003
5977,0.11248587979286422,6157,5983,0.24086405717070003,0.24086405717070003
5978,0.11247973037643813,6158,5984,0.24082494316336472,0.24082494316336472
5979,0.11247503625952439,6159,5985,0.2407858418574444,0.2407858418574444
5980,0.11238103020021534,6160,5986,0.2409090909090909,0.2409090909090909
5981,0.11235308714792429,6161,5987,0.2410322999513066,0.2410322999513066
5982,0.11233888909119148,6162,5988,0.2409931840311587,0.2409931840311587
5983,0.11227931802961698,6163,5989,0.24095408080480285,0.24095408080480285
5984,0.11227122500963947,6165,5990,0.24087591240875914,0.24087591240875914
5985,0.11225630772856407,6166,5991,0.2408368472267272,0.2408368472267272
5986,0.11224692432637848,6167,5992,0.24079779471379925,0.24079779471379925
5987,0.11214160986739834,6168,5993,0.24075875486381323,0.24075875486381323
5988,0.11214005094977647,6169,5994,0.24071972767061112,0.24071972767061112
5989,0.11213314411111365,6170,5995,0.2406807131280389,0.2406807131280389
5990,0.11212317280709545,6171,5996,0.24064171122994651,0.24064171122994651
5991,0.11205108353887057,6172,5997,0.24060272197018795,0.24060272197018795
5992,0.11204406124792558,6173,5998,0.2405637453426211,0.2405637453426211
5993,0.11196527139158172,6174,5999,0.24052478134110788,0.24052478134110788
5994,0.11194441785465348,6175,6000,0.24048582995951417,0.24048582995951417
5995,0.11193221919142697,6176,6001,0.24044689119170984,0.24044689119170984
5996,0.111917777849026,6177,6002,0.24040796503156872,0.24040796503156872
5997,0.11191379317235688,6178,6003,0.2403690514729686,0.2403690514729686
5998,0.11190934234115388,6179,6004,0.24033015050979123,0.24033015050979123
5999,0.11189465857973153,6180,6005,0.24029126213592233,0.24029126213592233
6000,0.11181517039532289,6181,6006,0.2402523863452516,0.2402523863452516
6001,0.11180538877013067,6182,6007,0.2402135231316726,0.2402135231316726
6002,0.11180441155304975,6183,6008,0.24017467248908297,0.24017467248908297
6003,0.11179356924845052,6184,6009,0.24013583441138422,0.24013583441138422
6004,0.11179044694931224,6185,6010,0.2400970088924818,0.2400970088924818
6005,0.1117483163384727,6186,6011,0.24005819592628516,0.24005819592628516
6006,0.11171546128344184,6187,6012,0.24001939550670762,0.24001939550670762
6007,0.11169537565241332,6188,6013,0.23998060762766646,0.23998060762766646
6008,0.11168621169986695,6189,6014,0.23994183228308288,0.23994183228308288
6009,0.11168549356721838,6190,6015,0.23990306946688206,0.23990306946688206
6010,0.11165033059439733,6191,6016,0.23986431917299306,0.23986431917299306
6011,0.11164761270437171,6192,6017,0.23982558139534885,0.23982558139534885
6012,0.11163083908463113,6193,6018,0.23978685612788633,0.23978685612788633
6013,0.11162395381209789,6194,6019,0.23974814336454633,0.23974814336454633
6014,0.11161807823802349,6196,6020,0.23967075532601678,0.23967075532601678
6015,0.11157848138419814,6197,6021,0.2396320800387284,0.2396320800387284
6016,0.11157391859986238,6199,6022,0.23955476689788677,0.23955476689788677
6017,0.11155921741389892,6200,6023,0.23951612903225805,0.23951612903225805
6018,0.11154921139931596,6201,6024,0.23947750362844702,0.23947750362844702
6019,0.11154300397316355,6202,6025,0.23943889068042568,0.23943889068042568
6020,0.11153262980332393,6204,6026,0.2393617021276596,0.2393617021276596
6021,0.11151277174049348,6205,6027,0.23932312651087834,0.23932312651087834
6022,0.11143646322955082,6206,6028,0.23928456332581372,0.23928456332581372
6023,0.11141784687481764,6207,6029,0.2394071209924279,0.2394071209924279
6024,0.11141374140480267,6208,6030,0.23936855670103094,0.23936855670103094
6025,0.11140486639578415,6209,6031,0.23933000483169592,0.23933000483169592
6026,0.11136307997695592,6210,6032,0.2392914653784219,0.2392914653784219
6027,0.11135779505821038,6211,6033,0.23925293833521172,0.23925293833521172
6028,0.11133258894132442,6212,6034,0.23921442369607213,0.23921442369607213
6029,0.11132440377393606,6213,6035,0.2393368742958313,0.2393368742958313
6030,0.11130829740014876,6214,6036,0.23945928548439008,0.23945928548439008
6031,0.11122499576615037,6215,6037,0.23942075623491552,0.23942075623491552
6032,0.11119728634908593,6216,6038,0.23954311454311455,0.23954311454311455
6033,0.11119683271976508,6218,6039,0.23946606625924735,0.23946606625924735
6034,0.11117704619176538,6219,6040,0.23942756070107735,0.23942756070107735
6035,0.11114935970329308,6220,6041,0.23938906752411576,0.23938906752411576
6036,0.11111646010249634,6221,6042,0.2393505867223919,0.2393505867223919
6037,0.11110839681336983,6222,6043,0.23931211828993892,0.23931211828993892
6038,0.11109299146677835,6223,6044,0.23927366222079383,0.23927366222079383
6039,0.11107812388984313,6224,6045,0.23923521850899743,0.23923521850899743
6040,0.11107736945983657,6225,6046,0.23919678714859438,0.23919678714859438
6041,0.1110655894514496,6227,6047,0.23911996145816605,0.23911996145816605
6042,0.11104903195074615,6228,6048,0.2390815671162492,0.2390815671162492
6043,0.11103783904262186,6229,6049,0.23904318510194253,0.23904318510194253
6044,0.11101661745558916,6230,6050,0.2390048154093098,0.2390048154093098
6045,0.11100407629207416,6231,6051,0.23896645803241856,0.23896645803241856
6046,0.1109647426689806,6232,6052,0.23892811296534017,0.23892811296534017
6047,0.11092424076237219,6233,6053,0.23888978020214985,0.23888978020214985
6048,0.11090401657359461,6234,6054,0.23885145973692654,0.23885145973692654
6049,0.11089706042757135,6236,6055,0.23877485567671583,0.23877485567671583
6050,0.11087281393920168,6237,6056,0.23889690556357224,0.23889690556357224
6051,0.11086030633597323,6238,6057,0.2390189163193331,0.2390189163193331
6052,0.1108581209015511,6239,6058,0.23898060586632472,0.23898060586632472
6053,0.1108171954154212,6240,6059,0.2389423076923077,0.2389423076923077
6054,0.11081538440126154,6241,6060,0.2389040217913796,0.2389040217913796
6055,0.11080953728764753,6242,6061,0.23886574815764178,0.23886574815764178
6056,0.11077796186259238,6243,6062,0.23898766618612846,0.23898766618612846
6057,0.11073995568717047,6244,6063,0.23894939141575913,0.23894939141575913
6058,0.11072163798397305,6245,6064,0.2389111289031225,0.2389111289031225
6059,0.11072006121299953,6246,6065,0.2388728786423311,0.2388728786423311
6060,0.11071174369901823,6247,6066,0.2388346406275012,0.2388346406275012
6061,0.1106033913832424,6248,6067,0.23879641485275288,0.23879641485275288
6062,0.11057442855987665,6250,6068,0.23872,0.23872
6063,0.11056094702452457,6251,6069,0.23868181091025437,0.23868181091025437
6064,0.11052126914152484,6252,6070,0.23880358285348688,0.23880358285348688
6065,0.11047777391829802,6253,6071,0.23876539261154645,0.23876539261154645
6066,0.11042984598620582,6254,6072,0.2387272145826671,0.2387272145826671
6067,0.11042345913459688,6255,6073,0.23884892086330936,0.23884892086330936
6068,0.11040228944414916,6256,6074,0.23881074168797953,0.23881074168797953
6069,0.11039553436294802,6257,6075,0.23877257471631771,0.23877257471631771
6070,0.11034237179994552,6258,6076,0.23889421540428252,0.23889421540428252
6071,0.11031477799221852,6259,6077,0.23885604729189966,0.23885604729189966
6072,0.11030982747887444,6260,6078,0.2388178913738019,0.2388178913738019
6073,0.11027282659645266,6261,6079,0.2387797476441463,0.2387797476441463
6074,0.11025987797112341,6263,6080,0.23870349672680824,0.23870349672680824
6075,0.11019316232886148,6264,6081,0.2386653895274585,0.2386653895274585
6076,0.11017995694962153,6265,6082,0.2386272944932163,0.2386272944932163
6077,0.11008125220597649,6266,6083,0.23858921161825727,0.23858921161825727
6078,0.11006285190688934,6267,6084,0.2385511408967608,0.2385511408967608
6079,0.110053941828598,6269,6085,0.2384750358908917,0.2384750358908917
6080,0.11004087159510882,6270,6086,0.23843700159489634,0.23843700159489634
6081,0.11002639917045727,6271,6087,0.23839897942911817,0.23839897942911817
6082,0.10986893291344478,6272,6088,0.2383609693877551,0.2383609693877551
6083,0.10980016365069178,6273,6089,0.23832297146500878,0.23832297146500878
6084,0.10979938586679709,6274,6090,0.23828498565508446,0.23828498565508446
6085,0.10977937705261469,6275,6091,0.23824701195219122,0.23824701195219122
6086,0.10976005821370201,6276,6092,0.23820905035054174,0.23820905035054174
6087,0.10970932389494631,6278,6093,0.23813316342784327,0.23813316342784327
6088,0.1096322689789911,6280,6094,0.23805732484076433,0.23805732484076433
6089,0.10961309613717653,6281,6095,0.23801942365865308,0.23801942365865308
6090,0.10960337673526308,6282,6096,0.23798153454313914,0.23798153454313914
6091,0.10959867509169437,6283,6097,0.2379436574884609,0.2379436574884609
6092,0.10959131431919229,6284,6098,0.2379057924888606,0.2379057924888606
6093,0.10955619239879492,6285,6099,0.23786793953858393,0.23786793953858393
6094,0.10948186420271562,6286,6100,0.23783009863188037,0.23783009863188037
6095,0.10947125201041957,6287,6101,0.23795132813742645,0.23795132813742645
6096,0.1094646209618342,6289,6102,0.23787565590713944,0.23787565590713944
6097,0.10945078122624137,6290,6103,0.23799682034976152,0.23799682034976152
6098,0.10944468896857454,6291,6104,0.2379589890319504,0.2379589890319504
6099,0.10943532934336221,6292,6105,0.23792116973935157,0.23792116973935157
6100,0.10942863532396058,6294,6106,0.23784556720686367,0.23784556720686367
6101,0.10942144970667522,6295,6107,0.23780778395552024,0.23780778395552024
6102,0.10941716969086523,6296,6108,0.2377700127064803,0.2377700127064803
6103,0.10939688668393793,6297,6109,0.23773225345402574,0.23773225345402574
6104,0.10939195559857817,6298,6110,0.23769450619244203,0.23769450619244203
6105,0.10935537614797859,6299,6111,0.23765677091601842,0.23765677091601842
6106,0.10933507290107301,6300,6112,0.23761904761904762,0.23761904761904762
6107,0.10931324408858593,6301,6113,0.23758133629582606,0.23758133629582606
6108,0.10930603194680084,6302,6114,0.23754363694065375,0.23754363694065375
6109,0.10927577712491128,6303,6115,0.23750594954783436,0.23750594954783436
6110,0.1092471523026279,6304,6116,0.23746827411167512,0.23746827411167512
6111,0.10924315783304893,6305,6117,0.2374306106264869,0.2374306106264869
6112,0.10922779696319043,6306,6118,0.2373929590865842,0.2373929590865842
6113,0.10919448589779979,6307,6119,0.23735531948628508,0.23735531948628508
6114,0.10915311213115689,6308,6120,0.23731769181991122,0.23731769181991122
6115,0.10912022294733026,6309,6121,0.23728007608178792,0.23728007608178792
6116,0.10911103563972659,6310,6122,0.23740095087163232,0.23740095087163232
6117,0.10909213081898549,6311,6123,0.23736333386151165,0.23736333386151165
6118,0.10908224115688786,6312,6124,0.23732572877059568,0.23732572877059568
6119,0.10904008300572343,6313,6125,0.23744653888800887,0.23744653888800887
6120,0.10903661354275425,6314,6126,0.23740893253088374,0.23740893253088374
6121,0.1090259636703108,6315,6127,0.23737133808392716,0.23737133808392716
6122,0.10901544130396343,6316,6128,0.23733375554148195,0.23733375554148195
6123,0.10894854462603361,6317,6129,0.23729618489789456,0.23729618489789456
6124,0.1089459165699229,6318,6130,0.23725862614751503,0.23725862614751503
6125,0.10890411524803585,6319,6131,0.23722107928469693,0.23722107928469693
6126,0.10889575040426214,6320,6132,0.23718354430379746,0.23718354430379746
6127,0.10887448835478547,6321,6133,0.23714602119917735,0.23714602119917735
6128,0.10885454757705666,6322,6134,0.2371085099652009,0.2371085099652009
6129,0.10883352780115653,6323,6135,0.23707101059623598,0.23707101059623598
6130,0.10881800865843584,6324,6136,0.237033523086654,0.237033523086654
6131,0.10881734158751978,6325,6137,0.23699604743083003,0.23699604743083003
6132,0.10880908082020821,6326,6138,0.2369585836231426,0.2369585836231426
6133,0.10878245128701915,6327,6139,0.2370791844476055,0.2370791844476055
6134,0.1087728282635293,6328,6140,0.2370417193426043,0.2370417193426043
6135,0.10876080379039915,6329,6141,0.23700426607678937,0.23700426607678937
6136,0.10875820960364398,6330,6142,0.23696682464454977,0.23696682464454977
6137,0.1087151479433404,6331,6143,0.236929395040278,0.236929395040278
6138,0.10869894385700295,6332,6144,0.2368919772583702,0.2368919772583702
6139,0.10865542898345201,6333,6145,0.23685457129322596,0.23685457129322596
6140,0.10865507970419291,6334,6146,0.2368171771392485,0.2368171771392485
6141,0.10854993930477554,6335,6147,0.23677979479084452,0.23677979479084452
6142,0.1085431132180379,6336,6148,0.23674242424242425,0.23674242424242425
6143,0.10853290684282592,6337,6149,0.23670506548840145,0.23670506548840145
6144,0.10852973387873512,6338,6150,0.23666771852319343,0.23666771852319343
6145,0.1085237627865233,6339,6151,0.23663038334122102,0.23663038334122102
6146,0.10852110369253891,6340,6152,0.23659305993690852,0.23659305993690852
6147,0.10851282657612694,6341,6153,0.23655574830468382,0.23655574830468382
6148,0.10851280240141971,6342,6154,0.23651844843897823,0.23651844843897823
6149,0.10848710325474166,6343,6155,0.2364811603342267,0.2364811603342267
6150,0.10838365149439025,6344,6156,0.2364438839848676,0.2364438839848676
6151,0.10838048798655173,6345,6157,0.2364066193853428,0.2364066193853428
6152,0.10836507035686194,6346,6158,0.2363693665300977,0.2363693665300977
6153,0.10834482908212699,6347,6159,0.23633212541358123,0.23633212541358123
6154,0.10832350773338316,6348,6160,0.23629489603024575,0.23629489603024575
6155,0.10823058533698489,6349,6161,0.23625767837454717,0.23625767837454717
6156,0.10820121389483293,6350,6162,0.23622047244094488,0.23622047244094488
6157,0.10820045570115958,6351,6163,0.23618327822390175,0.23618327822390175
6158,0.10813400423493662,6352,6164,0.23614609571788414,0.23614609571788414
6159,0.10812416404615524,6353,6165,0.23610892491736188,0.23610892491736188
6160,0.10811553327994311,6354,6166,0.2360717658168083,0.2360717658168083
6161,0.10802844814674635,6355,6167,0.23603461841070023,0.23603461841070023
6162,0.10799321777301404,6356,6168,0.23599748269351795,0.23599748269351795
6163,0.10799169434024841,6357,6169,0.23611766556551833,0.23611766556551833
6164,0.10797574058551948,6358,6170,0.23608052846807173,0.23608052846807173
6165,0.10796352650679214,6359,6171,0.23604340305079416,0.23604340305079416
6166,0.10793713203684874,6360,6172,0.2360062893081761,0.2360062893081761
6167,0.1079315575054612,6361,6173,0.23612639522087722,0.23612639522087722
6168,0.10793070052786036,6362,6174,0.2360892801005973,0.2360892801005973
6169,0.10789136144858694,6363,6175,0.23605217664623604,0.23605217664623604
6170,0.10788157703024659,6364,6176,0.23601508485229417,0.23601508485229417
6171,0.10786149306408944,6365,6177,0.23597800471327574,0.23597800471327574
6172,0.10783087361077831,6366,6178,0.23594093622368834,0.23594093622368834
6173,0.1078212459975413,6367,6179,0.23590387937804302,0.23590387937804302
6174,0.10781916456338435,6368,6180,0.23586683417085427,0.23586683417085427
6175,0.10781691098894099,6370,6181,0.23579277864992151,0.23579277864992151
6176,0.10779831066637612,6371,6182,0.23591272955579973,0.23591272955579973
6177,0.10774179977365383,6372,6183,0.23587570621468926,0.23587570621468926
6178,0.10770290403472238,6374,6184,0.2358016943834327,0.2358016943834327
6179,0.10769084969553837,6375,6185,0.23576470588235293,0.23576470588235293
6180,0.10765439525468494,6376,6186,0.23572772898368882,0.23572772898368882
6181,0.10763729350622189,6377,6187,0.23569076368198214,0.23569076368198214
6182,0.10763509608856231,6378,6188,0.23565380997177798,0.23565380997177798
6183,0.10757579566548005,6380,6189,0.23557993730407523,0.23557993730407523
6184,0.1075666845964272,6381,6190,0.23554301833568406,0.23554301833568406
6185,0.10756628562112223,6382,6191,0.23550611093701035,0.23550611093701035
6186,0.10752515011847175,6383,6192,0.2354692151026163,0.2354692151026163
6187,0.10752506065658957,6384,6193,0.23543233082706766,0.23543233082706766
6188,0.10748870572947779,6385,6194,0.23539545810493342,0.23539545810493342
6189,0.10748213172436143,6386,6195,0.2353585969307861,0.2353585969307861
6190,0.10747024771619905,6387,6196,0.2353217472992015,0.2353217472992015
6191,0.10746192409627006,6389,6197,0.235248082642041,0.235248082642041
6192,0.10736333702118685,6390,6198,0.2352112676056338,0.2352112676056338
6193,0.10730976155873571,6391,6199,0.23517446409012674,0.23517446409012674
6194,0.10730774380350876,6392,6200,0.23513767209011263,0.23513767209011263
6195,0.1073046158777158,6393,6201,0.2351008916001877,0.2351008916001877
6196,0.1073030952655133,6394,6202,0.23506412261495152,0.23506412261495152
6197,0.10729441356387075,6395,6203,0.23502736512900704,0.23502736512900704
6198,0.10726108891663581,6396,6204,0.2349906191369606,0.2349906191369606
6199,0.10724043468110214,6397,6205,0.23495388463342193,0.23495388463342193
6200,0.10721049416895419,6398,6206,0.23491716161300408,0.23491716161300408
6201,0.10720980977702073,6399,6207,0.2348804500703235,0.2348804500703235
6202,0.10719761393533857,6400,6208,0.23484375,0.23484375
6203,0.10718563780951419,6401,6209,0.23480706139665677,0.23480706139665677
6204,0.10718464562142123,6402,6210,0.23477038425492033,0.23477038425492033
6205,0.10712196211419829,6403,6211,0.23473371856942057,0.23473371856942057
6206,0.10710411528223217,6404,6212,0.23469706433479076,0.23469706433479076
6207,0.10704682727861949,6405,6213,0.23466042154566744,0.23466042154566744
6208,0.10698719030622678,6406,6214,0.2346237901966906,0.2346237901966906
6209,0.10691786665560069,6407,6215,0.23474324957078196,0.23474324957078196
6210,0.10690910984961803,6408,6216,0.23470661672908863,0.23470661672908863
6211,0.10689375583984963,6409,6217,0.23466999531908253,0.23466999531908253
6212,0.10687877205359966,6410,6218,0.23463338533541342,0.23463338533541342
6213,0.10679566185286744,6411,6219,0.23459678677273435,0.23459678677273435
6214,0.10676470348795918,6413,6220,0.23452362388897552,0.23452362388897552
6215,0.10674695449934904,6414,6221,0.23448705955721857,0.23448705955721857
6216,0.10674580735430376,6415,6222,0.23460639127045985,0.23460639127045985
6217,0.10674081792590136,6416,6223,0.23456982543640897,0.23456982543640897
6218,0.1066894712975878,6417,6224,0.23453327099890914,0.23453327099890914
6219,0.10668552289788694,6418,6225,0.2344967279526332,0.2344967279526332
6220,0.10668082336001866,6420,6226,0.23442367601246106,0.23442367601246106
6221,0.10666180221393957,6421,6227,0.23438716710792712,0.23438716710792712
6222,0.10663872628751316,6422,6228,0.23435066957334164,0.23435066957334164
6223,0.10663327291318302,6423,6229,0.23431418340339405,0.23431418340339405
6224,0.10658207033152711,6424,6230,0.23427770859277708,0.23427770859277708
6225,0.10652963362829554,6425,6231,0.23424124513618677,0.23424124513618677
6226,0.10648175442343623,6426,6232,0.23420479302832245,0.23420479302832245
6227,0.10647468229730207,6427,6233,0.23416835226388671,0.23416835226388671
6228,0.10646318518872662,6428,6234,0.23413192283758558,0.23413192283758558
6229,0.10644857104497812,6429,6235,0.23409550474412816,0.23409550474412816
6230,0.10644086045857579,6430,6236,0.23405909797822705,0.23405909797822705
6231,0.10639840825356994,6431,6237,0.23402270253459803,0.23402270253459803
6232,0.1063741787732066,6432,6238,0.2339863184079602,0.2339863184079602
6233,0.10636577152128883,6433,6239,0.23394994559303592,0.23394994559303592
6234,0.10636033320073375,6434,6240,0.23391358408455082,0.23391358408455082
6235,0.1063521148117234,6435,6241,0.2338772338772339,0.2338772338772339
6236,0.10634589533547802,6436,6242,0.23384089496581728,0.23384089496581728
6237,0.10630147085389025,6437,6243,0.23380456734503652,0.23380456734503652
6238,0.10629989859402379,6438,6244,0.2337682510096303,0.2337682510096303
6239,0.10629781030227689,6439,6245,0.23373194595434074,0.23373194595434074
6240,0.10625881051775947,6440,6246,0.23369565217391305,0.23369565217391305
6241,0.10624500488052877,6443,6247,0.2335868384293031,0.2335868384293031
6242,0.10618350492526216,6444,6248,0.23355058969584108,0.23355058969584108
6243,0.10614105209934237,6445,6249,0.2335143522110163,0.2335143522110163
6244,0.10612812252928162,6446,6250,0.23347812596959355,0.23347812596959355
6245,0.10612185575708702,6447,6251,0.23344191096634093,0.23344191096634093
6246,0.10607545229806326,6448,6252,0.23340570719602977,0.23340570719602977
6247,0.106042081130646,6449,6253,0.23336951465343464,0.23336951465343464
6248,0.10603341292938805,6450,6254,0.23333333333333334,0.23333333333333334
6249,0.10602791245001589,6451,6255,0.2332971632305069,0.2332971632305069
6250,0.1059994741706002,6452,6256,0.23341599504029759,0.23341599504029759
6251,0.10599906542354495,6453,6257,0.23337982333798232,0.23337982333798232
6252,0.1059922471614559,6454,6258,0.23334366284474745,0.23334366284474745
6253,0.10598583373081018,6455,6259,0.23330751355538343,0.23330751355538343
6254,0.10598334949043527,6456,6260,0.23327137546468402,0.23327137546468402
6255,0.10597823420327417,6457,6261,0.23323524856744618,0.23323524856744618
6256,0.10595166053792568,6458,6262,0.2331991328584701,0.2331991328584701
6257,0.10594299457488372,6459,6263,0.23316302833255922,0.23316302833255922
6258,0.10594007314315147,6460,6264,0.2331269349845201,0.2331269349845201
6259,0.10593988979776696,6461,6265,0.23309085280916267,0.23309085280916267
6260,0.10593924703593394,6462,6266,0.2330547818012999,0.2330547818012999
6261,0.10589615013427063,6463,6267,0.2330187219557481,0.2330187219557481
6262,0.10583573237216302,6464,6268,0.23298267326732675,0.23298267326732675
6263,0.10582565882188442,6466,6269,0.2329106093411692,0.2329106093411692
6264,0.1057891568743474,6467,6270,0.23287459409308797,0.23287459409308797
6265,0.10573981812095899,6468,6271,0.23283858998144713,0.23283858998144713
6266,0.105737162922469,6469,6272,0.23280259700108208,0.23280259700108208
6267,0.10569442311964923,6470,6273,0.23276661514683153,0.23276661514683153
6268,0.105672621995842,6472,6274,0.2326946847960445,0.2326946847960445
6269,0.10565876508344033,6473,6275,0.2326587362892013,0.2326587362892013
6270,0.1056269390279005,6474,6276,0.23262279888785914,0.23262279888785914
6271,0.10558852051166727,6475,6277,0.23258687258687258,0.23258687258687258
6272,0.10557164437972055,6476,6278,0.23255095738109943,0.23255095738109943
6273,0.10556816296752242,6477,6279,0.23251505326540065,0.23251505326540065
6274,0.10551868962659591,6479,6280,0.23244327828368574,0.23244327828368574
6275,0.10550735118530748,6480,6281,0.2324074074074074,0.2324074074074074
6276,0.10547504302048678,6481,6282,0.2323715476006789,0.2323715476006789
6277,0.10539556721456558,6482,6283,0.23233569885837704,0.23233569885837704
6278,0.10538515521058829,6483,6284,0.23229986117538176,0.23229986117538176
6279,0.10535227349782703,6484,6285,0.23226403454657618,0.23226403454657618
6280,0.1053480595127591,6485,6286,0.23222821896684656,0.23222821896684656
6281,0.10534587104375172,6486,6287,0.23219241443108232,0.23219241443108232
6282,0.1053404854718831,6487,6288,0.23215662093417605,0.23215662093417605
6283,0.10532709146698342,6488,6289,0.23212083847102344,0.23212083847102344
6284,0.10532289329267155,6489,6290,0.23208506703652335,0.23208506703652335
6285,0.10532007234451216,6490,6291,0.23204930662557782,0.23204930662557782
6286,0.10529862279111521,6491,6292,0.23201355723309197,0.23201355723309197
6287,0.10529175178265147,6492,6293,0.23197781885397412,0.23197781885397412
6288,0.10526301316556269,6493,6294,0.2319420914831357,0.2319420914831357
6289,0.10526080954813048,6494,6295,0.23190637511549123,0.23190637511549123
6290,0.1052509071507152,6495,6296,0.23187066974595844,0.23187066974595844
6291,0.10523498536060864,6496,6297,0.23183497536945813,0.23183497536945813
6292,0.10521806415980049,6497,6298,0.23179929198091426,0.23179929198091426
6293,0.10521333066719381,6498,6299,0.23176361957525393,0.23176361957525393
6294,0.10521272220303714,6499,6300,0.2317279581474073,0.2317279581474073
6295,0.10521119741059763,6500,6301,0.23184615384615384,0.23184615384615384
6296,0.10517012113532753,6501,6302,0.23181049069373943,0.23181049069373943
6297,0.10512542746961695,6502,6303,0.23177483851122732,0.23177483851122732
6298,0.10512390768431314,6503,6304,0.23189297247424265,0.23189297247424265
6299,0.10510904324096541,6504,6305,0.23185731857318573,0.23185731857318573
6300,0.10510689202712122,6505,6306,0.2318216756341276,0.2318216756341276
6301,0.10507804559106677,6506,6307,0.23178604365201352,0.23178604365201352
6302,0.10507039422967923,6507,6308,0.2317504226217919,0.2317504226217919
6303,0.10504380802319273,6508,6309,0.23171481253841425,0.23171481253841425
6304,0.10501636897476507,6509,6310,0.23167921339683514,0.23167921339683514
6305,0.10500496639684131,6510,6311,0.2316436251920123,0.2316436251920123
6306,0.1049947917497842,6511,6312,0.23160804791890646,0.23160804791890646
6307,0.10497484625135224,6512,6313,0.23157248157248156,0.23157248157248156
6308,0.10495311270242641,6513,6314,0.2315369261477046,0.2315369261477046
6309,0.10493501095180516,6514,6315,0.2315013816395456,0.2315013816395456
6310,0.10491272543123123,6515,6316,0.23146584804297773,0.23146584804297773
6311,0.10490077601313326,6516,6317,0.23143032535297728,0.23143032535297728
6312,0.10488728950263466,6517,6318,0.23139481356452354,0.23139481356452354
6313,0.10487268512669234,6518,6319,0.23135931267259896,0.23135931267259896
6314,0.10485577961197812,6519,6320,0.23147722043258168,0.23147722043258168
6315,0.10482882324463016,6520,6321,0.23144171779141104,0.23144171779141104
6316,0.10482170711942242,6521,6322,0.2315595767520319,0.2315595767520319
6317,0.10480044638065078,6523,6323,0.23148857887475088,0.23148857887475088
6318,0.10476272858007396,6524,6324,0.23145309625996321,0.23145309625996321
6319,0.1047517111510804,6525,6325,0.23141762452107278,0.23141762452107278
6320,0.1047233684671111,6526,6326,0.23138216365307998,0.23138216365307998
6321,0.10471104249641909,6528,6327,0.23131127450980393,0.23131127450980393
6322,0.1046585313848991,6529,6328,0.23127584622453667,0.23127584622453667
6323,0.10463975120975628,6530,6329,0.23124042879019907,0.23124042879019907
6324,0.10455137125569629,6531,6330,0.23120502220180678,0.23120502220180678
6325,0.10454898966467334,6532,6331,0.23116962645437844,0.23116962645437844
6326,0.10454847361180004,6533,6332,0.23113424154293585,0.23113424154293585
6327,0.10453835856430659,6534,6333,0.23109886746250383,0.23109886746250383
6328,0.10449443001962809,6535,6334,0.23106350420811017,0.23106350420811017
6329,0.10442820079214125,6536,6335,0.2310281517747858,0.2310281517747858
6330,0.10442447568511735,6537,6336,0.23099281015756462,0.23099281015756462
6331,0.104422889410644,6538,6337,0.23095747935148364,0.23095747935148364
6332,0.10440887046749872,6539,6338,0.2309221593515828,0.2309221593515828
6333,0.1043956606367186,6540,6339,0.2308868501529052,0.2308868501529052
6334,0.10430586270629419,6542,6340,0.2308162641394069,0.2308162641394069
6335,0.104294836802887,6543,6341,0.23078098731468746,0.23078098731468746
6336,0.10429408990518872,6544,6342,0.23074572127139364,0.23074572127139364
6337,0.10428370605909573,6545,6343,0.23071046600458364,0.23071046600458364
6338,0.10428033056804555,6546,6344,0.23067522150931866,0.23067522150931866
6339,0.10426658393102994,6547,6345,0.2306399877806629,0.2306399877806629
6340,0.10426086901080839,6548,6346,0.23060476481368355,0.23060476481368355
6341,0.10422320282437897,6549,6347,0.2307222476714002,0.2307222476714002
6342,0.10419647599632528,6550,6348,0.23083969465648854,0.23083969465648854
6343,0.10418608537908022,6551,6349,0.23080445733475805,0.23080445733475805
6344,0.10418480644487518,6552,6350,0.23076923076923078,0.23076923076923078
6345,0.10418209959652093,6553,6351,0.23073401495498244,0.23073401495498244
6346,0.10417969100967611,6554,6352,0.23069880988709185,0.23069880988709185
6347,0.10415483910611952,6556,6353,0.23062843197071384,0.23062843197071384
6348,0.10413595665011367,6557,6354,0.23059325911239897,0.23059325911239897
6349,0.10411044701779543,6558,6355,0.23055809698078683,0.23055809698078683
6350,0.10407072763763589,6559,6356,0.2305229455709712,0.2305229455709712
6351,0.10403072335922765,6560,6357,0.23064024390243903,0.23064024390243903
6352,0.10402322166035646,6561,6358,0.2306050906873952,0.2306050906873952
6353,0.10394170554235964,6562,6359,0.23056994818652848,0.23056994818652848
6354,0.10393944969526119,6563,6360,0.23053481639494133,0.23053481639494133
6355,0.10390406932788349,6564,6361,0.23049969530773917,0.23049969530773917
6356,0.10388751234948308,6565,6362,0.23046458492003047,0.23046458492003047
6357,0.10384740973920276,6566,6363,0.23042948522692658,0.23042948522692658
6358,0.10382213791744017,6567,6364,0.23039439622354196,0.23039439622354196
6359,0.10381583838910498,6568,6365,0.23035931790499392,0.23035931790499392
6360,0.10380115051305054,6569,6366,0.2303242502664028,0.2303242502664028
6361,0.10379272977730418,6570,6367,0.23028919330289194,0.23028919330289194
6362,0.10378965154065027,6571,6368,0.23025414700958757,0.23025414700958757
6363,0.10376197277219869,6572,6369,0.230219111381619,0.230219111381619
6364,0.10374837066685501,6573,6370,0.23018408641411836,0.23018408641411836
6365,0.10371821591729465,6574,6371,0.23014907210222088,0.23014907210222088
6366,0.10371812355872069,6575,6372,0.23011406844106463,0.23011406844106463
6367,0.10370601574443253,6576,6373,0.23007907542579076,0.23007907542579076
6368,0.10370339998701657,6577,6374,0.23004409305154325,0.23004409305154325
6369,0.10365184743270506,6578,6375,0.23000912131346915,0.23000912131346915
6370,0.10363352516921759,6579,6376,0.22997416020671835,0.22997416020671835
6371,0.10362096244892752,6580,6377,0.22993920972644377,0.22993920972644377
6372,0.10362060433215299,6581,6378,0.22990426986780124,0.22990426986780124
6373,0.10361698390786796,6582,6379,0.22986934062594955,0.22986934062594955
6374,0.10359477236519629,6583,6380,0.22983442199605042,0.22983442199605042
6375,0.10352251982381984,6585,6381,0.22976461655277144,0.22976461655277144
6376,0.10351813577095789,6586,6382,0.22972972972972974,0.22972972972972974
6377,0.10350002364894005,6587,6383,0.2298466676787612,0.2298466676787612
6378,0.10347210352999739,6588,6384,0.22981177899210686,0.22981177899210686
6379,0.10346194288106607,6590,6385,0.22974203338391502,0.22974203338391502
6380,0.10345100909432438,6591,6386,0.22970717645273858,0.22970717645273858
6381,0.10344003927890984,6592,6387,0.22967233009708737,0.22967233009708737
6382,0.10341381367756536,6593,6388,0.22963749431214925,0.22963749431214925
6383,0.10341378057341882,6594,6389,0.22960266909311494,0.22960266909311494
6384,0.10337836900267879,6595,6390,0.22956785443517816,0.22956785443517816
6385,0.10337291816852759,6596,6391,0.22953305033353547,0.22953305033353547
6386,0.1033688545342805,6597,6392,0.22964984083674397,0.22964984083674397
6387,0.10336187176830271,6598,6393,0.2296150348590482,0.2296150348590482
6388,0.10332950465752459,6599,6394,0.2295802394302167,0.2295802394302167
6389,0.1032162391162049,6601,6395,0.2295106801999697,0.2295106801999697
6390,0.10317459715385492,6602,6396,0.22962738564071494,0.22962738564071494
6391,0.10313192693130649,6603,6397,0.22959260941996062,0.22959260941996062
6392,0.10311872680819674,6604,6398,0.22955784373107208,0.22955784373107208
6393,0.10308402907183344,6605,6399,0.2295230885692657,0.2295230885692657
6394,0.10300252536254009,6606,6400,0.22948834392976084,0.22948834392976084
6395,0.10290494951642938,6607,6401,0.22945360980777962,0.22945360980777962
6396,0.10289143835491592,6608,6402,0.22941888619854722,0.22941888619854722
6397,0.10282683179027043,6610,6403,0.22934947049924356,0.22934947049924356
6398,0.10281406841860942,6611,6404,0.22931477839963696,0.22931477839963696
6399,0.10280760591021611,6612,6405,0.22928009679370842,0.22928009679370842
6400,0.1027913070976115,6613,6406,0.22939664297595644,0.22939664297595644
6401,0.1027732614080321,6614,6407,0.22936195947989113,0.22936195947989113
6402,0.1027615614958394,6616,6408,0.2292926239419589,0.2292926239419589
6403,0.10274060277258538,6617,6409,0.22925797189058486,0.22925797189058486
6404,0.102714478213788,6618,6410,0.2292233303112723,0.2292233303112723
6405,0.10269471266662672,6619,6411,0.22918869919927481,0.22918869919927481
6406,0.10268350352768696,6621,6412,0.22911946835825403,0.22911946835825403
6407,0.10266214793610696,6622,6413,0.22908486861975233,0.22908486861975233
6408,0.1026558989640406,6624,6414,0.22901570048309178,0.22901570048309178
6409,0.10264964267849755,6625,6415,0.22913207547169812,0.22913207547169812
6410,0.1026253273373977,6626,6416,0.22909749471777846,0.22909749471777846
6411,0.10259734860862324,6628,6417,0.2291792395896198,0.2291792395896198
6412,0.10259486418789683,6629,6418,0.22914466737064415,0.22914466737064415
6413,0.1025256221539235,6630,6419,0.2291101055806938,0.2291101055806938
6414,0.10249945349114785,6631,6420,0.22922636103151864,0.22922636103151864
6415,0.10244135726497598,6632,6421,0.22919179734620024,0.22919179734620024
6416,0.10240491099118523,6633,6422,0.22930800542740842,0.22930800542740842
6417,0.10233958830197591,6634,6423,0.22927343985529092,0.22927343985529092
6418,0.10233669735684155,6635,6424,0.2292388847023361,0.2292388847023361
6419,0.10230973194645279,6636,6425,0.22920433996383363,0.22920433996383363
6420,0.10228435967989769,6637,6426,0.22916980563507608,0.22916980563507608
6421,0.1022802791832427,6638,6427,0.22913528171135883,0.22913528171135883
6422,0.1022754335075139,6639,6428,0.22910076818798011,0.22910076818798011
6423,0.1022549549139934,6641,6429,0.22903177232344527,0.22903177232344527
6424,0.10219927533367704,6642,6430,0.2291478470340259,0.2291478470340259
6425,0.10219793915733841,6643,6431,0.22911335240102362,0.22911335240102362
6426,0.10214763623952804,6644,6432,0.22907886815171583,0.22907886815171583
6427,0.10213592832701626,6645,6433,0.2290443942814146,0.2290443942814146
6428,0.10212273752938937,6646,6434,0.22900993078543486,0.22900993078543486
6429,0.10212056705663441,6647,6435,0.22897547765909432,0.22897547765909432
6430,0.10208305390887283,6648,6436,0.22894103489771359,0.22894103489771359
6431,0.10206577668339499,6649,6437,0.22890660249661604,0.22890660249661604
6432,0.10200855627620142,6650,6438,0.2288721804511278,0.2288721804511278
6433,0.10200687423024235,6652,6439,0.22880336740829826,0.22880336740829826
6434,0.10200488519655096,6653,6440,0.22876897640162333,0.22876897640162333
6435,0.10200142992011962,6654,6441,0.2287345957318906,0.2287345957318906
6436,0.10195656650682923,6655,6442,0.22870022539444027,0.22870022539444027
6437,0.1019458823811622,6656,6443,0.2286658653846154,0.2286658653846154
6438,0.10190895456387451,6657,6444,0.22863151569776174,0.22863151569776174
6439,0.10190065317573337,6658,6445,0.228597176329228,0.228597176329228
6440,0.10184720201197664,6659,6446,0.22856284727436552,0.22856284727436552
6441,0.10184283106267393,6660,6447,0.22852852852852854,0.22852852852852854
6442,0.10183147895012007,6661,6448,0.228494220087074,0.228494220087074
6443,0.10179963344748713,6662,6449,0.22845992194536174,0.22845992194536174
6444,0.10175305530938615,6663,6450,0.22842563409875433,0.22842563409875433
6445,0.10173699584800622,6665,6451,0.22835708927231807,0.22835708927231807
6446,0.10172313657336057,6666,6452,0.22832283228322833,0.22832283228322833
6447,0.10170109996616578,6667,6453,0.22828858557072146,0.22828858557072146
6448,0.1016599409344513,6668,6454,0.22825434913017398,0.22825434913017398
6449,0.10160323577616961,6669,6455,0.22822012295696506,0.22822012295696506
6450,0.10159720731667987,6670,6456,0.22833583208395802,0.22833583208395802
6451,0.10156222523015357,6671,6457,0.22830160395742768,0.22830160395742768
6452,0.10152325265478694,6673,6458,0.22823317848044358,0.22823317848044358
6453,0.1015204285689007,6674,6459,0.22819898112076717,0.22819898112076717
6454,0.10150631417245679,6675,6460,0.22816479400749062,0.22816479400749062
6455,0.1015049903754519,6676,6461,0.2281306171360096,0.2281306171360096
6456,0.10145671740648836,6677,6462,0.22809645050172234,0.22809645050172234
6457,0.10144951658775453,6678,6463,0.22806229410002996,0.22806229410002996
6458,0.10137504370380487,6679,6464,0.22802814792633627,0.22802814792633627
6459,0.1013683737801425,6680,6465,0.2279940119760479,0.2279940119760479
6460,0.10133876800592113,6681,6466,0.2281095644364616,0.2281095644364616
6461,0.10132444049205294,6682,6467,0.22822508231068542,0.22822508231068542
6462,0.10130077941664754,6683,6468,0.2283405656142451,0.2283405656142451
6463,0.10127378829975925,6684,6469,0.22845601436265708,0.22845601436265708
6464,0.10126095927426612,6685,6470,0.22857142857142856,0.22857142857142856
6465,0.10124586635689775,6686,6471,0.22853724199820522,0.22853724199820522
6466,0.10119791941362492,6687,6472,0.22865260954090025,0.22865260954090025
6467,0.10117250722577484,6688,6473,0.22861842105263158,0.22861842105263158
6468,0.1011421624879074,6689,6474,0.22858424278666467,0.22858424278666467
6469,0.10112965974987553,6690,6475,0.22855007473841554,0.22855007473841554
6470,0.10112440589804687,6691,6476,0.22851591690330295,0.22851591690330295
6471,0.1011112742142704,6692,6477,0.22848176927674835,0.22848176927674835
6472,0.10108535895962446,6693,6478,0.228447631854176,0.228447631854176
6473,0.10105220918449477,6694,6479,0.22841350463101284,0.22841350463101284
6474,0.1010058296466815,6695,6480,0.22837938760268858,0.22837938760268858
6475,0.10096254140900927,6696,6481,0.22834528076463562,0.22834528076463562
6476,0.10095084629364562,6697,6482,0.2283111841122891,0.2283111841122891
6477,0.10094177200194611,6698,6483,0.2282770976410869,0.2282770976410869
6478,0.10084130292512884,6699,6484,0.22824302134646962,0.22824302134646962
6479,0.10083366170187533,6700,6485,0.2282089552238806,0.2282089552238806
6480,0.10080876176760128,6701,6486,0.22817489926876586,0.22817489926876586
6481,0.10078701832316671,6702,6487,0.22814085347657415,0.22814085347657415
6482,0.10072351856218444,6703,6488,0.22810681784275696,0.22810681784275696
6483,0.10071001951952425,6704,6489,0.2280727923627685,0.2280727923627685
6484,0.1006766314887931,6705,6490,0.22803877703206563,0.22803877703206563
6485,0.10066948892936015,6706,6491,0.22800477184610796,0.22800477184610796
6486,0.10065957635677791,6707,6492,0.22797077680035782,0.22797077680035782
6487,0.10064970101117482,6708,6493,0.22793679189028027,0.22793679189028027
6488,0.10064655238777973,6709,6494,0.22805187062155313,0.22805187062155313
6489,0.10063440764929006,6710,6495,0.22801788375558868,0.22801788375558868
6490,0.10063022092400292,6711,6496,0.22798390701832813,0.22798390701832813
6491,0.1006185370999463,6712,6497,0.22794994040524433,0.22794994040524433
6492,0.10061782107969597,6713,6498,0.2279159839118129,0.2279159839118129
6493,0.10060254936873889,6714,6499,0.2280309800417039,0.2280309800417039
6494,0.10058095060016996,6715,6500,0.2279970215934475,0.2279970215934475
6495,0.10054276408225639,6716,6501,0.2279630732578916,0.2279630732578916
6496,0.10053502628109677,6717,6502,0.22792913503051956,0.22792913503051956
6497,0.100525223046945,6718,6503,0.2278952069068175,0.2278952069068175
6498,0.10050615420484797,6719,6504,0.22786128888227414,0.22786128888227414
6499,0.10049599650119367,6720,6505,0.22782738095238095,0.22782738095238095
6500,0.10049302120624877,6721,6506,0.22779348311263206,0.22779348311263206
6501,0.10047585856674907,6722,6507,0.22775959535852425,0.22775959535852425
6502,0.10046169996314608,6723,6508,0.2278744608061877,0.2278744608061877
6503,0.10045365091143725,6724,6509,0.22784057108863773,0.22784057108863773
6504,0.1004460418760305,6725,6510,0.22780669144981414,0.22780669144981414
6505,0.10042876839565416,6726,6511,0.22777282188522152,0.22777282188522152
6506,0.10040165188725574,6727,6512,0.22773896239036717,0.22773896239036717
6507,0.1004016460469091,6728,6513,0.22770511296076099,0.22770511296076099
6508,0.10038913980029718,6729,6514,0.22767127359191558,0.22767127359191558
6509,0.1003717024183051,6730,6515,0.2276374442793462,0.2276374442793462
6510,0.10036081620392323,6731,6516,0.2276036250185708,0.2276036250185708
6511,0.10035882297799131,6732,6517,0.22756981580510993,0.22756981580510993
6512,0.10035386197977662,6733,6518,0.22768453883855636,0.22768453883855636
6513,0.1003487525918484,6734,6519,0.22765072765072766,0.22765072765072766
6514,0.1003429121282377,6735,6520,0.22761692650334076,0.22761692650334076
6515,0.10031155504158469,6736,6521,0.22758313539192399,0.22758313539192399
6516,0.10027091890710423,6737,6522,0.22754935431200832,0.22754935431200832
6517,0.10023402237986226,6738,6523,0.22751558325912732,0.22751558325912732
6518,0.10021985793262587,6739,6524,0.22748182222881733,0.22748182222881733
6519,0.10021733137489888,6740,6525,0.2274480712166172,0.2274480712166172
6520,0.10016643741874241,6741,6526,0.22741433021806853,0.22741433021806853
6521,0.10011801959291264,6742,6527,0.2273805992287155,0.2273805992287155
6522,0.10011682292617334,6743,6528,0.227346878244105,0.227346878244105
6523,0.10010117483541875,6744,6529,0.22731316725978648,0.22731316725978648
6524,0.10009539801441905,6745,6530,0.22727946627131207,0.22727946627131207
6525,0.1000719534010814,6746,6531,0.2272457752742366,0.2272457752742366
6526,0.10004453770557416,6747,6532,0.2272120942641174,0.2272120942641174
6527,0.09999455411616197,6748,6533,0.22717842323651452,0.22717842323651452
6528,0.0999478587472859,6749,6534,0.22714476218699067,0.22714476218699067
6529,0.09992737380962728,6750,6535,0.22711111111111112,0.22711111111111112
6530,0.09990696379800167,6752,6536,0.22704383886255924,0.22704383886255924
6531,0.09985331752870778,6753,6537,0.22701021768103066,0.22701021768103066
6532,0.09983469747752964,6754,6538,0.22697660645543383,0.22697660645543383
6533,0.09981401969165096,6755,6539,0.22694300518134716,0.22694300518134716
6534,0.09981295756696881,6756,6540,0.22690941385435168,0.22690941385435168
6535,0.09980377900711254,6757,6541,0.22687583247003107,0.22687583247003107
6536,0.0998004907830195,6758,6542,0.2268422610239716,0.2268422610239716
6537,0.09976996654750298,6759,6543,0.2268086995117621,0.2268086995117621
6538,0.09975252606008925,6760,6544,0.22692307692307692,0.22692307692307692
6539,0.09971644843575547,6761,6545,0.22688951338559385,0.22688951338559385
6540,0.09970645007071931,6762,6546,0.22685595977521444,0.22685595977521444
6541,0.09969547530560605,6763,6547,0.22682241608753512,0.22682241608753512
6542,0.09969440647309061,6764,6548,0.22678888231815494,0.22678888231815494
6543,0.09968072145596002,6765,6549,0.2269031781226903,0.2269031781226903
6544,0.09965946766348752,6766,6550,0.22686964232929352,0.22686964232929352
6545,0.09964113706926343,6767,6551,0.22683611644746565,0.22683611644746565
6546,0.09963391566635973,6768,6552,0.22680260047281323,0.22680260047281323
6547,0.09961981844976917,6769,6553,0.22676909440094548,0.22676909440094548
6548,0.0995937001966185,6770,6554,0.22673559822747416,0.22673559822747416
6549,0.09958841375686607,6771,6555,0.2267021119480136,0.2267021119480136
6550,0.09957239027136439,6772,6556,0.22666863555818073,0.22666863555818073
6551,0.09955231681673667,6773,6557,0.22663516905359515,0.22663516905359515
6552,0.09955098786141443,6774,6558,0.22660171242987895,0.22660171242987895
6553,0.09953931958538012,6775,6559,0.22656826568265684,0.22656826568265684
6554,0.0995176287671756,6776,6560,0.22653482880755607,0.22653482880755607
6555,0.09951699541765652,6777,6561,0.2266489597166888,0.2266489597166888
6556,0.09949780913875286,6778,6562,0.22661552080259664,0.22661552080259664
6557,0.09949505059835279,6779,6563,0.226582091753946,0.226582091753946
6558,0.09948550610587555,6780,6564,0.22654867256637168,0.22654867256637168
6559,0.0994786854727212,6781,6565,0.226515263235511,0.226515263235511
6560,0.0994465888043603,6782,6566,0.22648186375700383,0.22648186375700383
6561,0.09943963459401726,6783,6567,0.22644847412649272,0.22644847412649272
6562,0.09941173526124958,6784,6568,0.22641509433962265,0.22641509433962265
6563,0.09929943196453533,6785,6569,0.22638172439204127,0.22638172439204127
6564,0.09927460362050639,6786,6570,0.22634836427939875,0.22634836427939875
6565,0.09925917969713559,6787,6571,0.22631501399734788,0.22631501399734788
6566,0.09925279418701949,6788,6572,0.2262816735415439,0.2262816735415439
6567,0.09918387626332457,6789,6573,0.22624834290764473,0.22624834290764473
6568,0.09913834644422671,6790,6574,0.22621502209131075,0.22621502209131075
6569,0.09911428882334808,6791,6575,0.22618171108820498,0.22618171108820498
6570,0.09904236804719015,6792,6576,0.22629564193168433,0.22629564193168433
6571,0.09900043133106719,6793,6577,0.2262623288679523,0.2262623288679523
6572,0.09893119051555431,6794,6578,0.22637621430674124,0.22637621430674124
6573,0.09890061836476742,6795,6579,0.22634289919058131,0.22634289919058131
6574,0.09888731973613252,6796,6580,0.2263095938787522,0.2263095938787522
6575,0.09888033202674237,6797,6581,0.2262762983669266,0.2262762983669266
6576,0.09883756399100287,6798,6582,0.22624301265077965,0.22624301265077965
6577,0.09883187537306548,6799,6583,0.22620973672598912,0.22620973672598912
6578,0.09878513453028179,6801,6584,0.226143214233201,0.226143214233201
6579,0.09878287560017955,6802,6585,0.2261099676565716,0.2261099676565716
6580,0.09876396258058415,6803,6586,0.22607673085403499,0.22607673085403499
6581,0.09874208158970116,6804,6587,0.2260435038212816,0.2260435038212816
6582,0.09871518988580398,6805,6588,0.2260102865540044,0.2260102865540044
6583,0.0986283217253148,6806,6589,0.2259770790478989,0.2259770790478989
6584,0.09861607399240478,6807,6590,0.22594388129866314,0.22594388129866314
6585,0.09860456686487101,6808,6591,0.22591069330199764,0.22591069330199764
6586,0.09858678917773141,6809,6592,0.2258775150536055,0.2258775150536055
6587,0.09857059840018662,6810,6593,0.22584434654919236,0.22584434654919236
6588,0.09852282935989368,6811,6594,0.2258111877844663,0.2258111877844663
6589,0.09851544285061696,6812,6595,0.225778038755138,0.225778038755138
6590,0.09848315909346918,6813,6596,0.22574489945692058,0.22574489945692058
6591,0.09845226007571976,6814,6597,0.2257117698855298,0.2257117698855298
6592,0.09844964885173005,6815,6598,0.22567865003668378,0.22567865003668378
6593,0.0984298658233064,6816,6599,0.22564553990610328,0.22564553990610328
6594,0.09840290700228566,6817,6600,0.2256124394895115,0.2256124394895115
6595,0.09840117641092143,6818,6601,0.2255793487826342,0.2255793487826342
6596,0.09826595205271947,6819,6602,0.2255462677811996,0.2255462677811996
6597,0.09826035225484477,6821,6603,0.22548013487758392,0.22548013487758392
6598,0.09825288537323533,6822,6604,0.22544708296687188,0.22544708296687188
6599,0.09822672989559741,6823,6605,0.22541404074454052,0.22541404074454052
6600,0.09816348950898646,6824,6606,0.22538100820633059,0.22538100820633059
6601,0.09814801351456412,6825,6607,0.22534798534798534,0.22534798534798534
6602,0.098144905404681,6826,6608,0.2253149721652505,0.2253149721652505
6603,0.09812891473336319,6827,6609,0.22528196865387431,0.22528196865387431
6604,0.09810026494486056,6828,6610,0.2252489748096075,0.2252489748096075
6605,0.09808342038700758,6829,6611,0.22521599062820324,0.22521599062820324
6606,0.09806795240420534,6830,6612,0.22518301610541727,0.22518301610541727
6607,0.09805301903453563,6831,6613,0.22515005123700776,0.22515005123700776
6608,0.09803573730767794,6832,6614,0.22511709601873536,0.22511709601873536
6609,0.09798239514768184,6833,6615,0.22508415044636323,0.22508415044636323
6610,0.09794468846206644,6834,6616,0.22505121451565702,0.22505121451565702
6611,0.09794019346952992,6835,6617,0.2250182882223848,0.2250182882223848
6612,0.0979306757716307,6836,6618,0.22498537156231715,0.22498537156231715
6613,0.09791407994876235,6837,6619,0.22495246453122714,0.22495246453122714
6614,0.09787405407024113,6838,6620,0.2249195671248903,0.2249195671248903
6615,0.0978502379660306,6839,6621,0.22488667933908466,0.22488667933908466
6616,0.09782481304365964,6840,6622,0.22485380116959064,0.22485380116959064
6617,0.09780960480805413,6841,6623,0.2248209326121912,0.2248209326121912
6618,0.09780548423585227,6842,6624,0.22478807366267173,0.22478807366267173
6619,0.0977993081459798,6843,6625,0.2247552243168201,0.2247552243168201
6620,0.09777363027729875,6844,6626,0.22472238457042665,0.22472238457042665
6621,0.0977696303370256,6845,6627,0.22468955441928415,0.22468955441928415
6622,0.09776886794078829,6846,6628,0.22465673385918786,0.22465673385918786
6623,0.09775132714146693,6847,6629,0.22462392288593544,0.22462392288593544
6624,0.09769737869214672,6848,6630,0.2245911214953271,0.2245911214953271
6625,0.0976706986039696,6849,6631,0.22455832968316541,0.22455832968316541
6626,0.0976680143783688,6850,6632,0.22452554744525546,0.22452554744525546
6627,0.09764592724015303,6851,6633,0.22449277477740476,0.22449277477740476
6628,0.0976222239825122,6852,6634,0.22446001167542323,0.22446001167542323
6629,0.09759572697084423,6853,6635,0.2244272581351233,0.2244272581351233
6630,0.09756507294275474,6854,6636,0.2243945141523198,0.2243945141523198
6631,0.09751870158755575,6855,6637,0.22436177972283006,0.22436177972283006
6632,0.09750911560625294,6856,6638,0.22432905484247376,0.22432905484247376
6633,0.09749800393219787,6857,6639,0.22429633950707306,0.22429633950707306
6634,0.0974895413778267,6858,6640,0.22426363371245261,0.22426363371245261
6635,0.09747517989588604,6859,6641,0.22423093745443942,0.22423093745443942
6636,0.09746839479729588,6860,6642,0.22419825072886299,0.22419825072886299
6637,0.09742025144955048,6861,6643,0.22416557353155517,0.22416557353155517
6638,0.09736791669592228,6862,6644,0.22413290585835033,0.22413290585835033
6639,0.09735135756645716,6863,6645,0.22410024770508524,0.22410024770508524
6640,0.09735083748348623,6864,6646,0.22406759906759907,0.22406759906759907
6641,0.09734888219562512,6865,6647,0.22403495994173342,0.22403495994173342
6642,0.09734665161641631,6866,6648,0.22400233032333236,0.22400233032333236
6643,0.09730692531389822,6868,6649,0.22393709959231217,0.22393709959231217
6644,0.09730118707932715,6869,6650,0.22405008006987917,0.22405008006987917
6645,0.09729550266723799,6870,6651,0.2240174672489083,0.2240174672489083
6646,0.09726811155856187,6871,6652,0.22398486392082667,0.22398486392082667
6647,0.09721051016902102,6872,6653,0.2240977881257276,0.2240977881257276
6648,0.09719903695871042,6874,6654,0.2240325865580448,0.2240325865580448
6649,0.09715601374632314,6875,6655,0.224,0.224
6650,0.09704897681333292,6876,6656,0.2239674229203025,0.2239674229203025
6651,0.09704859673908217,6878,6657,0.22390229717941262,0.22390229717941262
6652,0.09704501067112267,6879,6658,0.22386974850995783,0.22386974850995783
6653,0.09700679231885995,6880,6659,0.22398255813953488,0.22398255813953488
6654,0.09700485524649677,6881,6660,0.2239500072663857,0.2239500072663857
6655,0.09697197451225373,6882,6661,0.22391746585294972,0.22391746585294972
6656,0.09697153118374613,6883,6662,0.2238849338951039,0.2238849338951039
6657,0.0969571559884848,6884,6663,0.2238524113887275,0.2238524113887275
6658,0.09695145042626757,6885,6664,0.22381989832970225,0.22381989832970225
6659,0.09689191370654507,6886,6665,0.2237873947139123,0.2237873947139123
6660,0.09687751555582778,6887,6666,0.2237549005372441,0.2237549005372441
6661,0.09680577262968576,6888,6667,0.22372241579558652,0.22372241579558652
6662,0.09678919098937318,6889,6668,0.2236899404848309,0.2236899404848309
6663,0.09676477712227055,6890,6669,0.22365747460087082,0.22365747460087082
6664,0.09675650648752333,6891,6670,0.22362501813960237,0.22362501813960237
6665,0.09672498010721903,6892,6671,0.22359257109692396,0.22359257109692396
6666,0.09670585653155052,6893,6672,0.22370520818221384,0.22370520818221384
6667,0.09669413761365166,6894,6673,0.22367275892080069,0.22367275892080069
6668,0.09669132888448737,6895,6674,0.22364031907179116,0.22364031907179116
6669,0.09668169942349528,6897,6675,0.22357546759460636,0.22357546759460636
6670,0.09667811036660941,6898,6676,0.22368802551464192,0.22368802551464192
6671,0.09664668904745022,6899,6677,0.22365560226119727,0.22365560226119727
6672,0.09664623158190012,6901,6678,0.2235907839443559,0.2235907839443559
6673,0.09662944250906111,6902,6679,0.2235583888727905,0.2235583888727905
6674,0.09657085395215043,6903,6680,0.22352600318702012,0.22352600318702012
6675,0.09656026193320487,6905,6681,0.22346125995655322,0.22346125995655322
6676,0.09654001750397419,6906,6682,0.2234289024037069,0.2234289024037069
6677,0.09653893376518141,6907,6683,0.22354133487766034,0.22354133487766034
6678,0.09653850055521374,6908,6684,0.2235089751013318,0.2235089751013318
6679,0.09652885843389536,6909,6685,0.2236213634389926,0.2236213634389926
6680,0.0965145393071449,6910,6686,0.223589001447178,0.223589001447178
6681,0.09648613501126548,6911,6687,0.2235566488207206,0.2235566488207206
6682,0.09648117267225662,6912,6688,0.22352430555555555,0.22352430555555555
6683,0.09646428918984251,6913,6689,0.2234919716476204,0.2234919716476204
6684,0.09644888103434326,6914,6690,0.22345964709285507,0.22345964709285507
6685,0.09641949618085749,6915,6691,0.22342733188720174,0.22342733188720174
6686,0.0964186618207937,6916,6692,0.22339502602660496,0.22339502602660496
6687,0.09641315429785256,6917,6693,0.22336272950701172,0.22336272950701172
6688,0.0964099146771542,6918,6694,0.22333044232437121,0.22333044232437121
6689,0.09640166839388803,6920,6695,0.22326589595375723,0.22326589595375723
6690,0.09639745345588659,6921,6696,0.22323363675769398,0.22323363675769398
6691,0.09637391060590755,6922,6697,0.22320138688240393,0.22320138688240393
6692,0.09635220077360579,6923,6698,0.2233135923732486,0.2233135923732486
6693,0.09631284643447667,6925,6699,0.22324909747292418,0.22324909747292418
6694,0.09626085358962808,6926,6700,0.22321686399075946,0.22321686399075946
6695,0.0962488088704236,6927,6701,0.22318463981521583,0.22318463981521583
6696,0.09621540963835276,6928,6702,0.22315242494226328,0.22315242494226328
6697,0.09621392898947093,6930,6703,0.22308802308802309,0.22308802308802309
6698,0.0962133395004329,6931,6704,0.22320011542345983,0.22320011542345983
6699,0.09619370461070505,6932,6705,0.22316791690709753,0.22316791690709753
6700,0.09618400944135211,6933,6706,0.22313572767921536,0.22313572767921536
6701,0.09616998874089303,6934,6707,0.22310354773579463,0.22310354773579463
6702,0.09616008524850167,6935,6708,0.22307137707281904,0.22307137707281904
6703,0.09613880524545212,6936,6709,0.22303921568627452,0.22303921568627452
6704,0.09610757427721969,6937,6710,0.22300706357214933,0.22300706357214933
6705,0.09610002943877637,6938,6711,0.22297492072643413,0.22297492072643413
6706,0.09608064689097263,6940,6712,0.2229106628242075,0.2229106628242075
6707,0.09598084533378201,6941,6713,0.2228785477596888,0.2228785477596888
6708,0.09597424928096736,6942,6714,0.22284644194756553,0.22284644194756553
6709,0.09596773257279971,6943,6715,0.22281434538383985,0.22281434538383985
6710,0.09588203044350135,6944,6716,0.22278225806451613,0.22278225806451613
6711,0.09586540021283965,6945,6717,0.22275017998560115,0.22275017998560115
6712,0.09585986990694753,6947,6718,0.22268605153303583,0.22268605153303583
6713,0.09579378954643707,6948,6719,0.22265400115141049,0.22265400115141049
6714,0.09578286700455106,6949,6720,0.22262195999424378,0.22262195999424378
6715,0.09576575913596588,6950,6721,0.22258992805755395,0.22258992805755395
6716,0.09576105304650644,6951,6722,0.22255790533736153,0.22255790533736153
6717,0.09571729109536302,6952,6723,0.2225258918296893,0.2225258918296893
6718,0.09568624731462896,6953,6724,0.22249388753056235,0.22249388753056235
6719,0.09567544076873452,6954,6725,0.22246189243600806,0.22246189243600806
6720,0.0956709175343172,6955,6726,0.22242990654205608,0.22242990654205608
6721,0.09566811029494193,6956,6727,0.22239792984473836,0.22239792984473836
6722,0.0956567118290433,6957,6728,0.22236596234008912,0.22236596234008912
6723,0.09561195246076716,6958,6729,0.22233400402414488,0.22233400402414488
6724,0.09559765659319187,6959,6730,0.22230205489294438,0.22230205489294438
6725,0.09558167518754296,6960,6731,0.22227011494252874,0.22227011494252874
6726,0.09556119948272872,6961,6732,0.22223818416894126,0.22223818416894126
6727,0.09555109728729268,6962,6733,0.2222062625682275,0.2222062625682275
6728,0.09552109214986665,6963,6734,0.22217435013643544,0.22217435013643544
6729,0.09551751724417407,6964,6735,0.22214244686961515,0.22214244686961515
6730,0.09550757371524836,6965,6736,0.2221105527638191,0.2221105527638191
6731,0.09547743513853679,6966,6737,0.2220786678151019,0.2220786678151019
6732,0.09545062795497034,6967,6738,0.2220467920195206,0.2220467920195206
6733,0.09541842013245055,6968,6739,0.22201492537313433,0.22201492537313433
6734,0.0954119384402106,6970,6740,0.22195121951219512,0.22195121951219512
6735,0.09535435908534906,6971,6741,0.2219193802897719,0.2219193802897719
6736,0.0953401013019036,6972,6742,0.22188755020080322,0.22188755020080322
6737,0.09530331796450768,6973,6743,0.22185572924135952,0.22185572924135952
6738,0.0952645893198702,6974,6744,0.22182391740751362,0.22182391740751362
6739,0.09525013292267027,6975,6745,0.2217921146953405,0.2217921146953405
6740,0.09524463509883094,6976,6746,0.22176032110091742,0.22176032110091742
6741,0.095240593248765,6977,6747,0.22172853662032393,0.22172853662032393
6742,0.09522903349194989,6978,6748,0.22169676124964174,0.22169676124964174
6743,0.09521652187953301,6979,6749,0.22166499498495487,0.22166499498495487
6744,0.09520681957753868,6981,6750,0.22160148975791433,0.22160148975791433
6745,0.09519904786412978,6982,6751,0.2215697507877399,0.2215697507877399
6746,0.09518590300533036,6983,6752,0.22153802090791924,0.22153802090791924
6747,0.09517982952624474,6984,6753,0.22150630011454753,0.22150630011454753
6748,0.09517293266471608,6985,6754,0.22147458840372225,0.22147458840372225
6749,0.09515570739034115,6986,6755,0.22144288577154309,0.22144288577154309
6750,0.09515202921482462,6987,6756,0.22141119221411193,0.22141119221411193
6751,0.09514513056448659,6988,6757,0.22137950772753293,0.22137950772753293
6752,0.09512875739852886,6989,6758,0.22134783230791244,0.22134783230791244
6753,0.09507474232036528,6990,6759,0.22131616595135908,0.22131616595135908
6754,0.09504636095575444,6992,6760,0.22125286041189932,0.22125286041189932
6755,0.09504086168382696,6993,6761,0.22136422136422138,0.22136422136422138
6756,0.09502058333744104,6994,6762,0.22133257077494994,0.22133257077494994
6757,0.09501127435579071,6995,6763,0.22130092923516798,0.22130092923516798
6758,0.09499494604301191,6996,6764,0.22126929674099485,0.22126929674099485
6759,0.0949763096100457,6997,6765,0.22123767328855223,0.22123767328855223
6760,0.09495709427833125,6998,6766,0.221206058873964,0.221206058873964
6761,0.09495543666612438,6999,6767,0.22117445349335618,0.22117445349335618
6762,0.09494781036891886,7000,6768,0.22114285714285714,0.22114285714285714
6763,0.09494765837471912,7001,6769,0.22111126981859736,0.22111126981859736
6764,0.09493838444412016,7002,6770,0.2212225078548986,0.2212225078548986
6765,0.09491518470427047,7003,6771,0.22119091817792375,0.22119091817792375
6766,0.09491141997380717,7004,6772,0.221302113078241,0.221302113078241
6767,0.09486717879676254,7005,6773,0.22127052105638828,0.22127052105638828
6768,0.09486043513042129,7006,6774,0.22138167285184127,0.22138167285184127
6769,0.09483218720387332,7007,6775,0.22135007849293564,0.22135007849293564
6770,0.09482331179349705,7008,6776,0.22131849315068494,0.22131849315068494
6771,0.09477828192493268,7010,6777,0.22125534950071327,0.22125534950071327
6772,0.09477461430595854,7011,6778,0.22122379118528027,0.22122379118528027
6773,0.09474200807104581,7012,6779,0.22119224187107814,0.22119224187107814
6774,0.09469594827461426,7013,6780,0.22116070155425638,0.22116070155425638
6775,0.09461596924315213,7014,6781,0.22112917023096665,0.22112917023096665
6776,0.09461448881409387,7015,6782,0.2210976478973628,0.2210976478973628
6777,0.09458481607622651,7016,6783,0.22106613454960092,0.22106613454960092
6778,0.09457912161304328,7017,6784,0.22103463018383926,0.22103463018383926
6779,0.09457068442691235,7018,6785,0.22100313479623823,0.22100313479623823
6780,0.09456369432337422,7020,6786,0.22094017094017093,0.22094017094017093
6781,0.09454032690954624,7021,6787,0.22090870246403646,0.22090870246403646
6782,0.09448218109158339,7022,6788,0.22087724295072628,0.22087724295072628
6783,0.09443955060215509,7024,6789,0.22081435079726652,0.22081435079726652
6784,0.09442588618315483,7025,6790,0.22078291814946618,0.22078291814946618
6785,0.09439559646679042,7026,6791,0.22075149444918873,0.22075149444918873
6786,0.09437203706225965,7027,6792,0.2207200796926142,0.2207200796926142
6787,0.09436566635162094,7029,6793,0.22065727699530516,0.22065727699530516
6788,0.09436171206648539,7030,6794,0.2206258890469417,0.2206258890469417
6789,0.09434385406753121,7031,6795,0.22059451002702318,0.22059451002702318
6790,0.09434184951804832,7032,6796,0.22056313993174062,0.22056313993174062
6791,0.09433576535277981,7034,6797,0.22050042649985782,0.22050042649985782
6792,0.09430321239073323,7035,6798,0.2204690831556503,0.2204690831556503
6793,0.09427686088888615,7036,6799,0.22043774872086414,0.22043774872086414
6794,0.09423215112919138,7038,6800,0.22037510656436488,0.22037510656436488
6795,0.09422614305277179,7039,6801,0.22048586446938487,0.22048586446938487
6796,0.09421866178714138,7040,6802,0.22045454545454546,0.22045454545454546
6797,0.0941822909192968,7041,6803,0.22042323533588978,0.22042323533588978
6798,0.09417398851431569,7042,6804,0.220533939221812,0.220533939221812
6799,0.09415102485609661,7043,6805,0.2205026267215675,0.2205026267215675
6800,0.0941386902076964,7044,6806,0.22047132311186826,0.22047132311186826
6801,0.09411811502559395,7046,6807,0.22040874254896395,0.22040874254896395
6802,0.09410390175307408,7047,6808,0.2205193699446573,0.2205193699446573
6803,0.09408073709929878,7048,6809,0.22048808172531215,0.22048808172531215
6804,0.09407712495747714,7049,6810,0.22045680238331677,0.22045680238331677
6805,0.09405318197019148,7050,6811,0.2204255319148936,0.2204255319148936
6806,0.09402246741446965,7051,6812,0.22039427031626718,0.22039427031626718
6807,0.09401107199260961,7052,6813,0.22036301758366422,0.22036301758366422
6808,0.09397068086646243,7053,6814,0.22033177371331347,0.22033177371331347
6809,0.0939695737422145,7054,6815,0.22030053870144597,0.22030053870144597
6810,0.0939529667508328,7055,6816,0.22026931254429483,0.22026931254429483
6811,0.09392215665336313,7056,6817,0.22023809523809523,0.22023809523809523
6812,0.093872751544488,7057,6818,0.2202068867790846,0.2202068867790846
6813,0.09385598121330245,7058,6819,0.22017568716350241,0.22017568716350241
6814,0.09385219666738068,7059,6820,0.22014449638759032,0.22014449638759032
6815,0.09382136046236393,7060,6821,0.22011331444759208,0.22011331444759208
6816,0.09378875445067172,7061,6822,0.22008214133975357,0.22008214133975357
6817,0.09375784955993095,7062,6823,0.22005097706032287,0.22005097706032287
6818,0.09375731526293003,7063,6824,0.22001982160555006,0.22001982160555006
6819,0.09375000479648572,7065,6825,0.2199575371549894,0.2199575371549894
6820,0.09374519384863403,7066,6826,0.21992640815171244,0.21992640815171244
6821,0.09373955437027284,7067,6827,0.2198952879581152,0.2198952879581152
6822,0.09373852966481618,7068,6828,0.22000565930956423,0.22000565930956423
6823,0.09370716372733291,7069,6829,0.21997453670957703,0.21997453670957703
6824,0.09368822698341929,7070,6830,0.21994342291371993,0.21994342291371993
6825,0.09367706407830764,7071,6831,0.21991231791825766,0.21991231791825766
6826,0.0936367746494509,7072,6832,0.219881221719457,0.219881221719457
6827,0.0936321263601188,7073,6833,0.21985013431358688,0.21985013431358688
6828,0.09361314024894442,7074,6834,0.2198190556969183,0.2198190556969183
6829,0.09359304917525375,7075,6835,0.21978798586572437,0.21978798586572437
6830,0.09356626993302389,7076,6836,0.2197569248162804,0.2197569248162804
6831,0.09356184421569651,7077,6837,0.21972587254486364,0.21972587254486364
6832,0.09350180827354507,7078,6838,0.21983611189601582,0.21983611189601582
6833,0.09348860573993104,7079,6839,0.21980505721147053,0.21980505721147053
6834,0.09348507562297459,7080,6840,0.21977401129943502,0.21977401129943502
6835,0.0934795538527774,7081,6841,0.21974297415619262,0.21974297415619262
6836,0.09347391561123251,7082,6842,0.2197119457780288,0.2197119457780288
6837,0.09346611065861299,7083,6843,0.2196809261612311,0.2196809261612311
6838,0.0934339083896597,7084,6844,0.21964991530208922,0.21964991530208922
6839,0.09342876307050693,7085,6845,0.21961891319689486,0.21961891319689486
6840,0.09342590020359183,7086,6846,0.21958791984194187,0.21958791984194187
6841,0.0934151786353989,7088,6847,0.21952595936794583,0.21952595936794583
6842,0.0934080341244214,7089,6848,0.21949499224150093,0.21949499224150093
6843,0.09337331300437733,7090,6849,0.21946403385049365,0.21946403385049365
6844,0.09336594916008109,7091,6850,0.2194330841912283,0.2194330841912283
6845,0.09334553681947332,7092,6851,0.21940214326001128,0.21940214326001128
6846,0.09333031810847317,7093,6852,0.219371211053151,0.219371211053151
6847,0.09332055053628667,7095,6853,0.2193093727977449,0.2193093727977449
6848,0.0933121303062137,7096,6854,0.21927846674182638,0.21927846674182638
6849,0.09330441065985588,7097,6855,0.21924756939551923,0.21924756939551923
6850,0.09329777170998575,7098,6856,0.2192166807551423,0.2192166807551423
6851,0.09323793518682372,7099,6857,0.21918580081701647,0.21918580081701647
6852,0.09323649083663657,7100,6858,0.2191549295774648,0.2191549295774648
6853,0.09319366437813935,7101,6859,0.2191240670328123,0.2191240670328123
6854,0.09319150070424237,7102,6860,0.2190932131793861,0.2190932131793861
6855,0.0931911500392248,7103,6861,0.21906236801351542,0.21906236801351542
6856,0.09313309586529712,7104,6862,0.21903153153153154,0.21903153153153154
6857,0.09312829270905218,7105,6863,0.21900070372976777,0.21900070372976777
6858,0.0931229461369288,7106,6864,0.21896988460455952,0.21896988460455952
6859,0.0930882535930746,7108,6865,0.21890827236916152,0.21890827236916152
6860,0.09307487673032257,7109,6866,0.21887747925165282,0.21887747925165282
6861,0.0930675768665577,7110,6867,0.2188466947960619,0.2188466947960619
6862,0.0930626076225872,7112,6868,0.218785151856018,0.218785151856018
6863,0.09304459906319108,7113,6869,0.2187543933642626,0.2187543933642626
6864,0.0930281751130829,7114,6870,0.21872364351982007,0.21872364351982007
6865,0.09297576736750787,7115,6871,0.21869290231904429,0.21869290231904429
6866,0.09295365680182002,7116,6872,0.21866216975829117,0.21866216975829117
6867,0.09293961886946109,7117,6873,0.21863144583391877,0.21863144583391877
6868,0.09292611782603669,7119,6874,0.21857002387975838,0.21857002387975838
6869,0.09292444014197455,7121,6875,0.21850863642746804,0.21850863642746804
6870,0.09292315674873801,7123,6876,0.2184472834479854,0.2184472834479854
6871,0.0928997063224196,7124,6877,0.21855699045480068,0.21855699045480068
6872,0.09288859347994843,7125,6878,0.21852631578947368,0.21852631578947368
6873,0.09288858616219,7126,6879,0.21849564973337077,0.21849564973337077
6874,0.09287795405342787,7127,6880,0.21846499228286798,0.21846499228286798
6875,0.09286894553548188,7128,6881,0.21843434343434343,0.21843434343434343
6876,0.09284921659189933,7129,6882,0.21840370318417732,0.21840370318417732
6877,0.09283956314856005,7130,6883,0.21837307152875177,0.21837307152875177
6878,0.09278850804175777,7131,6884,0.21848268125087644,0.21848268125087644
6879,0.09278700817127909,7132,6885,0.21845204711160965,0.21845204711160965
6880,0.0927380789857869,7133,6886,0.21842142156175523,0.21842142156175523
6881,0.09273342116980397,7134,6887,0.21839080459770116,0.21839080459770116
6882,0.09269814666044653,7136,6888,0.21832959641255606,0.21832959641255606
6883,0.09268604243487504,7137,6889,0.21829900518425108,0.21829900518425108
6884,0.09268129981379498,7138,6890,0.21826842252731857,0.21826842252731857
6885,0.09265215328299549,7139,6891,0.2182378484381566,0.2182378484381566
6886,0.0926384834853523,7140,6892,0.21820728291316527,0.21820728291316527
6887,0.09259349267125908,7141,6893,0.21817672594874668,0.21817672594874668
6888,0.09258674498337323,7142,6894,0.21814617754130497,0.21814617754130497
6889,0.09258446456034383,7143,6895,0.21811563768724626,0.21811563768724626
6890,0.09257097489086677,7144,6896,0.21808510638297873,0.21808510638297873
6891,0.09256169341248652,7145,6897,0.21805458362491253,0.21805458362491253
6892,0.09250518809127412,7146,6898,0.21802406940945984,0.21802406940945984
6893,0.09250225231050872,7147,6899,0.21799356373303483,0.21799356373303483
6894,0.09249926699599188,7148,6900,0.21796306659205372,0.21796306659205372
6895,0.09246621971189038,7149,6901,0.21793257798293467,0.21793257798293467
6896,0.09245634694087708,7150,6902,0.2179020979020979,0.2179020979020979
6897,0.09244524933362039,7151,6903,0.2178716263459656,0.2178716263459656
6898,0.09236116720075799,7152,6904,0.21784116331096195,0.21784116331096195
6899,0.09233042360650759,7153,6905,0.21781070879351322,0.21781070879351322
6900,0.09232936558911617,7154,6906,0.21778026279004753,0.21778026279004753
6901,0.09230708666491905,7156,6907,0.21771939631078815,0.21771939631078815
6902,0.09226715748227662,7157,6908,0.21768897582786084,0.21768897582786084
6903,0.09226229127897345,7158,6909,0.21765856384464935,0.21765856384464935
6904,0.09224400418399963,7159,6910,0.21762816035759183,0.21762816035759183
6905,0.09221452024387894,7160,6911,0.2175977653631285,0.2175977653631285
6906,0.09218968769058969,7162,6912,0.21753700083775482,0.21753700083775482
6907,0.0921852869380587,7163,6913,0.21750663129973474,0.21750663129973474
6908,0.0921671522676566,7164,6914,0.21747627024008934,0.21747627024008934
6909,0.09216627356958303,7165,6915,0.21744591765526866,0.21744591765526866
6910,0.09216091023424594,7166,6916,0.2174155735417248,0.2174155735417248
6911,0.09214406368034098,7168,6917,0.21735491071428573,0.21735491071428573
6912,0.0921438192262555,7169,6918,0.21746408146184962,0.21746408146184962
6913,0.09213630073894462,7170,6919,0.21743375174337518,0.21743375174337518
6914,0.09211824204029512,7171,6920,0.21754288104866826,0.21754288104866826
6915,0.09208739762322461,7172,6921,0.21751254880089235,0.21751254880089235
6916,0.0920860733094601,7173,6922,0.2174822250104559,0.2174822250104559
6917,0.09203671529425984,7174,6923,0.21745190967382214,0.21745190967382214
6918,0.09197693864359918,7175,6924,0.21742160278745645,0.21742160278745645
6919,0.09196137595697147,7176,6925,0.21739130434782608,0.21739130434782608
6920,0.09194814422393016,7177,6926,0.21736101435140032,0.21736101435140032
6921,0.09191990307115853,7178,6927,0.21733073279465032,0.21733073279465032
6922,0.0918945767358118,7179,6928,0.21730045967404932,0.21730045967404932
6923,0.09188569409009312,7180,6929,0.21727019498607242,0.21727019498607242
6924,0.09187491317223592,7181,6930,0.21723993872719677,0.21723993872719677
6925,0.09184906291006967,7182,6931,0.2172096908939014,0.2172096908939014
6926,0.09182427558526458,7183,6932,0.2171794514826674,0.2171794514826674
6927,0.09181839018221533,7184,6933,0.21714922048997773,0.21714922048997773
6928,0.09181439955168506,7185,6934,0.21711899791231734,0.21711899791231734
6929,0.09175787870846412,7186,6935,0.2170887837461731,0.2170887837461731
6930,0.09174740936069274,7187,6936,0.21705857798803396,0.21705857798803396
6931,0.09174661251388533,7188,6937,0.21702838063439064,0.21702838063439064
6932,0.09174069382115407,7189,6938,0.21699819168173598,0.21699819168173598
6933,0.09173094801774179,7190,6939,0.21696801112656466,0.21696801112656466
6934,0.09171485477348203,7191,6940,0.2169378389653734,0.2169378389653734
6935,0.09171336213227346,7192,6941,0.21690767519466073,0.21690767519466073
6936,0.09168314480564146,7193,6942,0.2168775198109273,0.2168775198109273
6937,0.09167720647907969,7194,6943,0.21684737281067556,0.21684737281067556
6938,0.09167049694328404,7196,6944,0.21678710394663703,0.21678710394663703
6939,0.09165683869715822,7197,6945,0.21675698207586494,0.21675698207586494
6940,0.09161896959332003,7198,6946,0.21672686857460405,0.21672686857460405
6941,0.09161314238295094,7199,6947,0.21669676343936659,0.21669676343936659
6942,0.09161309804068274,7200,6948,0.21666666666666667,0.21666666666666667
6943,0.09160240822407574,7201,6949,0.2166365782530204,0.2166365782530204
6944,0.09159634585474466,7202,6950,0.21660649819494585,0.21660649819494585
6945,0.09158365102000929,7203,6951,0.21657642648896294,0.21657642648896294
6946,0.09156884768863628,7204,6952,0.21654636313159356,0.21654636313159356
6947,0.09156279569175464,7205,6953,0.21665510062456628,0.21665510062456628
6948,0.09150944416168766,7206,6954,0.21662503469331112,0.21662503469331112
6949,0.09150149779397015,7207,6955,0.21659497710559178,0.21659497710559178
6950,0.09149914971696257,7208,6956,0.21656492785793563,0.21656492785793563
6951,0.09149232523678441,7209,6957,0.21653488694687198,0.21653488694687198
6952,0.09147634308004722,7212,6958,0.21644481419855796,0.21644481419855796
6953,0.09146842406180689,7213,6959,0.2164148065991959,0.2164148065991959
6954,0.09146073176174346,7214,6960,0.21638480731910176,0.21638480731910176
6955,0.09143115761663151,7215,6961,0.21635481635481635,0.21635481635481635
6956,0.09141801376749603,7216,6962,0.2163248337028825,0.2163248337028825
6957,0.09140476472246752,7217,6963,0.2162948593598448,0.2162948593598448
6958,0.0913940121589065,7218,6964,0.21640343585480742,0.21640343585480742
6959,0.09139226873655851,7219,6965,0.21637345892782933,0.21637345892782933
6960,0.09139084301337373,7220,6966,0.21634349030470915,0.21634349030470915
6961,0.09138384563260946,7221,6967,0.21631352998199696,0.21631352998199696
6962,0.09138218652303164,7222,6968,0.2162835779562448,0.2162835779562448
6963,0.09138170419426014,7223,6969,0.21625363422400665,0.21625363422400665
6964,0.09137983410196865,7224,6970,0.2162236987818383,0.2162236987818383
6965,0.09136952979539652,7225,6971,0.21633217993079584,0.21633217993079584
6966,0.0913529685661369,7228,6972,0.21624239070282236,0.21624239070282236
6967,0.09134620238208896,7229,6973,0.2162124775210956,0.2162124775210956
6968,0.09131673599257997,7230,6974,0.21632088520055326,0.21632088520055326
6969,0.09129833062841836,7231,6975,0.21629096943714562,0.21629096943714562
6970,0.09129311441434305,7232,6976,0.21626106194690264,0.21626106194690264
6971,0.09129277270574435,7233,6977,0.21636941794552744,0.21636941794552744
6972,0.09128187224380281,7234,6978,0.21647774398672934,0.21647774398672934
6973,0.0912606294746773,7235,6979,0.21644782308223912,0.21644782308223912
6974,0.0912571673777907,7236,6980,0.21641791044776118,0.21641791044776118
6975,0.09124847029351855,7237,6981,0.21638800607986736,0.21638800607986736
6976,0.09123545582802398,7238,6982,0.21635810997513125,0.21635810997513125
6977,0.0912243228258099,7239,6983,0.21632822213012848,0.21632822213012848
6978,0.09120597470879235,7240,6984,0.21629834254143646,0.21629834254143646
6979,0.09117534182559228,7241,6985,0.21626847120563458,0.21626847120563458
6980,0.09113333328148963,7242,6986,0.21623860811930407,0.21623860811930407
6981,0.09111591711926452,7243,6987,0.21620875327902803,0.21620875327902803
6982,0.0911081997130442,7244,6988,0.2161789066813915,0.2161789066813915
6983,0.09109764389800666,7245,6989,0.2162870945479641,0.2162870945479641
6984,0.09108792700796285,7246,6990,0.21625724537675958,0.21625724537675958
6985,0.09108682509999146,7247,6991,0.2162274044432179,0.2162274044432179
6986,0.0910769851783306,7248,6992,0.21619757174392937,0.21619757174392937
6987,0.0910712651413795,7250,6993,0.21613793103448276,0.21613793103448276
6988,0.09103832495826472,7251,6994,0.21610812301751484,0.21610812301751484
6989,0.09103429092995105,7252,6995,0.21607832322118037,0.21607832322118037
6990,0.09102357137374853,7255,6996,0.21598897312198484,0.21598897312198484
6991,0.09101495430099324,7256,6997,0.21595920617420067,0.21595920617420067
6992,0.09099299100797635,7257,6998,0.21592944743006753,0.21592944743006753
6993,0.09098107507883822,7258,6999,0.21589969688619454,0.21589969688619454
6994,0.090971736061059,7259,7000,0.21586995453919272,0.21586995453919272
6995,0.09096964220704701,7260,7001,0.2159779614325069,0.2159779614325069
6996,0.09088334012919592,7261,7002,0.2159482164991048,0.2159482164991048
6997,0.09088037941603681,7262,7003,0.21591847975764253,0.21591847975764253
6998,0.09082059860092806,7263,7004,0.21588875120473633,0.21588875120473633
6999,0.09077106161346027,7264,7005,0.2159966960352423,0.2159966960352423
7000,0.09076500452936954,7265,7006,0.21610461114934618,0.21610461114934618
7001,0.09073679515358192,7266,7007,0.21607486925406,0.21607486925406
7002,0.09071363275034601,7267,7008,0.2160451355442411,0.2160451355442411
7003,0.09070497981547238,7268,7009,0.21601541001651073,0.21601541001651073
7004,0.09066743376842007,7269,7010,0.2159856926674921,0.2159856926674921
7005,0.09060353265597725,7270,7011,0.21595598349381018,0.21595598349381018
7006,0.09057810826467899,7271,7012,0.21592628249209186,0.21592628249209186
7007,0.09054334633428417,7273,7013,0.21586690499106284,0.21586690499106284
7008,0.09054089713787507,7274,7014,0.21583722848501513,0.21583722848501513
7009,0.0905219662590735,7275,7015,0.21580756013745706,0.21580756013745706
7010,0.09048505652096057,7276,7016,0.21577789994502475,0.21577789994502475
7011,0.09046734278538439,7278,7017,0.21571860401209123,0.21571860401209123
7012,0.0904570590771616,7279,7018,0.21568896826487155,0.21568896826487155
7013,0.09043394398512972,7280,7019,0.21565934065934067,0.21565934065934067
7014,0.09042242057417019,7281,7020,0.21562972119214394,0.21562972119214394
7015,0.09040751527568067,7282,7021,0.2157374347706674,0.2157374347706674
7016,0.0904033639419822,7284,7022,0.2156781987918726,0.2156781987918726
7017,0.09040020997860157,7285,7023,0.21564859299931366,0.21564859299931366
7018,0.09039848343810168,7286,7024,0.21561899533351633,0.21561899533351633
7019,0.09039801565997507,7287,7025,0.2155894057911349,0.2155894057911349
7020,0.09039312422082661,7288,7026,0.21555982436882545,0.21555982436882545
7021,0.09038142876380854,7289,7027,0.215530251063246,0.215530251063246
7022,0.09038033040660093,7291,7028,0.21547112878891783,0.21547112878891783
7023,0.0903657326542754,7292,7029,0.21544157981349424,0.21544157981349424
7024,0.09036236589879637,7293,7030,0.2154120389414507,0.2154120389414507
7025,0.09032537641547243,7294,7031,0.21538250616945434,0.21538250616945434
7026,0.09029872771208523,7295,7032,0.2153529814941741,0.2153529814941741
7027,0.09029842057468226,7296,7033,0.21532346491228072,0.21532346491228072
7028,0.09027165844737962,7297,7034,0.21529395642044677,0.21529395642044677
7029,0.09025810852877786,7298,7035,0.2154014798574952,0.2154014798574952
7030,0.09024296570433714,7299,7036,0.21537196876284423,0.21537196876284423
7031,0.09021709074351532,7300,7037,0.21547945205479452,0.21547945205479452
7032,0.09020911181173481,7301,7038,0.2154499383646076,0.2154499383646076
7033,0.09020469553540818,7302,7039,0.21542043275814846,0.21542043275814846
7034,0.09019018220384507,7303,7040,0.2153909352320964,0.2153909352320964
7035,0.09015431952382336,7304,7041,0.21536144578313254,0.21536144578313254
7036,0.09011858154931654,7305,7042,0.21533196440793978,0.21533196440793978
7037,0.09009733166305939,7306,7043,0.21530249110320285,0.21530249110320285
7038,0.09009019243942759,7307,7044,0.21527302586560831,0.21527302586560831
7039,0.09007737837403812,7308,7045,0.21524356869184455,0.21524356869184455
7040,0.09006282082251536,7309,7046,0.21521411957860173,0.21521411957860173
7041,0.09006028738119208,7310,7047,0.2151846785225718,0.2151846785225718
7042,0.09003948052432571,7311,7048,0.21515524552044865,0.21515524552044865
7043,0.09003184641791227,7312,7049,0.21526258205689278,0.21526258205689278
7044,0.09002894260982314,7314,7050,0.21520371889526935,0.21520371889526935
7045,0.08999643931571653,7315,7051,0.2151742993848257,0.2151742993848257
7046,0.08998012516736656,7316,7052,0.21514488791689448,0.21514488791689448
7047,0.08997617964766944,7317,7053,0.21511548448817822,0.21511548448817822
7048,0.08995588250578826,7318,7054,0.21508608909538124,0.21508608909538124
7049,0.0899429697328115,7320,7055,0.21502732240437158,0.21502732240437158
7050,0.08992960338715793,7321,7056,0.21499795109957656,0.21499795109957656
7051,0.08990339940582019,7322,7057,0.2149685878175362,0.2149685878175362
7052,0.08988900237034209,7323,7058,0.2149392325549638,0.2149392325549638
7053,0.08987247082622819,7324,7059,0.21490988530857455,0.21490988530857455
7054,0.08987170409543656,7325,7060,0.2150170648464164,0.2150170648464164
7055,0.08986763071756253,7326,7061,0.21512421512421512,0.21512421512421512
7056,0.08986033295572626,7327,7062,0.21523133615395115,0.21523133615395115
7057,0.08982653531070282,7328,7063,0.21520196506550218,0.21520196506550218
7058,0.08981767952080189,7329,7064,0.21517260199208624,0.21517260199208624
7059,0.08981253926372201,7331,7065,0.21511389987723367,0.21511389987723367
7060,0.08977926454551025,7332,7066,0.21508456082924168,0.21508456082924168
7061,0.08975491389162898,7333,7067,0.21505522978317196,0.21505522978317196
7062,0.08974975053885649,7334,7068,0.21502590673575128,0.21502590673575128
7063,0.08974584505955475,7335,7069,0.21499659168370824,0.21499659168370824
7064,0.08973672824933984,7336,7070,0.21510359869138496,0.21510359869138496
7065,0.08973635164876535,7337,7071,0.21507428104129753,0.21507428104129753
7066,0.08973252852291067,7338,7072,0.21518124829653856,0.21518124829653856
7067,0.0897141513548763,7339,7073,0.2151519280555934,0.2151519280555934
7068,0.08968784068884446,7340,7074,0.21512261580381473,0.21512261580381473
7069,0.08968716131867727,7341,7075,0.21509331153793762,0.21509331153793762
7070,0.08968629480067468,7342,7076,0.21506401525469898,0.21506401525469898
7071,0.08968011763635936,7343,7077,0.21503472695083753,0.21503472695083753
7072,0.08966475683813539,7344,7078,0.21500544662309368,0.21500544662309368
7073,0.08965472352527434,7345,7079,0.21497617426820967,0.21497617426820967
7074,0.08964247984808792,7347,7080,0.2149176534639989,0.2149176534639989
7075,0.08962713761345611,7348,7081,0.2148884050081655,0.2148884050081655
7076,0.08959674879451224,7349,7082,0.21485916451217854,0.21485916451217854
7077,0.08956741582680969,7350,7083,0.21482993197278913,0.21482993197278913
7078,0.08954356421643853,7351,7084,0.2148007073867501,0.2148007073867501
7079,0.08951799115358873,7352,7085,0.2147714907508161,0.2147714907508161
7080,0.08950920565867625,7353,7086,0.2147422820617435,0.2147422820617435
7081,0.0894825313372545,7354,7087,0.21471308131629047,0.21471308131629047
7082,0.0894658994056812,7355,7088,0.21468388851121686,0.21468388851121686
7083,0.08944473134393029,7356,7089,0.2146547036432844,0.2146547036432844
7084,0.08944271605168157,7358,7090,0.21473226420222888,0.21473226420222888
7085,0.08939793851007082,7359,7091,0.21470308465824162,0.21470308465824162
7086,0.0893938186311772,7360,7092,0.21467391304347827,0.21467391304347827
7087,0.08938811236217059,7361,7093,0.21464474935470723,0.21464474935470723
7088,0.08933484298136464,7362,7094,0.21461559358869872,0.21461559358869872
7089,0.08932788317364339,7363,7095,0.21458644574222463,0.21458644574222463
7090,0.08932674031683745,7364,7096,0.21455730581205867,0.21455730581205867
7091,0.08927954807558197,7365,7097,0.21452817379497624,0.21452817379497624
7092,0.08926509435784524,7366,7098,0.21449904968775454,0.21449904968775454
7093,0.08926022853865816,7367,7099,0.21446993348717253,0.21446993348717253
7094,0.08925725782286836,7368,7100,0.21444082519001087,0.21444082519001087
7095,0.08924583009834469,7369,7101,0.21454742841633873,0.21454742841633873
7096,0.08924030676626797,7370,7102,0.21451831750339212,0.21451831750339212
7097,0.08921903887376778,7371,7103,0.21448921448921449,0.21448921448921449
7098,0.08921174482350762,7372,7104,0.21446011937059142,0.21446011937059142
7099,0.08913811606488754,7373,7105,0.21443103214431034,0.21443103214431034
7100,0.08913447398053999,7374,7106,0.2144019528071603,0.2144019528071603
7101,0.08912721756400918,7376,7107,0.21447939262472884,0.21447939262472884
7102,0.08912326243261726,7377,7108,0.21458587501694457,0.21458587501694457
7103,0.08912176532841104,7378,7109,0.21455679045811873,0.21455679045811873
7104,0.0890733647615192,7379,7110,0.21452771378235533,0.21452771378235533
7105,0.08906065001583352,7380,7111,0.21449864498644985,0.21449864498644985
7106,0.0890432924571074,7381,7112,0.21446958406719957,0.21446958406719957
7107,0.08903817742619101,7383,7113,0.21441148584586212,0.21441148584586212
7108,0.08902757266192506,7385,7114,0.2143534190927556,0.2143534190927556
7109,0.08901756016212935,7386,7115,0.21432439750880045,0.21432439750880045
7110,0.08901018594583804,7387,7116,0.2142953837823203,0.2142953837823203
7111,0.08899538213527594,7388,7117,0.21426637791012454,0.21426637791012454
7112,0.08896991112352907,7389,7118,0.21423737988902422,0.21423737988902422
7113,0.08893680710153887,7390,7119,0.2142083897158322,0.2142083897158322
7114,0.08890190976165584,7391,7120,0.21417940738736302,0.21417940738736302
7115,0.08889648067431716,7392,7121,0.2141504329004329,0.2141504329004329
7116,0.08889103093452895,7393,7122,0.21412146625185988,0.21412146625185988
7117,0.08889018796761923,7394,7123,0.21409250743846361,0.21409250743846361
7118,0.08888235807665525,7395,7124,0.21419878296146044,0.21419878296146044
7119,0.08887090222806321,7396,7125,0.21430502974580853,0.21430502974580853
7120,0.08886295758613953,7398,7126,0.21424709380913762,0.21424709380913762
7121,0.08885065998339321,7399,7127,0.2142181375861603,0.2142181375861603
7122,0.08881324066878046,7400,7128,0.2141891891891892,0.2141891891891892
7123,0.08880956427247708,7401,7129,0.214160248615052,0.214160248615052
7124,0.08880319863965686,7402,7130,0.2141313158605782,0.2141313158605782
7125,0.08868873066580275,7403,7131,0.21410239092259895,0.21410239092259895
7126,0.0886701282511684,7404,7132,0.2142085359265262,0.2142085359265262
7127,0.0886659484778507,7405,7133,0.21417960837272113,0.21417960837272113
7128,0.0886221701364384,7406,7134,0.21415068863083986,0.21415068863083986
7129,0.08861712777240031,7408,7135,0.21409287257019438,0.21409287257019438
7130,0.08860129319632612,7409,7136,0.2140639762451073,0.2140639762451073
7131,0.08856621671170471,7410,7137,0.21403508771929824,0.21403508771929824
7132,0.08852532079353094,7411,7138,0.21400620698961004,0.21400620698961004
7133,0.08850433697569333,7412,7139,0.2139773340528872,0.2139773340528872
7134,0.08849977948264909,7413,7140,0.213948468905976,0.213948468905976
7135,0.08849020359634498,7416,7141,0.21386192017259978,0.21386192017259978
7136,0.08845870692035976,7417,7142,0.2138330861534313,0.2138330861534313
7137,0.08844594657970968,7418,7143,0.21380425990833107,0.21380425990833107
7138,0.08838432057526042,7419,7144,0.21377544143415556,0.21377544143415556
7139,0.0883755762297955,7421,7145,0.21371782778601267,0.21371782778601267
7140,0.08837264346950731,7422,7146,0.21368903260576663,0.21368903260576663
7141,0.08837081298783078,7423,7147,0.2136602451838879,0.2136602451838879
7142,0.0883649240289256,7424,7148,0.21363146551724138,0.21363146551724138
7143,0.08834653912395042,7425,7149,0.2136026936026936,0.2136026936026936
7144,0.08828979539627695,7426,7150,0.21357392943711284,0.21357392943711284
7145,0.08828502850115624,7427,7151,0.21354517301736906,0.21354517301736906
7146,0.0882720973674816,7428,7152,0.21351642434033388,0.21351642434033388
7147,0.0882685776801087,7429,7153,0.2134876834028806,0.2134876834028806
7148,0.088254103400051,7430,7154,0.21345895020188424,0.21345895020188424
7149,0.08825118685847863,7431,7155,0.2134302247342215,0.2134302247342215
7150,0.0882405550785037,7432,7156,0.21353606027987082,0.21353606027987082
7151,0.08821396396376682,7433,7157,0.21350733216736176,0.21350733216736176
7152,0.0882136950339096,7435,7158,0.21344989912575657,0.21344989912575657
7153,0.08820107997133173,7436,7159,0.21342119419042496,0.21342119419042496
7154,0.0881030147227023,7438,7160,0.21349825221833826,0.21349825221833826
7155,0.08806498596194424,7439,7161,0.21360397902943945,0.21360397902943945
7156,0.08805335648542247,7440,7162,0.2135752688172043,0.2135752688172043
7157,0.08804580861943508,7441,7163,0.21354656632173094,0.21354656632173094
7158,0.08804368476430584,7443,7164,0.21348918446862825,0.21348918446862825
7159,0.08804022395177646,7444,7165,0.21346050510478237,0.21346050510478237
7160,0.08801462976600352,7445,7166,0.21343183344526528,0.21343183344526528
7161,0.08801333829737167,7446,7167,0.21340316948697288,0.21340316948697288
7162,0.08799471995330597,7447,7168,0.21337451322680273,0.21337451322680273
7163,0.0879852775021266,7448,7169,0.21334586466165414,0.21334586466165414
7164,0.08796856058978499,7449,7170,0.213317223788428,0.213317223788428
7165,0.087938905576056,7450,7171,0.21328859060402686,0.21328859060402686
7166,0.08792272357136328,7451,7172,0.213259965105355,0.213259965105355
7167,0.08790166956976758,7453,7173,0.21320273715282437,0.21320273715282437
7168,0.08787328928904098,7454,7174,0.2131741346927824,0.2131741346927824
7169,0.08785897368777391,7455,7175,0.21327967806841047,0.21327967806841047
7170,0.08784917454484334,7456,7176,0.21325107296137338,0.21325107296137338
7171,0.08783261098723451,7457,7177,0.21322247552635107,0.21322247552635107
7172,0.08782674359568592,7458,7178,0.21319388576025744,0.21319388576025744
7173,0.0878169843092226,7459,7179,0.21316530366000805,0.21316530366000805
7174,0.08781344559188987,7460,7180,0.2131367292225201,0.2131367292225201
7175,0.08780866765354291,7461,7181,0.2131081624447125,0.2131081624447125
7176,0.08780810513457726,7462,7182,0.21307960332350576,0.21307960332350576
7177,0.08779992447615144,7463,7183,0.21305105185582204,0.21305105185582204
7178,0.0877718092892645,7465,7184,0.21299397186872068,0.21299397186872068
7179,0.08776847259046618,7466,7185,0.21296544334315565,0.21296544334315565
7180,0.08776780807129064,7467,7186,0.2129369224588188,0.2129369224588188
7181,0.08771388537467262,7468,7187,0.2129084092126406,0.2129084092126406
7182,0.0877104975885083,7469,7188,0.2128799036015531,0.2128799036015531
7183,0.0877092673696183,7470,7189,0.21285140562248997,0.21285140562248997
7184,0.08769326183180953,7471,7190,0.21282291527238656,0.21282291527238656
7185,0.08768924434505884,7472,7191,0.21279443254817987,0.21279443254817987
7186,0.08768341361353572,7473,7192,0.2127659574468085,0.2127659574468085
7187,0.08760905434352873,7474,7193,0.21273748996521274,0.21273748996521274
7188,0.08759580024773192,7475,7194,0.21270903010033446,0.21270903010033446
7189,0.08756414631653757,7476,7195,0.21268057784911718,0.21268057784911718
7190,0.08752292623389292,7477,7196,0.21278587668851143,0.21278587668851143
7191,0.08750429477518103,7478,7197,0.21289114736560577,0.21289114736560577
7192,0.08748977633622687,7479,7198,0.2128626821767616,0.2128626821767616
7193,0.0874894046021581,7480,7199,0.21283422459893048,0.21283422459893048
7194,0.08748436795281711,7481,7200,0.21280577462906028,0.21280577462906028
7195,0.08746800387054317,7482,7201,0.21291098636728148,0.21291098636728148
7196,0.08744143819431721,7483,7202,0.21288253374315114,0.21288253374315114
7197,0.08743319524254427,7484,7203,0.21285408872260822,0.21285408872260822
7198,0.08743185911020801,7485,7204,0.21282565130260522,0.21282565130260522
7199,0.08742653661973236,7486,7205,0.21279722148009617,0.21279722148009617
7200,0.08742570949386465,7487,7206,0.21276879925203687,0.21276879925203687
7201,0.08741573405466645,7488,7207,0.2127403846153846,0.2127403846153846
7202,0.08741311626625849,7489,7208,0.21271197756709842,0.21271197756709842
7203,0.08737697938850941,7490,7209,0.21268357810413885,0.21268357810413885
7204,0.0873499183703657,7491,7210,0.21265518622346816,0.21265518622346816
7205,0.08734062886936733,7493,7211,0.2125984251968504,0.2125984251968504
7206,0.08732577611856304,7494,7212,0.21257005604483586,0.21257005604483586
7207,0.0873074336377021,7495,7213,0.21254169446297533,0.21254169446297533
7208,0.08730535827360278,7497,7214,0.21248499399759904,0.21248499399759904
7209,0.0872992809181328,7498,7215,0.2124566551080288,0.2124566551080288
7210,0.08725504759159718,7499,7216,0.21242832377650353,0.21242832377650353
7211,0.08724899729209747,7500,7217,0.2124,0.2124
7212,0.08724686725440658,7501,7218,0.2123716837754966,0.2123716837754966
7213,0.08712777297260527,7502,7219,0.21234337509997334,0.21234337509997334
7214,0.087127517303849,7503,7220,0.21231507397041183,0.21231507397041183
7215,0.08711476949889675,7504,7221,0.2122867803837953,0.2122867803837953
7216,0.08710204895816752,7505,7222,0.21225849433710858,0.21225849433710858
7217,0.08709721226357553,7506,7223,0.21223021582733814,0.21223021582733814
7218,0.08707436061856319,7507,7224,0.21220194485147195,0.21220194485147195
7219,0.0870741098299746,7508,7225,0.21217368140649973,0.21217368140649973
7220,0.08707265403271221,7509,7226,0.2121454254894127,0.2121454254894127
7221,0.08705022612662551,7510,7227,0.21211717709720374,0.21211717709720374
7222,0.08704206447179215,7511,7228,0.21208893622686725,0.21208893622686725
7223,0.08702467834977966,7512,7229,0.21206070287539935,0.21206070287539935
7224,0.08701107604140218,7513,7230,0.2120324770397977,0.2120324770397977
7225,0.08700344078425791,7514,7231,0.2121373436252329,0.2121373436252329
7226,0.08699650625277203,7515,7232,0.21210911510312708,0.21210911510312708
7227,0.08696988354900034,7516,7233,0.21208089409260245,0.21208089409260245
7228,0.08691441493889772,7517,7234,0.21218571238526007,0.21218571238526007
7229,0.08691399246556243,7518,7235,0.21215748869380155,0.21215748869380155
7230,0.08690321375830205,7519,7236,0.21212927250964225,0.21212927250964225
7231,0.08688674882638182,7520,7237,0.21210106382978725,0.21210106382978725
7232,0.08684091850498935,7521,7238,0.2120728626512432,0.2120728626512432
7233,0.08683264531211089,7522,7239,0.21204466897101834,0.21204466897101834
7234,0.08682340822099545,7523,7240,0.21201648278612256,0.21201648278612256
7235,0.08679508998638992,7524,7241,0.21198830409356725,0.21198830409356725
7236,0.08679079596359285,7525,7242,0.21196013289036544,0.21196013289036544
7237,0.08673572269284377,7527,7243,0.21190381294008237,0.21190381294008237
7238,0.08672733201642144,7529,7244,0.2118475229114092,0.2118475229114092
7239,0.08671023864629032,7531,7245,0.21179126278050725,0.21179126278050725
7240,0.08668772595267553,7532,7246,0.21176314391927775,0.21176314391927775
7241,0.0866790670415068,7533,7247,0.2118677817602549,0.2118677817602549
7242,0.08667892819134962,7534,7248,0.21197239182373243,0.21197239182373243
7243,0.08667652703339077,7535,7249,0.2119442601194426,0.2119442601194426
7244,0.0866710320178435,7536,7250,0.21204883227176222,0.21204883227176222
7245,0.08666823445495626,7537,7251,0.2120206978904073,0.2120206978904073
7246,0.08665559966250765,7538,7252,0.21199257097373309,0.21199257097373309
7247,0.08665513664491549,7539,7253,0.21196445151876905,0.21196445151876905
7248,0.08656671612761535,7540,7254,0.21193633952254642,0.21193633952254642
7249,0.0865301142783082,7541,7255,0.21190823498209788,0.21190823498209788
7250,0.08649343298018024,7542,7256,0.2118801378944577,0.2118801378944577
7251,0.08648052895202628,7543,7257,0.21185204825666182,0.21185204825666182
7252,0.08647917649232585,7544,7258,0.2118239660657476,0.2118239660657476
7253,0.08647259304903811,7545,7259,0.21179589131875415,0.21179589131875415
7254,0.08646215019710958,7547,7260,0.21173976414469325,0.21173976414469325
7255,0.08643450727290908,7548,7261,0.21171171171171171,0.21171171171171171
7256,0.08641109465480744,7549,7262,0.21168366671082262,0.21168366671082262
7257,0.08638933047760267,7550,7263,0.21165562913907285,0.21165562913907285
7258,0.08635509451224246,7551,7264,0.2116275989935108,0.2116275989935108
7259,0.08632238125488846,7552,7265,0.21159957627118645,0.21159957627118645
7260,0.0862740697277368,7553,7266,0.21157156096915133,0.21157156096915133
7261,0.08621335531831384,7554,7267,0.21154355308445857,0.21154355308445857
7262,0.08620417205979321,7555,7268,0.2115155526141628,0.2115155526141628
7263,0.08619893702097833,7556,7269,0.21148755955532028,0.21148755955532028
7264,0.08614152166296188,7557,7270,0.21145957390498876,0.21145957390498876
7265,0.08611031703348568,7558,7271,0.21143159566022757,0.21143159566022757
7266,0.08610775032783377,7559,7272,0.21140362481809763,0.21140362481809763
7267,0.08609389642978653,7560,7273,0.21137566137566138,0.21137566137566138
7268,0.0860560401410416,7561,7274,0.21134770532998282,0.21134770532998282
7269,0.08600095530357975,7562,7275,0.21131975667812747,0.21131975667812747
7270,0.0859970896816039,7563,7276,0.2112918154171625,0.2112918154171625
7271,0.08599323099122123,7564,7277,0.21126388154415654,0.21126388154415654
7272,0.0859866367756215,7565,7278,0.21123595505617979,0.21123595505617979
7273,0.08596935058759253,7566,7279,0.211208035950304,0.211208035950304
7274,0.08595662836573827,7567,7280,0.2111801242236025,0.2111801242236025
7275,0.08594639904917517,7568,7281,0.2111522198731501,0.2111522198731501
7276,0.08594000370256308,7569,7282,0.21112432289602326,0.21112432289602326
7277,0.08592670361076432,7570,7283,0.21122853368560104,0.21122853368560104
7278,0.08589390451475139,7571,7284,0.21120063399815084,0.21120063399815084
7279,0.08586465857917912,7572,7285,0.2111727416798732,0.2111727416798732
7280,0.08585991502206174,7573,7286,0.21114485672784894,0.21114485672784894
7281,0.08584501540191819,7574,7287,0.21111697913916028,0.21111697913916028
7282,0.08584386209044763,7575,7288,0.21122112211221122,0.21122112211221122
7283,0.08577620360571879,7576,7289,0.21119324181626187,0.21119324181626187
7284,0.08576861836520105,7577,7290,0.21116536887950377,0.21116536887950377
7285,0.08576430864265734,7578,7291,0.21113750329902348,0.21113750329902348
7286,0.08575790941957692,7579,7292,0.2111096450719092,0.2111096450719092
7287,0.08569021157134682,7580,7293,0.21108179419525067,0.21108179419525067
7288,0.08568937034018759,7581,7294,0.21105395066613902,0.21105395066613902
7289,0.08567950108467166,7583,7295,0.2109982856389292,0.2109982856389292
7290,0.08567353439543843,7584,7296,0.2109704641350211,0.2109704641350211
7291,0.08566914665373968,7585,7297,0.2109426499670402,0.2109426499670402
7292,0.08566091877713895,7586,7298,0.21091484313208542,0.21091484313208542
7293,0.0856607978136795,7587,7299,0.2110188480295242,0.2110188480295242
7294,0.08565817632398129,7588,7300,0.2109910384818134,0.2109910384818134
7295,0.08565025764024103,7589,7301,0.21096323626301225,0.21096323626301225
7296,0.08564089571337764,7590,7302,0.210935441370224,0.210935441370224
7297,0.08562873774279163,7591,7303,0.2109076538005533,0.2109076538005533
7298,0.08562362960619069,7592,7304,0.21087987355110643,0.21087987355110643
7299,0.0856215999426076,7593,7305,0.21085210061899118,0.21085210061899118
7300,0.08559063430867973,7594,7306,0.21082433500131684,0.21082433500131684
7301,0.0855827717238769,7595,7307,0.2107965766951942,0.2107965766951942
7302,0.08557881239937545,7596,7308,0.21076882569773564,0.21076882569773564
7303,0.08556382621925619,7597,7309,0.210741082006055,0.210741082006055
7304,0.08555850052947044,7598,7310,0.2107133456172677,0.2107133456172677
7305,0.0855562145714475,7599,7311,0.2106856165284906,0.2106856165284906
7306,0.08554634381100004,7601,7312,0.2106301802394422,0.2106301802394422
7307,0.08554342377872003,7602,7313,0.21060247303341226,0.21060247303341226
7308,0.08554033040329931,7603,7314,0.2105747731158753,0.2105747731158753
7309,0.08552697141948272,7604,7315,0.21054708048395582,0.21054708048395582
7310,0.08552354901789229,7605,7316,0.21051939513477974,0.21051939513477974
7311,0.08551451560199637,7606,7317,0.21049171706547462,0.21049171706547462
7312,0.08547194137767239,7607,7318,0.21046404627316945,0.21046404627316945
7313,0.08535546093473453,7608,7319,0.21043638275499474,0.21043638275499474
7314,0.08531738950491152,7609,7320,0.21040872650808254,0.21040872650808254
7315,0.08529189577048091,7610,7321,0.21038107752956636,0.21038107752956636
7316,0.0852910276894828,7611,7322,0.21035343581658125,0.21035343581658125
7317,0.08526261622752905,7612,7323,0.2103258013662638,0.2103258013662638
7318,0.08520739927432013,7613,7324,0.210298174175752,0.210298174175752
7319,0.08520394701730748,7614,7325,0.21027055424218544,0.21027055424218544
7320,0.08519067482742698,7615,7326,0.21024294156270518,0.21024294156270518
7321,0.08517594087579526,7616,7327,0.21021533613445378,0.21021533613445378
7322,0.0851517012164195,7617,7328,0.2101877379545753,0.2101877379545753
7323,0.08514451950847553,7618,7329,0.2101601470202153,0.2101601470202153
7324,0.08512992903749492,7619,7330,0.21026381414883843,0.21026381414883843
7325,0.08511095962660686,7620,7331,0.21023622047244095,0.21023622047244095
7326,0.0851090196021924,7621,7332,0.21020863403752788,0.21020863403752788
7327,0.08510351387183893,7622,7333,0.21018105484124902,0.21018105484124902
7328,0.08509825350898081,7623,7334,0.2101534828807556,0.2101534828807556
7329,0.0850597697112816,7624,7335,0.21012591815320042,0.21012591815320042
7330,0.08504988131958814,7625,7336,0.2100983606557377,0.2100983606557377
7331,0.08503715051372791,7626,7337,0.2102019407290847,0.2102019407290847
7332,0.08502796053175603,7627,7338,0.2101743804903632,0.2101743804903632
7333,0.08502675157741885,7628,7339,0.21014682747771368,0.21014682747771368
7334,0.08502035692392025,7629,7340,0.21011928168829466,0.21011928168829466
7335,0.08501682216166548,7630,7341,0.21009174311926607,0.21009174311926607
7336,0.08501367837178228,7631,7342,0.21006421176778928,0.21006421176778928
7337,0.08501166809789183,7632,7343,0.21003668763102726,0.21003668763102726
7338,0.0850048718878843,7633,7344,0.21000917070614436,0.21000917070614436
7339,0.08499782186577523,7634,7345,0.20998166099030652,0.20998166099030652
7340,0.08494225891029597,7635,7346,0.20995415848068108,0.20995415848068108
7341,0.08490087308531778,7636,7347,0.20992666317443687,0.20992666317443687
7342,0.08485896533172847,7637,7348,0.21003011653790757,0.21003011653790757
7343,0.08482990893853488,7638,7349,0.2100026184865148,0.2100026184865148
7344,0.08482833532816351,7640,7350,0.2099476439790576,0.2099476439790576
7345,0.08482772968554927,7641,7351,0.21005104043973302,0.21005104043973302
7346,0.08480518870811193,7642,7352,0.21002355404344414,0.21002355404344414
7347,0.08480448656519603,7643,7353,0.20999607483972263,0.20999607483972263
7348,0.0847415210997227,7644,7354,0.20996860282574567,0.20996860282574567
7349,0.08473833538236193,7645,7355,0.20994113799869196,0.20994113799869196
7350,0.08473079575616496,7646,7356,0.20991368035574157,0.20991368035574157
7351,0.08472477846547137,7647,7357,0.2098862298940761,0.2098862298940761
7352,0.08471259370285585,7648,7358,0.20985878661087867,0.20985878661087867
7353,0.08471076534616913,7649,7359,0.20983135050333376,0.20983135050333376
7354,0.08467500372695594,7650,7360,0.20980392156862746,0.20980392156862746
7355,0.08466253169589646,7651,7361,0.20990720167298393,0.20990720167298393
7356,0.08458197822858803,7652,7362,0.20987976999477262,0.20987976999477262
7357,0.08447162704937453,7653,7363,0.20985234548543055,0.20985234548543055
7358,0.08446247806413165,7654,7364,0.2098249281421479,0.2098249281421479
7359,0.08444673736654829,7655,7365,0.20979751796211626,0.20979751796211626
7360,0.08444254223892812,7656,7366,0.20977011494252873,0.20977011494252873
7361,0.08442664867576376,7657,7367,0.20974271908057987,0.20974271908057987
7362,0.08439742069639349,7658,7368,0.20971533037346565,0.20971533037346565
7363,0.08438835277521597,7659,7369,0.2096879488183836,0.2096879488183836
7364,0.08437188512084556,7660,7370,0.20966057441253264,0.20966057441253264
7365,0.08436596248632709,7661,7371,0.20963320715311318,0.20963320715311318
7366,0.084325915711208,7662,7372,0.20960584703732707,0.20960584703732707
7367,0.08426189743667997,7663,7373,0.20957849406237766,0.20957849406237766
7368,0.08423706584873336,7664,7374,0.20955114822546972,0.20955114822546972
7369,0.08423110125113696,7665,7375,0.20952380952380953,0.20952380952380953
7370,0.08422893160387539,7666,7376,0.20962692408035483,0.20962692408035483
7371,0.08418043215542022,7667,7377,0.2095995826268423,0.2095995826268423
7372,0.084171345067884,7668,7378,0.20957224830464266,0.20957224830464266
7373,0.08416347567687552,7669,7379,0.20954492111096623,0.20954492111096623
7374,0.08416288500858757,7670,7380,0.20951760104302478,0.20951760104302478
7375,0.08415434130371213,7671,7381,0.20949028809803155,0.20949028809803155
7376,0.08411379436137865,7672,7382,0.20946298227320126,0.20946298227320126
7377,0.08411207212187521,7673,7383,0.20943568356575004,0.20943568356575004
7378,0.08403824184251209,7674,7384,0.20940839197289549,0.20940839197289549
7379,0.08401325071469684,7675,7385,0.20938110749185668,0.20938110749185668
7380,0.08401163508328899,7676,7386,0.2093538301198541,0.2093538301198541
7381,0.0840103796476827,7677,7387,0.20932655985410967,0.20932655985410967
7382,0.08400470952433588,7678,7388,0.20929929669184683,0.20929929669184683
7383,0.08398064237052817,7679,7389,0.2092720406302904,0.2092720406302904
7384,0.08396819212137673,7680,7390,0.209375,0.209375
7385,0.08395645467941186,7681,7391,0.20934774117953392,0.20934774117953392
7386,0.0839515643113053,7682,7392,0.20932048945587087,0.20932048945587087
7387,0.08392374188833435,7683,7393,0.20929324482623976,0.20929324482623976
7388,0.08389179098353712,7684,7394,0.2092660072878709,0.2092660072878709
7389,0.08388892347305285,7685,7395,0.2092387768379961,0.2092387768379961
7390,0.08387058044168388,7686,7396,0.20921155347384857,0.20921155347384857
7391,0.08385040511533708,7687,7397,0.20918433719266294,0.20918433719266294
7392,0.08384100254169777,7689,7398,0.2091299258681233,0.2091299258681233
7393,0.08383816111048287,7691,7399,0.2090755428422832,0.2090755428422832
7394,0.0838269394940773,7694,7400,0.20899402131531064,0.20899402131531064
7395,0.08381534125798831,7695,7401,0.20896686159844055,0.20896686159844055
7396,0.08378721011058379,7696,7402,0.20893970893970895,0.20893970893970895
7397,0.08377180613863273,7697,7403,0.20891256333636482,0.20891256333636482
7398,0.08376505185684069,7699,7404,0.20885829328484218,0.20885829328484218
7399,0.08373115510469269,7701,7405,0.20880405142189326,0.20880405142189326
7400,0.08368802768350161,7702,7406,0.2089067774603999,0.2089067774603999
7401,0.08365091389547362,7703,7407,0.20887965727638583,0.20887965727638583
7402,0.08359151498852326,7704,7408,0.20885254413291796,0.20885254413291796
7403,0.08358171627585947,7705,7409,0.20882543802725503,0.20882543802725503
7404,0.08355524866465076,7706,7410,0.20879833895665714,0.20879833895665714
7405,0.0835265462432164,7707,7411,0.2087712469183859,0.2087712469183859
7406,0.08352600575479394,7708,7412,0.2087441619097042,0.2087441619097042
7407,0.0835158704025632,7709,7413,0.208846802438708,0.208846802438708
7408,0.08350679611975037,7710,7414,0.20881971465629054,0.20881971465629054
7409,0.08349438588503891,7711,7415,0.2087926338996239,0.2087926338996239
7410,0.0834864101291961,7712,7416,0.2087655601659751,0.2087655601659751
7411,0.08347642676655039,7713,7417,0.20873849345261247,0.20873849345261247
7412,0.08346854459702394,7714,7418,0.20871143375680581,0.20871143375680581
7413,0.08346816583447975,7715,7419,0.20868438107582632,0.20868438107582632
7414,0.08345499775589016,7717,7420,0.2086302967474407,0.2086302967474407
7415,0.08344845284530998,7718,7421,0.2086032650945841,0.2086032650945841
7416,0.08343921942320899,7719,7422,0.2085762404456536,0.2085762404456536
7417,0.08342843371067081,7720,7423,0.20854922279792745,0.20854922279792745
7418,0.08342535859096052,7721,7424,0.2085222121486854,0.2085222121486854
7419,0.08340755589302086,7722,7425,0.2084952084952085,0.2084952084952085
7420,0.08339727034548848,7723,7426,0.20846821183477923,0.20846821183477923
7421,0.08337007009021187,7724,7427,0.2084412221646815,0.2084412221646815
7422,0.08335342727198901,7725,7428,0.20841423948220064,0.20841423948220064
7423,0.08332574804856212,7726,7429,0.20838726378462336,0.20838726378462336
7424,0.0833215285759947,7727,7430,0.20836029506923773,0.20836029506923773
7425,0.08329036386152656,7728,7431,0.20833333333333334,0.20833333333333334
7426,0.08327912540888228,7729,7432,0.20830637857420106,0.20830637857420106
7427,0.0832645855587866,7730,7433,0.20827943078913325,0.20827943078913325
7428,0.08326250102065809,7731,7434,0.20825248997542362,0.20825248997542362
7429,0.08323770410698911,7732,7435,0.2082255561303673,0.2082255561303673
7430,0.0832334390541246,7733,7436,0.20819862925126084,0.20819862925126084
7431,0.08322117585683662,7734,7437,0.20817170933540213,0.20817170933540213
7432,0.08319312910664922,7735,7438,0.20827407886231417,0.20827407886231417
7433,0.08319168127461547,7736,7439,0.20824715615305067,0.20824715615305067
7434,0.08313046608622386,7737,7440,0.20822024040325707,0.20822024040325707
7435,0.08312190536024265,7739,7441,0.20816642977128827,0.20816642977128827
7436,0.08308415334327919,7740,7442,0.20813953488372092,0.20813953488372092
7437,0.0830500655339999,7742,7443,0.2080857659519504,0.2080857659519504
7438,0.0830101674074692,7743,7444,0.20805889190236343,0.20805889190236343
7439,0.08300262586491743,7744,7445,0.20803202479338842,0.20803202479338842
7440,0.08297443420457866,7745,7446,0.20800516462233698,0.20800516462233698
7441,0.08296169493465516,7746,7447,0.20797831138652206,0.20797831138652206
7442,0.08293795045716125,7747,7448,0.20795146508325804,0.20795146508325804
7443,0.0829357139084842,7748,7449,0.20792462570986062,0.20792462570986062
7444,0.08291317423314243,7749,7450,0.20789779326364694,0.20789779326364694
7445,0.08287169270485784,7750,7451,0.20787096774193548,0.20787096774193548
7446,0.08286189089152894,7751,7452,0.2078441491420462,0.2078441491420462
7447,0.08286019897125964,7752,7453,0.20781733746130032,0.20781733746130032
7448,0.08285882572465547,7753,7454,0.2077905326970205,0.2077905326970205
7449,0.08283640925752074,7754,7455,0.20776373484653082,0.20776373484653082
7450,0.08282748873751855,7755,7456,0.20773694390715666,0.20773694390715666
7451,0.08282678678536898,7756,7457,0.20771015987622485,0.20771015987622485
7452,0.08279718497614513,7757,7458,0.20768338275106354,0.20768338275106354
7453,0.08278419639443566,7758,7459,0.20765661252900233,0.20765661252900233
7454,0.08278045174887969,7759,7460,0.2076298492073721,0.2076298492073721
7455,0.08274832536077552,7761,7461,0.2075763432547352,0.2075763432547352
7456,0.08269273522395856,7763,7462,0.2075228648718279,0.2075228648718279
7457,0.08266388567293861,7764,7463,0.20749613601236477,0.20749613601236477
7458,0.08261282724600863,7765,7464,0.20746941403734706,0.20746941403734706
7459,0.08260825135771278,7766,7465,0.20744269894411538,0.20744269894411538
7460,0.08257799094532216,7767,7466,0.2074159907300116,0.2074159907300116
7461,0.0825637975704562,7768,7467,0.207389289392379,0.207389289392379
7462,0.08250165991385561,7769,7468,0.20736259492856224,0.20736259492856224
7463,0.08248509753729501,7770,7469,0.20733590733590734,0.20733590733590734
7464,0.08247477339089265,7771,7470,0.20730922661176168,0.20730922661176168
7465,0.08246833505810577,7772,7471,0.20728255275347401,0.20728255275347401
7466,0.08245313556465907,7774,7472,0.20722922562387444,0.20722922562387444
7467,0.08241908149156042,7775,7473,0.20720257234726688,0.20720257234726688
7468,0.0824038734115919,7776,7474,0.20730452674897118,0.20730452674897118
7469,0.08238863247439895,7777,7475,0.20727787064420727,0.20727787064420727
7470,0.0823886160903442,7778,7476,0.20737978914888147,0.20737978914888147
7471,0.08235313499689027,7779,7477,0.20735313022239363,0.20735313022239363
7472,0.08232992855896791,7780,7478,0.20732647814910027,0.20732647814910027
7473,0.08232892615761846,7781,7479,0.2072998329263591,0.2072998329263591
7474,0.08232662329996633,7782,7480,0.20727319455152918,0.20727319455152918
7475,0.08232307507888663,7784,7481,0.20721993833504626,0.20721993833504626
7476,0.08231356801163764,7786,7482,0.20716670947855126,0.20716670947855126
7477,0.0823046050948367,7787,7483,0.20714010530371132,0.20714010530371132
7478,0.08230030673026076,7788,7484,0.2071135079609656,0.2071135079609656
7479,0.08229100595092147,7789,7485,0.20708691744768262,0.20708691744768262
7480,0.08229036614286925,7790,7486,0.20706033376123234,0.20706033376123234
7481,0.0822900068112373,7791,7487,0.2071621101270697,0.2071621101270697
7482,0.08228801137741605,7792,7488,0.20713552361396304,0.20713552361396304
7483,0.08223916993746679,7793,7489,0.2071089439240344,0.2071089439240344
7484,0.08221806629840031,7794,7490,0.20708237105465743,0.20708237105465743
7485,0.08220409554785228,7796,7491,0.20702924576706003,0.20702924576706003
7486,0.0822031177959294,7797,7492,0.2070026933435937,0.2070026933435937
7487,0.08220185740775024,7798,7493,0.20697614773018722,0.20697614773018722
7488,0.08219314983878176,7799,7494,0.20694960892422104,0.20694960892422104
7489,0.08218389674103418,7800,7495,0.20692307692307693,0.20692307692307693
7490,0.08217951883308164,7801,7496,0.20689655172413793,0.20689655172413793
7491,0.08212142189769209,7802,7497,0.2068700333247885,0.2068700333247885
7492,0.0821172045105978,7803,7498,0.20684352172241446,0.20684352172241446
7493,0.08206004947991136,7804,7499,0.20681701691440288,0.20681701691440288
7494,0.08205067208016409,7805,7500,0.2067905188981422,0.2067905188981422
7495,0.08204771213705105,7806,7501,0.20676402767102228,0.20676402767102228
7496,0.08203572468843227,7807,7502,0.20673754323043422,0.20673754323043422
7497,0.08202535052523745,7808,7503,0.2067110655737705,0.2067110655737705
7498,0.08201750528530163,7809,7504,0.20681265206812652,0.20681265206812652
7499,0.0819937670023275,7810,7505,0.20678617157490398,0.20678617157490398
7500,0.08197176093335251,7811,7506,0.2067596978619895,0.2067596978619895
7501,0.0819662001161499,7812,7507,0.20686123911930362,0.20686123911930362
7502,0.08195464509752824,7813,7508,0.20683476257519517,0.20683476257519517
7503,0.08194686472946307,7814,7509,0.2068082928077809,0.2068082928077809
7504,0.08193211749768067,7815,7510,0.20678182981445936,0.20678182981445936
7505,0.08192418049981567,7816,7511,0.20688331627430911,0.20688331627430911
7506,0.08192233391877908,7817,7512,0.20685685045413843,0.20685685045413843
7507,0.08191847308689666,7818,7513,0.20683039140445125,0.20683039140445125
7508,0.08190371189901113,7819,7514,0.20680393912264997,0.20680393912264997
7509,0.08189145055517859,7820,7515,0.20690537084398977,0.20690537084398977
7510,0.0818748819929288,7821,7516,0.20687891573967523,0.20687891573967523
7511,0.08186461117998042,7822,7517,0.20685246739964203,0.20685246739964203
7512,0.08185017650683828,7823,7518,0.20682602582129617,0.20682602582129617
7513,0.08183800189567254,7824,7519,0.20679959100204498,0.20679959100204498
7514,0.08183359234092437,7825,7520,0.20677316293929712,0.20677316293929712
7515,0.08182381800619355,7826,7521,0.20674674163046255,0.20674674163046255
7516,0.08182298222712979,7827,7522,0.2067203270729526,0.2067203270729526
7517,0.0818031146297084,7828,7523,0.20669391926417988,0.20669391926417988
7518,0.08178666839142311,7829,7524,0.20666751820155832,0.20666751820155832
7519,0.08178647019262854,7831,7525,0.2066147363044311,0.2066147363044311
7520,0.08175495430423256,7832,7526,0.20658835546475995,0.20658835546475995
7521,0.08175212479227914,7833,7527,0.20656198136090897,0.20656198136090897
7522,0.08173697363457513,7834,7528,0.2065356139902987,0.2065356139902987
7523,0.08171185533883737,7835,7529,0.206509253350351,0.206509253350351
7524,0.0817082922662658,7836,7530,0.20648289943848902,0.20648289943848902
7525,0.0817003676620608,7837,7531,0.2064565522521373,0.2064565522521373
7526,0.0816932738802152,7838,7532,0.20643021178872162,0.20643021178872162
7527,0.08168200622786971,7839,7533,0.2064038780456691,0.2064038780456691
7528,0.08165474112696341,7840,7534,0.20637755102040817,0.20637755102040817
7529,0.081631813927637,7841,7535,0.20635123071036857,0.20635123071036857
7530,0.08156525118670534,7842,7536,0.20632491711298137,0.20632491711298137
7531,0.08156134402058693,7843,7537,0.20629861022567894,0.20629861022567894
7532,0.08155817246264016,7844,7538,0.20627231004589494,0.20627231004589494
7533,0.08154461410972172,7845,7539,0.20624601657106437,0.20624601657106437
7534,0.08152396100938564,7846,7540,0.2062197297986235,0.2062197297986235
7535,0.08148834564618546,7847,7541,0.20619344972600995,0.20619344972600995
7536,0.08147623316984386,7848,7542,0.2061671763506626,0.2061671763506626
7537,0.08146078964956863,7850,7543,0.20611464968152865,0.20611464968152865
7538,0.08145953991080704,7851,7544,0.2060883963826264,0.2060883963826264
7539,0.08144385532528228,7852,7545,0.20606214977075904,0.20606214977075904
7540,0.08141999904919596,7853,7546,0.20603590984337197,0.20603590984337197
7541,0.0813972853904492,7854,7547,0.2060096765979119,0.2060096765979119
7542,0.08139014958260968,7855,7548,0.20611075747931254,0.20611075747931254
7543,0.08137233176415624,7856,7549,0.20608452138492872,0.20608452138492872
7544,0.08133923312414809,7857,7550,0.2060582919689449,0.2060582919689449
7545,0.08132191908614857,7858,7551,0.2060320692288114,0.2060320692288114
7546,0.0812989975681992,7859,7552,0.2060058531619799,0.2060058531619799
7547,0.08125267208892487,7860,7553,0.2059796437659033,0.2059796437659033
7548,0.08117297881810305,7861,7554,0.20595344103803587,0.20595344103803587
7549,0.0811657965586219,7862,7555,0.20592724497583312,0.20592724497583312
7550,0.0811432739817715,7863,7556,0.20590105557675187,0.20590105557675187
7551,0.08103722698332405,7864,7557,0.20587487283825026,0.20587487283825026
7552,0.0809957102258737,7865,7558,0.20584869675778766,0.20584869675778766
7553,0.08098644413334707,7866,7559,0.20582252733282483,0.20582252733282483
7554,0.0809818939229013,7867,7560,0.2059234778187365,0.2059234778187365
7555,0.08097372644118302,7868,7561,0.20589730554143365,0.20589730554143365
7556,0.08094340437987042,7869,7562,0.20587113991612657,0.20587113991612657
7557,0.08094332605711861,7870,7563,0.20584498094027953,0.20584498094027953
7558,0.08092465257476299,7871,7564,0.20581882861135814,0.20581882861135814
7559,0.08091407100438612,7872,7565,0.20579268292682926,0.20579268292682926
7560,0.08091291332057397,7873,7566,0.20576654388416105,0.20576654388416105
7561,0.08090914229020071,7874,7567,0.20574041148082295,0.20574041148082295
7562,0.080895099375155,7875,7568,0.2057142857142857,0.2057142857142857
7563,0.08089378529654917,7876,7569,0.20568816658202133,0.20568816658202133
7564,0.08084661225267685,7878,7570,0.20563594821020564,0.20563594821020564
7565,0.08084379948505276,7879,7571,0.2057367686254601,0.2057367686254601
7566,0.08082665128992901,7880,7572,0.20571065989847714,0.20571065989847714
7567,0.08081353631469163,7882,7573,0.2056584623192083,0.2056584623192083
7568,0.08081099338885728,7883,7574,0.20563237346187999,0.20563237346187999
7569,0.08080610186150206,7884,7575,0.20560629122272958,0.20560629122272958
7570,0.08080019115269077,7886,7576,0.2055541465888917,0.2055541465888917
7571,0.0807395759665682,7887,7577,0.20552808418917207,0.20552808418917207
7572,0.08073780835375739,7888,7578,0.20562880324543611,0.20562880324543611
7573,0.08073619597745754,7889,7579,0.2056027379896058,0.2056027379896058
7574,0.0807221308208708,7890,7580,0.2055766793409379,0.2055766793409379
7575,0.08071883750128007,7891,7581,0.20555062729692053,0.20555062729692053
7576,0.08069835398917521,7892,7582,0.20552458185504308,0.20552458185504308
7577,0.08066971815528057,7893,7583,0.20549854301279616,0.20549854301279616
7578,0.0806685076775244,7894,7584,0.20547251076767165,0.20547251076767165
7579,0.08062017660165136,7895,7585,0.20544648511716276,0.20544648511716276
7580,0.08061157282043344,7896,7586,0.20542046605876393,0.20542046605876393
7581,0.08059713011182258,7897,7587,0.20539445358997088,0.20539445358997088
7582,0.0805880035876827,7898,7588,0.20536844770828058,0.20536844770828058
7583,0.0805542065526339,7899,7589,0.2053424484111913,0.2053424484111913
7584,0.0805497923921547,7900,7590,0.20531645569620252,0.20531645569620252
7585,0.08053859106824537,7902,7591,0.205264490002531,0.205264490002531
7586,0.08051189357014073,7903,7592,0.2052385170188536,0.2052385170188536
7587,0.080473181901989,7904,7593,0.20521255060728744,0.20521255060728744
7588,0.08043759182411904,7905,7594,0.2051865907653384,0.2051865907653384
7589,0.08041902181848394,7906,7595,0.20528712370351632,0.20528712370351632
7590,0.08041078141662752,7907,7596,0.2052611609965853,0.2052611609965853
7591,0.08038586389634517,7908,7597,0.20523520485584218,0.20523520485584218
7592,0.08037006699276796,7909,7598,0.20533569351371855,0.20533569351371855
7593,0.08035466828005394,7910,7599,0.20530973451327433,0.20530973451327433
7594,0.08031885359902588,7911,7600,0.20528378207559095,0.20528378207559095
7595,0.08027775350378887,7913,7601,0.20523189687855428,0.20523189687855428
7596,0.08027693326330443,7914,7602,0.20533232246651503,0.20533232246651503
7597,0.0802741547807804,7915,7603,0.20530638029058748,0.20530638029058748
7598,0.08026211192790594,7916,7604,0.20528044466902476,0.20528044466902476
7599,0.08020405534732644,7917,7605,0.20525451559934318,0.20525451559934318
7600,0.08017798646293442,7918,7606,0.20522859307906036,0.20522859307906036
7601,0.08017726891012295,7920,7607,0.20517676767676768,0.20517676767676768
7602,0.08016587557471302,7921,7608,0.20515086478979927,0.20515086478979927
7603,0.08014495635549491,7922,7609,0.20512496844231254,0.20512496844231254
7604,0.08013752672603651,7923,7610,0.20509907863183138,0.20509907863183138
7605,0.08013180810935232,7924,7611,0.20507319535588087,0.20507319535588087
7606,0.08011419159505585,7925,7612,0.20504731861198738,0.20504731861198738
7607,0.08004678599876691,7926,7613,0.20502144839767852,0.20502144839767852
7608,0.08000998669834812,7927,7614,0.20512173583953577,0.20512173583953577
7609,0.0799960544597032,7928,7615,0.20509586276488395,0.20509586276488395
7610,0.07998121366924411,7930,7616,0.20504413619167716,0.20504413619167716
7611,0.07997930577890501,7931,7617,0.2050182826881856,0.2050182826881856
7612,0.07992569714910068,7932,7618,0.20499243570347958,0.20499243570347958
7613,0.07991642925253734,7933,7619,0.20496659523509392,0.20496659523509392
7614,0.07991615027899984,7934,7620,0.20494076128056465,0.20494076128056465
7615,0.07989801403878796,7935,7621,0.20491493383742912,0.20491493383742912
7616,0.07985721169074464,7936,7622,0.2048891129032258,0.2048891129032258
7617,0.07982962967261202,7937,7623,0.20486329847549453,0.20486329847549453
7618,0.079750415682486,7939,7624,0.2048116891296133,0.2048116891296133
7619,0.07970640097576563,7940,7625,0.2047858942065491,0.2047858942065491
7620,0.07970302171993868,7941,7626,0.20476010578012846,0.20476010578012846
7621,0.07968654482973195,7942,7627,0.20473432384789725,0.20473432384789725
7622,0.07967132765192945,7943,7628,0.20470854840740274,0.20470854840740274
7623,0.07966444267879097,7944,7629,0.20468277945619334,0.20468277945619334
7624,0.0796179034316404,7945,7630,0.20465701699181876,0.20465701699181876
7625,0.07955641344069997,7946,7631,0.20475711049584697,0.20475711049584697
7626,0.07954163391373165,7947,7632,0.20473134516169625,0.20473134516169625
7627,0.07953050394365321,7949,7633,0.20467983394137626,0.20467983394137626
7628,0.07952063576113616,7950,7634,0.20465408805031446,0.20465408805031446
7629,0.07951512114999783,7952,7635,0.204602615694165,0.204602615694165
7630,0.07950155676350328,7953,7636,0.20457688922419212,0.20457688922419212
7631,0.07946678323283049,7954,7637,0.20455116922303243,0.20455116922303243
7632,0.07946169534171243,7955,7638,0.2045254556882464,0.2045254556882464
7633,0.07943543621079101,7956,7639,0.20462543991955756,0.20462543991955756
7634,0.07943028701408777,7957,7640,0.20459972351388714,0.20459972351388714
7635,0.0794264318283414,7959,7641,0.20454831008920718,0.20454831008920718
7636,0.07942456112388326,7960,7642,0.20452261306532662,0.20452261306532662
7637,0.07931748473583201,7961,7643,0.20449692249717372,0.20449692249717372
7638,0.07931702076977847,7962,7644,0.2045968349660889,0.2045968349660889
7639,0.07931440187652587,7963,7645,0.20457114152957429,0.20457114152957429
7640,0.0793133309946245,7965,7646,0.20451977401129945,0.20451977401129945
7641,0.07931294276284057,7966,7647,0.2044940999246799,0.2044940999246799
7642,0.07926749238092422,7967,7648,0.20446843228316808,0.20446843228316808
7643,0.07923654296993721,7968,7649,0.20444277108433734,0.20444277108433734
7644,0.07921596701160542,7969,7650,0.20441711632576232,0.20441711632576232
7645,0.07921424870847554,7970,7651,0.2043914680050188,0.2043914680050188
7646,0.07918710623255185,7971,7652,0.20436582611968385,0.20436582611968385
7647,0.07915851835803374,7972,7653,0.20434019066733566,0.20434019066733566
7648,0.07914289238559252,7973,7654,0.20431456164555375,0.20431456164555375
7649,0.07912979912755831,7974,7655,0.20428893905191872,0.20428893905191872
7650,0.07911251832645548,7976,7656,0.20423771313941824,0.20423771313941824
7651,0.07908838872467296,7977,7657,0.2042121098157202,0.2042121098157202
7652,0.0790878965865456,7978,7658,0.20418651291050388,0.20418651291050388
7653,0.07907416913555025,7979,7659,0.20416092242135606,0.20416092242135606
7654,0.07904121022183808,7980,7660,0.20413533834586467,0.20413533834586467
7655,0.07903186421042098,7981,7661,0.2042350582633755,0.2042350582633755
7656,0.07898404744765279,7982,7662,0.2042094713104485,0.2042094713104485
7657,0.07897159769846104,7983,7663,0.20418389076788174,0.20418389076788174
7658,0.07894571856836059,7984,7664,0.20415831663326653,0.20415831663326653
7659,0.07886587154715488,7985,7665,0.20413274890419536,0.20413274890419536
7660,0.07885934905237763,7986,7666,0.20423240671174556,0.20423240671174556
7661,0.07884386019034446,7988,7667,0.20418127190786178,0.20418127190786178
7662,0.078822466836395,7989,7668,0.20415571410689698,0.20415571410689698
7663,0.0788138016048585,7990,7669,0.20413016270337922,0.20413016270337922
7664,0.07881227928619053,7991,7670,0.20410461769490676,0.20410461769490676
7665,0.07879188281585904,7992,7671,0.20407907907907907,0.20407907907907907
7666,0.07878180196635691,7993,7672,0.2040535468534968,0.2040535468534968
7667,0.07877150550967486,7994,7673,0.2040280210157618,0.2040280210157618
7668,0.07874507621373522,7996,7674,0.2039769884942471,0.2039769884942471
7669,0.07874284027386386,7997,7675,0.20395148180567713,0.20395148180567713
7670,0.0787396686446667,7998,7676,0.20392598149537383,0.20392598149537383
7671,0.07871104473562783,8000,7677,0.203875,0.203875
7672,0.07871038281688172,8001,7678,0.20384951881014873,0.20384951881014873
7673,0.07867759953281836,8002,7679,0.20382404398900275,0.20382404398900275
7674,0.07866029147201856,8003,7680,0.2037985755341747,0.2037985755341747
7675,0.07864133725309794,8004,7681,0.20377311344327836,0.20377311344327836
7676,0.07862423218579212,8005,7682,0.2037476577139288,0.2037476577139288
7677,0.0785602420274977,8006,7683,0.2037222083437422,0.2037222083437422
7678,0.07854091315648552,8007,7684,0.20369676533033595,0.20369676533033595
7679,0.07851224707582258,8009,7685,0.2036458983643401,0.2036458983643401
7680,0.07850645259006434,8010,7686,0.20374531835205992,0.20374531835205992
7681,0.0784911732644808,8011,7687,0.20371988515790787,0.20371988515790787
7682,0.07846992717211687,8012,7688,0.2036944583125312,0.2036944583125312
7683,0.07844911291817723,8014,7689,0.20364362365859745,0.20364362365859745
7684,0.0783961270396736,8015,7690,0.20374298190892076,0.20374298190892076
7685,0.07839157915819345,8016,7691,0.20384231536926148,0.20384231536926148
7686,0.0783800183130383,8017,7692,0.2038168891106399,0.2038168891106399
7687,0.07836082079731536,8018,7693,0.2037914691943128,0.2037914691943128
7688,0.07835615260478775,8019,7694,0.20376605561790748,0.20376605561790748
7689,0.07834422768741388,8020,7695,0.20374064837905237,0.20374064837905237
7690,0.0783277560009797,8021,7696,0.20371524747537714,0.20371524747537714
7691,0.07832760838422771,8023,7697,0.20366446466409074,0.20366446466409074
7692,0.07830617144984282,8024,7698,0.20363908275174478,0.20363908275174478
7693,0.07829860571618599,8025,7699,0.20373831775700935,0.20373831775700935
7694,0.07829082101345469,8026,7700,0.20371293296785448,0.20371293296785448
7695,0.07826061040770782,8027,7701,0.20368755450355053,0.20368755450355053
7696,0.07825949138623868,8028,7702,0.20366218236173392,0.20366218236173392
7697,0.0782112016657817,8029,7703,0.20363681654004234,0.20363681654004234
7698,0.07816650553354466,8030,7704,0.20361145703611458,0.20361145703611458
7699,0.07816208991621118,8031,7705,0.2035861038475906,0.2035861038475906
7700,0.07815860932586167,8033,7706,0.2035354164073198,0.2035354164073198
7701,0.07814832372921617,8034,7707,0.20363455314911624,0.20363455314911624
7702,0.07814620394156682,8035,7708,0.20360920970752955,0.20360920970752955
7703,0.07814423297252479,8036,7709,0.20358387257341962,0.20358387257341962
7704,0.07814385089401808,8037,7710,0.203558541744432,0.203558541744432
7705,0.0781001241901823,8038,7711,0.2035332172182135,0.2035332172182135
7706,0.07806208371858843,8039,7712,0.20350789899241198,0.20350789899241198
7707,0.07804812888385218,8040,7713,0.20360696517412935,0.20360696517412935
7708,0.07804342939931432,8041,7714,0.20358164407412013,0.20358164407412013
7709,0.07801955668916181,8042,7715,0.20368067644864463,0.20368067644864463
7710,0.07795958947804818,8043,7716,0.20365535248041775,0.20365535248041775
7711,0.07792125503653198,8044,7717,0.20363003480855296,0.20363003480855296
7712,0.07786319175309694,8045,7718,0.2036047234307023,0.2036047234307023
7713,0.07785346363508247,8046,7719,0.203579418344519,0.203579418344519
7714,0.07784920560987989,8048,7720,0.20352882703777336,0.20352882703777336
7715,0.07784050413066397,8049,7721,0.20350354081252328,0.20350354081252328
7716,0.07783205070816294,8050,7722,0.20347826086956522,0.20347826086956522
7717,0.07783199664892945,8051,7723,0.2034529872065582,0.2034529872065582
7718,0.0777680121575222,8052,7724,0.20342771982116245,0.20342771982116245
7719,0.07771829335139685,8053,7725,0.20340245871103937,0.20340245871103937
7720,0.07770325411947661,8054,7726,0.2033772038738515,0.2033772038738515
7721,0.07768111534918683,8057,7727,0.20330147697654213,0.20330147697654213
7722,0.07765360339126363,8058,7728,0.20327624720774387,0.20327624720774387
7723,0.07762594761987825,8059,7729,0.20325102370021095,0.20325102370021095
7724,0.07758186351606457,8060,7730,0.2032258064516129,0.2032258064516129
7725,0.07756187685629658,8061,7731,0.20320059545962038,0.20320059545962038
7726,0.07754215990193024,8062,7732,0.20317539072190524,0.20317539072190524
7727,0.07753063493289906,8063,7733,0.2031501922361404,0.2031501922361404
7728,0.07752307003651211,8064,7734,0.203125,0.203125
7729,0.0775168331479037,8065,7735,0.20309981401115934,0.20309981401115934
7730,0.07750171936377596,8066,7736,0.20307463426729483,0.20307463426729483
7731,0.0774970935275246,8067,7737,0.20304946076608404,0.20304946076608404
7732,0.07744104655070214,8068,7738,0.20302429350520576,0.20302429350520576
7733,0.07738591524794251,8069,7739,0.2029991324823398,0.2029991324823398
7734,0.07738058985974931,8070,7740,0.20297397769516728,0.20297397769516728
7735,0.07735017368253437,8071,7741,0.20294882914137033,0.20294882914137033
7736,0.07733329611634313,8072,7742,0.20292368681863232,0.20292368681863232
7737,0.07731697959734543,8073,7743,0.2028985507246377,0.2028985507246377
7738,0.07730936728762601,8074,7744,0.20287342085707208,0.20287342085707208
7739,0.0772837093627546,8075,7745,0.2028482972136223,0.2028482972136223
7740,0.07723990869464717,8076,7746,0.20282317979197623,0.20282317979197623
7741,0.07720132458531516,8077,7747,0.20279806858982297,0.20279806858982297
7742,0.07717990310291464,8078,7748,0.2027729636048527,0.2027729636048527
7743,0.07717798783279205,8079,7749,0.20274786483475676,0.20274786483475676
7744,0.07716779806354519,8080,7750,0.20272277227722774,0.20272277227722774
7745,0.07715046219643597,8082,7751,0.2026726057906459,0.2026726057906459
7746,0.07713650685497758,8083,7752,0.20264753185698378,0.20264753185698378
7747,0.07710333690714952,8084,7753,0.20262246412666995,0.20262246412666995
7748,0.07709747877295357,8085,7754,0.2025974025974026,0.2025974025974026
7749,0.07708402922931117,8086,7755,0.20257234726688103,0.20257234726688103
7750,0.0770715050908955,8087,7756,0.20254729813280573,0.20254729813280573
7751,0.07706821553201337,8088,7757,0.20264589515331355,0.20264589515331355
7752,0.07706596142827582,8089,7758,0.2026208431202868,0.2026208431202868
7753,0.07704137153291947,8090,7759,0.20259579728059332,0.20259579728059332
7754,0.07703244308050751,8091,7760,0.20257075763193672,0.20257075763193672
7755,0.07703015159660209,8092,7761,0.20254572417202174,0.20254572417202174
7756,0.07702679256033439,8093,7762,0.20252069689855431,0.20252069689855431
7757,0.0769897192707744,8094,7763,0.2024956758092414,0.2024956758092414
7758,0.07698540438560213,8095,7764,0.20247066090179122,0.20247066090179122
7759,0.07698507138294285,8096,7765,0.20244565217391305,0.20244565217391305
7760,0.07697017010736433,8097,7766,0.20242064962331727,0.20242064962331727
7761,0.07696829862371811,8098,7767,0.2023956532477155,0.2023956532477155
7762,0.07694560242935963,8099,7768,0.20237066304482035,0.20237066304482035
7763,0.07689181326546395,8100,7769,0.20234567901234568,0.20234567901234568
7764,0.07685644411061775,8101,7770,0.20232070114800643,0.20232070114800643
7765,0.0768170264056298,8102,7771,0.20229572944951862,0.20229572944951862
7766,0.07679738705305897,8103,7772,0.20227076391459953,0.20227076391459953
7767,0.07676423311520968,8104,7773,0.2022458045409674,0.2022458045409674
7768,0.07676153420224303,8105,7774,0.20222085132634177,0.20222085132634177
7769,0.07676085087018934,8106,7775,0.20219590426844314,0.20219590426844314
7770,0.07675957041082558,8107,7776,0.2021709633649932,0.2021709633649932
7771,0.07675257905044773,8108,7777,0.20214602861371486,0.20214602861371486
7772,0.07674407865902141,8109,7778,0.20212110001233197,0.20212110001233197
7773,0.07669828712790895,8110,7779,0.20209617755856968,0.20209617755856968
7774,0.07669316379225331,8111,7780,0.20207126125015412,0.20207126125015412
7775,0.07665046140678815,8112,7781,0.20204635108481261,0.20204635108481261
7776,0.07662446551218156,8113,7782,0.20202144706027364,0.20202144706027364
7777,0.07661800920416628,8114,7783,0.202119792950456,0.202119792950456
7778,0.07660922624409354,8115,7784,0.20209488601355516,0.20209488601355516
7779,0.0766043563661921,8116,7785,0.20219319862000987,0.20219319862000987
7780,0.07660218362362652,8117,7786,0.2021682887766416,0.2021682887766416
7781,0.07659923348320154,8118,7787,0.20214338507021434,0.20214338507021434
7782,0.07657927805349828,8119,7788,0.2021184874984604,0.2021184874984604
7783,0.07655794919934972,8121,7789,0.20206871074990765,0.20206871074990765
7784,0.07655591361823999,8123,7790,0.2020189585128647,0.2020189585128647
7785,0.07649699680660299,8124,7791,0.20199409158050222,0.20199409158050222
7786,0.07643359517675709,8125,7792,0.20196923076923076,0.20196923076923076
7787,0.07634418869251587,8126,7793,0.20194437607679055,0.20194437607679055
7788,0.07633537213129288,8127,7794,0.20191952750092285,0.20191952750092285
7789,0.07633211462738722,8128,7795,0.20189468503937008,0.20189468503937008
7790,0.07624556041292659,8130,7796,0.20184501845018452,0.20184501845018452
7791,0.07620880048253513,8131,7797,0.20182019431804207,0.20182019431804207
7792,0.07618969414235328,8132,7798,0.2017953762911953,0.2017953762911953
7793,0.07618194953463484,8133,7799,0.2017705643673921,0.2017705643673921
7794,0.07613684335924387,8134,7800,0.2018686992869437,0.2018686992869437
7795,0.07610612212751398,8135,7801,0.2018438844499078,0.2018438844499078
7796,0.07610537499596856,8136,7802,0.20181907571288102,0.20181907571288102
7797,0.07610527495758648,8137,7803,0.20179427307361436,0.20179427307361436
7798,0.07610197969157285,8138,7804,0.2017694765298599,0.2017694765298599
7799,0.07608028400630817,8140,7805,0.20171990171990173,0.20171990171990173
7800,0.07605037609109717,8141,7806,0.2016951234492077,0.2016951234492077
7801,0.07604576415072058,8142,7807,0.20167035126504546,0.20167035126504546
7802,0.07603133977445786,8143,7808,0.20164558516517253,0.20164558516517253
7803,0.076030355550903,8144,7809,0.20162082514734775,0.20162082514734775
7804,0.0760185639960843,8145,7810,0.20159607120933087,0.20159607120933087
7805,0.07598854962353499,8146,7811,0.2015713233488829,0.2015713233488829
7806,0.07597292288384153,8148,7812,0.20152184585174276,0.20152184585174276
7807,0.07595602628910587,8149,7813,0.20149711621057798,0.20149711621057798
7808,0.07590079314598192,8150,7814,0.20159509202453987,0.20159509202453987
7809,0.07588755509808903,8151,7815,0.2015703594650963,0.2015703594650963
7810,0.0758659279113574,8152,7816,0.20154563297350345,0.20154563297350345
7811,0.07583849846452385,8153,7817,0.20164356678523243,0.20164356678523243
7812,0.07583540682962188,8154,7818,0.20174147657591365,0.20174147657591365
7813,0.07583210015281629,8155,7819,0.2017167381974249,0.2017167381974249
7814,0.07580360566090649,8156,7820,0.20169200588523786,0.20169200588523786
7815,0.07579321193483529,8157,7821,0.2016672796371215,0.2016672796371215
7816,0.07577773556819488,8158,7822,0.2016425594508458,0.2016425594508458
7817,0.075769914171732,8159,7823,0.2016178453241819,0.2016178453241819
7818,0.07572889820393884,8160,7824,0.20159313725490197,0.20159313725490197
7819,0.0757227257322777,8161,7825,0.2015684352407793,0.2015684352407793
7820,0.0756952820418796,8162,7826,0.20154373927958832,0.20154373927958832
7821,0.07568429224202304,8163,7827,0.2015190493691045,0.2015190493691045
7822,0.07566516839327256,8164,7828,0.20149436550710437,0.20149436550710437
7823,0.07565855251280627,8165,7829,0.20146968769136558,0.20146968769136558
7824,0.0756578574702095,8166,7830,0.2014450159196669,0.2014450159196669
7825,0.07565087744420808,8167,7831,0.20142035018978818,0.20142035018978818
7826,0.07560214559239664,8169,7832,0.20137103684661525,0.20137103684661525
7827,0.07559782258679058,8170,7833,0.20134638922888617,0.20134638922888617
7828,0.07557619531934694,8171,7834,0.2013217476441072,0.2013217476441072
7829,0.07556112164888344,8172,7835,0.20129711209006362,0.20129711209006362
7830,0.07555691231850387,8173,7836,0.20127248256454178,0.20127248256454178
7831,0.07555654644091546,8174,7837,0.2012478590653291,0.2012478590653291
7832,0.07553054228006056,8175,7838,0.20122324159021407,0.20122324159021407
7833,0.0755262783161605,8176,7839,0.2011986301369863,0.2011986301369863
7834,0.07551996429223487,8177,7840,0.20117402470343645,0.20117402470343645
7835,0.07551784727925345,8178,7841,0.20127170457324528,0.20127170457324528
7836,0.07550738019186114,8179,7842,0.20124709622203205,0.20124709622203205
7837,0.07546315386617013,8180,7843,0.20122249388753055,0.20122249388753055
7838,0.07545901387662916,8181,7844,0.20119789756753453,0.20119789756753453
7839,0.07539799826106883,8182,7845,0.20117330725983867,0.20117330725983867
7840,0.07536428773172679,8183,7846,0.20127092753268971,0.20127092753268971
7841,0.07534419179469788,8186,7847,0.20119716589298803,0.20119716589298803
7842,0.07534334834442545,8187,7848,0.20117259069256138,0.20117259069256138
7843,0.07528857706441229,8188,7849,0.20114802149487054,0.20114802149487054
7844,0.07528688796624537,8189,7850,0.20112345829771644,0.20112345829771644
7845,0.07528218555417114,8190,7851,0.2010989010989011,0.2010989010989011
7846,0.07528135355244661,8191,7852,0.20107434989622758,0.20107434989622758
7847,0.07526667835805993,8192,7853,0.2010498046875,0.2010498046875
7848,0.07514532679139604,8193,7854,0.20102526547052363,0.20102526547052363
7849,0.07511901176441291,8194,7855,0.20100073224310472,0.20100073224310472
7850,0.07509299236744127,8195,7856,0.20097620500305063,0.20097620500305063
7851,0.07508962059538203,8196,7857,0.20095168374816985,0.20095168374816985
7852,0.07508000119761489,8197,7858,0.20092716847627182,0.20092716847627182
7853,0.07503203959136384,8199,7859,0.20087815587266739,0.20087815587266739
7854,0.07501380890872145,8201,7860,0.20082916717473479,0.20082916717473479
7855,0.07498675501806566,8202,7861,0.2008046817849305,0.2008046817849305
7856,0.0749613836635608,8203,7862,0.20078020236498842,0.20078020236498842
7857,0.07493901082013177,8204,7863,0.2007557289127255,0.2007557289127255
7858,0.0749319830967877,8206,7864,0.20070679990251036,0.20070679990251036
7859,0.07491886213407288,8207,7865,0.20068234434019738,0.20068234434019738
7860,0.07491390276134113,8208,7866,0.20065789473684212,0.20065789473684212
7861,0.07489889213534172,8209,7867,0.20063345109026678,0.20063345109026678
7862,0.0748850001629513,8210,7868,0.20060901339829476,0.20060901339829476
7863,0.07487819119305103,8211,7869,0.20058458165875045,0.20058458165875045
7864,0.07487590928985939,8213,7870,0.2005357360282479,0.2005357360282479
7865,0.07486370774358274,8214,7871,0.20051132213294376,0.20051132213294376
7866,0.0748633206077662,8215,7872,0.20048691418137554,0.20048691418137554
7867,0.07485498320622062,8216,7873,0.20046251217137293,0.20046251217137293
7868,0.07480602905539974,8217,7874,0.2004381161007667,0.2004381161007667
7869,0.07478840775135365,8218,7875,0.20041372596738866,0.20041372596738866
7870,0.07478264448248428,8219,7876,0.20038934176907167,0.20038934176907167
7871,0.07477905199192374,8220,7877,0.20048661800486617,0.20048661800486617
7872,0.07475485893281666,8222,7878,0.20043784967161274,0.20043784967161274
7873,0.07474561755155978,8223,7879,0.20041347440107016,0.20041347440107016
7874,0.07474479437858349,8224,7880,0.20038910505836577,0.20038910505836577
7875,0.07471891855191204,8225,7881,0.20036474164133738,0.20036474164133738
7876,0.07469369552140848,8226,7882,0.20034038414782399,0.20034038414782399
7877,0.07468825657983678,8227,7883,0.2003160325756655,0.2003160325756655
7878,0.0746726857852712,8228,7884,0.20029168692270297,0.20029168692270297
7879,0.07465560033875981,8229,7885,0.20026734718677847,0.20026734718677847
7880,0.07458259297874416,8230,7886,0.2002430133657351,0.2002430133657351
7881,0.07456338731305562,8231,7887,0.20021868545741708,0.20021868545741708
7882,0.07455942784440465,8232,7888,0.2001943634596696,0.2001943634596696
7883,0.07451357859581148,8233,7889,0.20029150977772378,0.20029150977772378
7884,0.07450479445310296,8234,7890,0.20026718484333253,0.20026718484333253
7885,0.07447840760298802,8235,7891,0.2002428658166363,0.2002428658166363
7886,0.07445727349516049,8236,7892,0.20021855269548325,0.20021855269548325
7887,0.07445447046979252,8237,7893,0.20019424547772247,0.20019424547772247
7888,0.07444607831276118,8239,7894,0.20014564874377958,0.20014564874377958
7889,0.07444113285542661,8240,7895,0.20012135922330096,0.20012135922330096
7890,0.07443395566973578,8241,7896,0.20009707559762166,0.20009707559762166
7891,0.07442467617736513,8242,7897,0.20007279786459597,0.20007279786459597
7892,0.07442145842684789,8243,7898,0.20004852602207934,0.20004852602207934
7893,0.07440445293427732,8244,7899,0.2000242600679282,0.2000242600679282
7894,0.07436382721203853,8245,7900,0.20012128562765313,0.20012128562765313
7895,0.07434074789011148,8246,7901,0.20009701673538685,0.20009701673538685
7896,0.0743339752320546,8247,7902,0.2000727537286286,0.2000727537286286
7897,0.07429930982676616,8248,7903,0.20016973811833172,0.20016973811833172
7898,0.07419962812905911,8249,7904,0.20026669899381744,0.20026669899381744
7899,0.07418868321250537,8250,7905,0.20024242424242425,0.20024242424242425
7900,0.07418641297950138,8251,7906,0.20021815537510604,0.20021815537510604
7901,0.07417693081238144,8252,7907,0.2001938923897237,0.2001938923897237
7902,0.07416989471956861,8253,7908,0.2001696352841391,0.2001696352841391
7903,0.07416895087953246,8254,7909,0.20014538405621518,0.20014538405621518
7904,0.07407474043967258,8255,7910,0.20012113870381587,0.20012113870381587
7905,0.07400511238627391,8256,7911,0.2000968992248062,0.2000968992248062
7906,0.07399457583946627,8257,7912,0.2000726656170522,0.2000726656170522
7907,0.07395858887299,8258,7913,0.20004843787842091,0.20004843787842091
7908,0.07389914500016048,8259,7914,0.20002421600678047,0.20002421600678047
7909,0.07389041433058526,8260,7915,0.2,0.2
7910,0.07388668377142413,8261,7916,0.20009684057620142,0.20009684057620142
7911,0.07388213582310114,8262,7917,0.2000726216412491,0.2000726216412491
7912,0.0738670011480241,8264,7918,0.2000242013552759,0.2000242013552759
7913,0.07384672119010972,8265,7919,0.2,0.2
7914,0.07381180419384978,8266,7920,0.19997580450036292,0.19997580450036292
7915,0.07381139097101924,8267,7921,0.19995161485423976,0.19995161485423976
7916,0.07379389938130133,8268,7922,0.19992743105950653,0.19992743105950653
7917,0.07374340200756797,8269,7923,0.1999032531140404,0.1999032531140404
7918,0.0737226732495829,8270,7924,0.19987908101571947,0.19987908101571947
7919,0.07369014880292682,8271,7925,0.19985491476242292,0.19985491476242292
7920,0.07369008707447854,8272,7926,0.19983075435203096,0.19983075435203096
7921,0.07367085179139096,8273,7927,0.19980659978242477,0.19980659978242477
7922,0.07366265071048188,8274,7928,0.1997824510514866,0.1997824510514866
7923,0.0736591974696818,8275,7929,0.1997583081570997,0.1997583081570997
7924,0.0736366641802278,8276,7930,0.1997341710971484,0.1997341710971484
7925,0.07360545858722715,8277,7931,0.19971003986951794,0.19971003986951794
7926,0.07359114968973707,8278,7932,0.19968591447209472,0.19968591447209472
7927,0.07356870631638163,8279,7933,0.19966179490276603,0.19966179490276603
7928,0.0735420804284392,8280,7934,0.1996376811594203,0.1996376811594203
7929,0.0735390140078979,8281,7935,0.19961357323994686,0.19961357323994686
7930,0.07353046056003743,8282,7936,0.19958947114223619,0.19958947114223619
7931,0.07351291170789664,8283,7937,0.19956537486417963,0.19956537486417963
7932,0.07351160312143377,8284,7938,0.19954128440366972,0.19954128440366972
7933,0.07349229728365653,8285,7939,0.19951719975859988,0.19951719975859988
7934,0.07343663176464423,8286,7940,0.19949312092686458,0.19949312092686458
7935,0.07341633060112965,8287,7941,0.19946904790635936,0.19946904790635936
7936,0.07341473070018785,8288,7942,0.1994449806949807,0.1994449806949807
7937,0.07340648002198555,8289,7943,0.19942091929062614,0.19942091929062614
7938,0.07332608374736757,8291,7944,0.1993728138945845,0.1993728138945845
7939,0.07330082183135747,8292,7945,0.19934876989869754,0.19934876989869754
7940,0.07317988134451076,8293,7946,0.19932473170143494,0.19932473170143494
7941,0.07316373805218374,8294,7947,0.1993006993006993,0.1993006993006993
7942,0.07314804042506164,8295,7948,0.19927667269439422,0.19927667269439422
7943,0.07310827935890518,8296,7949,0.1992526518804243,0.1992526518804243
7944,0.07303739699621761,8297,7950,0.1992286368566952,0.1992286368566952
7945,0.07303621033453504,8298,7951,0.19932513858761147,0.19932513858761147
7946,0.07303466733123046,8299,7952,0.1993011206169418,0.1993011206169418
7947,0.07303295882368395,8300,7953,0.19927710843373495,0.19927710843373495
7948,0.07297666208265917,8301,7954,0.1992531020358993,0.1992531020358993
7949,0.07296985481152646,8302,7955,0.19922910142134426,0.19922910142134426
7950,0.07291950309148458,8303,7956,0.19920510658798024,0.19920510658798024
7951,0.07289146767339812,8304,7957,0.1991811175337187,0.1991811175337187
7952,0.07285836600553183,8305,7958,0.199157134256472,0.199157134256472
7953,0.07285774452585084,8306,7959,0.19913315675415363,0.19913315675415363
7954,0.07285072430976541,8307,7960,0.19922956542674852,0.19922956542674852
7955,0.07284562896280353,8308,7961,0.19920558497833413,0.19920558497833413
7956,0.07283806250517062,8309,7962,0.1991816103020821,0.1991816103020821
7957,0.07283161428982571,8310,7963,0.19915764139590855,0.19915764139590855
7958,0.07279809697054178,8311,7964,0.1991336782577307,0.1991336782577307
7959,0.07275853240396286,8312,7965,0.1991097208854668,0.1991097208854668
7960,0.07273214618571623,8313,7966,0.19908576927703597,0.19908576927703597
7961,0.07272406035568584,8314,7967,0.19906182343035844,0.19906182343035844
7962,0.07271098375156147,8315,7968,0.19903788334335537,0.19903788334335537
7963,0.07270802692742462,8316,7969,0.199013949013949,0.199013949013949
7964,0.07269265692436794,8317,7970,0.19899002044006253,0.19899002044006253
7965,0.07267833197319865,8318,7971,0.1989660976196201,0.1989660976196201
7966,0.07266869527489077,8319,7972,0.19894218055054694,0.19894218055054694
7967,0.07262516110165994,8321,7973,0.19889436365821417,0.19889436365821417
7968,0.07261830337980095,8322,7974,0.1988704638308099,0.1988704638308099
7969,0.07258545363020304,8323,7975,0.19884656974648565,0.19884656974648565
7970,0.07253683467630483,8324,7976,0.19894281595386834,0.19894281595386834
7971,0.07252324408786369,8325,7977,0.1989189189189189,0.1989189189189189
7972,0.07249389024055822,8327,7978,0.19887114206797166,0.19887114206797166
7973,0.07243929083678075,8328,7979,0.1988472622478386,0.1988472622478386
7974,0.07242980963097355,8329,7980,0.19882338816184417,0.19882338816184417
7975,0.07241341962431252,8330,7981,0.19879951980792318,0.19879951980792318
7976,0.07239607331583672,8331,7982,0.19877565718401152,0.19877565718401152
7977,0.07239418476202404,8332,7983,0.1987518002880461,0.1987518002880461
7978,0.07239038125838443,8333,7984,0.1987279491179647,0.1987279491179647
7979,0.07238563573677372,8334,7985,0.19870410367170627,0.19870410367170627
7980,0.0723513351709545,8335,7986,0.19868026394721056,0.19868026394721056
7981,0.07232693295931233,8336,7987,0.19865642994241842,0.19865642994241842
7982,0.0723092611669383,8337,7988,0.1986326016552717,0.1986326016552717
7983,0.07230268278049094,8338,7989,0.19872871192132405,0.19872871192132405
7984,0.07229137223893943,8339,7990,0.19870488068113681,0.19870488068113681
7985,0.07222911042882273,8340,7991,0.1988009592326139,0.1988009592326139
7986,0.0721482301242892,8341,7992,0.19877712504495865,0.19877712504495865
7987,0.07210726579992613,8342,7993,0.19875329657156557,0.19875329657156557
7988,0.07210711279795393,8343,7994,0.19872947381037995,0.19872947381037995
7989,0.07206711124072933,8344,7995,0.19870565675934804,0.19870565675934804
7990,0.07200585084140107,8345,7996,0.198681845416417,0.198681845416417
7991,0.07199050874112752,8346,7997,0.1986580397795351,0.1986580397795351
7992,0.0719712650993105,8348,7998,0.19861044561571634,0.19861044561571634
7993,0.07192646769209399,8349,7999,0.1985866570846808,0.1985866570846808
7994,0.07191083496528551,8350,8000,0.19856287425149702,0.19856287425149702
7995,0.07181039128100498,8351,8001,0.19853909711411807,0.19853909711411807
7996,0.07179704195733755,8352,8002,0.1985153256704981,0.1985153256704981
7997,0.07176580986331162,8353,8003,0.19849155991859213,0.19849155991859213
7998,0.07175364005781378,8354,8004,0.19846779985635624,0.19846779985635624
7999,0.07174494508140378,8355,8005,0.19844404548174746,0.19844404548174746
8000,0.07170668615214579,8356,8006,0.1984202967927238,0.1984202967927238
8001,0.07168754761684866,8357,8007,0.19851621395237526,0.19851621395237526
8002,0.07167477002053911,8358,8008,0.1984924623115578,0.1984924623115578
8003,0.07161481037591147,8359,8009,0.1984687163536308,0.1984687163536308
8004,0.0716093617648575,8360,8010,0.19856459330143542,0.19856459330143542
8005,0.0715997320879784,8361,8011,0.19854084439660327,0.19854084439660327
8006,0.0715978162122059,8362,8012,0.19863668978713225,0.19863668978713225
8007,0.07157222669724113,8363,8013,0.1986129379409303,0.1986129379409303
8008,0.0715598641170701,8364,8014,0.19858919177427067,0.19858919177427067
8009,0.07146018354774093,8365,8015,0.19856545128511655,0.19856545128511655
8010,0.07145400362094498,8366,8016,0.19854171647143198,0.19854171647143198
8011,0.0714378393715462,8367,8017,0.19851798733118203,0.19851798733118203
8012,0.07140217911251584,8368,8018,0.1984942638623327,0.1984942638623327
8013,0.07138561929240779,8369,8019,0.198470546062851,0.198470546062851
8014,0.07125890856454055,8370,8020,0.1985663082437276,0.1985663082437276
8015,0.07124319892226948,8371,8021,0.19854258750447976,0.19854258750447976
8016,0.07121912037041513,8372,8022,0.1985188724319159,0.1985188724319159
8017,0.07121791408332875,8374,8023,0.19859087652256985,0.19859087652256985
8018,0.0711947079943679,8375,8024,0.19856716417910447,0.19856716417910447
8019,0.0711796743543801,8376,8025,0.19854345749761224,0.19854345749761224
8020,0.07116189850830086,8377,8026,0.19851975647606543,0.19851975647606543
8021,0.0710697490469932,8378,8027,0.19849606111243734,0.19849606111243734
8022,0.07105758643581708,8379,8028,0.19859171738870987,0.19859171738870987
8023,0.07104302192250732,8380,8029,0.19856801909307875,0.19856801909307875
8024,0.07102829541818219,8381,8030,0.1985443264526906,0.1985443264526906
8025,0.0709751086424637,8382,8031,0.19852063946552134,0.19852063946552134
8026,0.07094766241468067,8383,8032,0.1984969581295479,0.1984969581295479
8027,0.07092986315450057,8384,8033,0.1984732824427481,0.1984732824427481
8028,0.07092141763546563,8385,8034,0.19844961240310077,0.19844961240310077
8029,0.07090335159398638,8387,8035,0.19840228925718373,0.19840228925718373
8030,0.07090135567383873,8388,8036,0.19837863614687648,0.19837863614687648
8031,0.07086889224557232,8389,8037,0.1984741923948027,0.1984741923948027
8032,0.07085360117895308,8390,8038,0.19845053635280097,0.19845053635280097
8033,0.07083061697199687,8391,8039,0.19842688594923133,0.19842688594923133
8034,0.07076557011164968,8393,8040,0.1983796020493268,0.1983796020493268
8035,0.07076273095555646,8394,8041,0.19835596854896353,0.19835596854896353
8036,0.07076017063881082,8395,8042,0.1983323406789756,0.1983323406789756
8037,0.07075379007546953,8396,8043,0.19830871843735112,0.19830871843735112
8038,0.07073316108223614,8397,8044,0.1982851018220793,0.1982851018220793
8039,0.07071510130068942,8398,8045,0.19826149083115027,0.19826149083115027
8040,0.07065773282599429,8399,8046,0.19823788546255505,0.19823788546255505
8041,0.07065625930187183,8400,8047,0.1982142857142857,0.1982142857142857
8042,0.07061543142234757,8401,8048,0.1981906915843352,0.1981906915843352
8043,0.07060162383615276,8402,8049,0.19816710307069746,0.19816710307069746
8044,0.07053399574668269,8403,8050,0.19814352017136738,0.19814352017136738
8045,0.07045569878189227,8404,8051,0.1981199428843408,0.1981199428843408
8046,0.07044885749009955,8405,8052,0.1982153480071386,0.1982153480071386
8047,0.07044613527431587,8406,8053,0.19819176778491554,0.19819176778491554
8048,0.07043537677649987,8407,8054,0.19816819317235637,0.19816819317235637
8049,0.07040455119269734,8409,8055,0.19812106076822453,0.19812106076822453
8050,0.07037477369971837,8410,8056,0.19821640903686089,0.19821640903686089
8051,0.07037092342630051,8411,8057,0.19819284270598025,0.19819284270598025
8052,0.07036403161510923,8413,8058,0.19814572685130155,0.19814572685130155
8053,0.07034768064302603,8414,8059,0.19812217732350842,0.19812217732350842
8054,0.0703352937581864,8415,8060,0.19809863339275105,0.19809863339275105
8055,0.0703208021384002,8416,8061,0.19807509505703422,0.19807509505703422
8056,0.07028693157438969,8417,8062,0.1980515623143638,0.1980515623143638
8057,0.07025095567743916,8418,8063,0.1980280351627465,0.1980280351627465
8058,0.07024893582552236,8419,8064,0.19800451360019006,0.19800451360019006
8059,0.07014613237448325,8420,8065,0.1979809976247031,0.1979809976247031
8060,0.07012374632771376,8421,8066,0.1979574872342952,0.1979574872342952
8061,0.07004547463278316,8422,8067,0.19793398242697696,0.19793398242697696
8062,0.07004456362522328,8423,8068,0.19791048320075982,0.19791048320075982
8063,0.07003713721281381,8424,8069,0.19788698955365622,0.19788698955365622
8064,0.06998299211071043,8425,8070,0.19786350148367954,0.19786350148367954
8065,0.06997348790358261,8426,8071,0.19784001898884404,0.19784001898884404
8066,0.06993245717147112,8427,8072,0.19781654206716506,0.19781654206716506
8067,0.06988384070552683,8428,8073,0.19779307071665875,0.19779307071665875
8068,0.06983708569940172,8429,8074,0.19776960493534226,0.19776960493534226
8069,0.06983100710450971,8430,8075,0.1977461447212337,0.1977461447212337
8070,0.06981942148295064,8431,8076,0.19772269007235205,0.19772269007235205
8071,0.06980659625763645,8432,8077,0.19769924098671726,0.19769924098671726
8072,0.06966104010772323,8433,8078,0.19767579746235028,0.19767579746235028
8073,0.0696215095595981,8435,8079,0.197628927089508,0.197628927089508
8074,0.06958818945325525,8437,8080,0.19758207893801114,0.19758207893801114
8075,0.0694946713695112,8438,8081,0.19755866319032947,0.19755866319032947
8076,0.06948492248394213,8439,8082,0.19753525299206068,0.19753525299206068
8077,0.06940889098745216,8440,8083,0.19751184834123223,0.19751184834123223
8078,0.06938313015138664,8441,8084,0.19748844923587253,0.19748844923587253
8079,0.06936632045457253,8442,8085,0.1974650556740109,0.1974650556740109
8080,0.06922623863060687,8443,8086,0.19756010896600734,0.19756010896600734
8081,0.06918155601780072,8444,8087,0.19753671245855045,0.19753671245855045
8082,0.06914858909277387,8446,8088,0.19748993606440918,0.19748993606440918
8083,0.06913560262387422,8447,8089,0.1974665561737895,0.1974665561737895
8084,0.06913441310076646,8448,8090,0.19744318181818182,0.19744318181818182
8085,0.0690687955589761,8449,8091,0.19741981299562078,0.19741981299562078
8086,0.06901556404830218,8451,8092,0.19737309194178204,0.19737309194178204
8087,0.06893305621954032,8452,8093,0.19734973970657832,0.19734973970657832
8088,0.06891789609336699,8453,8094,0.19732639299656926,0.19732639299656926
8089,0.0689130136036396,8455,8095,0.19727971614429332,0.19727971614429332
8090,0.06888788888268944,8456,8096,0.19725638599810785,0.19725638599810785
8091,0.068813383604791,8457,8097,0.1972330613692799,0.1972330613692799
8092,0.0687989303929581,8458,8098,0.19720974225585244,0.19720974225585244
8093,0.0687673666562442,8459,8099,0.19730464593923633,0.19730464593923633
8094,0.06869346028376445,8460,8100,0.19728132387706857,0.19728132387706857
8095,0.06869284991948874,8461,8101,0.19725800732773904,0.19725800732773904
8096,0.06865679293250845,8463,8102,0.19721139075977787,0.19721139075977787
8097,0.0686564199042108,8464,8103,0.19718809073724008,0.19718809073724008
8098,0.06862331449164684,8465,8104,0.1971647962197283,0.1971647962197283
8099,0.06851924660729317,8466,8105,0.19714150720529175,0.19714150720529175
8100,0.06850334295223053,8467,8106,0.19711822369198062,0.19711822369198062
8101,0.06848335876513575,8468,8107,0.197094945677846,0.197094945677846
8102,0.06842543925256668,8469,8108,0.1970716731609399,0.1970716731609399
8103,0.06840726358038839,8470,8109,0.19704840613931524,0.19704840613931524
8104,0.06840664768497656,8471,8110,0.19702514461102585,0.19702514461102585
8105,0.06838244779531427,8472,8111,0.19700188857412654,0.19700188857412654
8106,0.06837359648194784,8473,8112,0.19697863802667295,0.19697863802667295
8107,0.06830900711350511,8474,8113,0.19695539296672174,0.19695539296672174
8108,0.06830101038478417,8475,8114,0.1969321533923304,0.1969321533923304
8109,0.06826511312103814,8476,8115,0.19690891930155735,0.19690891930155735
8110,0.06825533983873383,8477,8116,0.19688569069246195,0.19688569069246195
8111,0.0682389211753642,8478,8117,0.1968624675631045,0.1968624675631045
8112,0.06822656411987282,8480,8118,0.19681603773584905,0.19681603773584905
8113,0.06821658748341385,8481,8119,0.19679283103407616,0.19679283103407616
8114,0.0681864033498537,8482,8120,0.19676962980429144,0.19676962980429144
8115,0.06818488713125025,8483,8121,0.19674643404455971,0.19674643404455971
8116,0.06816639037769884,8484,8122,0.19672324375294672,0.19672324375294672
8117,0.06812138634197853,8485,8123,0.19670005892751916,0.19670005892751916
8118,0.06804512380184138,8486,8124,0.1967947207164742,0.1967947207164742
8119,0.06793118340014463,8487,8125,0.19677153293272062,0.19677153293272062
8120,0.06790426881879304,8488,8126,0.19686616399622997,0.19686616399622997
8121,0.06788170335061085,8489,8127,0.1968429732595123,0.1968429732595123
8122,0.06783583545299784,8490,8128,0.19693757361601885,0.19693757361601885
8123,0.0677663022009707,8491,8129,0.1969143799316924,0.1969143799316924
8124,0.0676588603478454,8493,8130,0.19686800894854586,0.19686800894854586
8125,0.06765115187676847,8494,8131,0.19684483164586766,0.19684483164586766
8126,0.06761135973400331,8495,8132,0.19682165979988228,0.19682165979988228
8127,0.06759990528333594,8496,8133,0.1967984934086629,0.1967984934086629
8128,0.06756895923810938,8498,8134,0.1967521769828195,0.1967521769828195
8129,0.06737919725902096,8499,8135,0.19672902694434638,0.19672902694434638
8130,0.06727912474779267,8500,8136,0.1968235294117647,0.1968235294117647
8131,0.06726772708674401,8501,8137,0.1968003764263028,0.1968003764263028
8132,0.06721327037448369,8503,8138,0.19675408679289663,0.19675408679289663
8133,0.06720310996108844,8505,8139,0.19670781893004116,0.19670781893004116
8134,0.06711722801504239,8507,8140,0.19666157282238156,0.19666157282238156
8135,0.06699755258463201,8508,8141,0.1966384579219558,0.1966384579219558
8136,0.06699490648633619,8509,8142,0.1966153484545775,0.1966153484545775
8137,0.06689003114295819,8510,8143,0.19659224441833137,0.19659224441833137
8138,0.06688324367420745,8511,8144,0.19656914581130303,0.19656914581130303
8139,0.06682865026918688,8512,8145,0.19654605263157895,0.19654605263157895
8140,0.06681731451387896,8513,8146,0.19652296487724658,0.19652296487724658
8141,0.06680057298724537,8514,8147,0.19649988254639417,0.19649988254639417
8142,0.06677393717991287,8515,8148,0.19647680563711098,0.19647680563711098
8143,0.06672578907573412,8516,8149,0.1964537341474871,0.1964537341474871
8144,0.06671455093089826,8517,8150,0.1964306680756135,0.1964306680756135
8145,0.06669330078574773,8518,8151,0.19640760741958208,0.19640760741958208
8146,0.066685649836412,8519,8152,0.19638455217748563,0.19638455217748563
8147,0.0665578969760003,8520,8153,0.19636150234741784,0.19636150234741784
8148,0.06648320635893129,8521,8154,0.19633845792747331,0.19633845792747331
8149,0.06636762681817869,8522,8155,0.19631541891574747,0.19631541891574747
8150,0.06633254587122561,8523,8156,0.19629238531033674,0.19629238531033674
8151,0.06629973275644833,8524,8157,0.19626935710933835,0.19626935710933835
8152,0.06628522109281909,8525,8158,0.19624633431085045,0.19624633431085045
8153,0.06625223281121866,8526,8159,0.1962233169129721,0.1962233169129721
8154,0.0661500008420218,8527,8160,0.19620030491380322,0.19620030491380322
8155,0.06614927886903639,8528,8161,0.19629455909943716,0.19629455909943716
8156,0.06614617861812515,8529,8162,0.19627154414351036,0.19627154414351036
8157,0.06599075519770567,8530,8163,0.1962485345838218,0.1962485345838218
8158,0.06598678079999884,8531,8164,0.1962255304184738,0.1962255304184738
8159,0.06597272950395422,8532,8165,0.19631973745897796,0.19631973745897796
8160,0.06590404392244871,8533,8166,0.19629673034102896,0.19629673034102896
8161,0.06588386001173775,8534,8167,0.19627372861495196,0.19627372861495196
8162,0.06582142715334709,8535,8168,0.19625073227885179,0.19625073227885179
8163,0.06578683837920177,8536,8169,0.19622774133083412,0.19622774133083412
8164,0.06575533835280069,8537,8170,0.1963218929366288,0.1963218929366288
8165,0.06567835586166149,8538,8171,0.19629889903958772,0.19629889903958772
8166,0.06559773915450405,8539,8172,0.1963930202599836,0.1963930202599836
8167,0.0655793861358511,8540,8173,0.19637002341920376,0.19637002341920376
8168,0.06540862474521279,8541,8174,0.1963470319634703,0.1963470319634703
8169,0.06538463837335966,8542,8175,0.19632404589089206,0.19632404589089206
8170,0.0653739550173584,8543,8176,0.1963010651995786,0.1963010651995786
8171,0.06535508751351424,8544,8177,0.19627808988764045,0.19627808988764045
8172,0.06528381319307772,8545,8178,0.196255119953189,0.196255119953189
8173,0.0652699791540792,8546,8179,0.19623215539433653,0.19623215539433653
8174,0.06523338961605243,8547,8180,0.19620919620919622,0.19620919620919622
8175,0.0651442258597769,8548,8181,0.1961862423958821,0.1961862423958821
8176,0.06512585159606647,8549,8182,0.19616329395250906,0.19616329395250906
8177,0.06509490120308269,8550,8183,0.19614035087719298,0.19614035087719298
8178,0.06498683139318819,8552,8184,0.19609448082319925,0.19609448082319925
8179,0.06492303197379112,8553,8185,0.19607155384075764,0.19607155384075764
8180,0.06489107935144495,8554,8186,0.196048632218845,0.196048632218845
8181,0.06477185286236634,8556,8187,0.19600280504908835,0.19600280504908835
8182,0.06477095536430102,8557,8188,0.19597989949748743,0.19597989949748743
8183,0.06472434606342656,8558,8189,0.19595699929890162,0.19595699929890162
8184,0.06470351966136323,8559,8190,0.19593410445145462,0.19593410445145462
8185,0.06465663065327211,8560,8191,0.19602803738317756,0.19602803738317756
8186,0.0645924118974593,8561,8192,0.1960051395864969,0.1960051395864969
8187,0.0645288545017544,8563,8193,0.19595936003737008,0.19595936003737008
8188,0.06447764419623887,8564,8194,0.19593647828117702,0.19593647828117702
8189,0.06436155682847759,8565,8195,0.19591360186806772,0.19591360186806772
8190,0.06435893018463627,8567,8196,0.1958678650636162,0.1958678650636162
8191,0.06433040508240322,8568,8197,0.19584500466853408,0.19584500466853408
8192,0.06431686284623792,8569,8198,0.1958221496090559,0.1958221496090559
8193,0.06425208945546082,8570,8199,0.19579929988331388,0.19579929988331388
8194,0.06413651395481804,8571,8200,0.19577645548944114,0.19577645548944114
8195,0.06409308017849277,8572,8201,0.19575361642557162,0.19575361642557162
8196,0.06404968763498936,8574,8202,0.19570795428038254,0.19570795428038254
8197,0.06400081637948525,8575,8203,0.1956851311953353,0.1956851311953353
8198,0.06385423095163459,8576,8204,0.19566231343283583,0.19566231343283583
8199,0.06383544680263699,8577,8205,0.1956395009910225,0.1956395009910225
8200,0.0638190335252851,8578,8206,0.1956166938680345,0.1956166938680345
8201,0.06378929163493118,8579,8207,0.1955938920620119,0.1955938920620119
8202,0.06378270591049963,8580,8208,0.19557109557109556,0.19557109557109556
8203,0.06353193167523208,8581,8209,0.19554830439342735,0.19554830439342735
8204,0.06341635285361027,8583,8210,0.19550273797040663,0.19550273797040663
8205,0.06338345101412193,8584,8211,0.19547996272134202,0.19547996272134202
8206,0.06330979521747149,8585,8212,0.19557367501456027,0.19557367501456027
8207,0.06328420617606358,8586,8213,0.19555089680875845,0.19555089680875845
8208,0.06321824266059684,8587,8214,0.19552812390823338,0.19552812390823338
8209,0.06304771421239623,8588,8215,0.1955053563111318,0.1955053563111318
8210,0.06298455681099152,8589,8216,0.19548259401560136,0.19548259401560136
8211,0.06296893932374525,8590,8217,0.19545983701979044,0.19545983701979044
8212,0.06276375844232324,8591,8218,0.19543708532184845,0.19543708532184845
8213,0.06274665201416159,8592,8219,0.19541433891992552,0.19541433891992552
8214,0.06265647447014977,8593,8220,0.1953915978121727,0.1953915978121727
8215,0.06264834907036304,8594,8221,0.19548522224808004,0.19548522224808004
8216,0.06257173425366236,8595,8222,0.19546247818499127,0.19546247818499127
8217,0.06254861968283472,8596,8223,0.19543973941368079,0.19543973941368079
8218,0.06250920168243433,8597,8224,0.19541700593230196,0.19541700593230196
8219,0.06250195470543296,8598,8225,0.19539427773900908,0.19539427773900908
8220,0.0624723896816613,8599,8226,0.1953715548319572,0.1953715548319572
8221,0.06241419932533846,8600,8227,0.19534883720930232,0.19534883720930232
8222,0.06235953134215168,8603,8228,0.19528071602929212,0.19528071602929212
8223,0.0623559681665182,8605,8229,0.19535153980244044,0.19535153980244044
8224,0.06234200607676947,8606,8230,0.1953288403439461,0.1953288403439461
8225,0.06232690587700855,8607,8231,0.19530614616010225,0.19530614616010225
8226,0.062014313050570036,8608,8232,0.19528345724907062,0.19528345724907062
8227,0.06200812699797439,8610,8233,0.19523809523809524,0.19523809523809524
8228,0.06192253234447412,8611,8234,0.19521542213447915,0.19521542213447915
8229,0.06189284390940227,8612,8235,0.19530887134231306,0.19530887134231306
8230,0.06172802154482516,8613,8236,0.19528619528619529,0.19528619528619529
8231,0.06156659082426771,8614,8237,0.19526352449500814,0.19526352449500814
8232,0.061451961137343684,8615,8238,0.19524085896691817,0.19524085896691817
8233,0.06144537590582783,8617,8239,0.19519554369270048,0.19519554369270048
8234,0.0613499345778675,8619,8240,0.19515024944889198,0.19515024944889198
8235,0.06133690278768717,8620,8241,0.1951276102088167,0.1951276102088167
8236,0.06120882813156664,8621,8242,0.19510497622085604,0.19510497622085604
8237,0.06106433999643506,8622,8243,0.19508234748318257,0.19508234748318257
8238,0.06103182622995499,8623,8244,0.19505972399396962,0.19505972399396962
8239,0.06094319742363688,8625,8245,0.19501449275362318,0.19501449275362318
8240,0.06091157170073606,8626,8246,0.1949918849988407,0.1949918849988407
8241,0.06088446901599474,8627,8247,0.19508519763533094,0.19508519763533094
8242,0.06081843860491955,8628,8248,0.1950625869262865,0.1950625869262865
8243,0.06056691590854911,8629,8249,0.1950399814578746,0.1950399814578746
8244,0.060533317901211435,8630,8250,0.19501738122827347,0.19501738122827347
8245,0.06038010563952583,8631,8251,0.19499478623566216,0.19499478623566216
8246,0.06034350594337328,8632,8252,0.19497219647822056,0.19497219647822056
8247,0.060339253086959956,8633,8253,0.1949496119541295,0.1949496119541295
8248,0.06029126984812716,8634,8254,0.19492703266157055,0.19492703266157055
8249,0.060216265108378644,8636,8255,0.19488188976377951,0.19488188976377951
8250,0.059944656918430345,8637,8256,0.1948593261549149,0.1948593261549149
8251,0.05982569397064331,8638,8257,0.1948367677703172,0.1948367677703172
8252,0.05973625492184895,8639,8258,0.19481421460817225,0.19481421460817225
8253,0.05969278430853033,8640,8259,0.19479166666666667,0.19479166666666667
8254,0.05965561864472035,8641,8260,0.19476912394398796,0.19476912394398796
8255,0.059581600470438256,8642,8261,0.19474658643832446,0.19474658643832446
8256,0.05956388349098716,8643,8262,0.1948397547147981,0.1948397547147981
8257,0.059360153660486435,8645,8263,0.19479467900520533,0.19479467900520533
8258,0.05935706105012964,8646,8264,0.19477214897062226,0.19477214897062226
8259,0.05932910290068246,8647,8265,0.19474962414710303,0.19474962414710303
8260,0.05905007583622101,8648,8266,0.19472710453283995,0.19472710453283995
8261,0.05891901278472132,8649,8267,0.19470459012602612,0.19470459012602612
8262,0.058762314846222255,8650,8268,0.1946820809248555,0.1946820809248555
8263,0.0585466273914597,8651,8269,0.19465957692752284,0.19465957692752284
8264,0.05837389100135997,8652,8270,0.19463707813222375,0.19463707813222375
8265,0.05810912703715697,8653,8271,0.19461458453715474,0.19461458453715474
8266,0.057915624343950825,8654,8272,0.19459209614051307,0.19459209614051307
8267,0.05790738584452787,8655,8273,0.19456961294049682,0.19456961294049682
8268,0.05777039704108167,8656,8274,0.19454713493530498,0.19454713493530498
8269,0.057502235787697045,8657,8275,0.19452466212313735,0.19452466212313735
8270,0.05743323021012934,8658,8276,0.1945021945021945,0.1945021945021945
8271,0.057333536454376034,8659,8277,0.1944797320706779,0.1944797320706779
8272,0.05731367428065435,8660,8278,0.19445727482678984,0.19445727482678984
8273,0.057287793683332956,8661,8279,0.1944348227687334,0.1944348227687334
8274,0.0570620629437535,8662,8280,0.1945278226737474,0.1945278226737474
8275,0.05672100349344055,8663,8281,0.19450536765554657,0.19450536765554657
8276,0.05671513889174986,8664,8282,0.19448291782086796,0.19448291782086796
8277,0.0566355519404426,8666,8283,0.19443803369489962,0.19443803369489962
8278,0.05651300281395136,8668,8284,0.19439317028149516,0.19439317028149516
8279,0.056437698176325324,8669,8285,0.19437074633752452,0.19437074633752452
8280,0.0563556759836697,8670,8286,0.19434832756632064,0.19434832756632064
8281,0.05616494439798979,8671,8287,0.1943259139660939,0.1943259139660939
8282,0.056065065780582124,8672,8288,0.19430350553505535,0.19430350553505535
8283,0.05599228669200629,8673,8289,0.19428110227141704,0.19428110227141704
8284,0.05555341450061885,8674,8290,0.19425870417339175,0.19425870417339175
8285,0.05521534202236609,8675,8291,0.19423631123919308,0.19423631123919308
8286,0.055211948926665665,8677,8292,0.19419154085513426,0.19419154085513426
8287,0.055150737327703016,8678,8293,0.19416916340170545,0.19416916340170545
8288,0.05483150863801843,8680,8294,0.19412442396313365,0.19412442396313365
8289,0.05482056298678526,8681,8295,0.19410206197442692,0.19410206197442692
8290,0.05479890919553305,8683,8296,0.1940573534492687,0.1940573534492687
8291,0.0540149936655571,8684,8297,0.1940350069092584,0.1940350069092584
8292,0.053997147565934434,8685,8298,0.1940126655152562,0.1940126655152562
8293,0.05380699661775161,8686,8299,0.19399032926548468,0.19399032926548468
8294,0.05375167713375825,8687,8300,0.19396799815816737,0.19396799815816737
8295,0.05352306716753576,8688,8301,0.19394567219152856,0.19394567219152856
8296,0.05333654023135251,8689,8302,0.1939233513637933,0.1939233513637933
8297,0.05332737610109337,8690,8303,0.19390103567318756,0.19390103567318756
8298,0.05332593309220955,8691,8304,0.1938787251179381,0.1938787251179381
8299,0.0531926450285664,8692,8305,0.19385641969627243,0.19385641969627243
8300,0.053170445924254954,8693,8306,0.19383411940641895,0.19383411940641895
8301,0.05252821118944517,8695,8307,0.19378953421506612,0.19378953421506612
8302,0.05221086218415503,8696,8308,0.1937672493100276,0.1937672493100276
8303,0.052080065764684116,8697,8309,0.1937449695297229,0.1937449695297229
8304,0.051537641887972156,8698,8310,0.19372269487238444,0.19372269487238444
8305,0.051522107014007494,8699,8311,0.19370042533624554,0.19370042533624554
8306,0.051445821761060335,8700,8312,0.19367816091954024,0.19367816091954024
8307,0.05143985546519488,8701,8313,0.1936559016205034,0.1936559016205034
8308,0.050893079124436726,8703,8314,0.1936113983683787,0.1936113983683787
8309,0.04964352913481756,8705,8315,0.1935669155657668,0.1935669155657668
8310,0.049524950515564145,8706,8316,0.19354468182862394,0.19354468182862394
8311,0.04707610757244302,8707,8317,0.19352245319857586,0.19352245319857586
8312,0.04679708373517705,8708,8318,0.19350022967386313,0.19350022967386313
