,raw,sigmoid,isotonic,inner_selected,target,outer_fold
0,0.47576796944211686,0.22786894901632873,0.2572178477690289,0.22786894901632873,false,5
1,0.2516612702403185,0.09025810852877786,0.07564422277639235,0.09025810852877786,true,1
2,0.5958922856006782,0.34902470745261593,0.3566666666666667,0.34902470745261593,true,4
3,0.566398778747894,0.31690075612727936,0.28969957081545067,0.31690075612727936,true,4
4,0.4868119222461339,0.23695959602405497,0.2408026755852843,0.23695959602405497,true,3
5,0.4643130011549767,0.21865692549684584,0.21678321678321674,0.21865692549684584,true,5
6,0.6060920877149136,0.35578337867561194,0.3425925925925926,0.35578337867561194,true,3
7,0.2605522469532785,0.09373852966481618,0.07591240875912408,0.09373852966481618,true,4
9,0.8978368542567651,0.6763660085474583,0.7333333333333333,0.6763660085474583,true,5
10,0.6151856090374099,0.3615391546676118,0.34049079754601225,0.3615391546676118,true,2
11,0.6456219834641466,0.4062935919312634,0.44015444015444016,0.4062935919312634,true,4
12,0.304616375080575,0.11772378156967148,0.11458333333333333,0.11772378156967148,true,5
13,0.5626512329452311,0.3063095822694368,0.2698412698412698,0.3063095822694368,true,5
15,0.8397800807958515,0.637869617675915,0.7468354430379747,0.637869617675915,true,1
16,0.45306344626268663,0.2101237123577401,0.1884469696969697,0.2101237123577401,true,4
18,0.35429671677112745,0.14078066100098666,0.13894736842105262,0.14078066100098666,true,4
20,0.7472166996966783,0.509639547805168,0.49159663865546216,0.509639547805168,true,5
21,0.5592360669831278,0.30341252859443424,0.2683397683397683,0.30341252859443424,true,2
22,0.715395624609823,0.472772124154246,0.49159663865546216,0.472772124154246,true,5
24,0.4364085404180306,0.19667990073250546,0.19701986754966888,0.19667990073250546,true,2
25,0.7382735754153954,0.5188225585905609,0.5164835164835165,0.5188225585905609,true,4
26,0.4864756678436591,0.23831147518822057,0.22487223168654175,0.23831147518822057,true,1
27,0.6072292096786142,0.36176782290412657,0.3566666666666667,0.36176782290412657,true,4
28,0.6329332372556005,0.3913665346923343,0.3566666666666667,0.3913665346923343,true,4
29,0.5860648595300759,0.3339496935378235,0.3425925925925926,0.3339496935378235,true,3
30,0.38025586049650556,0.15931183502168633,0.14814814814814814,0.15931183502168633,true,5
31,0.4174890114871575,0.18261336258633157,0.1884469696969697,0.18261336258633157,true,4
32,0.40159673697526466,0.17301891880704745,0.19455252918287938,0.17301891880704745,true,5
34,0.4433497069651061,0.2025010224959179,0.20187793427230047,0.2025010224959179,true,5
35,0.6344680423334728,0.39219468329048984,0.391304347826087,0.39219468329048984,true,1
36,0.5623156738258421,0.30647389736057373,0.2683397683397683,0.30647389736057373,true,2
38,0.24700182171018623,0.0882405550785037,0.07591240875912408,0.0882405550785037,true,4
39,0.547936413378249,0.2943390330479033,0.2638297872340426,0.2943390330479033,true,3
40,0.3392190735006957,0.13544128706721048,0.14814814814814814,0.13544128706721048,true,5
41,0.4465215273041283,0.20488708798666413,0.21678321678321674,0.20488708798666413,true,5
42,0.6081147547312624,0.3580240837554179,0.345679012345679,0.3580240837554179,true,3
43,0.7513127428603338,0.5333047584876972,0.5255813953488372,0.5333047584876972,true,1
44,0.6832699647544846,0.45031564350954034,0.5,0.45031564350954034,true,1
45,0.5647172530865702,0.3083493642882679,0.2698412698412698,0.3083493642882679,true,5
46,0.6985186821470389,0.45565483066924406,0.4634146341463415,0.45565483066924406,true,2
47,0.29158338217403623,0.11042345913459688,0.10574712643678161,0.11042345913459688,true,2
48,0.7581383961038648,0.5222893386108514,0.575,0.5222893386108514,true,5
49,0.8370757159904842,0.6348086021294059,0.7468354430379747,0.6348086021294059,true,1
51,0.6072652189372606,0.36097123426598465,0.3196731352200394,0.36097123426598465,true,1
52,0.3517936393059852,0.1424166263313118,0.14814814814814814,0.1424166263313118,true,5
53,0.5212896008839523,0.2683492342356496,0.25,0.2683492342356496,true,3
54,0.6633859732956067,0.4213624808503243,0.449438202247191,0.4213624808503243,true,3
57,0.8093829765484637,0.5956747084291315,0.6384730232013452,0.5956747084291315,true,3
58,0.6613877545711166,0.4190128092676165,0.449438202247191,0.4190128092676165,true,3
61,0.19733395430862286,0.07388668377142413,0.08464419475655428,0.07388668377142413,true,2
62,0.6012103491370449,0.35040150939387255,0.3425925925925926,0.35040150939387255,true,3
63,0.7224818665552059,0.499459261420913,0.5,0.499459261420913,true,4
64,0.6647056767859126,0.427955535817377,0.391304347826087,0.427955535817377,true,1
66,0.3290534146774193,0.12665694073027003,0.12396694214876033,0.12665694073027003,true,3
68,0.20570327913154313,0.07661800920416628,0.08464419475655428,0.07661800920416628,true,2
69,0.26305159498435904,0.09493838444412016,0.09781477627471384,0.09493838444412016,true,1
70,0.6793006347371682,0.4455146375005624,0.4583333333333333,0.4455146375005624,true,1
71,0.2503491929093101,0.08973252852291067,0.07564422277639235,0.08973252852291067,true,1
72,0.5787198772353571,0.32942812958260437,0.31493506493506496,0.32942812958260437,true,1
73,0.717876852443139,0.4756413693466841,0.49159663865546216,0.4756413693466841,true,5
75,0.30559178871624054,0.11465149350831927,0.10187667560321716,0.11465149350831927,true,3
76,0.40251930000598896,0.17277017783152904,0.16071428571428573,0.17277017783152904,true,2
77,0.21310340518477944,0.08027693326330443,0.08004509582863585,0.08027693326330443,true,5
79,0.2476756807706424,0.0886701282511684,0.07564422277639235,0.0886701282511684,true,1
80,0.20016238814157944,0.07222911042882273,0.07043343653250773,0.07222911042882273,true,3
82,0.8465099908655662,0.6471269616123284,0.6956521739130435,0.6471269616123284,true,4
84,0.5105723275071355,0.2583156969922478,0.25,0.2583156969922478,true,3
85,0.7456235808490725,0.5199241594074667,0.4747191011235955,0.5199241594074667,true,3
87,0.6204078029496398,0.375928035231873,0.38095238095238093,0.375928035231873,true,1
88,0.7055648981806394,0.46386302274951724,0.4634146341463415,0.46386302274951724,true,2
89,0.5387110486952189,0.2851761568371073,0.2638297872340426,0.2851761568371073,true,3
96,0.32829014434107534,0.12612333323605923,0.12310606060606061,0.12612333323605923,true,1
97,0.18464949031746833,0.07105758643581708,0.08004509582863585,0.07105758643581708,true,5
98,0.7672106378370409,0.5525988339083084,0.5255813953488372,0.5525988339083084,true,1
99,0.42404764280454216,0.18746629250236965,0.1884469696969697,0.18746629250236965,true,4
101,0.27311890450894843,0.10219927533367704,0.08464419475655428,0.10219927533367704,true,2
104,0.43825437123598104,0.19831693067418604,0.1884469696969697,0.19831693067418604,true,4
105,0.5565245143757998,0.3007313805223092,0.2683397683397683,0.3007313805223092,true,2
107,0.5768365059546446,0.3273963621322384,0.31493506493506496,0.3273963621322384,true,1
109,0.4727780061572125,0.2266294602750506,0.23670212765957446,0.2266294602750506,true,4
110,0.446851451159478,0.20386813619153518,0.22486288848263253,0.20386813619153518,true,3
111,0.2829801600575863,0.10403072335922765,0.09375,0.10403072335922765,true,3
112,0.4714512887419635,0.22522955098118178,0.22487223168654175,0.22522955098118178,true,1
113,0.44037775393388884,0.19981770384296488,0.19471153846153846,0.19981770384296488,true,1
114,0.6265904750533763,0.3830488865490371,0.38095238095238093,0.3830488865490371,true,1
115,0.7410553165746012,0.5222292456860225,0.5164835164835165,0.5222292456860225,true,4
116,0.6315891102309326,0.37808041433925205,0.3416666666666667,0.37808041433925205,true,5
117,0.47558342300228645,0.22730073865697234,0.22486288848263253,0.22730073865697234,true,3
118,0.33451836886874387,0.1318095811278609,0.13073170731707318,0.1318095811278609,true,2
119,0.7424203036225556,0.5239001544173215,0.5164835164835165,0.5239001544173215,true,4
120,0.49221619910324826,0.2415686297233013,0.2572178477690289,0.2415686297233013,true,5
121,0.48409859091622565,0.234738192068227,0.2572178477690289,0.234738192068227,true,5
122,0.2068105633425558,0.07814832372921617,0.08004509582863585,0.07814832372921617,true,5
123,0.43333574501657635,0.1945076376312931,0.1884469696969697,0.1945076376312931,true,4
124,0.3930854913524544,0.16744351391760826,0.1651376146788991,0.16744351391760826,true,5
125,0.33935258946516633,0.13551381349498348,0.14814814814814814,0.13551381349498348,true,5
126,0.36630490463271803,0.1508358762070964,0.14814814814814814,0.1508358762070964,true,5
127,0.4956205418606441,0.24652552468601738,0.22487223168654175,0.24652552468601738,true,1
128,0.4109875005932432,0.1793396775853413,0.19455252918287938,0.1793396775853413,true,5
129,0.4256465281488726,0.1877590612651233,0.19718309859154928,0.1877590612651233,true,3
130,0.2521851513299981,0.09096964220704701,0.08676789587852494,0.09096964220704701,true,3
131,0.44062919491890395,0.19903711520123757,0.22486288848263253,0.19903711520123757,true,3
132,0.519310543244098,0.26911642123215385,0.28969957081545067,0.26911642123215385,true,4
133,0.25713559673163505,0.09670585653155052,0.0974264705882353,0.09670585653155052,true,5
134,0.46495528957637,0.21869490732754726,0.2349570200573066,0.21869490732754726,true,2
135,0.6413108688149903,0.40120104784771893,0.44015444015444016,0.40120104784771893,true,4
136,0.48736045504041436,0.2390979224800598,0.22487223168654175,0.2390979224800598,true,1
138,0.5101316640228757,0.2599453630756677,0.24489795918367344,0.2599453630756677,true,1
139,0.5074196743717753,0.2554111539378477,0.25,0.2554111539378477,true,3
140,0.5949834332777505,0.34723303220742,0.31493506493506496,0.34723303220742,true,1
141,0.7354552171283365,0.5076646566497274,0.4747191011235955,0.5076646566497274,true,3
142,0.532259698945715,0.2813005645097148,0.24489795918367344,0.2813005645097148,true,1
143,0.4877163810431054,0.239414790541652,0.22487223168654175,0.239414790541652,true,1
144,0.6270389729897863,0.37927835252563985,0.345679012345679,0.37927835252563985,true,3
145,0.3955070746915594,0.16657386877374566,0.1753846153846154,0.16657386877374566,true,3
146,0.6689090339143131,0.4329959954710976,0.391304347826087,0.4329959954710976,true,1
147,0.6817299922439065,0.4484518585165342,0.4583333333333333,0.4484518585165342,true,1
148,0.5971483064806291,0.3496369946669251,0.31493506493506496,0.3496369946669251,true,1
149,0.564426230420743,0.30858187681840266,0.3333333333333333,0.30858187681840266,true,2
150,0.4088012210165573,0.17633599551714038,0.1884469696969697,0.17633599551714038,true,4
151,0.48550158201598065,0.2374477121599824,0.22487223168654175,0.2374477121599824,true,1
152,0.5054430437671147,0.2555579890847816,0.22487223168654175,0.2555579890847816,true,1
153,0.45249091007060116,0.208321558106116,0.22486288848263253,0.208321558106116,true,3
154,0.38488582321263515,0.16220885825785925,0.14814814814814814,0.16220885825785925,true,5
155,0.5432618980629673,0.2878148014365141,0.2683397683397683,0.2878148014365141,true,2
157,0.2671575219303607,0.09667811036660941,0.09781477627471384,0.09667811036660941,true,1
158,0.5981627301600473,0.3470607629346206,0.3425925925925926,0.3470607629346206,true,3
160,0.4136335712692533,0.17971999157959445,0.19471153846153846,0.17971999157959445,true,1
161,0.21192121753573034,0.07551784727925345,0.07564422277639235,0.07551784727925345,true,1
162,0.5976101636415373,0.34645664769739803,0.3425925925925926,0.34645664769739803,true,3
163,0.4487718265841321,0.20664990210760797,0.1884469696969697,0.20664990210760797,true,4
164,0.4724431017894892,0.22475479834713136,0.2349570200573066,0.22475479834713136,true,2
165,0.38981208390274574,0.16533776706610065,0.1651376146788991,0.16533776706610065,true,5
166,0.5302405113705998,0.2797952353357495,0.28969957081545067,0.2797952353357495,true,4
167,0.6776233120330954,0.4314715580727,0.4340659340659341,0.4314715580727,true,2
169,0.5443271219096705,0.2933860568933245,0.3,0.2933860568933245,true,1
170,0.6102493440066759,0.36519650514403557,0.3566666666666667,0.36519650514403557,true,4
171,0.44838843826974184,0.20615627869411632,0.19471153846153846,0.20615627869411632,true,1
172,0.4551729454474479,0.21095667770202908,0.2349570200573066,0.21095667770202908,true,2
173,0.8299308561256143,0.6040050940451207,0.6551724137931034,0.6040050940451207,true,5
174,0.2071246625250538,0.07451357859581148,0.07043343653250773,0.07451357859581148,true,3
175,0.3926657880207643,0.16509405880029618,0.19471153846153846,0.16509405880029618,true,1
177,0.41649060300769764,0.18233706348911624,0.19701986754966888,0.18233706348911624,true,2
178,0.39593381527297383,0.16929319423962536,0.18181818181818182,0.16929319423962536,true,5
179,0.5392353685217514,0.28824970620103574,0.3,0.28824970620103574,true,1
181,0.42138353222524944,0.18548316955185923,0.1884469696969697,0.18548316955185923,true,4
182,0.4134312303128408,0.17957413647870854,0.19471153846153846,0.17957413647870854,true,1
183,0.4631382056929955,0.21692393830527193,0.22486288848263253,0.21692393830527193,true,3
184,0.4178504331428454,0.18328985324503058,0.19701986754966888,0.18328985324503058,true,2
185,0.21924099122525686,0.0824038734115919,0.08004509582863585,0.0824038734115919,true,5
186,0.47402955895496895,0.2264535013594465,0.2572178477690289,0.2264535013594465,true,5
187,0.427289316002552,0.19073802828391356,0.20187793427230047,0.19073802828391356,true,5
188,0.4733538154383528,0.22685755284898074,0.22487223168654175,0.22685755284898074,true,1
190,0.6709651983363593,0.4238283472043469,0.4340659340659341,0.4238283472043469,true,2
191,0.37721882694911196,0.15743439604967413,0.14814814814814814,0.15743439604967413,true,5
192,0.7367799298052424,0.4975396411647398,0.49159663865546216,0.4975396411647398,true,5
194,0.3520439584678053,0.14255847684429335,0.14814814814814814,0.14255847684429335,true,5
195,0.41858028306483674,0.1833145814772058,0.19471153846153846,0.1833145814772058,true,1
196,0.27775562833284484,0.10130077941664754,0.09781477627471384,0.10130077941664754,true,1
198,0.6975904362985978,0.45457520623533343,0.4340659340659341,0.45457520623533343,true,2
200,0.3502266059232674,0.13843101871916097,0.12310606060606061,0.13843101871916097,true,1
201,0.5402922746938992,0.2847281855102914,0.2572178477690289,0.2847281855102914,true,5
202,0.4514851950864271,0.20752213453414256,0.22486288848263253,0.20752213453414256,true,3
203,0.7420692776009841,0.5156408796375654,0.4747191011235955,0.5156408796375654,true,3
204,0.4372186064352476,0.19642583160042532,0.22486288848263253,0.19642583160042532,true,3
205,0.32109879650629203,0.12477245949945812,0.13073170731707318,0.12477245949945812,true,2
206,0.4085202788553783,0.17606245471270868,0.19471153846153846,0.17606245471270868,true,1
208,0.5586307846099249,0.3028128639278671,0.2683397683397683,0.3028128639278671,true,2
209,0.6461168661601612,0.39565114559141507,0.4,0.39565114559141507,true,2
210,0.3264375891713244,0.12512801504190887,0.102803738317757,0.12512801504190887,true,1
211,0.4002682260293851,0.17033679166624288,0.1884469696969697,0.17033679166624288,true,4
212,0.22366367471787854,0.08396819212137673,0.08004509582863585,0.08396819212137673,true,5
213,0.23434560801523563,0.0866790670415068,0.08464419475655428,0.0866790670415068,true,2
214,0.44027737769235087,0.20020962643138543,0.20187793427230047,0.20020962643138543,true,5
215,0.6453533865428396,0.3947952540609892,0.38461538461538464,0.3947952540609892,true,2
217,0.18640611359903594,0.06790426881879304,0.07043343653250773,0.06790426881879304,true,3
218,0.46787398477183345,0.22083178312354332,0.22486288848263253,0.22083178312354332,true,3
219,0.4741095880800569,0.22651852587326943,0.2572178477690289,0.22651852587326943,true,5
221,0.4292244949421518,0.19212724899068542,0.20187793427230047,0.19212724899068542,true,5
222,0.16224300748583623,0.06088446901599474,0.07043343653250773,0.06088446901599474,true,3
223,0.20302898325118515,0.07253683467630483,0.07564422277639235,0.07253683467630483,true,1
224,0.25107118288034813,0.08986033295572626,0.07591240875912408,0.08986033295572626,true,4
226,0.3895455730085721,0.16261758333616724,0.1753846153846154,0.16261758333616724,true,3
227,0.2778087590095362,0.10132444049205294,0.09781477627471384,0.10132444049205294,true,1
228,0.6854411855590739,0.45414944112868955,0.44015444015444016,0.45414944112868955,true,4
231,0.4141378527347591,0.17943437549516292,0.1753846153846154,0.17943437549516292,true,3
232,0.4531280462294475,0.20992378909511808,0.21678321678321674,0.20992378909511808,true,5
233,0.36532699081729275,0.14747753344153622,0.15702479338842976,0.14747753344153622,true,1
234,0.6956009375891131,0.46653367323736855,0.44015444015444016,0.46653367323736855,true,4
235,0.17999828127618034,0.06597272950395422,0.07043343653250773,0.06597272950395422,true,3
236,0.2614272236169507,0.09410390175307408,0.07591240875912408,0.09410390175307408,true,4
237,0.19823861899528614,0.0716093617648575,0.07043343653250773,0.0716093617648575,true,3
238,0.666990959024902,0.42561047555283116,0.449438202247191,0.42561047555283116,true,3
240,0.23519169729275563,0.08368802768350161,0.07591240875912408,0.08368802768350161,true,4
242,0.5766736512608169,0.3272209778802086,0.31493506493506496,0.3272209778802086,true,1
243,0.19466980588383692,0.07303621033453504,0.08464419475655428,0.07303621033453504,true,2
246,0.7954330584270654,0.5687350328992894,0.5714285714285714,0.5687350328992894,true,2
247,0.5856640272661476,0.3335195182799951,0.3425925925925926,0.3335195182799951,true,3
249,0.5556086128540368,0.3049544634230449,0.3023255813953488,0.3049544634230449,true,1
250,0.47558906344039614,0.22730552012998453,0.22486288848263253,0.22730552012998453,true,3
251,0.5405294782130727,0.2895500722961973,0.3,0.2895500722961973,true,1
252,0.643572087065849,0.39823734553912704,0.345679012345679,0.39823734553912704,true,3
253,0.5514517268746375,0.3006620695592433,0.3023255813953488,0.3006620695592433,true,1
255,0.6099931585229523,0.36405473932826127,0.38095238095238093,0.36405473932826127,true,1
258,0.34592555847241846,0.13594189197121226,0.14937759336099585,0.13594189197121226,true,3
259,0.3524179333816824,0.14171701272242834,0.13073170731707318,0.14171701272242834,true,2
260,0.8817339320997364,0.6855239549807512,0.6956521739130435,0.6855239549807512,true,4
261,0.3962046323888895,0.16704179330432153,0.1753846153846154,0.16704179330432153,true,3
262,0.45631417542715597,0.21184900163071166,0.2349570200573066,0.21184900163071166,true,2
263,0.46409600561709285,0.21771023862385422,0.22486288848263253,0.21771023862385422,true,3
264,0.7780943858386591,0.5672705633564717,0.5979381443298969,0.5672705633564717,true,4
265,0.2984577198886503,0.11077796186259238,0.1111111111111111,0.11077796186259238,true,4
266,0.2664201194645232,0.0962133395004329,0.07591240875912408,0.0962133395004329,true,4
267,0.4545549890602099,0.2099693556640546,0.22486288848263253,0.2099693556640546,true,3
268,0.36410838618893143,0.1485180184908919,0.14182692307692307,0.1485180184908919,true,2
269,0.24912798868827418,0.08924583009834469,0.07564422277639235,0.08924583009834469,true,1
270,0.21641914664191347,0.07706821553201337,0.07564422277639235,0.07706821553201337,true,1
271,0.36634403723682074,0.14984890805963813,0.14182692307692307,0.14984890805963813,true,2
273,0.39285803278980613,0.1663897847807218,0.16071428571428573,0.1663897847807218,true,2
274,0.8623334497318915,0.6393307559505624,0.675,0.6393307559505624,true,5
275,0.7018298212517309,0.47414780823719116,0.44015444015444016,0.47414780823719116,true,4
276,0.4251489399819491,0.18921045801601666,0.19696969696969696,0.18921045801601666,true,5
277,0.5881866631856046,0.34048359269978923,0.30769230769230776,0.34048359269978923,true,4
278,0.36840833923082483,0.14919879952233556,0.17279411764705882,0.14919879952233556,true,3
280,0.6336584260581664,0.3922144798988183,0.3566666666666667,0.3922144798988183,true,4
281,0.6406721507149399,0.38956166963350597,0.36363636363636365,0.38956166963350597,true,2
282,0.7639572603873702,0.532221967924539,0.532258064516129,0.532221967924539,true,2
283,0.4035830569379477,0.17264782817818097,0.1884469696969697,0.17264782817818097,true,4
284,0.9261723834614844,0.7044413783995239,0.8791947081768647,0.7044413783995239,true,5
285,0.8858337578839923,0.6805860563829069,0.7291666666666666,0.6805860563829069,true,3
286,0.6697916930086515,0.43405623737003235,0.4,0.43405623737003235,true,1
287,0.8746550152006816,0.6566165332126072,0.7272727272727273,0.6566165332126072,true,2
288,0.36816628711317895,0.14921589819131045,0.13894736842105262,0.14921589819131045,true,4
289,0.43840090240666607,0.19843127021591528,0.1884469696969697,0.19843127021591528,true,4
290,0.49483695431795477,0.24403409194967063,0.2408026755852843,0.24403409194967063,true,3
291,0.3852011398652123,0.15978239833759464,0.1753846153846154,0.15978239833759464,true,3
292,0.5563252608785575,0.30629852173809546,0.28969957081545067,0.30629852173809546,true,4
293,0.45417341146303125,0.21072903502758247,0.21678321678321674,0.21072903502758247,true,5
294,0.4166479991100636,0.18244714868939316,0.19701986754966888,0.18244714868939316,true,2
295,0.8904897534928345,0.6731615184123394,0.7272727272727273,0.6731615184123394,true,2
296,0.5668650072510159,0.31739620334744695,0.28969957081545067,0.31739620334744695,true,4
297,0.3170229478465212,0.12017338355561374,0.102803738317757,0.12017338355561374,true,1
298,0.5490637204059378,0.29547040561542437,0.2638297872340426,0.29547040561542437,true,3
299,0.45882058892097743,0.21485079077786287,0.21875,0.21485079077786287,true,4
301,0.4695804922845968,0.22363679828030925,0.22487223168654175,0.22363679828030925,true,1
302,0.5078036131940942,0.25776079745746516,0.24489795918367344,0.25776079745746516,true,1
303,0.4401159688909457,0.19944169216909266,0.19701986754966888,0.19944169216909266,true,2
304,0.38966335109580896,0.16524259514623793,0.1651376146788991,0.16524259514623793,true,5
305,0.5594416482019345,0.3095573277199985,0.28969957081545067,0.3095573277199985,true,4
306,0.87522761549639,0.6786008963265513,0.6956521739130435,0.6786008963265513,true,4
307,0.8496380136855513,0.625645501141533,0.675,0.625645501141533,true,5
308,0.672660673606947,0.4386526552091796,0.44015444015444016,0.4386526552091796,true,4
309,0.8992211596441558,0.7020060488333579,0.8333333333333334,0.7020060488333579,true,1
310,0.7432018038530859,0.5079296305091038,0.532258064516129,0.5079296305091038,true,2
311,0.8126328355668406,0.6083070195550987,0.5979381443298969,0.6083070195550987,true,4
312,0.3042532220311898,0.11754895866702367,0.11458333333333333,0.11754895866702367,true,5
314,0.7618037229535226,0.5265290208918952,0.575,0.5265290208918952,true,5
315,0.7087985093562694,0.4813761742343759,0.5255813953488372,0.4813761742343759,true,1
316,0.8718088750862427,0.6749312189898325,0.6956521739130435,0.6749312189898325,true,4
317,0.4508598902683426,0.20760921027446674,0.2349570200573066,0.20760921027446674,true,2
318,0.4805419083628052,0.2333760982433907,0.23670212765957446,0.2333760982433907,true,4
319,0.5791303051631218,0.3298717468995373,0.31493506493506496,0.3298717468995373,true,1
320,0.49204715979985686,0.24117946400942597,0.2612612612612612,0.24117946400942597,true,2
322,0.5102964269590525,0.2572626803481798,0.2572178477690289,0.2572626803481798,true,5
323,0.40183326131263114,0.17136789427300886,0.19471153846153846,0.17136789427300886,true,1
324,0.3577347772968929,0.1458152159620835,0.14814814814814814,0.1458152159620835,true,5
326,0.48097492599592007,0.23190355513626107,0.2408026755852843,0.23190355513626107,true,3
327,0.5074146887357668,0.2554065776988265,0.25,0.2554065776988265,true,3
332,0.4921218732049228,0.24369579733798236,0.2692307692307692,0.24369579733798236,true,4
333,0.4100305356448397,0.17713661063002276,0.19471153846153846,0.17713661063002276,true,1
334,0.33105595143127436,0.12996232630026633,0.13073170731707318,0.12996232630026633,true,2
335,0.7428512105498539,0.5075186475600949,0.532258064516129,0.5075186475600949,true,2
336,0.33164706566019475,0.13138146279910043,0.12717770034843207,0.13138146279910043,true,5
338,0.41562920746834126,0.1825299553267064,0.19455252918287938,0.1825299553267064,true,5
339,0.4247224360288051,0.18785512800122933,0.19471153846153846,0.18785512800122933,true,1
341,0.3654107894733768,0.14752907392460315,0.15702479338842976,0.14752907392460315,true,1
344,0.23473375026013485,0.0835158704025632,0.07591240875912408,0.0835158704025632,true,4
345,0.45582015033458,0.21216874792521168,0.22487223168654175,0.21216874792521168,true,1
346,0.5730068792047767,0.3166086449162896,0.2698412698412698,0.3166086449162896,true,5
347,0.1719928759511064,0.06727912474779267,0.07586206896551724,0.06727912474779267,true,5
348,0.6552488510855905,0.4042053890975031,0.4339622641509434,0.4042053890975031,true,5
349,0.38632198054116434,0.1608614153501723,0.19471153846153846,0.1608614153501723,true,1
350,0.37742587073791706,0.15756181320152035,0.14814814814814814,0.15756181320152035,true,5
351,0.20792095203333985,0.07477905199192374,0.07043343653250773,0.07477905199192374,true,3
352,0.625817844406057,0.3731273671378291,0.34049079754601225,0.3731273671378291,true,2
353,0.4311033312398466,0.19279712116668807,0.1884469696969697,0.19279712116668807,true,4
354,0.6865858908702358,0.4418113056905621,0.4340659340659341,0.4418113056905621,true,2
355,0.5618341238215261,0.30599406273101304,0.2683397683397683,0.30599406273101304,true,2
357,0.4174746760315251,0.18181792963824125,0.1753846153846154,0.18181792963824125,true,3
358,0.4240416477066493,0.1874618115885627,0.1884469696969697,0.1874618115885627,true,4
359,0.5043843038029923,0.2545740317854426,0.22487223168654175,0.2545740317854426,true,1
360,0.7724385092895322,0.5421112055027206,0.532258064516129,0.5421112055027206,true,2
361,0.4965739437829278,0.2450863405143641,0.2612612612612612,0.2450863405143641,true,2
362,0.43558843685895965,0.1960984955129447,0.19471153846153846,0.1960984955129447,true,1
364,0.3191646427746269,0.12147086372924563,0.12396694214876033,0.12147086372924563,true,3
365,0.6337675026971531,0.38188884688482944,0.34049079754601225,0.38188884688482944,true,2
366,0.20755115291716478,0.0783961270396736,0.08004509582863585,0.0783961270396736,true,5
367,0.5092505644398706,0.2563369292665754,0.2572178477690289,0.2563369292665754,true,5
368,0.5784333609790695,0.32207900827751657,0.3174061433447099,0.32207900827751657,true,5
369,0.3378848416514839,0.1314474213526116,0.14814814814814814,0.1314474213526116,true,3
371,0.5635153823648686,0.31321290573814214,0.31493506493506496,0.31321290573814214,true,1
373,0.32926021489880297,0.12664721850565636,0.12310606060606061,0.12664721850565636,true,1
375,0.3393186366889105,0.13223951566340086,0.14814814814814814,0.13223951566340086,true,3
376,0.30989427247098517,0.11677630818866556,0.10569105691056911,0.11677630818866556,true,3
377,0.4323170662228498,0.19366565585654694,0.19701986754966888,0.19366565585654694,true,2
378,0.40253733334268355,0.17185746635623536,0.19471153846153846,0.17185746635623536,true,1
379,0.9283857902838494,0.7110021306950355,0.7272727272727273,0.7110021306950355,true,2
380,0.2506973086973081,0.08987170409543656,0.07564422277639235,0.08987170409543656,true,1
382,0.6992070093043472,0.46398951957978546,0.4747191011235955,0.46398951957978546,true,3
383,0.7350089493256219,0.5071262941492558,0.4747191011235955,0.5071262941492558,true,3
384,0.3579260212718872,0.14288989825703038,0.14937759336099585,0.14288989825703038,true,3
385,0.6821422299231981,0.4489506383847945,0.4583333333333333,0.4489506383847945,true,1
387,0.4259557384118833,0.18877719043433636,0.19471153846153846,0.18877719043433636,true,1
388,0.4432635823349549,0.2010719054364564,0.22486288848263253,0.2010719054364564,true,3
389,0.44986207544474965,0.20752835102681744,0.1884469696969697,0.20752835102681744,true,4
390,0.558566318986393,0.3051066158359846,0.2638297872340426,0.3051066158359846,true,3
391,0.23646172225410986,0.08746800387054317,0.08464419475655428,0.08746800387054317,true,2
392,0.22328973837208302,0.07931702076977847,0.07591240875912408,0.07931702076977847,true,4
394,0.29890886861652083,0.11141784687481764,0.10187667560321716,0.11141784687481764,true,3
395,0.275620240931685,0.10035386197977662,0.09781477627471384,0.10035386197977662,true,1
396,0.5189869043588934,0.2661727573661323,0.25,0.2661727573661323,true,3
397,0.2740913342614864,0.09968072145596002,0.09781477627471384,0.09968072145596002,true,1
398,0.7376913190731365,0.5166916042296483,0.5255813953488372,0.5166916042296483,true,1
399,0.5411220447484647,0.2906802332172605,0.28969957081545067,0.2906802332172605,true,4
400,0.7276097768877393,0.4981987171473387,0.4747191011235955,0.4981987171473387,true,3
401,0.4666654780147495,0.22141564237311176,0.23670212765957446,0.22141564237311176,true,4
402,0.5943768374238904,0.33932905134450475,0.34049079754601225,0.33932905134450475,true,2
404,0.3816633734878115,0.16018806934678287,0.14814814814814814,0.16018806934678287,true,5
405,0.4156506786167701,0.18127075400578208,0.1884469696969697,0.18127075400578208,true,4
406,0.4228439416610213,0.18682176116788765,0.19701986754966888,0.18682176116788765,true,2
407,0.5544059178342806,0.29864596656646786,0.2683397683397683,0.29864596656646786,true,2
408,0.3791252444380994,0.1576469482614463,0.14182692307692307,0.1576469482614463,true,2
409,0.3500326246824961,0.1382871653011313,0.14937759336099585,0.1382871653011313,true,3
410,0.24085641058259566,0.08912721756400918,0.08464419475655428,0.08912721756400918,true,2
411,0.6163718198868944,0.3713081708725617,0.38095238095238093,0.3713081708725617,true,1
413,0.4011925268242753,0.17092332557066037,0.19471153846153846,0.17092332557066037,true,1
414,0.16059648847824942,0.05956388349098716,0.07317073170731705,0.05956388349098716,true,4
416,0.44033864875114503,0.19881364861804074,0.22486288848263253,0.19881364861804074,true,3
418,0.533900436266011,0.278729549068039,0.2572178477690289,0.278729549068039,true,5
419,0.280530969563507,0.10240491099118523,0.10101010101010101,0.10240491099118523,true,4
420,0.4173524305360062,0.18173017455204651,0.1753846153846154,0.18173017455204651,true,3
421,0.38325910100426314,0.15886400913379994,0.1884469696969697,0.15886400913379994,true,4
423,0.3384232982557772,0.13174441634472606,0.14814814814814814,0.13174441634472606,true,3
424,0.49053822689884685,0.24014569059143434,0.2572178477690289,0.24014569059143434,true,5
425,0.3570477557978431,0.14237152728283892,0.14937759336099585,0.14237152728283892,true,3
428,0.5789304853781079,0.32965573072183596,0.31493506493506496,0.32965573072183596,true,1
429,0.45293185586265977,0.20867277229367362,0.22486288848263253,0.20867277229367362,true,3
431,0.37342968770761836,0.15253032081878884,0.18888888888888888,0.15253032081878884,true,1
433,0.3294893287533898,0.12668980149833978,0.13059033989266547,0.12668980149833978,true,4
434,0.5487410818213427,0.2927752850909168,0.2572178477690289,0.2927752850909168,true,5
435,0.8148096953690376,0.590871846828314,0.5882352941176471,0.590871846828314,true,2
436,0.38345712939541565,0.16036374275807436,0.16071428571428573,0.16036374275807436,true,2
437,0.3337002711036986,0.13247199607266144,0.12717770034843207,0.13247199607266144,true,5
438,0.40220018197777974,0.1725563730411722,0.16071428571428573,0.1725563730411722,true,2
439,0.5488157573062845,0.29318347666901373,0.2683397683397683,0.29318347666901373,true,2
440,0.3908127507485803,0.16384853828743096,0.19471153846153846,0.16384853828743096,true,1
441,0.6119023976466357,0.36707900672315374,0.3566666666666667,0.36707900672315374,true,4
443,0.4777587192735876,0.22915002973110835,0.2408026755852843,0.22915002973110835,true,3
444,0.4224037611640552,0.18613098200754952,0.19471153846153846,0.18613098200754952,true,1
446,0.5839969683910062,0.32850192778607806,0.34049079754601225,0.32850192778607806,true,2
447,0.3122525431488963,0.1176236130843372,0.13059033989266547,0.1176236130843372,true,4
448,0.5085722008681544,0.25573764036240837,0.2572178477690289,0.25573764036240837,true,5
452,0.5586984012535837,0.3087783777635736,0.28969957081545067,0.3087783777635736,true,4
454,0.3448057066544058,0.1352409564223837,0.13894736842105262,0.1352409564223837,true,4
455,0.34283164749334055,0.13411210163008816,0.13059033989266547,0.13411210163008816,true,4
456,0.2985794684299334,0.11368807118300733,0.10574712643678161,0.11368807118300733,true,2
457,0.694480544787383,0.46516566392834946,0.44015444015444016,0.46516566392834946,true,4
458,0.2382019568294081,0.08482772968554927,0.07591240875912408,0.08482772968554927,true,4
459,0.5375302612339773,0.2823361657493846,0.2683397683397683,0.2823361657493846,true,2
460,0.5641982304193361,0.31090010121266803,0.3425925925925926,0.31090010121266803,true,3
462,0.6019188575657393,0.355773285412669,0.3566666666666667,0.355773285412669,true,4
463,0.630055488503922,0.3764094088527476,0.3416666666666667,0.3764094088527476,true,5
464,0.7197280122671146,0.48041659968285627,0.4634146341463415,0.48041659968285627,true,2
465,0.3016026221318978,0.1162797572071344,0.11458333333333333,0.1162797572071344,true,5
466,0.2922193739775435,0.10779831066637612,0.1111111111111111,0.10779831066637612,true,4
468,0.6147747218390527,0.3610944414105917,0.34049079754601225,0.3610944414105917,true,2
470,0.555872150195505,0.3000883498205819,0.2683397683397683,0.3000883498205819,true,2
472,0.647326848062999,0.39538924632072175,0.375,0.39538924632072175,true,5
473,0.697541714199587,0.454518550228643,0.4340659340659341,0.454518550228643,true,2
474,0.3777681319635524,0.1550246123960828,0.17279411764705882,0.1550246123960828,true,3
476,0.3559456354119763,0.1437414317178765,0.13073170731707318,0.1437414317178765,true,2
477,0.37625403411323466,0.1568417560120915,0.14814814814814814,0.1568417560120915,true,5
478,0.5142933681532705,0.2643016684642585,0.2692307692307692,0.2643016684642585,true,4
481,0.18209605150107225,0.06575533835280069,0.07317073170731705,0.06575533835280069,true,4
483,0.34404658118060444,0.13488015335036235,0.14937759336099585,0.13488015335036235,true,3
484,0.31742506892091815,0.12290297848453546,0.13073170731707318,0.12290297848453546,true,2
486,0.39705516699275145,0.16761375645414453,0.1753846153846154,0.16761375645414453,true,3
487,0.2690504522116429,0.10046169996314608,0.08464419475655428,0.10046169996314608,true,2
488,0.26715849810495707,0.09652885843389536,0.07591240875912408,0.09652885843389536,true,4
489,0.5888537618714483,0.3335461853146751,0.34049079754601225,0.3335461853146751,true,2
490,0.2639860163570178,0.09951699541765652,0.0974264705882353,0.09951699541765652,true,5
491,0.334531241744528,0.12952643231402067,0.12310606060606061,0.12952643231402067,true,1
492,0.4681301150723711,0.2216965274322998,0.21678321678321674,0.2216965274322998,true,5
493,0.46042573995682873,0.21559242824546515,0.21678321678321674,0.21559242824546515,true,5
494,0.5083995758060788,0.2555852845245346,0.2572178477690289,0.2555852845245346,true,5
495,0.5265066525395106,0.27564677288825384,0.24489795918367344,0.27564677288825384,true,1
496,0.38591737211095944,0.16192350962668944,0.16071428571428573,0.16192350962668944,true,2
497,0.3521656347757404,0.1426274707401612,0.14814814814814814,0.1426274707401612,true,5
500,0.6237716403119083,0.3797958797999311,0.38095238095238093,0.3797958797999311,true,1
501,0.27989204396306955,0.10264964267849755,0.08676789587852494,0.10264964267849755,true,3
504,0.4152056173923222,0.18094686577649743,0.1884469696969697,0.18094686577649743,true,4
505,0.18618199443781083,0.06783583545299784,0.07043343653250773,0.06783583545299784,true,3
506,0.7098493487918057,0.4826594825812359,0.5255813953488372,0.4826594825812359,true,1
507,0.42209419812188254,0.18601058873171153,0.1884469696969697,0.18601058873171153,true,4
508,0.39056329525854605,0.16490232290503945,0.16071428571428573,0.16490232290503945,true,2
509,0.268149789245287,0.10126095927426612,0.0974264705882353,0.10126095927426612,true,5
510,0.3953569200403467,0.16802177146657604,0.16071428571428573,0.16802177146657604,true,2
511,0.3660116631375555,0.1506617617030157,0.14814814814814814,0.1506617617030157,true,5
513,0.7396118039515198,0.5126780036201245,0.4747191011235955,0.5126780036201245,true,3
514,0.45591003515209394,0.21245139385376413,0.21428571428571427,0.21245139385376413,true,4
515,0.5364142139515079,0.2829217161006475,0.2638297872340426,0.2829217161006475,true,3
516,0.6003651623056868,0.35322325245980696,0.31493506493506496,0.35322325245980696,true,1
517,0.4502221099577667,0.20769722542781816,0.21678321678321674,0.20769722542781816,true,5
518,0.326584106743984,0.1251209319907358,0.13059033989266547,0.1251209319907358,true,4
519,0.5649041226361375,0.3116304918802479,0.3425925925925926,0.3116304918802479,true,3
520,0.33300185374384766,0.12868533796655549,0.12310606060606061,0.12868533796655549,true,1
522,0.667206480808355,0.4320737397929864,0.44015444015444016,0.4320737397929864,true,4
523,0.6272915950155381,0.3734053572559589,0.3416666666666667,0.3734053572559589,true,5
524,0.635527830369663,0.38238517724995486,0.3416666666666667,0.38238517724995486,true,5
525,0.6281070516191251,0.38480341823238523,0.38095238095238093,0.38480341823238523,true,1
530,0.6940424496890617,0.4633894181294839,0.5,0.4633894181294839,true,1
531,0.5765152530161033,0.3277430565521942,0.30769230769230776,0.3277430565521942,true,4
532,0.817078702790042,0.6118492665013583,0.5373134328358209,0.6118492665013583,true,1
533,0.5718292733210673,0.32269710477957747,0.30769230769230776,0.32269710477957747,true,4
534,0.8923172835820504,0.696610143898106,0.7,0.696610143898106,true,4
535,0.7578625393378846,0.5250993292791256,0.532258064516129,0.5250993292791256,true,2
537,0.8553506883780431,0.655270666242883,0.7468354430379747,0.655270666242883,true,1
538,0.801236742853,0.5861705894638741,0.5342465753424658,0.5861705894638741,true,3
539,0.3433046272113345,0.13438184491343116,0.13059033989266547,0.13438184491343116,true,4
540,0.5241853080472787,0.26976211898049846,0.2572178477690289,0.26976211898049846,true,5
541,0.5735344495198533,0.3206354341564178,0.3425925925925926,0.3206354341564178,true,3
542,0.4582691257696194,0.21338397672858989,0.2349570200573066,0.21338397672858989,true,2
543,0.5873519431283226,0.3311760963808609,0.3174061433447099,0.3311760963808609,true,5
546,0.24512254937614256,0.09076500452936954,0.08464419475655428,0.09076500452936954,true,2
548,0.22664300807819918,0.08503715051372791,0.08004509582863585,0.08503715051372791,true,5
549,0.22043082410699877,0.07829860571618599,0.07591240875912408,0.07829860571618599,true,4
550,0.27296490831517006,0.09904236804719015,0.07591240875912408,0.09904236804719015,true,4
551,0.5380626195741957,0.2870742940281916,0.3,0.2870742940281916,true,1
553,0.49378508843067415,0.2429042534640783,0.2572178477690289,0.2429042534640783,true,5
554,0.386082050566831,0.1629642236561638,0.14814814814814814,0.1629642236561638,true,5
555,0.36802046322739534,0.14914162253879906,0.16346153846153846,0.14914162253879906,true,1
556,0.2288690122734108,0.08584386209044763,0.08004509582863585,0.08584386209044763,true,5
559,0.3350762415203928,0.13320710972153246,0.12717770034843207,0.13320710972153246,true,5
561,0.35735640861855017,0.1426429792297036,0.12310606060606061,0.1426429792297036,true,1
565,0.36457332258628844,0.14981012880495442,0.14814814814814814,0.14981012880495442,true,5
566,0.2745816421487358,0.09975252606008925,0.07591240875912408,0.09975252606008925,true,4
567,0.3833735429579178,0.15893906245550185,0.1884469696969697,0.15893906245550185,true,4
568,0.41486013841571245,0.18119972775630244,0.19701986754966888,0.18119972775630244,true,2
569,0.607664526130216,0.3534371400003101,0.34049079754601225,0.3534371400003101,true,2
570,0.3734720191187094,0.15514302317029827,0.14814814814814814,0.15514302317029827,true,5
571,0.25413536670459225,0.09109764389800666,0.07591240875912408,0.09109764389800666,true,4
572,0.3643018317329224,0.14684821271370158,0.15702479338842976,0.14684821271370158,true,1
573,0.6594805164412546,0.41677353977327214,0.449438202247191,0.41677353977327214,true,3
574,0.49423302078721315,0.2432865054179931,0.2572178477690289,0.2432865054179931,true,5
575,0.496505818895411,0.2476824071526894,0.2692307692307692,0.2476824071526894,true,4
577,0.5030381147992935,0.2514102077291948,0.25,0.2514102077291948,true,3
578,0.5145416111302804,0.2610106442798804,0.2683397683397683,0.2610106442798804,true,2
579,0.19408496876520626,0.07285072430976541,0.08464419475655428,0.07285072430976541,true,2
582,0.3836933556781166,0.1605129785010446,0.16071428571428573,0.1605129785010446,true,2
583,0.37290994538230615,0.15480164343912076,0.14814814814814814,0.15480164343912076,true,5
584,0.3555514700274491,0.1414920004857041,0.14937759336099585,0.1414920004857041,true,3
585,0.31575784106496785,0.12206253612771713,0.13073170731707318,0.12206253612771713,true,2
587,0.438600941854136,0.19830959208984533,0.19701986754966888,0.19830959208984533,true,2
588,0.3650024495931901,0.14712411852853557,0.14937759336099585,0.14712411852853557,true,3
589,0.2717161857718498,0.10159720731667987,0.08464419475655428,0.10159720731667987,true,2
590,0.25155911992464636,0.09021709074351532,0.07564422277639235,0.09021709074351532,true,1
593,0.6276678537819729,0.3842949985169083,0.38095238095238093,0.3842949985169083,true,1
594,0.5248955199351129,0.2717800541944564,0.25,0.2717800541944564,true,3
595,0.5759007786059682,0.319519756964625,0.2698412698412698,0.319519756964625,true,5
596,0.4549826267087982,0.21031194196341615,0.22486288848263253,0.21031194196341615,true,3
597,0.46692078645448604,0.22138622017211781,0.22487223168654175,0.22138622017211781,true,1
598,0.22019335322106964,0.07839157915819345,0.07564422277639235,0.07839157915819345,true,1
599,0.7460375575674716,0.5204228631597975,0.4747191011235955,0.5204228631597975,true,3
600,0.4606693312669224,0.21578354381967135,0.21678321678321674,0.21578354381967135,true,5
601,0.49909188518790976,0.2478425847107766,0.2408026755852843,0.2478425847107766,true,3
602,0.39100081087711613,0.16518509727952807,0.16071428571428573,0.16518509727952807,true,2
603,0.691237009764253,0.44719764290091835,0.4340659340659341,0.44719764290091835,true,2
604,0.4048316962491738,0.17346052811242876,0.19471153846153846,0.17346052811242876,true,1
605,0.35132862315656277,0.14109672561258663,0.13073170731707318,0.14109672561258663,true,2
606,0.5677127809738551,0.3182981679726401,0.28969957081545067,0.3182981679726401,true,4
607,0.5694172102080179,0.3201156714507774,0.30769230769230776,0.3201156714507774,true,4
608,0.5398188631043797,0.2862673751676387,0.2638297872340426,0.2862673751676387,true,3
609,0.425743812802165,0.1888967838864831,0.19701986754966888,0.1888967838864831,true,2
610,0.3293395831705878,0.1266901634669111,0.12310606060606061,0.1266901634669111,true,1
611,0.3764737565035298,0.15697656425533996,0.14814814814814814,0.15697656425533996,true,5
612,0.22312950243351864,0.07943543621079101,0.07564422277639235,0.07943543621079101,true,1
613,0.24419730638558917,0.09040751527568067,0.08464419475655428,0.09040751527568067,true,2
614,0.6447457862027296,0.3995956826724456,0.345679012345679,0.3995956826724456,true,3
615,0.27507866307084644,0.10422320282437897,0.10112359550561797,0.10422320282437897,true,5
616,0.387778772400474,0.16182557505635878,0.19471153846153846,0.16182557505635878,true,1
618,0.21304004556915143,0.07590079314598192,0.07564422277639235,0.07590079314598192,true,1
620,0.4402328096658389,0.19873229192359573,0.22486288848263253,0.19873229192359573,true,3
621,0.436542883495446,0.19677947124926978,0.19701986754966888,0.19677947124926978,true,2
622,0.20989216228817084,0.07801955668916181,0.08464419475655428,0.07801955668916181,true,2
623,0.6313138948623016,0.3894754502463278,0.3566666666666667,0.3894754502463278,true,4
624,0.3223890101223549,0.125434784415138,0.13073170731707318,0.125434784415138,true,2
625,0.5886553676211457,0.33673648368186027,0.3425925925925926,0.33673648368186027,true,3
627,0.29255699959875825,0.11087281393920168,0.10574712643678161,0.11087281393920168,true,2
628,0.25467403722948495,0.09131673599257997,0.07591240875912408,0.09131673599257997,true,4
630,0.7109008248169938,0.46757912906484095,0.49159663865546216,0.46757912906484095,true,5
631,0.6526990934755625,0.4013607950135583,0.40625,0.4013607950135583,true,5
632,0.6689228412265438,0.4214909240159701,0.4340659340659341,0.4214909240159701,true,2
633,0.6534233946744934,0.402168183060244,0.40625,0.402168183060244,true,5
634,0.7679276225442115,0.5549857463066725,0.5979381443298969,0.5549857463066725,true,4
635,0.6677666881982671,0.4316247321649227,0.391304347826087,0.4316247321649227,true,1
636,0.4465003821164143,0.20426569206090303,0.2,0.20426569206090303,true,2
637,0.22944017930294286,0.0822900068112373,0.07043343653250773,0.0822900068112373,true,3
638,0.45530030251319786,0.21174404048779197,0.22487223168654175,0.21174404048779197,true,1
639,0.6332442207170794,0.39173007992230074,0.3566666666666667,0.39173007992230074,true,4
640,0.42432469855837146,0.1886247097543832,0.19696969696969696,0.1886247097543832,true,5
641,0.21782374742674088,0.08073780835375739,0.08464419475655428,0.08073780835375739,true,2
642,0.2935319861454705,0.11132440377393606,0.10574712643678161,0.11132440377393606,true,2
643,0.4756142966716989,0.22880264313830453,0.22487223168654175,0.22880264313830453,true,1
644,0.6343899428183548,0.38257818843651176,0.34049079754601225,0.38257818843651176,true,2
645,0.2663933973897998,0.09635220077360579,0.09781477627471384,0.09635220077360579,true,1
646,0.24256559320629856,0.0866710320178435,0.07564422277639235,0.0866710320178435,true,1
647,0.3253376492254864,0.12468639407965512,0.12396694214876033,0.12468639407965512,true,3
650,0.2823584570801044,0.1033688545342805,0.09781477627471384,0.1033688545342805,true,1
653,0.296978136065052,0.11293348895367336,0.10574712643678161,0.11293348895367336,true,2
654,0.18059116348572682,0.06614927886903639,0.07043343653250773,0.06614927886903639,true,3
655,0.5941733096190394,0.3463354295757659,0.31493506493506496,0.3463354295757659,true,1
656,0.20832608790954515,0.07429930982676616,0.07564422277639235,0.07429930982676616,true,1
657,0.3468705969504736,0.13858180022013938,0.13073170731707318,0.13858180022013938,true,2
658,0.337939295579169,0.1313487360700817,0.13059033989266547,0.1313487360700817,true,4
659,0.6152660946047306,0.3709220883590946,0.3566666666666667,0.3709220883590946,true,4
660,0.6012160057858247,0.3504077238949239,0.3425925925925926,0.3504077238949239,true,3
661,0.5495168086165687,0.2959258385277571,0.2638297872340426,0.2959258385277571,true,3
662,0.5956563166864389,0.3443245036312405,0.3425925925925926,0.3443245036312405,true,3
664,0.6301499293550368,0.3881182066181113,0.3566666666666667,0.3881182066181113,true,4
665,0.7938930623728091,0.5634171982574963,0.575,0.5634171982574963,true,5
666,0.33289026493079066,0.1286241517341355,0.12310606060606061,0.1286241517341355,true,1
667,0.31140987595286906,0.12103591766940058,0.12717770034843207,0.12103591766940058,true,5
668,0.38843647705039575,0.16228827798797887,0.1884469696969697,0.16228827798797887,true,4
669,0.4550435877465527,0.21140105774011417,0.21678321678321674,0.21140105774011417,true,5
670,0.7381656778134998,0.4991463553081719,0.49159663865546216,0.4991463553081719,true,5
671,0.4567614171225939,0.2129393309864696,0.22487223168654175,0.2129393309864696,true,1
672,0.8216690593061263,0.617167908821466,0.7468354430379747,0.617167908821466,true,1
674,0.39259921925330465,0.16504918331735635,0.19471153846153846,0.16504918331735635,true,1
675,0.3430738694719831,0.13754843308693113,0.14814814814814814,0.13754843308693113,true,5
676,0.5442557613957604,0.2887712146509849,0.2683397683397683,0.2887712146509849,true,2
677,0.17155510263097162,0.06264834907036304,0.07317073170731705,0.06264834907036304,true,4
678,0.4075486341539704,0.17544506431538034,0.1884469696969697,0.17544506431538034,true,4
679,0.4211842019266681,0.18533544455142703,0.1884469696969697,0.18533544455142703,true,4
680,0.38852680630212677,0.1619491168484757,0.1753846153846154,0.1619491168484757,true,3
681,0.5935947754917423,0.34646762530963154,0.3566666666666667,0.34646762530963154,true,4
684,0.2599837235671915,0.09350180827354507,0.07591240875912408,0.09350180827354507,true,4
685,0.5693101160819556,0.31291070918562996,0.2698412698412698,0.31291070918562996,true,5
686,0.17053821087408533,0.0623559681665182,0.07317073170731705,0.0623559681665182,true,4
687,0.21572423946574545,0.08000998669834812,0.08464419475655428,0.08000998669834812,true,2
688,0.3586380109419852,0.14331128318218395,0.14937759336099585,0.14331128318218395,true,3
689,0.6710839063990082,0.42200897132218984,0.45180722891566266,0.42200897132218984,true,5
690,0.6059440666251463,0.3603130674912714,0.3566666666666667,0.3603130674912714,true,4
692,0.5539980836688067,0.30045211807936495,0.2638297872340426,0.30045211807936495,true,3
693,0.7590382072921887,0.5264741674632466,0.532258064516129,0.5264741674632466,true,2
694,0.5740575486307633,0.32118564503809094,0.3425925925925926,0.32118564503809094,true,3
696,0.47873384694099785,0.23029819068365098,0.2572178477690289,0.23029819068365098,true,5
698,0.7295807264667193,0.506779725126218,0.5255813953488372,0.506779725126218,true,1
699,0.45631175429246995,0.21278139488619796,0.21428571428571427,0.21278139488619796,true,4
700,0.49999447232765354,0.2505209603108154,0.22487223168654175,0.2505209603108154,true,1
701,0.43776031292661893,0.19834688385100993,0.20187793427230047,0.19834688385100993,true,5
703,0.1991134801211917,0.07125890856454055,0.07564422277639235,0.07125890856454055,true,1
704,0.37813846193896206,0.15553138582874182,0.18888888888888888,0.15553138582874182,true,1
706,0.2385203029249343,0.0856607978136795,0.07043343653250773,0.0856607978136795,true,3
707,0.2411991803057748,0.08667892819134962,0.07043343653250773,0.08667892819134962,true,3
708,0.4573178349567242,0.212189939962145,0.22486288848263253,0.212189939962145,true,3
710,0.5388944249986688,0.2879076932722439,0.3,0.2879076932722439,true,1
715,0.603197442997533,0.34765090031213114,0.3174061433447099,0.34765090031213114,true,5
716,0.2526692226751407,0.09491141997380717,0.0974264705882353,0.09491141997380717,true,5
717,0.7847977920110261,0.5668017348781934,0.5342465753424658,0.5668017348781934,true,3
718,0.5307654443038069,0.280314580408809,0.28969957081545067,0.280314580408809,true,4
719,0.255110088885176,0.0921438192262555,0.08676789587852494,0.0921438192262555,true,3
720,0.6217730132122631,0.37840255612622314,0.3566666666666667,0.37840255612622314,true,4
721,0.48883328537829185,0.2387057638570853,0.2572178477690289,0.2387057638570853,true,5
722,0.6277086696743703,0.3852772251808979,0.3566666666666667,0.3852772251808979,true,4
723,0.6369118504270851,0.38390225255303967,0.3416666666666667,0.38390225255303967,true,5
724,0.45795229130887916,0.21270228785373216,0.22486288848263253,0.21270228785373216,true,3
725,0.5878446514763619,0.3358631071949489,0.3425925925925926,0.3358631071949489,true,3
726,0.6315694878526863,0.38443975130702335,0.345679012345679,0.38443975130702335,true,3
727,0.5734987080360767,0.31773368079295805,0.3333333333333333,0.31773368079295805,true,2
728,0.8073060770220495,0.6020617992743292,0.5979381443298969,0.6020617992743292,true,4
730,0.44202861042951797,0.20011608558124752,0.22486288848263253,0.20011608558124752,true,3
731,0.3930618604460232,0.16539757383375217,0.1884469696969697,0.16539757383375217,true,4
732,0.25853184234374194,0.0928997063224196,0.07591240875912408,0.0928997063224196,true,4
734,0.725045742065146,0.4866449502457743,0.4634146341463415,0.4866449502457743,true,2
735,0.6001218134328508,0.35375479939720994,0.3566666666666667,0.35375479939720994,true,4
736,0.4081699594486978,0.17659080876906386,0.19701986754966888,0.17659080876906386,true,2
737,0.3774420321887875,0.15757176267265943,0.14814814814814814,0.15757176267265943,true,5
738,0.3792500959217016,0.1577247240367358,0.14182692307692307,0.1577247240367358,true,2
739,0.4805370710548596,0.23143827578487827,0.2612612612612612,0.23143827578487827,true,2
740,0.5413142046758164,0.29034028289105396,0.3,0.29034028289105396,true,1
741,0.4181913109268573,0.18352929991286882,0.19701986754966888,0.18352929991286882,true,2
742,0.4250471886250473,0.18731830285380827,0.1753846153846154,0.18731830285380827,true,3
743,0.7934818475839718,0.5770629098355591,0.5342465753424658,0.5770629098355591,true,3
744,0.3689177953480573,0.14951119811247374,0.17279411764705882,0.14951119811247374,true,3
746,0.33530739902679435,0.1333309440362748,0.12717770034843207,0.1333309440362748,true,5
748,0.33466108827512053,0.13298495071136157,0.12717770034843207,0.13298495071136157,true,5
749,0.8392016780610655,0.6372158652123934,0.7468354430379747,0.6372158652123934,true,1
750,0.7461492538235913,0.5284620031781551,0.5164835164835165,0.5284620031781551,true,4
751,0.5329193591277803,0.2795121532876363,0.2638297872340426,0.2795121532876363,true,3
752,0.7894617570171373,0.5793271065133521,0.5373134328358209,0.5793271065133521,true,1
753,0.7586360072940217,0.5422083733233242,0.5255813953488372,0.5422083733233242,true,1
754,0.5773073943855295,0.3216185909352479,0.3333333333333333,0.3216185909352479,true,2
755,0.5511223077364796,0.29754291594889354,0.2638297872340426,0.29754291594889354,true,3
756,0.7510900859817575,0.5330336908691964,0.5255813953488372,0.5330336908691964,true,1
757,0.5506431115659777,0.2970597308340069,0.2638297872340426,0.2970597308340069,true,3
758,0.436233221779202,0.19567621832500878,0.22486288848263253,0.19567621832500878,true,3
760,0.36421799009266487,0.1467730358670215,0.13894736842105262,0.1467730358670215,true,4
761,0.7557828478149318,0.532148783828956,0.4747191011235955,0.532148783828956,true,3
763,0.4517914516994018,0.20832888436320937,0.2349570200573066,0.20832888436320937,true,2
764,0.36022745074092005,0.1443690015265792,0.15702479338842976,0.1443690015265792,true,1
766,0.5928805062989669,0.3456744533876974,0.3566666666666667,0.3456744533876974,true,4
767,0.4587631308642336,0.21480323372885546,0.21875,0.21480323372885546,true,4
768,0.3887270780411183,0.16371977765472182,0.16071428571428573,0.16371977765472182,true,2
769,0.5911219747811862,0.3437253252093665,0.3566666666666667,0.3437253252093665,true,4
770,0.7218594039343135,0.497338498678702,0.5255813953488372,0.497338498678702,true,1
774,0.21337276586424445,0.07583540682962188,0.07591240875912408,0.07583540682962188,true,4
775,0.41980831613300945,0.18431824507373715,0.1884469696969697,0.18431824507373715,true,4
776,0.5389387661018308,0.28847629454868967,0.28969957081545067,0.28847629454868967,true,4
777,0.6722309417597578,0.4369893518984056,0.4583333333333333,0.4369893518984056,true,1
780,0.6117426294572326,0.35669233643584963,0.3174061433447099,0.35669233643584963,true,5
782,0.7655331092445418,0.5505693807768858,0.5255813953488372,0.5505693807768858,true,1
785,0.39479892369230446,0.16765624794070408,0.16071428571428573,0.16765624794070408,true,2
786,0.23387292530443526,0.08319312910664922,0.07591240875912408,0.08319312910664922,true,4
792,0.8609731205363134,0.6378746978518389,0.675,0.6378746978518389,true,5
793,0.39899417735489656,0.16945511267046534,0.1884469696969697,0.16945511267046534,true,4
796,0.7401164238375941,0.5132864828215571,0.4747191011235955,0.5132864828215571,true,3
798,0.41220867463283495,0.17877761074069523,0.1884469696969697,0.17877761074069523,true,4
800,0.308611015563383,0.11966172101514348,0.12717770034843207,0.11966172101514348,true,5
801,0.4926454733331373,0.244169646229288,0.2692307692307692,0.244169646229288,true,4
804,0.43904976725115874,0.19893818117712378,0.1884469696969697,0.19893818117712378,true,4
807,0.820881722871919,0.6162576089704658,0.5373134328358209,0.6162576089704658,true,1
809,0.6963409394401637,0.46618607452741634,0.5,0.46618607452741634,true,1
812,0.5778169271578674,0.3251544241203741,0.3425925925925926,0.3251544241203741,true,3
813,0.5171586970028619,0.2633851248736617,0.2683397683397683,0.2633851248736617,true,2
814,0.7350858071634576,0.5135084894188484,0.5255813953488372,0.5135084894188484,true,1
815,0.625195255828685,0.3711333451858762,0.3174061433447099,0.3711333451858762,true,5
817,0.30007445005602024,0.11555343496042172,0.11331444759206799,0.11555343496042172,true,5
818,0.44670477419626237,0.20481180626543657,0.19471153846153846,0.20481180626543657,true,1
820,0.50365851858539,0.25128600159996795,0.2683397683397683,0.25128600159996795,true,2
822,0.6700210546727887,0.4354658730397654,0.44015444015444016,0.4354658730397654,true,4
823,0.7029631316707778,0.46082968450041356,0.4634146341463415,0.46082968450041356,true,2
824,0.7277785695583547,0.5045763274917734,0.5255813953488372,0.5045763274917734,true,1
826,0.22586403622067647,0.08041902181848394,0.07564422277639235,0.08041902181848394,true,1
828,0.36365122757662555,0.14824707542724963,0.14182692307692307,0.14824707542724963,true,2
829,0.24362680307508228,0.09136952979539652,0.0974264705882353,0.09136952979539652,true,5
833,0.41337666383586347,0.18016973185894025,0.19701986754966888,0.18016973185894025,true,2
836,0.7737877896577052,0.5605382813588778,0.5255813953488372,0.5605382813588778,true,1
837,0.4331737088966721,0.19336255379377934,0.22486288848263253,0.19336255379377934,true,3
838,0.519729767400114,0.26952123063700323,0.28969957081545067,0.26952123063700323,true,4
840,0.46905614305871085,0.22243846984151078,0.21678321678321674,0.22243846984151078,true,5
845,0.5764766292843708,0.32770130058230096,0.30769230769230776,0.32770130058230096,true,4
846,0.5629748219081359,0.31327498031444195,0.28969957081545067,0.31327498031444195,true,4
847,0.5508869877657837,0.2973055805056269,0.2638297872340426,0.2973055805056269,true,3
848,0.760818733826472,0.5253900346362178,0.575,0.5253900346362178,true,5
849,0.7488022818196148,0.5144929614564976,0.532258064516129,0.5144929614564976,true,2
850,0.5840099828431562,0.33174732519397343,0.3425925925925926,0.33174732519397343,true,3
851,0.4865178513117855,0.23834892978114466,0.22487223168654175,0.23834892978114466,true,1
852,0.43649258281139103,0.19674218563758733,0.19701986754966888,0.19674218563758733,true,2
853,0.22111649534411845,0.08189145055517859,0.08464419475655428,0.08189145055517859,true,2
854,0.7775499932749215,0.548055773025482,0.532258064516129,0.548055773025482,true,2
855,0.5155082227601467,0.2650362378414556,0.24489795918367344,0.2650362378414556,true,1
856,0.39207228129370747,0.1642850836006696,0.1753846153846154,0.1642850836006696,true,3
858,0.5659754011954984,0.31580702009873574,0.31493506493506496,0.31580702009873574,true,1
862,0.3645925983711325,0.14880544101188892,0.14182692307692307,0.14880544101188892,true,2
863,0.23969703444258328,0.08986763071756253,0.0945945945945946,0.08986763071756253,true,5
864,0.2866786873433801,0.10521119741059763,0.1111111111111111,0.10521119741059763,true,4
866,0.38160280652419365,0.16015028377125962,0.14814814814814814,0.16015028377125962,true,5
867,0.6036585930563778,0.35773229886843766,0.3566666666666667,0.35773229886843766,true,4
869,0.25324617663778587,0.0913940121589065,0.08676789587852494,0.0913940121589065,true,3
870,0.5839802760652095,0.33171553980646906,0.3425925925925926,0.33171553980646906,true,3
871,0.23500350066618492,0.0881030147227023,0.08004509582863585,0.0881030147227023,true,5
872,0.2352177554837952,0.08700344078425791,0.08464419475655428,0.08700344078425791,true,2
873,0.4374931271085578,0.19814992187492275,0.20187793427230047,0.19814992187492275,true,5
874,0.2855435200912406,0.10482170711942242,0.09781477627471384,0.10482170711942242,true,1
876,0.434185282450018,0.1950376215809439,0.19701986754966888,0.1950376215809439,true,2
877,0.2687463724537355,0.09721051016902102,0.07591240875912408,0.09721051016902102,true,4
878,0.3047381248169994,0.11396379118279339,0.09781477627471384,0.11396379118279339,true,1
879,0.4084934101690249,0.17764354894569465,0.19455252918287938,0.17764354894569465,true,5
881,0.32821450580733263,0.12599931470107129,0.13059033989266547,0.12599931470107129,true,4
882,0.6167306084062062,0.371717927347225,0.38095238095238093,0.371717927347225,true,1
883,0.6782138757206383,0.43009493432075013,0.45180722891566266,0.43009493432075013,true,5
885,0.5558950179991556,0.30011087716421997,0.2683397683397683,0.30011087716421997,true,2
886,0.20892982170388222,0.07885934905237763,0.08004509582863585,0.07885934905237763,true,5
887,0.41003555039457273,0.17869080649200647,0.19455252918287938,0.17869080649200647,true,5
889,0.292360003807648,0.10799169434024841,0.09781477627471384,0.10799169434024841,true,1
890,0.34324210862892257,0.1344277205778869,0.14937759336099585,0.1344277205778869,true,3
891,0.2940370013472303,0.10911103563972659,0.10187667560321716,0.10911103563972659,true,3
892,0.5842295906852383,0.3354084790049513,0.31493506493506496,0.3354084790049513,true,1
893,0.4272662209400023,0.1897607567249018,0.19471153846153846,0.1897607567249018,true,1
894,0.6376225816884358,0.39587880101831086,0.391304347826087,0.39587880101831086,true,1
895,0.3886131651930813,0.16457184686237697,0.1651376146788991,0.16457184686237697,true,5
896,0.3702657583285143,0.15034036985532137,0.17279411764705882,0.15034036985532137,true,3
897,0.5805378878149541,0.3321067492610649,0.30769230769230776,0.3321067492610649,true,4
898,0.6464624196991068,0.4062645838944711,0.391304347826087,0.4062645838944711,true,1
899,0.5846985470812038,0.33591997481580593,0.31493506493506496,0.33591997481580593,true,1
900,0.41708812919994775,0.18222445258871084,0.19471153846153846,0.18222445258871084,true,1
901,0.6272516372236375,0.38381341533384383,0.38095238095238093,0.38381341533384383,true,1
902,0.5960566332306384,0.3410975081270195,0.34049079754601225,0.3410975081270195,true,2
904,0.6394434403561088,0.386683057554692,0.3416666666666667,0.386683057554692,true,5
905,0.3174777484292879,0.12060467669412403,0.11428571428571428,0.12060467669412403,true,3
906,0.3798157996334007,0.15661198765596215,0.19471153846153846,0.15661198765596215,true,1
908,0.33218819486000817,0.1316681348649963,0.12717770034843207,0.1316681348649963,true,5
909,0.5277721828413623,0.27315588900163873,0.2683397683397683,0.27315588900163873,true,2
910,0.7501082134116193,0.5129904415568386,0.4938640171443604,0.5129904415568386,true,5
911,0.7446608520071919,0.525198817565471,0.5255813953488372,0.525198817565471,true,1
912,0.5760113788111714,0.32029383100602915,0.3333333333333333,0.32029383100602915,true,2
914,0.3043501714770002,0.11759560837270222,0.11458333333333333,0.11759560837270222,true,5
915,0.47715345843183404,0.22900149886737678,0.2572178477690289,0.22900149886737678,true,5
916,0.4454770292550858,0.20409904620472416,0.21678321678321674,0.20409904620472416,true,5
917,0.2938857267824344,0.10904008300572343,0.10187667560321716,0.10904008300572343,true,3
918,0.7025363757650744,0.4750123208427338,0.44015444015444016,0.4750123208427338,true,4
919,0.8709757709957515,0.6485206000912332,0.675,0.6485206000912332,true,5
920,0.6123834219880375,0.3676275639044522,0.3566666666666667,0.3676275639044522,true,4
921,0.2007181375635978,0.07613684335924387,0.08004509582863585,0.07613684335924387,true,5
922,0.6242692625408091,0.3761362752922105,0.345679012345679,0.3761362752922105,true,3
923,0.5668751258633775,0.31740696069128144,0.28969957081545067,0.31740696069128144,true,4
924,0.18669887786614883,0.07168754761684866,0.08004509582863585,0.07168754761684866,true,5
927,0.5071689492904665,0.25756025207092553,0.2692307692307692,0.25756025207092553,true,4
928,0.35989090605128476,0.14706514724910885,0.14814814814814814,0.14706514724910885,true,5
930,0.37592865362098754,0.15664229553079473,0.14814814814814814,0.15664229553079473,true,5
931,0.3398875702698547,0.1347181399609845,0.13073170731707318,0.1347181399609845,true,2
932,0.19274980496815797,0.06922623863060687,0.07564422277639235,0.06922623863060687,true,1
933,0.6181421867041695,0.3647460916902597,0.34049079754601225,0.3647460916902597,true,2
934,0.60795020097471,0.35374338148728285,0.34049079754601225,0.35374338148728285,true,2
936,0.3491978048222144,0.13988993218945833,0.13073170731707318,0.13988993218945833,true,2
937,0.34739964545319135,0.13679009855855193,0.12310606060606061,0.13679009855855193,true,1
940,0.558949964103974,0.3031289975329648,0.2683397683397683,0.3031289975329648,true,2
941,0.6673165000921161,0.4322062179501278,0.44015444015444016,0.4322062179501278,true,4
942,0.704193245705643,0.4699797589715049,0.4747191011235955,0.4699797589715049,true,3
943,0.4573882332076949,0.2136675354839842,0.21875,0.2136675354839842,true,4
944,0.583940699666518,0.3358207458543836,0.30769230769230776,0.3358207458543836,true,4
945,0.3835133252769215,0.16039923427744857,0.16071428571428573,0.16039923427744857,true,2
946,0.4975311145412909,0.24644095969095406,0.2408026755852843,0.24644095969095406,true,3
947,0.6921393817875664,0.46107561980667594,0.5,0.46107561980667594,true,1
948,0.4684577323468536,0.2219588150234912,0.21678321678321674,0.2219588150234912,true,5
949,0.3293272821100742,0.12680322676625896,0.12396694214876033,0.12680322676625896,true,3
951,0.47027530169591253,0.22422740522676382,0.22487223168654175,0.22422740522676382,true,1
952,0.43397983067076823,0.1955737134468478,0.20187793427230047,0.1955737134468478,true,5
953,0.4229691830843925,0.18766443924927198,0.19696969696969696,0.18766443924927198,true,5
954,0.41733956269014555,0.1837165559828367,0.19455252918287938,0.1837165559828367,true,5
955,0.3500333291231668,0.14036209978088954,0.13073170731707318,0.14036209978088954,true,2
957,0.30703265139837965,0.11535929996950077,0.10569105691056911,0.11535929996950077,true,3
958,0.25333024767050905,0.09077106161346027,0.07591240875912408,0.09077106161346027,true,4
959,0.34592724970381966,0.13805447192955866,0.13073170731707318,0.13805447192955866,true,2
960,0.39636096930609716,0.1676004371878866,0.19471153846153846,0.1676004371878866,true,1
961,0.6592714245957686,0.4165282540654604,0.449438202247191,0.4165282540654604,true,3
962,0.4006038292238286,0.17056964466994073,0.1884469696969697,0.17056964466994073,true,4
963,0.42997000946892555,0.19096220757968937,0.19718309859154928,0.19096220757968937,true,3
967,0.4296058043907683,0.19069077588318517,0.19718309859154928,0.19069077588318517,true,3
968,0.42862527663186867,0.1916962613847995,0.20187793427230047,0.1916962613847995,true,5
969,0.2809572719815589,0.10259734860862324,0.10101010101010101,0.10259734860862324,true,4
970,0.33619332157823484,0.1304458025443419,0.12310606060606061,0.1304458025443419,true,1
971,0.3663611646720187,0.15086929997245924,0.14814814814814814,0.15086929997245924,true,5
973,0.4365039823287721,0.19680540647421263,0.19471153846153846,0.19680540647421263,true,1
974,0.22909652681067566,0.08592670361076432,0.08004509582863585,0.08592670361076432,true,5
975,0.4979855663531555,0.24650482109780217,0.2572178477690289,0.24650482109780217,true,5
976,0.4610562045917455,0.21608732716499574,0.21678321678321674,0.21608732716499574,true,5
977,0.2133752429784213,0.08037006699276796,0.08004509582863585,0.08037006699276796,true,5
979,0.3257592623861381,0.12467854669640069,0.13059033989266547,0.12467854669640069,true,4
980,0.5815592153883065,0.3325032570627633,0.31493506493506496,0.3325032570627633,true,1
982,0.3655716711538829,0.14760682360210325,0.13894736842105262,0.14760682360210325,true,4
984,0.5112352694163843,0.25803066812103576,0.2683397683397683,0.25803066812103576,true,2
985,0.7882412421919031,0.5604433363556732,0.532258064516129,0.5604433363556732,true,2
986,0.8120403628938582,0.6059807816180948,0.5373134328358209,0.6059807816180948,true,1
987,0.2957402770808665,0.10947125201041957,0.1111111111111111,0.10947125201041957,true,4
988,0.40504779816690045,0.17306516530177574,0.1753846153846154,0.17306516530177574,true,3
989,0.7402053070520567,0.52118847774074,0.5164835164835165,0.52118847774074,true,4
990,0.5230958807256485,0.26876795682632804,0.2572178477690289,0.26876795682632804,true,5
992,0.47916800768323975,0.23188417565645486,0.22487223168654175,0.23188417565645486,true,1
993,0.3865833566142263,0.1623478360269741,0.16071428571428573,0.1623478360269741,true,2
994,0.622692961370622,0.3743526760010362,0.345679012345679,0.3743526760010362,true,3
995,0.531357589651009,0.27799665542181534,0.2638297872340426,0.27799665542181534,true,3
996,0.40882473789571544,0.17568962121579243,0.1753846153846154,0.17568962121579243,true,3
1003,0.49561933838998795,0.24447213123447475,0.2572178477690289,0.24447213123447475,true,5
1004,0.4863228633948612,0.23659637064662128,0.2572178477690289,0.23659637064662128,true,5
1006,0.38919847875771046,0.16494541350589273,0.1651376146788991,0.16494541350589273,true,5
1007,0.21515392434755712,0.0809818939229013,0.08004509582863585,0.0809818939229013,true,5
1008,0.3017373880248218,0.11277662657184384,0.10187667560321716,0.11277662657184384,true,3
1009,0.263229301725104,0.09486043513042129,0.07591240875912408,0.09486043513042129,true,4
1010,0.4335932439256951,0.19456462236765584,0.19471153846153846,0.19456462236765584,true,1
1011,0.40394919931796397,0.1737307649754057,0.16071428571428573,0.1737307649754057,true,2
1012,0.7182409081787544,0.4868969470889365,0.4747191011235955,0.4868969470889365,true,3
1013,0.7298560053397999,0.49228256263700304,0.4634146341463415,0.49228256263700304,true,2
1015,0.22439355279564757,0.08422893160387539,0.08004509582863585,0.08422893160387539,true,5
1016,0.3911247980334589,0.1652653031523587,0.16071428571428573,0.1652653031523587,true,2
1018,0.7174329762333622,0.4859227922488624,0.4747191011235955,0.4859227922488624,true,3
1019,0.35596940719048986,0.1437551547374265,0.13073170731707318,0.1437551547374265,true,2
1021,0.32290681018380035,0.12341154102074703,0.12396694214876033,0.12341154102074703,true,3
1022,0.1863852285329221,0.07044885749009955,0.0755813953488372,0.07044885749009955,true,2
1024,0.1943600752227661,0.07037477369971837,0.07043343653250773,0.07037477369971837,true,3
1025,0.32737689599932246,0.1257645723422585,0.12396694214876033,0.1257645723422585,true,3
1026,0.5527574998445905,0.29664712418436023,0.2572178477690289,0.29664712418436023,true,5
1028,0.3539142278600773,0.14362204932914718,0.14814814814814814,0.14362204932914718,true,5
1029,0.454099260882857,0.2096047168514803,0.22486288848263253,0.2096047168514803,true,3
1030,0.42714527961687077,0.1899059317271207,0.19701986754966888,0.1899059317271207,true,2
1031,0.6709884313800917,0.42190096802413163,0.45180722891566266,0.42190096802413163,true,5
1032,0.1682521551238742,0.06189284390940227,0.06857142857142857,0.06189284390940227,true,1
1033,0.23776790823411698,0.08466253169589646,0.07591240875912408,0.08466253169589646,true,4
1034,0.5055787175443616,0.25568426010024864,0.22487223168654175,0.25568426010024864,true,1
1035,0.5585168227211426,0.30505596853429773,0.2638297872340426,0.30505596853429773,true,3
1036,0.24603336827961728,0.08785897368777391,0.07591240875912408,0.08785897368777391,true,4
1037,0.4488329889713531,0.2060496802149585,0.2349570200573066,0.2060496802149585,true,2
1038,0.6531242889794878,0.4093359938016287,0.449438202247191,0.4093359938016287,true,3
1039,0.27922207154214873,0.10485577961197812,0.08464419475655428,0.10485577961197812,true,2
1040,0.15796565545514135,0.06330979521747149,0.05,0.06330979521747149,true,5
1041,0.25488884052058247,0.09156279569175464,0.07564422277639235,0.09156279569175464,true,1
1042,0.4237618044492246,0.18747663867026051,0.19701986754966888,0.18747663867026051,true,2
1043,0.4197369585653661,0.1853898567580461,0.19455252918287938,0.1853898567580461,true,5
1044,0.8538658745267911,0.6343093101296858,0.7272727272727273,0.6343093101296858,true,2
1045,0.7674514889532896,0.5362997949414522,0.532258064516129,0.5362997949414522,true,2
1046,0.7113570059572245,0.4681058694690516,0.49159663865546216,0.4681058694690516,true,5
1047,0.555554943874603,0.3054959601784527,0.28969957081545067,0.3054959601784527,true,4
1048,0.45677917984527466,0.21175566347828834,0.22486288848263253,0.21175566347828834,true,3
1049,0.24982454800262058,0.09003184641791227,0.07043343653250773,0.09003184641791227,true,3
1050,0.5021262837218711,0.24993636750778636,0.2683397683397683,0.24993636750778636,true,2
1051,0.3911260917381192,0.16405861863902824,0.19471153846153846,0.16405861863902824,true,1
1052,0.345231916139576,0.1376668622260319,0.13073170731707318,0.1376668622260319,true,2
1055,0.39782300336650134,0.17052896924304764,0.18571428571428572,0.17052896924304764,true,5
1056,0.40680358899861957,0.17566091041462759,0.19701986754966888,0.17566091041462759,true,2
1057,0.2956974801780152,0.10945078122624137,0.1111111111111111,0.10945078122624137,true,4
1058,0.5058886095967153,0.2533758971847997,0.2572178477690289,0.2533758971847997,true,5
1060,0.26171928193960653,0.09422614305277179,0.07591240875912408,0.09422614305277179,true,4
1061,0.7387010994951737,0.517924887920082,0.5255813953488372,0.517924887920082,true,1
1062,0.4958257883616621,0.2449156287994409,0.2408026755852843,0.2449156287994409,true,3
1065,0.45520224628945394,0.21166399984652248,0.22487223168654175,0.21166399984652248,true,1
1066,0.20015814991056988,0.0715978162122059,0.07564422277639235,0.0715978162122059,true,1
1067,0.27612461097884666,0.10350002364894005,0.08464419475655428,0.10350002364894005,true,2
1068,0.42625357318951695,0.1891206659411945,0.1884469696969697,0.1891206659411945,true,4
1070,0.20334301234838173,0.07583849846452385,0.08464419475655428,0.07583849846452385,true,2
1071,0.5288552130698154,0.2755789823895652,0.25,0.2755789823895652,true,3
1072,0.6271601444534438,0.37941604818644026,0.345679012345679,0.37941604818644026,true,3
1073,0.8398123500450734,0.6395863718519879,0.6956521739130435,0.6395863718519879,true,4
1074,0.2973020095929917,0.11034237179994552,0.09781477627471384,0.11034237179994552,true,1
1078,0.39530063775249935,0.16691960774866968,0.1884469696969697,0.16691960774866968,true,4
1079,0.4782359758567163,0.2295571726226101,0.2408026755852843,0.2295571726226101,true,3
1080,0.4594460982158013,0.21482506591811196,0.21678321678321674,0.21482506591811196,true,5
1083,0.4253260037951495,0.18842365992129542,0.1884469696969697,0.18842365992129542,true,4
1084,0.5548145908134553,0.2990475920371458,0.2683397683397683,0.2990475920371458,true,2
1085,0.39616607322339703,0.16701590024466273,0.1753846153846154,0.16701590024466273,true,3
1087,0.3201041961645215,0.12195562669743838,0.12396694214876033,0.12195562669743838,true,3
1088,0.6265091025342638,0.37255663238862385,0.3416666666666667,0.37255663238862385,true,5
1089,0.6178821334062626,0.3644635304901145,0.34049079754601225,0.3644635304901145,true,2
1090,0.28043349724500527,0.10249945349114785,0.09781477627471384,0.10249945349114785,true,1
1091,0.40801252817220685,0.17570247413442652,0.19471153846153846,0.17570247413442652,true,1
1092,0.37785898619693625,0.15782862859526203,0.14814814814814814,0.15782862859526203,true,5
1093,0.2970259339014161,0.11052126914152484,0.10187667560321716,0.11052126914152484,true,3
1094,0.2578773677063916,0.09700679231885995,0.0974264705882353,0.09700679231885995,true,5
1096,0.6163412856732084,0.3712733076364158,0.38095238095238093,0.3712733076364158,true,1
1097,0.679668430839216,0.4338260055223405,0.4340659340659341,0.4338260055223405,true,2
1098,0.44434125835093125,0.20324470210114942,0.20660734838104197,0.20324470210114942,true,5
1100,0.6644546908070363,0.4145281350693952,0.45180722891566266,0.4145281350693952,true,5
1101,0.26833407221339756,0.10133876800592113,0.0974264705882353,0.10133876800592113,true,5
1102,0.36519408928154506,0.14739582269945617,0.15702479338842976,0.14739582269945617,true,1
1103,0.6436240433110082,0.40292019229444825,0.391304347826087,0.40292019229444825,true,1
1104,0.6772732652972104,0.42902597048956886,0.45180722891566266,0.42902597048956886,true,5
1106,0.7027584505202366,0.46825509770369744,0.4747191011235955,0.46825509770369744,true,3
1109,0.5980802794628444,0.35067426161510395,0.31493506493506496,0.35067426161510395,true,1
1110,0.3979271681603606,0.16820177801574424,0.1753846153846154,0.16820177801574424,true,3
1111,0.49786416850743764,0.24856963050507164,0.22487223168654175,0.24856963050507164,true,1
1112,0.6335413006491555,0.38669437179784516,0.345679012345679,0.38669437179784516,true,3
1113,0.29323974699767025,0.11235308714792429,0.11331444759206799,0.11235308714792429,true,5
1114,0.7710210025321291,0.5587314040773781,0.5979381443298969,0.5587314040773781,true,4
1115,0.6164432873847323,0.36290184331705,0.34049079754601225,0.36290184331705,true,2
1116,0.5885538372470394,0.3401394963746723,0.31493506493506496,0.3401394963746723,true,1
1118,0.6838613373983289,0.44562638040624514,0.4747191011235955,0.44562638040624514,true,3
1120,0.3843983842062248,0.1595954269143735,0.19471153846153846,0.1595954269143735,true,1
1121,0.5621031893516036,0.31172898356547796,0.31493506493506496,0.31172898356547796,true,1
1122,0.6902085087355435,0.45320653338025313,0.4747191011235955,0.45320653338025313,true,3
1123,0.7017008629956067,0.4669843329513653,0.4747191011235955,0.4669843329513653,true,3
1124,0.3522932821814977,0.14269988033322387,0.14814814814814814,0.14269988033322387,true,5
1125,0.5943894415671793,0.3429453570228566,0.3425925925925926,0.3429453570228566,true,3
1126,0.7936418726438025,0.566673325885859,0.532258064516129,0.566673325885859,true,2
1127,0.3631290153009416,0.14599313572930117,0.14937759336099585,0.14599313572930117,true,3
1128,0.5691465251223151,0.3127476103985301,0.2698412698412698,0.3127476103985301,true,5
1129,0.6204076423179798,0.36721155131906863,0.34049079754601225,0.36721155131906863,true,2
1131,0.5078437010569502,0.2549970269061433,0.2683397683397683,0.2549970269061433,true,2
1132,0.664300866205389,0.41621432140727627,0.4340659340659341,0.41621432140727627,true,2
1134,0.6615810948994068,0.4192399962286237,0.449438202247191,0.4192399962286237,true,3
1135,0.7605406534403032,0.5460166111435443,0.5164835164835165,0.5460166111435443,true,4
1136,0.6549417208140335,0.41145853249828107,0.449438202247191,0.41145853249828107,true,3
1139,0.26800039285695465,0.10119791941362492,0.0974264705882353,0.10119791941362492,true,5
1141,0.36953610201192577,0.14989106786858,0.17279411764705882,0.14989106786858,true,3
1143,0.43433536187773675,0.1952772849713224,0.1884469696969697,0.1952772849713224,true,4
1144,0.277695006639438,0.10127378829975925,0.09781477627471384,0.10127378829975925,true,1
1145,0.4102437447421577,0.17728866713238922,0.19471153846153846,0.17728866713238922,true,1
1146,0.4178029536734374,0.18403907215141985,0.19455252918287938,0.18403907215141985,true,5
1148,0.6521201582883469,0.41400751861556323,0.44015444015444016,0.41400751861556323,true,4
1149,0.5037388587983679,0.2543548936887758,0.2692307692307692,0.2543548936887758,true,4
1151,0.49020071319973274,0.24196252605572088,0.23670212765957446,0.24196252605572088,true,4
1152,0.30091697625091707,0.11238103020021534,0.10187667560321716,0.11238103020021534,true,3
1154,0.6799456468356077,0.4409623954283141,0.4747191011235955,0.4409623954283141,true,3
1155,0.6898846645505188,0.45281922398448515,0.4747191011235955,0.45281922398448515,true,3
1156,0.5424882511050894,0.2870716145571962,0.2683397683397683,0.2870716145571962,true,2
1157,0.5388888576015993,0.2834044592240139,0.2572178477690289,0.2834044592240139,true,5
1158,0.7787677121526747,0.5494700033302982,0.532258064516129,0.5494700033302982,true,2
1159,0.538659572344306,0.28341061274497986,0.2683397683397683,0.28341061274497986,true,2
1160,0.5391967290162829,0.2887361804654531,0.28969957081545067,0.2887361804654531,true,4
1161,0.6546788200877128,0.4170567214350308,0.44015444015444016,0.4170567214350308,true,4
1162,0.3247146900732868,0.12435861103807837,0.12396694214876033,0.12435861103807837,true,3
1163,0.14796759859173622,0.0570620629437535,0.06818181818181818,0.0570620629437535,true,3
1164,0.6149202811017963,0.3705262265642016,0.3566666666666667,0.3705262265642016,true,4
1165,0.5540283871616609,0.29787841189781056,0.2572178477690289,0.29787841189781056,true,5
1166,0.5709715999419356,0.31516988991790074,0.3333333333333333,0.31516988991790074,true,2
1167,0.4218916267851905,0.18614416670208003,0.19701986754966888,0.18614416670208003,true,2
1168,0.5238625753470054,0.2707944632124912,0.25,0.2707944632124912,true,3
1169,0.3690640845499011,0.15148139020553755,0.14182692307692307,0.15148139020553755,true,2
1170,0.3476817034685664,0.13694058158888073,0.14937759336099585,0.13694058158888073,true,3
1171,0.4002003584203397,0.17209423847608374,0.18571428571428572,0.17209423847608374,true,5
1173,0.38622623533639167,0.16044774823498326,0.1753846153846154,0.16044774823498326,true,3
1174,0.23784056889556238,0.08485896533172847,0.07564422277639235,0.08485896533172847,true,1
1175,0.33332363258265724,0.12878610738634622,0.13059033989266547,0.12878610738634622,true,4
1176,0.3561355042747938,0.14191422073134582,0.12310606060606061,0.14191422073134582,true,1
1177,0.7281175644009654,0.48749847503184585,0.49159663865546216,0.48749847503184585,true,5
1179,0.38776131467209746,0.16310055646829866,0.16071428571428573,0.16310055646829866,true,2
1180,0.4720411218356,0.22599634398636864,0.23670212765957446,0.22599634398636864,true,4
1181,0.7242546552029061,0.49415058396199524,0.4747191011235955,0.49415058396199524,true,3
1182,0.45157144753065054,0.20759060608363303,0.22486288848263253,0.20759060608363303,true,3
1184,0.4372498839255334,0.19753445562076774,0.1884469696969697,0.19753445562076774,true,4
1185,0.5832325569866792,0.32771156533199236,0.34049079754601225,0.32771156533199236,true,2
1186,0.2389939881105904,0.08512992903749492,0.07591240875912408,0.08512992903749492,true,4
1188,0.5504473100225088,0.3002045046821327,0.28969957081545067,0.3002045046821327,true,4
1189,0.5146674868306073,0.2646587822585757,0.2692307692307692,0.2646587822585757,true,4
1190,0.3919152488111012,0.1641810509713312,0.1753846153846154,0.1641810509713312,true,3
1192,0.2942963752752761,0.10878245128701915,0.1111111111111111,0.10878245128701915,true,4
1193,0.4197042157686262,0.18413903229054424,0.19471153846153846,0.18413903229054424,true,1
1194,0.31822961130503546,0.12099008325854137,0.12396694214876033,0.12099008325854137,true,3
1195,0.7442107053930962,0.5182218231068916,0.4747191011235955,0.5182218231068916,true,3
1196,0.49221301967217806,0.24170531079201135,0.2408026755852843,0.24170531079201135,true,3
1197,0.25625037889707103,0.09211824204029512,0.09781477627471384,0.09211824204029512,true,1
1198,0.517796424244683,0.26396508988003997,0.2572178477690289,0.26396508988003997,true,5
1199,0.40709426240108754,0.1744833100982877,0.1753846153846154,0.1744833100982877,true,3
1200,0.26122622009036345,0.09417398851431569,0.09781477627471384,0.09417398851431569,true,1
1201,0.7321353545081193,0.494954725638342,0.4634146341463415,0.494954725638342,true,2
1202,0.7437952341164182,0.517721150474971,0.4747191011235955,0.517721150474971,true,3
1204,0.2234675020043839,0.07955641344069997,0.07564422277639235,0.07955641344069997,true,1
1205,0.7823583704412355,0.5536353746211973,0.532258064516129,0.5536353746211973,true,2
1207,0.7719000761806296,0.5597946418760408,0.5979381443298969,0.5597946418760408,true,4
1208,0.6358966466495986,0.38278922771086893,0.3416666666666667,0.38278922771086893,true,5
1210,0.5756532727714765,0.3261231945900901,0.31493506493506496,0.3261231945900901,true,1
1212,0.5344999751403258,0.27928890081180624,0.2572178477690289,0.27928890081180624,true,5
1214,0.6953181582664343,0.45193418648299993,0.4340659340659341,0.45193418648299993,true,2
1215,0.7588072961184299,0.5262041685840272,0.532258064516129,0.5262041685840272,true,2
1216,0.34178669468214923,0.1357598177430531,0.13073170731707318,0.1357598177430531,true,2
1217,0.6495649352853764,0.4109689774783818,0.44015444015444016,0.4109689774783818,true,4
1218,0.3678778725896638,0.14905313994219588,0.16346153846153846,0.14905313994219588,true,1
1219,0.34211196265673505,0.1370200602788813,0.14814814814814814,0.1370200602788813,true,5
1222,0.5607718025101736,0.31095407904598665,0.28969957081545067,0.31095407904598665,true,4
1223,0.4171408643359527,0.1815783776144294,0.1753846153846154,0.1815783776144294,true,3
1224,0.7181595391762313,0.4867988326998164,0.4747191011235955,0.4867988326998164,true,3
1225,0.2864896576907655,0.10512390768431314,0.1111111111111111,0.10512390768431314,true,4
1226,0.6919086945814082,0.44797655898519634,0.4340659340659341,0.44797655898519634,true,2
1228,0.2003897530590703,0.07230268278049094,0.07043343653250773,0.07230268278049094,true,3
1229,0.6373104173840693,0.391017546568096,0.345679012345679,0.391017546568096,true,3
1230,0.6303011658438644,0.3780586993630496,0.34049079754601225,0.3780586993630496,true,2
1231,0.326298196962339,0.12519325819855603,0.12396694214876033,0.12519325819855603,true,3
1232,0.22971057151004173,0.0823886160903442,0.07043343653250773,0.0823886160903442,true,3
1233,0.364787977832207,0.14712363842012327,0.13894736842105262,0.14712363842012327,true,4
1234,0.1877490599249981,0.07086889224557232,0.0755813953488372,0.07086889224557232,true,2
1235,0.5775285199584294,0.32883946814754106,0.30769230769230776,0.32883946814754106,true,4
1236,0.3860337561860641,0.16069179600828554,0.1884469696969697,0.16069179600828554,true,4
1237,0.5591232910717471,0.3033007485679636,0.2683397683397683,0.3033007485679636,true,2
1238,0.5965160197295227,0.34893408095167744,0.31493506493506496,0.34893408095167744,true,1
1239,0.344123407602441,0.13490890354773127,0.12310606060606061,0.13490890354773127,true,1
1240,0.4578754814039668,0.21359893183082457,0.21678321678321674,0.21359893183082457,true,5
1241,0.552788947757969,0.2966775566831392,0.2572178477690289,0.2966775566831392,true,5
1242,0.5688860043775603,0.31306245781904557,0.3333333333333333,0.31306245781904557,true,2
1243,0.5772701121159084,0.3215804415329281,0.3333333333333333,0.3215804415329281,true,2
1244,0.43065133143113726,0.19244858137934306,0.19701986754966888,0.19244858137934306,true,2
1245,0.5360240155225824,0.2855495059450927,0.28969957081545067,0.2855495059450927,true,4
1246,0.4472370580053333,0.2041703767168386,0.22486288848263253,0.2041703767168386,true,3
1247,0.5406480810055595,0.2896694221966223,0.3,0.2896694221966223,true,1
1252,0.31596107366693693,0.11983044909983881,0.11428571428571428,0.11983044909983881,true,3
1253,0.4012783067426104,0.17103838491528964,0.1884469696969697,0.17103838491528964,true,4
1254,0.47150137722410157,0.22398615041870845,0.2349570200573066,0.22398615041870845,true,2
1256,0.21332669414458905,0.0766043563661921,0.07043343653250773,0.0766043563661921,true,3
1257,0.18897220834732142,0.06804512380184138,0.07564422277639235,0.06804512380184138,true,1
1258,0.36683567492815006,0.14840773326772486,0.16346153846153846,0.14840773326772486,true,1
1259,0.24687135088708584,0.08887090222806321,0.07043343653250773,0.08887090222806321,true,3
1260,0.32923487127055845,0.12663350807690893,0.12310606060606061,0.12663350807690893,true,1
1261,0.46586201959041185,0.22073673611245526,0.23670212765957446,0.22073673611245526,true,4
1265,0.2987961824530313,0.11379052847913639,0.10574712643678161,0.11379052847913639,true,2
1266,0.4673157671880284,0.2210455280861536,0.21678321678321674,0.2210455280861536,true,5
1268,0.2899795643068082,0.10674580735430376,0.1111111111111111,0.10674580735430376,true,4
1269,0.6618450679166175,0.42562999390617284,0.44015444015444016,0.42562999390617284,true,4
1270,0.38615944384243533,0.1630131915637843,0.14814814814814814,0.1630131915637843,true,5
1271,0.2900709032257708,0.10691786665560069,0.09781477627471384,0.10691786665560069,true,1
1272,0.4448680269976895,0.20352705651043687,0.1884469696969697,0.20352705651043687,true,4
1275,0.43353337356099536,0.19524816011723403,0.20187793427230047,0.19524816011723403,true,5
1276,0.5104266369552154,0.2602230116026262,0.24489795918367344,0.2602230116026262,true,1
1277,0.5410819095295428,0.28547461604404384,0.2572178477690289,0.28547461604404384,true,5
1278,0.27237807986700957,0.09893119051555431,0.09781477627471384,0.09893119051555431,true,1
1279,0.5448829855256345,0.29395001996946507,0.3,0.29395001996946507,true,1
1280,0.7360055345475477,0.5160436694995615,0.5,0.5160436694995615,true,4
1281,0.5274268448256331,0.27420481860981055,0.25,0.27420481860981055,true,3
1282,0.5773536427241419,0.3286501075823855,0.30769230769230776,0.3286501075823855,true,4
1283,0.45957433170441325,0.21401624987038242,0.22486288848263253,0.21401624987038242,true,3
1284,0.3268704691507004,0.12527482981756513,0.13059033989266547,0.12527482981756513,true,4
1285,0.501138675036736,0.25194265019774686,0.2692307692307692,0.25194265019774686,true,4
1286,0.5136746411125049,0.26026781972182833,0.2572178477690289,0.26026781972182833,true,5
1287,0.6384670669683069,0.3856096812781316,0.3416666666666667,0.3856096812781316,true,5
1290,0.4847717937302811,0.236801992216618,0.22487223168654175,0.236801992216618,true,1
1291,0.2766024789480413,0.10064655238777973,0.07591240875912408,0.10064655238777973,true,4
1292,0.5946920023594034,0.34691000643489317,0.31493506493506496,0.34691000643489317,true,1
1293,0.6200045395309555,0.3667723482232459,0.34049079754601225,0.3667723482232459,true,2
1294,0.23935172715123407,0.08973672824933984,0.0945945945945946,0.08973672824933984,true,5
1295,0.29072960297458467,0.11119728634908593,0.11331444759206799,0.11119728634908593,true,5
1297,0.5022310667502153,0.25002850910463814,0.2683397683397683,0.25002850910463814,true,2
1298,0.49899511758158516,0.24719341801381114,0.2612612612612612,0.24719341801381114,true,2
1299,0.43011802439066776,0.19204581135032509,0.1884469696969697,0.19204581135032509,true,4
1300,0.6352187728563135,0.3930703497561606,0.391304347826087,0.3930703497561606,true,1
1301,0.32074362741727086,0.12201733150252062,0.13059033989266547,0.12201733150252062,true,4
1302,0.6631055160691497,0.4130103366151309,0.4339622641509434,0.4130103366151309,true,5
1304,0.6713575735485917,0.4370787878779615,0.44015444015444016,0.4370787878779615,true,4
1305,0.5184364651835432,0.2645422233044724,0.2572178477690289,0.2645422233044724,true,5
1306,0.45956562101841425,0.21491858285758866,0.21678321678321674,0.21491858285758866,true,5
1307,0.558325980444654,0.3083884752766545,0.28969957081545067,0.3083884752766545,true,4
1308,0.5438316847763651,0.2928839344808211,0.3,0.2928839344808211,true,1
1309,0.6248562192949872,0.3768012842429307,0.345679012345679,0.3768012842429307,true,3
1310,0.7731972445812773,0.5613625601532792,0.5979381443298969,0.5613625601532792,true,4
1312,0.6594862826650592,0.41073819162257524,0.4340659340659341,0.41073819162257524,true,2
1313,0.3684492066683407,0.15111108756867186,0.14182692307692307,0.15111108756867186,true,2
1314,0.22101704684232648,0.07850645259006434,0.07591240875912408,0.07850645259006434,true,4
1315,0.358990951012862,0.14359004187965013,0.13894736842105262,0.14359004187965013,true,4
1316,0.32055878989621106,0.12562312571544626,0.12717770034843207,0.12562312571544626,true,5
1317,0.5344205722512761,0.2809736454137307,0.2638297872340426,0.2809736454137307,true,3
1318,0.30392655120957257,0.11356357220146851,0.09781477627471384,0.11356357220146851,true,1
1319,0.6380029218364747,0.39730785496260573,0.42857142857142855,0.39730785496260573,true,4
1320,0.8059568171895378,0.5988540630826287,0.5373134328358209,0.5988540630826287,true,1
1321,0.6192976925278041,0.36600273314871584,0.34049079754601225,0.36600273314871584,true,2
1323,0.37587350681807036,0.1538305379004919,0.17279411764705882,0.1538305379004919,true,3
1324,0.23344203068332853,0.08752292623389292,0.08004509582863585,0.08752292623389292,true,5
1326,0.5605091863017866,0.31067804043617014,0.28969957081545067,0.31067804043617014,true,4
1327,0.7189530721185782,0.4768864009103249,0.49159663865546216,0.4768864009103249,true,5
1328,0.5590756417660527,0.3091736041022987,0.28969957081545067,0.3091736041022987,true,4
1331,0.6261609189932108,0.3721792296080981,0.3416666666666667,0.3721792296080981,true,5
1332,0.6383404076758888,0.38696417876989536,0.36363636363636365,0.38696417876989536,true,2
1337,0.6258487300404207,0.38311797121911395,0.3566666666666667,0.38311797121911395,true,4
1338,0.3574839654064776,0.14271929767114844,0.12310606060606061,0.14271929767114844,true,1
1339,0.5176544841354936,0.26383651250938195,0.2683397683397683,0.26383651250938195,true,2
1342,0.623496802195955,0.3752618062578735,0.345679012345679,0.3752618062578735,true,3
1344,0.5641002408037896,0.3077393995583409,0.2698412698412698,0.3077393995583409,true,5
1345,0.6261756636418848,0.3782978772177168,0.345679012345679,0.3782978772177168,true,3
1346,0.6050527693746293,0.3546344700368143,0.3425925925925926,0.3546344700368143,true,3
1347,0.34229311691635145,0.13603873668434835,0.13073170731707318,0.13603873668434835,true,2
1348,0.4460106221970005,0.20389258325267237,0.2,0.20389258325267237,true,2
1349,0.462352357040513,0.21710735751755364,0.21678321678321674,0.21710735751755364,true,5
1350,0.5136620097802136,0.2602156984080045,0.2683397683397683,0.2602156984080045,true,2
1351,0.4496673060046221,0.2073712169777106,0.1884469696969697,0.2073712169777106,true,4
1352,0.2750169307053374,0.10419647599632528,0.10112359550561797,0.10419647599632528,true,5
1353,0.382273114174971,0.1605688668744769,0.14814814814814814,0.1605688668744769,true,5
1354,0.778116760881768,0.5657472946730593,0.5373134328358209,0.5657472946730593,true,1
1355,0.37296102065332026,0.15200965197440416,0.17279411764705882,0.15200965197440416,true,3
1356,0.40424544083551545,0.1731125927009574,0.1884469696969697,0.1731125927009574,true,4
1357,0.6151105178395592,0.37074397406127985,0.3566666666666667,0.37074397406127985,true,4
1358,0.24655669825565193,0.08806498596194424,0.07591240875912408,0.08806498596194424,true,4
1359,0.5236977510409112,0.270637403032232,0.25,0.270637403032232,true,3
1360,0.5232801836235079,0.26899305807181945,0.2683397683397683,0.26899305807181945,true,2
1361,0.36634367002311974,0.14984868865178175,0.14182692307692307,0.14984868865178175,true,2
1362,0.24962272862322404,0.08944271605168157,0.07564422277639235,0.08944271605168157,true,1
1364,0.3372374281373793,0.13436869332528706,0.14814814814814814,0.13436869332528706,true,5
1365,0.4266156929520881,0.19025625458402282,0.20187793427230047,0.19025625458402282,true,5
1366,0.75356524745769,0.516995143111795,0.575,0.516995143111795,true,5
1367,0.42806545523177947,0.1904878721863449,0.1884469696969697,0.1904878721863449,true,4
1368,0.8844869632450366,0.6867138451926497,0.7468354430379747,0.6867138451926497,true,1
1369,0.8842695508808001,0.6864850196896817,0.7468354430379747,0.6864850196896817,true,1
1370,0.8590038145808446,0.6518023444146307,0.7291666666666666,0.6518023444146307,true,3
1372,0.5861778110928936,0.33827358583551986,0.30769230769230776,0.33827358583551986,true,4
1375,0.5588926124213858,0.30836970734318836,0.3023255813953488,0.30836970734318836,true,1
1376,0.6760988228893277,0.42971849326263223,0.4340659340659341,0.42971849326263223,true,2
1377,0.522603577695037,0.26959622499405056,0.25,0.26959622499405056,true,3
1378,0.4107051572010594,0.17832640081564224,0.19701986754966888,0.17832640081564224,true,2
1379,0.4866856054693258,0.23684937929486588,0.2408026755852843,0.23684937929486588,true,3
1380,0.32800037506288,0.1258836507461139,0.13059033989266547,0.1258836507461139,true,4
1381,0.7318815095306005,0.49186076924925837,0.49159663865546216,0.49186076924925837,true,5
1382,0.3555802145446299,0.14154420505811102,0.13894736842105262,0.14154420505811102,true,4
1383,0.4813886377191268,0.23214945974830944,0.2612612612612612,0.23214945974830944,true,2
1386,0.42181630182982127,0.18569609525569142,0.19471153846153846,0.18569609525569142,true,1
1387,0.25672326281056157,0.09653893376518141,0.0974264705882353,0.09653893376518141,true,5
1388,0.3358093570093576,0.13360018539880175,0.14814814814814814,0.13360018539880175,true,5
1389,0.30057602627663504,0.11579139238622582,0.11331444759206799,0.11579139238622582,true,5
1390,0.21751946415566542,0.07804812888385218,0.07043343653250773,0.07804812888385218,true,3
1391,0.21969090052623716,0.08139014958260968,0.08464419475655428,0.08139014958260968,true,2
1392,0.6551484455846246,0.4176170795216028,0.44015444015444016,0.4176170795216028,true,4
1393,0.6689162084763152,0.4278836737946057,0.4747191011235955,0.4278836737946057,true,3
1394,0.6520127920614469,0.4128293741547204,0.391304347826087,0.4128293741547204,true,1
1395,0.29677758440076213,0.11399989897277103,0.11331444759206799,0.11399989897277103,true,5
1396,0.32829904735018833,0.12961955533603134,0.12717770034843207,0.12961955533603134,true,5
1397,0.44325883615257544,0.20243296957034396,0.20187793427230047,0.20243296957034396,true,5
1399,0.18157264759352315,0.06559773915450405,0.07317073170731705,0.06559773915450405,true,4
1403,0.39661330900165126,0.16781722504813718,0.1884469696969697,0.16781722504813718,true,4
1404,0.6064589161062627,0.35214606126716225,0.34049079754601225,0.35214606126716225,true,2
1405,0.5621429847427218,0.30630177513403145,0.2683397683397683,0.30630177513403145,true,2
1406,0.24728658598874087,0.09278850804175777,0.0974264705882353,0.09278850804175777,true,5
1408,0.6653581192482731,0.42984952857910463,0.44015444015444016,0.42984952857910463,true,4
1409,0.41430675584334403,0.1802059146331814,0.19471153846153846,0.1802059146331814,true,1
1410,0.5925369877504576,0.3365240605007699,0.3174061433447099,0.3365240605007699,true,5
1411,0.8453608921044126,0.6209880106407816,0.675,0.6209880106407816,true,5
1414,0.7667518652120038,0.5322463602681891,0.575,0.5322463602681891,true,5
1415,0.5307866287218308,0.2759718784461172,0.2683397683397683,0.2759718784461172,true,2
1416,0.4382669225841848,0.1983267226578098,0.1884469696969697,0.1983267226578098,true,4
1417,0.5835443224256661,0.32803379727001697,0.34049079754601225,0.32803379727001697,true,2
1418,0.6838753003584493,0.43867846263825894,0.4340659340659341,0.43867846263825894,true,2
1419,0.39016970306723187,0.16464826910630923,0.16071428571428573,0.16464826910630923,true,2
1420,0.39788740347580004,0.16869214448979467,0.1884469696969697,0.16869214448979467,true,4
1421,0.2119989094177253,0.07536428773172679,0.07591240875912408,0.07536428773172679,true,4
1422,0.24084602292381763,0.08912326243261726,0.08464419475655428,0.08912326243261726,true,2
1423,0.6574452337333565,0.4192848528256143,0.391304347826087,0.4192848528256143,true,1
1424,0.5662243459720893,0.3160701788130033,0.31493506493506496,0.3160701788130033,true,1
1426,0.5857932766839745,0.3378513463390845,0.30769230769230776,0.3378513463390845,true,4
1427,0.41518124262255923,0.18083867293052255,0.19471153846153846,0.18083867293052255,true,1
1429,0.49591666794510203,0.24472692594386122,0.2572178477690289,0.24472692594386122,true,5
1430,0.4677648823614004,0.2209548275659092,0.2349570200573066,0.2209548275659092,true,2
1431,0.46272832290277477,0.21691548591866736,0.2349570200573066,0.21691548591866736,true,2
1432,0.6505986573123156,0.3990224502994751,0.40625,0.3990224502994751,true,5
1433,0.4410242947274226,0.2001227597794179,0.19701986754966888,0.2001227597794179,true,2
1434,0.48118727562815244,0.23394314891981902,0.23670212765957446,0.23394314891981902,true,4
1435,0.5047576534142276,0.2553041890988877,0.2692307692307692,0.2553041890988877,true,4
1436,0.43263352007976436,0.19295621963878115,0.22486288848263253,0.19295621963878115,true,3
1438,0.468391741954753,0.2219059658471855,0.21678321678321674,0.2219059658471855,true,5
1439,0.49917716334418555,0.24735233798263984,0.2612612612612612,0.24735233798263984,true,2
1440,0.7929269826477658,0.5850419663047157,0.5979381443298969,0.5850419663047157,true,4
1441,0.2717514504635479,0.1027913070976115,0.0974264705882353,0.1027913070976115,true,5
1442,0.514753167860572,0.2612020743107337,0.2683397683397683,0.2612020743107337,true,2
1443,0.23708676496737172,0.08888235807665525,0.08004509582863585,0.08888235807665525,true,5
1444,0.4503966404034975,0.20796007328644908,0.1884469696969697,0.20796007328644908,true,4
1445,0.6240721922431561,0.38105983651198944,0.3566666666666667,0.38105983651198944,true,4
1446,0.6351661340077537,0.3930089283090469,0.391304347826087,0.3930089283090469,true,1
1447,0.428350647232018,0.19149898087559078,0.20187793427230047,0.19149898087559078,true,5
1452,0.5047719604523223,0.25226978413578605,0.2683397683397683,0.25226978413578605,true,2
1456,0.5963719958037366,0.34877406114303827,0.31493506493506496,0.34877406114303827,true,1
1457,0.48272707411050303,0.2349992732409116,0.22487223168654175,0.2349992732409116,true,1
1459,0.44856202316126664,0.20629526397945727,0.19471153846153846,0.20629526397945727,true,1
1460,0.4244912368601442,0.18768266080934712,0.19471153846153846,0.18768266080934712,true,1
1461,0.4546851971055007,0.2105761497783131,0.2349570200573066,0.2105761497783131,true,2
1462,0.5001374864572611,0.2506523239794808,0.22487223168654175,0.2506523239794808,true,1
1463,0.6200091699750823,0.3713238016006131,0.345679012345679,0.3713238016006131,true,3
1464,0.5731715977068632,0.3202540685750539,0.3425925925925926,0.3202540685750539,true,3
1465,0.48475344267919873,0.23497446166165525,0.2612612612612612,0.23497446166165525,true,2
1466,0.38586855073362564,0.1628292004632045,0.14814814814814814,0.1628292004632045,true,5
1467,0.533176613582486,0.2780551608940439,0.2572178477690289,0.2780551608940439,true,5
1468,0.4584692927914496,0.21456014854614966,0.21875,0.21456014854614966,true,4
1469,0.4352120932976316,0.19490169967824447,0.22486288848263253,0.19490169967824447,true,3
1470,0.5415023410641719,0.2905299233516894,0.3,0.2905299233516894,true,1
1472,0.41896456138285154,0.18369659332292124,0.1884469696969697,0.18369659332292124,true,4
1473,0.41144729564235,0.17822975888362838,0.1884469696969697,0.17822975888362838,true,4
1474,0.3117247002029704,0.11769059480104757,0.10569105691056911,0.11769059480104757,true,3
1476,0.5568210892100552,0.3005943996119268,0.2572178477690289,0.3005943996119268,true,5
1477,0.5561036142054744,0.30606747654444233,0.28969957081545067,0.30606747654444233,true,4
1478,0.5223120086488183,0.27202313928218785,0.28969957081545067,0.27202313928218785,true,4
1479,0.32750366745722465,0.12809005899037182,0.13073170731707318,0.12809005899037182,true,2
1480,0.4789477217945506,0.23047406742532808,0.2572178477690289,0.23047406742532808,true,5
1481,0.4410542685263002,0.2005102975116119,0.1884469696969697,0.2005102975116119,true,4
1483,0.4682543501005499,0.22251261807279707,0.22487223168654175,0.22251261807279707,true,1
1485,0.44837042877935723,0.20632717621982358,0.1884469696969697,0.20632717621982358,true,4
1486,0.7200577233817634,0.4951355241282627,0.5255813953488372,0.4951355241282627,true,1
1487,0.4219838831189239,0.1859286428916802,0.1884469696969697,0.1859286428916802,true,4
1489,0.4774417092928614,0.22923762239611026,0.2572178477690289,0.22923762239611026,true,5
1490,0.5448017611280729,0.28929744302041455,0.2683397683397683,0.28929744302041455,true,2
1491,0.2545883973528037,0.09128187224380281,0.07591240875912408,0.09128187224380281,true,4
1492,0.6337441707553139,0.39135100181501314,0.391304347826087,0.39135100181501314,true,1
1493,0.7376014153234262,0.5013636699045898,0.5,0.5013636699045898,true,2
1494,0.2418147282078125,0.08691441493889772,0.07043343653250773,0.08691441493889772,true,3
1495,0.2765033894175825,0.10060254936873889,0.07591240875912408,0.10060254936873889,true,4
1496,0.45034054903198123,0.20661503530578462,0.22486288848263253,0.20661503530578462,true,3
1497,0.3431364545934836,0.13436839641719983,0.14937759336099585,0.13436839641719983,true,3
1498,0.5093712752670321,0.2572066323984976,0.25,0.2572066323984976,true,3
1500,0.4124104932157027,0.1795013667656484,0.19701986754966888,0.1795013667656484,true,2
1502,0.34688032237875077,0.13648408632454706,0.14937759336099585,0.13648408632454706,true,3
1504,0.39853614420872174,0.16913902925106977,0.1884469696969697,0.16913902925106977,true,4
1505,0.25594251229773746,0.09504086168382696,0.08464419475655428,0.09504086168382696,true,2
1506,0.3354144860504158,0.13229128769744533,0.13073170731707318,0.13229128769744533,true,2
1507,0.3585564595577548,0.14326296527709523,0.14937759336099585,0.14326296527709523,true,3
1509,0.6302604143915386,0.376632523109282,0.3416666666666667,0.376632523109282,true,5
1510,0.6897474848311679,0.4581698797529879,0.5,0.4581698797529879,true,1
1512,0.2066743306432247,0.07436382721203853,0.07043343653250773,0.07436382721203853,true,3
1513,0.41347981845240034,0.17969519919454502,0.1884469696969697,0.17969519919454502,true,4
1515,0.6433128152924132,0.4025540222381187,0.391304347826087,0.4025540222381187,true,1
1516,0.417253375365688,0.18287103912324307,0.19701986754966888,0.18287103912324307,true,2
1517,0.32561747384398465,0.12468954713003617,0.102803738317757,0.12468954713003617,true,1
1518,0.6493896544994356,0.39767858601062445,0.40625,0.39767858601062445,true,5
1520,0.7562523090388815,0.5232156959486104,0.532258064516129,0.5232156959486104,true,2
1521,0.7133370479151521,0.48692028391533354,0.5255813953488372,0.48692028391533354,true,1
1522,0.5211969172110745,0.26826141357082844,0.25,0.26826141357082844,true,3
1523,0.4094141119035157,0.17677322210983162,0.1884469696969697,0.17677322210983162,true,4
1524,0.33627648436480534,0.13042058802355835,0.13059033989266547,0.13042058802355835,true,4
1525,0.8179676241869726,0.6128813465038557,0.5373134328358209,0.6128813465038557,true,1
1526,0.5749239613565006,0.3260249806210702,0.30769230769230776,0.3260249806210702,true,4
1527,0.5699387089387667,0.3206728631925231,0.30769230769230776,0.3206728631925231,true,4
1528,0.45575998300334364,0.21211956033341775,0.22487223168654175,0.21211956033341775,true,1
1529,0.4882579550496452,0.23822120196567656,0.2572178477690289,0.23822120196567656,true,5
1530,0.5184466410551157,0.2645587582303447,0.2683397683397683,0.2645587582303447,true,2
1533,0.38736390424727674,0.16157403493317696,0.1884469696969697,0.16157403493317696,true,4
1534,0.4961789186233526,0.24523096219748738,0.2408026755852843,0.24523096219748738,true,3
1535,0.2586010310345175,0.09730118707932715,0.0974264705882353,0.09730118707932715,true,5
1536,0.4684399249477107,0.2226696881501925,0.22487223168654175,0.2226696881501925,true,1
1537,0.5685036155715821,0.31267689816852257,0.3333333333333333,0.31267689816852257,true,2
1538,0.3151416620522673,0.11920385893413701,0.102803738317757,0.11920385893413701,true,1
1539,0.35586150297880137,0.14473642207554233,0.14814814814814814,0.14473642207554233,true,5
1540,0.5267446273594919,0.27354999679961156,0.25,0.27354999679961156,true,3
1541,0.48363271298059685,0.23403088811320658,0.2612612612612612,0.23403088811320658,true,2
1542,0.4491014082761318,0.20672757924182206,0.19471153846153846,0.20672757924182206,true,1
1543,0.7365925361351416,0.5090365968433925,0.4747191011235955,0.5090365968433925,true,3
1544,0.5425089443246773,0.28709147811596203,0.2683397683397683,0.28709147811596203,true,2
1545,0.6707044249536227,0.421579738330954,0.45180722891566266,0.421579738330954,true,5
1546,0.7900074677781138,0.5815599275371692,0.5979381443298969,0.5815599275371692,true,4
1547,0.5743224124209789,0.3179302400217734,0.2698412698412698,0.3179302400217734,true,5
1548,0.7476066756685229,0.5302437058144246,0.5164835164835165,0.5302437058144246,true,4
1549,0.7476872399983694,0.5101849106736358,0.49159663865546216,0.5101849106736358,true,5
1550,0.3445645414429487,0.13510261881493754,0.13894736842105262,0.13510261881493754,true,4
1551,0.6001168976186182,0.3444178022504543,0.3174061433447099,0.3444178022504543,true,5
1552,0.5364392726870912,0.28545199468391985,0.3,0.28545199468391985,true,1
1553,0.8795249050022856,0.6617478000493934,0.7272727272727273,0.6617478000493934,true,2
1554,0.6669940784866338,0.4306978897084608,0.391304347826087,0.4306978897084608,true,1
1556,0.35011587766145835,0.14040882153376574,0.13073170731707318,0.14040882153376574,true,2
1557,0.6876988763544208,0.4409090504718853,0.45180722891566266,0.4409090504718853,true,5
1558,0.6543734294873493,0.41669244358969754,0.44015444015444016,0.41669244358969754,true,4
1559,0.5976766062868868,0.3418668329722566,0.3174061433447099,0.3418668329722566,true,5
1560,0.5268575192892642,0.2723049978825064,0.2683397683397683,0.2723049978825064,true,2
1561,0.566852749814352,0.31738317242854674,0.28969957081545067,0.31738317242854674,true,4
1562,0.597931674289492,0.3505087721828022,0.31493506493506496,0.3505087721828022,true,1
1564,0.7608198254285771,0.5285568383124577,0.532258064516129,0.5285568383124577,true,2
1565,0.7575019249616698,0.5246775458862613,0.532258064516129,0.5246775458862613,true,2
1566,0.6626340524490593,0.42547676835853226,0.391304347826087,0.42547676835853226,true,1
1567,0.712189568870149,0.47960354048913634,0.4747191011235955,0.47960354048913634,true,3
1568,0.5606987505252787,0.310257032223323,0.31493506493506496,0.310257032223323,true,1
1569,0.5763622203272756,0.3268857208151597,0.31493506493506496,0.3268857208151597,true,1
1570,0.38918878573321614,0.16279076959502,0.1884469696969697,0.16279076959502,true,4
1571,0.6104301002300433,0.3605966475551268,0.345679012345679,0.3605966475551268,true,3
1573,0.8186650845204967,0.6153367056246963,0.6666666666666666,0.6153367056246963,true,4
1574,0.35592180902104564,0.14170926472704137,0.14937759336099585,0.14170926472704137,true,3
1576,0.2275135284353636,0.08084379948505276,0.07591240875912408,0.08084379948505276,true,4
1577,0.5064420532784147,0.2568787828906353,0.2692307692307692,0.2568787828906353,true,4
1578,0.8087902596452927,0.5840299110657063,0.5882352941176471,0.5840299110657063,true,2
1579,0.8745271041285752,0.656481256205022,0.7272727272727273,0.656481256205022,true,2
1580,0.534103815926563,0.27909135454533757,0.2683397683397683,0.27909135454533757,true,2
1581,0.5740482334282248,0.32508146654770936,0.30769230769230776,0.32508146654770936,true,4
1582,0.5525441764725989,0.29682025777098425,0.2683397683397683,0.29682025777098425,true,2
1583,0.877097580479456,0.6549647614244152,0.675,0.6549647614244152,true,5
1584,0.7523241085151136,0.5155576057497305,0.5350107857449744,0.5155576057497305,true,5
1585,0.42509687039550736,0.1891734134683759,0.19696969696969696,0.1891734134683759,true,5
1587,0.3193071685290944,0.1249868919561538,0.12717770034843207,0.1249868919561538,true,5
1588,0.7438700962884048,0.5242342411391872,0.5255813953488372,0.5242342411391872,true,1
1589,0.4019145099581344,0.17236515431215182,0.16071428571428573,0.17236515431215182,true,2
1590,0.4780274251699775,0.22935121760804658,0.2612612612612612,0.22935121760804658,true,2
1591,0.8503088624217114,0.6304309485629368,0.7272727272727273,0.6304309485629368,true,2
1592,0.3927203364351166,0.16471497471951382,0.1753846153846154,0.16471497471951382,true,3
1593,0.6070032950833307,0.351664674721477,0.3174061433447099,0.351664674721477,true,5
1594,0.46449567384338164,0.2193483168485888,0.22487223168654175,0.2193483168485888,true,1
1595,0.4662424275106643,0.21947979307339335,0.22486288848263253,0.21947979307339335,true,3
1596,0.47873119179245527,0.23179022500792013,0.23670212765957446,0.23179022500792013,true,4
1597,0.46937709241253217,0.22269603080876857,0.21678321678321674,0.22269603080876857,true,5
1598,0.4831602568122927,0.2353803918978253,0.22487223168654175,0.2353803918978253,true,1
1599,0.5652969863920279,0.3150904693849064,0.31493506493506496,0.3150904693849064,true,1
1601,0.5019910638285289,0.2504602970746134,0.25,0.2504602970746134,true,3
1602,0.7699353584541062,0.5359203563566066,0.575,0.5359203563566066,true,5
1603,0.544147142987976,0.2883832386457883,0.2572178477690289,0.2883832386457883,true,5
1604,0.4217381652964368,0.1857462152357168,0.1884469696969697,0.1857462152357168,true,4
1605,0.6732257054420682,0.4264194128770901,0.4340659340659341,0.4264194128770901,true,2
1606,0.19701558937641864,0.07121791408332875,0.07043343653250773,0.07121791408332875,true,3
1607,0.6650202106583444,0.4151648199045193,0.45180722891566266,0.4151648199045193,true,5
1608,0.4923161793615586,0.24141045174005657,0.2612612612612612,0.24141045174005657,true,2
1609,0.6390945930365495,0.3878036229093658,0.36363636363636365,0.3878036229093658,true,2
1610,0.7838391542024294,0.5519155957304821,0.575,0.5519155957304821,true,5
1611,0.7091321653110441,0.4759216979700902,0.4747191011235955,0.4759216979700902,true,3
1613,0.5830834565053472,0.3307566920828342,0.3425925925925926,0.3307566920828342,true,3
1615,0.6651557499509652,0.41718887721766257,0.4340659340659341,0.41718887721766257,true,2
1616,0.5364851534186881,0.2813440358210722,0.2683397683397683,0.2813440358210722,true,2
1618,0.5702673793332135,0.31445743937908505,0.3333333333333333,0.31445743937908505,true,2
1619,0.703362785953494,0.4689814346190065,0.4747191011235955,0.4689814346190065,true,3
1621,0.531230575608452,0.27787362692828926,0.2638297872340426,0.27787362692828926,true,3
1622,0.7370964415199356,0.5173804242651195,0.5164835164835165,0.5173804242651195,true,4
1623,0.6842326473126679,0.45267975929214743,0.44015444015444016,0.45267975929214743,true,4
1624,0.5254800991991,0.27102674904979507,0.2683397683397683,0.27102674904979507,true,2
1625,0.46018497251575247,0.21598231441081306,0.23670212765957446,0.21598231441081306,true,4
1626,0.7133647126212515,0.47042494498915244,0.49159663865546216,0.47042494498915244,true,5
1629,0.38054024325298874,0.15678534076239858,0.17279411764705882,0.15678534076239858,true,3
1630,0.4676279013897598,0.22198297773381978,0.22487223168654175,0.22198297773381978,true,1
1631,0.6464365380098644,0.394402573159407,0.3416666666666667,0.394402573159407,true,5
1632,0.5223427575644269,0.26808204683270537,0.2572178477690289,0.26808204683270537,true,5
1633,0.5070441622351791,0.25705075166594243,0.24489795918367344,0.25705075166594243,true,1
1634,0.8196927654685555,0.5963965333546811,0.6666666666666666,0.5963965333546811,true,2
1635,0.6097631284979159,0.364643582220038,0.3566666666666667,0.364643582220038,true,4
1636,0.47086894902511645,0.22389603364014185,0.21678321678321674,0.22389603364014185,true,5
1637,0.5581638275073781,0.3019052679904982,0.2572178477690289,0.3019052679904982,true,5
1638,0.4975556111465443,0.24646291721673777,0.2408026755852843,0.24646291721673777,true,3
1639,0.5217967155366579,0.2688300633387901,0.25,0.2688300633387901,true,3
1642,0.711860824304229,0.48511656465985964,0.5255813953488372,0.48511656465985964,true,1
1643,0.5505337723431194,0.2948560262126201,0.2683397683397683,0.2948560262126201,true,2
1644,0.8493507599571337,0.6253334188082909,0.675,0.6253334188082909,true,5
1647,0.472211928811003,0.22445538933080356,0.22486288848263253,0.22445538933080356,true,3
1648,0.629134387602654,0.38166224178636127,0.345679012345679,0.38166224178636127,true,3
1649,0.5200081098279986,0.26979021459668245,0.28969957081545067,0.26979021459668245,true,4
1650,0.617103723666746,0.36241783390418786,0.3174061433447099,0.36241783390418786,true,5
1651,0.7515335381357022,0.5146417993913371,0.5,0.5146417993913371,true,5
1654,0.6831531321199268,0.450174194724281,0.5,0.450174194724281,true,1
1655,0.556253246390253,0.3004638982276371,0.2683397683397683,0.3004638982276371,true,2
1656,0.5635847524542892,0.3139192106043847,0.28969957081545067,0.3139192106043847,true,4
1658,0.674302505546136,0.4256542185787439,0.45180722891566266,0.4256542185787439,true,5
1659,0.421311060054998,0.185322700591667,0.19471153846153846,0.185322700591667,true,1
1661,0.6958096306372308,0.45250519002709644,0.4340659340659341,0.45250519002709644,true,2
1662,0.7259397886391981,0.4876925556929062,0.4634146341463415,0.4876925556929062,true,2
1664,0.708151934564692,0.46440662836083985,0.49159663865546216,0.46440662836083985,true,5
1665,0.8040676198351047,0.5894810079745465,0.5342465753424658,0.5894810079745465,true,3
1666,0.8816838617785534,0.6640106018971162,0.7272727272727273,0.6640106018971162,true,2
1667,0.6084660712256752,0.35841390749290253,0.345679012345679,0.35841390749290253,true,3
1668,0.6464337029911909,0.4072547370851095,0.44015444015444016,0.4072547370851095,true,4
1669,0.5089672997999751,0.2588512626625703,0.24489795918367344,0.2588512626625703,true,1
1671,0.5175587971151258,0.26742906966416774,0.28969957081545067,0.26742906966416774,true,4
1672,0.42020448125104787,0.1837861367396397,0.1753846153846154,0.1837861367396397,true,3
1673,0.4749999814074555,0.22724287035965543,0.2572178477690289,0.22724287035965543,true,5
1674,0.6316868033061971,0.3845737550060689,0.345679012345679,0.3845737550060689,true,3
1675,0.5562651907890108,0.30047567307912704,0.2683397683397683,0.30047567307912704,true,2
1676,0.5523259141968591,0.2987585366420099,0.2638297872340426,0.2987585366420099,true,3
1677,0.3757417398876601,0.1537477732241127,0.17279411764705882,0.1537477732241127,true,3
1678,0.5084015715697622,0.2587185379829349,0.2692307692307692,0.2587185379829349,true,4
1679,0.5431831829399791,0.2874666313699878,0.2572178477690289,0.2874666313699878,true,5
1681,0.3565975070664114,0.14210638952917215,0.14937759336099585,0.14210638952917215,true,3
1682,0.4005652205642012,0.172335471340321,0.18571428571428572,0.172335471340321,true,5
1683,0.36603900960922947,0.15067799189843437,0.14814814814814814,0.15067799189843437,true,5
1684,0.6264179608432324,0.383778321380601,0.3566666666666667,0.383778321380601,true,4
1685,0.6068323135565261,0.35254569993599216,0.34049079754601225,0.35254569993599216,true,2
1686,0.7348095035247846,0.5068856840103371,0.4747191011235955,0.5068856840103371,true,3
1687,0.22199854617880826,0.07903186421042098,0.07564422277639235,0.07903186421042098,true,1
1688,0.4617527570939112,0.21728784775522367,0.23670212765957446,0.21728784775522367,true,4
1690,0.6668733707250266,0.43055312925509465,0.391304347826087,0.43055312925509465,true,1
1691,0.8163045456492766,0.610949614778244,0.5373134328358209,0.610949614778244,true,1
1692,0.21786948382829313,0.08192418049981567,0.08004509582863585,0.08192418049981567,true,5
1693,0.5309617682199234,0.2800188763017577,0.24489795918367344,0.2800188763017577,true,1
1694,0.6142118597444309,0.3648157413880273,0.345679012345679,0.3648157413880273,true,3
1695,0.7214704216981598,0.48245680764281457,0.4634146341463415,0.48245680764281457,true,2
1696,0.33498369067348865,0.13315755623073727,0.12717770034843207,0.13315755623073727,true,5
1697,0.6257137248776298,0.3730131515046668,0.34049079754601225,0.3730131515046668,true,2
1698,0.8067075536376817,0.6013579536101528,0.5979381443298969,0.6013579536101528,true,4
1700,0.4134756255752393,0.17969216648560313,0.1884469696969697,0.17969216648560313,true,4
1702,0.3494459272836734,0.13792602130328513,0.13894736842105262,0.13792602130328513,true,4
1704,0.56078579313272,0.3103481478503505,0.31493506493506496,0.3103481478503505,true,1
1705,0.5879167559342455,0.33175657556238985,0.3174061433447099,0.33175657556238985,true,5
1706,0.5896292702350882,0.3413211056254069,0.31493506493506496,0.3413211056254069,true,1
1707,0.7051969065515107,0.4769797846925859,0.5255813953488372,0.4769797846925859,true,1
1708,0.3203538595748138,0.12439141679199128,0.13073170731707318,0.12439141679199128,true,2
1709,0.5949684745380761,0.34799546972369266,0.3566666666666667,0.34799546972369266,true,4
1710,0.7111875972633852,0.4704272422233772,0.4634146341463415,0.4704272422233772,true,2
1711,0.7878995693202451,0.5565680832042242,0.575,0.5565680832042242,true,5
1712,0.34176175496887373,0.13359852454159327,0.14937759336099585,0.13359852454159327,true,3
1713,0.4051023463963388,0.17365040723887748,0.19471153846153846,0.17365040723887748,true,1
1714,0.8910851445829919,0.6953308347271696,0.7,0.6953308347271696,true,4
1715,0.5566094657702996,0.30659492027690716,0.28969957081545067,0.30659492027690716,true,4
1718,0.48428854735168186,0.23668140710724014,0.23670212765957446,0.23668140710724014,true,4
1720,0.5716428956358819,0.3186500076039363,0.3425925925925926,0.3186500076039363,true,3
1721,0.18084912080490587,0.0687673666562442,0.0755813953488372,0.0687673666562442,true,2
1722,0.812987548875221,0.6070864236460715,0.5373134328358209,0.6070864236460715,true,1
1723,0.41211041450435565,0.18010744673535148,0.19455252918287938,0.18010744673535148,true,5
1724,0.5022902617464807,0.25073149281046814,0.25,0.25073149281046814,true,3
1725,0.4185996103745823,0.1838164254419496,0.19701986754966888,0.1838164254419496,true,2
1726,0.6437573409707271,0.40307705452930437,0.391304347826087,0.40307705452930437,true,1
1727,0.5841930292891155,0.3319432133925425,0.3425925925925926,0.3319432133925425,true,3
1728,0.7739620841190293,0.5622864680644148,0.5979381443298969,0.5622864680644148,true,4
1730,0.44827077911226954,0.2049822553220129,0.22486288848263253,0.2049822553220129,true,3
1731,0.583580650405039,0.3273134145396481,0.3174061433447099,0.3273134145396481,true,5
1732,0.5472450289020018,0.2913406793893899,0.2572178477690289,0.2913406793893899,true,5
1733,0.33183704029143557,0.12796986513136174,0.13059033989266547,0.12796986513136174,true,4
1734,0.42254031706309464,0.18660551903952155,0.19701986754966888,0.18660551903952155,true,2
1735,0.5617852193497483,0.3054568117760682,0.2698412698412698,0.3054568117760682,true,5
1736,0.6231735192219648,0.36894757259720107,0.3174061433447099,0.36894757259720107,true,5
1737,0.7814498444268113,0.5525821198422737,0.532258064516129,0.5525821198422737,true,2
1738,0.7967608865221355,0.570261869660781,0.5714285714285714,0.570261869660781,true,2
1742,0.2873202666600942,0.1059994741706002,0.10187667560321716,0.1059994741706002,true,3
1743,0.33965313583773993,0.13237737340935324,0.12310606060606061,0.13237737340935324,true,1
1745,0.5045420982467362,0.25206648029605305,0.2683397683397683,0.25206648029605305,true,2
1747,0.5547196135202467,0.30118457618288613,0.2638297872340426,0.30118457618288613,true,3
1748,0.3735288436369027,0.15517757015642974,0.14814814814814814,0.15517757015642974,true,5
1750,0.23057245705600224,0.0819662001161499,0.07591240875912408,0.0819662001161499,true,4
1751,0.24335003972270436,0.08750429477518103,0.07043343653250773,0.08750429477518103,true,3
1752,0.48183194892025666,0.23285505096410836,0.2572178477690289,0.23285505096410836,true,5
1753,0.37049221124576753,0.15067061082668873,0.13894736842105262,0.15067061082668873,true,4
1754,0.6564596755714642,0.41323385044064015,0.449438202247191,0.41323385044064015,true,3
1756,0.7418977207003941,0.5218275334435871,0.5255813953488372,0.5218275334435871,true,1
1757,0.745735747690765,0.5108996928891377,0.532258064516129,0.5108996928891377,true,2
1758,0.46699022253100103,0.22169046866050265,0.23670212765957446,0.22169046866050265,true,4
1760,0.4190336153410446,0.18412200913794613,0.19701986754966888,0.18412200913794613,true,2
1761,0.6600862344738032,0.4224333611302103,0.391304347826087,0.4224333611302103,true,1
1763,0.7775657526168266,0.5582119434173198,0.5342465753424658,0.5582119434173198,true,3
1764,0.6542147542708734,0.40476764187095066,0.41509433962264153,0.40476764187095066,true,2
1765,0.5618257197490425,0.30549666318985325,0.2698412698412698,0.30549666318985325,true,5
1766,0.4615300383285018,0.21710203742823442,0.23670212765957446,0.21710203742823442,true,4
1767,0.312344537465367,0.12035733416108442,0.13073170731707318,0.12035733416108442,true,2
1768,0.35903039288452054,0.14364724955033165,0.12310606060606061,0.14364724955033165,true,1
1769,0.6425836529482776,0.39169571663283026,0.36363636363636365,0.39169571663283026,true,2
1770,0.637731296849202,0.3915013724231348,0.345679012345679,0.3915013724231348,true,3
1772,0.28351159655052205,0.1079315575054612,0.11331444759206799,0.1079315575054612,true,5
1773,0.7510777996127128,0.5171583944727907,0.532258064516129,0.5171583944727907,true,2
1774,0.4381515772791497,0.19713756982766667,0.22486288848263253,0.19713756982766667,true,3
1775,0.5626363197592323,0.30928732978637113,0.3425925925925926,0.30928732978637113,true,3
1777,0.6177176687548918,0.3642848794453786,0.34049079754601225,0.3642848794453786,true,2
1778,0.3484630048527675,0.13740540059589507,0.12310606060606061,0.13740540059589507,true,1
1779,0.2181368839984611,0.08201750528530163,0.08004509582863585,0.08201750528530163,true,5
1780,0.7278903130879937,0.4872351521796818,0.49159663865546216,0.4872351521796818,true,5
1781,0.8001040894983147,0.5935652477874553,0.5979381443298969,0.5935652477874553,true,4
1782,0.6449933004966586,0.39439180645652766,0.38461538461538464,0.39439180645652766,true,2
1783,0.5724748636494591,0.3166936307817522,0.3333333333333333,0.3166936307817522,true,2
1784,0.8458922322817111,0.6373053789603105,0.7291666666666666,0.6373053789603105,true,3
1785,0.676810477655986,0.44250785294568423,0.4583333333333333,0.44250785294568423,true,1
1786,0.4844002704173411,0.23486143805085768,0.2408026755852843,0.23486143805085768,true,3
1787,0.2061795920879943,0.07419962812905911,0.07043343653250773,0.07419962812905911,true,3
1788,0.6158917561934494,0.3611199994413042,0.3174061433447099,0.3611199994413042,true,5
1789,0.5990710226121876,0.3517784879460187,0.31493506493506496,0.3517784879460187,true,1
1791,0.6813795916577888,0.4480279788472516,0.4583333333333333,0.4480279788472516,true,1
1794,0.6877773176695277,0.4503003066482893,0.4747191011235955,0.4503003066482893,true,3
1795,0.3671808473157379,0.15135695973518787,0.14814814814814814,0.15135695973518787,true,5
1798,0.5065974118591706,0.25465714021919533,0.25,0.25465714021919533,true,3
1799,0.7371677585278568,0.5174678048850376,0.5164835164835165,0.5174678048850376,true,4
1800,0.6890132717634151,0.4584979688430405,0.44015444015444016,0.4584979688430405,true,4
1801,0.42093945662388793,0.18546857185056392,0.19701986754966888,0.18546857185056392,true,2
1803,0.6460696764973346,0.395598225469817,0.4,0.395598225469817,true,2
1804,0.6589898306872125,0.42112548636181796,0.391304347826087,0.42112548636181796,true,1
1805,0.6594873826521958,0.40894822572186124,0.4339622641509434,0.40894822572186124,true,5
1806,0.6280190720328837,0.38470155201078404,0.38095238095238093,0.38470155201078404,true,1
1807,0.5680893209687042,0.31493786555496733,0.3425925925925926,0.31493786555496733,true,3
1808,0.5821190309296572,0.3331112603757495,0.31493506493506496,0.3331112603757495,true,1
1809,0.7172446650681955,0.4916963140946435,0.5255813953488372,0.4916963140946435,true,1
1810,0.5012358742918048,0.25166276024701906,0.22487223168654175,0.25166276024701906,true,1
1811,0.3492861475498665,0.13993979307113882,0.13073170731707318,0.13993979307113882,true,2
1812,0.5784507527693737,0.3291374071051133,0.31493506493506496,0.3291374071051133,true,1
1813,0.5332073383073257,0.27824618061698564,0.2683397683397683,0.27824618061698564,true,2
1814,0.6713943479145571,0.4371231862651976,0.44015444015444016,0.4371231862651976,true,4
1815,0.7675296585427342,0.5462347984122471,0.5342465753424658,0.5462347984122471,true,3
1816,0.8369256763813935,0.6156907627324844,0.7272727272727273,0.6156907627324844,true,2
1817,0.5283841070100773,0.27748408240982425,0.24489795918367344,0.27748408240982425,true,1
1818,0.7636339703619858,0.5482697963908296,0.5255813953488372,0.5482697963908296,true,1
1819,0.5696276851326343,0.3165420099803185,0.3425925925925926,0.3165420099803185,true,3
1820,0.7971505283905773,0.5813784942885967,0.5342465753424658,0.5813784942885967,true,3
1822,0.28223180276045157,0.10317459715385492,0.10101010101010101,0.10317459715385492,true,4
1824,0.6273820456492777,0.3839642798818679,0.38095238095238093,0.3839642798818679,true,1
1827,0.6465917217171271,0.39618380092126104,0.4,0.39618380092126104,true,2
1828,0.5290798793933226,0.27864904937310936,0.28969957081545067,0.27864904937310936,true,4
1829,0.42596157321073247,0.18978932106458704,0.19696969696969696,0.18978932106458704,true,5
1830,0.7617916704810733,0.5460370635463456,0.5255813953488372,0.5460370635463456,true,1
1831,0.6528619291202183,0.40154226357759265,0.40625,0.40154226357759265,true,5
1833,0.6290630807561503,0.3753296620762046,0.3416666666666667,0.3753296620762046,true,5
1834,0.16281474695783524,0.06465663065327211,0.07586206896551724,0.06465663065327211,true,5
1837,0.36783644820924005,0.1507428018899356,0.14182692307692307,0.1507428018899356,true,2
1838,0.6510930391334431,0.40124509663005525,0.41509433962264153,0.40124509663005525,true,2
1839,0.654317120289462,0.41662528643372315,0.44015444015444016,0.41662528643372315,true,4
1840,0.6812825225517849,0.44255362146997473,0.4747191011235955,0.44255362146997473,true,3
1841,0.7215059719223461,0.49826210691971135,0.5,0.49826210691971135,true,4
1842,0.8138457546601936,0.6008515972100396,0.6875,0.6008515972100396,true,3
1843,0.29867951242510254,0.11130829740014876,0.10187667560321716,0.11130829740014876,true,3
1844,0.46857993791471053,0.22205670853310366,0.21678321678321674,0.22205670853310366,true,5
1845,0.8193588646128311,0.6161421846217912,0.6666666666666666,0.6161421846217912,true,4
1846,0.6352695209462376,0.3886744682110736,0.345679012345679,0.3886744682110736,true,3
1847,0.34766485530425023,0.13689014694025473,0.13894736842105262,0.13689014694025473,true,4
1848,0.8954308585408284,0.6981133033443448,0.7597101910559519,0.6981133033443448,true,1
1849,0.431699408510386,0.19311710533222204,0.19471153846153846,0.19311710533222204,true,1
1850,0.5673079237959316,0.3178672612308558,0.28969957081545067,0.3178672612308558,true,4
1851,0.7136126778126324,0.4707114569751587,0.49159663865546216,0.4707114569751587,true,5
1852,0.4562997721644341,0.21136970069514827,0.22486288848263253,0.21136970069514827,true,3
1853,0.4792993326550985,0.23199860486917076,0.22487223168654175,0.23199860486917076,true,1
1854,0.4012621525252169,0.17046586402564573,0.1753846153846154,0.17046586402564573,true,3
1855,0.7393814583671223,0.520179565970847,0.5164835164835165,0.520179565970847,true,4
1856,0.6358449075026837,0.3827325359769512,0.3416666666666667,0.3827325359769512,true,5
1857,0.5342866994954717,0.28330932377354545,0.24489795918367344,0.28330932377354545,true,1
1858,0.4506563728236406,0.20817007582388453,0.1884469696969697,0.20817007582388453,true,4
1859,0.5504009588314214,0.2943718201738409,0.2572178477690289,0.2943718201738409,true,5
1860,0.5942531163516175,0.3427971079387767,0.3425925925925926,0.3427971079387767,true,3
1861,0.511115304929187,0.26087198050111254,0.24489795918367344,0.26087198050111254,true,1
1862,0.6589663793607212,0.41617047955504016,0.449438202247191,0.41617047955504016,true,3
1863,0.5776704926633823,0.32199025876887594,0.3333333333333333,0.32199025876887594,true,2
1865,0.4014156331640863,0.17057064093804955,0.1753846153846154,0.17057064093804955,true,3
1866,0.484518386411956,0.2350881173102286,0.2572178477690289,0.2350881173102286,true,5
1867,0.2434273804344549,0.09129277270574435,0.0974264705882353,0.09129277270574435,true,5
1868,0.6787442759685711,0.43069799987179147,0.45180722891566266,0.43069799987179147,true,5
1869,0.6996004184437379,0.47015560690773417,0.5,0.47015560690773417,true,1
1870,0.6245233581759878,0.37170836850784383,0.34049079754601225,0.37170836850784383,true,2
1871,0.5390833952735371,0.28358772814915745,0.2572178477690289,0.28358772814915745,true,5
1872,0.5411343753890003,0.29069270873066433,0.28969957081545067,0.29069270873066433,true,4
1874,0.49058973288796787,0.2399306990710493,0.2612612612612612,0.2399306990710493,true,2
1875,0.7264221664719664,0.49676574747435254,0.4747191011235955,0.49676574747435254,true,3
1877,0.581726284372968,0.33340148173418066,0.30769230769230776,0.33340148173418066,true,4
1878,0.5180734289997333,0.26421476960349033,0.2572178477690289,0.26421476960349033,true,5
1880,0.4347648752284277,0.19546475220646578,0.19701986754966888,0.19546475220646578,true,2
1881,0.5718405969906764,0.3188572140504264,0.3425925925925926,0.3188572140504264,true,3
1882,0.7508816497663047,0.5262550905304844,0.4747191011235955,0.5262550905304844,true,3
1883,0.641726281820463,0.4016908494800819,0.44015444015444016,0.4016908494800819,true,4
1884,0.7304364148349388,0.490185767018211,0.49159663865546216,0.490185767018211,true,5
1885,0.7105142757895596,0.4775857883058609,0.4747191011235955,0.4775857883058609,true,3
1887,0.6189011669657503,0.3700762593464903,0.345679012345679,0.3700762593464903,true,3
1888,0.49835879334847377,0.24938053361631687,0.2692307692307692,0.24938053361631687,true,4
1891,0.3326290409220143,0.1284810146953678,0.12310606060606061,0.1284810146953678,true,1
1892,0.7151511018569496,0.4750607257797133,0.4634146341463415,0.4750607257797133,true,2
1893,0.6956758168176765,0.45234970970228416,0.4340659340659341,0.45234970970228416,true,2
1894,0.8846090059178329,0.6885573330269908,0.6956521739130435,0.6885573330269908,true,4
1895,0.6197110061999106,0.3760255765769098,0.3566666666666667,0.3760255765769098,true,4
1896,0.40528336287395095,0.17463083725549094,0.16071428571428573,0.17463083725549094,true,2
1897,0.507852918551325,0.25780693954273387,0.24489795918367344,0.25780693954273387,true,1
1898,0.7929032341739992,0.5834238660966556,0.5373134328358209,0.5834238660966556,true,1
1900,0.6521922991849242,0.4130422207930455,0.391304347826087,0.4130422207930455,true,1
1901,0.6201510180390172,0.3656898667970681,0.3174061433447099,0.3656898667970681,true,5
1902,0.8585043287025061,0.6393406995643419,0.7272727272727273,0.6393406995643419,true,2
1903,0.8342232634332941,0.6332405277195061,0.6956521739130435,0.6332405277195061,true,4
1904,0.8185358274580142,0.5912976797416296,0.6551724137931034,0.5912976797416296,true,5
1905,0.45561743464233845,0.21184508774559666,0.21678321678321674,0.21184508774559666,true,5
1906,0.8711880419251782,0.6742624893428972,0.6956521739130435,0.6742624893428972,true,4
1907,0.8051245597402092,0.5761852229754898,0.575,0.5761852229754898,true,5
1908,0.7754306358869476,0.5556690639193107,0.5342465753424658,0.5556690639193107,true,3
1909,0.536504183496234,0.2813620822651753,0.2683397683397683,0.2813620822651753,true,2
1910,0.5188486563554051,0.26604244583913894,0.25,0.26604244583913894,true,3
1911,0.4033605991964827,0.17243132407837958,0.19471153846153846,0.17243132407837958,true,1
1912,0.5176025585599908,0.26747114052149,0.28969957081545067,0.26747114052149,true,4
1913,0.7214210268595744,0.4823989622595601,0.4634146341463415,0.4823989622595601,true,2
1914,0.5913228808582204,0.34394774163400177,0.3566666666666667,0.34394774163400177,true,4
1915,0.6854525516335158,0.4405008380058082,0.4340659340659341,0.4405008380058082,true,2
1916,0.6210271508205356,0.36663292930552793,0.3174061433447099,0.36663292930552793,true,5
1917,0.7408047261090558,0.5051194715511057,0.5,0.5051194715511057,true,2
1918,0.7777414059907538,0.5668453402828628,0.5979381443298969,0.5668453402828628,true,4
1919,0.7697363906809623,0.5556511343080652,0.5255813953488372,0.5556511343080652,true,1
1920,0.5536078899617405,0.3000564381952076,0.2638297872340426,0.3000564381952076,true,3
1921,0.5029647022871029,0.2506742700553413,0.2683397683397683,0.2506742700553413,true,2
1922,0.6259123238718863,0.3779989952067694,0.345679012345679,0.3779989952067694,true,3
1923,0.8733654232115867,0.6552515175162482,0.7272727272727273,0.6552515175162482,true,2
1924,0.538220098928164,0.2846933622619199,0.2638297872340426,0.2846933622619199,true,3
1925,0.5585838818634411,0.30276642448716035,0.2683397683397683,0.30276642448716035,true,2
1926,0.5931270266667045,0.34157369823396627,0.3425925925925926,0.34157369823396627,true,3
1927,0.3375913392037354,0.13115405106624456,0.13059033989266547,0.13115405106624456,true,4
1928,0.7170273305186794,0.4854337293632934,0.4747191011235955,0.4854337293632934,true,3
1929,0.6604642561973878,0.42288454775444256,0.391304347826087,0.42288454775444256,true,1
1930,0.5838808138202273,0.32838176713501316,0.34049079754601225,0.32838176713501316,true,2
1931,0.5771866727361374,0.3208178456272951,0.3174061433447099,0.3208178456272951,true,5
1932,0.433545607189219,0.19452811145809404,0.19471153846153846,0.19452811145809404,true,1
1933,0.3633831029856557,0.14628611752547263,0.15702479338842976,0.14628611752547263,true,1
1934,0.42003627394131504,0.1844864763003789,0.1884469696969697,0.1844864763003789,true,4
1935,0.4350754120745875,0.19570321887731237,0.19471153846153846,0.19570321887731237,true,1
1936,0.7612651276435035,0.5290772340047751,0.532258064516129,0.5290772340047751,true,2
1937,0.7495158531754662,0.5246113442167607,0.4747191011235955,0.5246113442167607,true,3
1938,0.3142002802255213,0.12128185166101126,0.13073170731707318,0.12128185166101126,true,2
1941,0.7996330428914973,0.5699540471529573,0.575,0.5699540471529573,true,5
1942,0.5399546498490081,0.2864012996284364,0.2638297872340426,0.2864012996284364,true,3
1943,0.7683413776099318,0.5554871184177862,0.5979381443298969,0.5554871184177862,true,4
1944,0.7617987503226427,0.529700760724926,0.532258064516129,0.529700760724926,true,2
1945,0.6985764999005524,0.4689082046148676,0.5,0.4689082046148676,true,1
1946,0.6136517804564181,0.36418956286303167,0.345679012345679,0.36418956286303167,true,3
1947,0.7553783553643322,0.5382507112179151,0.5255813953488372,0.5382507112179151,true,1
1948,0.5478176750834485,0.2922143616585365,0.2683397683397683,0.2922143616585365,true,2
1949,0.6597453800012834,0.4220266462810234,0.391304347826087,0.4220266462810234,true,1
1950,0.5676794140781852,0.31761068132870823,0.31493506493506496,0.31761068132870823,true,1
1951,0.7796609072589784,0.5691564956653965,0.5979381443298969,0.5691564956653965,true,4
1952,0.8168280406085914,0.5893821966537394,0.6546714464191004,0.5893821966537394,true,5
1953,0.5962134838133895,0.3493828919520501,0.3566666666666667,0.3493828919520501,true,4
1954,0.598140309196383,0.35153515257328516,0.3566666666666667,0.35153515257328516,true,4
1955,0.45730740631988254,0.21218152597455295,0.22486288848263253,0.21218152597455295,true,3
1956,0.5364917708574803,0.2855043727631605,0.3,0.2855043727631605,true,1
1957,0.5766660331498962,0.32721277483589206,0.31493506493506496,0.32721277483589206,true,1
1958,0.5083905742126343,0.2587081888708961,0.2692307692307692,0.2587081888708961,true,4
1959,0.7109154129158216,0.4780688607340643,0.4747191011235955,0.4780688607340643,true,3
1960,0.39296298887907427,0.16736432501527196,0.1651376146788991,0.16736432501527196,true,5
1961,0.5857700507951339,0.33709011943831785,0.31493506493506496,0.33709011943831785,true,1
1963,0.5567492532320477,0.30613828349198996,0.3023255813953488,0.30613828349198996,true,1
1964,0.5850690548439487,0.32883512948219024,0.3174061433447099,0.32883512948219024,true,5
1965,0.8547296930231236,0.6352485672613576,0.7272727272727273,0.6352485672613576,true,2
1966,0.5450049245275621,0.28949339469243374,0.2683397683397683,0.28949339469243374,true,2
1967,0.6914557406759907,0.44745126488921627,0.4340659340659341,0.44745126488921627,true,2
1968,0.6062921964880931,0.351967691897821,0.34049079754601225,0.351967691897821,true,2
1969,0.7940039525742445,0.5670902790104414,0.532258064516129,0.5670902790104414,true,2
1970,0.48694432091455875,0.2387278181461105,0.22487223168654175,0.2387278181461105,true,1
1971,0.626783956635046,0.3842031304412151,0.3566666666666667,0.3842031304412151,true,4
1972,0.6000342619595203,0.34530268733284336,0.34049079754601225,0.34530268733284336,true,2
1973,0.42686310511907954,0.1897024162947312,0.19701986754966888,0.1897024162947312,true,2
1974,0.8581131061637207,0.6389174971419589,0.7272727272727273,0.6389174971419589,true,2
1975,0.5947197905957268,0.3469408011974007,0.31493506493506496,0.3469408011974007,true,1
1976,0.4928623789321053,0.2422802142357563,0.2408026755852843,0.2422802142357563,true,3
1977,0.6898983740137428,0.4583531019790539,0.5,0.4583531019790539,true,1
1979,0.8122150641511855,0.6061847908941349,0.5373134328358209,0.6061847908941349,true,1
1980,0.6157035681278683,0.3705454837970666,0.38095238095238093,0.3705454837970666,true,1
1981,0.4300918873352312,0.19204113085366514,0.19701986754966888,0.19204113085366514,true,2
1982,0.5867175602007835,0.33812652149593836,0.31493506493506496,0.33812652149593836,true,1
1983,0.599710478310583,0.3449594636923426,0.34049079754601225,0.3449594636923426,true,2
1985,0.5124458529411581,0.26212879011584456,0.24489795918367344,0.26212879011584456,true,1
1986,0.7836821357009197,0.5517354934500505,0.575,0.5517354934500505,true,5
1987,0.5911075876702173,0.3393850140586554,0.3425925925925926,0.3393850140586554,true,3
1988,0.49568745226563526,0.24453048514736325,0.2572178477690289,0.24453048514736325,true,5
1989,0.694719962220536,0.464213540978438,0.5,0.464213540978438,true,1
1990,0.4914735359783672,0.24093813517679324,0.2572178477690289,0.24093813517679324,true,5
1991,0.9410849868712297,0.7186349921161578,1.0,0.7186349921161578,true,5
1993,0.30123443225995655,0.11610439917519677,0.11393300124811884,0.11610439917519677,true,5
1994,0.361786210114037,0.14518693290869883,0.14937759336099585,0.14518693290869883,true,3
1995,0.7027436343993273,0.468237292223982,0.4747191011235955,0.468237292223982,true,3
1996,0.5490804045407907,0.2934407583406811,0.2683397683397683,0.2934407583406811,true,2
1997,0.6073125534317929,0.36102464169927345,0.32250460489838517,0.36102464169927345,true,1
1999,0.7483240447783559,0.5109229375769502,0.49159663865546216,0.5109229375769502,true,5
2000,0.8398467149335418,0.6379448996720676,0.7468354430379747,0.6379448996720676,true,1
2001,0.5731886067278448,0.32027194008718124,0.3425925925925926,0.32027194008718124,true,3
2002,0.4996095830429126,0.25016765325553997,0.22487223168654175,0.25016765325553997,true,1
2003,0.7017144905226719,0.45698886347644047,0.49159663865546216,0.45698886347644047,true,5
2004,0.8097479092572227,0.5851206556869685,0.5882352941176471,0.5851206556869685,true,2
2005,0.695141904772941,0.46597312815333103,0.44015444015444016,0.46597312815333103,true,4
2006,0.6575215661272932,0.41447712550549315,0.449438202247191,0.41447712550549315,true,3
2007,0.7842033320361115,0.5746135947074652,0.5979381443298969,0.5746135947074652,true,4
2008,0.28999346092405814,0.11086030633597323,0.11331444759206799,0.11086030633597323,true,5
2009,0.7889083519398804,0.5612139651746423,0.532258064516129,0.5612139651746423,true,2
2010,0.4502107585647699,0.20780987740467866,0.1884469696969697,0.20780987740467866,true,4
2011,0.6620761273103516,0.42590719434206303,0.44015444015444016,0.42590719434206303,true,4
2012,0.7304800748029084,0.493014144322143,0.4634146341463415,0.493014144322143,true,2
2013,0.6301890931843706,0.3779351147717891,0.34049079754601225,0.3779351147717891,true,2
2014,0.7338200631465038,0.5119617373887504,0.5255813953488372,0.5119617373887504,true,1
2015,0.6308667803780843,0.3772930137899318,0.3416666666666667,0.3772930137899318,true,5
2016,0.63189749963134,0.3901566099730835,0.3566666666666667,0.3901566099730835,true,4
2017,0.6085181388798623,0.35326816680771983,0.3174061433447099,0.35326816680771983,true,5
2018,0.3026217955326985,0.11676635944739165,0.11458333333333333,0.11676635944739165,true,5
2019,0.7809237180694919,0.5706753348996048,0.5979381443298969,0.5706753348996048,true,4
2020,0.6964106704969651,0.45089150819628276,0.49159663865546216,0.45089150819628276,true,5
2021,0.4594076653170401,0.21511665071879413,0.22487223168654175,0.21511665071879413,true,1
2022,0.8633800163543871,0.6565805742657622,0.7291666666666666,0.6565805742657622,true,3
2023,0.7265457084157161,0.5030688687239175,0.5255813953488372,0.5030688687239175,true,1
2024,0.7812852288459204,0.5711098965107888,0.5979381443298969,0.5711098965107888,true,4
2026,0.36085585846067536,0.14471902842198148,0.13894736842105262,0.14471902842198148,true,4
2027,0.6105461825832734,0.35542006704296886,0.3174061433447099,0.35542006704296886,true,5
2028,0.8592574161052111,0.636034643549232,0.675,0.636034643549232,true,5
2029,0.6676283522391323,0.4200112285854569,0.4340659340659341,0.4200112285854569,true,2
2030,0.7898633534574064,0.5813878319876802,0.5979381443298969,0.5813878319876802,true,4
2031,0.613429171547316,0.35848919566516224,0.3174061433447099,0.35848919566516224,true,5
2032,0.7831158276830621,0.5717445386708545,0.5373134328358209,0.5717445386708545,true,1
2033,0.4005407891003822,0.17231930983268381,0.18571428571428572,0.17231930983268381,true,5
2034,0.6831242223262953,0.4378112358470468,0.4340659340659341,0.4378112358470468,true,2
2035,0.6988786225111275,0.46359535593996537,0.4747191011235955,0.46359535593996537,true,3
2036,0.3460644827845332,0.13602067176303892,0.14937759336099585,0.13602067176303892,true,3
2037,0.7139032643559883,0.4710472404560353,0.49159663865546216,0.4710472404560353,true,5
2038,0.5948920856648023,0.3398710211322539,0.34049079754601225,0.3398710211322539,true,2
2039,0.7334869012417827,0.50529002965445,0.4747191011235955,0.50529002965445,true,3
2040,0.4740924727351964,0.22603933083187164,0.22486288848263253,0.22603933083187164,true,3
2041,0.7415536588096312,0.5228393363101382,0.5164835164835165,0.5228393363101382,true,4
2042,0.7101815328616751,0.4667487287424768,0.49159663865546216,0.4667487287424768,true,5
2043,0.49403581749967546,0.2433214628741832,0.2408026755852843,0.2433214628741832,true,3
2044,0.5395976281934237,0.28430497275973504,0.2683397683397683,0.28430497275973504,true,2
2045,0.8250651120710883,0.6137647733069281,0.6875,0.6137647733069281,true,3
2046,0.510828143167173,0.2606012452671472,0.24489795918367344,0.2606012452671472,true,1
2047,0.8426680169483227,0.633700694851116,0.7291666666666666,0.633700694851116,true,3
2048,0.6941765904284118,0.46479462251105563,0.44015444015444016,0.46479462251105563,true,4
2049,0.6070046898624829,0.35679358162378083,0.3425925925925926,0.35679358162378083,true,3
2050,0.6054925078092955,0.3511126986249418,0.34049079754601225,0.3511126986249418,true,2
2051,0.7337536471588311,0.5118805697936626,0.5255813953488372,0.5118805697936626,true,1
2052,0.725197242124215,0.4868224635160115,0.4634146341463415,0.4868224635160115,true,2
2053,0.6931020026143996,0.46348317297899616,0.44015444015444016,0.46348317297899616,true,4
2054,0.4021894693597645,0.17161544291719164,0.19471153846153846,0.17161544291719164,true,1
2055,0.7944361096365824,0.5868385659743938,0.5979381443298969,0.5868385659743938,true,4
2057,0.5618658172651734,0.3121054552581759,0.28969957081545067,0.3121054552581759,true,4
2058,0.6776555858904778,0.43150868966804057,0.4340659340659341,0.43150868966804057,true,2
2059,0.5995456101853041,0.3438197933355794,0.3174061433447099,0.3438197933355794,true,5
2060,0.7424395056075839,0.5041016373640055,0.49159663865546216,0.5041016373640055,true,5
2062,0.8424778652728706,0.6334876318693898,0.7291666666666666,0.6334876318693898,true,3
2063,0.6788706247118782,0.43968372007673834,0.4747191011235955,0.43968372007673834,true,3
2065,0.7314112267229433,0.5104116888395045,0.5,0.5104116888395045,true,4
2066,0.7016710261056228,0.4739535338195891,0.44015444015444016,0.4739535338195891,true,4
2067,0.5931476933206102,0.34520063251399885,0.31493506493506496,0.34520063251399885,true,1
2068,0.6823755876006707,0.43483223794333453,0.45180722891566266,0.43483223794333453,true,5
2069,0.8976389464944391,0.676165058321286,0.7333333333333333,0.676165058321286,true,5
2070,0.7959526012678511,0.5886416070394055,0.5979381443298969,0.5886416070394055,true,4
2071,0.7874405928220977,0.56993098896921,0.5342465753424658,0.56993098896921,true,3
2072,0.7535716475155246,0.5375273882197638,0.5164835164835165,0.5375273882197638,true,4
2073,0.7090443420011038,0.4679237680264208,0.4634146341463415,0.4679237680264208,true,2
2074,0.7768951401361338,0.5658254720589839,0.5979381443298969,0.5658254720589839,true,4
2075,0.7471562306276737,0.5095694616073123,0.49159663865546216,0.5095694616073123,true,5
2076,0.5413817795744503,0.29040838960513976,0.3,0.29040838960513976,true,1
2078,0.698116821980483,0.4626811404790664,0.4747191011235955,0.4626811404790664,true,3
2079,0.7218085815552954,0.4801911664025561,0.49159663865546216,0.4801911664025561,true,5
2081,0.732125566034466,0.4949432495330937,0.4634146341463415,0.4949432495330937,true,2
2082,0.7509203245946329,0.5263016278573468,0.4747191011235955,0.5263016278573468,true,3
2083,0.7835120803440079,0.5652774208657565,0.5342465753424658,0.5652774208657565,true,3
2084,0.7797352042418113,0.5607925913936286,0.5342465753424658,0.5607925913936286,true,3
2085,0.7601807072361839,0.53742963496249,0.4747191011235955,0.53742963496249,true,3
2086,0.6630493730022099,0.42707530011509126,0.44015444015444016,0.42707530011509126,true,4
2087,0.7106702963793583,0.4849741544762714,0.5,0.4849741544762714,true,4
2088,0.6154524691075516,0.37025906680454446,0.38095238095238093,0.37025906680454446,true,1
2089,0.8560862595821942,0.6577816929374284,0.6956521739130435,0.6577816929374284,true,4
2090,0.39472141979990866,0.1664846276923292,0.19471153846153846,0.1664846276923292,true,1
2092,0.6794102461792594,0.43352860279803496,0.4340659340659341,0.43352860279803496,true,2
2093,0.8844571657252854,0.6866824888123836,0.7468354430379747,0.6866824888123836,true,1
2095,0.7960340980067463,0.5871409023031915,0.5373134328358209,0.5871409023031915,true,1
2096,0.8982458181681947,0.6934659861920829,0.8327225630342445,0.6934659861920829,true,3
2097,0.7005059658644308,0.457967590215369,0.4634146341463415,0.457967590215369,true,2
2098,0.9152540945809868,0.6981843746029508,0.7272727272727273,0.6981843746029508,true,2
2099,0.9570590424321027,0.7576367658468066,1.0,0.7576367658468066,true,1
2100,0.9137854983874582,0.7091740651934842,1.0,0.7091740651934842,true,3
2102,0.9804012185818847,0.77961580144943,1.0,0.77961580144943,true,4
2103,0.9768287549921173,0.7765891568553348,1.0,0.7765891568553348,true,4
2104,0.7698751473118496,0.5391254317561406,0.532258064516129,0.5391254317561406,true,2
2105,0.7492723606960286,0.512021902069856,0.49159663865546216,0.512021902069856,true,5
2106,0.952292223505598,0.7459693604283755,1.0,0.7459693604283755,true,3
2107,0.9239808622389613,0.7192176535858426,1.0,0.7192176535858426,false,3
2108,0.45757281630686286,0.21381975103465514,0.21875,0.21381975103465514,false,4
2109,0.6208849371655951,0.3764757097130048,0.38095238095238093,0.3764757097130048,false,1
2110,0.8786298685246582,0.660807531142414,0.7272727272727273,0.660807531142414,false,2
2111,0.8202007211493451,0.6154695928999092,0.5373134328358209,0.6154695928999092,false,1
2113,0.7397615309723683,0.5038963942607706,0.5,0.5038963942607706,false,2
2114,0.7914291452034159,0.5746430658008755,0.5342465753424658,0.5746430658008755,false,3
2115,0.5816406770743365,0.33330813008579135,0.30769230769230776,0.33330813008579135,false,4
2116,0.8234574897954716,0.6208875691609681,0.6956521739130435,0.6208875691609681,false,4
2117,0.25846499641017945,0.0930281751130829,0.09781477627471384,0.0930281751130829,false,1
2118,0.5374932307129503,0.2839794724036599,0.2638297872340426,0.2839794724036599,false,3
2119,0.2854971925247861,0.10480044638065078,0.09781477627471384,0.10480044638065078,false,1
2120,0.4315547325688885,0.19310792991376613,0.19701986754966888,0.19310792991376613,false,2
2121,0.7980360557099333,0.5717268983901247,0.5714285714285714,0.5717268983901247,false,2
2122,0.47968761354751743,0.23073037164720692,0.2612612612612612,0.23073037164720692,false,2
2123,0.475517481486355,0.22727716916433474,0.2612612612612612,0.22727716916433474,false,2
2124,0.4378573202027228,0.19841843137399565,0.20187793427230047,0.19841843137399565,false,5
2125,0.4302592009539381,0.19215332325367987,0.1884469696969697,0.19215332325367987,false,4
2126,0.33102115193149034,0.12994387248507588,0.13073170731707318,0.12994387248507588,false,2
2127,0.6701998466168585,0.4345467124374556,0.4,0.4345467124374556,false,1
2128,0.45177160663043603,0.20774956673017947,0.22486288848263253,0.20774956673017947,false,3
2129,0.24196974112798236,0.0862740697277368,0.07591240875912408,0.0862740697277368,false,4
2130,0.7578407279348782,0.5250738191402117,0.532258064516129,0.5250738191402117,false,2
2131,0.3074402011795747,0.11794327478541544,0.13073170731707318,0.11794327478541544,false,2
2132,0.6013409249035382,0.35054497532946416,0.3425925925925926,0.35054497532946416,false,3
2133,0.5985956992458825,0.34753446812275884,0.3425925925925926,0.34753446812275884,false,3
2134,0.5818217677958571,0.3262554458955526,0.34049079754601225,0.3262554458955526,false,2
2135,0.772975493985939,0.5595593294686847,0.5255813953488372,0.5595593294686847,false,1
2136,0.35527767243515385,0.14335627422652358,0.13073170731707318,0.14335627422652358,false,2
2138,0.4350844641978556,0.1957101881521695,0.19471153846153846,0.1957101881521695,false,1
2139,0.5714857024726434,0.32232874336119977,0.30769230769230776,0.32232874336119977,false,4
2140,0.19014516812624505,0.07275853240396286,0.08004509582863585,0.07275853240396286,false,5
2141,0.7184739293292801,0.4871779285387598,0.4747191011235955,0.4871779285387598,false,3
2142,0.7978665617768425,0.5909138220916528,0.5979381443298969,0.5909138220916528,false,4
2143,0.26749602004076756,0.09726811155856187,0.08676789587852494,0.09726811155856187,false,3
2144,0.6514199157765128,0.4121266159893297,0.391304347826087,0.4121266159893297,false,1
2145,0.4069380666955935,0.17575225945366948,0.19701986754966888,0.17575225945366948,false,2
2147,0.2516674994921903,0.09333031810847317,0.08464419475655428,0.09333031810847317,false,2
2148,0.7059118391823425,0.4778522236893734,0.5255813953488372,0.4778522236893734,false,1
2149,0.2460905309568885,0.08856621671170471,0.07043343653250773,0.08856621671170471,false,3
2150,0.4436105155693347,0.20269643619988598,0.20187793427230047,0.20269643619988598,false,5
2152,0.19583318545025663,0.07340648002198555,0.08464419475655428,0.07340648002198555,false,2
2153,0.2890808521129074,0.10927577712491128,0.10574712643678161,0.10927577712491128,false,2
2154,0.4196851765580749,0.18412504237291988,0.19471153846153846,0.18412504237291988,false,1
2155,0.7710139329794355,0.5587228512708015,0.5979381443298969,0.5587228512708015,false,4
2156,0.33157883354915496,0.13134535335340558,0.12717770034843207,0.13134535335340558,false,5
2157,0.46699926846690476,0.22033734544075623,0.2349570200573066,0.22033734544075623,false,2
2158,0.4718982397570856,0.22561126324108585,0.22487223168654175,0.22561126324108585,false,1
2159,0.44677310528330255,0.20380676901125502,0.22486288848263253,0.20380676901125502,false,3
2160,0.20760221829028988,0.0746726857852712,0.07043343653250773,0.0746726857852712,false,3
2161,0.4348090099895596,0.19564277119941348,0.1884469696969697,0.19564277119941348,false,4
2162,0.556818828197641,0.30681336758949757,0.28969957081545067,0.30681336758949757,false,4
2163,0.4928375598212845,0.24400578743546433,0.22487223168654175,0.24400578743546433,false,1
2164,0.461438631758512,0.21588977628823514,0.2349570200573066,0.21588977628823514,false,2
2165,0.4369262271169721,0.19620318327293393,0.22486288848263253,0.19620318327293393,false,3
2166,0.5274129678757115,0.27653276744941085,0.24489795918367344,0.27653276744941085,false,1
2167,0.479351302033429,0.23204389895213381,0.22487223168654175,0.23204389895213381,false,1
2168,0.28467310303542326,0.104422889410644,0.09781477627471384,0.104422889410644,false,1
2169,0.4058527713272921,0.1750160975232163,0.19701986754966888,0.1750160975232163,false,2
2170,0.3507558828199046,0.13870367042111645,0.14937759336099585,0.13870367042111645,false,3
2171,0.19558064391969698,0.07012374632771376,0.07564422277639235,0.07012374632771376,false,1
2172,0.8547303234625354,0.6352492523830877,0.7272727272727273,0.6352492523830877,false,2
2173,0.7653186145323629,0.5518217149454067,0.5164835164835165,0.5518217149454067,false,4
2174,0.7287196104328616,0.49953786852941146,0.4747191011235955,0.49953786852941146,false,3
2175,0.3355020573573117,0.13013996994854962,0.14814814814814814,0.13013996994854962,false,3
2176,0.45246324304174396,0.20884901386499546,0.2349570200573066,0.20884901386499546,false,2
2177,0.4942436594371018,0.24561982998709686,0.2692307692307692,0.24561982998709686,false,4
2178,0.627990292912201,0.37551368220533493,0.34049079754601225,0.37551368220533493,false,2
2179,0.4545490168248174,0.21133613460152503,0.1884469696969697,0.21133613460152503,false,4
2180,0.7535892424890048,0.5170229324336386,0.575,0.5170229324336386,false,5
2181,0.4300860742771163,0.1927482334311027,0.20187793427230047,0.1927482334311027,false,5
2182,0.48737969716215956,0.237195887406875,0.2612612612612612,0.237195887406875,false,2
2183,0.6479201448609061,0.4090166476264536,0.44015444015444016,0.4090166476264536,false,4
2184,0.46957234968037864,0.22362988341481624,0.22487223168654175,0.22362988341481624,false,1
2185,0.6010614205824307,0.34639258276565393,0.34049079754601225,0.34639258276565393,false,2
2186,0.6350616047977848,0.381874644350283,0.3416666666666667,0.381874644350283,false,5
2187,0.6647304526706702,0.4229454448848685,0.449438202247191,0.4229454448848685,false,3
2188,0.5142467159104525,0.26074395571441544,0.2683397683397683,0.26074395571441544,false,2
2189,0.27666647533403654,0.10491272543123123,0.10112359550561797,0.10491272543123123,false,5
2190,0.3842430184355738,0.1618041226054888,0.14814814814814814,0.1618041226054888,false,5
2191,0.27165434480735606,0.09861607399240478,0.09781477627471384,0.09861607399240478,false,1
2192,0.46786139986957004,0.2208213318408954,0.22486288848263253,0.2208213318408954,false,3
2193,0.6611381969424525,0.42368924633416544,0.391304347826087,0.42368924633416544,false,1
2194,0.40349707607856744,0.1734265794974929,0.16071428571428573,0.1734265794974929,false,2
2195,0.3638975661317274,0.14839302153010656,0.14182692307692307,0.14839302153010656,false,2
2196,0.5890420490077236,0.3329146057592054,0.3174061433447099,0.3329146057592054,false,5
2197,0.732571687307707,0.5041858041843981,0.4747191011235955,0.5041858041843981,false,3
2198,0.4147067372837251,0.1798390068783301,0.1753846153846154,0.1798390068783301,false,3
2199,0.28874437921911844,0.10629989859402379,0.09781477627471384,0.10629989859402379,false,1
2200,0.30549354474079754,0.11699675958399214,0.10574712643678161,0.11699675958399214,false,2
2201,0.28550581664778196,0.10765439525468494,0.10574712643678161,0.10765439525468494,false,2
2202,0.3508698472464215,0.1387693954018702,0.14937759336099585,0.1387693954018702,false,3
2203,0.4281858304538615,0.19045329829330634,0.19471153846153846,0.19045329829330634,false,1
2204,0.33058876198667003,0.1272878869638611,0.13059033989266547,0.1272878869638611,false,4
2205,0.46135693122241855,0.21695769656095126,0.23670212765957446,0.21695769656095126,false,4
2206,0.1987256964560084,0.07176580986331162,0.07043343653250773,0.07176580986331162,false,3
2207,0.3091876584243422,0.11617992870558563,0.102803738317757,0.11617992870558563,false,1
2209,0.4341203832532328,0.19511156937848143,0.1884469696969697,0.19511156937848143,false,4
2210,0.8503194894805197,0.6513837311177657,0.6956521739130435,0.6513837311177657,false,4
2213,0.38213468460453975,0.1581159560774003,0.19471153846153846,0.1581159560774003,false,1
2214,0.6261418037448463,0.38345790486642234,0.3566666666666667,0.38345790486642234,false,4
2216,0.3147440541677942,0.12155391317224548,0.13073170731707318,0.12155391317224548,false,2
2217,0.31957149245877675,0.1214976339331847,0.102803738317757,0.1214976339331847,false,1
2218,0.3544574333513314,0.14393219098722349,0.14814814814814814,0.14393219098722349,false,5
2219,0.24451826912448793,0.09171336213227346,0.0974264705882353,0.09171336213227346,false,5
2220,0.45080100929131034,0.2069795839003477,0.22486288848263253,0.2069795839003477,false,3
2221,0.43600002126155224,0.1965640908081374,0.1884469696969697,0.1965640908081374,false,4
2222,0.2808814511542951,0.10558852051166727,0.08464419475655428,0.10558852051166727,false,2
2223,0.3438102836662781,0.13467073070152852,0.13059033989266547,0.13467073070152852,false,4
2224,0.5881037838349905,0.3361421462326198,0.3425925925925926,0.3361421462326198,false,3
2226,0.7165494718382972,0.4921824391925321,0.5,0.4921824391925321,false,4
2227,0.18449835305353562,0.06648320635893129,0.07317073170731705,0.06648320635893129,false,4
2228,0.20765761677457725,0.07407474043967258,0.07564422277639235,0.07407474043967258,false,1
2229,0.1887052050391677,0.0723092611669383,0.08004509582863585,0.0723092611669383,false,5
2230,0.27970849460561725,0.10624500488052877,0.10112359550561797,0.10624500488052877,false,5
2231,0.27970849460561725,0.10624500488052877,0.10112359550561797,0.10624500488052877,false,5
2232,0.27970849460561725,0.10624500488052877,0.10112359550561797,0.10624500488052877,false,5
2233,0.30637241819796573,0.11477345602886141,0.09781477627471384,0.11477345602886141,false,1
2234,0.34908426714155394,0.1377659634301219,0.12310606060606061,0.1377659634301219,false,1
2235,0.40713222931144677,0.17672318304368514,0.19455252918287938,0.17672318304368514,false,5
2236,0.3767792979701216,0.15440046504921015,0.17279411764705882,0.15440046504921015,false,3
2237,0.430687031993134,0.19247941474233518,0.1884469696969697,0.19247941474233518,false,4
2238,0.4476429328874034,0.20574321675194768,0.1884469696969697,0.20574321675194768,false,4
2239,0.5666391840376134,0.3102536265996623,0.2698412698412698,0.3102536265996623,false,5
2241,0.5009343160401807,0.2490537910820244,0.2572178477690289,0.2490537910820244,false,5
2242,0.4707493700141881,0.2233736964236425,0.2349570200573066,0.2233736964236425,false,2
2244,0.5190160148043655,0.26506550740693857,0.2572178477690289,0.26506550740693857,false,5
2246,0.3813940133357346,0.15906513922182766,0.14182692307692307,0.15906513922182766,false,2
2247,0.3940781394638485,0.1660871080639805,0.1884469696969697,0.1660871080639805,false,4
2248,0.40983715106976576,0.17707550781338424,0.1884469696969697,0.17707550781338424,false,4
2249,0.23404531244125895,0.08342843371067081,0.07564422277639235,0.08342843371067081,false,1
2250,0.5890273566699414,0.34141053875999916,0.30769230769230776,0.34141053875999916,false,4
2251,0.1529652760981294,0.05837389100135997,0.06818181818181818,0.05837389100135997,false,3
2252,0.2404278438983544,0.08567950108467166,0.07591240875912408,0.08567950108467166,false,4
2253,0.3877009913350598,0.16140888439256448,0.1753846153846154,0.16140888439256448,false,3
2254,0.6464376095792329,0.4015563671512329,0.345679012345679,0.4015563671512329,false,3
2255,0.4253667661383888,0.18833642045777105,0.19471153846153846,0.18833642045777105,false,1
2257,0.47915279645682896,0.23034072725259427,0.2408026755852843,0.23034072725259427,false,3
2258,0.42431652399382336,0.18755241138112844,0.19471153846153846,0.18755241138112844,false,1
2259,0.5966006573646383,0.3407449735983613,0.3174061433447099,0.3407449735983613,false,5
2260,0.32978640229047235,0.12704878937507616,0.12396694214876033,0.12704878937507616,false,3
2261,0.708097776546683,0.4643441525402482,0.49159663865546216,0.4643441525402482,false,5
2262,0.4803010728834121,0.23158915555676704,0.2572178477690289,0.23158915555676704,false,5
2263,0.29995304287322067,0.111917777849026,0.10187667560321716,0.111917777849026,false,3
2264,0.28315556217232163,0.10359477236519629,0.10101010101010101,0.10359477236519629,false,4
2265,0.39172212715884114,0.1644588297744646,0.19471153846153846,0.1644588297744646,false,1
2266,0.30958897629680276,0.12014034541390278,0.12717770034843207,0.12014034541390278,false,5
2267,0.3253384382943455,0.1246868097342366,0.12396694214876033,0.1246868097342366,false,3
2268,0.5780854131725696,0.32241524784056724,0.3333333333333333,0.32241524784056724,false,2
2269,0.2700396539196368,0.09776886794078829,0.07591240875912408,0.09776886794078829,false,4
2270,0.3731826546283826,0.15496719876650852,0.14814814814814814,0.15496719876650852,false,5
2271,0.7232795759432067,0.4929742191365122,0.4747191011235955,0.4929742191365122,false,3
2272,0.24595139436014782,0.08782674359568592,0.07591240875912408,0.08782674359568592,false,4
2273,0.692399388731588,0.4558282350375462,0.4747191011235955,0.4558282350375462,false,3
2274,0.43845716832004994,0.19737111958489925,0.22486288848263253,0.19737111958489925,false,3
2275,0.3026384609380099,0.11321251728580604,0.10187667560321716,0.11321251728580604,false,3
2276,0.5256145755635621,0.274776416741828,0.24489795918367344,0.274776416741828,false,1
2277,0.2593879611734915,0.0976222239825122,0.0974264705882353,0.0976222239825122,false,5
2282,0.3141877858949334,0.12241326227918636,0.12717770034843207,0.12241326227918636,false,5
2285,0.25635360108501254,0.09520681957753868,0.08464419475655428,0.09520681957753868,false,2
2286,0.24437904138493793,0.08790166956976758,0.07043343653250773,0.08790166956976758,false,3
2289,0.2873434745064958,0.10551868962659591,0.1111111111111111,0.10551868962659591,false,4
2290,0.32695227079488876,0.1253188216981111,0.13059033989266547,0.1253188216981111,false,4
2291,0.2873434745064958,0.10551868962659591,0.1111111111111111,0.10551868962659591,false,4
2292,0.2675154024117381,0.09668169942349528,0.07591240875912408,0.09668169942349528,false,4
2293,0.2675154024117381,0.09668169942349528,0.07591240875912408,0.09668169942349528,false,4
2294,0.2598011451523055,0.09342590020359183,0.07591240875912408,0.09342590020359183,false,4
2295,0.30742229309026614,0.11793453725152839,0.13073170731707318,0.11793453725152839,false,2
2296,0.25520060902467995,0.09474200807104581,0.08464419475655428,0.09474200807104581,false,2
2297,0.3079601850266333,0.11934411142321012,0.12717770034843207,0.11934411142321012,false,5
2298,0.31916974498496425,0.12119239330830948,0.13059033989266547,0.12119239330830948,false,4
2299,0.41386273935858875,0.17988529640828888,0.19471153846153846,0.17988529640828888,false,1
2300,0.21910956972942347,0.07783199664892945,0.07591240875912408,0.07783199664892945,false,4
2301,0.26083384754779476,0.09385598121330245,0.07591240875912408,0.09385598121330245,false,4
2302,0.2523791523799075,0.09361314024894442,0.08464419475655428,0.09361314024894442,false,2
2303,0.2901817791227902,0.10977937705261469,0.10574712643678161,0.10977937705261469,false,2
2304,0.5638253605655479,0.307980923206783,0.2683397683397683,0.307980923206783,false,2
2305,0.3672991550339945,0.14869446940388245,0.16346153846153846,0.14869446940388245,false,1
2306,0.23573397076959812,0.0883755762297955,0.08004509582863585,0.0883755762297955,false,5
2308,0.23573397076959812,0.0883755762297955,0.08004509582863585,0.0883755762297955,false,5
2309,0.3631998732686183,0.1490006227983839,0.14814814814814814,0.1490006227983839,false,5
2313,0.31277784398184927,0.1217125064853873,0.12717770034843207,0.1217125064853873,false,5
2314,0.22919639067624195,0.08145953991080704,0.07591240875912408,0.08145953991080704,false,4
2318,0.666386289259499,0.4299691109046828,0.391304347826087,0.4299691109046828,false,1
2320,0.23297452060895163,0.0873499183703657,0.08004509582863585,0.0873499183703657,false,5
2321,0.17890720838848861,0.0681864033498537,0.0755813953488372,0.0681864033498537,false,2
2322,0.16531642819901,0.06106433999643506,0.06857142857142857,0.06106433999643506,false,1
2323,0.24417836470853832,0.09040020997860157,0.08464419475655428,0.09040020997860157,false,2
2324,0.2662302982857825,0.10045365091143725,0.0974264705882353,0.10045365091143725,false,5
2325,0.17293695006456639,0.06304771421239623,0.07317073170731705,0.06304771421239623,false,4
2327,0.3343277632680124,0.12949970364461486,0.14814814814814814,0.12949970364461486,false,3
2328,0.2790816352199469,0.10175305530938615,0.10101010101010101,0.10175305530938615,false,4
2329,0.24216904452136817,0.08705022612662551,0.07043343653250773,0.08705022612662551,false,3
2330,0.611165989360898,0.35607889917084334,0.3174061433447099,0.35607889917084334,false,5
2332,0.21204844861806607,0.07991642925253734,0.08004509582863585,0.07991642925253734,false,5
2333,0.23882540057707768,0.08577620360571879,0.07043343653250773,0.08577620360571879,false,3
2334,0.43702583384452476,0.19780580029771822,0.20187793427230047,0.19780580029771822,false,5
2335,0.3814677439778142,0.15911140079988417,0.14182692307692307,0.15911140079988417,false,2
2336,0.598960243968236,0.35245285765607276,0.3566666666666667,0.35245285765607276,false,4
2337,0.28958142053831487,0.1066894712975878,0.09781477627471384,0.1066894712975878,false,1
2338,0.6797017208682348,0.43386435575646454,0.4340659340659341,0.43386435575646454,false,2
2339,0.610823353867638,0.36103438978029745,0.345679012345679,0.36103438978029745,false,3
2340,0.29117781445101903,0.10730774380350876,0.1111111111111111,0.10730774380350876,false,4
2341,0.43761596255231944,0.19766657379741273,0.19471153846153846,0.19766657379741273,false,1
2342,0.2759263625488225,0.10341378057341882,0.08464419475655428,0.10341378057341882,false,2
2344,0.49463421474833835,0.24340702490005445,0.2612612612612612,0.24340702490005445,false,2
2345,0.3711107425298421,0.15271933645761376,0.14182692307692307,0.15271933645761376,false,2
2346,0.3715351987257137,0.1511246970373687,0.17279411764705882,0.1511246970373687,false,3
2348,0.365210296734575,0.14738385581521007,0.13894736842105262,0.14738385581521007,false,4
2349,0.4733273465051838,0.22588351250634825,0.2572178477690289,0.22588351250634825,false,5
2350,0.18133357351911228,0.0689130136036396,0.0755813953488372,0.0689130136036396,false,2
2351,0.5620099268064078,0.3086418389925951,0.3425925925925926,0.3086418389925951,false,3
2352,0.288509982063313,0.10901544130396343,0.10574712643678161,0.10901544130396343,false,2
2353,0.434954315340164,0.19470654465414897,0.22486288848263253,0.19470654465414897,false,3
2354,0.22185648077787626,0.08332574804856212,0.08004509582863585,0.08332574804856212,false,5
2356,0.48556646998620734,0.2358744310737823,0.2408026755852843,0.2358744310737823,false,3
2357,0.24418654269096307,0.0904033639419822,0.08464419475655428,0.0904033639419822,false,2
2358,0.21342027104925929,0.07603133977445786,0.07564422277639235,0.07603133977445786,false,1
2359,0.37937592491442623,0.15633435211818586,0.1884469696969697,0.15633435211818586,false,4
2360,0.34785836953079174,0.1370023773698256,0.13894736842105262,0.1370023773698256,false,4
2362,0.3366224061157928,0.13294296373049827,0.13073170731707318,0.13294296373049827,false,2
2366,0.2573755736259128,0.0930626076225872,0.08676789587852494,0.0930626076225872,false,3
2371,0.2649482740364093,0.09619370461070505,0.08676789587852494,0.09619370461070505,false,3
2374,0.2573755736259128,0.0930626076225872,0.08676789587852494,0.0930626076225872,false,3
2375,0.699387377439095,0.45431188082234303,0.49159663865546216,0.45431188082234303,false,5
2377,0.49701736448633554,0.24815042818312188,0.2692307692307692,0.24815042818312188,false,4
2380,0.4068705909176796,0.17496427063076667,0.1884469696969697,0.17496427063076667,false,4
2381,0.5080229649277439,0.2559653026382274,0.25,0.2559653026382274,false,3
2382,0.3863149943000419,0.16085680280006584,0.19471153846153846,0.16085680280006584,false,1
2384,0.3200374766116454,0.12164661170014267,0.13059033989266547,0.12164661170014267,false,4
2385,0.3431365241699704,0.1343684354767367,0.14937759336099585,0.1343684354767367,false,3
2386,0.4192213573636064,0.18502899374027112,0.19455252918287938,0.18502899374027112,false,5
2387,0.24365356322678478,0.09137983410196865,0.0974264705882353,0.09137983410196865,false,5
2388,0.4140741398598328,0.1806534285893418,0.19701986754966888,0.1806534285893418,false,2
2389,0.6449417004415529,0.4054886309322363,0.44015444015444016,0.4054886309322363,false,4
2390,0.6303664853514951,0.3830666355135734,0.345679012345679,0.3830666355135734,false,3
2391,0.6208701713913929,0.37736107818586223,0.3566666666666667,0.37736107818586223,false,4
2392,0.514118945311777,0.26160882323832174,0.25,0.26160882323832174,false,3
2393,0.31715267420441184,0.12276532622425242,0.13073170731707318,0.12276532622425242,false,2
2394,0.34649524735218257,0.13621346746164179,0.13894736842105262,0.13621346746164179,false,4
2395,0.30020212063054375,0.11162395381209789,0.1111111111111111,0.11162395381209789,false,4
2397,0.6871205211731861,0.454981857137103,0.5,0.454981857137103,false,1
2398,0.5618238687564487,0.3054948417943838,0.2698412698412698,0.3054948417943838,false,5
2399,0.5600322372444124,0.31017705879630786,0.28969957081545067,0.31017705879630786,false,4
2401,0.5795126542309904,0.3231729306459794,0.3174061433447099,0.3231729306459794,false,5
2402,0.5600663512495155,0.3102128769786622,0.28969957081545067,0.3102128769786622,false,4
2403,0.517625002383371,0.2648908134528206,0.25,0.2648908134528206,false,3
2404,0.29236323709544887,0.10799321777301404,0.09781477627471384,0.10799321777301404,false,1
2405,0.22186419654216866,0.07898404744765279,0.07564422277639235,0.07898404744765279,false,1
2406,0.4310558770892807,0.1917732254119602,0.19718309859154928,0.1917732254119602,false,3
2407,0.45682829373077866,0.21225188971666772,0.2349570200573066,0.21225188971666772,false,2
2408,0.3867502225467815,0.16114435921615092,0.19471153846153846,0.16114435921615092,false,1
2409,0.2343060461764091,0.08352600575479394,0.07564422277639235,0.08352600575479394,false,1
2411,0.4403318227242302,0.1988084008125812,0.22486288848263253,0.1988084008125812,false,3
2412,0.5686559152028299,0.3193031919164638,0.30769230769230776,0.3193031919164638,false,4
2413,0.2306832168425346,0.08217951883308164,0.07564422277639235,0.08217951883308164,false,1
2414,0.7738526232404672,0.5437570689307905,0.532258064516129,0.5437570689307905,false,2
2415,0.4729554940032893,0.22558208999967794,0.2572178477690289,0.22558208999967794,false,5
2416,0.40637395889633504,0.17461277292654498,0.1884469696969697,0.17461277292654498,false,4
2417,0.28458548190573674,0.10724043468110214,0.10574712643678161,0.10724043468110214,false,2
2420,0.38495065722782656,0.1622497256428545,0.14814814814814814,0.1622497256428545,false,5
2421,0.2612461173847962,0.0941822909192968,0.09781477627471384,0.0941822909192968,false,1
2422,0.4296239073824868,0.1915401601525175,0.19471153846153846,0.1915401601525175,false,1
2423,0.2242105176201035,0.08416347567687552,0.08004509582863585,0.08416347567687552,false,5
2424,0.2830953659418513,0.10370339998701657,0.09781477627471384,0.10370339998701657,false,1
2425,0.5299672261288236,0.2766517451872286,0.25,0.2766517451872286,false,3
2426,0.6615001303103644,0.4252162615545861,0.44015444015444016,0.4252162615545861,false,4
2427,0.25537466153426996,0.09160240822407574,0.07591240875912408,0.09160240822407574,false,4
2428,0.505534832249321,0.2529452917335246,0.2683397683397683,0.2529452917335246,false,2
2429,0.4476790627192521,0.20516571379092885,0.2349570200573066,0.20516571379092885,false,2
2430,0.5335789712779129,0.278429915137336,0.2572178477690289,0.278429915137336,false,5
2431,0.3413862273602696,0.13335401678907038,0.12310606060606061,0.13335401678907038,false,1
2432,0.42220133266526083,0.1860901986824709,0.1884469696969697,0.1860901986824709,false,4
2433,0.6850069951464812,0.4378337968064817,0.45180722891566266,0.4378337968064817,false,5
2435,0.49706631990478456,0.24819524930812084,0.2692307692307692,0.24819524930812084,false,4
2436,0.5332059936913591,0.27979084409341337,0.2638297872340426,0.27979084409341337,false,3
2437,0.4316309234584631,0.19320033613559462,0.1884469696969697,0.19320033613559462,false,4
2438,0.3784643344339785,0.1557452827211436,0.16,0.1557452827211436,false,4
2439,0.37824277796034134,0.15532493775627487,0.17279411764705882,0.15532493775627487,false,3
2440,0.4050609940256088,0.17362138517115583,0.19471153846153846,0.17362138517115583,false,1
2441,0.22557214405267875,0.08347642676655039,0.08464419475655428,0.08347642676655039,false,2
2443,0.39518417806436196,0.1679085464358391,0.16071428571428573,0.1679085464358391,false,2
2444,0.19608508513032244,0.07092141763546563,0.07043343653250773,0.07092141763546563,false,3
2445,0.27158698118760155,0.09858678917773141,0.09781477627471384,0.09858678917773141,false,1
2446,0.5636033604239269,0.3133054795263337,0.31493506493506496,0.3133054795263337,false,1
2447,0.4752394148323262,0.22700925265170815,0.22486288848263253,0.22700925265170815,false,3
2448,0.22938098006344027,0.0817003676620608,0.07564422277639235,0.0817003676620608,false,1
2449,0.25656620658440743,0.09273342116980397,0.08676789587852494,0.09273342116980397,false,3
2450,0.41413523547307163,0.18149835389765478,0.19455252918287938,0.18149835389765478,false,5
2451,0.32275413157675437,0.12307815009473835,0.13059033989266547,0.12307815009473835,false,4
2452,0.46790545012650825,0.22106833273076226,0.2349570200573066,0.22106833273076226,false,2
2453,0.2455077441960634,0.0878169843092226,0.07564422277639235,0.0878169843092226,false,1
2454,0.24447187359644404,0.08724686725440658,0.07591240875912408,0.08724686725440658,false,4
2455,0.2105601876869812,0.07566516839327256,0.07043343653250773,0.07566516839327256,false,3
2457,0.3596654428562283,0.14693402980327308,0.14814814814814814,0.14693402980327308,false,5
2458,0.2904949579658894,0.10698719030622678,0.1111111111111111,0.10698719030622678,false,4
2459,0.48937449567871605,0.2408947397496168,0.22487223168654175,0.2408947397496168,false,1
2460,0.4085819043886996,0.1755199474522832,0.1753846153846154,0.1755199474522832,false,3
2461,0.3763319821600136,0.1568895693857234,0.14814814814814814,0.1568895693857234,false,5
2462,0.27744186511363256,0.1052509071507152,0.10112359550561797,0.1052509071507152,false,5
2463,0.3012581514113742,0.11225630772856407,0.09781477627471384,0.11225630772856407,false,1
2464,0.38307524591242376,0.15840968646217465,0.1753846153846154,0.15840968646217465,false,3
2465,0.2990541705382426,0.1150707064304368,0.11331444759206799,0.1150707064304368,false,5
2466,0.6004183529994429,0.3447335568456309,0.3174061433447099,0.3447335568456309,false,5
2467,0.3538556113575348,0.1435886156700489,0.14814814814814814,0.1435886156700489,false,5
2468,0.4513678596770614,0.20874613762563807,0.1884469696969697,0.20874613762563807,false,4
2469,0.34901218214207463,0.13978521469833685,0.13073170731707318,0.13978521469833685,false,2
2470,0.31392838489677166,0.12228407719785392,0.12717770034843207,0.12228407719785392,false,5
2471,0.5896012721222386,0.34204403357227015,0.30769230769230776,0.34204403357227015,false,4
2472,0.34711141322062267,0.13871668632053497,0.13073170731707318,0.13871668632053497,false,2
2473,0.4878586875979806,0.23787430320429956,0.2408026755852843,0.23787430320429956,false,3
2476,0.6137694636318253,0.35885223049758236,0.3174061433447099,0.35885223049758236,false,5
2478,0.43486591413153713,0.1955419778301932,0.19471153846153846,0.1955419778301932,false,1
2479,0.4684016631480141,0.2228877821930983,0.23670212765957446,0.2228877821930983,false,4
2480,0.5107802730952649,0.26096335132825604,0.2692307692307692,0.26096335132825604,false,4
2482,0.48900858313286766,0.23885353973024587,0.2572178477690289,0.23885353973024587,false,5
2485,0.48461391367345064,0.23666245869532104,0.22487223168654175,0.23666245869532104,false,1
2486,0.2567759832816076,0.09656026193320487,0.0974264705882353,0.09656026193320487,false,5
2487,0.3032109167190251,0.11349020351536729,0.10187667560321716,0.11349020351536729,false,3
2488,0.2596745813906461,0.09337331300437733,0.07591240875912408,0.09337331300437733,false,4
2489,0.30243306286468674,0.11271413406887007,0.1111111111111111,0.11271413406887007,false,4
2490,0.2567759832816076,0.09656026193320487,0.0974264705882353,0.09656026193320487,false,5
2491,0.22534882732227143,0.08081099338885728,0.07043343653250773,0.08081099338885728,false,3
2492,0.583541124908306,0.3280304915834521,0.34049079754601225,0.3280304915834521,false,2
2493,0.5611433348399495,0.3077500568763726,0.2638297872340426,0.3077500568763726,false,3
2494,0.5582189496671479,0.30195915111337457,0.2572178477690289,0.30195915111337457,false,5
2495,0.29034687713262874,0.10704682727861949,0.09781477627471384,0.10704682727861949,false,1
2496,0.2798339079280736,0.10512542746961695,0.08464419475655428,0.10512542746961695,false,2
2497,0.42478212684290134,0.18820669011182448,0.19701986754966888,0.18820669011182448,false,2
2498,0.44886479428551196,0.20666322100519377,0.21678321678321674,0.20666322100519377,false,5
2499,0.40372471047156416,0.1744356096909254,0.19455252918287938,0.1744356096909254,false,5
2500,0.28529791658714265,0.10507804559106677,0.09375,0.10507804559106677,false,3
2501,0.23824754159804137,0.08501367837178228,0.07564422277639235,0.08501367837178228,false,1
2502,0.2616757292273607,0.09436171206648539,0.09781477627471384,0.09436171206648539,false,1
2503,0.28826549860662287,0.10890411524803585,0.10574712643678161,0.10890411524803585,false,2
2504,0.17921128186171897,0.06489107935144495,0.07317073170731705,0.06489107935144495,false,4
2505,0.30993756350602747,0.1167978604328092,0.10569105691056911,0.1167978604328092,false,3
2506,0.18743206501697793,0.06756895923810938,0.07564422277639235,0.06756895923810938,false,1
2507,0.2213235250604182,0.07879188281585904,0.07564422277639235,0.07879188281585904,false,1
2508,0.417611503867752,0.18260624180239102,0.19471153846153846,0.18260624180239102,false,1
2509,0.7975958093861963,0.5905926236888592,0.5979381443298969,0.5905926236888592,false,4
2511,0.6259139051946135,0.37191158106945826,0.3416666666666667,0.37191158106945826,false,5
2512,0.32380191265678265,0.12387966949386188,0.12396694214876033,0.12387966949386188,false,3
2514,0.40144993139322976,0.1711018136348215,0.19471153846153846,0.1711018136348215,false,1
2515,0.3862145992477416,0.16211277472755337,0.16071428571428573,0.16211277472755337,false,2
2516,0.46222089309137027,0.21617280257378754,0.22486288848263253,0.21617280257378754,false,3
2517,0.501317255545683,0.2521078367753272,0.2692307692307692,0.2521078367753272,false,4
2518,0.5243189470066819,0.26988423140702933,0.2572178477690289,0.26988423140702933,false,5
2519,0.7342209218494119,0.5124516169852997,0.5255813953488372,0.5124516169852997,false,1
2520,0.37331906412030585,0.15245430408781466,0.13894736842105262,0.15245430408781466,false,4
2522,0.5082871443321306,0.2553923354982287,0.2683397683397683,0.2553923354982287,false,2
2523,0.24693709600692393,0.09265215328299549,0.0974264705882353,0.09265215328299549,false,5
2524,0.36452496823170644,0.14978156749805424,0.14814814814814814,0.14978156749805424,false,5
2525,0.6448627439787251,0.3997311244365446,0.345679012345679,0.3997311244365446,false,3
2526,0.49391228811557675,0.24278401525650367,0.2612612612612612,0.24278401525650367,false,2
2527,0.5434191121503218,0.29246617913036027,0.3,0.29246617913036027,false,1
2528,0.4399336563465424,0.19995448585930797,0.20187793427230047,0.19995448585930797,false,5
2529,0.44429660409619254,0.20259080363867063,0.19701986754966888,0.20259080363867063,false,2
2531,0.6171891127246976,0.36371098467374374,0.34049079754601225,0.36371098467374374,false,2
2532,0.3632578765953782,0.14903473664749659,0.14814814814814814,0.14903473664749659,false,5
2533,0.7786002165844406,0.5663281540049983,0.5373134328358209,0.5663281540049983,false,1
2534,0.3612594797053794,0.14499366878929934,0.15702479338842976,0.14499366878929934,false,1
2535,0.13503256276962847,0.057287793683332956,0.017241379310344827,0.057287793683332956,false,5
2536,0.2147413780697313,0.07967132765192945,0.08464419475655428,0.07967132765192945,false,2
2537,0.21497124954535474,0.079750415682486,0.08464419475655428,0.079750415682486,false,2
2539,0.23370543678363362,0.08313046608622386,0.07591240875912408,0.08313046608622386,false,4
2540,0.5698711512688575,0.3199386578857071,0.31493506493506496,0.3199386578857071,false,1
2541,0.2240670900474246,0.08293795045716125,0.08464419475655428,0.08293795045716125,false,2
2542,0.17395356407438217,0.06353193167523208,0.07564422277639235,0.06353193167523208,false,1
2543,0.35838977254323856,0.14326223007214364,0.12310606060606061,0.14326223007214364,false,1
2544,0.3243836168874861,0.12403235845695282,0.102803738317757,0.12403235845695282,false,1
2546,0.20799702052915411,0.07418868321250537,0.07564422277639235,0.07418868321250537,false,1
2548,0.20701897125524515,0.07447840760298802,0.07043343653250773,0.07447840760298802,false,3
2550,0.26093652077600793,0.09405318197019148,0.09781477627471384,0.09405318197019148,false,1
2552,0.18109525349172365,0.06629973275644833,0.07043343653250773,0.06629973275644833,false,3
2553,0.23852062291033427,0.08566091877713895,0.07043343653250773,0.08566091877713895,false,3
2554,0.5751547269094177,0.3262738439486346,0.30769230769230776,0.3262738439486346,false,4
2555,0.5751547269094177,0.3262738439486346,0.30769230769230776,0.3262738439486346,false,4
2556,0.3672128660140761,0.1484678486315125,0.17279411764705882,0.1484678486315125,false,3
2557,0.6020434638687516,0.3551008902261391,0.31493506493506496,0.3551008902261391,false,1
2558,0.6118799245187823,0.36221163202411916,0.345679012345679,0.36221163202411916,false,3
2559,0.20018229355240838,0.07480602905539974,0.08464419475655428,0.07480602905539974,false,2
2560,0.39848774627475264,0.17008446524186457,0.16071428571428573,0.17008446524186457,false,2
2561,0.21187474268038714,0.07985721169074464,0.08004509582863585,0.07985721169074464,false,5
2563,0.35030320110472457,0.13842695629276403,0.13894736842105262,0.13842695629276403,false,4
2564,0.3323508646384421,0.13175441552647768,0.12717770034843207,0.13175441552647768,false,5
2565,0.3553998572740569,0.1444715868706684,0.14814814814814814,0.1444715868706684,false,5
2566,0.3065017713496249,0.1186350415276151,0.12717770034843207,0.1186350415276151,false,5
2568,0.4722284604773997,0.22589357796567144,0.22487223168654175,0.22589357796567144,false,1
2570,0.47634648256157175,0.229713139983575,0.23670212765957446,0.229713139983575,false,4
2572,0.3729392055772992,0.15199608018243457,0.17279411764705882,0.15199608018243457,false,3
2573,0.20394266115584803,0.07283806250517062,0.07564422277639235,0.07283806250517062,false,1
2574,0.318971586897564,0.1248167767245686,0.12717770034843207,0.1248167767245686,false,5
2575,0.2235948799738392,0.0794264318283414,0.07591240875912408,0.0794264318283414,false,4
2576,0.2235948799738392,0.0794264318283414,0.07591240875912408,0.0794264318283414,false,4
2577,0.3060559923786566,0.11726955737149014,0.10574712643678161,0.11726955737149014,false,2
2578,0.4015207227338711,0.1721018421728929,0.16071428571428573,0.1721018421728929,false,2
2579,0.3666279259840769,0.14826013133543423,0.13894736842105262,0.14826013133543423,false,4
2580,0.17450942985971157,0.06435893018463627,0.07043343653250773,0.06435893018463627,false,3
2581,0.3666279259840769,0.14826013133543423,0.13894736842105262,0.14826013133543423,false,4
2582,0.2922694957921533,0.11073995568717047,0.10574712643678161,0.11073995568717047,false,2
2583,0.4209750097596919,0.18518050861603869,0.1884469696969697,0.18518050861603869,false,4
2584,0.40692730041430836,0.17658494465859612,0.19455252918287938,0.17658494465859612,false,5
2585,0.25120226579047095,0.09057810826467899,0.08676789587852494,0.09057810826467899,false,3
2586,0.5875884126021497,0.33141906250003056,0.3174061433447099,0.33141906250003056,false,5
2587,0.4731486778153187,0.2252434052778068,0.22486288848263253,0.2252434052778068,false,3
2588,0.49483293140363327,0.24357870398199322,0.2612612612612612,0.24357870398199322,false,2
2589,0.5467534580457845,0.29087020335057256,0.2572178477690289,0.29087020335057256,false,5
2591,0.34216052594694896,0.13373014225041643,0.13059033989266547,0.13373014225041643,false,4
2592,0.34091651284474606,0.1330887194311773,0.12310606060606061,0.1330887194311773,false,1
2593,0.5004386136381062,0.2490562806000338,0.2408026755852843,0.2490562806000338,false,3
2594,0.4011988397545844,0.17188684670999044,0.16071428571428573,0.17188684670999044,false,2
2595,0.49207485512642385,0.24331828072141723,0.22487223168654175,0.24331828072141723,false,1
2596,0.5037935049734361,0.25154210719166425,0.2572178477690289,0.25154210719166425,false,5
2597,0.32851580062551183,0.1261622148455335,0.13059033989266547,0.1261622148455335,false,4
2598,0.24731206710825837,0.0890432924571074,0.07043343653250773,0.0890432924571074,false,3
2599,0.3907205197006109,0.16378674293840792,0.19471153846153846,0.16378674293840792,false,1
2600,0.3457096257859685,0.13581951937872785,0.14937759336099585,0.13581951937872785,false,3
2601,0.7212951496097362,0.4966485510660493,0.5255813953488372,0.4966485510660493,false,1
2603,0.21056636966372566,0.07487590928985939,0.07591240875912408,0.07487590928985939,false,4
2604,0.610020094899143,0.35596586700330646,0.34049079754601225,0.35596586700330646,false,2
2605,0.4440507023783649,0.2016828858975392,0.22486288848263253,0.2016828858975392,false,3
2606,0.578538399142466,0.32591898470855446,0.3425925925925926,0.32591898470855446,false,3
2607,0.21056636966372566,0.07487590928985939,0.07591240875912408,0.07487590928985939,false,4
2608,0.3066612586806785,0.1149170735031829,0.09781477627471384,0.1149170735031829,false,1
2612,0.31918610740653397,0.12120094475677683,0.13059033989266547,0.12120094475677683,false,4
2613,0.5355672899205342,0.2802863729040147,0.2572178477690289,0.2802863729040147,false,5
2614,0.2558691550445612,0.09501127435579071,0.08464419475655428,0.09501127435579071,false,2
2618,0.30919568946581544,0.11642899877232911,0.10569105691056911,0.11642899877232911,false,3
2619,0.2436217238636938,0.08760905434352873,0.07043343653250773,0.08760905434352873,false,3
2620,0.47469459897078764,0.22654815808536072,0.22486288848263253,0.22654815808536072,false,3
2621,0.4043969479886785,0.17261605799137295,0.1753846153846154,0.17261605799137295,false,3
2622,0.40861346408806043,0.17554199169874365,0.1753846153846154,0.17554199169874365,false,3
2623,0.3430811295854907,0.13425432575152071,0.13059033989266547,0.13425432575152071,false,4
2624,0.35903374967642343,0.1436492692832991,0.12310606060606061,0.1436492692832991,false,1
2625,0.4164854157674992,0.18233343633398114,0.19701986754966888,0.18233343633398114,false,2
2626,0.2008800913679684,0.07618969414235328,0.08004509582863585,0.07618969414235328,false,5
2627,0.46326985671625487,0.21855659265358304,0.23670212765957446,0.21855659265358304,false,4
2628,0.4696506055674027,0.22291569223944957,0.21678321678321674,0.22291569223944957,false,5
2629,0.49417554575541955,0.24301107628437818,0.2612612612612612,0.24301107628437818,false,2
2630,0.5472728048170533,0.2963818505003858,0.3023255813953488,0.2963818505003858,false,1
2631,0.5807081870715809,0.3322921315097965,0.30769230769230776,0.3322921315097965,false,4
2632,0.7055857126611873,0.4638873009494752,0.4634146341463415,0.4638873009494752,false,2
2633,0.5079048558511041,0.257855550543389,0.24489795918367344,0.257855550543389,false,1
2634,0.44891286606653324,0.20657638721905616,0.19471153846153846,0.20657638721905616,false,1
2635,0.362510254801074,0.14572673880621378,0.13894736842105262,0.14572673880621378,false,4
2636,0.4584724332935858,0.21456274555078197,0.21875,0.21456274555078197,false,4
2637,0.46413150730060293,0.2177394230230269,0.22486288848263253,0.2177394230230269,false,3
2638,0.42454829474544425,0.18695202041354853,0.1753846153846154,0.18695202041354853,false,3
2639,0.49031366769348167,0.24002908006364512,0.2408026755852843,0.24002908006364512,false,3
2640,0.48893233808942044,0.2387892575037551,0.2572178477690289,0.2387892575037551,false,5
2641,0.5325348720031539,0.277613231656273,0.2683397683397683,0.277613231656273,false,2
2642,0.49294098332775954,0.24443735276012757,0.2692307692307692,0.24443735276012757,false,4
2643,0.3002139092870659,0.1117483163384727,0.09781477627471384,0.1117483163384727,false,1
2644,0.25017950134365974,0.08966475683813539,0.07564422277639235,0.08966475683813539,false,1
2645,0.33000855587647104,0.12705262928614092,0.12310606060606061,0.12705262928614092,false,1
2646,0.3313117370890604,0.1300980352119827,0.13073170731707318,0.1300980352119827,false,2
2648,0.20885927220658906,0.07509299236744127,0.07043343653250773,0.07509299236744127,false,3
2649,0.2006216581799677,0.07610537499596856,0.08004509582863585,0.07610537499596856,false,5
2651,0.6280237668374222,0.3847069875847047,0.38095238095238093,0.3847069875847047,false,1
2652,0.5471927830138176,0.2968602968094154,0.28969957081545067,0.2968602968094154,false,4
2653,0.4605635320140084,0.21519580121087198,0.2349570200573066,0.21519580121087198,false,2
2654,0.379764081571798,0.1565785778524556,0.19471153846153846,0.1565785778524556,false,1
2655,0.4672901065493314,0.22034726774650137,0.22486288848263253,0.22034726774650137,false,3
2656,0.5175750740655378,0.2648438915758368,0.25,0.2648438915758368,false,3
2657,0.2708176421484489,0.09825288537323533,0.09781477627471384,0.09825288537323533,false,1
2658,0.21583081001946053,0.08004678599876691,0.08464419475655428,0.08004678599876691,false,2
2659,0.5156244570350883,0.26199142841087153,0.2683397683397683,0.26199142841087153,false,2
2660,0.35914722170921515,0.14559948116067142,0.13073170731707318,0.14559948116067142,false,2
2661,0.5270292965729092,0.2723683159257458,0.2572178477690289,0.2723683159257458,false,5
2662,0.5142066901823101,0.26421897435038183,0.2692307692307692,0.26421897435038183,false,4
2663,0.3769952014442992,0.15479974055204215,0.16,0.15479974055204215,false,4
2664,0.3064048222664828,0.11467799704233624,0.1111111111111111,0.11467799704233624,false,4
2665,0.3992918688382765,0.1714947422984376,0.18571428571428572,0.1714947422984376,false,5
2666,0.5391611857552959,0.28870036398399274,0.28969957081545067,0.28870036398399274,false,4
2667,0.4565344484887726,0.21255606756737855,0.21678321678321674,0.21255606756737855,false,5
2668,0.5279782747571583,0.2775638256664888,0.28969957081545067,0.2775638256664888,false,4
2672,0.5260854042573286,0.27150159979997873,0.2572178477690289,0.27150159979997873,false,5
2673,0.3968832102939922,0.1699133287025959,0.18571428571428572,0.1699133287025959,false,5
2674,0.5055412190966461,0.2536907652479916,0.25,0.2536907652479916,false,3
2675,0.3672686174183557,0.15140925413440381,0.14814814814814814,0.15140925413440381,false,5
2676,0.4849275847264344,0.2369397350480558,0.22487223168654175,0.2369397350480558,false,1
2677,0.609752675038848,0.36378245717829494,0.38095238095238093,0.36378245717829494,false,1
2678,0.45740508391401496,0.2136814280626837,0.21875,0.2136814280626837,false,4
2679,0.5986778063383225,0.3513400407866818,0.31493506493506496,0.3513400407866818,false,1
2680,0.29079004806119857,0.11122499576615037,0.11331444759206799,0.11122499576615037,false,5
2681,0.3498633333359455,0.14026592462570708,0.13073170731707318,0.14026592462570708,false,2
2682,0.6038732708470117,0.3533326288896186,0.3425925925925926,0.3533326288896186,false,3
2683,0.35299953995006356,0.1420491289078701,0.13073170731707318,0.1420491289078701,false,2
2684,0.2743924055522248,0.09981295756696881,0.09781477627471384,0.09981295756696881,false,1
2685,0.42096041695159103,0.1851697043445157,0.1884469696969697,0.1851697043445157,false,4
2687,0.5404559466500813,0.2848828057304129,0.2572178477690289,0.2848828057304129,false,5
2688,0.5205692618163965,0.2676671698209565,0.25,0.2676671698209565,false,3
2689,0.3730967793498393,0.15231995446189528,0.18888888888888888,0.15231995446189528,false,1
2690,0.45756503292072426,0.21359883780792818,0.22487223168654175,0.21359883780792818,false,1
2691,0.5194111726254844,0.2687714932331381,0.24489795918367344,0.2687714932331381,false,1
2692,0.5447790010058685,0.29384447219230475,0.3,0.29384447219230475,false,1
2693,0.3051248042204701,0.11415491000295347,0.09781477627471384,0.11415491000295347,false,1
2694,0.32722177566843896,0.12905692835329988,0.12717770034843207,0.12905692835329988,false,5
2695,0.6232468688512378,0.374979041338601,0.345679012345679,0.374979041338601,false,3
2696,0.21085268756873748,0.07834422768741388,0.08464419475655428,0.07834422768741388,false,2
2697,0.2512428283920723,0.09009019243942759,0.07564422277639235,0.09009019243942759,false,1
2698,0.5611205386275322,0.3077266173473367,0.2638297872340426,0.3077266173473367,false,3
2699,0.5343302138031473,0.28088554621232165,0.2638297872340426,0.28088554621232165,false,3
2700,0.5371385573620382,0.28615015294015506,0.3,0.28615015294015506,false,1
2701,0.32342606454980277,0.125969332381241,0.13073170731707318,0.125969332381241,false,2
2702,0.3507576363484992,0.13869311741728008,0.13894736842105262,0.13869311741728008,false,4
2703,0.32722177566843896,0.12905692835329988,0.12717770034843207,0.12905692835329988,false,5
2704,0.4262799996010561,0.18902019585366572,0.19471153846153846,0.18902019585366572,false,1
2705,0.5068154767973475,0.2572287221625904,0.2692307692307692,0.2572287221625904,false,4
2706,0.5239039957783982,0.2695687545620605,0.2683397683397683,0.2695687545620605,false,2
2707,0.33949905839274486,0.13229084068946403,0.12310606060606061,0.13229084068946403,false,1
2708,0.42504554351043483,0.18913690275296283,0.19696969696969696,0.18913690275296283,false,5
2709,0.6021878473085911,0.35526263204804015,0.31493506493506496,0.35526263204804015,false,1
2711,0.3372873438138829,0.13105397750429792,0.12310606060606061,0.13105397750429792,false,1
2712,0.43030413197581935,0.1921956339620549,0.19701986754966888,0.1921956339620549,false,2
2713,0.4280615996635404,0.19129151044421042,0.20187793427230047,0.19129151044421042,false,5
2714,0.38748121041749994,0.16126535330382774,0.1753846153846154,0.16126535330382774,false,3
2716,0.35198040716501244,0.13945730202326984,0.12310606060606061,0.13945730202326984,false,1
2717,0.20196987784892895,0.07200585084140107,0.07317073170731705,0.07200585084140107,false,4
2718,0.2612877909261261,0.09840117641092143,0.0974264705882353,0.09840117641092143,false,5
2719,0.2571079823607124,0.09295365680182002,0.08676789587852494,0.09295365680182002,false,3
2721,0.4224212400995876,0.1861439334100873,0.19471153846153846,0.1861439334100873,false,1
2722,0.31031851099652924,0.11674909584399851,0.102803738317757,0.11674909584399851,false,1
2723,0.5263113111671375,0.2717088781502141,0.2572178477690289,0.2717088781502141,false,5
2724,0.34250765037561287,0.13392758824987913,0.13059033989266547,0.13392758824987913,false,4
2725,0.40279607280775775,0.17151532824358273,0.1753846153846154,0.17151532824358273,false,3
2726,0.5567258583695035,0.3061139772165565,0.3023255813953488,0.3061139772165565,false,1
2727,0.2411477213116202,0.08595662836573827,0.07591240875912408,0.08595662836573827,false,4
2728,0.3760177733199201,0.1566969059722823,0.14814814814814814,0.1566969059722823,false,5
2729,0.2378947188671475,0.08471076534616913,0.07591240875912408,0.08471076534616913,false,4
2730,0.2976653406476183,0.11039553436294802,0.1111111111111111,0.11039553436294802,false,4
2731,0.24168896737331078,0.08944473134393029,0.08464419475655428,0.08944473134393029,false,2
2732,0.29230021402199896,0.10796352650679214,0.09781477627471384,0.10796352650679214,false,1
2733,0.2241693431970796,0.08297443420457866,0.08464419475655428,0.08297443420457866,false,2
2734,0.28998718345434893,0.10687877205359966,0.09781477627471384,0.10687877205359966,false,1
2735,0.5117190620595946,0.2584653171618323,0.2683397683397683,0.2584653171618323,false,2
2736,0.5490383360085894,0.29339985182054434,0.2683397683397683,0.29339985182054434,false,2
2737,0.3003285614052247,0.11168549356721838,0.1111111111111111,0.11168549356721838,false,4
2738,0.3631627733909701,0.1461515811521595,0.15702479338842976,0.1461515811521595,false,1
2739,0.191051303530703,0.06869284991948874,0.07564422277639235,0.06869284991948874,false,1
2740,0.22003516752715735,0.07815860932586167,0.07591240875912408,0.07815860932586167,false,4
2741,0.22003516752715735,0.07815860932586167,0.07591240875912408,0.07815860932586167,false,4
2742,0.2238537859673196,0.08286189089152894,0.08464419475655428,0.08286189089152894,false,2
2743,0.47138533318209264,0.22543395744414893,0.23670212765957446,0.22543395744414893,false,4
2744,0.520673692151705,0.26998686905565095,0.24489795918367344,0.26998686905565095,false,1
2746,0.3467740392464702,0.13642918237538013,0.12310606060606061,0.13642918237538013,false,1
2747,0.4577506139748519,0.21297606680167808,0.2349570200573066,0.21297606680167808,false,2
2748,0.2762313498513101,0.1047233684671111,0.10112359550561797,0.1047233684671111,false,5
2749,0.3820869375318918,0.15950033837027036,0.14182692307692307,0.15950033837027036,false,2
2750,0.5152433142427078,0.2616459386295251,0.2683397683397683,0.2616459386295251,false,2
2751,0.29892509686330393,0.11100407629207416,0.1111111111111111,0.11100407629207416,false,4
2752,0.41360797694095824,0.17978791554008305,0.1884469696969697,0.17978791554008305,false,4
2753,0.23747311486185904,0.08902757266192506,0.08004509582863585,0.08902757266192506,false,5
2754,0.23747311486185904,0.08902757266192506,0.08004509582863585,0.08902757266192506,false,5
2755,0.23128517940629625,0.08672733201642144,0.08004509582863585,0.08672733201642144,false,5
2757,0.21414666663258836,0.07610197969157285,0.07591240875912408,0.07610197969157285,false,4
2758,0.46501584465926643,0.2187434393605107,0.2349570200573066,0.2187434393605107,false,2
2759,0.3338091254357847,0.12912871933507655,0.12310606060606061,0.12912871933507655,false,1
2760,0.6539547703922842,0.4044738957667077,0.41509433962264153,0.4044738957667077,false,2
2761,0.4512858082132739,0.20851021624039673,0.21678321678321674,0.20851021624039673,false,5
2762,0.4978131753500991,0.246163290214969,0.2612612612612612,0.246163290214969,false,2
2763,0.35026292015978144,0.13841967227842816,0.14937759336099585,0.13841967227842816,false,3
2764,0.2156353534911954,0.07997930577890501,0.08464419475655428,0.07997930577890501,false,2
2765,0.32517540960765823,0.1268754471384579,0.13073170731707318,0.1268754471384579,false,2
2766,0.16398922364699436,0.06498683139318819,0.07586206896551724,0.06498683139318819,false,5
2767,0.28914711812500876,0.10930603194680084,0.10574712643678161,0.10930603194680084,false,2
2768,0.16398922364699436,0.06498683139318819,0.07586206896551724,0.06498683139318819,false,5
2769,0.1375263375388375,0.057915624343950825,0.017241379310344827,0.057915624343950825,false,5
2770,0.2158688704886947,0.07669828712790895,0.07591240875912408,0.07669828712790895,false,4
2771,0.24672880883516046,0.09257097489086677,0.0974264705882353,0.09257097489086677,false,5
2773,0.16654125217857083,0.0645924118974593,0.06451612903225806,0.0645924118974593,false,2
2774,0.23718870324153335,0.08444254223892812,0.07591240875912408,0.08444254223892812,false,4
2776,0.3179494546817999,0.12429985359499998,0.12717770034843207,0.12429985359499998,false,5
2777,0.42622306095895285,0.1881837994763235,0.19718309859154928,0.1881837994763235,false,3
2778,0.3185588415537507,0.12460781743286582,0.12717770034843207,0.12460781743286582,false,5
2779,0.4131845441777303,0.17875790961904284,0.1753846153846154,0.17875790961904284,false,3
2780,0.19293617593983808,0.0736366641802278,0.08004509582863585,0.0736366641802278,false,5
2781,0.30194539242037155,0.11247503625952439,0.1111111111111111,0.11247503625952439,false,4
2782,0.34720916599641016,0.13983947284529358,0.14814814814814814,0.13983947284529358,false,5
2783,0.520265244572686,0.2700388542782205,0.28969957081545067,0.2700388542782205,false,4
2784,0.18897569554896396,0.06869346028376445,0.07043343653250773,0.06869346028376445,false,3
2785,0.5996068691558327,0.3448496679487942,0.34049079754601225,0.3448496679487942,false,2
2786,0.6336577895792683,0.38033899732090387,0.3416666666666667,0.38033899732090387,false,5
2787,0.35378199589562287,0.1404577531070573,0.14937759336099585,0.1404577531070573,false,3
2789,0.17989481561133083,0.06509490120308269,0.07317073170731705,0.06509490120308269,false,4
2791,0.14965644409700754,0.057502235787697045,0.06818181818181818,0.057502235787697045,false,3
2792,0.36906980389336574,0.15248570165625225,0.14814814814814814,0.15248570165625225,false,5
2793,0.4292439620607138,0.19125254790697346,0.19471153846153846,0.19125254790697346,false,1
2794,0.30820312176115583,0.11568636748344466,0.102803738317757,0.11568636748344466,false,1
2795,0.39667986093055146,0.1678181541287606,0.19471153846153846,0.1678181541287606,false,1
2796,0.27845544226064417,0.10569442311964923,0.10112359550561797,0.10569442311964923,false,5
2797,0.3005222023088907,0.11576583687581801,0.11331444759206799,0.11576583687581801,false,5
2798,0.25763459675195677,0.09268604243487504,0.09781477627471384,0.09268604243487504,false,1
2799,0.29630561605630407,0.11017995694962153,0.10187667560321716,0.11017995694962153,false,3
2800,0.31356611849719734,0.11839711003150134,0.102803738317757,0.11839711003150134,false,1
2801,0.2740480153440017,0.0995176287671756,0.07591240875912408,0.0995176287671756,false,4
2803,0.7883331734947282,0.5795593383213244,0.5979381443298969,0.5795593383213244,false,4
2805,0.43673230158735443,0.19691992614559975,0.19701986754966888,0.19691992614559975,false,2
2807,0.293542131246805,0.10854993930477554,0.09781477627471384,0.10854993930477554,false,1
2808,0.2985110542679935,0.11092424076237219,0.09781477627471384,0.11092424076237219,false,1
2809,0.4426716970525325,0.20061338370614365,0.22486288848263253,0.20061338370614365,false,3
2810,0.49547757553459815,0.24674344397408102,0.2692307692307692,0.24674344397408102,false,4
2811,0.3309438677913865,0.12766966916990685,0.14814814814814814,0.12766966916990685,false,3
2812,0.268238348283774,0.10011801959291264,0.08464419475655428,0.10011801959291264,false,2
2813,0.37352987135949595,0.15419325713401497,0.14182692307692307,0.15419325713401497,false,2
2814,0.8053431599547193,0.5909699951123986,0.5342465753424658,0.5909699951123986,false,3
2815,0.6830398988287258,0.43558955381810016,0.45180722891566266,0.43558955381810016,false,5
2816,0.5913896418910976,0.34402166570400416,0.3566666666666667,0.34402166570400416,false,4
2817,0.40007020564721324,0.17113467897789783,0.16071428571428573,0.17113467897789783,false,2
2818,0.41421406908495156,0.18075059074749278,0.19701986754966888,0.18075059074749278,false,2
2819,0.4240580676490817,0.18768839341456917,0.19701986754966888,0.18768839341456917,false,2
2820,0.33545421781846035,0.1299636786853853,0.13059033989266547,0.1299636786853853,false,4
2822,0.4613751647519695,0.21674594548883047,0.22487223168654175,0.21674594548883047,false,1
2823,0.5238734813272301,0.2735430731286802,0.28969957081545067,0.2735430731286802,false,4
2824,0.6297527027874597,0.3760798450863089,0.3416666666666667,0.3760798450863089,false,5
2825,0.5942332841025397,0.34717739076298226,0.3566666666666667,0.34717739076298226,false,4
2826,0.2940890699203067,0.10880908082020821,0.09781477627471384,0.10880908082020821,false,1
2827,0.514665231026401,0.2621184659815626,0.25,0.2621184659815626,false,3
2828,0.3580720676621155,0.1430716051340641,0.12310606060606061,0.1430716051340641,false,1
2829,0.5335057634144856,0.2785273527439874,0.2683397683397683,0.2785273527439874,false,2
2830,0.41876946594079,0.18355308468499992,0.1884469696969697,0.18355308468499992,false,4
2831,0.6490078632217708,0.4045410980023403,0.35294117647058826,0.4045410980023403,false,3
2832,0.6424199604435666,0.3899620574893171,0.3416666666666667,0.3899620574893171,false,5
2833,0.3968235039898302,0.16791629731623858,0.19471153846153846,0.16791629731623858,false,1
2834,0.5140756692688693,0.2640940068470452,0.2692307692307692,0.2640940068470452,false,4
2835,0.3720866597516364,0.1514664652572735,0.17279411764705882,0.1514664652572735,false,3
2836,0.2550124495172365,0.09161309804068274,0.07599344336618019,0.09161309804068274,false,1
2837,0.6639965419932019,0.41401254200464827,0.45180722891566266,0.41401254200464827,false,5
2838,0.48343961677110137,0.2340292555165102,0.2408026755852843,0.2340292555165102,false,3
2839,0.5186633372270154,0.2647565504111438,0.2683397683397683,0.2647565504111438,false,2
2840,0.45153004020223897,0.20812674657908214,0.2349570200573066,0.20812674657908214,false,2
2841,0.5808253710443623,0.32450605200491517,0.3174061433447099,0.32450605200491517,false,5
2842,0.7095984270699929,0.47648302910937196,0.4747191011235955,0.47648302910937196,false,3
2843,0.44126270441692966,0.20094237589405345,0.20187793427230047,0.20094237589405345,false,5
2844,0.4259557384118833,0.18877719043433636,0.19471153846153846,0.18877719043433636,false,1
2845,0.6130631491783993,0.36753827079564116,0.38095238095238093,0.36753827079564116,false,1
2846,0.37842040043576347,0.15720845294425775,0.14182692307692307,0.15720845294425775,false,2
2847,0.3671955008707956,0.14861216939868965,0.13894736842105262,0.14861216939868965,false,4
2848,0.5825322073593311,0.3335603588413569,0.31493506493506496,0.3335603588413569,false,1
2849,0.29422767512830583,0.11164761270437171,0.10574712643678161,0.11164761270437171,false,2
2850,0.32963120185682704,0.12684806080930425,0.12310606060606061,0.12684806080930425,false,1
2851,0.47943371489127967,0.2308740661875827,0.2572178477690289,0.2308740661875827,false,5
2852,0.19991219246311406,0.0721482301242892,0.07043343653250773,0.0721482301242892,false,3
2853,0.5703882033694797,0.31398670991753397,0.2698412698412698,0.31398670991753397,false,5
2854,0.28281623249318183,0.10644857104497812,0.10574712643678161,0.10644857104497812,false,2
2855,0.3076446091412182,0.11566106480110672,0.10569105691056911,0.11566106480110672,false,3
2856,0.641628539061826,0.38908922559666154,0.3416666666666667,0.38908922559666154,false,5
2857,0.2711295868615024,0.1025256221539235,0.0974264705882353,0.1025256221539235,false,5
2858,0.2877435292667103,0.10583573237216302,0.09781477627471384,0.10583573237216302,false,1
2859,0.4244656936058096,0.18777895927696184,0.1884469696969697,0.18777895927696184,false,4
2860,0.7219556356522813,0.48036140588475507,0.49159663865546216,0.48036140588475507,false,5
2861,0.43319505778420203,0.1942595946600025,0.19471153846153846,0.1942595946600025,false,1
2862,0.27992017044616313,0.10266214793610696,0.08676789587852494,0.10266214793610696,false,3
2863,0.4202974160007422,0.1857827304630348,0.19455252918287938,0.1857827304630348,false,5
2864,0.3742213077419945,0.15303150604558427,0.18888888888888888,0.15303150604558427,false,1
2865,0.17078254344392096,0.06328420617606358,0.07043343653250773,0.06328420617606358,false,3
2866,0.4760386926091346,0.2276869050239152,0.22486288848263253,0.2276869050239152,false,3
2868,0.30427538938350407,0.1140081358673727,0.10187667560321716,0.1140081358673727,false,3
2869,0.21060565820157945,0.07826061040770782,0.08464419475655428,0.07826061040770782,false,2
2870,0.5936334516469375,0.33766041902421084,0.3174061433447099,0.33766041902421084,false,5
2871,0.6822673911381003,0.45029161819137486,0.44015444015444016,0.45029161819137486,false,4
2872,0.38234342514329145,0.16061282478612676,0.14814814814814814,0.16061282478612676,false,5
2873,0.4049534174640756,0.17354590335495293,0.19471153846153846,0.17354590335495293,false,1
2874,0.2157652041944756,0.07744104655070214,0.07043343653250773,0.07744104655070214,false,3
2875,0.41666583169887167,0.18191684917884218,0.19471153846153846,0.18191684917884218,false,1
2876,0.2550125584534797,0.09161314238295094,0.0759945106850659,0.09161314238295094,false,1
2877,0.39062731217521185,0.16375509703571928,0.1884469696969697,0.16375509703571928,false,4
2878,0.18742128738196953,0.07191083496528551,0.08004509582863585,0.07191083496528551,false,5
2879,0.32217548258837875,0.1230301939405095,0.12396694214876033,0.1230301939405095,false,3
2880,0.31527414559506484,0.11927191264282483,0.102803738317757,0.11927191264282483,false,1
2881,0.24567415278404822,0.09216091023424594,0.0974264705882353,0.09216091023424594,false,5
2882,0.4906378815786875,0.24235620079523476,0.23670212765957446,0.24235620079523476,false,4
2883,0.47181432997382067,0.22465884651462323,0.2572178477690289,0.22465884651462323,false,5
2884,0.47424721273687004,0.22663037824116278,0.2572178477690289,0.22663037824116278,false,5
2885,0.23813304162716914,0.08551451560199637,0.07043343653250773,0.08551451560199637,false,3
2886,0.4230048656340378,0.18668812890420955,0.1884469696969697,0.18668812890420955,false,4
2887,0.21340876767801167,0.07921424870847554,0.08464419475655428,0.07921424870847554,false,2
2888,0.23065190331874416,0.08531738950491152,0.08464419475655428,0.08531738950491152,false,2
2892,0.3234702382607814,0.12345790592060539,0.13059033989266547,0.12345790592060539,false,4
2893,0.3984778298667991,0.16857395596879307,0.1753846153846154,0.16857395596879307,false,3
2894,0.3619244687700602,0.14536926644428233,0.13894736842105262,0.14536926644428233,false,4
2895,0.4101832699677378,0.17879137500316364,0.19455252918287938,0.17879137500316364,false,5
2896,0.2795688130408168,0.10618350492526216,0.10112359550561797,0.10618350492526216,false,5
2897,0.3583542966124183,0.1431432454292197,0.14937759336099585,0.1431432454292197,false,3
2898,0.2046378857890177,0.07369008707447854,0.07043343653250773,0.07369008707447854,false,3
2899,0.4198293360586509,0.1835146793304307,0.1753846153846154,0.1835146793304307,false,3
2901,0.3751784301183348,0.15363927397153163,0.18888888888888888,0.15363927397153163,false,1
2902,0.37766601023388174,0.15523089382102515,0.16,0.15523089382102515,false,4
2903,0.5683875037508951,0.3125598747664274,0.3333333333333333,0.3125598747664274,false,2
2904,0.36235204291356643,0.14850271809685184,0.14814814814814814,0.14850271809685184,false,5
2905,0.6145607054479277,0.3701147953039558,0.3566666666666667,0.3701147953039558,false,4
2906,0.675028561939002,0.4284888113812821,0.4340659340659341,0.4284888113812821,false,2
2907,0.5052687016476253,0.2557812510884966,0.2692307692307692,0.2557812510884966,false,4
2909,0.4103663853166428,0.17737617834069724,0.19471153846153846,0.17737617834069724,false,1
2910,0.24119420529083135,0.08614152166296188,0.07564422277639235,0.08614152166296188,false,1
2911,0.3711130508809291,0.15272073736259575,0.14182692307692307,0.15272073736259575,false,2
2912,0.3189308429127877,0.12135049287926937,0.12396694214876033,0.12135049287926937,false,3
2916,0.32943903363016164,0.12666249878691857,0.13059033989266547,0.12666249878691857,false,4
2918,0.47171904373993606,0.2245818779899223,0.2572178477690289,0.2245818779899223,false,5
2919,0.2621953222693485,0.09457912161304328,0.09781477627471384,0.09457912161304328,false,1
2920,0.3538654412957646,0.1425447895849266,0.13073170731707318,0.1425447895849266,false,2
2921,0.3053490056457411,0.11426585085222404,0.09781477627471384,0.11426585085222404,false,1
2922,0.25886044232731303,0.09319150070424237,0.09781477627471384,0.09319150070424237,false,1
2923,0.43162496190354416,0.1921993141586678,0.19718309859154928,0.1921993141586678,false,3
2924,0.5625485784928872,0.30919686851819045,0.3425925925925926,0.30919686851819045,false,3
2926,0.1786889312380415,0.06812138634197853,0.0755813953488372,0.06812138634197853,false,2
2927,0.6027663152544435,0.35591097717656384,0.31493506493506496,0.35591097717656384,false,1
2928,0.4374292327946815,0.19752176374844874,0.19471153846153846,0.19752176374844874,false,1
2929,0.3700058446232838,0.15204999844294173,0.14182692307692307,0.15204999844294173,false,2
2930,0.22220262515911746,0.08344845284530998,0.08004509582863585,0.08344845284530998,false,5
2931,0.3460548278518747,0.13919674932467854,0.14814814814814814,0.13919674932467854,false,5
2932,0.5663681431906542,0.31622224011320854,0.31493506493506496,0.31622224011320854,false,1
2933,0.19701558937641864,0.07121791408332875,0.07043343653250773,0.07121791408332875,false,3
2935,0.5882954471704301,0.33214605740280373,0.3174061433447099,0.33214605740280373,false,5
2936,0.38388731515240115,0.1615805080182172,0.14814814814814814,0.1615805080182172,false,5
2937,0.6631800448828968,0.4149375931776393,0.4340659340659341,0.4149375931776393,false,2
2938,0.37943291200557205,0.15880131799043654,0.14814814814814814,0.15880131799043654,false,5
2939,0.6096515730735771,0.3597307296510468,0.345679012345679,0.3597307296510468,false,3
2940,0.22326741151769533,0.0838269394940773,0.08004509582863585,0.0838269394940773,false,5
2941,0.5742788188815373,0.32464748684661887,0.31493506493506496,0.32464748684661887,false,1
2942,0.49854407948114193,0.24698626289578343,0.2572178477690289,0.24698626289578343,false,5
2943,0.5369984247383153,0.2860101640986672,0.3,0.2860101640986672,false,1
2944,0.5171445864491176,0.2644395464646655,0.25,0.2644395464646655,false,3
2945,0.2652930545077418,0.09888033202674237,0.08464419475655428,0.09888033202674237,false,2
2946,0.6710374763576334,0.4303918431645628,0.4747191011235955,0.4303918431645628,false,3
2947,0.40825303832380055,0.1758729166489464,0.19471153846153846,0.1758729166489464,false,1
2948,0.25434626044675573,0.09558167518754296,0.0974264705882353,0.09558167518754296,false,5
2949,0.3018173422520459,0.11252916525328714,0.09781477627471384,0.11252916525328714,false,1
2950,0.3606594800953755,0.1445997974388298,0.13894736842105262,0.1445997974388298,false,4
2951,0.33368223250789014,0.12898366664642139,0.13059033989266547,0.12898366664642139,false,4
2952,0.31154007530421646,0.11759809532293972,0.10569105691056911,0.11759809532293972,false,3
2953,0.5992556239203108,0.3444775728123527,0.34049079754601225,0.3444775728123527,false,2
2954,0.35601864780637144,0.1437835839259156,0.13073170731707318,0.1437835839259156,false,2
2955,0.35922882425910424,0.14564709879615456,0.13073170731707318,0.14564709879615456,false,2
2956,0.30757243682787544,0.11915523436634057,0.12717770034843207,0.11915523436634057,false,5
2957,0.22840060147942953,0.08567353439543843,0.08004509582863585,0.08567353439543843,false,5
2958,0.37330940789723904,0.1522265285856024,0.17279411764705882,0.1522265285856024,false,3
2959,0.6789869565145011,0.43097399654491325,0.45180722891566266,0.43097399654491325,false,5
2960,0.22930066647971073,0.08223916993746679,0.07043343653250773,0.08223916993746679,false,3
2961,0.28468471436802484,0.10442820079214125,0.09781477627471384,0.10442820079214125,false,1
2962,0.4026426802171283,0.17141015131697296,0.1753846153846154,0.17141015131697296,false,3
2963,0.4781127648936633,0.22945201395268094,0.2408026755852843,0.22945201395268094,false,3
2964,0.20415327536216668,0.07610527495758648,0.08464419475655428,0.07610527495758648,false,2
2965,0.2760389836645414,0.10463975120975628,0.10112359550561797,0.10463975120975628,false,5
2966,0.2963026605343094,0.11261650314435886,0.10574712643678161,0.11261650314435886,false,2
2967,0.3541105959039473,0.1437341008738648,0.14814814814814814,0.1437341008738648,false,5
2968,0.24746870526304637,0.09167720647907969,0.08464419475655428,0.09167720647907969,false,2
2969,0.3557450768292466,0.1416055477383898,0.14937759336099585,0.1416055477383898,false,3
2970,0.5631932958414516,0.30734947194707457,0.2683397683397683,0.30734947194707457,false,2
2971,0.4530865023991478,0.20933242198154697,0.2349570200573066,0.20933242198154697,false,2
2972,0.41463728164329844,0.17978956690642953,0.1753846153846154,0.17978956690642953,false,3
2973,0.4278434483608509,0.19041019700305545,0.19701986754966888,0.19041019700305545,false,2
2974,0.35471981775708855,0.14103197961888775,0.13894736842105262,0.14103197961888775,false,4
2975,0.309400264873483,0.1162867509554068,0.102803738317757,0.1162867509554068,false,1
2976,0.42798027322697374,0.1904234267621243,0.1884469696969697,0.1904234267621243,false,4
2977,0.5320046721049146,0.2786239529501687,0.2638297872340426,0.2786239529501687,false,3
2978,0.24045351689787725,0.08568937034018759,0.07591240875912408,0.08568937034018759,false,4
2979,0.34060615118876725,0.13619635157963983,0.14814814814814814,0.13619635157963983,false,5
2980,0.5127347332038856,0.26281720495902067,0.2692307692307692,0.26281720495902067,false,4
2981,0.2813340444598149,0.1057891568743474,0.08464419475655428,0.1057891568743474,false,2
2982,0.2169405297218838,0.0770715050908955,0.07591240875912408,0.0770715050908955,false,4
2983,0.19625543860784692,0.07469369552140848,0.08004509582863585,0.07469369552140848,false,5
2984,0.6191174097307561,0.36457862211856673,0.3174061433447099,0.36457862211856673,false,5
2985,0.34978197225514923,0.14128092793377128,0.14814814814814814,0.14128092793377128,false,5
2986,0.30168273688682723,0.11631794396925559,0.11458333333333333,0.11631794396925559,false,5
2987,0.28815657232016784,0.10885454757705666,0.10574712643678161,0.10885454757705666,false,2
2988,0.36409682764230505,0.14672263265506005,0.15702479338842976,0.14672263265506005,false,1
2989,0.3551443858017571,0.14327952207234224,0.13073170731707318,0.14327952207234224,false,2
2990,0.2906350076675102,0.10752515011847175,0.10187667560321716,0.10752515011847175,false,3
2991,0.4648316009726625,0.21962980095981488,0.22487223168654175,0.21962980095981488,false,1
2992,0.6551924982476207,0.41660439459718673,0.391304347826087,0.41660439459718673,false,1
2993,0.42437641855042735,0.1875970552778215,0.19471153846153846,0.1875970552778215,false,1
2994,0.2238041770886563,0.07950155676350328,0.07591240875912408,0.07950155676350328,false,4
2995,0.19114500146478705,0.06936632045457253,0.07043343653250773,0.06936632045457253,false,3
2996,0.2696806908192047,0.10190895456387451,0.0974264705882353,0.10190895456387451,false,5
2997,0.3530386100212572,0.14312328887791417,0.14814814814814814,0.14312328887791417,false,5
2998,0.4251946742719545,0.18924299994805346,0.19696969696969696,0.18924299994805346,false,5
2999,0.1903995392345662,0.06913441310076646,0.07043343653250773,0.06913441310076646,false,3
3000,0.1781761152121047,0.06477185286236634,0.07564422277639235,0.06477185286236634,false,1
3001,0.1781761152121047,0.06477185286236634,0.07564422277639235,0.06477185286236634,false,1
3003,0.5871584106364662,0.3386092622006718,0.31493506493506496,0.3386092622006718,false,1
3004,0.37083353945033765,0.1535458411122251,0.14814814814814814,0.1535458411122251,false,5
3005,0.3489152128915971,0.13764574227949491,0.14937759336099585,0.13764574227949491,false,3
3006,0.3278588560565778,0.1260205547446572,0.12396694214876033,0.1260205547446572,false,3
3007,0.4814917308047854,0.23223566108715613,0.2612612612612612,0.23223566108715613,false,2
3008,0.30907743486810924,0.1163702958293986,0.10569105691056911,0.1163702958293986,false,3
3009,0.5844341857582244,0.3289544256801446,0.34049079754601225,0.3289544256801446,false,2
3010,0.40170429704444083,0.17309030768663528,0.19455252918287938,0.17309030768663528,false,5
3011,0.3182587618454323,0.12081396212004769,0.102803738317757,0.12081396212004769,false,1
3012,0.2901695660547643,0.10730976155873571,0.10187667560321716,0.10730976155873571,false,3
3013,0.24368585219943625,0.09139226873655851,0.0974264705882353,0.09139226873655851,false,5
3014,0.29483009568888774,0.10903661354275425,0.1111111111111111,0.10903661354275425,false,4
3015,0.34530679076185505,0.13558586249963323,0.12310606060606061,0.13558586249963323,false,1
3016,0.24197837426258187,0.09073679515358192,0.0945945945945946,0.09073679515358192,false,5
3017,0.25860896401477984,0.09356626993302389,0.08676789587852494,0.09356626993302389,false,3
3018,0.47963990189666894,0.23075779032771068,0.2408026755852843,0.23075779032771068,false,3
3019,0.23567032866118176,0.08403824184251209,0.07564422277639235,0.08403824184251209,false,1
3020,0.6737627975608785,0.4336194735071697,0.4747191011235955,0.4336194735071697,false,3
3021,0.5751553953811867,0.3187685821337053,0.2698412698412698,0.3187685821337053,false,5
3022,0.30699552633153787,0.11534101513043173,0.10569105691056911,0.11534101513043173,false,3
3023,0.19371088926057511,0.07388213582310114,0.08004509582863585,0.07388213582310114,false,5
3024,0.2667477422025659,0.09695145042626757,0.08676789587852494,0.09695145042626757,false,3
3025,0.5089217044823083,0.25880847983032396,0.24489795918367344,0.25880847983032396,false,1
3026,0.45849089115125735,0.21407875574834162,0.21678321678321674,0.21407875574834162,false,5
3027,0.5009586501356057,0.24891113448410557,0.2612612612612612,0.24891113448410557,false,2
3028,0.4800540983166725,0.23294811978502353,0.23670212765957446,0.23294811978502353,false,4
3030,0.40436816273120707,0.17401301673370306,0.16071428571428573,0.17401301673370306,false,2
3031,0.5016114743265764,0.24948399569592591,0.2612612612612612,0.24948399569592591,false,2
3032,0.6297332936872266,0.3760587233741006,0.3416666666666667,0.3760587233741006,false,5
3033,0.4445741227945909,0.203293375738368,0.1884469696969697,0.203293375738368,false,4
3034,0.3902284472739148,0.16348725545111187,0.1884469696969697,0.16348725545111187,false,4
3035,0.7855423825734111,0.5573227419044393,0.532258064516129,0.5573227419044393,false,2
3036,0.2018197403079009,0.07649699680660299,0.08004509582863585,0.07649699680660299,false,5
3037,0.25418033866541156,0.09111591711926452,0.07591240875912408,0.09111591711926452,false,4
3038,0.48751284497801367,0.2395516511015624,0.23670212765957446,0.2395516511015624,false,4
3039,0.38708868294786647,0.16139117037253617,0.1884469696969697,0.16139117037253617,false,4
3040,0.27830146159182034,0.1056269390279005,0.10112359550561797,0.1056269390279005,false,5
3041,0.29116792477412273,0.1073030952655133,0.1111111111111111,0.1073030952655133,false,4
3043,0.2106493793827584,0.0756952820418796,0.07043343653250773,0.0756952820418796,false,3
3044,0.6732424559922662,0.42643862816336503,0.4340659340659341,0.42643862816336503,false,2
3045,0.7105851234076626,0.4672146391593233,0.49159663865546216,0.4672146391593233,false,5
3046,0.2719439959637158,0.09874208158970116,0.09781477627471384,0.09874208158970116,false,1
3047,0.8977067883772303,0.702170107918563,0.7,0.702170107918563,false,4
3048,0.20401205949010234,0.07267833197319865,0.07317073170731705,0.07267833197319865,false,4
3049,0.4817657703206582,0.2328002277437962,0.2572178477690289,0.2328002277437962,false,5
3050,0.30458139706646803,0.11377272015064177,0.1111111111111111,0.11377272015064177,false,4
3051,0.4101603083051744,0.178775739637976,0.19455252918287938,0.178775739637976,false,5
3052,0.21747496929294324,0.08178666839142311,0.08004509582863585,0.08178666839142311,false,5
3053,0.5982878738587678,0.3509055026659819,0.31493506493506496,0.3509055026659819,false,1
3054,0.33847885542939765,0.1339498198987578,0.13073170731707318,0.1339498198987578,false,2
3055,0.3115756869523313,0.1199760840265695,0.13073170731707318,0.1199760840265695,false,2
3056,0.24002080614246263,0.08880956427247708,0.08464419475655428,0.08880956427247708,false,2
3057,0.24302368144031775,0.08995588250578826,0.08464419475655428,0.08995588250578826,false,2
3058,0.48797869587202536,0.2399683132018013,0.23670212765957446,0.2399683132018013,false,4
3059,0.21090167967383397,0.07836082079731536,0.08464419475655428,0.07836082079731536,false,2
3060,0.5254566506417896,0.271005021397663,0.2683397683397683,0.271005021397663,false,2
3061,0.22278906123901657,0.07989801403878796,0.07043343653250773,0.07989801403878796,false,3
3062,0.2856434702600837,0.10523498536060864,0.09375,0.10523498536060864,false,3
3063,0.6059735239368728,0.35565222874625546,0.3425925925925926,0.35565222874625546,false,3
3064,0.6158237413493511,0.37156080639501005,0.3566666666666667,0.37156080639501005,false,4
3065,0.5603900606389898,0.31055287060783227,0.28969957081545067,0.31055287060783227,false,4
3066,0.36204320152518327,0.14832168666845447,0.14814814814814814,0.14832168666845447,false,5
3067,0.5226213834410403,0.2683859165705116,0.2683397683397683,0.2683859165705116,false,2
3068,0.6901429297197094,0.4586500858078774,0.5,0.4586500858078774,false,1
3069,0.3304073445666162,0.12726912407225244,0.12310606060606061,0.12726912407225244,false,1
3070,0.58412912064666,0.33529894543302846,0.31493506493506496,0.33529894543302846,false,1
3071,0.30767546049508626,0.11531253297400697,0.1111111111111111,0.11531253297400697,false,4
3072,0.3400132469011398,0.1326247029693323,0.14937759336099585,0.1326247029693323,false,3
3073,0.47594741371750615,0.22909027186500078,0.22487223168654175,0.22909027186500078,false,1
3074,0.44956415154371093,0.20719551599896877,0.21678321678321674,0.20719551599896877,false,5
3076,0.5546469093284104,0.29888276473079034,0.2683397683397683,0.29888276473079034,false,2
3077,0.367177874148871,0.1484464980810515,0.17279411764705882,0.1484464980810515,false,3
3078,0.39906656852606287,0.17046801039455967,0.16071428571428573,0.17046801039455967,false,2
3080,0.18260878261963107,0.07043537677649987,0.08004509582863585,0.07043537677649987,false,5
3081,0.3827464538393404,0.15851468412563627,0.19471153846153846,0.15851468412563627,false,1
3082,0.5285465264057769,0.27764338290403245,0.24489795918367344,0.27764338290403245,false,1
3083,0.2321696474909096,0.08329036386152656,0.07043343653250773,0.08329036386152656,false,3
3084,0.3577339432960963,0.1447768364402937,0.13073170731707318,0.1447768364402937,false,2
3085,0.23209968672255063,0.0832645855587866,0.07043343653250773,0.0832645855587866,false,3
3086,0.3167206310156829,0.12021764755405152,0.11428571428571428,0.12021764755405152,false,3
3087,0.7655905573436635,0.5506389090085333,0.5255813953488372,0.5506389090085333,false,1
3088,0.372525033678378,0.15173860046896173,0.17279411764705882,0.15173860046896173,false,3
3089,0.4225018691749176,0.18733425862397302,0.19696969696969696,0.18733425862397302,false,5
3090,0.3660643762373692,0.14968188901747154,0.14182692307692307,0.14968188901747154,false,2
3091,0.4911361745536227,0.24065209862175665,0.2572178477690289,0.24065209862175665,false,5
3092,0.42568092893872567,0.1886901290646136,0.1884469696969697,0.1886901290646136,false,4
3093,0.33475794352395616,0.13303675233597242,0.12717770034843207,0.13303675233597242,false,5
3094,0.19907093998138747,0.07444607831276118,0.08464419475655428,0.07444607831276118,false,2
3095,0.24944974481456036,0.08921174482350762,0.07591240875912408,0.08921174482350762,false,4
3096,0.248431571502047,0.09323649083663657,0.0974264705882353,0.09323649083663657,false,5
3097,0.27983668003552004,0.10630147085389025,0.10112359550561797,0.10630147085389025,false,5
3098,0.23154658946802442,0.08682340822099545,0.08004509582863585,0.08682340822099545,false,5
3099,0.34013775167011523,0.1325844707415925,0.13059033989266547,0.1325844707415925,false,4
3100,0.43509243617765664,0.19570646111664625,0.19701986754966888,0.19570646111664625,false,2
3101,0.27127128106397697,0.09844964885173005,0.09781477627471384,0.09844964885173005,false,1
3102,0.31823989411056486,0.12331553565990486,0.13073170731707318,0.12331553565990486,false,2
3103,0.22804343475842134,0.08103722698332405,0.07591240875912408,0.08103722698332405,false,4
3104,0.5195663762783389,0.26558182892929516,0.2683397683397683,0.26558182892929516,false,2
3105,0.19103484323525258,0.07303739699621761,0.08004509582863585,0.07303739699621761,false,5
3106,0.27804522297965106,0.10183147895012007,0.08676789587852494,0.10183147895012007,false,3
3108,0.3578429041805663,0.14289868368258832,0.13894736842105262,0.14289868368258832,false,4
3109,0.3199268649731147,0.12158863003762288,0.13059033989266547,0.12158863003762288,false,4
3110,0.3484357376835148,0.13946043680326808,0.13073170731707318,0.13946043680326808,false,2
3111,0.2333515122403073,0.0874894046021581,0.08004509582863585,0.0874894046021581,false,5
3112,0.25458003086087955,0.09567544076873452,0.0974264705882353,0.09567544076873452,false,5
3113,0.32546066999368023,0.12451873486272108,0.13059033989266547,0.12451873486272108,false,4
3114,0.3094530459130545,0.11620535218267512,0.1111111111111111,0.11620535218267512,false,4
3116,0.23913517570921472,0.08965472352527434,0.0945945945945946,0.08965472352527434,false,5
3117,0.4043780520304762,0.1740196834332926,0.16071428571428573,0.1740196834332926,false,2
3118,0.5597941171488509,0.3063644740308761,0.2638297872340426,0.3063644740308761,false,3
3120,0.25218169555544945,0.09046734278538439,0.07564422277639235,0.09046734278538439,false,1
3121,0.25218169555544945,0.09046734278538439,0.07564422277639235,0.09046734278538439,false,1
3122,0.2215706992959471,0.07946678323283049,0.07043343653250773,0.07946678323283049,false,3
3123,0.5195663762783389,0.26558182892929516,0.2683397683397683,0.26558182892929516,false,2
3124,0.5004375091629527,0.24845445861902837,0.2612612612612612,0.24845445861902837,false,2
3125,0.30075786107432884,0.11189465857973153,0.1111111111111111,0.11189465857973153,false,4
3127,0.4702761572982378,0.22422813319522608,0.22487223168654175,0.22422813319522608,false,1
3133,0.33404411326861694,0.12934545033614914,0.14814814814814814,0.12934545033614914,false,3
3135,0.19695691664996243,0.07491886213407288,0.08004509582863585,0.07491886213407288,false,5
3136,0.22138525631522257,0.0788138016048585,0.07564422277639235,0.0788138016048585,false,1
3137,0.28881596511100327,0.10668552289788694,0.10187667560321716,0.10668552289788694,false,3
3138,0.3818648851850169,0.1603138372648028,0.14814814814814814,0.1603138372648028,false,5
3139,0.277469581241877,0.10526301316556269,0.10112359550561797,0.10526301316556269,false,5
3140,0.26147337027595147,0.09729550266723799,0.08464419475655428,0.09729550266723799,false,2
3141,0.18004573317556843,0.06966104010772323,0.08004509582863585,0.06966104010772323,false,5
3142,0.47501231981681313,0.22681697456791375,0.22486288848263253,0.22681697456791375,false,3
3143,0.20136291738077655,0.07199050874112752,0.07564422277639235,0.07199050874112752,false,1
3144,0.26348887764858336,0.09812891473336319,0.08464419475655428,0.09812891473336319,false,2
3146,0.4243616906165487,0.18790559934259635,0.19701986754966888,0.18790559934259635,false,2
3147,0.40524532751067943,0.17381604032717562,0.1884469696969697,0.17381604032717562,false,4
3148,0.15120022010750447,0.05790738584452787,0.06818181818181818,0.05790738584452787,false,3
3149,0.25643781995121256,0.09268129981379498,0.08676789587852494,0.09268129981379498,false,3
3150,0.4548133227776667,0.21134675011624954,0.22487223168654175,0.21134675011624954,false,1
3151,0.4298047608538894,0.190839015918594,0.19718309859154928,0.190839015918594,false,3
3154,0.2990520999654301,0.1110655894514496,0.1111111111111111,0.1110655894514496,false,4
3155,0.23396197874665312,0.08339727034548848,0.07564422277639235,0.08339727034548848,false,1
3156,0.2910229652434062,0.10736333702118685,0.09781477627471384,0.10736333702118685,false,1
3157,0.46404928160679304,0.2184480356449239,0.21678321678321674,0.2184480356449239,false,5
3158,0.2283365235526902,0.08565025764024103,0.08004509582863585,0.08565025764024103,false,5
3159,0.3606917577326999,0.14453257459067007,0.14937759336099585,0.14453257459067007,false,3
3161,0.3405921039509367,0.1329464264862634,0.14937759336099585,0.1329464264862634,false,3
3162,0.23727357846491387,0.08519067482742698,0.07043343653250773,0.08519067482742698,false,3
3164,0.38358257591940614,0.1604429795055435,0.16071428571428573,0.1604429795055435,false,2
3165,0.2520571482397451,0.09348507562297459,0.08464419475655428,0.09348507562297459,false,2
3167,0.32480473754938716,0.12780214891656402,0.12717770034843207,0.12780214891656402,false,5
3168,0.31702708041514804,0.12017552075862079,0.102803738317757,0.12017552075862079,false,1
3169,0.25064281876313793,0.09292444014197455,0.08464419475655428,0.09292444014197455,false,2
3170,0.15001487659251717,0.05672100349344055,0.07317073170731705,0.05672100349344055,false,4
3171,0.3104571985255414,0.11671235237938053,0.1111111111111111,0.11671235237938053,false,4
3173,0.40077868324782423,0.17063667032777916,0.19471153846153846,0.17063667032777916,false,1
3174,0.40077868324782423,0.17063667032777916,0.19471153846153846,0.17063667032777916,false,1
3175,0.40077868324782423,0.17063667032777916,0.19471153846153846,0.17063667032777916,false,1
3176,0.20642083360140265,0.07685644411061775,0.08464419475655428,0.07685644411061775,false,2
3178,0.18876200068464108,0.07232693295931233,0.08004509582863585,0.07232693295931233,false,5
3179,0.2990520999654301,0.1110655894514496,0.1111111111111111,0.1110655894514496,false,4
3180,0.20942300278674636,0.07528218555417114,0.07043343653250773,0.07528218555417114,false,3
3183,0.19224971367394217,0.0690687955589761,0.07564422277639235,0.0690687955589761,false,1
3184,0.22627391419325893,0.0811432739817715,0.07043343653250773,0.0811432739817715,false,3
3187,0.4242627308000262,0.18751232225267414,0.19471153846153846,0.18751232225267414,false,1
3188,0.3310380240226178,0.12995281930229866,0.13073170731707318,0.12995281930229866,false,2
3189,0.39673864406903064,0.16981878315205023,0.18571428571428572,0.16981878315205023,false,5
3190,0.3911430085769356,0.16527708597481788,0.16071428571428573,0.16527708597481788,false,2
3191,0.43179510295862206,0.19332594190083008,0.1884469696969697,0.19332594190083008,false,4
3192,0.2366122800839779,0.08494225891029597,0.07043343653250773,0.08494225891029597,false,3
3193,0.8241058748028022,0.5975256205418691,0.6551724137931034,0.5975256205418691,false,5
3194,0.3092183977253441,0.11881367063590555,0.13073170731707318,0.11881367063590555,false,2
3195,0.3369238072433175,0.13310599356455238,0.13073170731707318,0.13310599356455238,false,2
3196,0.6875529808904892,0.44293018312888094,0.4340659340659341,0.44293018312888094,false,2
3197,0.45302006033028486,0.20988846798729785,0.19471153846153846,0.20988846798729785,false,1
3198,0.7366191965643197,0.5090687555860622,0.4747191011235955,0.5090687555860622,false,3
3199,0.6274181906146055,0.38400609857168494,0.38095238095238093,0.38400609857168494,false,1
3200,0.41181711956392675,0.17990666524821278,0.19455252918287938,0.17990666524821278,false,5
3201,0.6617192637830452,0.4132753320275982,0.4340659340659341,0.4132753320275982,false,2
3202,0.30617349741403965,0.11732661915362494,0.10574712643678161,0.11732661915362494,false,2
3203,0.272371577917042,0.09878287560017955,0.07591240875912408,0.09878287560017955,false,4
3204,0.22738667270305946,0.08154461410972172,0.07043343653250773,0.08154461410972172,false,3
3205,0.4137911512965817,0.18126140447134376,0.19455252918287938,0.18126140447134376,false,5
3206,0.21407881086043,0.08061157282043344,0.08004509582863585,0.08061157282043344,false,5
3207,0.23120985379723344,0.08220185740775024,0.07591240875912408,0.08220185740775024,false,4
3208,0.24316201258838696,0.08743185911020801,0.07043343653250773,0.08743185911020801,false,3
3210,0.1933149402409599,0.07004547463278316,0.07043343653250773,0.07004547463278316,false,3
3212,0.21009231138904333,0.07550738019186114,0.07043343653250773,0.07550738019186114,false,3
3214,0.3125923324072862,0.11812613460279842,0.10569105691056911,0.11812613460279842,false,3
3219,0.315334578741508,0.11930296689636194,0.102803738317757,0.11930296689636194,false,1
3220,0.6854281488328793,0.4383146214406327,0.45180722891566266,0.4383146214406327,false,5
3221,0.617475350792663,0.37256905311520827,0.38095238095238093,0.37256905311520827,false,1
3222,0.6476683050269776,0.4076881047373527,0.391304347826087,0.4076881047373527,false,1
3223,0.8232774344630428,0.6206795788691816,0.6956521739130435,0.6206795788691816,false,4
3224,0.3110173305708463,0.11969986584434093,0.13073170731707318,0.11969986584434093,false,2
3225,0.41288026872013023,0.17982609979302352,0.19701986754966888,0.17982609979302352,false,2
3226,0.43937875970137624,0.19807671440277286,0.22486288848263253,0.19807671440277286,false,3
3227,0.336349794279294,0.13279565185433193,0.13073170731707318,0.13279565185433193,false,2
3228,0.2208267701966784,0.08296169493465516,0.08004509582863585,0.08296169493465516,false,5
3229,0.3358634892381766,0.13033757635810503,0.14814814814814814,0.13033757635810503,false,3
3230,0.38149079876284653,0.16008042511581014,0.14814814814814814,0.16008042511581014,false,5
3231,0.5497016011046828,0.2936985318650027,0.2572178477690289,0.2936985318650027,false,5
3232,0.3517601204478032,0.13928372878254705,0.14937759336099585,0.13928372878254705,false,3
3233,0.5427336213848685,0.28730719995155035,0.2683397683397683,0.28730719995155035,false,2
3234,0.3815536473846912,0.1577380126013053,0.19471153846153846,0.1577380126013053,false,1
3235,0.39353234675635995,0.16567911859556814,0.19471153846153846,0.16567911859556814,false,1
3236,0.34899490534629135,0.1408386482432619,0.14814814814814814,0.1408386482432619,false,5
3237,0.39730112899649617,0.16777945100610692,0.1753846153846154,0.16777945100610692,false,3
3238,0.39460600089758185,0.16753001890562735,0.16071428571428573,0.16753001890562735,false,2
3239,0.1670063866048142,0.06472434606342656,0.06451612903225806,0.06472434606342656,false,2
3240,0.48231738711579863,0.23305970127016334,0.2408026755852843,0.23305970127016334,false,3
3241,0.5937035787446644,0.34581547612621966,0.31493506493506496,0.34581547612621966,false,1
3242,0.5670061441394614,0.3138110118382213,0.3425925925925926,0.3138110118382213,false,3
3243,0.19418503368907025,0.0694946713695112,0.07317073170731705,0.0694946713695112,false,4
3244,0.14304917608352802,0.05932910290068246,0.018867924528301886,0.05932910290068246,false,5
3245,0.19055126657969956,0.06918155601780072,0.07043343653250773,0.06918155601780072,false,3
3246,0.5927811089700105,0.33765323987619394,0.34049079754601225,0.33765323987619394,false,2
3247,0.19550176170135394,0.07330082183135747,0.08464419475655428,0.07330082183135747,false,2
3248,0.5312024686329944,0.28025629486822745,0.24489795918367344,0.28025629486822745,false,1
3249,0.15318690187632605,0.06200812699797439,0.02857142857142857,0.06200812699797439,false,5
3250,0.3288128117433288,0.12652854198187258,0.12396694214876033,0.12652854198187258,false,3
3251,0.5697671131556435,0.31982794849625484,0.31493506493506496,0.31982794849625484,false,1
3252,0.4919873213858274,0.24137420089327608,0.2572178477690289,0.24137420089327608,false,5
3253,0.3826651599319196,0.15846165285281122,0.19471153846153846,0.15846165285281122,false,1
3254,0.25327246396432446,0.09515202921482462,0.0974264705882353,0.09515202921482462,false,5
3255,0.2205350638662966,0.08285882572465547,0.08004509582863585,0.08285882572465547,false,5
3256,0.42612786143683146,0.18917291420187535,0.19701986754966888,0.18917291420187535,false,2
3257,0.498046370652646,0.24690308669522398,0.2408026755852843,0.24690308669522398,false,3
3258,0.4820087003526974,0.2330015182441723,0.2572178477690289,0.2330015182441723,false,5
3259,0.7602010666824128,0.544107873982896,0.5255813953488372,0.544107873982896,false,1
3260,0.24962272862322404,0.08944271605168157,0.07564422277639235,0.08944271605168157,false,1
3264,0.3307411779058354,0.12737099044058225,0.13059033989266547,0.12737099044058225,false,4
3265,0.6161614952293754,0.37106805439475093,0.38095238095238093,0.37106805439475093,false,1
3266,0.25057600601675206,0.09408073709929878,0.0974264705882353,0.09408073709929878,false,5
3267,0.49106508260175774,0.24241008928792626,0.22487223168654175,0.24241008928792626,false,1
3268,0.36592110417839213,0.14768134992882717,0.14937759336099585,0.14768134992882717,false,3
3270,0.2686197918380139,0.09715601374632314,0.07591240875912408,0.09715601374632314,false,4
3271,0.5973049655526642,0.3424146021016485,0.34049079754601225,0.3424146021016485,false,2
3272,0.47876842042173867,0.23153624012388552,0.22487223168654175,0.23153624012388552,false,1
3273,0.7084517512496411,0.4751026590550789,0.4747191011235955,0.4751026590550789,false,3
3274,0.6744738566199661,0.4258485138959589,0.45180722891566266,0.4258485138959589,false,5
3275,0.4705272210153341,0.22362075261678876,0.21678321678321674,0.22362075261678876,false,5
3276,0.49097844194941587,0.24266318071663873,0.23670212765957446,0.24266318071663873,false,4
3277,0.3534615070651701,0.1403289656731445,0.12310606060606061,0.1403289656731445,false,1
3278,0.6597057427349345,0.41703779890319687,0.449438202247191,0.41703779890319687,false,3
3279,0.8160170025127216,0.6106152666194645,0.5373134328358209,0.6106152666194645,false,1
3281,0.31680391984570666,0.12258927987495753,0.13073170731707318,0.12258927987495753,false,2
3283,0.475311451155054,0.22854137274938355,0.22487223168654175,0.22854137274938355,false,1
3284,0.5627879582378895,0.30644433822195394,0.2698412698412698,0.30644433822195394,false,5
3285,0.7371681664628207,0.5174683047011727,0.5164835164835165,0.5174683047011727,false,4
3286,0.7073370999134372,0.4808900028200833,0.5,0.4808900028200833,false,4
3287,0.506941526047477,0.25430081510524816,0.2572178477690289,0.25430081510524816,false,5
3288,0.43425113592490483,0.1941749446232276,0.22486288848263253,0.1941749446232276,false,3
3289,0.48207173440852247,0.23442351162484468,0.22487223168654175,0.23442351162484468,false,1
3290,0.44799832792943406,0.206005139403225,0.21678321678321674,0.206005139403225,false,5
3291,0.5287196286938187,0.2754483601001806,0.25,0.2754483601001806,false,3
3292,0.4999117113817927,0.24799427074964056,0.2612612612612612,0.24799427074964056,false,2
3293,0.5623205164521164,0.31195709886657774,0.31493506493506496,0.31195709886657774,false,1
3294,0.2512204004002711,0.09433576535277981,0.0974264705882353,0.09433576535277981,false,5
3295,0.30675126821707516,0.11485070448082084,0.1111111111111111,0.11485070448082084,false,4
3296,0.6681713993296786,0.4187176871871914,0.45180722891566266,0.4187176871871914,false,5
3297,0.3924650100473957,0.16495873967033708,0.19471153846153846,0.16495873967033708,false,1
3299,0.4947528521776868,0.24395921486352193,0.2408026755852843,0.24395921486352193,false,3
3301,0.5028841985716314,0.2531841623028411,0.22487223168654175,0.2531841623028411,false,1
3302,0.5277739959398927,0.27315757733401097,0.2683397683397683,0.27315757733401097,false,2
3303,0.5096005464350575,0.25664647462018647,0.2572178477690289,0.25664647462018647,false,5
3304,0.6578692675680147,0.40890387063749734,0.41509433962264153,0.40890387063749734,false,2
3305,0.5740876568367739,0.31769418680233885,0.2698412698412698,0.31769418680233885,false,5
3306,0.2749207318970053,0.10415483910611952,0.10112359550561797,0.10415483910611952,false,5
3307,0.2749207318970053,0.10415483910611952,0.10112359550561797,0.10415483910611952,false,5
3308,0.32247844341274395,0.12293221886372596,0.13059033989266547,0.12293221886372596,false,4
3311,0.23345441668666278,0.08376505185684069,0.07043343653250773,0.08376505185684069,false,3
3313,0.5277739959398927,0.27315757733401097,0.2683397683397683,0.27315757733401097,false,2
3314,0.24942786820272528,0.09244524933362039,0.08464419475655428,0.09244524933362039,false,2
3315,0.7035083572014813,0.4749197992173013,0.5,0.4749197992173013,false,1
3316,0.6576811104357383,0.41956579358643525,0.391304347826087,0.41956579358643525,false,1
3317,0.5067760686364087,0.25482084358612306,0.25,0.25482084358612306,false,3
3318,0.45013506932135733,0.20705052304143579,0.2349570200573066,0.20705052304143579,false,2
3319,0.3430568845168633,0.1343237328576436,0.14937759336099585,0.1343237328576436,false,3
3320,0.3900451430986373,0.1629461891926681,0.1753846153846154,0.1629461891926681,false,3
3321,0.40429744110041077,0.1730861940998982,0.19471153846153846,0.1730861940998982,false,1
3322,0.22507107966026332,0.08447162704937453,0.08004509582863585,0.08447162704937453,false,5
3323,0.6031963480073181,0.3486630612579365,0.34049079754601225,0.3486630612579365,false,2
3324,0.3419317345716389,0.1336626837328302,0.12310606060606061,0.1336626837328302,false,1
3325,0.3432039895234119,0.13440631435875292,0.14937759336099585,0.13440631435875292,false,3
3327,0.3432039895234119,0.13440631435875292,0.14937759336099585,0.13440631435875292,false,3
3329,0.3616379444621603,0.1451946819174533,0.13894736842105262,0.1451946819174533,false,4
3330,0.32094235733017606,0.1258186580982479,0.12717770034843207,0.1258186580982479,false,5
3331,0.21393617718946975,0.07620880048253513,0.07564422277639235,0.07620880048253513,false,1
3332,0.2511700921180494,0.09313309586529712,0.08464419475655428,0.09313309586529712,false,2
3335,0.47214630980828515,0.2245123508812915,0.2349570200573066,0.2245123508812915,false,2
3336,0.5614908015371795,0.3117105142990266,0.28969957081545067,0.3117105142990266,false,4
3337,0.30896054004732754,0.11631229315535452,0.10569105691056911,0.11631229315535452,false,3
3338,0.5496711121731758,0.29366919991690027,0.2572178477690289,0.29366919991690027,false,5
3340,0.36384619584171385,0.14656922310508905,0.15702479338842976,0.14656922310508905,false,1
3341,0.18909238377586846,0.07242980963097355,0.08004509582863585,0.07242980963097355,false,5
3343,0.24001930927775095,0.08569021157134682,0.07564422277639235,0.08569021157134682,false,1
3344,0.33432238229664696,0.12941129377169383,0.12310606060606061,0.12941129377169383,false,1
3345,0.29133662680193356,0.11030982747887444,0.10574712643678161,0.11030982747887444,false,2
3346,0.2283780875838442,0.08190371189901113,0.07043343653250773,0.08190371189901113,false,3
3347,0.2741508283125642,0.10382213791744017,0.10112359550561797,0.10382213791744017,false,5
3348,0.5023511921373978,0.25078674461495143,0.25,0.25078674461495143,false,3
3349,0.7521152816097044,0.5342816233626553,0.5255813953488372,0.5342816233626553,false,1
3350,0.2061085096626735,0.07675257905044773,0.08464419475655428,0.07675257905044773,false,2
3351,0.5038549584603801,0.2540830124732925,0.22487223168654175,0.2540830124732925,false,1
3352,0.42286331103085767,0.1868355626242773,0.19701986754966888,0.1868355626242773,false,2
3353,0.4178544283061332,0.1828811594317127,0.1884469696969697,0.1828811594317127,false,4
3354,0.2895171248844152,0.10652963362829554,0.1111111111111111,0.10652963362829554,false,4
3355,0.21661733135385305,0.08031885359902588,0.08464419475655428,0.08031885359902588,false,2
3356,0.2722893360740841,0.10184283106267393,0.08464419475655428,0.10184283106267393,false,2
3357,0.3135267033742283,0.11837698845404021,0.102803738317757,0.11837698845404021,false,1
3358,0.2912641792789759,0.10781691098894099,0.10187667560321716,0.10781691098894099,false,3
3359,0.37773518256647665,0.15500378175379168,0.17279411764705882,0.15500378175379168,false,3
3360,0.23197375305994872,0.08248509753729501,0.07591240875912408,0.08248509753729501,false,4
3361,0.3767702965203605,0.15618577607766032,0.14182692307692307,0.15618577607766032,false,2
3362,0.3416615489823443,0.133446753099636,0.13059033989266547,0.133446753099636,false,4
3363,0.5871852249872527,0.3393810015389673,0.30769230769230776,0.3393810015389673,false,4
3364,0.42813387782525575,0.19062026644536909,0.19701986754966888,0.19062026644536909,false,2
3365,0.33061193144487916,0.1273005169271765,0.13059033989266547,0.1273005169271765,false,4
3367,0.349740185598969,0.1381475020985992,0.12310606060606061,0.1381475020985992,false,1
3368,0.3344562580062094,0.1295696326148405,0.14814814814814814,0.1295696326148405,false,3
3370,0.2053255812203382,0.07765360339126363,0.08004509582863585,0.07765360339126363,false,5
3371,0.4284707171155789,0.19066823312495518,0.19471153846153846,0.19066823312495518,false,1
3372,0.21063558906214588,0.07508000119761489,0.07564422277639235,0.07508000119761489,false,1
3373,0.44958604817674563,0.207116587432606,0.19471153846153846,0.207116587432606,false,1
3374,0.42383276649854523,0.1864276505508187,0.1753846153846154,0.1864276505508187,false,3
3375,0.4277253067448445,0.1903247951106929,0.19701986754966888,0.1903247951106929,false,2
3376,0.15503745822085713,0.06250920168243433,0.02857142857142857,0.06250920168243433,false,5
3377,0.2006369401355766,0.07175364005781378,0.07564422277639235,0.07175364005781378,false,1
3378,0.4978131753500991,0.246163290214969,0.2612612612612612,0.246163290214969,false,2
3379,0.3542326582169219,0.14275542756474507,0.13073170731707318,0.14275542756474507,false,2
3380,0.2956271955535643,0.10941716969086523,0.1111111111111111,0.10941716969086523,false,4
3381,0.22170756917462192,0.07951512114999783,0.07043343653250773,0.07951512114999783,false,3
3382,0.25438611877027784,0.09559765659319187,0.0974264705882353,0.09559765659319187,false,5
3383,0.39767451264763004,0.1685456999780603,0.1884469696969697,0.1685456999780603,false,4
3384,0.6531360651447341,0.4018478293159211,0.40625,0.4018478293159211,false,5
3385,0.5973750677384831,0.34988924481982164,0.31493506493506496,0.34988924481982164,false,1
3386,0.32138734630883375,0.12262035886343205,0.12396694214876033,0.12262035886343205,false,3
3387,0.427658026358958,0.18924415830702068,0.19718309859154928,0.18924415830702068,false,3
3388,0.416880119463355,0.18216781085373998,0.1884469696969697,0.18216781085373998,false,4
3389,0.4067698573857685,0.17425789643885176,0.1753846153846154,0.17425789643885176,false,3
3390,0.2912641792789759,0.10781691098894099,0.10187667560321716,0.10781691098894099,false,3
3392,0.4550208663791636,0.2108379757438356,0.2349570200573066,0.2108379757438356,false,2
3393,0.3683985070019402,0.1520837810248755,0.14814814814814814,0.1520837810248755,false,5
3394,0.29202065074560046,0.11179044694931224,0.11331444759206799,0.11179044694931224,false,5
3395,0.3503692999128977,0.13848091683529132,0.14937759336099585,0.13848091683529132,false,3
3396,0.34273066032597177,0.13735971300167765,0.14814814814814814,0.13735971300167765,false,5
3397,0.37634880336280285,0.15689988907671476,0.14814814814814814,0.15689988907671476,false,5
3398,0.39023559041554295,0.1656090033861474,0.1651376146788991,0.1656090033861474,false,5
3399,0.42039770909283475,0.18585310242066688,0.19455252918287938,0.18585310242066688,false,5
3400,0.3783393023444523,0.15715806415404862,0.14182692307692307,0.15715806415404862,false,2
3401,0.6068438045961072,0.3604959048357979,0.31493506493506496,0.3604959048357979,false,1
3402,0.43799515861374444,0.19701810663899602,0.22486288848263253,0.19701810663899602,false,3
3403,0.729876774359844,0.5009341366380788,0.4747191011235955,0.5009341366380788,false,3
3404,0.3725698364800185,0.15176643590054098,0.17279411764705882,0.15176643590054098,false,3
3405,0.25052774119623605,0.08964247984808792,0.07591240875912408,0.08964247984808792,false,4
3406,0.2916067422746433,0.10763729350622189,0.09781477627471384,0.10763729350622189,false,1
3407,0.14270262812683526,0.05483150863801843,0.07317073170731705,0.05483150863801843,false,4
3408,0.14270262812683526,0.05483150863801843,0.07317073170731705,0.05483150863801843,false,4
3409,0.35698071362653183,0.14238129479358097,0.13894736842105262,0.14238129479358097,false,4
3410,0.28108683665270956,0.1026558989640406,0.10101010101010101,0.1026558989640406,false,4
3411,0.3350463972461833,0.12981079636213946,0.12310606060606061,0.12981079636213946,false,1
3416,0.5394146596145503,0.28842965661548375,0.3,0.28842965661548375,false,1
3417,0.3504884116134501,0.13853538164158966,0.13894736842105262,0.13853538164158966,false,4
3418,0.5060595388971347,0.25352589612959026,0.2572178477690289,0.25352589612959026,false,5
3419,0.2186713333592866,0.07844911291817723,0.07043343653250773,0.07844911291817723,false,3
3420,0.6504662924601513,0.4005390906944399,0.41509433962264153,0.4005390906944399,false,2
3421,0.34564613129077637,0.135780511262246,0.12310606060606061,0.135780511262246,false,1
3422,0.4028013346078012,0.1738197548522077,0.19455252918287938,0.1738197548522077,false,5
3423,0.2303256835615149,0.08204771213705105,0.07564422277639235,0.08204771213705105,false,1
3424,0.3850839132672159,0.15970645361986371,0.1753846153846154,0.15970645361986371,false,3
3425,0.2532730029763864,0.09140476472246752,0.08676789587852494,0.09140476472246752,false,3
3426,0.8021047404059892,0.5727615269311985,0.575,0.5727615269311985,false,5
3428,0.6276900439922894,0.38432068006907194,0.38095238095238093,0.38432068006907194,false,1
3429,0.5033061820654,0.2539524371982879,0.2692307692307692,0.2539524371982879,false,4
3430,0.2878500042954503,0.1087151479433404,0.10574712643678161,0.1087151479433404,false,2
3431,0.2382558043713165,0.08501682216166548,0.07564422277639235,0.08501682216166548,false,1
3432,0.3895413305362237,0.16299833007451628,0.19471153846153846,0.16299833007451628,false,1
3433,0.33730999200980594,0.13106659320426606,0.12310606060606061,0.13106659320426606,false,1
3434,0.6202521536293504,0.371597616238381,0.345679012345679,0.371597616238381,false,3
3435,0.4886819395542338,0.2385782299354494,0.2572178477690289,0.2385782299354494,false,5
3436,0.38773330175231197,0.1617954104941328,0.19471153846153846,0.1617954104941328,false,1
3437,0.35108951549562634,0.1388877690424299,0.13894736842105262,0.1388877690424299,false,4
3438,0.6435432532231349,0.3927686059740078,0.3842140485626897,0.3927686059740078,false,2
3439,0.333841697342446,0.1290716016425932,0.13059033989266547,0.1290716016425932,false,4
3440,0.1767872494972918,0.06436155682847759,0.07564422277639235,0.06436155682847759,false,1
3441,0.31256699621724154,0.11811339641067065,0.10569105691056911,0.11811339641067065,false,3
3442,0.29455706400687287,0.11296383714374675,0.11331444759206799,0.11296383714374675,false,5
3443,0.4231885049377419,0.1870673936634015,0.19701986754966888,0.1870673936634015,false,2
3444,0.3507428543812345,0.14182245274074537,0.14814814814814814,0.14182245274074537,false,5
3445,0.5201165538356072,0.26723907943145214,0.25,0.26723907943145214,false,3
3446,0.30589168728254035,0.11453477301472761,0.09781477627471384,0.11453477301472761,false,1
3447,0.6463806061417122,0.4071918440983499,0.44015444015444016,0.4071918440983499,false,4
3448,0.5875794951086719,0.33140989838071366,0.3174061433447099,0.33140989838071366,false,5
3449,0.35201424628409095,0.13943134503443277,0.13894736842105262,0.13943134503443277,false,4
3450,0.2846873274250663,0.104294836802887,0.1111111111111111,0.104294836802887,false,4
3451,0.6079649562948198,0.35785792318908033,0.345679012345679,0.35785792318908033,false,3
3452,0.4053655851694446,0.17468642731291215,0.16071428571428573,0.17468642731291215,false,2
3453,0.5715719361077278,0.32175137351980576,0.31493506493506496,0.32175137351980576,false,1
3454,0.5049379092755288,0.2524166266891136,0.2683397683397683,0.2524166266891136,false,2
3455,0.6517275391141468,0.40770704897122084,0.449438202247191,0.40770704897122084,false,3
3456,0.23884134993936207,0.08954356421643853,0.0945945945945946,0.08954356421643853,false,5
3457,0.3606694002337901,0.14463623072669654,0.15702479338842976,0.14463623072669654,false,1
3458,0.7238285053439496,0.49974629942243964,0.5255813953488372,0.49974629942243964,false,1
3459,0.3620490653545403,0.1453444563191209,0.14937759336099585,0.1453444563191209,false,3
3460,0.3387703845882297,0.13519779720270045,0.14814814814814814,0.13519779720270045,false,5
3461,0.2995983747304857,0.11417048669780222,0.10574712643678161,0.11417048669780222,false,2
3462,0.2995983747304857,0.11417048669780222,0.10574712643678161,0.11417048669780222,false,2
3463,0.6698685947726437,0.4290093169217734,0.4747191011235955,0.4290093169217734,false,3
3464,0.36039092758472874,0.14735627876846258,0.14814814814814814,0.14735627876846258,false,5
3465,0.7004219490243325,0.45550167820997756,0.49159663865546216,0.45550167820997756,false,5
3466,0.26966113328037067,0.10190065317573337,0.0974264705882353,0.10190065317573337,false,5
3467,0.4025398625053992,0.17133968078297038,0.1753846153846154,0.17133968078297038,false,3
3468,0.44460720145177157,0.20282623846306047,0.19701986754966888,0.20282623846306047,false,2
3469,0.6762676288054061,0.4418529316754558,0.4583333333333333,0.4418529316754558,false,1
3470,0.3836927895926861,0.15880745142227662,0.1753846153846154,0.15880745142227662,false,3
3472,0.611952016524642,0.3622920181718657,0.345679012345679,0.3622920181718657,false,3
3473,0.5157756285609616,0.2631563529090385,0.25,0.2631563529090385,false,3
3474,0.4066358029735844,0.17479802700598754,0.1884469696969697,0.17479802700598754,false,4
3475,0.663506669110617,0.4276244363775506,0.44015444015444016,0.4276244363775506,false,4
3476,0.37169285057071383,0.1530729431493982,0.14182692307692307,0.1530729431493982,false,2
3477,0.5201814185282508,0.2695125657021118,0.24489795918367344,0.2695125657021118,false,1
3478,0.4053695254999286,0.17328750840239587,0.1753846153846154,0.17328750840239587,false,3
3479,0.5477763727999426,0.2921742986329249,0.2683397683397683,0.2921742986329249,false,2
3480,0.35297555706227185,0.14203542107364253,0.13073170731707318,0.14203542107364253,false,2
3481,0.7094733457550548,0.4659313285630121,0.49159663865546216,0.4659313285630121,false,5
3482,0.41352502100145416,0.17972789674622347,0.1884469696969697,0.17972789674622347,false,4
3483,0.4188297707324201,0.18397843280934437,0.19701986754966888,0.18397843280934437,false,2
3484,0.6610476831340599,0.42467373666302805,0.44015444015444016,0.42467373666302805,false,4
3485,0.6164918298484308,0.36736949447294986,0.345679012345679,0.36736949447294986,false,3
3486,0.5659393784743727,0.316412970887701,0.28969957081545067,0.316412970887701,false,4
3487,0.6704937804445836,0.42974863576633066,0.4747191011235955,0.42974863576633066,false,3
3488,0.6171848383605176,0.3681472057447712,0.345679012345679,0.3681472057447712,false,3
3489,0.36953861753615996,0.1500863792884774,0.16346153846153846,0.1500863792884774,false,1
3490,0.600777926750435,0.35449116315620705,0.3566666666666667,0.35449116315620705,false,4
3491,0.39846938432414303,0.17007230929260853,0.16071428571428573,0.17007230929260853,false,2
3492,0.49497309008897006,0.2459377565919584,0.22487223168654175,0.2459377565919584,false,1
3493,0.488770572624516,0.2386731235978844,0.2408026755852843,0.2386731235978844,false,3
3494,0.3244807109130925,0.12399547796422306,0.13059033989266547,0.12399547796422306,false,4
3495,0.8348882915624395,0.6339980765110454,0.6956521739130435,0.6339980765110454,false,4
3496,0.6737610571877366,0.4399826473973129,0.44015444015444016,0.4399826473973129,false,4
3497,0.6053147785701313,0.3498812827161644,0.3174061433447099,0.3498812827161644,false,5
3498,0.5195144017344564,0.2688707376713044,0.24489795918367344,0.2688707376713044,false,1
3499,0.47035879936798003,0.2229022694370166,0.22486288848263253,0.2229022694370166,false,3
3500,0.3288283515913002,0.12633139120780343,0.13059033989266547,0.12633139120780343,false,4
3501,0.47838088607986246,0.22964435930588836,0.2612612612612612,0.22964435930588836,false,2
3502,0.5069426244363678,0.25419500059893707,0.2683397683397683,0.25419500059893707,false,2
3503,0.6354797820792292,0.3837863034413835,0.34049079754601225,0.3837863034413835,false,2
3505,0.2692966706686824,0.09759572697084423,0.09781477627471384,0.09759572697084423,false,1
3506,0.3314727659443607,0.12777052777287903,0.13059033989266547,0.12777052777287903,false,4
3507,0.42294702527201494,0.18689522142567974,0.19701986754966888,0.18689522142567974,false,2
3508,0.5447399922044664,0.29114486399907447,0.2638297872340426,0.29114486399907447,false,3
3509,0.23935073306271018,0.08973635164876535,0.0945945945945946,0.08973635164876535,false,5
3510,0.6554368074804462,0.4061493051705479,0.41509433962264153,0.4061493051705479,false,2
3511,0.5014733027122044,0.2522522388272377,0.2692307692307692,0.2522522388272377,false,4
3512,0.512523771289832,0.2626166949248211,0.2692307692307692,0.2626166949248211,false,4
3513,0.6674590481972035,0.4323778796446919,0.44015444015444016,0.4323778796446919,false,4
3514,0.3196453858724514,0.12171869554896193,0.12396694214876033,0.12171869554896193,false,3
3515,0.6122316006226088,0.35721287896807835,0.3174061433447099,0.35721287896807835,false,5
3516,0.7155260518378972,0.4909273358266755,0.5,0.4909273358266755,false,4
3517,0.5500117203806272,0.29918317899127383,0.3023255813953488,0.29918317899127383,false,1
3518,0.3347470704886384,0.1296455044382867,0.12310606060606061,0.1296455044382867,false,1
3519,0.6543418754819537,0.4049112962427777,0.41509433962264153,0.4049112962427777,false,2
3520,0.4318720270131399,0.1933848141177339,0.1884469696969697,0.1933848141177339,false,4
3522,0.3531494969978609,0.14010110551572214,0.13894736842105262,0.14010110551572214,false,4
3523,0.6071744649190777,0.3529120779118726,0.34049079754601225,0.3529120779118726,false,2
3524,0.4983288474448087,0.24715668379435674,0.2408026755852843,0.24715668379435674,false,3
3525,0.3574483093481629,0.1446110436908877,0.13073170731707318,0.1446110436908877,false,2
3526,0.4973616544239679,0.24846575779815566,0.2692307692307692,0.24846575779815566,false,4
3527,0.5247670876998457,0.27395114694394856,0.24489795918367344,0.27395114694394856,false,1
3528,0.5013260343770741,0.2492334104068283,0.2612612612612612,0.2492334104068283,false,2
3529,0.807643394056995,0.5790353618148402,0.575,0.5790353618148402,false,5
3531,0.6024582124884134,0.35177366218349915,0.3425925925925926,0.35177366218349915,false,3
3532,0.45981833280160417,0.21421441746682304,0.22486288848263253,0.21421441746682304,false,3
3533,0.4174487167926527,0.18300798214984249,0.19701986754966888,0.18300798214984249,false,2
3534,0.7869802842160561,0.5779408765656249,0.5979381443298969,0.5779408765656249,false,4
3535,0.5604130664469075,0.30995808347970555,0.31493506493506496,0.30995808347970555,false,1
3536,0.5243394210586859,0.27353527860415333,0.24489795918367344,0.27353527860415333,false,1
3537,0.4268057711215686,0.19039210371037915,0.20187793427230047,0.19039210371037915,false,5
3538,0.701327465070065,0.45892416914178463,0.4634146341463415,0.45892416914178463,false,2
3539,0.6642680474610058,0.4224008376751476,0.449438202247191,0.4224008376751476,false,3
3540,0.37723630786920004,0.15468867187830268,0.17279411764705882,0.15468867187830268,false,3
3541,0.43453174663603167,0.1954287606850964,0.1884469696969697,0.1954287606850964,false,4
3542,0.28870235011113227,0.10663327291318302,0.10187667560321716,0.10663327291318302,false,3
3543,0.20602970112070662,0.07353046056003743,0.07564422277639235,0.07353046056003743,false,1
3544,0.44262562698372426,0.20195923458886708,0.20187793427230047,0.20195923458886708,false,5
3545,0.6498749405718017,0.4102969888321684,0.391304347826087,0.4102969888321684,false,1
3546,0.6340982621496544,0.3808205783885248,0.3416666666666667,0.3808205783885248,false,5
3547,0.39244218527516445,0.16494336200322698,0.19471153846153846,0.16494336200322698,false,1
3548,0.4407432221242388,0.20010367514831612,0.19471153846153846,0.20010367514831612,false,1
3549,0.35074952030948015,0.13868836011845787,0.13894736842105262,0.13868836011845787,false,4
3551,0.4183198397247035,0.18439933756200172,0.19455252918287938,0.18439933756200172,false,5
3552,0.6183834236916882,0.37449835065089426,0.3566666666666667,0.37449835065089426,false,4
3553,0.4665508339151996,0.2197348973190604,0.22486288848263253,0.2197348973190604,false,3
3554,0.24233725574021597,0.08711476949889675,0.07043343653250773,0.08711476949889675,false,3
3555,0.297736531463528,0.11042984598620582,0.1111111111111111,0.11042984598620582,false,4
3556,0.2637326341348691,0.09941173526124958,0.0974264705882353,0.09941173526124958,false,5
3557,0.37822321715335055,0.15558977585938,0.16,0.15558977585938,false,4
3558,0.4557189051930426,0.21229451720297152,0.1884469696969697,0.21229451720297152,false,4
3559,0.3435206762336259,0.13456520655759513,0.12310606060606061,0.13456520655759513,false,1
3560,0.471297388288676,0.22535861378978964,0.23670212765957446,0.22535861378978964,false,4
3561,0.43405603759507144,0.19562932402169717,0.20187793427230047,0.19562932402169717,false,5
3562,0.49935457471489025,0.25029630566974925,0.2692307692307692,0.25029630566974925,false,4
3563,0.37723630786920004,0.15468867187830268,0.17279411764705882,0.15468867187830268,false,3
3564,0.5751845443885074,0.3187979399722314,0.2698412698412698,0.3187979399722314,false,5
3565,0.5452102656572122,0.2916135231825102,0.2638297872340426,0.2916135231825102,false,3
3566,0.4421058255588587,0.20017574708601812,0.22486288848263253,0.20017574708601812,false,3
3567,0.5005238626064891,0.25137449924074046,0.2692307692307692,0.25137449924074046,false,4
3568,0.6381234593261567,0.39646486566846195,0.391304347826087,0.39646486566846195,false,1
3569,0.2787736310634897,0.1046585313848991,0.08464419475655428,0.1046585313848991,false,2
3570,0.47634007023837843,0.2297075724894837,0.23670212765957446,0.2297075724894837,false,4
3571,0.4564032296496927,0.21285659159428136,0.21428571428571427,0.21285659159428136,false,4
3572,0.6896822973687802,0.45257722696038094,0.4747191011235955,0.45257722696038094,false,3
3573,0.6794301918294728,0.43355157647451276,0.4340659340659341,0.43355157647451276,false,2
3574,0.47710681662309284,0.22858894815513398,0.2612612612612612,0.22858894815513398,false,2
3575,0.3215125064433659,0.12251462365787104,0.102803738317757,0.12251462365787104,false,1
3576,0.242304458109821,0.08968011763635936,0.08464419475655428,0.08968011763635936,false,2
3577,0.5190176411675995,0.26883381846183024,0.28969957081545067,0.26883381846183024,false,4
3579,0.3770459295983705,0.15483081330007945,0.18888888888888888,0.15483081330007945,false,1
3581,0.42433160894209787,0.18756365455239374,0.19471153846153846,0.18756365455239374,false,1
3582,0.5717897125748549,0.31599865625811846,0.3333333333333333,0.31599865625811846,false,2
3583,0.47778432813817295,0.22951850441746485,0.2572178477690289,0.22951850441746485,false,5
3584,0.38167836920063203,0.15751293073034836,0.17279411764705882,0.15751293073034836,false,3
3585,0.27283021970706806,0.09955231681673667,0.08676789587852494,0.09955231681673667,false,3
3586,0.36327088492403997,0.14607852883028188,0.14937759336099585,0.14607852883028188,false,3
3587,0.36327088492403997,0.14607852883028188,0.14937759336099585,0.14607852883028188,false,3
3588,0.5843821136347386,0.3281323657357954,0.3174061433447099,0.3281323657357954,false,5
3589,0.5386984482216299,0.28516375951918144,0.2638297872340426,0.28516375951918144,false,3
3590,0.23540085763649038,0.08825118685847863,0.08004509582863585,0.08825118685847863,false,5
3591,0.506261405269985,0.25358976884349904,0.2683397683397683,0.25358976884349904,false,2
3592,0.4395756752606259,0.1990374033321829,0.19701986754966888,0.1990374033321829,false,2
3593,0.279951597677338,0.1063521148117234,0.10112359550561797,0.1063521148117234,false,5
3594,0.3756001532879403,0.15390769246384667,0.18888888888888888,0.15390769246384667,false,1
3595,0.5617009869698235,0.31193183357185905,0.28969957081545067,0.31193183357185905,false,4
3596,0.6061682490965766,0.3597344903412743,0.31493506493506496,0.3597344903412743,false,1
3597,0.38139552936379423,0.15733185874377303,0.17279411764705882,0.15733185874377303,false,3
3598,0.39618709032205957,0.169458454280848,0.18181818181818182,0.169458454280848,false,5
3602,0.30602818602191756,0.11725605780994632,0.10574712643678161,0.11725605780994632,false,2
3604,0.23493507422564675,0.08359151498852326,0.07591240875912408,0.08359151498852326,false,4
3606,0.2008110777685672,0.07181039128100498,0.07564422277639235,0.07181039128100498,false,1
3608,0.21868078113761086,0.07768111534918683,0.07591240875912408,0.07768111534918683,false,4
3609,0.12081783532432952,0.049524950515564145,0.02702702702702703,0.049524950515564145,false,4
3610,0.5117617132293352,0.2614820778275827,0.24489795918367344,0.2614820778275827,false,1
3611,0.5905458794115016,0.33531267957409516,0.34049079754601225,0.33531267957409516,false,2
3612,0.6845922140620552,0.4395065914738819,0.4340659340659341,0.4395065914738819,false,2
3613,0.32346728095595056,0.1271123072044202,0.12717770034843207,0.1271123072044202,false,5
3614,0.748747962578108,0.5301811846923593,0.5255813953488372,0.5301811846923593,false,1
3615,0.7551237729084268,0.5379412138699766,0.5255813953488372,0.5379412138699766,false,1
3616,0.35586908190939964,0.1436972461674287,0.13073170731707318,0.1436972461674287,false,2
3617,0.6364043153321073,0.38334566052823954,0.3416666666666667,0.38334566052823954,false,5
3618,0.5504125386440631,0.3001686616141059,0.28969957081545067,0.3001686616141059,false,4
3619,0.2978167679944245,0.11089706042757135,0.10187667560321716,0.11089706042757135,false,3
3620,0.576026679366999,0.32721506248521925,0.30769230769230776,0.32721506248521925,false,4
3621,0.7712635084470193,0.537452014802326,0.575,0.537452014802326,false,5
3622,0.6394815191609462,0.3935156348712609,0.345679012345679,0.3935156348712609,false,3
3623,0.6365602332401812,0.38498542917602147,0.34049079754601225,0.38498542917602147,false,2
3624,0.7292716186957677,0.5064018124779395,0.5255813953488372,0.5064018124779395,false,1
3625,0.39422482735966574,0.16728084093144932,0.16071428571428573,0.16728084093144932,false,2
3626,0.5476823835647725,0.2967997964123691,0.3023255813953488,0.2967997964123691,false,1
3627,0.5680388179289042,0.3148852775043615,0.3425925925925926,0.3148852775043615,false,3
3628,0.5327686457810088,0.2793656849667926,0.2638297872340426,0.2793656849667926,false,3
3629,0.5163329547049936,0.26263443287669186,0.2683397683397683,0.26263443287669186,false,2
3630,0.6668618091849361,0.41724011871810707,0.45180722891566266,0.41724011871810707,false,5
3631,0.6712959386880304,0.4242071944755839,0.4340659340659341,0.4242071944755839,false,2
3632,0.7268536772904872,0.4972864031368232,0.4747191011235955,0.4972864031368232,false,3
3633,0.5741887326024853,0.3252327458182854,0.30769230769230776,0.3252327458182854,false,4
3634,0.6594042597172083,0.4088550465252233,0.4339622641509434,0.4088550465252233,false,5
3635,0.535340765982958,0.2802600957790679,0.2683397683397683,0.2802600957790679,false,2
3636,0.42798598288994905,0.18948714178441342,0.19718309859154928,0.18948714178441342,false,3
3637,0.4710744526267155,0.22363830557072698,0.2349570200573066,0.22363830557072698,false,2
3638,0.24040090592571403,0.08566914665373968,0.07591240875912408,0.08566914665373968,false,4
3639,0.6112406155758634,0.357279285965798,0.34049079754601225,0.357279285965798,false,2
3640,0.49534906416381763,0.24627895745262393,0.22487223168654175,0.24627895745262393,false,1
3641,0.5886800220511211,0.332541825628907,0.3174061433447099,0.332541825628907,false,5
3642,0.5120472625299597,0.2617518801487882,0.24489795918367344,0.2617518801487882,false,1
3643,0.5080530901434469,0.25839072903932747,0.2692307692307692,0.25839072903932747,false,4
3646,0.2978167679944245,0.11089706042757135,0.10187667560321716,0.11089706042757135,false,3
3649,0.29478957858927485,0.1094646209618342,0.10187667560321716,0.1094646209618342,false,3
3650,0.3443818537764906,0.13719424272101033,0.13073170731707318,0.13719424272101033,false,2
3651,0.30137192519649225,0.112600253231351,0.10187667560321716,0.112600253231351,false,3
3652,0.31911380324505756,0.12488884571293826,0.12717770034843207,0.12488884571293826,false,5
3653,0.6474240965285324,0.39549707230979253,0.375,0.39549707230979253,false,5
3655,0.20484019315556556,0.07633211462738722,0.08464419475655428,0.07633211462738722,false,2
3656,0.1845732967703718,0.06669330078574773,0.07564422277639235,0.06669330078574773,false,1
3657,0.4312482564160399,0.19191718420233758,0.19718309859154928,0.19191718420233758,false,3
3658,0.3344500178236617,0.1328721218979546,0.12717770034843207,0.1328721218979546,false,5
3659,0.4464601626681683,0.20461701682646813,0.19471153846153846,0.20461701682646813,false,1
3660,0.31190932261968174,0.11778315608023864,0.10569105691056911,0.11778315608023864,false,3
3661,0.4478796623779553,0.20591513378446982,0.21678321678321674,0.20591513378446982,false,5
3662,0.6243033058758244,0.38132734383186506,0.3566666666666667,0.38132734383186506,false,4
3663,0.4373860939836865,0.19740529924197375,0.19701986754966888,0.19740529924197375,false,2
3664,0.32824967705460983,0.12848133244667756,0.13073170731707318,0.12848133244667756,false,2
3665,0.3563771855125138,0.1439907275985173,0.13073170731707318,0.1439907275985173,false,2
3666,0.20591374496995937,0.07784920560987989,0.08004509582863585,0.07784920560987989,false,5
3667,0.3569715210436677,0.14241290351375052,0.12310606060606061,0.14241290351375052,false,1
3668,0.4509398975656112,0.20839949366710525,0.1884469696969697,0.20839949366710525,false,4
3669,0.2820810523492372,0.10729441356387075,0.10112359550561797,0.10729441356387075,false,5
3670,0.4199715314039054,0.18433554140120154,0.19471153846153846,0.18433554140120154,false,1
3671,0.20591374496995937,0.07784920560987989,0.08004509582863585,0.07784920560987989,false,5
3672,0.5759772837171278,0.32716170568373654,0.30769230769230776,0.32716170568373654,false,4
3673,0.3813136976717577,0.1575821484230252,0.19471153846153846,0.1575821484230252,false,1
3675,0.12133062535106032,0.04964352913481756,0.02702702702702703,0.04964352913481756,false,4
3676,0.12133062535106032,0.04964352913481756,0.02702702702702703,0.04964352913481756,false,4
3682,0.4543696103068636,0.2108804192930243,0.21678321678321674,0.2108804192930243,false,5
3685,0.3958513538665693,0.16834618863402037,0.16071428571428573,0.16834618863402037,false,2
3686,0.40381130854101416,0.17363794835541574,0.16071428571428573,0.17363794835541574,false,2
3687,0.26922340003028744,0.10053502628109677,0.08464419475655428,0.10053502628109677,false,2
3688,0.544722438080018,0.2937870682175142,0.3,0.2937870682175142,false,1
3689,0.3110548683314975,0.11712100993939388,0.102803738317757,0.11712100993939388,false,1
3690,0.4370118589287091,0.19712735818184335,0.19701986754966888,0.19712735818184335,false,2
3691,0.28901814140811455,0.1092471523026279,0.10574712643678161,0.1092471523026279,false,2
3692,0.3228005158478333,0.1267695887589529,0.12717770034843207,0.1267695887589529,false,5
3693,0.4601644496763685,0.2148798573653732,0.2349570200573066,0.2148798573653732,false,2
3694,0.24063119648940437,0.08646215019710958,0.07043343653250773,0.08646215019710958,false,3
3697,0.537557522909077,0.28656893335060013,0.3,0.28656893335060013,false,1
3698,0.45559827049368706,0.21219554558951678,0.1884469696969697,0.21219554558951678,false,4
3701,0.19633411436120565,0.07471891855191204,0.08004509582863585,0.07471891855191204,false,5
3702,0.22094274659384028,0.08300262586491743,0.08004509582863585,0.08300262586491743,false,5
3704,0.32719528219004723,0.12544958819148927,0.13059033989266547,0.12544958819148927,false,4
3705,0.26330596591257716,0.09805301903453563,0.08464419475655428,0.09805301903453563,false,2
3706,0.2093315511926446,0.07445727349516049,0.07591240875912408,0.07445727349516049,false,4
3707,0.23368610203517562,0.08643450727290908,0.08464419475655428,0.08643450727290908,false,2
3708,0.25355419947542635,0.0952645893198702,0.0974264705882353,0.0952645893198702,false,5
3709,0.28270376458866897,0.10639840825356994,0.10574712643678161,0.10639840825356994,false,2
3710,0.3398437871577877,0.13241866700969723,0.13059033989266547,0.13241866700969723,false,4
3711,0.4244327159000362,0.18795643731522668,0.19701986754966888,0.18795643731522668,false,2
3712,0.20848726939656653,0.07871038281688172,0.08004509582863585,0.07871038281688172,false,5
3714,0.29209960411538444,0.10774179977365383,0.1111111111111111,0.10774179977365383,false,4
3715,0.24860512599790827,0.08903817742619101,0.07564422277639235,0.08903817742619101,false,1
3716,0.3082703364447647,0.11561065232222753,0.1111111111111111,0.11561065232222753,false,4
3717,0.3020066056610085,0.11250502390513567,0.1111111111111111,0.11250502390513567,false,4
3718,0.3769702566459669,0.15728153369270736,0.14814814814814814,0.15728153369270736,false,5
3721,0.1652800831814366,0.06172802154482516,0.07043343653250773,0.06172802154482516,false,3
3723,0.3843039002299299,0.1595334520377371,0.19471153846153846,0.1595334520377371,false,1
3724,0.4308031711650485,0.19243494459151664,0.19471153846153846,0.19243494459151664,false,1
3725,0.17008076812386372,0.06241419932533846,0.07564422277639235,0.06241419932533846,false,1
3728,0.43874312743999366,0.19907265504010577,0.20187793427230047,0.19907265504010577,false,5
3732,0.21813612329255677,0.08084661225267685,0.08464419475655428,0.08084661225267685,false,2
3733,0.5487698755693236,0.29280293677249813,0.2572178477690289,0.29280293677249813,false,5
3734,0.2919736572308787,0.1106033913832424,0.10574712643678161,0.1106033913832424,false,2
3735,0.3562487851997794,0.1449589077022947,0.14814814814814814,0.1449589077022947,false,5
3737,0.3458816108703682,0.13591572284828138,0.12310606060606061,0.13591572284828138,false,1
3738,0.5200560158658636,0.26600619775947226,0.2572178477690289,0.26600619775947226,false,5
3739,0.7242119683852838,0.4940990838561169,0.4747191011235955,0.4940990838561169,false,3
3744,0.26019644024143934,0.09374519384863403,0.09781477627471384,0.09374519384863403,false,1
3745,0.21052933042981983,0.0748633206077662,0.07591240875912408,0.0748633206077662,false,4
3746,0.5488963915096937,0.2932618527075145,0.2683397683397683,0.2932618527075145,false,2
3747,0.4901965243541164,0.2395945457259375,0.2612612612612612,0.2395945457259375,false,2
3748,0.5264252700866381,0.27556730122898004,0.24489795918367344,0.27556730122898004,false,1
3749,0.35417750588991503,0.1407099183373252,0.13894736842105262,0.1407099183373252,false,4
3750,0.26479401642632727,0.09985331752870778,0.0974264705882353,0.09985331752870778,false,5
3752,0.1972521306580074,0.07501380890872145,0.08004509582863585,0.07501380890872145,false,5
3753,0.43736562638639503,0.19653786014393484,0.22486288848263253,0.19653786014393484,false,3
3754,0.4200551384480288,0.18439703593730242,0.19471153846153846,0.18439703593730242,false,1
3755,0.436437416288744,0.19670129933456956,0.19701986754966888,0.19670129933456956,false,2
3756,0.3629775693469908,0.14886993749124655,0.14814814814814814,0.14886993749124655,false,5
3757,0.5233755516610631,0.2703305465210259,0.25,0.2703305465210259,false,3
3758,0.517976074051281,0.2673941920204928,0.24489795918367344,0.2673941920204928,false,1
3759,0.32796509764787724,0.1258646041694864,0.13059033989266547,0.1258646041694864,false,4
3762,0.4141842477013214,0.18020528061184304,0.1884469696969697,0.18020528061184304,false,4
3764,0.3100410733419761,0.1192182328662833,0.13073170731707318,0.1192182328662833,false,2
3765,0.21813612329255677,0.08084661225267685,0.08464419475655428,0.08084661225267685,false,2
3766,0.21151629074265477,0.07598854962353499,0.07043343653250773,0.07598854962353499,false,3
3767,0.2502724493850319,0.09020911181173481,0.07043343653250773,0.09020911181173481,false,3
3773,0.2952694521072613,0.11213314411111365,0.10574712643678161,0.11213314411111365,false,2
3774,0.3878790315740675,0.16152523174798752,0.1753846153846154,0.16152523174798752,false,3
3775,0.4608386768679463,0.21504454435638726,0.22486288848263253,0.21504454435638726,false,3
3776,0.39440574884619173,0.16739907465623724,0.16071428571428573,0.16739907465623724,false,2
3777,0.436638326118061,0.19752077561362588,0.20187793427230047,0.19752077561362588,false,5
3778,0.47219223743352573,0.2249642899800204,0.2572178477690289,0.2249642899800204,false,5
3779,0.3423598803613141,0.13607554355995855,0.13073170731707318,0.13607554355995855,false,2
3780,0.1972521306580074,0.07501380890872145,0.08004509582863585,0.07501380890872145,false,5
3787,0.2776935686558067,0.10418480644487518,0.08464419475655428,0.10418480644487518,false,2
3788,0.3295030679149719,0.12677866180242092,0.12310606060606061,0.12677866180242092,false,1
3789,0.2774100921435449,0.1010058296466815,0.07591240875912408,0.1010058296466815,false,4
3791,0.3526258186418071,0.14288865971069012,0.14814814814814814,0.14288865971069012,false,5
3793,0.4252069848788123,0.18821698111569182,0.19471153846153846,0.18821698111569182,false,1
3794,0.3399563282093545,0.1324821223623319,0.13059033989266547,0.1324821223623319,false,4
3796,0.32152421995997016,0.12252078310158042,0.102803738317757,0.12252078310158042,false,1
3797,0.20542815830801078,0.07314804042506164,0.07317073170731705,0.07314804042506164,false,4
3798,0.1946801453713616,0.06983708569940172,0.07564422277639235,0.06983708569940172,false,1
3799,0.2463065402843849,0.0912243228258099,0.08464419475655428,0.0912243228258099,false,2
3800,0.40447464788244003,0.17321028588807347,0.19471153846153846,0.17321028588807347,false,1
3801,0.1862418802194767,0.06720310996108844,0.07564422277639235,0.06720310996108844,false,1
3802,0.25231738128121667,0.0905219662590735,0.07564422277639235,0.0905219662590735,false,1
3803,0.1862418802194767,0.06720310996108844,0.07564422277639235,0.06720310996108844,false,1
3804,0.35257297668291143,0.13976064162268512,0.13894736842105262,0.13976064162268512,false,4
3805,0.35257297668291143,0.13976064162268512,0.13894736842105262,0.13976064162268512,false,4
3806,0.3186614589410253,0.12121192918612596,0.12396694214876033,0.12121192918612596,false,3
3809,0.37735849448024905,0.15752033987080857,0.14814814814814814,0.15752033987080857,false,5
3810,0.36125080372758084,0.14495906646502138,0.13894736842105262,0.14495906646502138,false,4
3811,0.25200937940520163,0.09039801565997507,0.07564422277639235,0.09039801565997507,false,1
3812,0.32293751457999725,0.12317530348391542,0.13059033989266547,0.12317530348391542,false,4
3813,0.384353556814105,0.1618736639329636,0.14814814814814814,0.1618736639329636,false,5
3814,0.515092033965216,0.2615354368614296,0.2572178477690289,0.2615354368614296,false,5
3815,0.4393157491598692,0.1991462546044098,0.1884469696969697,0.1991462546044098,false,4
3816,0.5929367284820544,0.3413671614929066,0.3425925925925926,0.3413671614929066,false,3
3818,0.3716081046844536,0.1513821645575574,0.16346153846153846,0.1513821645575574,false,1
3819,0.24418654269096307,0.0904033639419822,0.08464419475655428,0.0904033639419822,false,2
3822,0.36142761376612254,0.14506663436877407,0.13894736842105262,0.14506663436877407,false,4
3824,0.5013820432021528,0.2494423537983502,0.2572178477690289,0.2494423537983502,false,5
3825,0.547179105564117,0.296846287953423,0.28969957081545067,0.296846287953423,false,4
3826,0.7113245168788608,0.46806835281689474,0.49159663865546216,0.46806835281689474,false,5
3828,0.5612576526810047,0.3049379651294755,0.2698412698412698,0.3049379651294755,false,5
3829,0.3053610455086176,0.11427181115381498,0.09781477627471384,0.11427181115381498,false,1
3830,0.24003072566190095,0.08552697141948272,0.07591240875912408,0.08552697141948272,false,4
3831,0.49376561801600505,0.24518545012881351,0.2692307692307692,0.24518545012881351,false,4
3832,0.31178892563561167,0.11772278735819118,0.10569105691056911,0.11772278735819118,false,3
3833,0.47662945946533664,0.22818869146904996,0.2408026755852843,0.22818869146904996,false,3
3834,0.16752845697414417,0.06235953134215168,0.07043343653250773,0.06235953134215168,false,3
3835,0.3295523687423043,0.12692356468730961,0.12396694214876033,0.12692356468730961,false,3
3836,0.30253695996497887,0.11316334320894542,0.10187667560321716,0.11316334320894542,false,3
3837,0.12497711477558854,0.05482056298678526,0.017241379310344827,0.05482056298678526,false,5
3839,0.263096108784482,0.09495709427833125,0.09781477627471384,0.09495709427833125,false,1
3840,0.25954753152715637,0.09332055053628667,0.07591240875912408,0.09332055053628667,false,4
3841,0.6623143935350118,0.4121211036861785,0.4339622641509434,0.4121211036861785,false,5
3843,0.27760017758238825,0.10532007234451216,0.10112359550561797,0.10532007234451216,false,5
3844,0.5466254904912285,0.291059246578523,0.2683397683397683,0.291059246578523,false,2
3845,0.32172557168583354,0.1262187289623724,0.12717770034843207,0.1262187289623724,false,5
3846,0.6224208420802269,0.37404511416845015,0.345679012345679,0.37404511416845015,false,3
3847,0.4183055292683221,0.18360958582482018,0.19701986754966888,0.18360958582482018,false,2
3848,0.3758398880888121,0.1538094180369494,0.17279411764705882,0.1538094180369494,false,3
3849,0.21393897580316829,0.076030355550903,0.07591240875912408,0.076030355550903,false,4
3850,0.39225515394319077,0.16481739726237726,0.19471153846153846,0.16481739726237726,false,1
3851,0.723315628410041,0.48461801857084347,0.4634146341463415,0.48461801857084347,false,2
3852,0.3884441617838088,0.16446410972947637,0.1569698270490225,0.16446410972947637,false,5
3853,0.34674991103202674,0.13641527872730408,0.12310606060606061,0.13641527872730408,false,1
3854,0.4091325356040286,0.17590487250905293,0.1753846153846154,0.17590487250905293,false,3
3855,0.2326159902723313,0.08345499775589016,0.07043343653250773,0.08345499775589016,false,3
3856,0.335178866732176,0.1332620754664384,0.12717770034843207,0.1332620754664384,false,5
3857,0.3456959750628829,0.135752668797,0.13894736842105262,0.135752668797,false,4
3858,0.4607388610055444,0.21644290093142557,0.23670212765957446,0.21644290093142557,false,4
3859,0.6076615234537138,0.3523610139896038,0.3174061433447099,0.3523610139896038,false,5
3860,0.14552395612824234,0.05555341450061885,0.07317073170731705,0.05555341450061885,false,4
3861,0.3508122060496154,0.13877299132933296,0.12310606060606061,0.13877299132933296,false,1
3862,0.24671648967188006,0.09138384563260946,0.08464419475655428,0.09138384563260946,false,2
3863,0.38353760204916293,0.15904670584700084,0.1884469696969697,0.15904670584700084,false,4
3864,0.4966455262568661,0.2478101688008287,0.2692307692307692,0.2478101688008287,false,4
3865,0.3088068451373951,0.11588009556646993,0.1111111111111111,0.11588009556646993,false,4
3866,0.32762896983759326,0.12589840020027615,0.12396694214876033,0.12589840020027615,false,3
3867,0.46191954491218595,0.21742707109331627,0.23670212765957446,0.21742707109331627,false,4
3868,0.25850761457460925,0.09608064689097263,0.08464419475655428,0.09608064689097263,false,2
3870,0.30497918261922985,0.11789866308638995,0.11458333333333333,0.11789866308638995,false,5
3871,0.18749909286864877,0.0682389211753642,0.07043343653250773,0.0682389211753642,false,3
3872,0.2506392975548524,0.08968716131867727,0.07591240875912408,0.08968716131867727,false,4
3873,0.27911371655382006,0.10598334949043527,0.10112359550561797,0.10598334949043527,false,5
3874,0.3232160370985537,0.12586091687455117,0.13073170731707318,0.12586091687455117,false,2
3875,0.5076912240182602,0.254861193895404,0.2683397683397683,0.254861193895404,false,2
3876,0.5943197325056482,0.3464975828020082,0.31493506493506496,0.3464975828020082,false,1
3877,0.21868078113761086,0.07768111534918683,0.07591240875912408,0.07768111534918683,false,4
3878,0.39481453983997516,0.16658818474827855,0.1884469696969697,0.16658818474827855,false,4
3879,0.2606718129054113,0.09814801351456412,0.0974264705882353,0.09814801351456412,false,5
3880,0.26055547579747873,0.09810026494486056,0.0974264705882353,0.09810026494486056,false,5
3881,0.3665861344499114,0.14825354197830404,0.15702479338842976,0.14825354197830404,false,1
3882,0.6945285434637803,0.4639806801549383,0.5,0.4639806801549383,false,1
3883,0.2738864100116565,0.0994465888043603,0.07591240875912408,0.0994465888043603,false,4
3884,0.30273049564721827,0.11681836224855605,0.11458333333333333,0.11681836224855605,false,5
3885,0.573885313168354,0.3181268795135187,0.3333333333333333,0.3181268795135187,false,2
3886,0.31146005350339584,0.11755802293674371,0.10569105691056911,0.11755802293674371,false,3
3887,0.39611903292808426,0.16852203157591952,0.16071428571428573,0.16852203157591952,false,2
3888,0.6226998111645128,0.36843620269920874,0.3174061433447099,0.36843620269920874,false,5
3889,0.3117735811336129,0.11748500278319751,0.102803738317757,0.11748500278319751,false,1
3890,0.2933298508385997,0.10832350773338316,0.1111111111111111,0.10832350773338316,false,4
3891,0.28595157462381326,0.1090259636703108,0.11331444759206799,0.1090259636703108,false,5
3892,0.43765530523037866,0.19769709448324035,0.19471153846153846,0.19769709448324035,false,1
3893,0.3914571472705803,0.16431346984914072,0.1884469696969697,0.16431346984914072,false,4
3894,0.3955963580621183,0.1681788136736355,0.16071428571428573,0.1681788136736355,false,2
3895,0.24316548217038547,0.08743319524254427,0.07043343653250773,0.08743319524254427,false,3
3896,0.36438119813448233,0.14969667378660495,0.14814814814814814,0.14969667378660495,false,5
3897,0.529882808579552,0.2749990159182405,0.2572178477690289,0.2749990159182405,false,5
3898,0.33060916500212423,0.1308331003667828,0.12717770034843207,0.1308331003667828,false,5
3899,0.36533722906992516,0.1492483403185426,0.14182692307692307,0.1492483403185426,false,2
3900,0.23017920341577827,0.0819937670023275,0.07564422277639235,0.0819937670023275,false,1
3901,0.17713052691573242,0.0676588603478454,0.0755813953488372,0.0676588603478454,false,2
3902,0.36072147971417373,0.14455031254054684,0.14937759336099585,0.14455031254054684,false,3
3903,0.36072147971417373,0.14455031254054684,0.14937759336099585,0.14455031254054684,false,3
3904,0.17713052691573242,0.0676588603478454,0.0755813953488372,0.0676588603478454,false,2
3905,0.25473235441854514,0.09149914971696257,0.07564422277639235,0.09149914971696257,false,1
3906,0.2322901390919285,0.08709721226357553,0.08004509582863585,0.08709721226357553,false,5
3907,0.22120406095144374,0.08192233391877908,0.08464419475655428,0.08192233391877908,false,2
3908,0.36533722906992516,0.1492483403185426,0.14182692307692307,0.1492483403185426,false,2
3909,0.3913745500536267,0.16382324776379054,0.1753846153846154,0.16382324776379054,false,3
3910,0.4192011936969897,0.1850148924728194,0.19455252918287938,0.1850148924728194,false,5
3911,0.21507588553650783,0.07660218362362652,0.07564422277639235,0.07660218362362652,false,1
3912,0.3298615909960763,0.1270890431108696,0.12396694214876033,0.1270890431108696,false,3
3914,0.3392325574083651,0.13219184757974958,0.14814814814814814,0.13219184757974958,false,3
3915,0.3037388107986492,0.11335650892685205,0.1111111111111111,0.11335650892685205,false,4
3916,0.4237980851916838,0.18750256052877923,0.19701986754966888,0.18750256052877923,false,2
3917,0.23074717527758795,0.0822031177959294,0.07564422277639235,0.0822031177959294,false,1
3918,0.3544843182394416,0.1409335728709399,0.12310606060606061,0.1409335728709399,false,1
3920,0.4139668498951722,0.18004774115585637,0.1884469696969697,0.18004774115585637,false,4
3921,0.3886663410077649,0.1624416788376453,0.1884469696969697,0.1624416788376453,false,4
3924,0.3142598461350054,0.118967124278203,0.11428571428571428,0.118967124278203,false,3
3925,0.16234119631620422,0.06091157170073606,0.07043343653250773,0.06091157170073606,false,3
3926,0.40162153181544247,0.17216921942273572,0.16071428571428573,0.17216921942273572,false,2
3927,0.39413142490117986,0.16565415181099158,0.1753846153846154,0.16565415181099158,false,3
3928,0.3407230552448583,0.1329151210871831,0.13059033989266547,0.1329151210871831,false,4
3929,0.3407230552448583,0.1329151210871831,0.13059033989266547,0.1329151210871831,false,4
3930,0.4089144538846374,0.17641670998602016,0.1884469696969697,0.17641670998602016,false,4
3931,0.44302363304166126,0.20162801357857532,0.19701986754966888,0.20162801357857532,false,2
3932,0.20183474626420453,0.07534419179469788,0.08464419475655428,0.07534419179469788,false,2
3933,0.31138768017043,0.11718386839638856,0.1111111111111111,0.11718386839638856,false,4
3934,0.20256905074317302,0.07238563573677372,0.07564422277639235,0.07238563573677372,false,1
3935,0.4403154521298947,0.19976898457224485,0.19471153846153846,0.19976898457224485,false,1
3936,0.45420802739423244,0.21105738995542525,0.1884469696969697,0.21105738995542525,false,4
3937,0.20183474626420453,0.07534419179469788,0.08464419475655428,0.07534419179469788,false,2
3938,0.39413142490117986,0.16565415181099158,0.1753846153846154,0.16565415181099158,false,3
3939,0.14496024869840307,0.05982569397064331,0.018867924528301886,0.05982569397064331,false,5
3940,0.2341023358544707,0.08776780807129064,0.08004509582863585,0.08776780807129064,false,5
3942,0.39615152838235224,0.16943524263928839,0.18181818181818182,0.16943524263928839,false,5
3944,0.26819848109893396,0.10010117483541875,0.08464419475655428,0.10010117483541875,false,2
3945,0.2363373581672424,0.08860129319632612,0.08004509582863585,0.08860129319632612,false,5
3946,0.1748760834199573,0.06699490648633619,0.06451612903225806,0.06699490648633619,false,2
3947,0.343422007693125,0.1366622264657957,0.13073170731707318,0.1366622264657957,false,2
3949,0.27118548241486273,0.09826595205271947,0.07591240875912408,0.09826595205271947,false,4
3951,0.18786061595349435,0.07090335159398638,0.0755813953488372,0.07090335159398638,false,2
3952,0.24592733160487845,0.0910769851783306,0.08464419475655428,0.0910769851783306,false,2
3953,0.36974293951836595,0.15189108772166135,0.14182692307692307,0.15189108772166135,false,2
3955,0.18059358497121422,0.0661500008420218,0.07043343653250773,0.0661500008420218,false,3
3958,0.5639930855642862,0.31371574165692023,0.31493506493506496,0.31371574165692023,false,1
3959,0.37602826965306607,0.1557276636912699,0.14182692307692307,0.1557276636912699,false,2
3960,0.2502334421563877,0.08968629480067468,0.07564422277639235,0.08968629480067468,false,1
3962,0.7890324003655416,0.5803951558890676,0.5979381443298969,0.5803951558890676,false,4
3963,0.6618505767043665,0.41342467621968293,0.4340659340659341,0.41342467621968293,false,2
3964,0.40566873404519527,0.17349449152412072,0.1753846153846154,0.17349449152412072,false,3
3965,0.4797795653321053,0.23080692739512212,0.2612612612612612,0.23080692739512212,false,2
3966,0.2421791173314898,0.08635509451224246,0.07591240875912408,0.08635509451224246,false,4
3967,0.3459927408255943,0.13916225018872314,0.14814814814814814,0.13916225018872314,false,5
3968,0.7332977210772627,0.4963175303534787,0.4634146341463415,0.4963175303534787,false,2
3969,0.4670388754877035,0.22148579948013516,0.22487223168654175,0.22148579948013516,false,1
3970,0.2698984613939422,0.10200142992011962,0.0974264705882353,0.10200142992011962,false,5
3971,0.5743278628627408,0.3214701642700998,0.3425925925925926,0.3214701642700998,false,3
3972,0.5204269377599209,0.26753253825320633,0.25,0.26753253825320633,false,3
3973,0.38132361776688256,0.15758858973914466,0.19471153846153846,0.15758858973914466,false,1
3974,0.3304459311972455,0.13074703488122807,0.12717770034843207,0.13074703488122807,false,5
3975,0.25602648905435027,0.09507474232036528,0.08464419475655428,0.09507474232036528,false,2
3976,0.33139662730133684,0.12772889686249136,0.13059033989266547,0.12772889686249136,false,4
3977,0.3797244173475513,0.1562654784812897,0.17279411764705882,0.1562654784812897,false,3
3978,0.21257386412532514,0.07556112164888344,0.07591240875912408,0.07556112164888344,false,4
3981,0.31536690485152336,0.11931958090179974,0.102803738317757,0.11931958090179974,false,1
3982,0.19893308070918372,0.07555654644091546,0.08004509582863585,0.07555654644091546,false,5
3983,0.30178737422534274,0.11280076878475719,0.10187667560321716,0.11280076878475719,false,3
3984,0.26872733474901594,0.1015049903754519,0.0974264705882353,0.1015049903754519,false,5
3985,0.2590765497931058,0.09375784955993095,0.08676789587852494,0.09375784955993095,false,3
3986,0.44038934678814856,0.2002927925425128,0.20187793427230047,0.2002927925425128,false,5
3987,0.453077046543158,0.21013478879608746,0.1884469696969697,0.21013478879608746,false,4
3988,0.2984205310430935,0.11361298044803586,0.10574712643678161,0.11361298044803586,false,2
3989,0.31309340109774497,0.12072967825995161,0.13073170731707318,0.12072967825995161,false,2
3990,0.30676302681245304,0.11496771197036554,0.09781477627471384,0.11496771197036554,false,1
3996,0.18429016790197608,0.07094766241468067,0.08004509582863585,0.07094766241468067,false,5
4000,0.4068773519686063,0.17571101206222264,0.19701986754966888,0.17571101206222264,false,2
4001,0.41155070430964924,0.17972443631876392,0.19455252918287938,0.17972443631876392,false,5
4002,0.4763967118897204,0.2294786191469167,0.22487223168654175,0.2294786191469167,false,1
4003,0.6727787838853456,0.4324534298398275,0.4747191011235955,0.4324534298398275,false,3
4004,0.33186008361054325,0.13149424927579229,0.12717770034843207,0.13149424927579229,false,5
4007,0.3426673104686014,0.1362451389245018,0.13073170731707318,0.1362451389245018,false,2
4009,0.41278558268213716,0.17910934723347288,0.19471153846153846,0.17910934723347288,false,1
4010,0.6129027946879686,0.35907143073488096,0.34049079754601225,0.35907143073488096,false,2
4011,0.23820767756881234,0.08482990893853488,0.07591240875912408,0.08482990893853488,false,4
4012,0.4712535975438823,0.22506086176169812,0.22487223168654175,0.22506086176169812,false,1
4014,0.2874134048602711,0.106042081130646,0.10187667560321716,0.106042081130646,false,3
4015,0.23859148158016058,0.0882685776801087,0.08464419475655428,0.0882685776801087,false,2
4017,0.4782880055429687,0.2311184081059788,0.22487223168654175,0.2311184081059788,false,1
4018,0.32650147136124374,0.12756601917864444,0.13073170731707318,0.12756601917864444,false,2
4019,0.5273002363500823,0.2740832206433211,0.25,0.2740832206433211,false,3
4020,0.2862420938706897,0.10550735118530748,0.10187667560321716,0.10550735118530748,false,3
4021,0.5661817239819977,0.3103413263844803,0.3333333333333333,0.3103413263844803,false,2
4022,0.26189275150897257,0.09746839479729588,0.08464419475655428,0.09746839479729588,false,2
4023,0.7520141856926346,0.5276176759935264,0.4747191011235955,0.5276176759935264,false,3
4024,0.7531517953115183,0.5370152039873578,0.5164835164835165,0.5370152039873578,false,4
4025,0.3075433957282559,0.11914109848891774,0.12717770034843207,0.11914109848891774,false,5
4026,0.4568773791389807,0.21324667369436837,0.21804321726973078,0.21324667369436837,false,4
4030,0.37133598195820183,0.15100138830333665,0.17279411764705882,0.15100138830333665,false,3
4031,0.2551468788304183,0.09150944416168766,0.07591240875912408,0.09150944416168766,false,4
4032,0.23171385505477723,0.08238863247439895,0.07591240875912408,0.08238863247439895,false,4
4034,0.3737303948416782,0.15272054380656455,0.18888888888888888,0.15272054380656455,false,1
4035,0.4276865463005109,0.18926527928771403,0.19718309859154928,0.18926527928771403,false,3
4036,0.5688251281087291,0.31948368697818796,0.30769230769230776,0.31948368697818796,false,4
4038,0.35273909737014086,0.1419003275343233,0.13073170731707318,0.1419003275343233,false,2
4039,0.34761432019318933,0.13691413080967274,0.12310606060606061,0.13691413080967274,false,1
4040,0.3298112039721681,0.1269456071366237,0.12310606060606061,0.1269456071366237,false,1
4041,0.4010870599238502,0.17085023599040672,0.19471153846153846,0.17085023599040672,false,1
4042,0.6080972185976128,0.35282228108964286,0.3174061433447099,0.35282228108964286,false,5
4043,0.3683439634125905,0.14915936258783938,0.17279411764705882,0.14915936258783938,false,3
4044,0.38382177487591124,0.15889063412003002,0.1753846153846154,0.15889063412003002,false,3
4045,0.30789866371357144,0.1154243117992938,0.1111111111111111,0.1154243117992938,false,4
4046,0.3516701935906601,0.14129098186611216,0.13073170731707318,0.14129098186611216,false,2
4049,0.21032735644476894,0.07816650553354466,0.08464419475655428,0.07816650553354466,false,2
4050,0.32286000341157256,0.12567731587618136,0.13073170731707318,0.12567731587618136,false,2
4051,0.3426673104686014,0.1362451389245018,0.13073170731707318,0.1362451389245018,false,2
4052,0.40814243258424987,0.17586697459455242,0.1884469696969697,0.17586697459455242,false,4
4053,0.290839591849133,0.11008125220597649,0.10574712643678161,0.11008125220597649,false,2
4054,0.2102099701335944,0.07475485893281666,0.07591240875912408,0.07475485893281666,false,4
4055,0.6511251246636925,0.41282348348700254,0.44015444015444016,0.41282348348700254,false,4
4057,0.19694289012964009,0.0711947079943679,0.07043343653250773,0.0711947079943679,false,3
4058,0.20841622801332846,0.07752307003651211,0.08464419475655428,0.07752307003651211,false,2
4059,0.4408437304884361,0.20034473749367612,0.1884469696969697,0.20034473749367612,false,4
4061,0.30183128344081334,0.11253597525861779,0.09781477627471384,0.11253597525861779,false,1
4062,0.7536329861071206,0.5376022095170603,0.5164835164835165,0.5376022095170603,false,4
4064,0.5302185681342346,0.27689457268420686,0.25,0.27689457268420686,false,3
4065,0.6055678781966036,0.35014833780563115,0.3174061433447099,0.35014833780563115,false,5
4066,0.2566788075530855,0.09213630073894462,0.07591240875912408,0.09213630073894462,false,4
4067,0.1726445072676461,0.0638190335252851,0.07043343653250773,0.0638190335252851,false,3
4068,0.5387586107274224,0.2852229549523759,0.2638297872340426,0.2852229549523759,false,3
4069,0.48383703586664695,0.23452035257667994,0.2572178477690289,0.23452035257667994,false,5
4071,0.47643110444615305,0.2295083651162917,0.22487223168654175,0.2295083651162917,false,1
4072,0.24754282102119785,0.09288859347994843,0.0974264705882353,0.09288859347994843,false,5
4073,0.5223492981643196,0.27205937509492945,0.28969957081545067,0.27205937509492945,false,4
4074,0.14722232150181275,0.05599228669200629,0.07317073170731705,0.05599228669200629,false,4
4075,0.30234857494261097,0.1154815174478243,0.10574712643678161,0.1154815174478243,false,2
4076,0.2593837581207527,0.0934080341244214,0.09781477627471384,0.0934080341244214,false,1
4077,0.4246958260998962,0.18888827961792581,0.19696969696969696,0.18888827961792581,false,5
4078,0.4246958260998962,0.18888827961792581,0.19696969696969696,0.18888827961792581,false,5
4080,0.3720235897460261,0.15142734546004566,0.17279411764705882,0.15142734546004566,false,3
4081,0.2507500648223113,0.09039848343810168,0.08676789587852494,0.09039848343810168,false,3
4082,0.5796844300567534,0.3240558106115216,0.3333333333333333,0.3240558106115216,false,2
4084,0.5174398057563784,0.26471679518791175,0.25,0.26471679518791175,false,3
4085,0.5253585585016259,0.2749935462773442,0.28969957081545067,0.2749935462773442,false,4
4086,0.7545090690907411,0.51808812855029,0.575,0.51808812855029,false,5
4087,0.4642532979684571,0.2178395633206106,0.22486288848263253,0.2178395633206106,false,3
4088,0.3797872289058904,0.15630545343697372,0.17279411764705882,0.15630545343697372,false,3
4089,0.5409494582588695,0.28534932975805666,0.2572178477690289,0.28534932975805666,false,5
4090,0.13946906857555671,0.0540149936655571,0.07317073170731705,0.0540149936655571,false,4
4091,0.4323466566891108,0.1943848106932591,0.20187793427230047,0.1943848106932591,false,5
4093,0.6924845884710809,0.44864459504469745,0.4340659340659341,0.44864459504469745,false,2
4096,0.804296934230542,0.5752476219916391,0.575,0.5752476219916391,false,5
4099,0.24648611901574405,0.08820107997133173,0.07564422277639235,0.08820107997133173,false,1
4100,0.17270141862472857,0.06383544680263699,0.07043343653250773,0.06383544680263699,false,3
4101,0.356066325970087,0.14187302133079346,0.12310606060606061,0.14187302133079346,false,1
4102,0.356066325970087,0.14187302133079346,0.12310606060606061,0.14187302133079346,false,1
4103,0.356066325970087,0.14187302133079346,0.12310606060606061,0.14187302133079346,false,1
4104,0.6162864069139127,0.37209107575280953,0.3566666666666667,0.37209107575280953,false,4
4105,0.2730777587277231,0.09965946766348752,0.08676789587852494,0.09965946766348752,false,3
4106,0.27713762839060607,0.10394170554235964,0.08464419475655428,0.10394170554235964,false,2
4107,0.1850653903447116,0.07004456362522328,0.0755813953488372,0.07004456362522328,false,2
4108,0.33997342713029965,0.13255740836959912,0.12310606060606061,0.13255740836959912,false,1
4109,0.27763227923510075,0.10124586635689775,0.09781477627471384,0.10124586635689775,false,1
4110,0.31870606973213866,0.1246823197361444,0.12717770034843207,0.1246823197361444,false,5
4111,0.49913532855357196,0.24973277073702466,0.22487223168654175,0.24973277073702466,false,1
4112,0.5710463480679225,0.3218580085404921,0.30769230769230776,0.3218580085404921,false,4
4113,0.445436633249124,0.20397971810377835,0.1884469696969697,0.20397971810377835,false,4
4115,0.45411101067215787,0.21012883053345735,0.2349570200573066,0.21012883053345735,false,2
4116,0.2990346203233975,0.11117704619176538,0.09781477627471384,0.11117704619176538,false,1
4118,0.45411101067215787,0.21012883053345735,0.2349570200573066,0.21012883053345735,false,2
4119,0.49973472001611563,0.24842142390438235,0.2408026755852843,0.24842142390438235,false,3
4120,0.43770235870022967,0.19773360159743247,0.19471153846153846,0.19773360159743247,false,1
4121,0.45411101067215787,0.21012883053345735,0.2349570200573066,0.21012883053345735,false,2
4123,0.30808671098320684,0.11562812986009988,0.102803738317757,0.11562812986009988,false,1
4124,0.6714245409121787,0.43601918392006295,0.4583333333333333,0.43601918392006295,false,1
4125,0.3038788846036694,0.11342560884911888,0.1111111111111111,0.11342560884911888,false,4
4126,0.4053847547482532,0.17469938976855015,0.16071428571428573,0.17469938976855015,false,2
4127,0.5000732380330906,0.25095861586014306,0.2692307692307692,0.25095861586014306,false,4
4128,0.3271724003600125,0.1279166393608876,0.13073170731707318,0.1279166393608876,false,2
4129,0.3946810312948567,0.1684776490427243,0.1651376146788991,0.1684776490427243,false,5
4130,0.3077169372497371,0.11569677609711128,0.10569105691056911,0.11569677609711128,false,3
4131,0.5344783555641945,0.28102999278525814,0.2638297872340426,0.28102999278525814,false,3
4132,0.4029486112047998,0.17161997021670686,0.1753846153846154,0.17161997021670686,false,3
4133,0.6956410676541677,0.45000794058325866,0.49159663865546216,0.45000794058325866,false,5
4134,0.4570431303022219,0.2131703565257811,0.22487223168654175,0.2131703565257811,false,1
4135,0.790004527455218,0.5799739658329066,0.5373134328358209,0.5799739658329066,false,1
4136,0.26413955250872073,0.09524463509883094,0.07591240875912408,0.09524463509883094,false,4
4137,0.570017442797155,0.31694912950166254,0.3425925925925926,0.31694912950166254,false,3
4138,0.4181460845080896,0.18427817071579114,0.19455252918287938,0.18427817071579114,false,5
4139,0.29981652274635917,0.11143646322955082,0.1111111111111111,0.11143646322955082,false,4
4140,0.2905164448418104,0.10747024771619905,0.10187667560321716,0.10747024771619905,false,3
4141,0.4089603604105116,0.17644944127094628,0.1884469696969697,0.17644944127094628,false,4
4142,0.23793154834301503,0.08472477846547137,0.07591240875912408,0.08472477846547137,false,4
4143,0.21618100197800594,0.07698540438560213,0.07564422277639235,0.07698540438560213,false,1
4144,0.4159743403275504,0.1815065784949612,0.1884469696969697,0.1815065784949612,false,4
4145,0.40782071695303423,0.1756382877176847,0.1884469696969697,0.1756382877176847,false,4
4146,0.39788416466966486,0.16968524487468808,0.16071428571428573,0.16968524487468808,false,2
4147,0.3969186215051802,0.1699364938304519,0.18571428571428572,0.1699364938304519,false,5
4148,0.3792620051420686,0.15625453872304895,0.19471153846153846,0.15625453872304895,false,1
4149,0.4350431526305836,0.19582363633514382,0.1884469696969697,0.19582363633514382,false,4
4150,0.5526861150657284,0.3025174440459501,0.28969957081545067,0.3025174440459501,false,4
4151,0.5216520202246248,0.26869281256620714,0.25,0.26869281256620714,false,3
4152,0.379395391885637,0.15877807400435667,0.14814814814814814,0.15877807400435667,false,5
4153,0.4806102612131369,0.2314993405257462,0.2612612612612612,0.2314993405257462,false,2
4154,0.34223698429823374,0.13377361096956383,0.13059033989266547,0.13377361096956383,false,4
4155,0.7038204707095383,0.4695316030777697,0.4747191011235955,0.4695316030777697,false,3
4156,0.2608247786873456,0.09385219666738068,0.07591240875912408,0.09385219666738068,false,4
4157,0.42925333968309665,0.19143163764559923,0.19701986754966888,0.19143163764559923,false,2
4158,0.40535746460375455,0.17382953995003997,0.19471153846153846,0.17382953995003997,false,1
4159,0.5443077778435189,0.290714524921746,0.2638297872340426,0.290714524921746,false,3
4160,0.35879504292571646,0.1434718685924917,0.13894736842105262,0.1434718685924917,false,4
4161,0.7349129411958931,0.49821136503267155,0.5,0.49821136503267155,false,2
4162,0.3730438760386617,0.15206120777716084,0.17279411764705882,0.15206120777716084,false,3
4163,0.5919070246800051,0.3367370110404486,0.34049079754601225,0.3367370110404486,false,2
4164,0.6488557036851671,0.4090913180975327,0.391304347826087,0.4090913180975327,false,1
4165,0.3585878636356549,0.14630870283435807,0.14814814814814814,0.14630870283435807,false,5
4166,0.4221040531692125,0.18516545543288473,0.1753846153846154,0.18516545543288473,false,3
4167,0.6793919021669026,0.44030364993283505,0.4747191011235955,0.44030364993283505,false,3
4168,0.4413694104738341,0.20075830602537942,0.1884469696969697,0.20075830602537942,false,4
4169,0.5314035516288013,0.28094668702186393,0.28969957081545067,0.28094668702186393,false,4
4170,0.251802662712444,0.09015431952382336,0.07591240875912408,0.09015431952382336,false,4
4171,0.4788137585674725,0.23157569938594005,0.22487223168654175,0.23157569938594005,false,1
4172,0.701101510158061,0.4586610298102895,0.4634146341463415,0.4586610298102895,false,2
4173,0.20386735461703073,0.07343663176464423,0.07043343653250773,0.07343663176464423,false,3
4174,0.3077261422229532,0.11923007526747317,0.12717770034843207,0.11923007526747317,false,5
4175,0.5367247877290299,0.28573692623446034,0.3,0.28573692623446034,false,1
4176,0.28467657088097964,0.10442447568511735,0.09781477627471384,0.10442447568511735,false,1
4177,0.38767493267949626,0.161780892016397,0.1884469696969697,0.161780892016397,false,4
4178,0.3077261422229532,0.11923007526747317,0.12717770034843207,0.11923007526747317,false,5
4179,0.5950022422375117,0.339986945071606,0.34049079754601225,0.339986945071606,false,2
4180,0.5508971125581301,0.2948500242221065,0.2572178477690289,0.2948500242221065,false,5
4181,0.38767493267949626,0.161780892016397,0.1884469696969697,0.161780892016397,false,4
4182,0.45866765511057084,0.21328105383669174,0.22486288848263253,0.21328105383669174,false,3
4183,0.2872492162652721,0.10547504302048678,0.1111111111111111,0.10547504302048678,false,4
4184,0.7273680096923334,0.5054530337106781,0.5,0.5054530337106781,false,4
4185,0.3485685110540595,0.13744723539024986,0.14937759336099585,0.13744723539024986,false,3
4186,0.6827070256525433,0.4496341697670946,0.4583333333333333,0.4496341697670946,false,1
4187,0.5450812656722254,0.2947021493103579,0.28969957081545067,0.2947021493103579,false,4
4188,0.36021783186833384,0.14433194924836718,0.13894736842105262,0.14433194924836718,false,4
4189,0.3994506169481343,0.17159937782478094,0.18571428571428572,0.17159937782478094,false,5
4190,0.3427249792354561,0.1340513313282413,0.13059033989266547,0.1340513313282413,false,4
4191,0.27592643867394406,0.10341381367756536,0.08464419475655428,0.10341381367756536,false,2
4192,0.37893016505163124,0.15849009185983773,0.14814814814814814,0.15849009185983773,false,5
4193,0.6808074210941227,0.4351385737446517,0.4340659340659341,0.4351385737446517,false,2
4194,0.3211042287039404,0.12230010103547698,0.102803738317757,0.12230010103547698,false,1
4195,0.23476618893938905,0.08801462976600352,0.08004509582863585,0.08801462976600352,false,5
4196,0.5224702812278832,0.2681981114814209,0.2572178477690289,0.2681981114814209,false,5
4197,0.4054425036174843,0.1739550252445277,0.1884469696969697,0.1739550252445277,false,4
4198,0.3446391824947282,0.13514542178132316,0.13894736842105262,0.13514542178132316,false,4
4199,0.3669628154304629,0.148467762980687,0.13894736842105262,0.148467762980687,false,4
4200,0.37060521228661814,0.15074158183758488,0.13894736842105262,0.15074158183758488,false,4
4201,0.32134609833581046,0.12489917796492304,0.13073170731707318,0.12489917796492304,false,2
4202,0.5979344826912655,0.343079718495575,0.34049079754601225,0.343079718495575,false,2
4203,0.2564278361645138,0.09641949618085749,0.0974264705882353,0.09641949618085749,false,5
4204,0.34045297903959887,0.1328690418476351,0.14937759336099585,0.1328690418476351,false,3
4205,0.19661917665643294,0.07045569878189227,0.07564422277639235,0.07045569878189227,false,1
4206,0.36045138840812485,0.14739151364338335,0.14814814814814814,0.14739151364338335,false,5
4207,0.31361445636303936,0.11842179074693052,0.102803738317757,0.11842179074693052,false,1
4208,0.35110393881603374,0.13894361867032257,0.12310606060606061,0.13894361867032257,false,1
4209,0.19641736736767665,0.07474561755155978,0.08004509582863585,0.07474561755155978,false,5
4210,0.3099692963470871,0.12032692407142624,0.12717770034843207,0.12032692407142624,false,5
4211,0.4615199029150705,0.21686615553173538,0.22487223168654175,0.21686615553173538,false,1
4212,0.6389417166162986,0.3876334101831616,0.36363636363636365,0.3876334101831616,false,2
4213,0.30632540681377124,0.11501140095957103,0.10187667560321716,0.11501140095957103,false,3
4214,0.25637327816546673,0.09639745345588659,0.0974264705882353,0.09639745345588659,false,5
4215,0.33912436273706603,0.13430142198385792,0.13073170731707318,0.13430142198385792,false,2
4216,0.16561491778403473,0.06433040508240322,0.06451612903225806,0.06433040508240322,false,2
4217,0.40970179756830455,0.1769023617258941,0.19471153846153846,0.1769023617258941,false,1
4218,0.3730525879138334,0.1539015409518942,0.14182692307692307,0.1539015409518942,false,2
4219,0.25291622840081757,0.09060353265597725,0.07591240875912408,0.09060353265597725,false,4
4220,0.293752024714394,0.1085237627865233,0.1111111111111111,0.1085237627865233,false,4
4221,0.35108669681303967,0.1389335293555898,0.12310606060606061,0.1389335293555898,false,1
4222,0.37032723594929623,0.15056704641912183,0.13894736842105262,0.15056704641912183,false,4
4223,0.43236450578926955,0.19275410751529687,0.22486288848263253,0.19275410751529687,false,3
4224,0.2406846225781117,0.09024296570433714,0.0945945945945946,0.09024296570433714,false,5
4225,0.31664342916731797,0.11997725117634184,0.102803738317757,0.11997725117634184,false,1
4226,0.40809301892397054,0.17583183439449743,0.1884469696969697,0.17583183439449743,false,4
4227,0.6190336973241929,0.3657154702709331,0.34049079754601225,0.3657154702709331,false,2
4228,0.5800691008459328,0.3237376773188903,0.3174061433447099,0.3237376773188903,false,5
4229,0.275507123740443,0.10440887046749872,0.10112359550561797,0.10440887046749872,false,5
4231,0.4435790856792379,0.20204769961282487,0.19701986754966888,0.20204769961282487,false,2
4232,0.3443876735438989,0.13505983007121433,0.12310606060606061,0.13505983007121433,false,1
4233,0.44658859926584826,0.20489908035009458,0.1884469696969697,0.20489908035009458,false,4
4235,0.76664898523345,0.5451810319018133,0.5342465753424658,0.5451810319018133,false,3
4236,0.49557377050302653,0.24683118496556078,0.2692307692307692,0.24683118496556078,false,4
4238,0.25244798060863305,0.09482331179349705,0.0974264705882353,0.09482331179349705,false,5
4242,0.3381424060730349,0.1315894144805296,0.14814814814814814,0.1315894144805296,false,3
4244,0.19546629475373392,0.07444113285542661,0.08004509582863585,0.07444113285542661,false,5
4245,0.33779458138873836,0.13126773728453184,0.13059033989266547,0.13126773728453184,false,4
4246,0.39211715753285425,0.16590837484615129,0.16071428571428573,0.16590837484615129,false,2
4248,0.5548837579871099,0.299115597067696,0.2683397683397683,0.299115597067696,false,2
4249,0.564223956503142,0.31092670363774927,0.3425925925925926,0.31092670363774927,false,3
4250,0.35678869189829415,0.1452695468204519,0.14814814814814814,0.1452695468204519,false,5
4252,0.3295030679149719,0.12677866180242092,0.12310606060606061,0.12677866180242092,false,1
4253,0.41355307425758064,0.1802919762083748,0.19701986754966888,0.1802919762083748,false,2
4254,0.29922495720835846,0.11114935970329308,0.1111111111111111,0.11114935970329308,false,4
4255,0.28107125860064297,0.105672621995842,0.08464419475655428,0.105672621995842,false,2
4256,0.2511163176723618,0.09003948052432571,0.07564422277639235,0.09003948052432571,false,1
4258,0.3412507449830139,0.13327744970657485,0.12310606060606061,0.13327744970657485,false,1
4260,0.2781055826984587,0.10145671740648836,0.09781477627471384,0.10145671740648836,false,1
4261,0.210046989328479,0.07923654296993721,0.08004509582863585,0.07923654296993721,false,5
4262,0.22773517085016554,0.08092465257476299,0.07591240875912408,0.08092465257476299,false,4
4263,0.5330029727767137,0.27959343212337684,0.2638297872340426,0.27959343212337684,false,3
4264,0.2753768614878535,0.10065957635677791,0.08676789587852494,0.10065957635677791,false,3
4268,0.0903794074050626,0.04707610757244302,0.0,0.04707610757244302,false,5
4271,0.3588865915658797,0.14356074857492343,0.12310606060606061,0.14356074857492343,false,1
4272,0.32350075533395234,0.12600790679026178,0.13073170731707318,0.12600790679026178,false,2
4273,0.3964500939080032,0.16766126252213615,0.19471153846153846,0.16766126252213615,false,1
4274,0.2738809602357175,0.09958841375686607,0.09781477627471384,0.09958841375686607,false,1
4275,0.3481501114281697,0.13720799788069848,0.14937759336099585,0.13720799788069848,false,3
4277,0.7340398019860191,0.49718760536831785,0.4634146341463415,0.49718760536831785,false,2
4278,0.31882640311562815,0.12361322934104388,0.13073170731707318,0.12361322934104388,false,2
4279,0.519719929324224,0.26686438044577127,0.25,0.26686438044577127,false,3
4281,0.2561717268265888,0.0920860733094601,0.09781477627471384,0.0920860733094601,false,1
4282,0.27068651953013967,0.10233669735684155,0.0974264705882353,0.10233669735684155,false,5
4283,0.5387969756858428,0.2883335063940139,0.28969957081545067,0.2883335063940139,false,4
4284,0.30676302681245304,0.11496771197036554,0.09781477627471384,0.11496771197036554,false,1
4285,0.45933381408762375,0.2138210420079336,0.22486288848263253,0.2138210420079336,false,3
4286,0.5281358050464238,0.2748863417200662,0.25,0.2748863417200662,false,3
4287,0.21096994708036582,0.07580360566090649,0.07043343653250773,0.07580360566090649,false,3
4288,0.22106950502578823,0.0818748819929288,0.08464419475655428,0.0818748819929288,false,2
4290,0.16803259011656255,0.06250195470543296,0.07043343653250773,0.06250195470543296,false,3
4291,0.419165397177369,0.18498986056555636,0.19455252918287938,0.18498986056555636,false,5
4292,0.27942872100809046,0.10612185575708702,0.10112359550561797,0.10612185575708702,false,5
4294,0.30915689022140636,0.11992867438343037,0.12717770034843207,0.11992867438343037,false,5
4295,0.2691178005324674,0.09751870158755575,0.09781477627471384,0.09751870158755575,false,1
4296,0.18588852430959787,0.0714378393715462,0.08004509582863585,0.0714378393715462,false,5
4297,0.18577258631333396,0.07140217911251584,0.08004509582863585,0.07140217911251584,false,5
4298,0.7480317708026171,0.5307632427594098,0.5164835164835165,0.5307632427594098,false,4
4299,0.380497524214422,0.1585035180228316,0.14182692307692307,0.1585035180228316,false,2
4300,0.1889658127674661,0.07239038125838443,0.08004509582863585,0.07239038125838443,false,5
4302,0.3094491079651348,0.1189270056286136,0.13073170731707318,0.1189270056286136,false,2
4303,0.6700877428954851,0.43441198544438164,0.4,0.43441198544438164,false,1
4304,0.6967000466175035,0.4535400126029518,0.4340659340659341,0.4535400126029518,false,2
4305,0.7726771868431739,0.5591997028274115,0.5255813953488372,0.5591997028274115,false,1
4306,0.3240573663508105,0.12377001424620135,0.13059033989266547,0.12377001424620135,false,4
4307,0.5589272997157214,0.30901815615326367,0.28969957081545067,0.30901815615326367,false,4
4308,0.3247811888679849,0.12439356549670462,0.12396694214876033,0.12439356549670462,false,3
4309,0.21909626743185726,0.08235313499689027,0.08004509582863585,0.08235313499689027,false,5
4311,0.16128918914649337,0.059944656918430345,0.06857142857142857,0.059944656918430345,false,1
4312,0.22586539872966,0.08358171627585947,0.08464419475655428,0.08358171627585947,false,2
4313,0.22917430472181266,0.08219314983878176,0.07043343653250773,0.08219314983878176,false,3
4314,0.5137289801772174,0.2633444984849872,0.24489795918367344,0.2633444984849872,false,1
4315,0.24860512599790827,0.08903817742619101,0.07564422277639235,0.08903817742619101,false,1
4316,0.28656564367654996,0.10529175178265147,0.09781477627471384,0.10529175178265147,false,1
4317,0.2882835356119726,0.10644086045857579,0.10187667560321716,0.10644086045857579,false,3
4318,0.2971144093879009,0.11415777780108345,0.11331444759206799,0.11415777780108345,false,5
4319,0.20064370502555343,0.07157222669724113,0.07317073170731705,0.07157222669724113,false,4
4320,0.19343268641495467,0.07379389938130133,0.08004509582863585,0.07379389938130133,false,5
4321,0.25695636937644517,0.09545062795497034,0.08464419475655428,0.09545062795497034,false,2
4322,0.23098107963140568,0.0821172045105978,0.07591240875912408,0.0821172045105978,false,4
4323,0.18167410962148542,0.06901556404830218,0.0755813953488372,0.06901556404830218,false,2
4324,0.18167410962148542,0.06901556404830218,0.0755813953488372,0.06901556404830218,false,2
4326,0.43546376665271985,0.1959807412195773,0.19701986754966888,0.1959807412195773,false,2
4329,0.4134759081063699,0.17960633398513803,0.19471153846153846,0.17960633398513803,false,1
4331,0.21439068357119465,0.08071883750128007,0.08004509582863585,0.08071883750128007,false,5
4332,0.4166444377132033,0.18199557963663857,0.1884469696969697,0.18199557963663857,false,4
4333,0.1899345436804064,0.07269265692436794,0.08004509582863585,0.07269265692436794,false,5
4335,0.44502314462395876,0.2037573073399154,0.21678321678321674,0.2037573073399154,false,5
4336,0.2284146467993648,0.08117297881810305,0.07591240875912408,0.08117297881810305,false,4
4337,0.41870911814168693,0.1827059327839325,0.1753846153846154,0.1827059327839325,false,3
4339,0.4141663758664118,0.1807174696026958,0.19701986754966888,0.1807174696026958,false,2
4340,0.5098062390299777,0.2568285158059821,0.2572178477690289,0.2568285158059821,false,5
4345,0.29306411814886535,0.10865542898345201,0.10187667560321716,0.10865542898345201,false,3
4350,0.15318690187632605,0.06200812699797439,0.02857142857142857,0.06200812699797439,false,5
4351,0.13674700934537432,0.05333654023135251,0.07317073170731705,0.05333654023135251,false,4
4352,0.34472270391034,0.13519333076291332,0.13894736842105262,0.13519333076291332,false,4
4353,0.34733582388307854,0.13991014574200694,0.14814814814814814,0.13991014574200694,false,5
4355,0.1490106219048539,0.057333536454376034,0.06818181818181818,0.057333536454376034,false,3
4356,0.22243421439612335,0.07918710623255185,0.07564422277639235,0.07918710623255185,false,1
4357,0.884268156747562,0.6864835520779387,0.7468354430379747,0.6864835520779387,false,1
4358,0.31073468643290425,0.11719532170773451,0.10569105691056911,0.11719532170773451,false,3
4359,0.5329030443558161,0.2778005368746356,0.2572178477690289,0.2778005368746356,false,5
4360,0.32922523185840324,0.12899453684754444,0.13073170731707318,0.12899453684754444,false,2
4361,0.42230680542088433,0.18643934276300958,0.19701986754966888,0.18643934276300958,false,2
4362,0.3627657206499,0.14874548649330652,0.14814814814814814,0.14874548649330652,false,5
4363,0.4887003107121973,0.24061471177206567,0.23670212765957446,0.24061471177206567,false,4
4364,0.4887003107121973,0.24061471177206567,0.23670212765957446,0.24061471177206567,false,4
4365,0.45000002048346255,0.2069465511442131,0.2349570200573066,0.2069465511442131,false,2
4366,0.44205636977959645,0.20129972101469054,0.1884469696969697,0.20129972101469054,false,4
4367,0.24035775144559218,0.09011858154931654,0.0945945945945946,0.09011858154931654,false,5
4368,0.360571904995486,0.14454665260263616,0.13894736842105262,0.14454665260263616,false,4
4369,0.5766200137796742,0.3202454697584286,0.3174061433447099,0.3202454697584286,false,5
4370,0.6280797645443209,0.3742610284015225,0.3416666666666667,0.3742610284015225,false,5
4371,0.5145638068763023,0.2641374036999909,0.24489795918367344,0.2641374036999909,false,1
4372,0.8884282539400625,0.6710307124393959,0.7272727272727273,0.6710307124393959,false,2
4373,0.2809572719815589,0.10259734860862324,0.10101010101010101,0.10259734860862324,false,4
4375,0.5145638068763023,0.2641374036999909,0.24489795918367344,0.2641374036999909,false,1
4376,0.31436397871753735,0.1213636981830116,0.13073170731707318,0.1213636981830116,false,2
4377,0.7314875875916745,0.5028777623780476,0.4747191011235955,0.5028777623780476,false,3
4378,0.639499748057954,0.3990679233021326,0.4343987204216628,0.3990679233021326,false,4
4379,0.6014104689920267,0.35520172634417996,0.3566666666666667,0.35520172634417996,false,4
4380,0.7566873359830961,0.5332355006565587,0.4747191011235955,0.5332355006565587,false,3
4381,0.6014104689920267,0.35520172634417996,0.3566666666666667,0.35520172634417996,false,4
4383,0.252943080034697,0.09502058333744104,0.0974264705882353,0.09502058333744104,false,5
4384,0.5302478162712309,0.27533665801537704,0.2572178477690289,0.27533665801537704,false,5
4387,0.33608387058471223,0.13045819105746695,0.14814814814814814,0.13045819105746695,false,3
4388,0.6305185358717147,0.3885478341045795,0.3566666666666667,0.3885478341045795,false,4
4390,0.3094602004098105,0.11893245707964867,0.13073170731707318,0.11893245707964867,false,2
4391,0.6094885443332259,0.3542971010543433,0.3174061433447099,0.3542971010543433,false,5
4392,0.8285537379842981,0.6024764442717728,0.6551724137931034,0.6024764442717728,false,5
4394,0.23989556556287234,0.0899429697328115,0.0945945945945946,0.0899429697328115,false,5
4395,0.44886479428551196,0.20666322100519377,0.21678321678321674,0.20666322100519377,false,5
4396,0.5144830311869459,0.26095765345369826,0.2683397683397683,0.26095765345369826,false,2
4397,0.844480422537532,0.6431632019702196,0.7468354430379747,0.6431632019702196,false,1
4398,0.5939599893403424,0.3460992559879554,0.31493506493506496,0.3460992559879554,false,1
4399,0.8431864324620574,0.6186115340191801,0.675,0.6186115340191801,false,5
4400,0.5661483725961972,0.309766712075124,0.2698412698412698,0.309766712075124,false,5
4401,0.3141877858949334,0.12241326227918636,0.12717770034843207,0.12241326227918636,false,5
4402,0.47163121424430005,0.2239678627696247,0.22486288848263253,0.2239678627696247,false,3
4403,0.31436397871753735,0.1213636981830116,0.13073170731707318,0.1213636981830116,false,2
4404,0.5400191658717496,0.2895656760076563,0.28969957081545067,0.2895656760076563,false,4
4408,0.40324208408792556,0.17325520829037683,0.16071428571428573,0.17325520829037683,false,2
4409,0.5334094427738258,0.278436581667134,0.2683397683397683,0.278436581667134,false,2
4410,0.6776963054039039,0.4295066563085515,0.45180722891566266,0.4295066563085515,false,5
4411,0.6532982629135856,0.4020286589989753,0.40625,0.4020286589989753,false,5
4412,0.5577629008688497,0.3071924550652906,0.3023255813953488,0.3071924550652906,false,1
4413,0.5389084131659275,0.28792172055866844,0.3,0.28792172055866844,false,1
4414,0.23230515471655122,0.08260825135771278,0.07591240875912408,0.08260825135771278,false,4
4415,0.34050200192380353,0.13289630520783496,0.14937759336099585,0.13289630520783496,false,3
4418,0.5315158168765236,0.2810579863318676,0.28969957081545067,0.2810579863318676,false,4
4419,0.24463346899462532,0.09175787870846412,0.0974264705882353,0.09175787870846412,false,5
4420,0.5703489198455286,0.32111150977415337,0.30769230769230776,0.32111150977415337,false,4
4421,0.5803777646968686,0.3240511669790344,0.3174061433447099,0.3240511669790344,false,5
4422,0.3357850073814001,0.1301473247968661,0.13059033989266547,0.1301473247968661,false,4
4425,0.2618618807903307,0.09443955060215509,0.09781477627471384,0.09443955060215509,false,1
4426,0.619346225919046,0.366055554493972,0.34049079754601225,0.366055554493972,false,2
4427,0.2618618807903307,0.09443955060215509,0.09781477627471384,0.09443955060215509,false,1
4428,0.25123575453594105,0.09434184951804832,0.0974264705882353,0.09434184951804832,false,5
4429,0.6927684093312307,0.461840226870791,0.5,0.461840226870791,false,1
4430,0.5316940843367469,0.27682310105328783,0.2683397683397683,0.27682310105328783,false,2
4431,0.5870327165789901,0.33921324097296685,0.30769230769230776,0.33921324097296685,false,4
4432,0.6492161822850392,0.39913212504342754,0.41509433962264153,0.39913212504342754,false,2
4434,0.7497590089980133,0.5328735175224558,0.5164835164835165,0.5328735175224558,false,4
4435,0.33549699668354144,0.13343258685960682,0.12717770034843207,0.13343258685960682,false,5
4436,0.41273779802285326,0.17972756827812558,0.19701986754966888,0.17972756827812558,false,2
4437,0.28969154376482953,0.10674081792590136,0.09781477627471384,0.10674081792590136,false,1
4439,0.5181221935856117,0.2642587394899079,0.2572178477690289,0.2642587394899079,false,5
4440,0.25600507634944974,0.0962488088704236,0.0974264705882353,0.0962488088704236,false,5
4441,0.17112916305483278,0.06338345101412193,0.07043343653250773,0.06338345101412193,false,3
4442,0.20434131627712063,0.07296985481152646,0.07564422277639235,0.07296985481152646,false,1
4443,0.4459045714837904,0.20417509888524957,0.19471153846153846,0.20417509888524957,false,1
4444,0.4199933933776834,0.18435161975676997,0.19471153846153846,0.18435161975676997,false,1
4445,0.38261237310464824,0.1581120768502075,0.1753846153846154,0.1581120768502075,false,3
4446,0.3228858651822221,0.12340060524262983,0.12396694214876033,0.12340060524262983,false,3
4447,0.42585708954753543,0.18870330930537757,0.19471153846153846,0.18870330930537757,false,1
4448,0.23989556556287234,0.0899429697328115,0.0945945945945946,0.0899429697328115,false,5
4449,0.3760917710020346,0.15674226177801945,0.14814814814814814,0.15674226177801945,false,5
4450,0.3046488750597266,0.11391971852953918,0.09781477627471384,0.11391971852953918,false,1
4451,0.31905199895793585,0.12372789903833718,0.13073170731707318,0.12372789903833718,false,2
4452,0.2876629867771199,0.10979938586679709,0.11331444759206799,0.10979938586679709,false,5
4453,0.30582604167648497,0.11450221351203486,0.09781477627471384,0.11450221351203486,false,1
4454,0.4912561543314988,0.24050115835121713,0.2612612612612612,0.24050115835121713,false,2
4455,0.4435790856792379,0.20204769961282487,0.19701986754966888,0.20204769961282487,false,2
4456,0.5488850865543795,0.29802903491656174,0.3023255813953488,0.29802903491656174,false,1
4457,0.35181707524373207,0.1413745843525691,0.13073170731707318,0.1413745843525691,false,2
4458,0.45351309654291555,0.2096637679382385,0.2349570200573066,0.2096637679382385,false,2
4459,0.48053401593002903,0.23336916949382627,0.23670212765957446,0.23336916949382627,false,4
4460,0.5373501001265899,0.2868788562210796,0.28969957081545067,0.2868788562210796,false,4
4461,0.2928665298418372,0.10823058533698489,0.09781477627471384,0.10823058533698489,false,1
4462,0.4196571514309212,0.18410445114563043,0.19471153846153846,0.18410445114563043,false,1
4464,0.29171622087653876,0.11165033059439733,0.11331444759206799,0.11165033059439733,false,5
4465,0.364728527783085,0.14710988072421752,0.15702479338842976,0.14710988072421752,false,1
4466,0.2164645963083737,0.07708402922931117,0.07564422277639235,0.07708402922931117,false,1
4467,0.491316204133706,0.24263573297329488,0.22487223168654175,0.24263573297329488,false,1
4468,0.2465446845466358,0.09249926699599188,0.0974264705882353,0.09249926699599188,false,5
4469,0.28163722448827294,0.10290494951642938,0.10101010101010101,0.10290494951642938,false,4
4470,0.514111177237267,0.2641278705376349,0.2692307692307692,0.2641278705376349,false,4
4471,0.48238529386177675,0.23499832034064647,0.23670212765957446,0.23499832034064647,false,4
4472,0.22504557073736006,0.08446247806413165,0.08004509582863585,0.08446247806413165,false,5
4473,0.4129882118991681,0.18070940689138992,0.19455252918287938,0.18070940689138992,false,5
4474,0.20709826986604388,0.07450479445310296,0.07043343653250773,0.07450479445310296,false,3
4475,0.2802635534681188,0.10228435967989769,0.10101010101010101,0.10228435967989769,false,4
4476,0.24655989299132852,0.09250518809127412,0.0974264705882353,0.09250518809127412,false,5
4477,0.41750294700424784,0.18304601404956908,0.19701986754966888,0.18304601404956908,false,2
4478,0.4773267688893095,0.23028397441946055,0.22487223168654175,0.23028397441946055,false,1
4479,0.6074479966512513,0.36201573871874754,0.3566666666666667,0.36201573871874754,false,4
4480,0.5654515475340802,0.31525364169838915,0.31493506493506496,0.31525364169838915,false,1
4481,0.21209747615641164,0.07539799826106883,0.07591240875912408,0.07539799826106883,false,4
4482,0.33910356080017257,0.13200193798676554,0.13059033989266547,0.13200193798676554,false,4
4483,0.49060643151413785,0.24199833966516815,0.22487223168654175,0.24199833966516815,false,1
4485,0.22554912130077998,0.08346816583447975,0.08464419475655428,0.08346816583447975,false,2
4486,0.3231665405714616,0.12354722032475807,0.12396694214876033,0.12354722032475807,false,3
4487,0.4654773391214356,0.21884785507689333,0.22486288848263253,0.21884785507689333,false,3
4491,0.2819785578714838,0.10607545229806326,0.08464419475655428,0.10607545229806326,false,2
4492,0.2500863811751215,0.0894658994056812,0.07591240875912408,0.0894658994056812,false,4
4493,0.21490234598526634,0.080895099375155,0.08004509582863585,0.080895099375155,false,5
4496,0.6593037526074533,0.4165661753682186,0.449438202247191,0.4165661753682186,false,3
4499,0.20209825060391992,0.07285774452585084,0.07043343653250773,0.07285774452585084,false,3
4500,0.26546300928833716,0.0964099146771542,0.08676789587852494,0.0964099146771542,false,3
4503,0.5474085187806151,0.2938101036235195,0.2638297872340426,0.2938101036235195,false,3
4505,0.24955281526695805,0.09367706407830764,0.0974264705882353,0.09367706407830764,false,5
4507,0.3568190145754442,0.14232182478147498,0.12310606060606061,0.14232182478147498,false,1
4509,0.4997828303315057,0.2480563267870594,0.2572178477690289,0.2480563267870594,false,5
4510,0.6674850831785152,0.43128685573236636,0.391304347826087,0.43128685573236636,false,1
4511,0.6567691103927684,0.40590452243975367,0.4339622641509434,0.40590452243975367,false,5
4512,0.22547317068219805,0.08027775350378887,0.07564422277639235,0.08027775350378887,false,1
4513,0.6638903184268563,0.42697949359020776,0.391304347826087,0.42697949359020776,false,1
4514,0.43798095316994334,0.19700726008006003,0.22486288848263253,0.19700726008006003,false,3
4516,0.3283935964260203,0.12630509192893935,0.12396694214876033,0.12630509192893935,false,3
4517,0.3381173604571952,0.13484408078254495,0.14814814814814814,0.13484408078254495,false,5
4518,0.3381173604571952,0.13484408078254495,0.14814814814814814,0.13484408078254495,false,5
4519,0.3091162032919099,0.11614404584007562,0.102803738317757,0.11614404584007562,false,1
4520,0.48330284423347025,0.23375366418558474,0.2612612612612612,0.23375366418558474,false,2
4521,0.5531802544492416,0.29962313220187026,0.2638297872340426,0.29962313220187026,false,3
4522,0.37994731798991294,0.1564073760903454,0.17279411764705882,0.1564073760903454,false,3
4523,0.4308822926540908,0.192616985415533,0.19701986754966888,0.192616985415533,false,2
4524,0.408662739886579,0.17616355959679697,0.19471153846153846,0.17616355959679697,false,1
4525,0.14145966026208173,0.05891901278472132,0.018867924528301886,0.05891901278472132,false,5
4526,0.41162470726428374,0.17835729819428112,0.1884469696969697,0.17835729819428112,false,4
4527,0.40260922273253263,0.17369183987070602,0.19455252918287938,0.17369183987070602,false,5
4528,0.22651489920259518,0.08381534125798831,0.08464419475655428,0.08381534125798831,false,2
4530,0.22734800171553118,0.08529189577048091,0.08004509582863585,0.08529189577048091,false,5
4531,0.3188111794201088,0.12360549447060772,0.13073170731707318,0.12360549447060772,false,2
4532,0.22514010908793178,0.08073619597745754,0.07043343653250773,0.08073619597745754,false,3
4533,0.2074499777110487,0.07400511238627391,0.07564422277639235,0.07400511238627391,false,1
4534,0.2026340668688977,0.07676423311520968,0.08004509582863585,0.07676423311520968,false,5
4535,0.1700843403915122,0.06672578907573412,0.07586206896551724,0.06672578907573412,false,5
4536,0.47586652429149695,0.22902040482293742,0.22487223168654175,0.22902040482293742,false,1
4537,0.33653973486158184,0.13056715686420506,0.13059033989266547,0.13056715686420506,false,4
4538,0.6057283352818807,0.3600691144638746,0.3566666666666667,0.3600691144638746,false,4
4539,0.6174314908772881,0.3639741056177346,0.34049079754601225,0.3639741056177346,false,2
4540,0.6164689264695938,0.36734380349054613,0.345679012345679,0.36734380349054613,false,3
4541,0.41422040914869007,0.18014352996597358,0.19471153846153846,0.18014352996597358,false,1
4542,0.41438774607381723,0.18167239560071566,0.19455252918287938,0.18167239560071566,false,5
4543,0.3675294533262265,0.15156475066557779,0.14814814814814814,0.15156475066557779,false,5
4544,0.39015561945844857,0.16555775838934908,0.1651376146788991,0.16555775838934908,false,5
4545,0.29969399749810965,0.11179356924845052,0.10187667560321716,0.11179356924845052,false,3
4547,0.6024283394552971,0.3517407850206253,0.3425925925925926,0.3517407850206253,false,3
4548,0.4510674243005726,0.20776938087491567,0.2349570200573066,0.20776938087491567,false,2
4549,0.5862130091436029,0.3383122480768637,0.30769230769230776,0.3383122480768637,false,4
4550,0.49383304807279516,0.24490510388050427,0.22487223168654175,0.24490510388050427,false,1
4551,0.521075481195279,0.2681463767207041,0.25,0.2681463767207041,false,3
4552,0.3060741303712355,0.11727836381614759,0.10574712643678161,0.11727836381614759,false,2
4553,0.32996780563444117,0.13049521857880272,0.12717770034843207,0.13049521857880272,false,5
4554,0.5469469165875237,0.2933480517313009,0.2638297872340426,0.2933480517313009,false,3
4555,0.5122999020832492,0.2624040248224742,0.2692307692307692,0.2624040248224742,false,4
4556,0.30650953625396926,0.11863880709418195,0.12717770034843207,0.11863880709418195,false,5
4557,0.3541226869843737,0.14374100266384957,0.14814814814814814,0.14374100266384957,false,5
4558,0.5499807716109252,0.29915144031140206,0.3023255813953488,0.29915144031140206,false,1
4560,0.4955657303703447,0.24468358102806625,0.2408026755852843,0.24468358102806625,false,3
4561,0.2796488581014337,0.10504380802319273,0.08464419475655428,0.10504380802319273,false,2
4562,0.33547126419053597,0.13341878789147502,0.12717770034843207,0.13341878789147502,false,5
4563,0.37838735942733465,0.15815462337342268,0.14814814814814814,0.15815462337342268,false,5
4564,0.3323694020899379,0.13066046689976904,0.13073170731707318,0.13066046689976904,false,2
4565,0.46072036729716287,0.215823600952699,0.21678321678321674,0.215823600952699,false,5
4566,0.5061564384229328,0.25349659529533886,0.2683397683397683,0.25349659529533886,false,2
4567,0.4236687371918044,0.18707008947027698,0.19471153846153846,0.18707008947027698,false,1
4568,0.574740088109915,0.32190430712546786,0.3425925925925926,0.32190430712546786,false,3
4569,0.4274214992640365,0.1890690633335153,0.19718309859154928,0.1890690633335153,false,3
4570,0.5280878933342137,0.27334241470303394,0.2572178477690289,0.27334241470303394,false,5
4571,0.3072175799073836,0.11898260564745639,0.12717770034843207,0.11898260564745639,false,5
4572,0.3061861444214861,0.11456909994609968,0.1111111111111111,0.11456909994609968,false,4
4573,0.5868434531675658,0.3314535749163455,0.34049079754601225,0.3314535749163455,false,2
4574,0.5069970778760498,0.2550234503486583,0.25,0.2550234503486583,false,3
4575,0.5190659440339186,0.2662472778418758,0.25,0.2662472778418758,false,3
4576,0.5299606331417386,0.27951857699847377,0.28969957081545067,0.27951857699847377,false,4
4577,0.4139553444027421,0.1805709729688247,0.19701986754966888,0.1805709729688247,false,2
4578,0.3705433568796498,0.15070272975660476,0.13894736842105262,0.15070272975660476,false,4
4579,0.20527161047541323,0.07389914500016048,0.07043343653250773,0.07389914500016048,false,3
4580,0.34837490171093566,0.13942619776944276,0.13073170731707318,0.13942619776944276,false,2
4581,0.3578361817960674,0.14289464361760457,0.13894736842105262,0.14289464361760457,false,4
4582,0.37838735942733465,0.15815462337342268,0.14814814814814814,0.15815462337342268,false,5
4583,0.443936222399418,0.20231788751849114,0.19701986754966888,0.20231788751849114,false,2
4584,0.40010258745392646,0.1702219590831744,0.1884469696969697,0.1702219590831744,false,4
4585,0.4293665470882896,0.1913453066721682,0.19471153846153846,0.1913453066721682,false,1
4586,0.3163450035133707,0.11982322127851401,0.102803738317757,0.11982322127851401,false,1
4588,0.5395943863435094,0.2843018789913568,0.2683397683397683,0.2843018789913568,false,2
4589,0.3571964848823949,0.14245919991196473,0.14937759336099585,0.14245919991196473,false,3
4590,0.4608744367670935,0.2150736800517743,0.22486288848263253,0.2150736800517743,false,3
4591,0.5111170284671487,0.26087360599676784,0.24489795918367344,0.26087360599676784,false,1
4592,0.521075481195279,0.2681463767207041,0.25,0.2681463767207041,false,3
4593,0.25189174696295963,0.09019018220384507,0.07591240875912408,0.09019018220384507,false,4
4594,0.32078788044999645,0.12573987861436095,0.12717770034843207,0.12573987861436095,false,5
4595,0.24872017894989804,0.0921671522676566,0.08464419475655428,0.0921671522676566,false,2
4596,0.30650953625396926,0.11863880709418195,0.12717770034843207,0.11863880709418195,false,5
4597,0.37728548613035634,0.15498619692266555,0.16,0.15498619692266555,false,4
4598,0.48772908953866256,0.23942610977494977,0.22487223168654175,0.23942610977494977,false,1
4599,0.6696157680227227,0.4203490136464912,0.45180722891566266,0.4203490136464912,false,5
4600,0.32371442108355325,0.12383384524599943,0.12396694214876033,0.12383384524599943,false,3
4601,0.25283204480957466,0.0949763096100457,0.0974264705882353,0.0949763096100457,false,5
4602,0.6009624421430373,0.35469837144492244,0.3566666666666667,0.35469837144492244,false,4
4603,0.3637049510623748,0.14929789350783365,0.14814814814814814,0.14929789350783365,false,5
4604,0.7222637647620259,0.49174879702620855,0.4747191011235955,0.49174879702620855,false,3
4605,0.32364128455987823,0.12363840447686762,0.102803738317757,0.12363840447686762,false,1
4606,0.5464527626996738,0.2955460807496853,0.3,0.2955460807496853,false,1
4607,0.48579661405018404,0.23770910174277496,0.22487223168654175,0.23770910174277496,false,1
4608,0.35363664671941164,0.14037307906832458,0.14937759336099585,0.14037307906832458,false,3
4609,0.5180182339440567,0.2674345899993952,0.24489795918367344,0.2674345899993952,false,1
4610,0.2742945637927295,0.09976996654750298,0.09781477627471384,0.09976996654750298,false,1
4611,0.38742326822544804,0.1616134999076565,0.1884469696969697,0.1616134999076565,false,4
4612,0.4586629875844651,0.2136942055960221,0.2349570200573066,0.2136942055960221,false,2
4613,0.2696001215683212,0.09816348950898646,0.08676789587852494,0.09816348950898646,false,3
4614,0.35261837337049606,0.13978742546854994,0.13894736842105262,0.13978742546854994,false,4
4615,0.5110752346910479,0.2578869946838569,0.2683397683397683,0.2578869946838569,false,2
4616,0.4337615260778206,0.1954144759942628,0.20187793427230047,0.1954144759942628,false,5
4617,0.5018693634229885,0.2522467516130856,0.22487223168654175,0.2522467516130856,false,1
4618,0.3650934538634628,0.14910322557709604,0.14182692307692307,0.14910322557709604,false,2
4619,0.4914677043640141,0.2431046624339834,0.2692307692307692,0.2431046624339834,false,4
4620,0.5528405536633666,0.2971104669406521,0.2683397683397683,0.2971104669406521,false,2
4621,0.274036579469317,0.10259486418789683,0.08464419475655428,0.10259486418789683,false,2
4622,0.2724349514624041,0.10308402907183344,0.0974264705882353,0.10308402907183344,false,5
4623,0.42728549159106494,0.1889684365932754,0.19718309859154928,0.1889684365932754,false,3
4624,0.4275348240546731,0.189152939278163,0.19718309859154928,0.189152939278163,false,3
4625,0.4284426487352285,0.19077344269839105,0.1884469696969697,0.19077344269839105,false,4
4626,0.29274222785237,0.11212317280709545,0.11331444759206799,0.11212317280709545,false,5
4627,0.3126927663544042,0.12053035434630045,0.13073170731707318,0.12053035434630045,false,2
4628,0.3305790236776663,0.12970961044781282,0.13073170731707318,0.12970961044781282,false,2
4629,0.4173092087041202,0.18238564903284749,0.19471153846153846,0.18238564903284749,false,1
4630,0.3472564368743524,0.13669817480628274,0.14937759336099585,0.13669817480628274,false,3
4631,0.5045882750181493,0.2522367099036649,0.2572178477690289,0.2522367099036649,false,5
4632,0.46248291996530805,0.21789781519032267,0.23670212765957446,0.21789781519032267,false,4
4633,0.3200148218680944,0.12190944239155789,0.12396694214876033,0.12190944239155789,false,3
4634,0.3635029837131085,0.14633421005648045,0.13894736842105262,0.14633421005648045,false,4
4635,0.41247816454254993,0.17954811641411486,0.19701986754966888,0.17954811641411486,false,2
4636,0.41810757071061844,0.18306685428597289,0.1884469696969697,0.18306685428597289,false,4
4637,0.4062415442233929,0.17527952472404326,0.19701986754966888,0.17527952472404326,false,2
4639,0.3627657206499,0.14874548649330652,0.14814814814814814,0.14874548649330652,false,5
4640,0.24118071857679751,0.08596935058759253,0.07591240875912408,0.08596935058759253,false,4
4641,0.324200465787151,0.12749007900568537,0.12717770034843207,0.12749007900568537,false,5
4642,0.45861871364754536,0.21446581885153954,0.22487223168654175,0.21446581885153954,false,1
4643,0.2844355282029276,0.10834482908212699,0.11331444759206799,0.10834482908212699,false,5
4644,0.31774624883218855,0.12306545439009556,0.13073170731707318,0.12306545439009556,false,2
4645,0.4160393807596933,0.18281397936263638,0.19455252918287938,0.18281397936263638,false,5
4646,0.34563373909993983,0.13571684354501382,0.13894736842105262,0.13571684354501382,false,4
4647,0.2868587319592556,0.10943532934336221,0.11331444759206799,0.10943532934336221,false,5
4648,0.2952875816034311,0.11214160986739834,0.10574712643678161,0.11214160986739834,false,2
4649,0.33192614261592046,0.12809653758008016,0.12310606060606061,0.12809653758008016,false,1
4651,0.22384688315485704,0.0802741547807804,0.07043343653250773,0.0802741547807804,false,3
4653,0.22933093910018987,0.08168200622786971,0.07564422277639235,0.08168200622786971,false,1
4655,0.5646665592317018,0.31138457883164733,0.3425925925925926,0.31138457883164733,false,3
4658,0.3453736052561211,0.1388186147579033,0.14814814814814814,0.1388186147579033,false,5
4660,0.2384980022870286,0.0851090196021924,0.07564422277639235,0.0851090196021924,false,1
4661,0.22326741151769533,0.0838269394940773,0.08004509582863585,0.0838269394940773,false,5
4662,0.22326741151769533,0.0838269394940773,0.08004509582863585,0.0838269394940773,false,5
4663,0.38646427907861475,0.16060257350307489,0.1753846153846154,0.16060257350307489,false,3
4664,0.31809673194899163,0.12092189182840943,0.12396694214876033,0.12092189182840943,false,3
4665,0.2464597859143376,0.09246621971189038,0.0974264705882353,0.09246621971189038,false,5
4667,0.3006888084407493,0.11227122500963947,0.10187667560321716,0.11227122500963947,false,3
4668,0.28824711969090855,0.10889575040426214,0.10574712643678161,0.10889575040426214,false,2
4669,0.2678260709052667,0.10112440589804687,0.0974264705882353,0.10112440589804687,false,5
4670,0.24090905019471862,0.08586465857917912,0.07591240875912408,0.08586465857917912,false,4
4671,0.4201835617289259,0.18377099105494535,0.1753846153846154,0.18377099105494535,false,3
4672,0.32506224634645564,0.12793533466891777,0.12717770034843207,0.12793533466891777,false,5
4673,0.6458918064003484,0.40559153454868996,0.391304347826087,0.40559153454868996,false,1
4674,0.37262632746637214,0.1518015390338245,0.17279411764705882,0.1518015390338245,false,3
4675,0.6881618361144172,0.4507597364385074,0.4747191011235955,0.4507597364385074,false,3
4676,0.6773672154667817,0.44317973828664314,0.4583333333333333,0.44317973828664314,false,1
4677,0.3599497845726999,0.14606836306794418,0.13073170731707318,0.14606836306794418,false,2
4678,0.2882239509416594,0.110053941828598,0.11331444759206799,0.110053941828598,false,5
4679,0.2882239509416594,0.110053941828598,0.11331444759206799,0.110053941828598,false,5
4680,0.6696038171936765,0.4349626276124263,0.44015444015444016,0.4349626276124263,false,4
4685,0.2781752292962822,0.10557164437972055,0.10112359550561797,0.10557164437972055,false,5
4686,0.3545861091836457,0.14400573966333693,0.14814814814814814,0.14400573966333693,false,5
4688,0.2306087677874197,0.08647917649232585,0.08004509582863585,0.08647917649232585,false,5
4689,0.4291147091832357,0.19032524364565073,0.19718309859154928,0.19032524364565073,false,3
4690,0.5277495081983141,0.2730308035037297,0.2572178477690289,0.2730308035037297,false,5
4691,0.5375453431629011,0.2823504986803795,0.2683397683397683,0.2823504986803795,false,2
4692,0.6954745170025385,0.4521158338922964,0.4340659340659341,0.4521158338922964,false,2
4693,0.5140976099547312,0.2606091788624884,0.2683397683397683,0.2606091788624884,false,2
4694,0.2816883542441506,0.10345100909432438,0.08676789587852494,0.10345100909432438,false,3
4695,0.6002924355122624,0.34557647723924456,0.34049079754601225,0.34557647723924456,false,2
4696,0.620736784203966,0.3675703334774137,0.34049079754601225,0.3675703334774137,false,2
4697,0.36908273130458824,0.1496124523330377,0.17279411764705882,0.1496124523330377,false,3
4698,0.46910821063948854,0.22323597872964898,0.22487223168654175,0.22323597872964898,false,1
4699,0.29783138472984283,0.11090401657359461,0.10187667560321716,0.11090401657359461,false,3
4700,0.3451013248893075,0.13546811982679122,0.12310606060606061,0.13546811982679122,false,1
4701,0.30743055658752777,0.11793856902389016,0.13073170731707318,0.11793856902389016,false,2
4703,0.47956121551128683,0.23069038271209188,0.2408026755852843,0.23069038271209188,false,3
4704,0.43387474098704826,0.19389084497711248,0.22486288848263253,0.19389084497711248,false,3
4705,0.6548932949625523,0.4162487491431359,0.391304347826087,0.4162487491431359,false,1
4706,0.5698097193497961,0.31987328429012196,0.31493506493506496,0.31987328429012196,false,1
4707,0.3208934293413319,0.12466731232375029,0.13073170731707318,0.12466731232375029,false,2
4710,0.27500220787776514,0.10049599650119367,0.08676789587852494,0.10049599650119367,false,3
4711,0.2905356111124215,0.11110839681336983,0.11331444759206799,0.11110839681336983,false,5
4712,0.32796382610649394,0.1294442558771164,0.12717770034843207,0.1294442558771164,false,5
4713,0.3690235369119078,0.15145694794947492,0.14182692307692307,0.15145694794947492,false,2
4714,0.2441009907409603,0.08710204895816752,0.07591240875912408,0.08710204895816752,false,4
4715,0.22762778337806608,0.081631813927637,0.07043343653250773,0.081631813927637,false,3
4716,0.4045777011295182,0.17274069082446136,0.1753846153846154,0.17274069082446136,false,3
4717,0.24652718553915204,0.08805335648542247,0.07591240875912408,0.08805335648542247,false,4
4718,0.552123065036873,0.29603356027759237,0.2572178477690289,0.29603356027759237,false,5
4719,0.6094876155342851,0.36433042802794297,0.3566666666666667,0.36433042802794297,false,4
4720,0.7730060964261699,0.5527779554804118,0.5342465753424658,0.5527779554804118,false,3
4721,0.4862351033409507,0.23645658509522943,0.2408026755852843,0.23645658509522943,false,3
4722,0.25058438262796373,0.08982653531070282,0.07564422277639235,0.08982653531070282,false,1
4723,0.24454290595012268,0.09054089713787507,0.08464419475655428,0.09054089713787507,false,2
4724,0.37519984236531284,0.15365289320702175,0.18888888888888888,0.15365289320702175,false,1
4725,0.529684669661869,0.27494038597527737,0.2683397683397683,0.27494038597527737,false,2
4726,0.5538940608530573,0.29774813205436,0.2572178477690289,0.29774813205436,false,5
4727,0.6192867600429282,0.3647605941671988,0.3174061433447099,0.3647605941671988,false,5
4728,0.32983807175488605,0.1268792550879757,0.13059033989266547,0.1268792550879757,false,4
4729,0.25635360108501254,0.09520681957753868,0.08464419475655428,0.09520681957753868,false,2
4730,0.2995309692172994,0.11171546128344184,0.10187667560321716,0.11171546128344184,false,3
4731,0.35594095152173444,0.14175942670761935,0.13894736842105262,0.14175942670761935,false,4
4732,0.37166447530314073,0.15305569080123113,0.14182692307692307,0.15305569080123113,false,2
4733,0.2757284395071927,0.10040165188725574,0.09781477627471384,0.10040165188725574,false,1
4734,0.3629136629554717,0.14781080563717586,0.14182692307692307,0.14781080563717586,false,2
4735,0.29469780651576355,0.10942144970667522,0.10187667560321716,0.10942144970667522,false,3
4736,0.3379835798714431,0.13477171380176145,0.14814814814814814,0.13477171380176145,false,5
4737,0.6854016906073247,0.4528979028237182,0.5,0.4528979028237182,false,1
4738,0.5663725194349384,0.31053288398097034,0.3333333333333333,0.31053288398097034,false,2
4739,0.19304421505537445,0.07367085179139096,0.08004509582863585,0.07367085179139096,false,5
4740,0.3006888084407493,0.11227122500963947,0.10187667560321716,0.11227122500963947,false,3
4741,0.2736462238285139,0.09948550610587555,0.09781477627471384,0.09948550610587555,false,1
4742,0.29565117331089114,0.10942863532396058,0.1111111111111111,0.10942863532396058,false,4
4743,0.20733192228044436,0.07458259297874416,0.07043343653250773,0.07458259297874416,false,3
4745,0.29328390392767156,0.10875820960364398,0.10187667560321716,0.10875820960364398,false,3
4746,0.3773477317351939,0.15654303226207722,0.14182692307692307,0.15654303226207722,false,2
4747,0.3736231045006945,0.155234890759752,0.14814814814814814,0.155234890759752,false,5
4748,0.3981799231145628,0.16837252707522196,0.1753846153846154,0.16837252707522196,false,3
4750,0.3496168899330086,0.14012659714429695,0.13073170731707318,0.14012659714429695,false,2
4751,0.3496168899330086,0.14012659714429695,0.13073170731707318,0.14012659714429695,false,2
4756,0.20783464161047285,0.0784911732644808,0.08004509582863585,0.0784911732644808,false,5
4757,0.32761179164972754,0.12814670583178991,0.13073170731707318,0.12814670583178991,false,2
4758,0.2305426322963501,0.08269273522395856,0.07043343653250773,0.08269273522395856,false,3
4759,0.2305426322963501,0.08269273522395856,0.07043343653250773,0.08269273522395856,false,3
4760,0.612208905381625,0.35718871089449433,0.3174061433447099,0.35718871089449433,false,5
4761,0.20723669548165485,0.07829082101345469,0.08004509582863585,0.07829082101345469,false,5
4762,0.23795087368355783,0.08490087308531778,0.07564422277639235,0.08490087308531778,false,1
4763,0.6214069859754301,0.36830134223734456,0.34049079754601225,0.36830134223734456,false,2
4764,0.2395653218303055,0.08981767952080189,0.0945945945945946,0.08981767952080189,false,5
4765,0.17509337206358022,0.0645288545017544,0.07043343653250773,0.0645288545017544,false,3
4766,0.38659397438906196,0.16104107790323952,0.19471153846153846,0.16104107790323952,false,1
4767,0.27118110767029646,0.1013683737801425,0.08464419475655428,0.1013683737801425,false,2
4768,0.15686563657926167,0.0585466273914597,0.07317073170731705,0.0585466273914597,false,4
4770,0.4795608295984358,0.2306900521492933,0.2408026755852843,0.2306900521492933,false,3
4771,0.22849695942529713,0.08194686472946307,0.07043343653250773,0.08194686472946307,false,3
4774,0.5699708226356818,0.32070719158572036,0.30769230769230776,0.32070719158572036,false,4
4775,0.2818525401743136,0.10300252536254009,0.10101010101010101,0.10300252536254009,false,4
4776,0.224066686615258,0.08411207212187521,0.08004509582863585,0.08411207212187521,false,5
4777,0.23114684011999154,0.08667652703339077,0.08004509582863585,0.08667652703339077,false,5
4778,0.30435653188494094,0.11644696783454939,0.10574712643678161,0.11644696783454939,false,2
4779,0.5918841944741136,0.3438050516407172,0.31493506493506496,0.3438050516407172,false,1
4780,0.25713032169725486,0.09552109214986665,0.08464419475655428,0.09552109214986665,false,2
4781,0.2625776259791142,0.09775132714146693,0.08464419475655428,0.09775132714146693,false,2
4782,0.31577767007024216,0.11943080393204637,0.13059033989266547,0.11943080393204637,false,4
4783,0.7088773565149147,0.48277698852519435,0.5,0.48277698852519435,false,4
4784,0.27284869942798046,0.10208305390887283,0.08464419475655428,0.10208305390887283,false,2
4785,0.5447417257543081,0.2943559646611894,0.28969957081545067,0.2943559646611894,false,4
4787,0.386411784410707,0.16223843459668003,0.16071428571428573,0.16223843459668003,false,2
4788,0.2251008413091471,0.0807221308208708,0.07043343653250773,0.0807221308208708,false,3
4789,0.25630182467095836,0.09518590300533036,0.08464419475655428,0.09518590300533036,false,2
4790,0.322064588378741,0.12271343047406998,0.13059033989266547,0.12271343047406998,false,4
4791,0.6636828955108228,0.42673128392422494,0.391304347826087,0.42673128392422494,false,1
4792,0.587548792455683,0.3321870376209488,0.34049079754601225,0.3321870376209488,false,2
4793,0.7042252171924899,0.46230077199862635,0.4634146341463415,0.46230077199862635,false,2
4794,0.42636139155174013,0.1900746210185305,0.20108523486482677,0.1900746210185305,false,5
4795,0.4849291188868989,0.23543083750938207,0.2572178477690289,0.23543083750938207,false,5
4796,0.28029058296004034,0.10532709146698342,0.08464419475655428,0.10532709146698342,false,2
4797,0.274692189920918,0.10036081620392323,0.08676789587852494,0.10036081620392323,false,3
4798,0.3056007880305486,0.11704873210481355,0.10574712643678161,0.11704873210481355,false,2
4799,0.21828520936419324,0.07754215990193024,0.07591240875912408,0.07754215990193024,false,4
4800,0.44458751527251594,0.20342971384651737,0.21678321678321674,0.20342971384651737,false,5
4801,0.3708801231191351,0.15257942995636348,0.14182692307692307,0.15257942995636348,false,2
4802,0.5862246722145188,0.3341212824565872,0.3425925925925926,0.3341212824565872,false,3
4803,0.2401959040642284,0.08575790941957692,0.07564422277639235,0.08575790941957692,false,1
4804,0.5097949471569511,0.25759749998133374,0.25,0.25759749998133374,false,3
4805,0.3350117619290834,0.13207461956167546,0.13073170731707318,0.13207461956167546,false,2
4806,0.4246795329915393,0.18813318448950925,0.19701986754966888,0.18813318448950925,false,2
4807,0.21920612544477305,0.07804342939931432,0.07564422277639235,0.07804342939931432,false,1
4808,0.27990459237769316,0.10212273752938937,0.10101010101010101,0.10212273752938937,false,4
4809,0.3069422076008672,0.11494598676275021,0.1111111111111111,0.11494598676275021,false,4
4810,0.3580480082005797,0.1430219942697704,0.13894736842105262,0.1430219942697704,false,4
4811,0.308139679708891,0.1156546257296924,0.102803738317757,0.1156546257296924,false,1
4812,0.35661079775936044,0.1421975535973675,0.12310606060606061,0.1421975535973675,false,1
4814,0.3475801203417113,0.13897953453577389,0.13073170731707318,0.13897953453577389,false,2
4815,0.3709256435850039,0.15260703686388347,0.14182692307692307,0.15260703686388347,false,2
4819,0.3442771115943571,0.13499666903806082,0.12310606060606061,0.13499666903806082,false,1
4820,0.2839891456670551,0.10411044701779543,0.09781477627471384,0.10411044701779543,false,1
4821,0.3163432192155964,0.12002512004819595,0.11428571428571428,0.12002512004819595,false,3
4822,0.3163432192155964,0.12002512004819595,0.11428571428571428,0.12002512004819595,false,3
4823,0.3787344050563636,0.15591461567651793,0.19107428666892096,0.15591461567651793,false,1
4824,0.21226092511738753,0.078822466836395,0.08464419475655428,0.078822466836395,false,2
4825,0.39629130515724326,0.16952649094594735,0.18200230560724184,0.16952649094594735,false,5
4827,0.3375040016027047,0.1311052233036248,0.13059033989266547,0.1311052233036248,false,4
4829,0.2472615843696311,0.09159634585474466,0.08464419475655428,0.09159634585474466,false,2
4832,0.22808377413673697,0.08555850052947044,0.08004509582863585,0.08555850052947044,false,5
4833,0.513747177822259,0.26336176600653916,0.24489795918367344,0.26336176600653916,false,1
4834,0.7464611021369083,0.5209330508501806,0.4747191011235955,0.5209330508501806,false,3
4835,0.36121905975977314,0.1448475348784803,0.14937759336099585,0.1448475348784803,false,3
4836,0.5305766637140127,0.2772407644370538,0.2638297872340426,0.2772407644370538,false,3
4837,0.46079606538216356,0.21538004766042013,0.2349570200573066,0.21538004766042013,false,2
4838,0.41051173273417435,0.17755837402970934,0.1884469696969697,0.17755837402970934,false,4
4839,0.2483223263370349,0.09319366437813935,0.0974264705882353,0.09319366437813935,false,5
4840,0.43199016711724364,0.19412602706225127,0.20187793427230047,0.19412602706225127,false,5
4841,0.35652062722783157,0.14210584298527712,0.13894736842105262,0.14210584298527712,false,4
4843,0.21866574965081934,0.07785346363508247,0.07564422277639235,0.07785346363508247,false,1
4844,0.2292896778131318,0.0859970896816039,0.08004509582863585,0.0859970896816039,false,5
4845,0.3977575490942107,0.16808726903127966,0.1753846153846154,0.16808726903127966,false,3
4847,0.27615064105201426,0.1004460418760305,0.07591240875912408,0.1004460418760305,false,4
4848,0.3413890417721461,0.13329219986101212,0.13059033989266547,0.13329219986101212,false,4
4849,0.4533250072521493,0.20951762697666765,0.2349570200573066,0.20951762697666765,false,2
4850,0.31268097397303174,0.11794595304955266,0.102803738317757,0.11794595304955266,false,1
4851,0.4244519116211138,0.18688132057995802,0.1753846153846154,0.18688132057995802,false,3
4853,0.41552084090166985,0.1816599358151411,0.19701986754966888,0.1816599358151411,false,2
4854,0.257981183269703,0.09704897681333292,0.0974264705882353,0.09704897681333292,false,5
4855,0.32388439082288906,0.12392288127017559,0.12396694214876033,0.12392288127017559,false,3
4857,0.2440345972279171,0.08776847259046618,0.07043343653250773,0.08776847259046618,false,3
4858,0.2839108678489087,0.10393944969526119,0.1111111111111111,0.10393944969526119,false,4
4859,0.19672081690024232,0.07369014880292682,0.08464419475655428,0.07369014880292682,false,2
4860,0.266796158455871,0.09637391060590755,0.07591240875912408,0.09637391060590755,false,4
4861,0.19628173291448353,0.07034768064302603,0.07564422277639235,0.07034768064302603,false,1
4862,0.270374918003916,0.09791407994876235,0.07591240875912408,0.09791407994876235,false,4
4864,0.40385588241542403,0.17366794750107262,0.16071428571428573,0.17366794750107262,false,2
4865,0.4077816429086097,0.17561052844452957,0.1884469696969697,0.17561052844452957,false,4
4866,0.4135218430836926,0.18027032972184692,0.19701986754966888,0.18027032972184692,false,2
4867,0.569426167803599,0.3130264398394551,0.2698412698412698,0.3130264398394551,false,5
4868,0.41770646825106234,0.1826755825778023,0.19471153846153846,0.1826755825778023,false,1
4869,0.44786382511482487,0.20573665484234155,0.19471153846153846,0.20573665484234155,false,1
4870,0.6907187184204067,0.4465967857229151,0.4340659340659341,0.4465967857229151,false,2
4871,0.6337113552064904,0.3868890457047694,0.345679012345679,0.3868890457047694,false,3
4872,0.42237677198155354,0.18724594709078632,0.19696969696969696,0.18724594709078632,false,5
4873,0.36952986228114076,0.15006731491002792,0.13894736842105262,0.15006731491002792,false,4
4874,0.19815681669468674,0.07076557011164968,0.07317073170731705,0.07076557011164968,false,4
4875,0.19815681669468674,0.07076557011164968,0.07317073170731705,0.07076557011164968,false,4
4876,0.2203232311319046,0.08278419639443566,0.08004509582863585,0.08278419639443566,false,5
4877,0.26160292290564047,0.09734888219562512,0.08464419475655428,0.09734888219562512,false,2
4878,0.35563148074561796,0.14153891625362897,0.14937759336099585,0.14153891625362897,false,3
4879,0.32095533799057696,0.12469900130382264,0.13073170731707318,0.12469900130382264,false,2
4880,0.35052632581829796,0.14170027260585688,0.14814814814814814,0.14170027260585688,false,5
4881,0.38272559506460396,0.15850107573751582,0.19471153846153846,0.15850107573751582,false,1
4882,0.2510230789852832,0.09307487673032257,0.08464419475655428,0.09307487673032257,false,2
4883,0.27301875021064864,0.09963391566635973,0.08676789587852494,0.09963391566635973,false,3
4884,0.22438118525326486,0.0830500655339999,0.08464419475655428,0.0830500655339999,false,2
4885,0.22302343487239845,0.07998121366924411,0.07043343653250773,0.07998121366924411,false,3
4886,0.23955176412072496,0.08981253926372201,0.0945945945945946,0.08981253926372201,false,5
4887,0.22438118525326486,0.0830500655339999,0.08464419475655428,0.0830500655339999,false,2
4888,0.22302343487239845,0.07998121366924411,0.07043343653250773,0.07998121366924411,false,3
4889,0.23955176412072496,0.08981253926372201,0.0945945945945946,0.08981253926372201,false,5
4890,0.45973221012913407,0.21453804396628467,0.2349570200573066,0.21453804396628467,false,2
4891,0.2457109054187418,0.09099299100797635,0.08464419475655428,0.09099299100797635,false,2
4892,0.20741854082982608,0.07399457583946627,0.07564422277639235,0.07399457583946627,false,1
4893,0.3184503064750157,0.1234222634846454,0.13073170731707318,0.1234222634846454,false,2
4894,0.34569631901210884,0.13575286680865503,0.13894736842105262,0.13575286680865503,false,4
4895,0.3234156950358193,0.12342894592741044,0.13059033989266547,0.12342894592741044,false,4
4896,0.2760219166441284,0.10094177200194611,0.08676789587852494,0.10094177200194611,false,3
4897,0.3503074553859763,0.1415768603532372,0.14814814814814814,0.1415768603532372,false,5
4898,0.3445989628153893,0.135180603245694,0.12310606060606061,0.135180603245694,false,1
4899,0.3572515916836686,0.144496953078847,0.13073170731707318,0.144496953078847,false,2
4900,0.2526783660128115,0.09066743376842007,0.07564422277639235,0.09066743376842007,false,1
4902,0.5520044956802466,0.2959189730701958,0.2572178477690289,0.2959189730701958,false,5
4903,0.2950936566185715,0.11205108353887057,0.10574712643678161,0.11205108353887057,false,2
4904,0.43433391602735283,0.19583220196952073,0.20187793427230047,0.19583220196952073,false,5
4905,0.37309906967878065,0.15491644096153162,0.14814814814814814,0.15491644096153162,false,5
4906,0.2897999583381045,0.10666180221393957,0.1111111111111111,0.10666180221393957,false,4
4907,0.5151412219104824,0.2615534462229407,0.2683397683397683,0.2615534462229407,false,2
4908,0.3699179777013367,0.15199687286567246,0.14182692307692307,0.15199687286567246,false,2
4909,0.4367547805935664,0.19699938819819302,0.19471153846153846,0.19699938819819302,false,1
4911,0.2227666937887156,0.07912979912755831,0.07591240875912408,0.07912979912755831,false,4
4912,0.23091042395995567,0.08282748873751855,0.07043343653250773,0.08282748873751855,false,3
4913,0.33582741864525956,0.13024293041992688,0.12310606060606061,0.13024293041992688,false,1
4916,0.24772209521121472,0.08852532079353094,0.07591240875912408,0.08852532079353094,false,4
4917,0.3426251538012312,0.13408161626200948,0.14937759336099585,0.13408161626200948,false,3
4918,0.3840233424015345,0.16072163534089484,0.16071428571428573,0.16072163534089484,false,2
4919,0.33816334407605786,0.13377824696414395,0.13073170731707318,0.13377824696414395,false,2
4920,0.475255862711264,0.22876757217221355,0.23670212765957446,0.22876757217221355,false,4
4921,0.40001114681737754,0.17196924437696032,0.18571428571428572,0.17196924437696032,false,5
4922,0.12291155524435768,0.050893079124436726,0.043478260869565216,0.050893079124436726,false,3
4923,0.2627552189400841,0.09782481304365964,0.08464419475655428,0.09782481304365964,false,2
4924,0.32568487067587737,0.12463871451667242,0.13059033989266547,0.12463871451667242,false,4
4927,0.1266143397942204,0.05521534202236609,0.017241379310344827,0.05521534202236609,false,5
4928,0.30970649789905597,0.11633314022368271,0.1111111111111111,0.11633314022368271,false,4
4929,0.2587241621873877,0.09735135756645716,0.0974264705882353,0.09735135756645716,false,5
4930,0.2847482357764168,0.10482882324463016,0.09375,0.10482882324463016,false,3
4931,0.2753542589238262,0.10064970101117482,0.08676789587852494,0.10064970101117482,false,3
4932,0.25850761457460925,0.09608064689097263,0.08464419475655428,0.09608064689097263,false,2
4936,0.31722360147965445,0.12017899012862271,0.13059033989266547,0.12017899012862271,false,4
4937,0.34587840033451867,0.13585772525394407,0.13894736842105262,0.13585772525394407,false,4
4938,0.3708582700914414,0.1525661781524394,0.14182692307692307,0.1525661781524394,false,2
4939,0.3261899780006183,0.12499549270163443,0.102803738317757,0.12499549270163443,false,1
4940,0.2418136252404582,0.08691399246556243,0.07043343653250773,0.08691399246556243,false,3
4941,0.27017876008218433,0.10212056705663441,0.0974264705882353,0.10212056705663441,false,5
4942,0.2891660396083689,0.10636577152128883,0.1111111111111111,0.10636577152128883,false,4
4943,0.23222017496230893,0.08274832536077552,0.07564422277639235,0.08274832536077552,false,1
4945,0.3426251538012312,0.13408161626200948,0.14937759336099585,0.13408161626200948,false,3
4946,0.35297768147885106,0.13999956735639738,0.13894736842105262,0.13999956735639738,false,4
4947,0.4270935743415398,0.18882651443617354,0.19718309859154928,0.18882651443617354,false,3
4948,0.5438195946856557,0.2928716875440081,0.3,0.2928716875440081,false,1
4949,0.1968400683421346,0.07116189850830086,0.07043343653250773,0.07116189850830086,false,3
4951,0.31288649018528497,0.11805057145513231,0.102803738317757,0.11805057145513231,false,1
4952,0.2523704697103954,0.09054334633428417,0.07564422277639235,0.09054334633428417,false,1
4953,0.34809035735874566,0.14033178223777787,0.14814814814814814,0.14033178223777787,false,5
4954,0.5442993594118093,0.2939052970681173,0.28969957081545067,0.2939052970681173,false,4
4955,0.5843204976983302,0.32883673370595146,0.34049079754601225,0.32883673370595146,false,2
4956,0.24574830367410694,0.09218968769058969,0.0974264705882353,0.09218968769058969,false,5
4957,0.2818061168087475,0.10311872680819674,0.09781477627471384,0.10311872680819674,false,1
4959,0.19395169284117766,0.07395858887299,0.08004509582863585,0.07395858887299,false,5
4960,0.24574830367410694,0.09218968769058969,0.0974264705882353,0.09218968769058969,false,5
4962,0.3174936249627286,0.12406991959391947,0.12717770034843207,0.12406991959391947,false,5
4963,0.20848923753354398,0.07871104473562783,0.08004509582863585,0.07871104473562783,false,5
4964,0.4788906017428401,0.23006755327048092,0.2612612612612612,0.23006755327048092,false,2
4965,0.29117115988938236,0.1073046158777158,0.1111111111111111,0.1073046158777158,false,4
4967,0.4308243535606766,0.19258417012712664,0.1884469696969697,0.19258417012712664,false,4
4971,0.4043249208848727,0.17483684819418266,0.19455252918287938,0.17483684819418266,false,5
4972,0.3667252765662237,0.14817057065886638,0.17279411764705882,0.14817057065886638,false,3
4973,0.664855153284134,0.4168461269516787,0.4340659340659341,0.4168461269516787,false,2
4974,0.3678605950905612,0.15176234875383612,0.14814814814814814,0.15176234875383612,false,5
4976,0.7828618099505976,0.5714402928572592,0.5373134328358209,0.5714402928572592,false,1
4977,0.6492584855107149,0.4048325174519668,0.35294117647058826,0.4048325174519668,false,3
4978,0.8109827554906504,0.5865258899290063,0.5882352941176471,0.5865258899290063,false,2
4979,0.6128321816085198,0.36327406577810273,0.345679012345679,0.36327406577810273,false,3
4980,0.6748469264863415,0.44013988471928683,0.4583333333333333,0.44013988471928683,false,1
4981,0.3139198386831899,0.1185778181442694,0.102803738317757,0.1185778181442694,false,1
4982,0.5869822464604258,0.3349352775475673,0.3425925925925926,0.3349352775475673,false,3
4983,0.5229327502960945,0.2686727599707585,0.2683397683397683,0.2686727599707585,false,2
4984,0.35606077872299907,0.1417908649722149,0.14937759336099585,0.1417908649722149,false,3
4985,0.8683436408757693,0.669481338679049,0.7468354430379747,0.669481338679049,false,1
4986,0.6057204540322337,0.3600602035672946,0.3566666666666667,0.3600602035672946,false,4
4987,0.23222816349252415,0.08707436061856319,0.08004509582863585,0.08707436061856319,false,5
4988,0.21300145538786464,0.07588755509808903,0.07564422277639235,0.07588755509808903,false,1
4989,0.25631349457090874,0.09214406368034098,0.09781477627471384,0.09214406368034098,false,1
4991,0.5588926124213858,0.30836970734318836,0.3023255813953488,0.30836970734318836,false,1
4992,0.7732951411526497,0.5397935717771165,0.575,0.5397935717771165,false,5
4993,0.48871144086011137,0.2406246910971891,0.23670212765957446,0.2406246910971891,false,4
4995,0.3540999641763596,0.14066391913943013,0.13894736842105262,0.14066391913943013,false,4
4996,0.648956044076218,0.4092099640082041,0.391304347826087,0.4092099640082041,false,1
4997,0.28873988500985487,0.10629781030227689,0.09781477627471384,0.10629781030227689,false,1
4998,0.30749473062736693,0.11522209353056292,0.1111111111111111,0.11522209353056292,false,4
5000,0.600005928841357,0.3490794693642844,0.3425925925925926,0.3490794693642844,false,3
5001,0.6361313677380749,0.38304645685861916,0.3416666666666667,0.38304645685861916,false,5
5003,0.5567468828692865,0.30613582073595963,0.3023255813953488,0.30613582073595963,false,1
5004,0.5793072400547821,0.32366842863071793,0.3333333333333333,0.32366842863071793,false,2
5005,0.5793072400547821,0.32366842863071793,0.3333333333333333,0.32366842863071793,false,2
5007,0.7270115195280767,0.49747685517494944,0.4747191011235955,0.49747685517494944,false,3
5008,0.6595959397443422,0.4218483642772425,0.391304347826087,0.4218483642772425,false,1
5009,0.7270115195280767,0.49747685517494944,0.4747191011235955,0.49747685517494944,false,3
5011,0.6349124681965105,0.39271298676422894,0.391304347826087,0.39271298676422894,false,1
5012,0.5567468828692865,0.30613582073595963,0.3023255813953488,0.30613582073595963,false,1
5013,0.5582624617910856,0.30832200225324663,0.28969957081545067,0.30832200225324663,false,4
5014,0.5963693511906708,0.3451018848438894,0.3425925925925926,0.3451018848438894,false,3
5015,0.5615012008873159,0.31109758903399726,0.31493506493506496,0.31109758903399726,false,1
5016,0.5938519167801076,0.34675338133193145,0.3566666666666667,0.34675338133193145,false,4
5017,0.6120712532887371,0.36242498996036565,0.345679012345679,0.36242498996036565,false,3
5018,0.5479874386628524,0.29767486235002727,0.28969957081545067,0.29767486235002727,false,4
5019,0.777264721029484,0.5647231523943838,0.5373134328358209,0.5647231523943838,false,1
5020,0.4868035875625341,0.23699930350612045,0.2572178477690289,0.23699930350612045,false,5
5022,0.49464848371906067,0.24598808556880528,0.2692307692307692,0.24598808556880528,false,4
5023,0.8878871930106266,0.6661839649732645,0.7333333333333333,0.6661839649732645,false,5
5024,0.2534515099761253,0.09147634308004722,0.08676789587852494,0.09147634308004722,false,3
5025,0.5203339679269936,0.2696594901024112,0.24489795918367344,0.2696594901024112,false,1
5026,0.5867339510612379,0.3313397799608388,0.34049079754601225,0.3313397799608388,false,2
5028,0.7397598703505297,0.5206430024730383,0.5164835164835165,0.5206430024730383,false,4
5029,0.40895663209745514,0.17712793919465944,0.19701986754966888,0.17712793919465944,false,2
5030,0.3726799268676151,0.15466211698724622,0.14814814814814814,0.15466211698724622,false,5
5031,0.4236267457261402,0.186276880045654,0.1753846153846154,0.186276880045654,false,3
5032,0.40700939603768016,0.17580072776280314,0.19701986754966888,0.17580072776280314,false,2
5033,0.5454765013597246,0.28994853486719,0.2683397683397683,0.28994853486719,false,2
5034,0.4206716852833277,0.18495603239967792,0.1884469696969697,0.18495603239967792,false,4
5035,0.5334062762899032,0.28243575853359865,0.24489795918367344,0.28243575853359865,false,1
5036,0.5452100547391161,0.2893959490965449,0.2572178477690289,0.2893959490965449,false,5
5037,0.41040975284563447,0.17740713171188588,0.19471153846153846,0.17740713171188588,false,1
5038,0.4799454864262436,0.23129580689804813,0.2572178477690289,0.23129580689804813,false,5
5039,0.4206716852833277,0.18495603239967792,0.1884469696969697,0.18495603239967792,false,4
5040,0.5095824856133756,0.2566304945438834,0.2572178477690289,0.2566304945438834,false,5
5041,0.5929421702761962,0.34574289538864894,0.3566666666666667,0.34574289538864894,false,4
5042,0.28816331017175445,0.11002639917045727,0.11331444759206799,0.11002639917045727,false,5
5043,0.3341622472386343,0.1294096744193654,0.14814814814814814,0.1294096744193654,false,3
5045,0.36542972741280694,0.14751921116248562,0.13894736842105262,0.14751921116248562,false,4
5048,0.16092999222803184,0.05965561864472035,0.07317073170731705,0.05965561864472035,false,4
5049,0.316896296102495,0.12263588896917507,0.13073170731707318,0.12263588896917507,false,2
5050,0.46997270985603756,0.2227424177197319,0.2349570200573066,0.2227424177197319,false,2
5051,0.3525736600495217,0.1397551275042439,0.14937759336099585,0.1397551275042439,false,3
5052,0.2504894246324853,0.08962713761345611,0.07591240875912408,0.08962713761345611,false,4
5053,0.3955051069201573,0.16701722930982055,0.19471153846153846,0.16701722930982055,false,1
5054,0.25883824922711524,0.09621540963835276,0.08464419475655428,0.09621540963835276,false,2
5055,0.16106497154077096,0.05969278430853033,0.07317073170731705,0.05969278430853033,false,4
5058,0.4386860749571596,0.19865393501344847,0.1884469696969697,0.19865393501344847,false,4
5059,0.2803330706780434,0.10534587104375172,0.08464419475655428,0.10534587104375172,false,2
5061,0.16340033317735703,0.060339253086959956,0.07317073170731705,0.060339253086959956,false,4
5062,0.5857227030457397,0.33028982050944167,0.34049079754601225,0.33028982050944167,false,2
5063,0.3863414388152422,0.16089552382578193,0.1884469696969697,0.16089552382578193,false,4
5065,0.4476709187073133,0.20576565824612086,0.1884469696969697,0.20576565824612086,false,4
5066,0.30066039497606656,0.11196527139158172,0.09781477627471384,0.11196527139158172,false,1
5069,0.2556892705734209,0.09173094801774179,0.07591240875912408,0.09173094801774179,false,4
5070,0.3552600948603984,0.1413212570201398,0.14937759336099585,0.1413212570201398,false,3
5071,0.2539529847061992,0.09102357137374853,0.07591240875912408,0.09102357137374853,false,4
5072,0.20784978839980398,0.07733329611634313,0.08464419475655428,0.07733329611634313,false,2
5076,0.31098662064338306,0.11968468963552799,0.13073170731707318,0.11968468963552799,false,2
5078,0.31098662064338306,0.11968468963552799,0.13073170731707318,0.11968468963552799,false,2
5079,0.33296962736773467,0.12876254628670197,0.14814814814814814,0.12876254628670197,false,3
5080,0.33296962736773467,0.12876254628670197,0.14814814814814814,0.12876254628670197,false,3
5081,0.22804222099530055,0.08554342377872003,0.08004509582863585,0.08554342377872003,false,5
5083,0.5903835330248538,0.3421510144421988,0.31493506493506496,0.3421510144421988,false,1
5084,0.3376635602304819,0.1335068482372155,0.13073170731707318,0.1335068482372155,false,2
5085,0.27595384862314704,0.10035882297799131,0.07591240875912408,0.10035882297799131,false,4
5087,0.29742676783932315,0.11040228944414916,0.09781477627471384,0.11040228944414916,false,1
5088,0.35977874157227413,0.1440660613862875,0.13894736842105262,0.1440660613862875,false,4
5090,0.2181890550726719,0.08203572468843227,0.08004509582863585,0.08203572468843227,false,5
5091,0.3976129641758683,0.1684565087846404,0.19471153846153846,0.1684565087846404,false,1
5092,0.2538068275291463,0.09161896959332003,0.08676789587852494,0.09161896959332003,false,3
5093,0.2773075820951987,0.10150631417245679,0.08676789587852494,0.10150631417245679,false,3
5094,0.270630353295174,0.09860456686487101,0.08676789587852494,0.09860456686487101,false,3
5095,0.25709973568568917,0.09669132888448737,0.0974264705882353,0.09669132888448737,false,5
5098,0.251260633419179,0.09009733166305939,0.07564422277639235,0.09009733166305939,false,1
5099,0.3406706319259203,0.13295002275290588,0.12310606060606061,0.13295002275290588,false,1
5103,0.1293033501989218,0.051522107014007494,0.07317073170731705,0.051522107014007494,false,4
5104,0.4377470476212678,0.19767365616636268,0.19701986754966888,0.19767365616636268,false,2
5105,0.3470241233803467,0.13973627603061614,0.14814814814814814,0.13973627603061614,false,5
5106,0.3151491826719386,0.12289307498830301,0.12717770034843207,0.12289307498830301,false,5
5108,0.396273578425789,0.16951491651334444,0.18181818181818182,0.16951491651334444,false,5
5110,0.3431423646757083,0.13650755503486972,0.13073170731707318,0.13650755503486972,false,2
5113,0.3881780698298091,0.16211596812890403,0.1884469696969697,0.16211596812890403,false,4
5114,0.3881780698298091,0.16211596812890403,0.1884469696969697,0.16211596812890403,false,4
5115,0.1704010366648732,0.06681731451387896,0.07586206896551724,0.06681731451387896,false,5
5116,0.49683450544363955,0.2479830595785856,0.2692307692307692,0.2479830595785856,false,4
5120,0.27460622057534184,0.09990696379800167,0.09781477627471384,0.09990696379800167,false,1
5122,0.36061610362993207,0.14448743271171943,0.14937759336099585,0.14448743271171943,false,3
5123,0.24968372928541194,0.08997617964766944,0.07043343653250773,0.08997617964766944,false,3
5124,0.2209523652007151,0.08183359234092437,0.08464419475655428,0.08183359234092437,false,2
5126,0.2145609070351988,0.07702679256033439,0.07043343653250773,0.07702679256033439,false,3
5128,0.21770519984503664,0.0775168331479037,0.07564422277639235,0.0775168331479037,false,1
5130,0.33628182583077126,0.13275894512575723,0.13073170731707318,0.13275894512575723,false,2
5131,0.49124342782178815,0.24290222077454524,0.2692307692307692,0.24290222077454524,false,4
5133,0.2660255207373962,0.09664668904745022,0.08676789587852494,0.09664668904745022,false,3
5134,0.24181273223818078,0.08621335531831384,0.07591240875912408,0.08621335531831384,false,4
5135,0.525611904108848,0.27524146476842554,0.28969957081545067,0.27524146476842554,false,4
5136,0.3659456599018575,0.14769626869186156,0.16053907497145717,0.14769626869186156,false,3
5137,0.4122622598846855,0.17939899538202508,0.19701986754966888,0.17939899538202508,false,2
5138,0.17509337206358022,0.0645288545017544,0.07043343653250773,0.0645288545017544,false,3
5139,0.29565117331089114,0.10942863532396058,0.1111111111111111,0.10942863532396058,false,4
5140,0.37290994538230615,0.15480164343912076,0.14814814814814814,0.15480164343912076,false,5
5141,0.5494747709621565,0.29920291366991547,0.28969957081545067,0.29920291366991547,false,4
5142,0.23349055334129182,0.08322117585683662,0.07564422277639235,0.08322117585683662,false,1
5143,0.39049744658374846,0.16366785233149933,0.1884469696969697,0.16366785233149933,false,4
5144,0.4465054853438474,0.20465309786296268,0.19471153846153846,0.20465309786296268,false,1
5145,0.19065910318779938,0.07291950309148458,0.08004509582863585,0.07291950309148458,false,5
5146,0.3102758756413667,0.12047750877788645,0.12717770034843207,0.12047750877788645,false,5
5147,0.5367159723702644,0.2857281263386716,0.3,0.2857281263386716,false,1
5148,0.3680786042590295,0.14916128553255104,0.13894736842105262,0.14916128553255104,false,4
5149,0.3572833106442252,0.14256270100148608,0.13894736842105262,0.14256270100148608,false,4
5151,0.16857832944949785,0.06265647447014977,0.07043343653250773,0.06265647447014977,false,3
5152,0.14320815094417197,0.055150737327703016,0.06857142857142857,0.055150737327703016,false,1
5155,0.3979974553837937,0.1682492468037038,0.1753846153846154,0.1682492468037038,false,3
5156,0.2867461299561318,0.105737162922469,0.10187667560321716,0.105737162922469,false,3
5160,0.21338308723042967,0.0760185639960843,0.07564422277639235,0.0760185639960843,false,1
5161,0.33890181933785,0.1352690845849356,0.14814814814814814,0.1352690845849356,false,5
5162,0.34761815267616764,0.13686307289365246,0.13894736842105262,0.13686307289365246,false,4
5163,0.35545327639138136,0.14143444057849822,0.14937759336099585,0.14143444057849822,false,3
5164,0.42489792575469315,0.18798611904112555,0.19471153846153846,0.18798611904112555,false,1
5165,0.35880471091771965,0.14539975627694932,0.13073170731707318,0.14539975627694932,false,2
5166,0.37895300879432126,0.15605538484469322,0.19471153846153846,0.15605538484469322,false,1
5167,0.3303087293387654,0.1306747320231074,0.12717770034843207,0.1306747320231074,false,5
5171,0.3534755879934171,0.14337201520398085,0.14814814814814814,0.14337201520398085,false,5
5173,0.1663020201120268,0.062014313050570036,0.07043343653250773,0.062014313050570036,false,3
5179,0.2919979959433913,0.1078212459975413,0.09781477627471384,0.1078212459975413,false,1
5180,0.31755882442045663,0.1206461854145229,0.11428571428571428,0.1206461854145229,false,3
5181,0.23575737208155614,0.08838432057526042,0.08004509582863585,0.08838432057526042,false,5
5182,0.23903216355848383,0.08514451950847553,0.07591240875912408,0.08514451950847553,false,4
5183,0.4422430977960488,0.20128051022355095,0.19471153846153846,0.20128051022355095,false,1
5184,0.27499292717074864,0.10418608537908022,0.10112359550561797,0.10418608537908022,false,5
5185,0.5058895993044834,0.2533767655337116,0.2572178477690289,0.2533767655337116,false,5
5186,0.43382464141148025,0.1954605039871767,0.20187793427230047,0.1954605039871767,false,5
5187,0.4840475632821895,0.23646784077562058,0.23670212765957446,0.23646784077562058,false,4
5188,0.5893423932483767,0.3410057120615401,0.31493506493506496,0.3410057120615401,false,1
5189,0.2541364983803123,0.0912571673777907,0.07564422277639235,0.0912571673777907,false,1
5192,0.5480053143322481,0.29440811000392403,0.2638297872340426,0.29440811000392403,false,3
5193,0.30786448028748525,0.11540718683821796,0.1111111111111111,0.11540718683821796,false,4
5195,0.190418553395772,0.06830900711350511,0.07317073170731705,0.06830900711350511,false,4
5196,0.4244364262897264,0.18686996355775695,0.1753846153846154,0.18686996355775695,false,3
5199,0.3281387896587183,0.12616943989128002,0.12396694214876033,0.12616943989128002,false,3
5200,0.5039495714776601,0.25223904951786474,0.25,0.25223904951786474,false,3
5201,0.35725569130795504,0.14449932998008083,0.13073170731707318,0.14449932998008083,false,2
5206,0.2142479157285141,0.08066971815528057,0.08004509582863585,0.08066971815528057,false,5
5207,0.2597209923065575,0.09402246741446965,0.08676789587852494,0.09402246741446965,false,3
5213,0.23606616329030486,0.08849977948264909,0.08004509582863585,0.08849977948264909,false,5
5214,0.33601508966818416,0.13042053708483095,0.14814814814814814,0.13042053708483095,false,3
5215,0.3252526806600804,0.1269155996948414,0.13073170731707318,0.1269155996948414,false,2
5216,0.6693568695952359,0.4219873673045026,0.4340659340659341,0.4219873673045026,false,2
5219,0.2201897596858127,0.08156525118670534,0.08464419475655428,0.08156525118670534,false,2
5221,0.24496395028625692,0.09188569409009312,0.0974264705882353,0.09188569409009312,false,5
5222,0.3376635602304819,0.1335068482372155,0.13073170731707318,0.1335068482372155,false,2
5223,0.4115770849923361,0.1789263996789466,0.19701986754966888,0.1789263996789466,false,2
5224,0.25290185651723646,0.09382136046236393,0.08464419475655428,0.09382136046236393,false,2
5225,0.32692546718922244,0.12538948137130723,0.102803738317757,0.12538948137130723,false,1
5227,0.18250724914661606,0.07040455119269734,0.08004509582863585,0.07040455119269734,false,5
5243,0.3228590041537574,0.123133701846024,0.13059033989266547,0.123133701846024,false,4
5244,0.30001437216703536,0.11153262980332393,0.1111111111111111,0.11153262980332393,false,4
5245,0.2666532192227692,0.09631284643447667,0.07591240875912408,0.09631284643447667,false,4
5247,0.5684473487105024,0.3190807939078015,0.30769230769230776,0.3190807939078015,false,4
5249,0.5617113083758589,0.30833437875063485,0.3425925925925926,0.30833437875063485,false,3
5252,0.2666532192227692,0.09631284643447667,0.07591240875912408,0.09631284643447667,false,4
5255,0.2211735970303891,0.08308415334327919,0.08004509582863585,0.08308415334327919,false,5
5256,0.4431873021977926,0.20237940997506174,0.20187793427230047,0.20237940997506174,false,5
5257,0.24973799043802067,0.09375000479648572,0.0974264705882353,0.09375000479648572,false,5
5258,0.1989937283593028,0.07557619531934694,0.08004509582863585,0.07557619531934694,false,5
5259,0.29876436548416874,0.11377548112523608,0.10574712643678161,0.11377548112523608,false,2
5260,0.31254452775379693,0.1204566746422379,0.13073170731707318,0.1204566746422379,false,2
5261,0.2649964663841326,0.09621392898947093,0.08676789587852494,0.09621392898947093,false,3
5262,0.3521858415407597,0.14158466184040097,0.13073170731707318,0.14158466184040097,false,2
5263,0.3087512564223008,0.11858447646677929,0.13073170731707318,0.11858447646677929,false,2
5264,0.5269563752034513,0.27655945217363026,0.28969957081545067,0.27655945217363026,false,4
5265,0.30061751201132525,0.11194441785465348,0.09781477627471384,0.11194441785465348,false,1
5266,0.36893351158879056,0.14952084388115064,0.17279411764705882,0.14952084388115064,false,3
5267,0.3470241233803467,0.13973627603061614,0.14814814814814814,0.13973627603061614,false,5
5268,0.1771810433652775,0.06447764419623887,0.07564422277639235,0.06447764419623887,false,1
5269,0.46803523756235543,0.22096572879959592,0.22486288848263253,0.22096572879959592,false,3
5271,0.36898407869700556,0.15143316551202776,0.14182692307692307,0.15143316551202776,false,2
5272,0.34318905223148244,0.13437641932299887,0.12310606060606061,0.13437641932299887,false,1
5274,0.376985774305535,0.15729107299620393,0.14814814814814814,0.15729107299620393,false,5
5276,0.2785687296524993,0.10152325265478694,0.07591240875912408,0.10152325265478694,false,4
5277,0.5620498651473637,0.3062089836133426,0.2683397683397683,0.3062089836133426,false,2
5278,0.32870986062043145,0.12647363570245565,0.12396694214876033,0.12647363570245565,false,3
5279,0.25345253812310903,0.09082059860092806,0.07591240875912408,0.09082059860092806,false,4
5280,0.36129762254603753,0.14788540683002846,0.14814814814814814,0.14788540683002846,false,5
5281,0.2830690686242227,0.10407072763763589,0.09375,0.10407072763763589,false,3
5282,0.25861053154109215,0.0930882535930746,0.09781477627471384,0.0930882535930746,false,1
5283,0.305052363119186,0.1143874812538154,0.10187667560321716,0.1143874812538154,false,3
5284,0.2266175395236007,0.08502796053175603,0.08004509582863585,0.08502796053175603,false,5
5285,0.6500953210108965,0.40012139993850704,0.41509433962264153,0.40012139993850704,false,2
5290,0.34991143505717,0.1381978445241307,0.13894736842105262,0.1381978445241307,false,4
5291,0.3045179788646836,0.11412645858009673,0.10187667560321716,0.11412645858009673,false,3
5292,0.39319740867503483,0.16545278735534227,0.19471153846153846,0.16545278735534227,false,1
5293,0.30001437216703536,0.11153262980332393,0.1111111111111111,0.11153262980332393,false,4
5294,0.25182870308213934,0.09032537641547243,0.07564422277639235,0.09032537641547243,false,1
5295,0.6648820237874637,0.41500921736570123,0.45180722891566266,0.41500921736570123,false,5
5296,0.20884921365649453,0.07508962059538203,0.07043343653250773,0.07508962059538203,false,3
5297,0.7065456545359043,0.47992060276606513,0.5,0.47992060276606513,false,4
5300,0.260308024334727,0.0936367746494509,0.07591240875912408,0.0936367746494509,false,4
5301,0.24973799043802067,0.09375000479648572,0.0974264705882353,0.09375000479648572,false,5
5303,0.2783042521529115,0.1019458823811622,0.08676789587852494,0.1019458823811622,false,3
5306,0.5557490318236207,0.3056980614143645,0.28969957081545067,0.3056980614143645,false,4
5307,0.28413493321755035,0.10455137125569629,0.09375,0.10455137125569629,false,3
5308,0.2894506077551139,0.10944468896857454,0.10574712643678161,0.10944468896857454,false,2
5309,0.3298760492620967,0.12709678487382758,0.12396694214876033,0.12709678487382758,false,3
5310,0.4324617194473037,0.19282712614490063,0.22486288848263253,0.19282712614490063,false,3
5311,0.8016604332184641,0.5866665551082887,0.5342465753424658,0.5866665551082887,false,3
5312,0.3557302807215782,0.14466110197342877,0.14814814814814814,0.14466110197342877,false,5
5313,0.2571513108671877,0.09233042360650759,0.07591240875912408,0.09233042360650759,false,4
5316,0.29876436548416874,0.11377548112523608,0.10574712643678161,0.11377548112523608,false,2
5317,0.25158965249598864,0.09448218109158339,0.0974264705882353,0.09448218109158339,false,5
5318,0.2649964663841326,0.09621392898947093,0.08676789587852494,0.09621392898947093,false,3
5319,0.46383296681284814,0.21902887539549365,0.23670212765957446,0.21902887539549365,false,4
5320,0.3087512564223008,0.11858447646677929,0.13073170731707318,0.11858447646677929,false,2
5321,0.2567185282607307,0.09535435908534906,0.08464419475655428,0.09535435908534906,false,2
5322,0.18469816573591255,0.06993245717147112,0.0755813953488372,0.06993245717147112,false,2
5324,0.2785687296524993,0.10152325265478694,0.07591240875912408,0.10152325265478694,false,4
5326,0.25351803210118223,0.09525013292267027,0.0974264705882353,0.09525013292267027,false,5
5331,0.21968236941918393,0.0782112016657817,0.07564422277639235,0.0782112016657817,false,1
5333,0.4289899502117789,0.19195846485334164,0.20187793427230047,0.19195846485334164,false,5
5334,0.2540102597087537,0.09120597470879235,0.07564422277639235,0.09120597470879235,false,1
5335,0.2864574542986102,0.10510904324096541,0.1111111111111111,0.10510904324096541,false,4
5336,0.19152535464267115,0.06948492248394213,0.07043343653250773,0.06948492248394213,false,3
5337,0.4307153932225237,0.1932027806832793,0.20187793427230047,0.1932027806832793,false,5
5339,0.2670245811463144,0.10078701832316671,0.0974264705882353,0.10078701832316671,false,5
5341,0.2897975267073453,0.10960337673526308,0.10574712643678161,0.10960337673526308,false,2
5342,0.30861581983318725,0.11851809861689055,0.13073170731707318,0.11851809861689055,false,2
5344,0.29799582763423865,0.11341253939363569,0.10574712643678161,0.11341253939363569,false,2
5345,0.4211810811840752,0.18449426952448153,0.1753846153846154,0.18449426952448153,false,3
5346,0.23201690533364214,0.08699650625277203,0.08004509582863585,0.08699650625277203,false,5
5347,0.2606868044841006,0.09697197451225373,0.08464419475655428,0.09697197451225373,false,2
5348,0.23484422473668928,0.08804368476430584,0.08004509582863585,0.08804368476430584,false,5
5349,0.23484422473668928,0.08804368476430584,0.08004509582863585,0.08804368476430584,false,5
5350,0.258419165480369,0.09348860573993104,0.08676789587852494,0.09348860573993104,false,3
5351,0.23101040283476715,0.08230030673026076,0.07564422277639235,0.08230030673026076,false,1
5352,0.18813691152555392,0.06759990528333594,0.07317073170731705,0.06759990528333594,false,4
5353,0.2249456481728231,0.08442664867576376,0.08004509582863585,0.08442664867576376,false,5
5354,0.36969080132483706,0.1528582820886869,0.14814814814814814,0.1528582820886869,false,5
5355,0.25871261499388903,0.09734665161641631,0.0974264705882353,0.09734665161641631,false,5
5356,0.15664225786267466,0.05935706105012964,0.06818181818181818,0.05935706105012964,false,3
5358,0.29995153690676213,0.11433811200227136,0.10574712643678161,0.11433811200227136,false,2
5359,0.3124959219997324,0.11807766901180707,0.10569105691056911,0.11807766901180707,false,3
5360,0.3103512686222304,0.1167656190258902,0.102803738317757,0.1167656190258902,false,1
5361,0.5384282362849033,0.28319031422189866,0.2683397683397683,0.28319031422189866,false,2
5362,0.3075042792190094,0.11533713529925689,0.102803738317757,0.11533713529925689,false,1
5371,0.30431788816012345,0.11758007264733358,0.11458333333333333,0.11758007264733358,false,5
5372,0.36134611620227663,0.146887125597602,0.14182692307692307,0.146887125597602,false,2
5375,0.31374393054957883,0.11838527743249633,0.13059033989266547,0.11838527743249633,false,4
5380,0.5971064536679244,0.34959044661918215,0.31493506493506496,0.34959044661918215,false,1
5382,0.18276936215395165,0.06614617861812515,0.07564422277639235,0.06614617861812515,false,1
5383,0.19909690709528602,0.07445447046979252,0.08464419475655428,0.07445447046979252,false,2
5384,0.24354856992151183,0.08688674882638182,0.07591240875912408,0.08688674882638182,false,4
5387,0.23103095420095598,0.08287169270485784,0.07043343653250773,0.08287169270485784,false,3
5388,0.6153131093419035,0.3605010690331443,0.3174061433447099,0.3605010690331443,false,5
5390,0.5005192797063934,0.2513702673589903,0.2692307692307692,0.2513702673589903,false,4
5391,0.4191056897676503,0.1841727949441189,0.19701986754966888,0.1841727949441189,false,2
5392,0.20260082929273746,0.07239607331583672,0.07564422277639235,0.07239607331583672,false,1
5393,0.5832275577454349,0.33091066551973025,0.3425925925925926,0.33091066551973025,false,3
5394,0.2803043504246478,0.10244135726497598,0.09781477627471384,0.10244135726497598,false,1
5395,0.3104471786849123,0.1170518295885737,0.10569105691056911,0.1170518295885737,false,3
5403,0.41819660823906374,0.18353302287703918,0.19701986754966888,0.18353302287703918,false,2
5404,0.21057308301399189,0.07487819119305103,0.07591240875912408,0.07487819119305103,false,4
5405,0.34180787795865397,0.13577147505484027,0.13073170731707318,0.13577147505484027,false,2
5406,0.30616944036031657,0.11847397555294294,0.12717770034843207,0.11847397555294294,false,5
5407,0.320847708188585,0.12577038430637627,0.12717770034843207,0.12577038430637627,false,5
5408,0.22975575285118258,0.08183800189567254,0.07564422277639235,0.08183800189567254,false,1
5409,0.3751397758784152,0.1536122850645425,0.13894736842105262,0.1536122850645425,false,4
5410,0.45543201511222103,0.21185158875165447,0.22487223168654175,0.21185158875165447,false,1
5413,0.40877188196035436,0.1778323007136842,0.19455252918287938,0.1778323007136842,false,5
5415,0.21443928866694825,0.07698507138294285,0.07043343653250773,0.07698507138294285,false,3
5416,0.15271184367483884,0.05743323021012934,0.07317073170731705,0.05743323021012934,false,4
5417,0.2967192184644453,0.11006285190688934,0.09781477627471384,0.11006285190688934,false,1
5418,0.24229602481513818,0.08656671612761535,0.07564422277639235,0.08656671612761535,false,1
5419,0.3368002779542848,0.13078291720457288,0.12310606060606061,0.13078291720457288,false,1
5420,0.2778672784275156,0.10426086901080839,0.08464419475655428,0.10426086901080839,false,2
5421,0.4883936157053711,0.23834268243516787,0.2408026755852843,0.23834268243516787,false,3
5422,0.639280612760427,0.386503976179393,0.3416666666666667,0.386503976179393,false,5
5423,0.7328932526009069,0.5045737848941643,0.4747191011235955,0.5045737848941643,false,3
5424,0.5235712131220035,0.2692014386314443,0.2572178477690289,0.2692014386314443,false,5
5425,0.26530977484098667,0.09888731973613252,0.08464419475655428,0.09888731973613252,false,2
5426,0.16556101637618467,0.06094319742363688,0.07317073170731705,0.06094319742363688,false,4
5427,0.41298631411018355,0.1807081037698655,0.19455252918287938,0.1807081037698655,false,5
5428,0.4027613234467106,0.17201344869454996,0.19471153846153846,0.17201344869454996,false,1
5429,0.6394497983184478,0.3881992144310615,0.36363636363636365,0.3881992144310615,false,2
5430,0.25149097060622894,0.09002894260982314,0.07591240875912408,0.09002894260982314,false,4
5431,0.5060595388971347,0.25352589612959026,0.2572178477690289,0.25352589612959026,false,5
5432,0.6093343042461349,0.36330897401606355,0.38095238095238093,0.36330897401606355,false,1
5433,0.6393704657076534,0.39891580083783634,0.42857142857142855,0.39891580083783634,false,4
5434,0.344591788681235,0.13511824243805512,0.13894736842105262,0.13511824243805512,false,4
5435,0.29948903003811866,0.11169537565241332,0.10187667560321716,0.11169537565241332,false,3
5437,0.2808354864592813,0.10556816296752242,0.08464419475655428,0.10556816296752242,false,2
5438,0.3211904113857573,0.12594524808297433,0.12717770034843207,0.12594524808297433,false,5
5439,0.3557302807215782,0.14466110197342877,0.14814814814814814,0.14466110197342877,false,5
5440,0.29063481451611767,0.10752506065658957,0.10187667560321716,0.10752506065658957,false,3
5441,0.3959341786018061,0.1673094073495567,0.19471153846153846,0.1673094073495567,false,1
5442,0.25861053154109215,0.0930882535930746,0.09781477627471384,0.0930882535930746,false,1
5444,0.3220097599200914,0.12636416300066397,0.12717770034843207,0.12636416300066397,false,5
5446,0.3327110103395149,0.12844919916436978,0.13059033989266547,0.12844919916436978,false,4
5447,0.5502532945942779,0.29666700331705037,0.2638297872340426,0.29666700331705037,false,3
5448,0.26927527837684445,0.10173699584800622,0.0974264705882353,0.10173699584800622,false,5
5453,0.3212547713239258,0.12597811084188978,0.12717770034843207,0.12597811084188978,false,5
5454,0.3967074232707848,0.16979837040964374,0.18571428571428572,0.16979837040964374,false,5
5455,0.4041804499399979,0.17246687201970473,0.1753846153846154,0.17246687201970473,false,3
5456,0.33286320704277095,0.12853282868058383,0.13059033989266547,0.12853282868058383,false,4
5459,0.291228089128704,0.11025987797112341,0.10574712643678161,0.11025987797112341,false,2
5460,0.291228089128704,0.11025987797112341,0.10574712643678161,0.11025987797112341,false,2
5461,0.5174967102910654,0.2673693885815429,0.28969957081545067,0.2673693885815429,false,4
5463,0.2558933112122556,0.09181439955168506,0.07591240875912408,0.09181439955168506,false,4
5469,0.2084291100977345,0.0743339752320546,0.07564422277639235,0.0743339752320546,false,1
5471,0.2105304695711445,0.07486370774358274,0.07591240875912408,0.07486370774358274,false,4
5474,0.17327406120102812,0.06400081637948525,0.07043343653250773,0.06400081637948525,false,3
5475,0.22232384100926772,0.07897159769846104,0.07591240875912408,0.07897159769846104,false,4
5477,0.42540014142486954,0.1875777703233951,0.1753846153846154,0.1875777703233951,false,3
5478,0.2844807010657046,0.10836507035686194,0.11331444759206799,0.10836507035686194,false,5
5479,0.35293954852406306,0.13996757378882257,0.14937759336099585,0.13996757378882257,false,3
5480,0.49329011698343683,0.24441434665162384,0.22487223168654175,0.24441434665162384,false,1
5481,0.17141303818517706,0.06598678079999884,0.06451612903225806,0.06598678079999884,false,2
5485,0.19126048378235874,0.07310827935890518,0.08004509582863585,0.07310827935890518,false,5
5488,0.19262732901084284,0.0735390140078979,0.08004509582863585,0.0735390140078979,false,5
5492,0.19172698672005034,0.07210726579992613,0.08464419475655428,0.07210726579992613,false,2
5493,0.2539529847061992,0.09102357137374853,0.07591240875912408,0.09102357137374853,false,4
5495,0.2718046595182628,0.10281406841860942,0.0974264705882353,0.10281406841860942,false,5
5496,0.252098695963567,0.09043394398512972,0.07564422277639235,0.09043394398512972,false,1
5498,0.2382422578816576,0.08501166809789183,0.07564422277639235,0.08501166809789183,false,1
5499,0.5464441585280058,0.29553731881307904,0.3,0.29553731881307904,false,1
5500,0.4195721237725378,0.1845017205757599,0.19701986754966888,0.1845017205757599,false,2
5501,0.33689401162805876,0.13076462693582463,0.13059033989266547,0.13076462693582463,false,4
5502,0.46008127222191225,0.2158961612939623,0.23670212765957446,0.2158961612939623,false,4
5503,0.22657772864836956,0.08125267208892487,0.07043343653250773,0.08125267208892487,false,3
5505,0.5509001752449065,0.2948529775114646,0.2572178477690289,0.2948529775114646,false,5
5506,0.3119816022080774,0.11759053811177445,0.102803738317757,0.11759053811177445,false,1
5507,0.3792608614650648,0.15773143185285837,0.14182692307692307,0.15773143185285837,false,2
5509,0.30090500087234173,0.11479173601352721,0.10574712643678161,0.11479173601352721,false,2
5510,0.38213468460453975,0.1581159560774003,0.19471153846153846,0.1581159560774003,false,1
5511,0.4146056540435276,0.18042199590167565,0.19471153846153846,0.18042199590167565,false,1
5512,0.3404631586000276,0.13503313790952348,0.13073170731707318,0.13503313790952348,false,2
5513,0.44986431646066954,0.20684211370318992,0.2349570200573066,0.20684211370318992,false,2
5514,0.4136021068033939,0.17905396537265703,0.1753846153846154,0.17905396537265703,false,3
5515,0.40223109059964884,0.17344028312848034,0.19455252918287938,0.17344028312848034,false,5
5516,0.32280731607069596,0.12677308009522278,0.12717770034843207,0.12677308009522278,false,5
5517,0.49922761832319323,0.2479647299620246,0.2408026755852843,0.2479647299620246,false,3
5518,0.270693304845825,0.10233958830197591,0.0974264705882353,0.10233958830197591,false,5
5520,0.7108632819222094,0.467535782470529,0.49159663865546216,0.467535782470529,false,5
5523,0.26502071209042344,0.0999478587472859,0.0974264705882353,0.0999478587472859,false,5
5524,0.3652723220212831,0.14744391734737947,0.15702479338842976,0.14744391734737947,false,1
5525,0.44116169937012806,0.2004315016945893,0.19471153846153846,0.2004315016945893,false,1
5529,0.22684746764900574,0.08511095962660686,0.08004509582863585,0.08511095962660686,false,5
5531,0.3058705373651946,0.11441209281925979,0.1111111111111111,0.11441209281925979,false,4
5532,0.2717092577079982,0.1027732614080321,0.0974264705882353,0.1027732614080321,false,5
5533,0.22997460696402172,0.08191847308689666,0.07564422277639235,0.08191847308689666,false,1
5536,0.25631349457090874,0.09214406368034098,0.09781477627471384,0.09214406368034098,false,1
5537,0.49226708090994165,0.24136828318520975,0.2612612612612612,0.24136828318520975,false,2
5538,0.40867446307511657,0.17624567456029847,0.1884469696969697,0.17624567456029847,false,4
5539,0.16556101637618467,0.06094319742363688,0.07317073170731705,0.06094319742363688,false,4
5540,0.16752624525237222,0.06599075519770567,0.07586206896551724,0.06599075519770567,false,5
5542,0.23710761126526708,0.08889018796761923,0.08004509582863585,0.08889018796761923,false,5
5548,0.25495489785761627,0.09143115761663151,0.07591240875912408,0.09143115761663151,false,4
5549,0.44995451893800054,0.20630977952747098,0.22486288848263253,0.20630977952747098,false,3
5550,0.5245405878560594,0.27015704604059004,0.2683397683397683,0.27015704604059004,false,2
5551,0.1980843110586363,0.0715598641170701,0.07043343653250773,0.0715598641170701,false,3
5552,0.26677430285243015,0.0965145393071449,0.09781477627471384,0.0965145393071449,false,1
5553,0.3152239815766581,0.1217944676241681,0.13073170731707318,0.1217944676241681,false,2
5554,0.2539529847061992,0.09102357137374853,0.07591240875912408,0.09102357137374853,false,4
5556,0.359150790079698,0.14368651805763993,0.13894736842105262,0.14368651805763993,false,4
5557,0.36900674182011345,0.14975483022272051,0.16346153846153846,0.14975483022272051,false,1
5558,0.20679831960962552,0.07814423297252479,0.08004509582863585,0.07814423297252479,false,5
5567,0.4248124211814699,0.18803858632079257,0.1884469696969697,0.18803858632079257,false,4
5568,0.4186494448114034,0.18462935449642695,0.19455252918287938,0.18462935449642695,false,5
5569,0.22407150686292954,0.08411379436137865,0.08004509582863585,0.08411379436137865,false,5
5570,0.24933429322094353,0.08932788317364339,0.07564422277639235,0.08932788317364339,false,1
5571,0.13215768481818352,0.05221086218415503,0.07317073170731705,0.05221086218415503,false,4
5572,0.32838545263645363,0.1263007544724606,0.12396694214876033,0.1263007544724606,false,3
5573,0.30172871264545703,0.11248587979286422,0.09781477627471384,0.11248587979286422,false,1
5574,0.28559447840799224,0.10521272220303714,0.09375,0.10521272220303714,false,3
5575,0.3554897336616429,0.1414558091008434,0.14937759336099585,0.1414558091008434,false,3
5577,0.6586124905633216,0.42067562097018324,0.391304347826087,0.42067562097018324,false,1
5578,0.7027903585983488,0.4753231212253858,0.44015444015444016,0.4753231212253858,false,4
5579,0.6614151914050322,0.4251143983859249,0.44015444015444016,0.4251143983859249,false,4
5580,0.2638938242733291,0.0994786854727212,0.0974264705882353,0.0994786854727212,false,5
5581,0.36304173505751036,0.14594062122361337,0.14937759336099585,0.14594062122361337,false,3
5584,0.2758300279341082,0.10454898966467334,0.10112359550561797,0.10454898966467334,false,5
5585,0.29946989334073104,0.11168621169986695,0.10187667560321716,0.11168621169986695,false,3
5586,0.39079299362735237,0.16596653780578105,0.1651376146788991,0.16596653780578105,false,5
5587,0.38580329115664996,0.16278794648983033,0.14814814814814814,0.16278794648983033,false,5
5588,0.5003473640899689,0.2508451871856804,0.22487223168654175,0.2508451871856804,false,1
5589,0.3406706319259203,0.13295002275290588,0.12310606060606061,0.13295002275290588,false,1
5590,0.3163379968540084,0.12002245785539273,0.11428571428571428,0.12002245785539273,false,3
5591,0.17063050442420796,0.06257173425366236,0.07564422277639235,0.06257173425366236,false,1
5592,0.24650802904964284,0.08804580861943508,0.07591240875912408,0.08804580861943508,false,4
5593,0.19332865187528175,0.06940889098745216,0.07564422277639235,0.06940889098745216,false,1
5598,0.17829148635842004,0.06913560262387422,0.08,0.06913560262387422,false,5
5601,0.1598091868495593,0.060216265108378644,0.06818181818181818,0.060216265108378644,false,3
5602,0.37070747547943883,0.15247476113997627,0.14182692307692307,0.15247476113997627,false,2
5603,0.36881697044247325,0.14944932950053355,0.17279411764705882,0.14944932950053355,false,3
5604,0.24691724007980625,0.08837081298783078,0.07564422277639235,0.08837081298783078,false,1
5605,0.6830863708648712,0.4500933707651204,0.5,0.4500933707651204,false,1
5606,0.2564085777674196,0.09522903349194989,0.08464419475655428,0.09522903349194989,false,2
5607,0.35176589993721796,0.13928707295405796,0.14937759336099585,0.13928707295405796,false,3
5608,0.24590540816346795,0.08780866765354291,0.07591240875912408,0.08780866765354291,false,4
5610,0.20734703218063932,0.0783277560009797,0.08004509582863585,0.0783277560009797,false,5
5612,0.3511770460780342,0.1389864048752314,0.12310606060606061,0.1389864048752314,false,1
5614,0.34147573069321496,0.13340461949352014,0.12310606060606061,0.13340461949352014,false,1
5616,0.23559965084088014,0.08401163508328899,0.07564422277639235,0.08401163508328899,false,1
5617,0.21325020221566915,0.07597292288384153,0.07564422277639235,0.07597292288384153,false,1
5618,0.21325020221566915,0.07597292288384153,0.07564422277639235,0.07597292288384153,false,1
5619,0.2711967190091025,0.10137504370380487,0.08464419475655428,0.10137504370380487,false,2
5620,0.5782774318503379,0.3296510336245673,0.30769230769230776,0.3296510336245673,false,4
5622,0.35016616352752195,0.1383957625031262,0.12310606060606061,0.1383957625031262,false,1
5623,0.33792595779289264,0.1336492804447695,0.13073170731707318,0.1336492804447695,false,2
5625,0.4151148840635871,0.1807905967795185,0.19471153846153846,0.1807905967795185,false,1
5626,0.396664011131781,0.16735051994298378,0.1753846153846154,0.16735051994298378,false,3
5631,0.41128165967070984,0.17872293226909325,0.19701986754966888,0.17872293226909325,false,2
5632,0.5031893051658467,0.2534664412868689,0.22487223168654175,0.2534664412868689,false,1
5633,0.5407882970294171,0.28544262520690455,0.2683397683397683,0.28544262520690455,false,2
5634,0.3198517955050532,0.12526340079236453,0.12717770034843207,0.12526340079236453,false,5
5635,0.5404102133257781,0.2868508890443354,0.2638297872340426,0.2868508890443354,false,3
5636,0.3759620434401738,0.1556868302796609,0.14182692307692307,0.1556868302796609,false,2
5637,0.52928443878341,0.27456634158808,0.2683397683397683,0.27456634158808,false,2
5638,0.35435867505308616,0.14387576380568448,0.14814814814814814,0.14387576380568448,false,5
5639,0.6300076525612891,0.38795242307971695,0.3566666666666667,0.38795242307971695,false,4
5640,0.279401992992507,0.10493501095180516,0.08464419475655428,0.10493501095180516,false,2
5641,0.37119310257185484,0.15091300153172538,0.17279411764705882,0.15091300153172538,false,3
5642,0.360276183219063,0.1442847509451966,0.14937759336099585,0.1442847509451966,false,3
5643,0.42601200115984805,0.1880282237621232,0.19718309859154928,0.1880282237621232,false,3
5644,0.3715558701574537,0.1513493457473544,0.16346153846153846,0.1513493457473544,false,1
5645,0.5077846731146948,0.2577430739453288,0.24489795918367344,0.2577430739453288,false,1
5646,0.5501576315913563,0.2993328403082074,0.3023255813953488,0.2993328403082074,false,1
5647,0.4904898157732178,0.24189372494855346,0.22487223168654175,0.24189372494855346,false,1
5648,0.4558259281643436,0.21217347181628898,0.22487223168654175,0.21217347181628898,false,1
5650,0.2854971925247861,0.10480044638065078,0.09781477627471384,0.10480044638065078,false,1
5651,0.3757657354786747,0.1565425032119404,0.14814814814814814,0.1565425032119404,false,5
5652,0.3539098543817272,0.14361955456251732,0.14814814814814814,0.14361955456251732,false,5
5653,0.431907100094381,0.19241082578017457,0.22486288848263253,0.19241082578017457,false,3
5654,0.42899003157129434,0.1902325288949012,0.19718309859154928,0.1902325288949012,false,3
5655,0.3906660451097419,0.16375025344377084,0.19471153846153846,0.16375025344377084,false,1
5656,0.3958514535265442,0.16725304362187615,0.19471153846153846,0.16725304362187615,false,1
5659,0.4494424289836829,0.20718990234049575,0.1884469696969697,0.20718990234049575,false,4
5660,0.5548531217509959,0.3013202178690189,0.2638297872340426,0.3013202178690189,false,3
5661,0.2815260356594563,0.10337836900267879,0.08676789587852494,0.10337836900267879,false,3
5662,0.21606645770038624,0.07694560242935963,0.07564422277639235,0.07694560242935963,false,1
5663,0.392801433051309,0.1651855304183596,0.19471153846153846,0.1651855304183596,false,1
5664,0.3715767576430671,0.15399437559899118,0.14814814814814814,0.15399437559899118,false,5
5666,0.31423341429052287,0.11863619008963153,0.13059033989266547,0.11863619008963153,false,4
5668,0.4078401501987144,0.1750024642384107,0.1753846153846154,0.1750024642384107,false,3
5669,0.5601278490793983,0.3042972537696826,0.2683397683397683,0.3042972537696826,false,2
5670,0.3311308721230505,0.13000206353509486,0.13073170731707318,0.13000206353509486,false,2
5671,0.42205230864246046,0.18625836255398842,0.19701986754966888,0.18625836255398842,false,2
5673,0.27300680986211373,0.10332950465752459,0.10112359550561797,0.10332950465752459,false,5
5674,0.2681848074845162,0.10009539801441905,0.08464419475655428,0.10009539801441905,false,2
5675,0.5941021768564263,0.3381467722340739,0.3174061433447099,0.3381467722340739,false,5
5676,0.23073260150380012,0.08202535052523745,0.07591240875912408,0.08202535052523745,false,4
5677,0.5099575915779164,0.2601855521084093,0.2692307692307692,0.2601855521084093,false,4
5678,0.39824737414618033,0.169925389130655,0.16071428571428573,0.169925389130655,false,2
5679,0.5756409630605349,0.3199157303637135,0.3333333333333333,0.3199157303637135,false,2
5680,0.5709795766766627,0.3151779648630211,0.3333333333333333,0.3151779648630211,false,2
5681,0.4532993568612925,0.20896582051053106,0.22486288848263253,0.20896582051053106,false,3
5682,0.4024057532214153,0.17269407900198028,0.16071428571428573,0.17269407900198028,false,2
5683,0.5120857514518261,0.25971763960177124,0.25,0.25971763960177124,false,3
5686,0.5457695915447058,0.29540467226418554,0.28969957081545067,0.29540467226418554,false,4
5688,0.522844516548902,0.2698252770993873,0.25,0.2698252770993873,false,3
5689,0.354456319243725,0.14091699307085645,0.12310606060606061,0.14091699307085645,false,1
5690,0.6982544996915329,0.4685160031565493,0.5,0.4685160031565493,false,1
5691,0.3585428182051421,0.14331984390683636,0.13894736842105262,0.14331984390683636,false,4
5692,0.446836762569094,0.2049169686255829,0.19471153846153846,0.2049169686255829,false,1
5693,0.4129149385143696,0.17985008350522727,0.19701986754966888,0.17985008350522727,false,2
5694,0.34221649885300565,0.1370773989288028,0.14814814814814814,0.1370773989288028,false,5
5695,0.32825680147429886,0.12848507403044268,0.13073170731707318,0.12848507403044268,false,2
5696,0.3585428182051421,0.14331984390683636,0.13894736842105262,0.14331984390683636,false,4
5697,0.446836762569094,0.2049169686255829,0.19471153846153846,0.2049169686255829,false,1
5698,0.4129149385143696,0.17985008350522727,0.19701986754966888,0.17985008350522727,false,2
5699,0.34669498798959153,0.1363836343091596,0.12310606060606061,0.1363836343091596,false,1
5700,0.42036787416649696,0.18462719963597174,0.19471153846153846,0.18462719963597174,false,1
5701,0.4629319942670405,0.21675491909075847,0.22486288848263253,0.21675491909075847,false,3
5702,0.35948190210600856,0.14381207241212063,0.14937759336099585,0.14381207241212063,false,3
5703,0.4238221065170298,0.18751972479805623,0.19701986754966888,0.18751972479805623,false,2
5704,0.3996334378866624,0.17171994316291475,0.18571428571428572,0.17171994316291475,false,5
5705,0.573188910209377,0.32415700470272324,0.30769230769230776,0.32415700470272324,false,4
5706,0.4561721789808896,0.21245670303498979,0.22487223168654175,0.21245670303498979,false,1
5707,0.4385345591575443,0.19838011581932868,0.19471153846153846,0.19838011581932868,false,1
5708,0.4644699984867278,0.218781349944583,0.21678321678321674,0.218781349944583,false,5
5709,0.40626675208990237,0.17390876698366892,0.1753846153846154,0.17390876698366892,false,3
5710,0.36704440747004696,0.14851838644911472,0.13894736842105262,0.14851838644911472,false,4
5711,0.5131573020345245,0.2607132396172941,0.25,0.2607132396172941,false,3
5712,0.5207931795523679,0.27054979994406586,0.28969957081545067,0.27054979994406586,false,4
5713,0.421953114233023,0.18579730517530962,0.19471153846153846,0.18579730517530962,false,1
5714,0.3967420107556797,0.1674029850396979,0.1753846153846154,0.1674029850396979,false,3
5715,0.4511616550094357,0.20838502259279207,0.19471153846153846,0.20838502259279207,false,1
5716,0.32763600455485253,0.12568704282968754,0.13059033989266547,0.12568704282968754,false,4
5717,0.43793515249419734,0.19847585046547747,0.20187793427230047,0.19847585046547747,false,5
5718,0.392801433051309,0.1651855304183596,0.19471153846153846,0.1651855304183596,false,1
5719,0.37784139287475355,0.1568489853035128,0.14182692307692307,0.1568489853035128,false,2
5720,0.34430034378867885,0.13500993888946902,0.12310606060606061,0.13500993888946902,false,1
5721,0.40257312316074995,0.1713624748863834,0.1753846153846154,0.1713624748863834,false,3
5722,0.4977928461859247,0.24614559754230061,0.2612612612612612,0.24614559754230061,false,2
5724,0.2902955810385932,0.10689375583984963,0.1111111111111111,0.10689375583984963,false,4
5726,0.6519026809928482,0.40047364113656925,0.40625,0.40047364113656925,false,5
5727,0.2949465322048802,0.10909213081898549,0.1111111111111111,0.10909213081898549,false,4
5728,0.3470373018944812,0.13657340643679478,0.14937759336099585,0.13657340643679478,false,3
5729,0.42110543471675904,0.18443934291116096,0.1753846153846154,0.18443934291116096,false,3
5730,0.47863260125655993,0.23021496563882013,0.2572178477690289,0.23021496563882013,false,5
5731,0.4584500434885293,0.2143268632394418,0.22487223168654175,0.2143268632394418,false,1
5732,0.3331521256426695,0.1321801075153588,0.12717770034843207,0.1321801075153588,false,5
5733,0.31714916036540564,0.12023867054368031,0.102803738317757,0.12023867054368031,false,1
5734,0.2544432005044811,0.09187491317223592,0.08676789587852494,0.09187491317223592,false,3
5735,0.16556694330217883,0.06431686284623792,0.06451612903225806,0.06431686284623792,false,2
5736,0.43398592252354484,0.19489086693844573,0.19701986754966888,0.19489086693844573,false,2
5738,0.3783021476463435,0.15713498316277139,0.14182692307692307,0.15713498316277139,false,2
5740,0.3783021476463435,0.15713498316277139,0.14182692307692307,0.15713498316277139,false,2
5741,0.4446098756338329,0.2033217918417874,0.1884469696969697,0.2033217918417874,false,4
5742,0.3942574470788468,0.16820261111925094,0.1651376146788991,0.16820261111925094,false,5
5743,0.37224406932159404,0.15439801289922994,0.14814814814814814,0.15439801289922994,false,5
5744,0.6711290971129035,0.4368029665749938,0.44015444015444016,0.4368029665749938,false,4
5745,0.5586363122424615,0.30517824483662703,0.2638297872340426,0.30517824483662703,false,3
5746,0.3424317436109443,0.13611517134767595,0.13073170731707318,0.13611517134767595,false,2
5747,0.4440871972691849,0.20290666525536322,0.1884469696969697,0.20290666525536322,false,4
5748,0.27852309209836545,0.10454847361180004,0.08464419475655428,0.10454847361180004,false,2
5749,0.19689578157368065,0.0711796743543801,0.07043343653250773,0.0711796743543801,false,3
5750,0.3285715671000377,0.12976221474413302,0.12717770034843207,0.12976221474413302,false,5
5751,0.24381438952172382,0.08768341361353572,0.07043343653250773,0.08768341361353572,false,3
5752,0.22041496696116245,0.07846992717211687,0.07564422277639235,0.07846992717211687,false,1
5753,0.3113770768986295,0.12101973533508119,0.12717770034843207,0.12101973533508119,false,5
5754,0.2272309636067003,0.08148834564618546,0.07043343653250773,0.08148834564618546,false,3
5756,0.23222223832268693,0.08589390451475139,0.08464419475655428,0.08589390451475139,false,2
5757,0.21415867309974243,0.07610612212751398,0.07591240875912408,0.07610612212751398,false,4
5760,0.1841386453068748,0.07090135567383873,0.08004509582863585,0.07090135567383873,false,5
5761,0.1938955004692,0.06958818945325525,0.07564422277639235,0.06958818945325525,false,1
5762,0.4346549353238005,0.19537969867368665,0.19471153846153846,0.19537969867368665,false,1
5763,0.24032739358120034,0.08564089571337764,0.07591240875912408,0.08564089571337764,false,4
5764,0.1938955004692,0.06958818945325525,0.07564422277639235,0.06958818945325525,false,1
5765,0.16752845697414417,0.06235953134215168,0.07043343653250773,0.06235953134215168,false,3
5766,0.36423823089528307,0.14680924301253503,0.15702479338842976,0.14680924301253503,false,1
5767,0.4477766830541438,0.20566701359696807,0.19471153846153846,0.20566701359696807,false,1
5770,0.5854830133223641,0.32925899325672664,0.3174061433447099,0.32925899325672664,false,5
5772,0.3609939471329976,0.14471300423367298,0.14937759336099585,0.14471300423367298,false,3
5773,0.4717386540383873,0.22459771689754915,0.2572178477690289,0.22459771689754915,false,5
5774,0.43677671301123344,0.19608940126792684,0.22486288848263253,0.19608940126792684,false,3
5776,0.22365008581941415,0.08020405534732644,0.07043343653250773,0.08020405534732644,false,3
5779,0.2295550977119347,0.08609389642978653,0.08004509582863585,0.08609389642978653,false,5
5780,0.48946883661376667,0.23897329795924319,0.2612612612612612,0.23897329795924319,false,2
5781,0.18975040106391938,0.06893305621954032,0.07043343653250773,0.06893305621954032,false,3
5782,0.35794356943863853,0.14290027156642177,0.14937759336099585,0.14290027156642177,false,3
5783,0.31532602781697117,0.11929857248287674,0.102803738317757,0.11929857248287674,false,1
5785,0.1481850747296832,0.059581600470438256,0.05555555555555555,0.059581600470438256,false,2
5786,0.15970293844718786,0.06378929163493118,0.05,0.06378929163493118,false,5
5787,0.17450942985971157,0.06435893018463627,0.07043343653250773,0.06435893018463627,false,3
5788,0.27901521886685837,0.10594007314315147,0.10112359550561797,0.10594007314315147,false,5
5789,0.48081488989852234,0.23201349885270658,0.2572178477690289,0.23201349885270658,false,5
5790,0.4354779254105578,0.195991205217127,0.19701986754966888,0.195991205217127,false,2
5791,0.5621979181123868,0.3118284034793236,0.31493506493506496,0.3118284034793236,false,1
5792,0.325708315854424,0.1282700087280586,0.12717770034843207,0.1282700087280586,false,5
5794,0.3814815585797995,0.15769117270113073,0.19471153846153846,0.15769117270113073,false,1
5795,0.563997540189473,0.3076379370793253,0.2698412698412698,0.3076379370793253,false,5
5798,0.46978635200711205,0.22242404986628397,0.22486288848263253,0.22242404986628397,false,3
5800,0.4928710306343234,0.24228788020576744,0.2408026755852843,0.24228788020576744,false,3
5801,0.24437192547930311,0.09165683869715822,0.0974264705882353,0.09165683869715822,false,5
5802,0.37140103880672226,0.15289559573241562,0.14182692307692307,0.15289559573241562,false,2
5803,0.7325462396709167,0.511803357635754,0.5,0.511803357635754,false,4
5804,0.3679209213086643,0.14907984864999138,0.16346153846153846,0.14907984864999138,false,1
5805,0.48956214325958497,0.23936803901438888,0.2408026755852843,0.23936803901438888,false,3
5806,0.2826971997254073,0.10352251982381984,0.09781477627471384,0.10352251982381984,false,1
5807,0.302996369230875,0.11338606153654868,0.10187667560321716,0.11338606153654868,false,3
5808,0.3054754776451945,0.11459452230635156,0.10187667560321716,0.11459452230635156,false,3
5809,0.45120384306254363,0.20844748653376152,0.21678321678321674,0.20844748653376152,false,5
5811,0.33303160422175565,0.13211600277564076,0.12717770034843207,0.13211600277564076,false,5
5813,0.4265923424648805,0.18925449629914542,0.19471153846153846,0.18925449629914542,false,1
5814,0.5155224332242956,0.2618989193177329,0.2683397683397683,0.2618989193177329,false,2
5815,0.6967975934020756,0.46109856809421496,0.4747191011235955,0.46109856809421496,false,3
5816,0.45421545047651,0.21085973735844377,0.22487223168654175,0.21085973735844377,false,1
5817,0.4890825322151825,0.24095757459921457,0.23670212765957446,0.24095757459921457,false,4
5818,0.507086003518293,0.2551050014239175,0.25,0.2551050014239175,false,3
5819,0.4043780520304762,0.1740196834332926,0.16071428571428573,0.1740196834332926,false,2
5820,0.3552676947036968,0.14439584252824542,0.14814814814814814,0.14439584252824542,false,5
5821,0.32911619200851855,0.13004771682549474,0.12717770034843207,0.13004771682549474,false,5
5822,0.24557334526948793,0.0883649240289256,0.07043343653250773,0.0883649240289256,false,3
5823,0.34253355718297224,0.13403029590352364,0.14937759336099585,0.13403029590352364,false,3
5824,0.29741058408229526,0.11027282659645266,0.1111111111111111,0.11027282659645266,false,4
5826,0.3633899542085294,0.1461502300752955,0.14937759336099585,0.1461502300752955,false,3
5827,0.22477737714246032,0.08319168127461547,0.08464419475655428,0.08319168127461547,false,2
5828,0.29427614619612785,0.1087728282635293,0.1111111111111111,0.1087728282635293,false,4
5829,0.2993228656671033,0.11119683271976508,0.1111111111111111,0.11119683271976508,false,4
5830,0.2993228656671033,0.11119683271976508,0.1111111111111111,0.11119683271976508,false,4
5831,0.4575975889721054,0.21285579175774694,0.2349570200573066,0.21285579175774694,false,2
5832,0.34534385949776863,0.13880212306518977,0.14814814814814814,0.13880212306518977,false,5
5833,0.48732374014593816,0.23938265516357993,0.23670212765957446,0.23938265516357993,false,4
5834,0.32743980314937443,0.1256656338369234,0.102803738317757,0.1256656338369234,false,1
5838,0.20485004390894324,0.07633537213129288,0.08464419475655428,0.07633537213129288,false,2
5839,0.25954753152715637,0.09332055053628667,0.07591240875912408,0.09332055053628667,false,4
5841,0.3478257631930851,0.13698346159094302,0.13894736842105262,0.13698346159094302,false,4
5842,0.49494005082257464,0.24625354509442432,0.2692307692307692,0.24625354509442432,false,4
5843,0.33724643803862375,0.13103119441788208,0.12310606060606061,0.13103119441788208,false,1
5844,0.3115636106125171,0.11997010405671382,0.13073170731707318,0.11997010405671382,false,2
5845,0.20308430534975483,0.07317988134451076,0.07043343653250773,0.07317988134451076,false,3
5846,0.2246918792771839,0.0799960544597032,0.07564422277639235,0.0799960544597032,false,1
5847,0.3434224205155358,0.13774031351515148,0.14814814814814814,0.13774031351515148,false,5
5848,0.445145636089778,0.2038494916600317,0.21678321678321674,0.2038494916600317,false,5
5849,0.36980663854719104,0.15005752755901303,0.17279411764705882,0.15005752755901303,false,3
5850,0.340044409874082,0.13589013783390883,0.14814814814814814,0.13589013783390883,false,5
5851,0.3793229151965216,0.1562938208085362,0.19471153846153846,0.1562938208085362,false,1
5852,0.3427647969903213,0.1362989550199572,0.13073170731707318,0.1362989550199572,false,2
5853,0.2956773519123937,0.11348551588709853,0.11331444759206799,0.11348551588709853,false,5
5855,0.43705600521884064,0.19630198639943996,0.22486288848263253,0.19630198639943996,false,3
5856,0.268888993774362,0.09742025144955048,0.09781477627471384,0.09742025144955048,false,1
5857,0.5344872070187734,0.28401354837364406,0.28969957081545067,0.28401354837364406,false,4
5858,0.44175330887177156,0.20089564288373984,0.19471153846153846,0.20089564288373984,false,1
5859,0.46676057945920996,0.21990851400591582,0.22486288848263253,0.21990851400591582,false,3
5860,0.3011984065510135,0.11251659701617865,0.10187667560321716,0.11251659701617865,false,3
5863,0.3887099252194692,0.163708763259522,0.16071428571428573,0.163708763259522,false,2
5864,0.2531437517596202,0.0913529685661369,0.08676789587852494,0.0913529685661369,false,3
5865,0.24358736683935076,0.08759580024773192,0.07043343653250773,0.08759580024773192,false,3
5866,0.2167060972982973,0.0769897192707744,0.07591240875912408,0.0769897192707744,false,4
5867,0.3607377969714639,0.14755851923632113,0.14814814814814814,0.14755851923632113,false,5
5868,0.2866817893105105,0.10935537614797859,0.11331444759206799,0.10935537614797859,false,5
5869,0.16511632318562777,0.06081843860491955,0.07317073170731705,0.06081843860491955,false,4
5870,0.33422542717785925,0.1327521548185596,0.12717770034843207,0.1327521548185596,false,5
5872,0.31538142603304303,0.12300922497026191,0.12717770034843207,0.12300922497026191,false,5
5873,0.3334127383917368,0.12883517331715474,0.13059033989266547,0.12883517331715474,false,4
5875,0.22770617510112134,0.08091407100438612,0.07591240875912408,0.08091407100438612,false,4
5877,0.1804794502591291,0.0686564199042108,0.0755813953488372,0.0686564199042108,false,2
5878,0.3856423325017453,0.16043292171442242,0.1884469696969697,0.16043292171442242,false,4
5879,0.34690451720065313,0.1386007929818519,0.13073170731707318,0.1386007929818519,false,2
5880,0.19844237702802345,0.07167477002053911,0.07043343653250773,0.07167477002053911,false,3
5881,0.2130601182743104,0.08026211192790594,0.08004509582863585,0.08026211192790594,false,5
5882,0.7061617224813156,0.4621115014330414,0.49159663865546216,0.4621115014330414,false,5
5883,0.3158434306042903,0.12324056418706396,0.12717770034843207,0.12324056418706396,false,5
5884,0.4636442617192264,0.21812750313465246,0.21678321678321674,0.21812750313465246,false,5
5885,0.460172581417884,0.21450236103021136,0.22486288848263253,0.21450236103021136,false,3
5886,0.5179570575436547,0.2652030091149878,0.25,0.2652030091149878,false,3
5887,0.5769385474455191,0.3205671506020398,0.3174061433447099,0.3205671506020398,false,5
5888,0.38790553389283494,0.1641211205051156,0.14814814814814814,0.1641211205051156,false,5
5889,0.25628678860971993,0.09517982952624474,0.08464419475655428,0.09517982952624474,false,2
5892,0.35303848422429057,0.14002506537054954,0.14937759336099585,0.14002506537054954,false,3
5894,0.5167426258163574,0.2662140075574468,0.24489795918367344,0.2662140075574468,false,1
5895,0.22422911947542715,0.07982962967261202,0.07564422277639235,0.07982962967261202,false,1
5897,0.31200181458738324,0.12018725904941327,0.13073170731707318,0.12018725904941327,false,2
5898,0.20511285146761613,0.07384672119010972,0.07043343653250773,0.07384672119010972,false,3
5899,0.24189332779240935,0.08641109465480744,0.07564422277639235,0.08641109465480744,false,1
5900,0.40224189711941755,0.17170982213931676,0.1884469696969697,0.17170982213931676,false,4
5901,0.253586429829429,0.09103429092995105,0.07564422277639235,0.09103429092995105,false,1
5902,0.6663222100998552,0.4310093122000045,0.44015444015444016,0.4310093122000045,false,4
5903,0.34178438888989804,0.133611169934471,0.14937759336099585,0.133611169934471,false,3
5904,0.21195839109091594,0.07553054228006056,0.07564422277639235,0.07553054228006056,false,1
5905,0.4278106091332573,0.1901704926194187,0.19471153846153846,0.1901704926194187,false,1
5906,0.45019596959317554,0.20709742179258617,0.2349570200573066,0.20709742179258617,false,2
5907,0.6168508081042773,0.36214683306788437,0.3174061433447099,0.36214683306788437,false,5
5908,0.6168508081042773,0.36214683306788437,0.3174061433447099,0.36214683306788437,false,5
5909,0.5458119079566395,0.2922137469126053,0.2638297872340426,0.2922137469126053,false,3
5910,0.19701959283866127,0.07493901082013177,0.08004509582863585,0.07493901082013177,false,5
5912,0.3324579320947826,0.1318112306752475,0.12717770034843207,0.1318112306752475,false,5
5913,0.40281228461832064,0.17152644720956878,0.1753846153846154,0.17152644720956878,false,3
5914,0.43877173817585624,0.1976117493253642,0.22486288848263253,0.1976117493253642,false,3
5915,0.532877690754667,0.282410278947312,0.28969957081545067,0.282410278947312,false,4
5916,0.6053858553049783,0.35968198017683145,0.3566666666666667,0.35968198017683145,false,4
5917,0.15915881028609447,0.059360153660486435,0.06857142857142857,0.059360153660486435,false,1
5919,0.19231298662831922,0.07229137223893943,0.08464419475655428,0.07229137223893943,false,2
5920,0.15915881028609447,0.059360153660486435,0.06857142857142857,0.059360153660486435,false,1
5921,0.19139007248603085,0.0687989303929581,0.07564422277639235,0.0687989303929581,false,1
5922,0.4826994826861339,0.2349750125067937,0.22487223168654175,0.2349750125067937,false,1
5923,0.21054058816592594,0.07565855251280627,0.07043343653250773,0.07565855251280627,false,3
5924,0.2173306033159313,0.07738591524794251,0.07564422277639235,0.07738591524794251,false,1
5925,0.6200527287836769,0.3764190883879507,0.3566666666666667,0.3764190883879507,false,4
5926,0.18304028571656644,0.06688324367420745,0.07043343653250773,0.06688324367420745,false,3
5929,0.15693318210039378,0.06192253234447412,0.06451612903225806,0.06192253234447412,false,2
5931,0.19062528708315285,0.06837359648194784,0.07317073170731705,0.06837359648194784,false,4
5932,0.4288737928617462,0.19110025943608466,0.1884469696969697,0.19110025943608466,false,4
5933,0.3867297517128461,0.16337439946258225,0.14814814814814814,0.16337439946258225,false,5
5934,0.2888057482046688,0.10668082336001866,0.10187667560321716,0.10668082336001866,false,3
5935,0.19633284335289056,0.07036403161510923,0.07564422277639235,0.07036403161510923,false,1
5936,0.1859616170122971,0.06711722801504239,0.07564422277639235,0.06711722801504239,false,1
5937,0.1859616170122971,0.06711722801504239,0.07564422277639235,0.06711722801504239,false,1
5938,0.19633284335289056,0.07036403161510923,0.07564422277639235,0.07036403161510923,false,1
5941,0.2715621876708903,0.0984298658233064,0.07591240875912408,0.0984298658233064,false,4
5942,0.3828585217337917,0.15827028448283134,0.1753846153846154,0.15827028448283134,false,3
5943,0.39070906381164355,0.1633837284788671,0.1753846153846154,0.1633837284788671,false,3
5944,0.3049822275322753,0.11674923891052467,0.10574712643678161,0.11674923891052467,false,2
5945,0.3422940821137185,0.1338680463789261,0.12310606060606061,0.1338680463789261,false,1
5946,0.2721502023704263,0.09883187537306548,0.09781477627471384,0.09883187537306548,false,1
5947,0.25469643044829193,0.09197693864359918,0.08676789587852494,0.09197693864359918,false,3
5948,0.13010124421571845,0.056065065780582124,0.017241379310344827,0.056065065780582124,false,5
5949,0.2020180904202989,0.07283161428982571,0.07043343653250773,0.07283161428982571,false,3
5950,0.16889624217306728,0.06274665201416159,0.07043343653250773,0.06274665201416159,false,3
5951,0.4106796209635637,0.17698993325387247,0.1753846153846154,0.17698993325387247,false,3
5952,0.44908502145641443,0.20671443540301163,0.19471153846153846,0.20671443540301163,false,1
5953,0.2763501186501567,0.1006766314887931,0.09781477627471384,0.1006766314887931,false,1
5954,0.49825861160242474,0.24709361234233598,0.2408026755852843,0.24709361234233598,false,3
5955,0.5546940319461284,0.30400711905413896,0.3023255813953488,0.30400711905413896,false,1
5956,0.17618344901174535,0.06737919725902096,0.0755813953488372,0.06737919725902096,false,2
5957,0.3406077696524136,0.13291458300700115,0.12310606060606061,0.13291458300700115,false,1
5958,0.23275625650235093,0.08350679611975037,0.07043343653250773,0.08350679611975037,false,3
5959,0.18613135446563397,0.07037092342630051,0.0755813953488372,0.07037092342630051,false,2
5960,0.6115000220787007,0.36662040437412624,0.3566666666666667,0.36662040437412624,false,4
5961,0.3003294237957559,0.11180441155304975,0.09781477627471384,0.11180441155304975,false,1
5962,0.2401290624165203,0.08885065998339321,0.08464419475655428,0.08885065998339321,false,2
5963,0.3146056389182438,0.11914216757154666,0.11428571428571428,0.11914216757154666,false,3
5964,0.27009506163433505,0.09794019346952992,0.09781477627471384,0.09794019346952992,false,1
5965,0.24298264761862287,0.08683264531211089,0.07564422277639235,0.08683264531211089,false,1
5966,0.15802065771248913,0.05905007583622101,0.06857142857142857,0.05905007583622101,false,1
5967,0.2963335215038148,0.11019316232886148,0.10187667560321716,0.11019316232886148,false,3
5968,0.3436594456693698,0.13679366992825479,0.13073170731707318,0.13679366992825479,false,2
5969,0.4554082652888921,0.21065333383331666,0.22486288848263253,0.21065333383331666,false,3
5970,0.7014700952290447,0.4737077206814811,0.44015444015444016,0.4737077206814811,false,4
5971,0.3498977300180172,0.14134607395512389,0.14814814814814814,0.14134607395512389,false,5
5972,0.250869093964347,0.08977926454551025,0.07591240875912408,0.08977926454551025,false,4
5974,0.35364370892489605,0.14037719221133527,0.14937759336099585,0.14037719221133527,false,3
5975,0.40944046693763936,0.17679204244832075,0.1884469696969697,0.17679204244832075,false,4
5976,0.42608524562317274,0.18899403242534374,0.1884469696969697,0.18899403242534374,false,4
5977,0.29550371334013714,0.10948186420271562,0.09781477627471384,0.10948186420271562,false,1
5978,0.27625475627120655,0.10063440764929006,0.09781477627471384,0.10063440764929006,false,1
5979,0.4814346143932368,0.23416072615465794,0.23670212765957446,0.23416072615465794,false,4
5980,0.361066657686476,0.1448767870783621,0.15702479338842976,0.1448767870783621,false,1
5981,0.47016709265994616,0.22333090996360944,0.21678321678321674,0.22333090996360944,false,5
5982,0.42838045282378884,0.19152038427699747,0.20187793427230047,0.19152038427699747,false,5
5983,0.44373657557792434,0.20262854542116915,0.1884469696969697,0.20262854542116915,false,4
5984,0.5142387300474249,0.26073673615060744,0.2683397683397683,0.26073673615060744,false,2
5986,0.22924865791564944,0.08480518870811193,0.08464419475655428,0.08480518870811193,false,2
5987,0.5743958219031255,0.3186464924182488,0.3333333333333333,0.3186464924182488,false,2
5988,0.17797645452957336,0.0653739550173584,0.07043343653250773,0.0653739550173584,false,3
5989,0.26683047621176875,0.09653850055521374,0.09781477627471384,0.09653850055521374,false,1
5990,0.326376895497036,0.12523486418664118,0.12396694214876033,0.12523486418664118,false,3
5991,0.5560751834937325,0.30256342037330375,0.2638297872340426,0.30256342037330375,false,3
5992,0.49040113828131376,0.23976942957885966,0.2612612612612612,0.23976942957885966,false,2
5993,0.2633079140800923,0.09550757371524836,0.08676789587852494,0.09550757371524836,false,3
5995,0.865618016260949,0.666524732901452,0.7468354430379747,0.666524732901452,false,1
5996,0.75729031895787,0.5339597930317097,0.4747191011235955,0.5339597930317097,false,3
5997,0.7905636129924746,0.5736216465549208,0.5342465753424658,0.5736216465549208,false,3
5998,0.4527759714932782,0.20965309471622467,0.21678321678321674,0.20965309471622467,false,5
5999,0.33820915596813317,0.1348937554212023,0.14814814814814814,0.1348937554212023,false,5
6000,0.47879379073151235,0.23034747506231115,0.2572178477690289,0.23034747506231115,false,5
6003,0.34682501751353584,0.13855628263907155,0.13073170731707318,0.13855628263907155,false,2
6004,0.4336088097370886,0.19369031275124096,0.22486288848263253,0.19369031275124096,false,3
6005,0.6927866001751855,0.44899500241384876,0.4340659340659341,0.44899500241384876,false,2
6006,0.39152084136166104,0.16552170827694235,0.16071428571428573,0.16552170827694235,false,2
6007,0.32995373341940826,0.1270228918334069,0.12310606060606061,0.1270228918334069,false,1
6008,0.48863463283876984,0.2402336049565696,0.22487223168654175,0.2402336049565696,false,1
6009,0.5443283472822462,0.2907349966055164,0.2638297872340426,0.2907349966055164,false,3
6010,0.36824872510051726,0.14928335737781548,0.16346153846153846,0.14928335737781548,false,1
6011,0.44205642261213035,0.20129976269569835,0.1884469696969697,0.20129976269569835,false,4
6012,0.5171877213367854,0.2634169641499913,0.2572178477690289,0.2634169641499913,false,5
6013,0.24270431702507544,0.09101495430099324,0.0974264705882353,0.09101495430099324,false,5
6014,0.6335525725824327,0.3911278001356896,0.391304347826087,0.3911278001356896,false,1
6015,0.3470485957620636,0.13974992042486065,0.14814814814814814,0.13974992042486065,false,5
6017,0.3358840394913238,0.13027430586795669,0.12310606060606061,0.13027430586795669,false,1
6018,0.30836653379202444,0.11576816176023288,0.102803738317757,0.11576816176023288,false,1
6019,0.9003763309468026,0.6789387339279311,0.7333333333333333,0.6789387339279311,false,5
6020,0.3359672980725247,0.1336849972444807,0.14814814814814814,0.1336849972444807,false,5
6021,0.7844507167416365,0.5733424848841672,0.5373134328358209,0.5733424848841672,false,1
6022,0.7996601657146205,0.5914334489877497,0.5373134328358209,0.5914334489877497,false,1
6023,0.3598989367363871,0.14406008983879823,0.14937759336099585,0.14406008983879823,false,3
6024,0.28107125860064297,0.105672621995842,0.08464419475655428,0.105672621995842,false,2
6025,0.37542132602766665,0.1535466687755327,0.17279411764705882,0.1535466687755327,false,3
6026,0.18322911361049266,0.06628522109281909,0.07564422277639235,0.06628522109281909,false,1
6027,0.4562532141154414,0.2118012664871183,0.2349570200573066,0.2118012664871183,false,2
6028,0.5939173337631136,0.34605203975261095,0.31493506493506496,0.34605203975261095,false,1
6029,0.2045545941705151,0.07366265071048188,0.07043343653250773,0.07366265071048188,false,3
6030,0.3118245809438842,0.12124068500388187,0.12717770034843207,0.12124068500388187,false,5
6031,0.6502466979666308,0.4107370155004621,0.391304347826087,0.4107370155004621,false,1
6032,0.23465529849590894,0.0834864101291961,0.07591240875912408,0.0834864101291961,false,4
6033,0.3124155780762025,0.12153301542909234,0.12717770034843207,0.12153301542909234,false,5
6034,0.2147838789785837,0.07710333690714952,0.07043343653250773,0.07710333690714952,false,3
6035,0.5186274953252756,0.2647238287300285,0.2683397683397683,0.2647238287300285,false,2
6036,0.5817263951788163,0.3334016025724004,0.30769230769230776,0.3334016025724004,false,4
6037,0.614524735147641,0.3700736479713812,0.3566666666666667,0.3700736479713812,false,4
6038,0.6171318411633022,0.3730608381965795,0.3566666666666667,0.3730608381965795,false,4
6039,0.21607686258940628,0.08013180810935232,0.08464419475655428,0.08013180810935232,false,2
6040,0.18888053604070926,0.07121912037041513,0.0755813953488372,0.07121912037041513,false,2
6041,0.4495028901810649,0.2071488482922549,0.21678321678321674,0.2071488482922549,false,5
6042,0.6689307276603976,0.4195750830679453,0.45180722891566266,0.4195750830679453,false,5
6043,0.255729532088004,0.09174740936069274,0.07591240875912408,0.09174740936069274,false,4
6044,0.743932449357436,0.5087860945099598,0.532258064516129,0.5087860945099598,false,2
6045,0.6436250860928646,0.40393216166173723,0.44015444015444016,0.40393216166173723,false,4
6046,0.5614350003811572,0.3055966795692974,0.2683397683397683,0.3055966795692974,false,2
6047,0.2627402491521297,0.09900043133106719,0.0974264705882353,0.09900043133106719,false,5
6048,0.49486205208759165,0.24618251164917257,0.2692307692307692,0.24618251164917257,false,4
6049,0.4489184071907856,0.20676784667731526,0.1884469696969697,0.20676784667731526,false,4
6051,0.44357448873145183,0.20204422359910157,0.19701986754966888,0.20204422359910157,false,2
6052,0.3054662472842967,0.11459000216943067,0.10187667560321716,0.11459000216943067,false,3
6053,0.2728001774949657,0.09953931958538012,0.08676789587852494,0.09953931958538012,false,3
6054,0.23253569395512044,0.08342535859096052,0.07043343653250773,0.08342535859096052,false,3
6058,0.2826682274080497,0.10337291816852759,0.10101010101010101,0.10337291816852759,false,4
6059,0.2507726212109331,0.09297576736750787,0.08464419475655428,0.09297576736750787,false,2
6062,0.30217733102075534,0.11298926407161929,0.10187667560321716,0.11298926407161929,false,3
6063,0.23142375432565923,0.08245313556465907,0.07564422277639235,0.08245313556465907,false,1
6064,0.1499925374845667,0.05671513889174986,0.07317073170731705,0.05671513889174986,false,4
6065,0.18453874459983355,0.06988384070552683,0.0755813953488372,0.06988384070552683,false,2
6066,0.28187164156140787,0.10602791245001589,0.08464419475655428,0.10602791245001589,false,2
6069,0.2717755874085801,0.09852282935989368,0.07591240875912408,0.09852282935989368,false,4
6070,0.19543547366468886,0.07071510130068942,0.07043343653250773,0.07071510130068942,false,3
6071,0.39431230217810914,0.16624631086064715,0.1884469696969697,0.16624631086064715,false,4
6073,0.3164640294824079,0.11978545213006042,0.13059033989266547,0.11978545213006042,false,4
6074,0.2639332104701417,0.09949505059835279,0.0974264705882353,0.09949505059835279,false,5
6075,0.21358667594976613,0.07669316379225331,0.07043343653250773,0.07669316379225331,false,3
6076,0.20703758128426586,0.0738670011480241,0.07564422277639235,0.0738670011480241,false,1
6077,0.298746448054355,0.11103783904262186,0.09781477627471384,0.11103783904262186,false,1
6078,0.21665543597600911,0.07715046219643597,0.07564422277639235,0.07715046219643597,false,1
6079,0.27603709209132826,0.10346194288106607,0.08464419475655428,0.10346194288106607,false,2
6080,0.3403919091800388,0.13272796400615303,0.13059033989266547,0.13272796400615303,false,4
6083,0.3071277570898132,0.11540615292771747,0.10569105691056911,0.11540615292771747,false,3
6084,0.3488004798086971,0.1375800242833206,0.14937759336099585,0.1375800242833206,false,3
6086,0.3403919091800388,0.13272796400615303,0.13059033989266547,0.13272796400615303,false,4
6088,0.29871188536547527,0.114909153242266,0.11331444759206799,0.114909153242266,false,5
6089,0.29996835149803935,0.11434609824226533,0.10574712643678161,0.11434609824226533,false,2
6090,0.2253785600842715,0.08458197822858803,0.08004509582863585,0.08458197822858803,false,5
6092,0.30728983458544373,0.11786992684865732,0.13073170731707318,0.11786992684865732,false,2
6094,0.2923261416308674,0.10797574058551948,0.09781477627471384,0.10797574058551948,false,1
6095,0.20777827494178835,0.07730936728762601,0.08464419475655428,0.07730936728762601,false,2
6098,0.21665543597600911,0.07715046219643597,0.07564422277639235,0.07715046219643597,false,1
6099,0.27603709209132826,0.10346194288106607,0.08464419475655428,0.10346194288106607,false,2
6100,0.7536724105878976,0.5376502989154535,0.5164835164835165,0.5376502989154535,false,4
6101,0.20016404253919182,0.0715997320879784,0.07564422277639235,0.0715997320879784,false,1
6102,0.24235335174687608,0.09088037941603681,0.09480794961410158,0.09088037941603681,false,5
6105,0.31096977627532696,0.11967636620446795,0.13073170731707318,0.11967636620446795,false,2
6106,0.21227350452051408,0.07624556041292659,0.07043343653250773,0.07624556041292659,false,3
6107,0.3216112558233359,0.12247415636935331,0.13059033989266547,0.12247415636935331,false,4
6108,0.21227350452051408,0.07624556041292659,0.07043343653250773,0.07624556041292659,false,3
6110,0.20703758128426586,0.0738670011480241,0.07564422277639235,0.0738670011480241,false,1
6111,0.6291862964592351,0.38699587192452184,0.3566666666666667,0.38699587192452184,false,4
6112,0.2377571674000848,0.08913447398053999,0.08893478272571054,0.08913447398053999,false,5
6113,0.40122813201018687,0.17277444798458164,0.18571428571428572,0.17277444798458164,false,5
6114,0.3705482496444658,0.15337395208991514,0.14814814814814814,0.15337395208991514,false,5
6115,0.1705499243822926,0.06254861968283472,0.07564422277639235,0.06254861968283472,false,1
6117,0.5146457500737083,0.2646380250574512,0.2692307692307692,0.2646380250574512,false,4
6119,0.3625891219420705,0.14566854553210856,0.14937759336099585,0.14566854553210856,false,3
6120,0.4507137334112994,0.20691045067676456,0.22486288848263253,0.20691045067676456,false,3
6121,0.46569362471390263,0.2190263670129722,0.22486288848263253,0.2190263670129722,false,3
6122,0.5217094095750214,0.27143798736585734,0.28969957081545067,0.27143798736585734,false,4
6123,0.5611757841870102,0.30533874846081327,0.2683397683397683,0.30533874846081327,false,2
6124,0.26629403023106624,0.09929943196453533,0.08464419475655428,0.09929943196453533,false,2
6126,0.2534515099761253,0.09147634308004722,0.08676789587852494,0.09147634308004722,false,3
6129,0.2534515099761253,0.09147634308004722,0.08676789587852494,0.09147634308004722,false,3
6130,0.3378768682279496,0.13131378930788246,0.13059033989266547,0.13131378930788246,false,4
6131,0.32541564107656645,0.12472748327447683,0.12396694214876033,0.12472748327447683,false,3
6132,0.29575595322184556,0.11352219651265652,0.11331444759206799,0.11352219651265652,false,5
6133,0.4060533123993136,0.17431887514765854,0.19471153846153846,0.17431887514765854,false,1
6134,0.4577700676835939,0.2139825006601994,0.21875,0.2139825006601994,false,4
6135,0.42497892589651215,0.1883477528672603,0.19701986754966888,0.1883477528672603,false,2
6136,0.27471716972956833,0.1003717024183051,0.08676789587852494,0.1003717024183051,false,3
6137,0.6249777627069935,0.37089795027359623,0.3174061433447099,0.37089795027359623,false,5
6138,0.4710611759644424,0.22489675520525423,0.22487223168654175,0.22489675520525423,false,1
6139,0.43624807934945103,0.19675639064630498,0.1884469696969697,0.19675639064630498,false,4
6140,0.43923640260009705,0.19892659463852036,0.19471153846153846,0.19892659463852036,false,1
6141,0.43432492029744457,0.19423067345572986,0.22486288848263253,0.19423067345572986,false,3
6142,0.4475343210115419,0.20565336450934257,0.21678321678321674,0.20565336450934257,false,5
6143,0.5440879437922823,0.29314358852613714,0.3,0.29314358852613714,false,1
6144,0.253542491762092,0.09407712495747714,0.08464419475655428,0.09407712495747714,false,2
6145,0.3527535263739845,0.13986719059641764,0.13894736842105262,0.13986719059641764,false,4
6146,0.5162180927510992,0.2625453428954668,0.2572178477690289,0.2625453428954668,false,5
6149,0.39433609175608786,0.16825364888639516,0.1651376146788991,0.16825364888639516,false,5
6150,0.360095849276847,0.14718441536568952,0.14814814814814814,0.14718441536568952,false,5
6151,0.2650125967784185,0.09576575913596588,0.09781477627471384,0.09576575913596588,false,1
6152,0.334694481846849,0.1330028088495712,0.12717770034843207,0.1330028088495712,false,5
6153,0.5969178724393767,0.3457004710580751,0.3425925925925926,0.3457004710580751,false,3
6154,0.5780545997212635,0.32940945305886865,0.30769230769230776,0.32940945305886865,false,4
6155,0.34194296896200493,0.13366904688682466,0.12310606060606061,0.13366904688682466,false,1
6156,0.7840993125625053,0.5522139707862398,0.575,0.5522139707862398,false,5
6157,0.3767100533626882,0.1546159555559571,0.18888888888888888,0.1546159555559571,false,1
6158,0.5926484847771231,0.3454169856523723,0.3566666666666667,0.3454169856523723,false,4
6159,0.6572266300146282,0.41413170052219117,0.449438202247191,0.41413170052219117,false,3
6160,0.645226515065616,0.4048072585331456,0.391304347826087,0.4048072585331456,false,1
6161,0.536260149815945,0.2811307156915103,0.2683397683397683,0.2811307156915103,false,2
6162,0.40566070570822066,0.17348893522211198,0.1753846153846154,0.17348893522211198,false,3
6163,0.24588820436669878,0.09224400418399963,0.0974264705882353,0.09224400418399963,false,5
6164,0.24447524843600982,0.087938905576056,0.07043343653250773,0.087938905576056,false,3
6165,0.6407682500579186,0.39499880010426286,0.345679012345679,0.39499880010426286,false,3
6166,0.4237831503961722,0.18824061604314588,0.19696969696969696,0.18824061604314588,false,5
6167,0.5127924024539702,0.26037392655196223,0.25,0.26037392655196223,false,3
6168,0.6804976822436452,0.4469614683457672,0.4583333333333333,0.4469614683457672,false,1
6170,0.2753487170287895,0.10023402237986226,0.09781477627471384,0.10023402237986226,false,1
6171,0.327099096584205,0.12539781593129798,0.13059033989266547,0.12539781593129798,false,4
6172,0.2733384555874077,0.10347210352999739,0.10112359550561797,0.10347210352999739,false,5
6173,0.23029716831446592,0.08186461117998042,0.07591240875912408,0.08186461117998042,false,4
6175,0.2072623738398993,0.07455942784440465,0.07043343653250773,0.07455942784440465,false,3
6176,0.2633649784557735,0.09925917969713559,0.0974264705882353,0.09925917969713559,false,5
6178,0.3217416107978157,0.12510206947377797,0.13073170731707318,0.12510206947377797,false,2
6179,0.32993294578506605,0.13047687493437626,0.12717770034843207,0.13047687493437626,false,5
6180,0.309720418839057,0.12020480066219101,0.12717770034843207,0.12020480066219101,false,5
6181,0.3755315227206209,0.15386237699011424,0.13894736842105262,0.15386237699011424,false,4
6183,0.3383459509981531,0.13387752470687683,0.13073170731707318,0.13387752470687683,false,2
6184,0.327099096584205,0.12539781593129798,0.13059033989266547,0.12539781593129798,false,4
6185,0.26184035711203824,0.09427686088888615,0.07591240875912408,0.09427686088888615,false,4
6186,0.2329817367124441,0.08286019897125964,0.07591240875912408,0.08286019897125964,false,4
6187,0.42189081161286895,0.18585952779078216,0.1884469696969697,0.18585952779078216,false,4
6188,0.45603719910282625,0.21255581503641846,0.21428571428571427,0.21255581503641846,false,4
6190,0.3046489925802707,0.11773949474829616,0.11458333333333333,0.11773949474829616,false,5
6191,0.25255815485398647,0.09486717879676254,0.0974264705882353,0.09486717879676254,false,5
6192,0.3950384693251586,0.16781308790289295,0.16071428571428573,0.16781308790289295,false,2
6193,0.22690961428621073,0.08137233176415624,0.07043343653250773,0.08137233176415624,false,3
6194,0.2239157576201688,0.07954163391373165,0.07591240875912408,0.07954163391373165,false,4
6195,0.3999788923626014,0.17107393843779248,0.16071428571428573,0.17107393843779248,false,2
6196,0.22670568290760643,0.0850597697112816,0.08004509582863585,0.0850597697112816,false,5
6197,0.7455420090517596,0.5262734451778439,0.5255813953488372,0.5262734451778439,false,1
6198,0.1598091868495593,0.060216265108378644,0.06818181818181818,0.060216265108378644,false,3
6199,0.520653983181875,0.2665480273577627,0.2572178477690289,0.2665480273577627,false,5
6200,0.3135202635039663,0.11837370115597008,0.102803738317757,0.11837370115597008,false,1
6201,0.7339844402462152,0.5058903002938148,0.4747191011235955,0.5058903002938148,false,3
6202,0.7735280924312353,0.5617622690628062,0.5979381443298969,0.5617622690628062,false,4
6203,0.21950262457111958,0.0787396686446667,0.07043343653250773,0.0787396686446667,false,3
6207,0.47098330261272214,0.22398820567503802,0.21678321678321674,0.22398820567503802,false,5
6208,0.4294619294540742,0.19229822787415682,0.20187793427230047,0.19229822787415682,false,5
6209,0.27368422942187626,0.10362096244892752,0.10112359550561797,0.10362096244892752,false,5
6214,0.5098450620167518,0.25967577798259284,0.24489795918367344,0.25967577798259284,false,1
6215,0.7350939558684896,0.49842360771402033,0.5,0.49842360771402033,false,2
6216,0.7020637061355857,0.45739080016818806,0.49159663865546216,0.45739080016818806,false,5
6217,0.39257288757606745,0.16461708437319728,0.1753846153846154,0.16461708437319728,false,3
6218,0.4445033352136698,0.20306370677419744,0.19471153846153846,0.20306370677419744,false,1
6219,0.470020230392986,0.22401045892281984,0.22487223168654175,0.22401045892281984,false,1
6220,0.4327464919015081,0.194675371191429,0.20187793427230047,0.194675371191429,false,5
6221,0.41362319116827784,0.18034058198402214,0.19701986754966888,0.18034058198402214,false,2
6222,0.2906414831732726,0.10718464562142123,0.09781477627471384,0.10718464562142123,false,1
6223,0.38860907604910966,0.16364401671724849,0.16071428571428573,0.16364401671724849,false,2
6224,0.364092353708793,0.14671989303404923,0.15702479338842976,0.14671989303404923,false,1
6225,0.4971697081450728,0.24611716616586826,0.2408026755852843,0.24611716616586826,false,3
6226,0.3363670360862148,0.13061330677088445,0.14814814814814814,0.13061330677088445,false,3
6227,0.40388151007608514,0.174540359530323,0.19455252918287938,0.174540359530323,false,5
6228,0.46923695465693344,0.2235985221615783,0.23670212765957446,0.2235985221615783,false,4
6229,0.2793242657501349,0.10490077601313326,0.08464419475655428,0.10490077601313326,false,2
6230,0.22385730216046923,0.07952063576113616,0.07591240875912408,0.07952063576113616,false,4
6232,0.5389084131659275,0.28792172055866844,0.3,0.28792172055866844,false,1
6233,0.5417813593007991,0.2908113068519421,0.3,0.2908113068519421,false,1
6234,0.618198991759987,0.373396820511509,0.38095238095238093,0.373396820511509,false,1
6235,0.635979913720741,0.3828804719881154,0.3416666666666667,0.3828804719881154,false,5
6236,0.3222366347134954,0.12535640668640577,0.13073170731707318,0.12535640668640577,false,2
6237,0.6973128388778745,0.45425242062797744,0.4340659340659341,0.45425242062797744,false,2
6238,0.3032872475581493,0.1131339978100852,0.1111111111111111,0.1131339978100852,false,4
6239,0.5417813593007991,0.2908113068519421,0.3,0.2908113068519421,false,1
6240,0.4842416845441269,0.23663986565103937,0.23670212765957446,0.23663986565103937,false,4
6241,0.37128253431064784,0.15096832001487492,0.17279411764705882,0.15096832001487492,false,3
6242,0.6304625110152647,0.38848252343285555,0.3566666666666667,0.38848252343285555,false,4
6248,0.6297511616377677,0.3760781679320785,0.3416666666666667,0.3760781679320785,false,5
6249,0.19172649915025705,0.07210711279795393,0.08464419475655428,0.07210711279795393,false,2
6252,0.40406336993289826,0.17238623625070196,0.1753846153846154,0.17238623625070196,false,3
6253,0.5731998075918966,0.3174298606379416,0.3333333333333333,0.3174298606379416,false,2
6254,0.2994192358268117,0.11136307997695592,0.09781477627471384,0.11136307997695592,false,1
6255,0.6011319648551992,0.345481564200104,0.3174061433447099,0.345481564200104,false,5
6256,0.3528583798018577,0.1399290996542153,0.13894736842105262,0.1399290996542153,false,4
6257,0.6258914518487232,0.38224120625899405,0.38095238095238093,0.38224120625899405,false,1
6258,0.5716496859281317,0.32250453164683673,0.30769230769230776,0.32250453164683673,false,4
6259,0.42141801266251655,0.18466638647338296,0.1753846153846154,0.18466638647338296,false,3
6260,0.539130913302059,0.2836325045378631,0.2572178477690289,0.2836325045378631,false,5
6261,0.31836931901539633,0.12106181464364257,0.12396694214876033,0.12106181464364257,false,3
6262,0.31343108771931694,0.12089790500213679,0.13073170731707318,0.12089790500213679,false,2
6263,0.4222794472621236,0.18603888893209267,0.19471153846153846,0.18603888893209267,false,1
6264,0.21652443367988755,0.07770325411947661,0.07043343653250773,0.07770325411947661,false,3
6265,0.2720428854625192,0.09878513453028179,0.09781477627471384,0.09878513453028179,false,1
6266,0.4218282768970693,0.1857049523695529,0.19471153846153846,0.1857049523695529,false,1
6267,0.45056216273492955,0.20737958930653422,0.2349570200573066,0.20737958930653422,false,2
6268,0.3624684966733326,0.14559610607580759,0.14937759336099585,0.14559610607580759,false,3
6269,0.5245101604544862,0.27141209804346417,0.25,0.27141209804346417,false,3
6270,0.291360187004473,0.10786149306408944,0.10187667560321716,0.10786149306408944,false,3
6271,0.3283744196625149,0.12616877235628576,0.12310606060606061,0.12616877235628576,false,1
6273,0.2560349307713841,0.09626085358962808,0.0974264705882353,0.09626085358962808,false,5
6274,0.2297148827852286,0.08182298222712979,0.07564422277639235,0.08182298222712979,false,1
6275,0.5741016934770518,0.31770829839891707,0.2698412698412698,0.31770829839891707,false,5
6276,0.32716249205991266,0.12902602675677788,0.12717770034843207,0.12902602675677788,false,5
6277,0.3683749730357495,0.15206970649279752,0.14814814814814814,0.15206970649279752,false,5
6279,0.21812729853930535,0.07825949138623868,0.07043343653250773,0.07825949138623868,false,3
6280,0.5229345859694379,0.2699109344325468,0.25,0.2699109344325468,false,3
6281,0.3679209213086643,0.14907984864999138,0.16346153846153846,0.14907984864999138,false,1
6283,0.48956214325958497,0.23936803901438888,0.2408026755852843,0.23936803901438888,false,3
6284,0.205801062215072,0.07665046140678815,0.08464419475655428,0.07665046140678815,false,2
6285,0.28060104900048927,0.10663872628751316,0.10112359550561797,0.10663872628751316,false,5
6286,0.2840450559145473,0.10413595665011367,0.09781477627471384,0.10413595665011367,false,1
6287,0.2826971997254073,0.10352251982381984,0.09781477627471384,0.10352251982381984,false,1
6288,0.4945074905488754,0.2455156612732163,0.22487223168654175,0.2455156612732163,false,1
6289,0.40895195495365755,0.17644344783582752,0.1884469696969697,0.17644344783582752,false,4
6290,0.3677565258243232,0.1489608226795664,0.13894736842105262,0.1489608226795664,false,4
6291,0.3956375830405381,0.16910006780601822,0.1808096192149437,0.16910006780601822,false,5
6292,0.2130391492859872,0.0790878965865456,0.08464419475655428,0.0790878965865456,false,2
6293,0.2840088879163105,0.10449443001962809,0.09375,0.10449443001962809,false,3
6294,0.3080873779071097,0.11587982781530824,0.10569105691056911,0.11587982781530824,false,3
6295,0.3080873779071097,0.11587982781530824,0.10569105691056911,0.11587982781530824,false,3
6296,0.2833102857547425,0.10380115051305054,0.09781477627471384,0.10380115051305054,false,1
6297,0.40299462896167254,0.17394853223041223,0.19455252918287938,0.17394853223041223,false,5
6298,0.47895453986080916,0.23012067679214476,0.2612612612612612,0.23012067679214476,false,2
6299,0.35953693390041347,0.14395229531341996,0.15702479338842976,0.14395229531341996,false,1
6300,0.23826365149918372,0.08556382621925619,0.07043343653250773,0.08556382621925619,false,3
6301,0.45120384306254363,0.20844748653376152,0.21678321678321674,0.20844748653376152,false,5
6302,0.23704581886116144,0.08438835277521597,0.07591240875912408,0.08438835277521597,false,4
6303,0.24140544510984216,0.0860560401410416,0.07591240875912408,0.0860560401410416,false,4
6304,0.45816800980996747,0.21431111204029352,0.21875,0.21431111204029352,false,4
6305,0.38129339338547313,0.1575793427941829,0.1884469696969697,0.1575793427941829,false,4
6306,0.40144768331959013,0.1711562566884602,0.1884469696969697,0.1711562566884602,false,4
6307,0.48541717183462774,0.23553451507514458,0.2612612612612612,0.23553451507514458,false,2
6308,0.2687838344573957,0.1003487525918484,0.08464419475655428,0.1003487525918484,false,2
6309,0.6340566043266969,0.3872843887981394,0.345679012345679,0.3872843887981394,false,3
6310,0.747400149828588,0.5299912731636797,0.5164835164835165,0.5299912731636797,false,4
6311,0.34335866014671124,0.13662717582110742,0.13073170731707318,0.13662717582110742,false,2
6313,0.3057427187392324,0.1144608978531235,0.09781477627471384,0.1144608978531235,false,1
6314,0.2294122825609166,0.08171185533883737,0.07564422277639235,0.08171185533883737,false,1
6315,0.33303160422175565,0.13211600277564076,0.12717770034843207,0.13211600277564076,false,5
6316,0.8288608147371282,0.625444141290401,0.7468354430379747,0.625444141290401,false,1
6317,0.36158285610516083,0.14506516454392687,0.14937759336099585,0.14506516454392687,false,3
6318,0.553615395483868,0.30289197548587055,0.3023255813953488,0.30289197548587055,false,1
6320,0.41782232607811814,0.18285762100682945,0.1884469696969697,0.18285762100682945,false,4
6321,0.6647414288580257,0.429108064122412,0.44015444015444016,0.429108064122412,false,4
6322,0.5757697073941336,0.31938759929180344,0.2698412698412698,0.31938759929180344,false,5
6323,0.5647884798779852,0.30841982064777057,0.2698412698412698,0.30841982064777057,false,5
6324,0.24834947906322616,0.08893680710153887,0.07564422277639235,0.08893680710153887,false,1
6325,0.5475890200785348,0.2967044956611951,0.3023255813953488,0.2967044956611951,false,1
6326,0.5103321896714271,0.2601340904955764,0.24489795918367344,0.2601340904955764,false,1
6327,0.5002929980881855,0.2489248579143561,0.2408026755852843,0.2489248579143561,false,3
6328,0.469587061062693,0.2224294310241217,0.2349570200573066,0.2224294310241217,false,2
6329,0.44487922263516916,0.20336139916092813,0.19471153846153846,0.20336139916092813,false,1
6330,0.40142938868559924,0.1711435220659839,0.1884469696969697,0.1711435220659839,false,4
6331,0.3417806368987445,0.1336090736566577,0.14937759336099585,0.1336090736566577,false,3
6332,0.17948900826559833,0.06582142715334709,0.07043343653250773,0.06582142715334709,false,3
6333,0.41110256860368677,0.17798214255300693,0.1884469696969697,0.17798214255300693,false,4
6334,0.38826514957990715,0.16177778829694173,0.1753846153846154,0.16177778829694173,false,3
6336,0.28623365605716855,0.10915311213115689,0.11331444759206799,0.10915311213115689,false,5
6337,0.33607072512957736,0.13264499383698541,0.13073170731707318,0.13264499383698541,false,2
6338,0.31823874799273044,0.12080356460707443,0.102803738317757,0.12080356460707443,false,1
6340,0.5068362969417856,0.2568566319300146,0.24489795918367344,0.2568566319300146,false,1
6341,0.2988606567005561,0.11109299146677835,0.09781477627471384,0.11109299146677835,false,1
6342,0.369317714412303,0.14993458743613805,0.13894736842105262,0.14993458743613805,false,4
6343,0.32096684055162505,0.12583114782920832,0.12717770034843207,0.12583114782920832,false,5
6344,0.5398857847907803,0.28458004795898356,0.2683397683397683,0.28458004795898356,false,2
6348,0.2422013702862116,0.0865301142783082,0.07564422277639235,0.0865301142783082,false,1
6349,0.3506737542944344,0.1386563218716449,0.14937759336099585,0.1386563218716449,false,3
6352,0.3305382391824889,0.1307956986167017,0.12717770034843207,0.1307956986167017,false,5
6353,0.4542529923390382,0.21023937623484104,0.2349570200573066,0.21023937623484104,false,2
6354,0.42633752064139474,0.18918384426195803,0.1884469696969697,0.18918384426195803,false,4
6355,0.36596026473456283,0.1478673985895947,0.15702479338842976,0.1478673985895947,false,1
6356,0.42377004499227555,0.1871454570666838,0.19471153846153846,0.1871454570666838,false,1
6357,0.4127176884255787,0.17842735818237543,0.1753846153846154,0.17842735818237543,false,3
6358,0.5155766930341467,0.26194811624617076,0.2683397683397683,0.26194811624617076,false,2
6359,0.541845113395961,0.2861971772824778,0.2572178477690289,0.2861971772824778,false,5
6360,0.5147525219466236,0.2621999610174845,0.25,0.2621999610174845,false,3
6362,0.4200229412006227,0.18437335238336924,0.19471153846153846,0.18437335238336924,false,1
6363,0.24415999095101765,0.09039312422082661,0.08464419475655428,0.09039312422082661,false,2
6364,0.2398603539068937,0.08992960338715793,0.0945945945945946,0.08992960338715793,false,5
6365,0.4872178745601351,0.23734692944979102,0.2572178477690289,0.23734692944979102,false,5
6366,0.22691554996265986,0.08080019115269077,0.07564422277639235,0.08080019115269077,false,1
6367,0.6886468589861078,0.4568337533914933,0.5,0.4568337533914933,false,1
6370,0.4278756115086835,0.1903442665691305,0.1884469696969697,0.1903442665691305,false,4
6371,0.5136766737545908,0.2632948696144938,0.24489795918367344,0.2632948696144938,false,1
6372,0.23914422480805222,0.08535546093473453,0.07564422277639235,0.08535546093473453,false,1
6373,0.42002422670321415,0.18437429792435714,0.19471153846153846,0.18437429792435714,false,1
6375,0.1757260359071247,0.06404968763498936,0.07564422277639235,0.06404968763498936,false,1
6376,0.47571302981962743,0.22743828051772236,0.2612612612612612,0.22743828051772236,false,2
6377,0.35274817547362686,0.14190551203272603,0.13073170731707318,0.14190551203272603,false,2
6378,0.29878316670345084,0.11135779505821038,0.10187667560321716,0.11135779505821038,false,3
6379,0.36251155202531704,0.14859628787055112,0.14814814814814814,0.14859628787055112,false,5
6380,0.3779135435531869,0.15539023991652867,0.16,0.15539023991652867,false,4
6381,0.22466451327752682,0.084325915711208,0.08004509582863585,0.084325915711208,false,5
6383,0.2551534224965895,0.09167049694328404,0.07692307692307693,0.09167049694328404,false,1
6384,0.4273746291921785,0.18903438136698478,0.19718309859154928,0.18903438136698478,false,3
6385,0.14922124204344112,0.05651300281395136,0.07317073170731705,0.05651300281395136,false,4
6386,0.2551534224965895,0.09167049694328404,0.07692307692307693,0.09167049694328404,false,1
6387,0.21514027978897768,0.07662446551218156,0.07564422277639235,0.07662446551218156,false,1
6388,0.21841369127791885,0.08094340437987042,0.08464419475655428,0.08094340437987042,false,2
6389,0.5375948050804337,0.2871245676981235,0.28969957081545067,0.2871245676981235,false,4
6390,0.4516650901949798,0.20766496323937242,0.22486288848263253,0.20766496323937242,false,3
6391,0.36848026023093455,0.15213268200189745,0.14814814814814814,0.15213268200189745,false,5
6392,0.41259673555646936,0.17834179708279446,0.1753846153846154,0.17834179708279446,false,3
6393,0.3044024503007221,0.11646912771617587,0.10574712643678161,0.11646912771617587,false,2
6394,0.41335383535424575,0.1788778924427177,0.1753846153846154,0.1788778924427177,false,3
6395,0.2460083822929727,0.08801333829737167,0.07564422277639235,0.08801333829737167,false,1
6396,0.14922124204344112,0.05651300281395136,0.07317073170731705,0.05651300281395136,false,4
6397,0.5171996064196098,0.2644912031572595,0.25,0.2644912031572595,false,3
6398,0.34950231937576526,0.14006186380785754,0.13073170731707318,0.14006186380785754,false,2
6399,0.36026542684693197,0.14427834118463953,0.14937759336099585,0.14427834118463953,false,3
6404,0.20695973299078477,0.0736591974696818,0.07317073170731705,0.0736591974696818,false,4
6405,0.20793170990434384,0.07478264448248428,0.07043343653250773,0.07478264448248428,false,3
6406,0.23450312231610604,0.08415434130371213,0.07043343653250773,0.08415434130371213,false,3
6407,0.2433019733062088,0.08679079596359285,0.07591240875912408,0.08679079596359285,false,4
6408,0.3461348295741235,0.13606124677116158,0.12310606060606061,0.13606124677116158,false,1
6409,0.5163489481636002,0.26266286333251737,0.2572178477690289,0.26266286333251737,false,5
6410,0.278653064810031,0.10170109996616578,0.09781477627471384,0.10170109996616578,false,1
6411,0.2393981485850917,0.08599323099122123,0.07043343653250773,0.08599323099122123,false,3
6412,0.37911330832463463,0.1558769870361662,0.17279411764705882,0.1558769870361662,false,3
6413,0.5769738534523147,0.3282390559885195,0.30769230769230776,0.3282390559885195,false,4
6415,0.6298006940413994,0.37613207299514945,0.3416666666666667,0.37613207299514945,false,5
6416,0.5623402776327251,0.3126055159512314,0.28969957081545067,0.3126055159512314,false,4
6417,0.6623897386517149,0.4251846830606232,0.391304347826087,0.4251846830606232,false,1
6418,0.2832917784965834,0.10379272977730418,0.09781477627471384,0.10379272977730418,false,1
6419,0.4206514404210242,0.18526458864844422,0.19701986754966888,0.18526458864844422,false,2
6420,0.24606976982148138,0.08787328928904098,0.07591240875912408,0.08787328928904098,false,4
6421,0.3442720501381723,0.13500718675482987,0.14937759336099585,0.13500718675482987,false,3
6422,0.2102099701335944,0.07475485893281666,0.07591240875912408,0.07475485893281666,false,4
6423,0.37696175045864744,0.15451547345879565,0.17279411764705882,0.15451547345879565,false,3
6424,0.3469301293117052,0.1396838807097439,0.14814814814814814,0.1396838807097439,false,5
6425,0.35706005994795964,0.142428844098838,0.13894736842105262,0.142428844098838,false,4
6426,0.2216883258594834,0.07874507621373522,0.07591240875912408,0.07874507621373522,false,4
6428,0.26150109848157643,0.09730692531389822,0.08464419475655428,0.09730692531389822,false,2
6429,0.24728274418933358,0.09278700817127909,0.0974264705882353,0.09278700817127909,false,5
6430,0.2919935721671006,0.10781916456338435,0.09781477627471384,0.10781916456338435,false,1
6431,0.5238523708457721,0.2694580496076139,0.2572178477690289,0.2694580496076139,false,5
6432,0.39895488908120647,0.17127279678154578,0.18571428571428572,0.17127279678154578,false,5
6433,0.2979589525366555,0.1109647426689806,0.10187667560321716,0.1109647426689806,false,3
6434,0.4934768597021277,0.24282509432117644,0.2408026755852843,0.24282509432117644,false,3
6435,0.34586512002646713,0.13585007497693305,0.13894736842105262,0.13585007497693305,false,4
6436,0.4330617581229679,0.1942116559682712,0.19701986754966888,0.1942116559682712,false,2
6437,0.3536320151947242,0.14042960598123053,0.12310606060606061,0.14042960598123053,false,1
6438,0.21871060802715767,0.08221806629840031,0.08004509582863585,0.08221806629840031,false,5
6439,0.277028255558559,0.10507039422967923,0.10112359550561797,0.10507039422967923,false,5
6440,0.2263969231317402,0.08043759182411904,0.07591240875912408,0.08043759182411904,false,4
6441,0.21497124954535474,0.079750415682486,0.08464419475655428,0.079750415682486,false,2
6442,0.27460622057534184,0.09990696379800167,0.09781477627471384,0.09990696379800167,false,1
6443,0.2413196550435283,0.09048505652096057,0.0945945945945946,0.09048505652096057,false,5
6444,0.1757260359071247,0.06404968763498936,0.07564422277639235,0.06404968763498936,false,1
6445,0.19709477596569763,0.07124319892226948,0.07043343653250773,0.07124319892226948,false,3
6446,0.38522414290902135,0.16148277539831069,0.16071428571428573,0.16148277539831069,false,2
6449,0.7322023711454019,0.4922327045022078,0.49159663865546216,0.4922327045022078,false,5
6450,0.34878902770164444,0.13759451589001184,0.12310606060606061,0.13759451589001184,false,1
6451,0.2496292451420612,0.09370716372733291,0.0974264705882353,0.09370716372733291,false,5
6452,0.19688710140318716,0.07374340200756797,0.08464419475655428,0.07374340200756797,false,2
6453,0.21827143790355186,0.08089378529654917,0.08464419475655428,0.08089378529654917,false,2
6454,0.7015390565059606,0.4725183872304629,0.5,0.4725183872304629,false,1
6456,0.3487592501125414,0.13757723380147507,0.12310606060606061,0.13757723380147507,false,1
6457,0.42320097476063806,0.18782837760692705,0.19696969696969696,0.18782837760692705,false,5
6458,0.28264393822271744,0.10336187176830271,0.10101010101010101,0.10336187176830271,false,4
6459,0.2810191936037099,0.1026253273373977,0.10101010101010101,0.1026253273373977,false,4
6460,0.26674482167481584,0.10066948892936015,0.0974264705882353,0.10066948892936015,false,5
6461,0.2825859775071403,0.10634589533547802,0.10574712643678161,0.10634589533547802,false,2
6462,0.7737134680625245,0.5619861928725742,0.5979381443298969,0.5619861928725742,false,4
6463,0.7069898793086478,0.4791680200114972,0.5255813953488372,0.4791680200114972,false,1
6464,0.6018327212849647,0.34721205465837107,0.34049079754601225,0.34721205465837107,false,2
6465,0.7108311057688006,0.4674986326440026,0.49159663865546216,0.4674986326440026,false,5
6466,0.5525932310087053,0.2968682801003252,0.2683397683397683,0.2968682801003252,false,2
6467,0.6564266019987594,0.4191432520870466,0.44015444015444016,0.4191432520870466,false,4
6468,0.3637339566507453,0.1464758476822873,0.13894736842105262,0.1464758476822873,false,4
6469,0.4920074935563759,0.24152354413201005,0.2408026755852843,0.24152354413201005,false,3
6470,0.6934471556642984,0.44976158419795226,0.4340659340659341,0.44976158419795226,false,2
6471,0.6769899111992694,0.4427243750497179,0.4583333333333333,0.4427243750497179,false,1
6472,0.7319209279861615,0.5096405544533679,0.5255813953488372,0.5096405544533679,false,1
6475,0.3194419728116916,0.12392633703834813,0.13073170731707318,0.12392633703834813,false,2
6477,0.3700576512092421,0.15208132857427456,0.14182692307692307,0.15208132857427456,false,2
6480,0.5644348562598889,0.3148183177464224,0.28969957081545067,0.3148183177464224,false,4
6481,0.28379787963834524,0.10402322166035646,0.09781477627471384,0.10402322166035646,false,1
6482,0.2773710529288037,0.10112965974987553,0.09781477627471384,0.10112965974987553,false,1
6483,0.3600812715225019,0.1441686390882888,0.14937759336099585,0.1441686390882888,false,3
6486,0.1843799329625066,0.0709751086424637,0.08004509582863585,0.0709751086424637,false,5
6487,0.8316952496292639,0.63035482203122,0.6956521739130435,0.63035482203122,false,4
6489,0.3700576512092421,0.15208132857427456,0.14182692307692307,0.15208132857427456,false,2
6491,0.25465781976710256,0.09196137595697147,0.08676789587852494,0.09196137595697147,false,3
6492,0.6845089451452979,0.453015688362065,0.44015444015444016,0.453015688362065,false,4
6493,0.3497998181467485,0.14023000504698144,0.13073170731707318,0.14023000504698144,false,2
6494,0.3825737905411139,0.15808729024468743,0.1753846153846154,0.15808729024468743,false,3
6495,0.43333456561846373,0.1951033229243469,0.20187793427230047,0.1951033229243469,false,5
6496,0.2551049109574169,0.09149232523678441,0.07591240875912408,0.09149232523678441,false,4
6497,0.4631075164946023,0.21689877816457953,0.22486288848263253,0.21689877816457953,false,3
6498,0.2621680400287736,0.09876396258058415,0.0974264705882353,0.09876396258058415,false,5
6499,0.15326347689014844,0.05777039704108167,0.06857142857142857,0.05777039704108167,false,1
6501,0.48397212378284943,0.23640101168148012,0.23670212765957446,0.23640101168148012,false,4
6502,0.2696674652338175,0.10072351856218444,0.08464419475655428,0.10072351856218444,false,2
6503,0.25192838335205303,0.0934339083896597,0.08464419475655428,0.0934339083896597,false,2
6504,0.40069136676533007,0.17063042278045187,0.1884469696969697,0.17063042278045187,false,4
6505,0.3701601197250397,0.1502752519947399,0.17279411764705882,0.1502752519947399,false,3
6506,0.2445950086061532,0.0879852775021266,0.07043343653250773,0.0879852775021266,false,3
6507,0.496979030503493,0.24776185326608594,0.22487223168654175,0.24776185326608594,false,1
6508,0.36628756327378725,0.14806922846965184,0.15702479338842976,0.14806922846965184,false,1
6509,0.28941458977646395,0.10648175442343623,0.1111111111111111,0.10648175442343623,false,4
6510,0.5936334516469375,0.33766041902421084,0.3174061433447099,0.33766041902421084,false,5
6511,0.34644120425670827,0.1362344927542363,0.14937759336099585,0.1362344927542363,false,3
6512,0.4795608295984358,0.2306900521492933,0.2408026755852843,0.2306900521492933,false,3
6513,0.4751592855030296,0.22737263824442086,0.2572178477690289,0.22737263824442086,false,5
6514,0.3405446193676984,0.13616278132193452,0.14814814814814814,0.13616278132193452,false,5
6515,0.30142751779562615,0.11233888909119148,0.09781477627471384,0.11233888909119148,false,1
6516,0.6476257215225774,0.39572066003015005,0.3828450342958053,0.39572066003015005,false,5
6517,0.2339574131781259,0.0839515643113053,0.07043343653250773,0.0839515643113053,false,3
6518,0.20679658255756997,0.07440445293427732,0.07043343653250773,0.07440445293427732,false,3
6519,0.28410613362846765,0.10453835856430659,0.09375,0.10453835856430659,false,3
6520,0.24437904138493793,0.08790166956976758,0.07043343653250773,0.08790166956976758,false,3
6521,0.1965510464465056,0.0710697490469932,0.07043343653250773,0.0710697490469932,false,3
6522,0.24128111108446162,0.08671023864629032,0.07043343653250773,0.08671023864629032,false,3
6523,0.251915431400924,0.09342876307050693,0.08464419475655428,0.09342876307050693,false,2
6524,0.271499296654012,0.10268350352768696,0.0974264705882353,0.10268350352768696,false,5
6525,0.271499296654012,0.10268350352768696,0.0974264705882353,0.10268350352768696,false,5
6527,0.3512456157504765,0.14210648403769724,0.14814814814814814,0.14210648403769724,false,5
6528,0.4021386153582548,0.17106488865749991,0.1753846153846154,0.17106488865749991,false,3
6529,0.6597928401458821,0.4110862281490262,0.4340659340659341,0.4110862281490262,false,2
6530,0.19944554880154466,0.0757227257322777,0.08004509582863585,0.0757227257322777,false,5
6531,0.39506489556400076,0.16675881222383396,0.1884469696969697,0.16675881222383396,false,4
6532,0.2980083656445587,0.11056094702452457,0.1111111111111111,0.11056094702452457,false,4
6533,0.22983907505329765,0.08502035692392025,0.08464419475655428,0.08502035692392025,false,2
6534,0.3100262864072811,0.11921095068406336,0.13073170731707318,0.11921095068406336,false,2
6535,0.21869345152347197,0.07786319175309694,0.07564422277639235,0.07786319175309694,false,1
6537,0.4338178017129527,0.19487850589629704,0.1884469696969697,0.19487850589629704,false,4
6538,0.23828875048002968,0.08933484298136464,0.0945945945945946,0.08933484298136464,false,5
6539,0.26390412103090727,0.09514513056448659,0.07591240875912408,0.09514513056448659,false,4
6540,0.19778670618022592,0.07083061697199687,0.07564422277639235,0.07083061697199687,false,1
6543,0.24649385420393127,0.08804022395177646,0.07591240875912408,0.08804022395177646,false,4
6544,0.24703613774932098,0.088254103400051,0.07591240875912408,0.088254103400051,false,4
6545,0.38850673616561715,0.1623091136076704,0.19471153846153846,0.1623091136076704,false,1
6546,0.38850673616561715,0.1623091136076704,0.19471153846153846,0.1623091136076704,false,1
6547,0.27701353893393155,0.10388751234948308,0.08464419475655428,0.10388751234948308,false,2
6548,0.16752845697414417,0.06235953134215168,0.07043343653250773,0.06235953134215168,false,3
6549,0.2469020335749937,0.0926384834853523,0.0974264705882353,0.0926384834853523,false,5
6551,0.4173524305360062,0.18173017455204651,0.1753846153846154,0.18173017455204651,false,3
6552,0.24016576807874018,0.08557881239937545,0.07591240875912408,0.08557881239937545,false,4
6553,0.2574647981607404,0.0956567118290433,0.08464419475655428,0.0956567118290433,false,2
6554,0.34337412097179754,0.13448174782940014,0.12310606060606061,0.13448174782940014,false,1
6555,0.36282899583654427,0.14581268656083268,0.14937759336099585,0.14581268656083268,false,3
6556,0.6192859875843293,0.3659899945487308,0.34049079754601225,0.3659899945487308,false,2
6557,0.4406365039630351,0.20002013868328272,0.19471153846153846,0.20002013868328272,false,1
6558,0.4183547852579207,0.18245069729974747,0.1753846153846154,0.18245069729974747,false,3
6559,0.5695896872402454,0.31377265134289567,0.3333333333333333,0.31377265134289567,false,2
6563,0.41898791206856445,0.1836132627772641,0.19471153846153846,0.1836132627772641,false,1
6565,0.7139764087323064,0.47113176562392045,0.49159663865546216,0.47113176562392045,false,5
6566,0.31157367471592967,0.11761492437416671,0.10569105691056911,0.11761492437416671,false,3
6567,0.39388237298564005,0.1670572268129228,0.16071428571428573,0.1670572268129228,false,2
6568,0.5169298335924115,0.2642379829307625,0.25,0.2642379829307625,false,3
6569,0.41042868268797356,0.17681357938106834,0.1753846153846154,0.17681357938106834,false,3
6570,0.3486591840431112,0.1374676405991028,0.13894736842105262,0.1374676405991028,false,4
6571,0.4751764156451588,0.22699635945145508,0.2612612612612612,0.22699635945145508,false,2
6572,0.42732047198738626,0.18992481133053418,0.1884469696969697,0.18992481133053418,false,4
6573,0.5317950374037997,0.27691789839044406,0.2683397683397683,0.27691789839044406,false,2
6574,0.5871616270929537,0.33935504101300795,0.30769230769230776,0.33935504101300795,false,4
6575,0.33199716810940877,0.12813534306777147,0.12310606060606061,0.12813534306777147,false,1
6576,0.3984844934398843,0.17096336049473196,0.18571428571428572,0.17096336049473196,false,5
6577,0.2941641770207191,0.11161807823802349,0.10574712643678161,0.11161807823802349,false,2
6578,0.2941641770207191,0.11161807823802349,0.10574712643678161,0.11161807823802349,false,2
6579,0.4285558161639171,0.19085918473390923,0.1884469696969697,0.19085918473390923,false,4
6580,0.4564642858144278,0.2126958594092193,0.22487223168654175,0.2126958594092193,false,1
6581,0.24450709804041268,0.08742570949386465,0.07564422277639235,0.08742570949386465,false,1
6582,0.5124525597315878,0.2621351350978665,0.24489795918367344,0.2621351350978665,false,1
6583,0.6121416845515948,0.36250354417784647,0.345679012345679,0.36250354417784647,false,3
6585,0.19844562360462895,0.07104302192250732,0.07564422277639235,0.07104302192250732,false,1
6586,0.25175726274577803,0.09336594916008109,0.08464419475655428,0.09336594916008109,false,2
6588,0.2759867393646173,0.10344003927890984,0.08464419475655428,0.10344003927890984,false,2
6589,0.2629059316600255,0.0953401013019036,0.08676789587852494,0.0953401013019036,false,3
6591,0.343498301464849,0.13778211644869498,0.14814814814814814,0.13778211644869498,false,5
6592,0.3429137817535765,0.13421988306211166,0.12310606060606061,0.13421988306211166,false,1
6593,0.3946334644091533,0.16598932742043176,0.1753846153846154,0.16598932742043176,false,3
6594,0.28565456838312814,0.10487268512669234,0.09781477627471384,0.10487268512669234,false,1
6595,0.43050188171991743,0.19220603421511126,0.19471153846153846,0.19220603421511126,false,1
6596,0.5351689108358054,0.2799138085182576,0.2572178477690289,0.2799138085182576,false,5
6597,0.49438997409190377,0.24575288478805632,0.2692307692307692,0.24575288478805632,false,4
6598,0.42732047198738626,0.18992481133053418,0.1884469696969697,0.18992481133053418,false,4
6599,0.26694394262481386,0.09957239027136439,0.08464419475655428,0.09957239027136439,false,2
6600,0.4564642858144278,0.2126958594092193,0.22487223168654175,0.2126958594092193,false,1
6601,0.24855315237581702,0.08901756016212935,0.07564422277639235,0.08901756016212935,false,1
6602,0.4565503312492528,0.2115713571886264,0.22486288848263253,0.2115713571886264,false,3
6603,0.5349401077073379,0.2798812038053604,0.2683397683397683,0.2798812038053604,false,2
6606,0.448785475897543,0.20666088278542824,0.1884469696969697,0.20666088278542824,false,4
6607,0.3614334024429823,0.14507015721116892,0.13894736842105262,0.14507015721116892,false,4
6608,0.3611256147565727,0.1449125164066683,0.15702479338842976,0.1449125164066683,false,1
6609,0.35812228508602845,0.14603920719522154,0.14814814814814814,0.14603920719522154,false,5
6610,0.20804045192346085,0.0785602420274977,0.08004509582863585,0.0785602420274977,false,5
6611,0.21949129770377268,0.07814385089401808,0.07564422277639235,0.07814385089401808,false,1
6612,0.22378190810704154,0.0840103796476827,0.08004509582863585,0.0840103796476827,false,5
6613,0.36059931192745076,0.14459382372324608,0.15702479338842976,0.14459382372324608,false,1
6615,0.2243645652002983,0.07970302171993868,0.07591240875912408,0.07970302171993868,false,4
6616,0.25408296651965434,0.09123545582802398,0.07564422277639235,0.09123545582802398,false,1
6617,0.25369646640900667,0.0941386902076964,0.08464419475655428,0.0941386902076964,false,2
6619,0.22796006235889446,0.08175212479227914,0.07043343653250773,0.08175212479227914,false,3
6622,0.17641530572303213,0.06425208945546082,0.07564422277639235,0.06425208945546082,false,1
6623,0.24881572977338517,0.08912176532841104,0.07564422277639235,0.08912176532841104,false,1
6630,0.5123412824528956,0.2624433267702562,0.2692307692307692,0.2624433267702562,false,4
6631,0.5238361972682268,0.2695061478234126,0.2683397683397683,0.2695061478234126,false,2
6632,0.24993967063869746,0.09007737837403812,0.07043343653250773,0.09007737837403812,false,3
6633,0.24693679098747964,0.08889648067431716,0.07043343653250773,0.08889648067431716,false,3
6634,0.3713495723349885,0.15100979767722597,0.17279411764705882,0.15100979767722597,false,3
6635,0.28692036784011227,0.10532289329267155,0.1111111111111111,0.10532289329267155,false,4
6636,0.2680150054271907,0.09704501067112267,0.09781477627471384,0.09704501067112267,false,1
6637,0.2271048244164975,0.08520394701730748,0.08004509582863585,0.08520394701730748,false,5
6639,0.23058751695303809,0.08197176093335251,0.07591240875912408,0.08197176093335251,false,4
6641,0.3598345519453086,0.14402177592541432,0.14937759336099585,0.14402177592541432,false,3
6642,0.23130801971794038,0.08673572269284377,0.08004509582863585,0.08673572269284377,false,5
6643,0.2487095316249074,0.09334553681947332,0.0974264705882353,0.09334553681947332,false,5
6644,0.23444518831289826,0.08340755589302086,0.07591240875912408,0.08340755589302086,false,4
6645,0.29935174345071436,0.11521131666850372,0.11331444759206799,0.11521131666850372,false,5
6646,0.23130801971794038,0.08673572269284377,0.08004509582863585,0.08673572269284377,false,5
6647,0.28024374165093113,0.1022754335075139,0.10101010101010101,0.1022754335075139,false,4
6648,0.20524517791951113,0.07389041433058526,0.07043343653250773,0.07389041433058526,false,3
6666,0.2604767192021644,0.09806795240420534,0.0974264705882353,0.09806795240420534,false,5
6667,0.448270623375166,0.20621178056217734,0.21678321678321674,0.20621178056217734,false,5
6669,0.2040771438893625,0.07723990869464717,0.08004509582863585,0.07723990869464717,false,5
6670,0.18730916641120232,0.07073316108223614,0.0755813953488372,0.07073316108223614,false,2
6671,0.37835592837475285,0.15539660208847353,0.17279411764705882,0.15539660208847353,false,3
6679,0.18238341169117295,0.066685649836412,0.07043343653250773,0.066685649836412,false,3
6680,0.24913320504356007,0.09232936558911617,0.08464419475655428,0.09232936558911617,false,2
6681,0.25064281876313793,0.09292444014197455,0.08464419475655428,0.09292444014197455,false,2
6682,0.12936812636946535,0.051537641887972156,0.07317073170731705,0.051537641887972156,false,4
6684,0.3582182476394976,0.14315928778776885,0.12310606060606061,0.14315928778776885,false,1
6685,0.5883049682922238,0.34061396196492,0.30769230769230776,0.34061396196492,false,4
6686,0.29075169058497397,0.11004087159510882,0.10574712643678161,0.11004087159510882,false,2
6687,0.4341940668224862,0.19516835612164649,0.1884469696969697,0.19516835612164649,false,4
6688,0.4404317917263568,0.19985996797365713,0.19471153846153846,0.19985996797365713,false,1
6689,0.2735415195010165,0.09943963459401726,0.09781477627471384,0.09943963459401726,false,1
6692,0.2330492387445683,0.08619893702097833,0.08464419475655428,0.08619893702097833,false,2
6696,0.12291155524435768,0.050893079124436726,0.043478260869565216,0.050893079124436726,false,3
6698,0.257536765243275,0.09312829270905218,0.08676789587852494,0.09312829270905218,false,3
6700,0.42240134245290717,0.18612918986495808,0.19471153846153846,0.18612918986495808,false,1
6701,0.3234864445376671,0.127122169012271,0.12717770034843207,0.127122169012271,false,5
6702,0.3234864445376671,0.127122169012271,0.12717770034843207,0.127122169012271,false,5
6703,0.37471114406425143,0.15491719666850776,0.14182692307692307,0.15491719666850776,false,2
6704,0.29980349117022914,0.11154921139931596,0.09781477627471384,0.11154921139931596,false,1
6705,0.34306334534163463,0.13432735892177325,0.14937759336099585,0.13432735892177325,false,3
6706,0.4013645091510652,0.1719974757622266,0.16071428571428573,0.1719974757622266,false,2
6707,0.5204940590079105,0.26640304820904437,0.2572178477690289,0.26640304820904437,false,5
6708,0.507893318944892,0.25513881497238716,0.2572178477690289,0.25513881497238716,false,5
6710,0.3861827019138574,0.1604194468632051,0.1753846153846154,0.1604194468632051,false,3
6711,0.3150862143386687,0.1217253724988771,0.13073170731707318,0.1217253724988771,false,2
6712,0.3585294399943135,0.14334609833463235,0.12310606060606061,0.14334609833463235,false,1
6713,0.2616992284075346,0.09857059840018662,0.0974264705882353,0.09857059840018662,false,5
6714,0.25052520361789027,0.09287795405342787,0.08464419475655428,0.09287795405342787,false,2
6715,0.3380318259733008,0.1314692160536417,0.12310606060606061,0.1314692160536417,false,1
6716,0.26773141145327234,0.09736791669592228,0.08676789587852494,0.09736791669592228,false,3
6718,0.24782994762744154,0.09181839018221533,0.08464419475655428,0.09181839018221533,false,2
6719,0.24104801488792432,0.09038142876380854,0.0945945945945946,0.09038142876380854,false,5
6720,0.26486814295926053,0.09616008524850167,0.08676789587852494,0.09616008524850167,false,3
6721,0.3205500523408773,0.12191561048340886,0.13059033989266547,0.12191561048340886,false,4
6722,0.36514578325278096,0.15014860331204846,0.14814814814814814,0.15014860331204846,false,5
6723,0.8689377748438233,0.6463630873987906,0.675,0.6463630873987906,false,5
6724,0.29833790535474697,0.11072006121299953,0.1111111111111111,0.11072006121299953,false,4
6725,0.4717138013987997,0.22403715108455527,0.22486288848263253,0.22403715108455527,false,3
6726,0.19585904730443793,0.07341473070018785,0.08464419475655428,0.07341473070018785,false,2
6727,0.4718002886837109,0.22422992312336357,0.2349570200573066,0.22422992312336357,false,2
6728,0.3312385424065226,0.13116539198148486,0.12717770034843207,0.13116539198148486,false,5
6729,0.23114400803322727,0.08291317423314243,0.07043343653250773,0.08291317423314243,false,3
6730,0.4640397545361315,0.2176640028225326,0.22486288848263253,0.2176640028225326,false,3
6731,0.42541136402992713,0.18758602497025897,0.1753846153846154,0.18758602497025897,false,3
6732,0.49936494720753516,0.24751633897867698,0.2612612612612612,0.24751633897867698,false,2
6733,0.3887204559410085,0.16464027250669894,0.1651376146788991,0.16464027250669894,false,5
6734,0.2602818212210809,0.09680577262968576,0.08464419475655428,0.09680577262968576,false,2
6737,0.626414530487245,0.38377434062531385,0.3566666666666667,0.38377434062531385,false,4
6738,0.6025163102471348,0.3518376064665442,0.3425925925925926,0.3518376064665442,false,3
6739,0.3619660602330979,0.14539462336202583,0.13894736842105262,0.14539462336202583,false,4
6740,0.3452418468953497,0.13549143940118533,0.13894736842105262,0.13549143940118533,false,4
6741,0.3094936531279516,0.12009362062955843,0.12717770034843207,0.12009362062955843,false,5
6742,0.37907073303828975,0.1576130003623408,0.14182692307692307,0.1576130003623408,false,2
6743,0.6238606704502014,0.370982792498453,0.34049079754601225,0.370982792498453,false,2
6744,0.43601525416871006,0.19642781055939654,0.19471153846153846,0.19642781055939654,false,1
6745,0.18743206501697793,0.06756895923810938,0.07564422277639235,0.06756895923810938,false,1
6746,0.23345441668666278,0.08376505185684069,0.07043343653250773,0.08376505185684069,false,3
6747,0.29973906620509816,0.11181517039532289,0.10187667560321716,0.11181517039532289,false,3
6749,0.2227183590903292,0.07911251832645548,0.07591240875912408,0.07911251832645548,false,4
6750,0.5756145184387571,0.3192311614793188,0.2698412698412698,0.3192311614793188,false,5
6751,0.4105984224479664,0.17754184306776485,0.19471153846153846,0.17754184306776485,false,1
6752,0.20168786604887054,0.07272406035568584,0.07043343653250773,0.07272406035568584,false,3
6753,0.15109183965506814,0.06144537590582783,0.02857142857142857,0.06144537590582783,false,5
6754,0.363540651719529,0.14818160205439468,0.14182692307692307,0.14818160205439468,false,2
6755,0.5519167762849059,0.2962064554808328,0.2683397683397683,0.2962064554808328,false,2
6756,0.295309161189931,0.10970932389494631,0.10187667560321716,0.10970932389494631,false,3
6760,0.3164001197556733,0.11985165619724418,0.102803738317757,0.11985165619724418,false,1
6763,0.2794723506077481,0.10614105209934237,0.10112359550561797,0.10614105209934237,false,5
6764,0.26806439191724984,0.10004453770557416,0.08464419475655428,0.10004453770557416,false,2
6765,0.28827665123327545,0.10595166053792568,0.1111111111111111,0.10595166053792568,false,4
6766,0.4151074364826136,0.1801244401788794,0.1753846153846154,0.1801244401788794,false,3
6769,0.2248160138875039,0.08062017660165136,0.07043343653250773,0.08062017660165136,false,3
6770,0.3022536549733274,0.1154360514738581,0.10574712643678161,0.1154360514738581,false,2
6771,0.5506560516728841,0.30041973132674177,0.28969957081545067,0.30041973132674177,false,4
6775,0.3125909066592996,0.12047972238071308,0.13073170731707318,0.12047972238071308,false,2
6777,0.2846022649008445,0.10476272858007396,0.09375,0.10476272858007396,false,3
6778,0.5007175108099504,0.25155335857714173,0.2692307692307692,0.25155335857714173,false,4
6779,0.6777043724182933,0.4315648208194664,0.4340659340659341,0.4315648208194664,false,2
6780,0.4234535007825599,0.18800710594047843,0.19696969696969696,0.18800710594047843,false,5
6781,0.44224286962116305,0.20028166920834306,0.22486288848263253,0.20028166920834306,false,3
6783,0.32581398133948325,0.12479448806401107,0.102803738317757,0.12479448806401107,false,1
6784,0.31939232184808375,0.12140412557086372,0.102803738317757,0.12140412557086372,false,1
6785,0.4415191228740116,0.19972275611501042,0.22486288848263253,0.19972275611501042,false,3
6786,0.4219150807330373,0.18502788109139484,0.1753846153846154,0.18502788109139484,false,3
6787,0.33422700497290625,0.12928428574971604,0.13059033989266547,0.12928428574971604,false,4
6788,0.400707045847498,0.1706413107258858,0.1884469696969697,0.1706413107258858,false,4
6789,0.6588895615414414,0.4082782259014404,0.4339622641509434,0.4082782259014404,false,5
6790,0.35098420471983066,0.14195874263378933,0.14814814814814814,0.14195874263378933,false,5
6791,0.46033198129809044,0.2150124470578309,0.2349570200573066,0.2150124470578309,false,2
6792,0.30965292301962466,0.11641380772945002,0.102803738317757,0.11641380772945002,false,1
6793,0.32877763985574815,0.12650978168674076,0.12396694214876033,0.12650978168674076,false,3
6794,0.5894655284378245,0.3418941470779942,0.30769230769230776,0.3418941470779942,false,4
6795,0.765020063122463,0.5499483644881675,0.5255813953488372,0.5499483644881675,false,1
6796,0.34908426714155394,0.1377659634301219,0.12310606060606061,0.1377659634301219,false,1
6797,0.27639323619845585,0.10361698390786796,0.08464419475655428,0.10361698390786796,false,2
6798,0.7880176030144911,0.5791819728704292,0.5979381443298969,0.5791819728704292,false,4
6799,0.708946630245502,0.4653235039917343,0.49159663865546216,0.4653235039917343,false,5
6800,0.4928960712656301,0.24190887592675,0.2612612612612612,0.24190887592675,false,2
6801,0.2976488925781939,0.1108171954154212,0.10187667560321716,0.1108171954154212,false,3
6802,0.31509646317799955,0.11918064900804336,0.102803738317757,0.11918064900804336,false,1
6803,0.3764672978164754,0.15420395878167395,0.17279411764705882,0.15420395878167395,false,3
6804,0.45186951721386337,0.20895734345881967,0.21678321678321674,0.20895734345881967,false,5
6805,0.3468622760752129,0.13642550891432842,0.13894736842105262,0.13642550891432842,false,4
6806,0.31803953984742006,0.12070011489747262,0.102803738317757,0.12070011489747262,false,1
6807,0.32983807175488605,0.1268792550879757,0.13059033989266547,0.1268792550879757,false,4
6809,0.18645252976407914,0.06726772708674401,0.07564422277639235,0.06726772708674401,false,1
6810,0.1874050663310699,0.07076273095555646,0.0755813953488372,0.07076273095555646,false,2
6811,0.2032052068195378,0.07579321193483529,0.08464419475655428,0.07579321193483529,false,2
6812,0.2508103726640823,0.09042242057417019,0.08676789587852494,0.09042242057417019,false,3
6813,0.2904678652732075,0.11107736945983657,0.11331444759206799,0.11107736945983657,false,5
6814,0.24989170441624237,0.08938811236217059,0.07591240875912408,0.08938811236217059,false,4
6815,0.3235577188156785,0.12375180785242426,0.12396694214876033,0.12375180785242426,false,3
6816,0.6742609720615611,0.43421008514533327,0.4747191011235955,0.43421008514533327,false,3
6818,0.49532140297328403,0.24625384374182768,0.22487223168654175,0.24625384374182768,false,1
6820,0.35452823390640603,0.1429251600653455,0.13073170731707318,0.1429251600653455,false,2
6821,0.4818753934758313,0.23454881575527256,0.23670212765957446,0.23454881575527256,false,4
6822,0.280254496914709,0.1022802791832427,0.10101010101010101,0.1022802791832427,false,4
6824,0.259851479290859,0.09662944250906111,0.08464419475655428,0.09662944250906111,false,2
6825,0.407951165735594,0.1750798374289164,0.1753846153846154,0.1750798374289164,false,3
6826,0.42369620828763016,0.1874297785343844,0.19701986754966888,0.1874297785343844,false,2
6827,0.38923291110211466,0.1624121932514349,0.1753846153846154,0.1624121932514349,false,3
6828,0.4327149426516791,0.19395722935532758,0.19701986754966888,0.19395722935532758,false,2
6829,0.7781570853760215,0.5589156747592277,0.5342465753424658,0.5589156747592277,false,3
6830,0.36820344913390485,0.15196715858973234,0.14814814814814814,0.15196715858973234,false,5
6831,0.4066125050487752,0.17478153750154055,0.1884469696969697,0.17478153750154055,false,4
6832,0.3397320880130965,0.13463315683852664,0.13073170731707318,0.13463315683852664,false,2
6833,0.3423911262945177,0.136092772413056,0.13073170731707318,0.136092772413056,false,2
6834,0.398925583563132,0.1703745262307295,0.16071428571428573,0.1703745262307295,false,2
6835,0.3211543108968813,0.12480089570055815,0.13073170731707318,0.12480089570055815,false,2
6836,0.40781224807835514,0.17718251055173256,0.19455252918287938,0.17718251055173256,false,5
6837,0.23964359943729016,0.08554634381100004,0.07564422277639235,0.08554634381100004,false,1
6838,0.383422339022822,0.1589710726344791,0.1884469696969697,0.1589710726344791,false,4
6839,0.4012962833084765,0.1728196275442718,0.18571428571428572,0.1728196275442718,false,5
6840,0.17767059075535774,0.06528381319307772,0.07043343653250773,0.06528381319307772,false,3
6842,0.202201664550088,0.07289146767339812,0.07043343653250773,0.07289146767339812,false,3
6843,0.16710051617769936,0.06156659082426771,0.06857142857142857,0.06156659082426771,false,1
6844,0.2990179205885721,0.11104903195074615,0.1111111111111111,0.11104903195074615,false,4
6845,0.15068594587243087,0.06133690278768717,0.02857142857142857,0.06133690278768717,false,5
6846,0.576116005548219,0.3273115632882113,0.30769230769230776,0.3273115632882113,false,4
6847,0.5826598936093209,0.33442039581036587,0.30769230769230776,0.33442039581036587,false,4
6848,0.4656525872058909,0.219720219818343,0.21678321678321674,0.219720219818343,false,5
6849,0.45638264775675147,0.21190262758114384,0.2349570200573066,0.21190262758114384,false,2
6850,0.7793588094542848,0.546771411313338,0.575,0.546771411313338,false,5
6851,0.4786350056706762,0.2317061935098803,0.23670212765957446,0.2317061935098803,false,4
6852,0.5749854505429428,0.3192471979809528,0.3333333333333333,0.3192471979809528,false,2
6853,0.33085408900833757,0.1298553117768027,0.13073170731707318,0.1298553117768027,false,2
6855,0.4800485157625796,0.23294322511478396,0.23670212765957446,0.23294322511478396,false,4
6856,0.28014366083522946,0.1027615614958394,0.08676789587852494,0.1027615614958394,false,3
6857,0.28014366083522946,0.1027615614958394,0.08676789587852494,0.1027615614958394,false,3
6858,0.32366570767351677,0.12380833760737725,0.12396694214876033,0.12380833760737725,false,3
6859,0.354890083355739,0.14110468142394866,0.14937759336099585,0.14110468142394866,false,3
6860,0.5472234142039618,0.29689167158271906,0.28969957081545067,0.29689167158271906,false,4
6861,0.7497034208265246,0.52483711566957,0.4747191011235955,0.52483711566957,false,3
6862,0.3162312612876348,0.1223006809032881,0.13073170731707318,0.1223006809032881,false,2
6863,0.30876160378839523,0.1158573535875781,0.1111111111111111,0.1158573535875781,false,4
6864,0.2113084674545856,0.07966444267879097,0.08004509582863585,0.07966444267879097,false,5
6865,0.235517296596536,0.08398064237052817,0.07564422277639235,0.08398064237052817,false,1
6866,0.2101296589107978,0.07551996429223487,0.07043343653250773,0.07551996429223487,false,3
6867,0.33351795427993713,0.12896864830350474,0.12310606060606061,0.12896864830350474,false,1
6868,0.4089463582393996,0.1764394572379725,0.1884469696969697,0.1764394572379725,false,4
6869,0.3205413031812816,0.12191101464669256,0.13059033989266547,0.12191101464669256,false,4
6870,0.292908916760757,0.10812416404615524,0.1111111111111111,0.10812416404615524,false,4
6871,0.265642456264499,0.09588203044350135,0.07591240875912408,0.09588203044350135,false,4
6872,0.5713256176637013,0.3221571828549714,0.30769230769230776,0.3221571828549714,false,4
6873,0.19019516984753276,0.06842543925256668,0.07564422277639235,0.06842543925256668,false,1
6874,0.34869931836007934,0.13749099305098686,0.13894736842105262,0.13749099305098686,false,4
6875,0.34869931836007934,0.13749099305098686,0.13894736842105262,0.13749099305098686,false,4
6876,0.32402063122353963,0.1262766792926802,0.13073170731707318,0.1262766792926802,false,2
6877,0.2739798282040481,0.10374837066685501,0.10112359550561797,0.10374837066685501,false,5
6879,0.4188474775721873,0.1836104581835321,0.1884469696969697,0.1836104581835321,false,4
6880,0.416755360296671,0.18130203548091198,0.1753846153846154,0.18130203548091198,false,3
6881,0.3080773662940641,0.1158748773110585,0.10569105691056911,0.1158748773110585,false,3
6882,0.22783905569104182,0.0817082922662658,0.07043343653250773,0.0817082922662658,false,3
6883,0.1629818640510411,0.06470351966136323,0.07586206896551724,0.06470351966136323,false,5
6884,0.4697221917943132,0.2240121452253753,0.23670212765957446,0.2240121452253753,false,4
6888,0.2607358293121453,0.0939695737422145,0.09781477627471384,0.0939695737422145,false,1
6889,0.18649420143600054,0.06793118340014463,0.07043343653250773,0.06793118340014463,false,3
6890,0.5871852249872527,0.3393810015389673,0.30769230769230776,0.3393810015389673,false,4
6891,0.6077873394979124,0.3576609499812837,0.345679012345679,0.3576609499812837,false,3
6893,0.7947559370389,0.5679559225027663,0.5545188449297135,0.5679559225027663,false,2
6894,0.48898294633808626,0.2408682113124403,0.23670212765957446,0.2408682113124403,false,4
6895,0.5233122782760771,0.26896524692725776,0.2572178477690289,0.26896524692725776,false,5
6896,0.4787583020355913,0.22995765825614803,0.2612612612612612,0.22995765825614803,false,2
6897,0.4797953420087524,0.23243115503837775,0.22487223168654175,0.23243115503837775,false,1
6898,0.3636464230205717,0.14644703906532602,0.15702479338842976,0.14644703906532602,false,1
6899,0.5380282458861242,0.28259455875267186,0.2572178477690289,0.28259455875267186,false,5
6900,0.5361568268000827,0.28266975304742237,0.2638297872340426,0.28266975304742237,false,3
6901,0.36079683709983973,0.14759296513787354,0.14814814814814814,0.14759296513787354,false,5
6902,0.26847924641490917,0.10021985793262587,0.08464419475655428,0.10021985793262587,false,2
6903,0.23702775181690763,0.08509825350898081,0.07043343653250773,0.08509825350898081,false,3
6904,0.5333188911736824,0.2781876421881377,0.2572178477690289,0.2781876421881377,false,5
6906,0.38996371041984235,0.1632803839085703,0.19471153846153846,0.1632803839085703,false,1
6907,0.34598135064549745,0.13597352541066593,0.14937759336099585,0.13597352541066593,false,3
6909,0.2742803017775188,0.09961981844976917,0.07591240875912408,0.09961981844976917,false,4
6910,0.25620474455113124,0.09258674498337323,0.08676789587852494,0.09258674498337323,false,3
6911,0.33019224711155615,0.12726619564337227,0.12396694214876033,0.12726619564337227,false,3
6912,0.6116338913717269,0.3565766234023811,0.3174061433447099,0.3565766234023811,false,5
6913,0.23222017496230893,0.08274832536077552,0.07564422277639235,0.08274832536077552,false,1
6914,0.60449048972428,0.34901219703631947,0.3174061433447099,0.34901219703631947,false,5
6915,0.5676102036650155,0.31753731632796606,0.31493506493506496,0.31753731632796606,false,1
6916,0.22946488234811444,0.08155817246264016,0.07591240875912408,0.08155817246264016,false,4
6917,0.21394882044654637,0.0768170264056298,0.07043343653250773,0.0768170264056298,false,3
6918,0.2654349283186951,0.09579378954643707,0.07591240875912408,0.09579378954643707,false,4
6919,0.3343157873645787,0.1328004104781365,0.12717770034843207,0.1328004104781365,false,5
6920,0.5133871271220197,0.2599675934115471,0.2683397683397683,0.2599675934115471,false,2
6921,0.4272354151680744,0.19069944423297802,0.20187793427230047,0.19069944423297802,false,5
6922,0.2312602960390233,0.08554033040329931,0.08464419475655428,0.08554033040329931,false,2
6923,0.20164235883294798,0.07528135355244661,0.08464419475655428,0.07528135355244661,false,2
6924,0.21617538639039446,0.08016587557471302,0.08464419475655428,0.08016587557471302,false,2
6925,0.20259507966119344,0.07239418476202404,0.07564422277639235,0.07239418476202404,false,1
6926,0.2108934266174459,0.07577773556819488,0.07043343653250773,0.07577773556819488,false,3
6927,0.4734630865535581,0.22599361401647108,0.2572178477690289,0.22599361401647108,false,5
6928,0.6842913945126307,0.44613922141921997,0.4747191011235955,0.44613922141921997,false,3
6929,0.413616015564423,0.1797073330918451,0.19471153846153846,0.1797073330918451,false,1
6931,0.4401924001675014,0.19967278558829452,0.19471153846153846,0.19967278558829452,false,1
6932,0.22167788290997456,0.08326250102065809,0.08004509582863585,0.08326250102065809,false,5
6933,0.3424121131404174,0.13387322165702975,0.13059033989266547,0.13387322165702975,false,4
6934,0.295334502697251,0.11332564035771336,0.11331444759206799,0.11332564035771336,false,5
6935,0.3557057105724982,0.14165841710930174,0.12310606060606061,0.14165841710930174,false,1
6936,0.5452691050113786,0.2948937664262341,0.28969957081545067,0.2948937664262341,false,4
6937,0.4961171196913004,0.24489880309121734,0.2572178477690289,0.24489880309121734,false,5
6938,0.4821183725751568,0.23446445413983633,0.22487223168654175,0.23446445413983633,false,1
6939,0.32287283002602274,0.12323172013625568,0.102803738317757,0.12323172013625568,false,1
6940,0.4457083432940273,0.2036625543302128,0.2,0.2036625543302128,false,2
6941,0.21868078113761086,0.07768111534918683,0.07591240875912408,0.07768111534918683,false,4
6943,0.19461605189920936,0.07416989471956861,0.08004509582863585,0.07416989471956861,false,5
6944,0.3204777670914342,0.12445472743639815,0.13073170731707318,0.12445472743639815,false,2
6946,0.18844475813284664,0.06788170335061085,0.07564422277639235,0.06788170335061085,false,1
6947,0.57381420078266,0.3174193373279789,0.2698412698412698,0.3174193373279789,false,5
6948,0.253324807387907,0.09517293266471608,0.0974264705882353,0.09517293266471608,false,5
6949,0.3768103258316384,0.15468108633086292,0.16,0.15468108633086292,false,4
6950,0.4100526690824068,0.1787024587457361,0.19455252918287938,0.1787024587457361,false,5
6952,0.5532605815512839,0.29970449713456654,0.2638297872340426,0.29970449713456654,false,3
6953,0.2995238784141886,0.11141374140480267,0.09781477627471384,0.11141374140480267,false,1
6954,0.533179405068989,0.2780577598040733,0.2572178477690289,0.2780577598040733,false,5
6955,0.4434076007284218,0.20254438789177484,0.20187793427230047,0.20254438789177484,false,5
6956,0.4761879599524178,0.22957553063275113,0.23670212765957446,0.22957553063275113,false,4
6958,0.2624683739944481,0.09454032690954624,0.07591240875912408,0.09454032690954624,false,4
6959,0.21665002740626133,0.07697017010736433,0.07591240875912408,0.07697017010736433,false,4
6960,0.30006904617299407,0.11155921741389892,0.1111111111111111,0.11155921741389892,false,4
6961,0.24749253863833384,0.09286894553548188,0.0974264705882353,0.09286894553548188,false,5
6962,0.288357324312782,0.1089459165699229,0.10574712643678161,0.1089459165699229,false,2
6963,0.6383986558206352,0.39678699302392634,0.391304347826087,0.39678699302392634,false,1
6964,0.31845406014466865,0.12081886552560538,0.13059033989266547,0.12081886552560538,false,4
6966,0.2198696852423171,0.0781001241901823,0.07591240875912408,0.0781001241901823,false,4
6967,0.361059494346514,0.14484275205318198,0.13894736842105262,0.14484275205318198,false,4
6968,0.24110459572614895,0.08594000370256308,0.07591240875912408,0.08594000370256308,false,4
6969,0.4003924634345866,0.16987311744932262,0.1753846153846154,0.16987311744932262,false,3
6970,0.22919979449347885,0.08146078964956863,0.07591240875912408,0.08146078964956863,false,4
6971,0.22919979449347885,0.08146078964956863,0.07591240875912408,0.08146078964956863,false,4
6972,0.36085773132491,0.1466003217481942,0.13073170731707318,0.1466003217481942,false,2
6973,0.2866935517113946,0.10521806415980049,0.1111111111111111,0.10521806415980049,false,4
6974,0.4711318625216468,0.22521685392070787,0.23670212765957446,0.22521685392070787,false,4
6975,0.21561243431486066,0.07660922624409354,0.07591240875912408,0.07660922624409354,false,4
6976,0.22612065543116666,0.08051189357014073,0.07564422277639235,0.08051189357014073,false,1
6977,0.7369988225886391,0.5006571150018785,0.5,0.5006571150018785,false,2
6978,0.2295048122502541,0.08231356801163764,0.07043343653250773,0.08231356801163764,false,3
6979,0.2295048122502541,0.08231356801163764,0.07043343653250773,0.08231356801163764,false,3
6980,0.36085773132491,0.1466003217481942,0.13073170731707318,0.1466003217481942,false,2
6981,0.4513071664538381,0.20795452251785523,0.2349570200573066,0.20795452251785523,false,2
6982,0.2145773738127842,0.07703244308050751,0.07043343653250773,0.07703244308050751,false,3
6983,0.21281428471835345,0.08017798646293442,0.08004509582863585,0.08017798646293442,false,5
6984,0.2917012501958141,0.11047777391829802,0.10574712643678161,0.11047777391829802,false,2
6985,0.17232964228531034,0.06625223281121866,0.06451612903225806,0.06625223281121866,false,2
6986,0.22260840709856727,0.08241908149156042,0.08464419475655428,0.08241908149156042,false,2
6987,0.33792594843146184,0.13134126368814614,0.13059033989266547,0.13134126368814614,false,4
6988,0.39223100584335663,0.16689177493274435,0.1651376146788991,0.16689177493274435,false,5
6989,0.4290461890136811,0.19128129906453797,0.19701986754966888,0.19128129906453797,false,2
6990,0.41332366157698014,0.18093985932342485,0.19455252918287938,0.18093985932342485,false,5
6991,0.3230066777681481,0.12330247275090485,0.102803738317757,0.12330247275090485,false,1
6992,0.4180946506891654,0.18346137713811192,0.19701986754966888,0.18346137713811192,false,2
6993,0.23237230624749003,0.087127517303849,0.08004509582863585,0.087127517303849,false,5
6994,0.384518091125561,0.15967397428339603,0.19471153846153846,0.15967397428339603,false,1
6995,0.19423501191488463,0.0703352937581864,0.07043343653250773,0.0703352937581864,false,3
6996,0.21839830193550816,0.07758186351606457,0.07591240875912408,0.07758186351606457,false,4
6997,0.26905467031871955,0.0979306757716307,0.08676789587852494,0.0979306757716307,false,3
6998,0.479748745838966,0.23239049644070964,0.22487223168654175,0.23239049644070964,false,1
6999,0.6479715878291882,0.3961043025848289,0.40625,0.3961043025848289,false,5
7000,0.5355988530563685,0.2821240050207622,0.2638297872340426,0.2821240050207622,false,3
7002,0.3130328372755588,0.12183898432435401,0.12717770034843207,0.12183898432435401,false,5
7004,0.5631159667988967,0.3097821041785776,0.3425925925925926,0.3097821041785776,false,3
7005,0.3456734543938706,0.13791288908547075,0.13073170731707318,0.13791288908547075,false,2
7006,0.21268091593384805,0.07559782258679058,0.07591240875912408,0.07559782258679058,false,4
7007,0.18195775192696484,0.0665578969760003,0.07043343653250773,0.0665578969760003,false,3
7008,0.3994048103730228,0.1692019604522831,0.1753846153846154,0.1692019604522831,false,3
7009,0.38977807172242207,0.16318524778553023,0.1884469696969697,0.16318524778553023,false,4
7010,0.42209229494653,0.1859003107845239,0.19471153846153846,0.1859003107845239,false,1
7011,0.3174471669777676,0.1203929443905055,0.102803738317757,0.1203929443905055,false,1
7012,0.45043060178372263,0.20798752334222834,0.1884469696969697,0.20798752334222834,false,4
7013,0.5879727060977412,0.3402478786701247,0.30769230769230776,0.3402478786701247,false,4
7014,0.3282183523168296,0.12957733849386244,0.12717770034843207,0.12957733849386244,false,5
7015,0.2897427552872257,0.10676470348795918,0.09781477627471384,0.10676470348795918,false,1
7016,0.3773681958779732,0.15477192686816196,0.17279411764705882,0.15477192686816196,false,3
7017,0.2897427552872257,0.10676470348795918,0.09781477627471384,0.10676470348795918,false,1
7018,0.284810173388059,0.10851280240141971,0.11331444759206799,0.10851280240141971,false,5
7019,0.22674863672637194,0.0807395759665682,0.07564422277639235,0.0807395759665682,false,1
7025,0.22001225634357077,0.07832760838422771,0.07564422277639235,0.07832760838422771,false,1
7028,0.22001225634357077,0.07832760838422771,0.07564422277639235,0.07832760838422771,false,1
7030,0.3390972164426745,0.134286619946066,0.13073170731707318,0.134286619946066,false,2
7032,0.371070207929277,0.153688555103128,0.14814814814814814,0.153688555103128,false,5
7033,0.1990334251996117,0.07443395566973578,0.08464419475655428,0.07443395566973578,false,2
7034,0.22036011124833832,0.08279718497614513,0.08004509582863585,0.08279718497614513,false,5
7035,0.3404593178354458,0.132872566809638,0.14937759336099585,0.132872566809638,false,3
7036,0.3404593178354458,0.132872566809638,0.14937759336099585,0.132872566809638,false,3
7037,0.30503748665837416,0.11792678794604136,0.11458333333333333,0.11792678794604136,false,5
7038,0.5230511004401829,0.2687818396357665,0.2683397683397683,0.2687818396357665,false,2
7039,0.5970627985534221,0.34954189713360473,0.31493506493506496,0.34954189713360473,false,1
7040,0.48287816931753824,0.23513215980762936,0.22487223168654175,0.23513215980762936,false,1
7043,0.2755244178461012,0.10031155504158469,0.09781477627471384,0.10031155504158469,false,1
7044,0.31249043195863346,0.11807490968199331,0.10569105691056911,0.11807490968199331,false,3
7045,0.24573696559933517,0.0921852869380587,0.0974264705882353,0.0921852869380587,false,5
7046,0.23513833795970004,0.08383816111048287,0.07564422277639235,0.08383816111048287,false,1
7047,0.25349416281771453,0.095240593248765,0.0974264705882353,0.095240593248765,false,5
7048,0.24631188814938873,0.08796856058978499,0.07591240875912408,0.08796856058978499,false,4
7049,0.23513833795970004,0.08383816111048287,0.07564422277639235,0.08383816111048287,false,1
7050,0.16079732020320323,0.06409308017849277,0.07586206896551724,0.06409308017849277,false,5
7051,0.41631090207502836,0.1816586292585504,0.19471153846153846,0.1816586292585504,false,1
7052,0.7719851767815739,0.5415833830675341,0.532258064516129,0.5415833830675341,false,2
7053,0.7700143473347648,0.5360114677106114,0.575,0.5360114677106114,false,5
7054,0.3917322242330225,0.16449889868643514,0.1884469696969697,0.16449889868643514,false,4
7055,0.3407961978203795,0.133060017476176,0.14937759336099585,0.133060017476176,false,3
7056,0.451411226708643,0.20878128805472945,0.1884469696969697,0.20878128805472945,false,4
7057,0.4216859108337381,0.18570743790796107,0.1884469696969697,0.18570743790796107,false,4
7058,0.2326159902723313,0.08345499775589016,0.07043343653250773,0.08345499775589016,false,3
7059,0.22775180637401277,0.08426189743667997,0.08464419475655428,0.08426189743667997,false,2
7061,0.45757757616953076,0.21360914351235855,0.22487223168654175,0.21360914351235855,false,1
7062,0.39640613700173816,0.167675303162154,0.1884469696969697,0.167675303162154,false,4
7063,0.4646867417208419,0.21819622457096124,0.22486288848263253,0.21819622457096124,false,3
7064,0.5776115377689319,0.32892938096874913,0.30769230769230776,0.32892938096874913,false,4
7065,0.3283875677057769,0.12630188096539222,0.12396694214876033,0.12630188096539222,false,3
7066,0.5838572875455715,0.3283574321932159,0.34049079754601225,0.3283574321932159,false,2
7067,0.519865950819963,0.26583412334801704,0.2572178477690289,0.26583412334801704,false,5
7068,0.29674728906330045,0.11282507004771067,0.10574712643678161,0.11282507004771067,false,2
7069,0.3360023081725525,0.13041354089902096,0.14814814814814814,0.13041354089902096,false,3
7070,0.41465841235601253,0.18054926172787905,0.1884469696969697,0.18054926172787905,false,4
7071,0.23355329429144578,0.08756414631653757,0.08004509582863585,0.08756414631653757,false,5
7072,0.453796802051766,0.21051920601019403,0.19471153846153846,0.21051920601019403,false,1
7073,0.3596007336956081,0.14399075458736166,0.15702479338842976,0.14399075458736166,false,1
7074,0.265793926117555,0.10027091890710423,0.0974264705882353,0.10027091890710423,false,5
7075,0.3670693482181963,0.1485522402415467,0.16346153846153846,0.1485522402415467,false,1
7077,0.4661156121039889,0.2200886078560128,0.21678321678321674,0.2200886078560128,false,5
7078,0.18562994062039706,0.06682865026918688,0.07317073170731705,0.06682865026918688,false,4
7079,0.6948540923275052,0.45876854317303756,0.4747191011235955,0.45876854317303756,false,3
7080,0.37172536359292857,0.15144658776149197,0.13894736842105262,0.15144658776149197,false,4
7081,0.2834842625534431,0.10674695449934904,0.10574712643678161,0.10674695449934904,false,2
7082,0.36813699276245715,0.15092334558620932,0.14182692307692307,0.15092334558620932,false,2
7083,0.3465988355146722,0.13842971330360884,0.13073170731707318,0.13842971330360884,false,2
7084,0.2561510309193309,0.09191990307115853,0.07591240875912408,0.09191990307115853,false,4
7085,0.33769263471786226,0.1313415440069329,0.14814814814814814,0.1313415440069329,false,3
7086,0.4663616802137724,0.21957840997250827,0.22486288848263253,0.21957840997250827,false,3
7087,0.47053931429303,0.224709901345333,0.23670212765957446,0.224709901345333,false,4
7088,0.5789961853996752,0.3304308739107793,0.30769230769230776,0.3304308739107793,false,4
7089,0.23647278652230205,0.084171345067884,0.07591240875912408,0.084171345067884,false,4
7090,0.22149869413746484,0.07867759953281836,0.07591240875912408,0.07867759953281836,false,4
7091,0.20328814587801086,0.07243929083678075,0.07317073170731705,0.07243929083678075,false,4
7092,0.20770157138938955,0.0772837093627546,0.08464419475655428,0.0772837093627546,false,2
7093,0.2563677693530111,0.09216627356958303,0.09781477627471384,0.09216627356958303,false,1
7094,0.26901667772454035,0.09747517989588604,0.09781477627471384,0.09747517989588604,false,1
7095,0.616485369351446,0.36294747717241616,0.34049079754601225,0.36294747717241616,false,2
7096,0.36850603614662075,0.15114528119069717,0.14182692307692307,0.15114528119069717,false,2
7097,0.16096713180538927,0.060533317901211435,0.06818181818181818,0.060533317901211435,false,3
7098,0.2769949123030754,0.10096254140900927,0.09781477627471384,0.10096254140900927,false,1
7099,0.3600291976500843,0.14421767325248122,0.13894736842105262,0.14421767325248122,false,4
7100,0.220696046673972,0.07915851835803374,0.07043343653250773,0.07915851835803374,false,3
7101,0.32342649318112643,0.12596955372108062,0.13073170731707318,0.12596955372108062,false,2
7102,0.4088721655834189,0.17790031272748846,0.19455252918287938,0.17790031272748846,false,5
7103,0.7982576577028214,0.5913776491442895,0.5979381443298969,0.5913776491442895,false,4
7104,0.34905731723114175,0.13981067124102162,0.13073170731707318,0.13981067124102162,false,2
7105,0.20329725491128275,0.07262516110165994,0.07564422277639235,0.07262516110165994,false,1
7106,0.3871991999403295,0.1610813333387328,0.1753846153846154,0.1610813333387328,false,3
7107,0.34431328475037765,0.13503043002075088,0.14937759336099585,0.13503043002075088,false,3
7108,0.3807882112627584,0.1586854474416009,0.14182692307692307,0.1586854474416009,false,2
7110,0.5572948786963736,0.30149173328720885,0.2683397683397683,0.30149173328720885,false,2
7111,0.5363548229705316,0.281023764467524,0.2572178477690289,0.281023764467524,false,5
7112,0.35021933975884556,0.14152720083494089,0.14814814814814814,0.14152720083494089,false,5
7113,0.3758252904383269,0.15405114483285948,0.18888888888888888,0.15405114483285948,false,1
7114,0.7331848596906592,0.5111854241317985,0.5255813953488372,0.5111854241317985,false,1
7115,0.5378071123942081,0.28681858676536176,0.3,0.28681858676536176,false,1
7116,0.39578872078674027,0.16725291448007307,0.1884469696969697,0.16725291448007307,false,4
7118,0.339045827867603,0.13196948257435492,0.13059033989266547,0.13196948257435492,false,4
7119,0.2681573603401213,0.0969571559884848,0.07591240875912408,0.0969571559884848,false,4
7120,0.38383486323093274,0.15922608520549206,0.19471153846153846,0.15922608520549206,false,1
7123,0.2056697657482344,0.0777680121575222,0.08004509582863585,0.0777680121575222,false,5
7125,0.4504721431929052,0.2078292311247658,0.19471153846153846,0.2078292311247658,false,1
7126,0.4698619994823909,0.22413142024262186,0.23670212765957446,0.22413142024262186,false,4
7127,0.4612138375743888,0.21621119361709087,0.21678321678321674,0.21621119361709087,false,5
7128,0.32782906471625994,0.12937384110880504,0.12717770034843207,0.12937384110880504,false,5
7129,0.38198485056033993,0.1577093290750321,0.17279411764705882,0.1577093290750321,false,3
7130,0.7340742186592043,0.5122723373373498,0.5255813953488372,0.5122723373373498,false,1
7131,0.5132781172292732,0.2633341210590264,0.2692307692307692,0.2633341210590264,false,4
7132,0.561872927371348,0.30603271249411845,0.2683397683397683,0.30603271249411845,false,2
7133,0.3667752661062713,0.1483514527326004,0.13894736842105262,0.1483514527326004,false,4
7134,0.4427041715122232,0.20138693179442066,0.19701986754966888,0.20138693179442066,false,2
7135,0.4409321427391567,0.20025162190092627,0.19471153846153846,0.20025162190092627,false,1
7136,0.5223112203956518,0.27202237333559,0.28969957081545067,0.27202237333559,false,4
7137,0.26247408783639625,0.09469594827461426,0.09781477627471384,0.09469594827461426,false,1
7138,0.3042744496960955,0.1140076777439169,0.10187667560321716,0.1140076777439169,false,3
7139,0.22693181989625175,0.08080610186150206,0.07564422277639235,0.08080610186150206,false,1
7140,0.492023380635382,0.2415375912924353,0.2408026755852843,0.2415375912924353,false,3
7141,0.5280085747967326,0.273269352155818,0.2572178477690289,0.273269352155818,false,5
7142,0.27012423510673456,0.09780548423585227,0.07591240875912408,0.09780548423585227,false,4
7143,0.5517653620814535,0.2981920345060003,0.2638297872340426,0.2981920345060003,false,3
7144,0.3039342811037151,0.1162433643412234,0.10574712643678161,0.1162433643412234,false,2
7145,0.286715093340369,0.10820045570115958,0.10574712643678161,0.10820045570115958,false,2
7146,0.23562284564821315,0.08385040511533708,0.07591240875912408,0.08385040511533708,false,4
7147,0.5198988532676108,0.2670333720439822,0.25,0.2670333720439822,false,3
7148,0.33646618766848113,0.130526194226374,0.13059033989266547,0.130526194226374,false,4
7149,0.7139413660352613,0.48171414639827714,0.4747191011235955,0.48171414639827714,false,3
7151,0.5468451044457866,0.2909578829317265,0.2572178477690289,0.2909578829317265,false,5
7152,0.552359505800534,0.2962621369204574,0.2572178477690289,0.2962621369204574,false,5
7153,0.3688796220623788,0.14966080681338392,0.13894736842105262,0.14966080681338392,false,4
7154,0.5550523628588235,0.3015227074349142,0.2638297872340426,0.3015227074349142,false,3
7155,0.4856531715324467,0.23594986292061157,0.2408026755852843,0.23594986292061157,false,3
7156,0.441818686052009,0.20111227126425169,0.1884469696969697,0.20111227126425169,false,4
7157,0.25418618771846446,0.09551751724417407,0.0974264705882353,0.09551751724417407,false,5
7158,0.4628855619009314,0.2175279815166377,0.21678321678321674,0.2175279815166377,false,5
7159,0.38448527704280167,0.1610140936338746,0.16071428571428573,0.1610140936338746,false,2
7161,0.2637244303264516,0.09822672989559741,0.08464419475655428,0.09822672989559741,false,2
7162,0.4569103718853897,0.213061462093262,0.22487223168654175,0.213061462093262,false,1
7163,0.6312650017743847,0.38409203362997046,0.345679012345679,0.38409203362997046,false,3
7164,0.4513978662189115,0.20802459741377732,0.2349570200573066,0.20802459741377732,false,2
7166,0.3618629309414749,0.14523289537477818,0.14937759336099585,0.14523289537477818,false,3
7167,0.5313069573578352,0.2803593971864379,0.24489795918367344,0.2803593971864379,false,1
7168,0.278342091685521,0.10156222523015357,0.09781477627471384,0.10156222523015357,false,1
7169,0.3871682368507499,0.16106113937052033,0.1753846153846154,0.16106113937052033,false,3
7171,0.5463353297638295,0.2904703711451763,0.2572178477690289,0.2904703711451763,false,5
7172,0.3039342811037151,0.1162433643412234,0.10574712643678161,0.1162433643412234,false,2
7173,0.6023700194454258,0.3467811062687022,0.3174061433447099,0.3467811062687022,false,5
7174,0.7502365335950953,0.5319943771992104,0.5255813953488372,0.5319943771992104,false,1
7175,0.4938015985892624,0.24521812638562715,0.2692307692307692,0.24521812638562715,false,4
7176,0.4921771845209228,0.2412910880481455,0.2612612612612612,0.2412910880481455,false,2
7180,0.31034980379288535,0.11700326535445993,0.10569105691056911,0.11700326535445993,false,3
7182,0.4889809081995427,0.24054287896702906,0.22487223168654175,0.24054287896702906,false,1
7183,0.2797779629478468,0.10206577668339499,0.10101010101010101,0.10206577668339499,false,4
7184,0.2775276690826471,0.10160323577616961,0.08676789587852494,0.10160323577616961,false,3
7185,0.14251600623863792,0.05810912703715697,0.04,0.05810912703715697,false,2
7186,0.6370444125127327,0.38404767789190414,0.3416666666666667,0.38404767789190414,false,5
7188,0.2577905595293894,0.09697153118374613,0.0974264705882353,0.09697153118374613,false,5
7189,0.33608387058471223,0.13045819105746695,0.14814814814814814,0.13045819105746695,false,3
7190,0.5759545519944692,0.32644713085914173,0.31493506493506496,0.32644713085914173,false,1
7191,0.3103054636949055,0.12049205035232387,0.12717770034843207,0.12049205035232387,false,5
7192,0.5246953689110068,0.27022837367077557,0.2572178477690289,0.27022837367077557,false,5
7193,0.22547317068219805,0.08027775350378887,0.07564422277639235,0.08027775350378887,false,1
7194,0.4964523968883921,0.24547535730278702,0.2408026755852843,0.24547535730278702,false,3
7195,0.4660761441435979,0.22005718940665076,0.21678321678321674,0.22005718940665076,false,5
7196,0.47786640263808045,0.2292418489992772,0.2408026755852843,0.2292418489992772,false,3
7197,0.5464093873682823,0.29605853551993766,0.28969957081545067,0.29605853551993766,false,4
7198,0.43944733732202457,0.19909105646342082,0.19471153846153846,0.19909105646342082,false,1
7199,0.24365967205350725,0.09138218652303164,0.0974264705882353,0.09138218652303164,false,5
7200,0.47783258606831547,0.23100600153121917,0.23670212765957446,0.23100600153121917,false,4
7201,0.2955823171322698,0.11227931802961698,0.10574712643678161,0.11227931802961698,false,2
7202,0.29224417597959174,0.10793713203684874,0.09781477627471384,0.10793713203684874,false,1
7204,0.3329773729388119,0.12876674020404322,0.14814814814814814,0.12876674020404322,false,3
7205,0.2132009888576208,0.07595602628910587,0.07564422277639235,0.07595602628910587,false,1
7206,0.13594038515313958,0.05332737610109337,0.06857142857142857,0.05332737610109337,false,1
7207,0.5563801662410705,0.3028741315498587,0.2638297872340426,0.3028741315498587,false,3
7208,0.47483549538535696,0.22710893618840042,0.2572178477690289,0.22710893618840042,false,5
7209,0.32857241150445704,0.12627557965642566,0.12310606060606061,0.12627557965642566,false,1
7210,0.25384828966926437,0.09098107507883822,0.07591240875912408,0.09098107507883822,false,4
7211,0.618136103360802,0.3742141129247608,0.3566666666666667,0.3742141129247608,false,4
7212,0.23798165112969774,0.08921903887376778,0.0945945945945946,0.08921903887376778,false,5
7214,0.26466726269681784,0.0998004907830195,0.0974264705882353,0.0998004907830195,false,5
7215,0.24952137166573501,0.08924030676626797,0.07591240875912408,0.08924030676626797,false,4
7216,0.39986384378305057,0.17005655306150938,0.1884469696969697,0.17005655306150938,false,4
7217,0.62746746351752,0.37359621931169235,0.3416666666666667,0.37359621931169235,false,5
7219,0.357439999845284,0.14265671151558224,0.13894736842105262,0.14265671151558224,false,4
7221,0.28658975215126414,0.10517012113532753,0.1111111111111111,0.10517012113532753,false,4
7223,0.2800716769779595,0.10219793915733841,0.10101010101010101,0.10219793915733841,false,4
7226,0.39456001570906624,0.16594025711462515,0.1753846153846154,0.16594025711462515,false,3
7228,0.29941542074153416,0.11408373340739719,0.10574712643678161,0.11408373340739719,false,2
7229,0.2675444250865586,0.09669413761365166,0.07591240875912408,0.09669413761365166,false,4
7230,0.27685484111644654,0.1049947917497842,0.10112359550561797,0.1049947917497842,false,5
7231,0.305102874625635,0.11403098053606858,0.1111111111111111,0.11403098053606858,false,4
7233,0.5388397503609282,0.2883765776337193,0.28969957081545067,0.2883765776337193,false,4
7234,0.231088573265885,0.08665513664491549,0.08004509582863585,0.08665513664491549,false,5
7235,0.24593165508321163,0.08850433697569333,0.07043343653250773,0.08850433697569333,false,3
7236,0.4447212813625342,0.20291276298611782,0.19701986754966888,0.20291276298611782,false,2
7237,0.4763081648268135,0.22940204764286298,0.22487223168654175,0.22940204764286298,false,1
7238,0.2641646934935531,0.09586540021283965,0.08676789587852494,0.09586540021283965,false,3
7240,0.5183870177980007,0.267788127083554,0.24489795918367344,0.267788127083554,false,1
7241,0.43753388362585677,0.19817995692873838,0.20187793427230047,0.19817995692873838,false,5
7242,0.38678634814077817,0.16247734849753068,0.16071428571428573,0.16247734849753068,false,2
7243,0.2339806069141418,0.0832334390541246,0.07591240875912408,0.0832334390541246,false,4
7244,0.2704945921274029,0.1022549549139934,0.0974264705882353,0.1022549549139934,false,5
7245,0.29574855104152137,0.10959867509169437,0.09781477627471384,0.10959867509169437,false,1
7246,0.24763121019442963,0.09174069382115407,0.08464419475655428,0.09174069382115407,false,2
7248,0.24565550857903007,0.0877104975885083,0.07591240875912408,0.0877104975885083,false,4
7249,0.25064706250912744,0.09292611782603669,0.08464419475655428,0.09292611782603669,false,2
7251,0.3988700822143182,0.16936942962984886,0.1884469696969697,0.16936942962984886,false,4
7252,0.32993294578506605,0.13047687493437626,0.12717770034843207,0.13047687493437626,false,5
7253,0.2985711217576226,0.11484277233765705,0.11331444759206799,0.11484277233765705,false,5
7254,0.3557889006322178,0.14170789991073865,0.12310606060606061,0.14170789991073865,false,1
7255,0.3466700464672041,0.13631441853497914,0.13894736842105262,0.13631441853497914,false,4
7256,0.40935373213029863,0.17739956077884075,0.19701986754966888,0.17739956077884075,false,2
7258,0.2704945921274029,0.1022549549139934,0.0974264705882353,0.1022549549139934,false,5
7259,0.3393993941273268,0.13228424991845097,0.14814814814814814,0.13228424991845097,false,3
7260,0.3878352574381612,0.16314789982153,0.16071428571428573,0.16314789982153,false,2
7261,0.36535770658653727,0.14733940135803847,0.14937759336099585,0.14733940135803847,false,3
7262,0.33123356236897217,0.12771866475330762,0.12310606060606061,0.12771866475330762,false,1
7263,0.5852343996905659,0.3330587473342078,0.3425925925925926,0.3330587473342078,false,3
7264,0.5826421405550858,0.3336799006848038,0.31493506493506496,0.3336799006848038,false,1
7265,0.47411101686565116,0.2277779392943547,0.23670212765957446,0.2277779392943547,false,4
7266,0.4842356386504912,0.23663450664530183,0.23670212765957446,0.23663450664530183,false,4
7267,0.2579650508836409,0.09585986990694753,0.08464419475655428,0.09585986990694753,false,2
7268,0.16322780085610986,0.06029126984812716,0.07317073170731705,0.06029126984812716,false,4
7269,0.20451739851105966,0.07284562896280353,0.07317073170731705,0.07284562896280353,false,4
7270,0.3102947080022952,0.12048676410093237,0.12717770034843207,0.12048676410093237,false,5
7271,0.4229162877660175,0.18575767258652015,0.1753846153846154,0.18575767258652015,false,3
7272,0.19907093998138747,0.07444607831276118,0.08464419475655428,0.07444607831276118,false,2
7273,0.39689219536534837,0.16750404112654488,0.1753846153846154,0.16750404112654488,false,3
7274,0.17195527415673365,0.06276375844232324,0.07317073170731705,0.06276375844232324,false,4
7275,0.463964755268862,0.21760236789922716,0.22486288848263253,0.21760236789922716,false,3
7276,0.5043234611006615,0.2548993315972452,0.2692307692307692,0.2548993315972452,false,4
7277,0.17352451129298857,0.06321824266059684,0.07317073170731705,0.06321824266059684,false,4
7279,0.3824409498429682,0.15972305204093903,0.14182692307692307,0.15972305204093903,false,2
7281,0.4843899410828516,0.23466813098546055,0.2612612612612612,0.23466813098546055,false,2
7282,0.490738407332792,0.2404032331186699,0.2408026755852843,0.2404032331186699,false,3
7283,0.7618994661177441,0.5476688783999768,0.5164835164835165,0.5476688783999768,false,4
7284,0.33555703465471654,0.13002073640607284,0.13059033989266547,0.13002073640607284,false,4
7285,0.1252450341345269,0.05143985546519488,0.043478260869565216,0.05143985546519488,false,3
7286,0.23698675681858872,0.08436596248632709,0.07591240875912408,0.08436596248632709,false,4
7287,0.2106020446556408,0.07942456112388326,0.08004509582863585,0.07942456112388326,false,5
7289,0.2521604218007174,0.09029842057468226,0.07591240875912408,0.09029842057468226,false,4
7290,0.4087940169336093,0.1756681485924952,0.1753846153846154,0.1756681485924952,false,3
7291,0.2439472057576453,0.08704206447179215,0.07591240875912408,0.08704206447179215,false,4
7292,0.35210787905199553,0.1415402267248848,0.13073170731707318,0.1415402267248848,false,2
7293,0.4899405498725735,0.23937588696723333,0.2612612612612612,0.23937588696723333,false,2
7294,0.22017863893755532,0.08156134402058693,0.08464419475655428,0.08156134402058693,false,2
7295,0.25504630425595226,0.09146842406180689,0.07591240875912408,0.09146842406180689,false,4
7296,0.34470479073584187,0.13525128371788178,0.14937759336099585,0.13525128371788178,false,3
7297,0.28611939277389664,0.10495311270242641,0.1111111111111111,0.10495311270242641,false,4
7298,0.3453720529945676,0.1388177541098311,0.14814814814814814,0.1388177541098311,false,5
7299,0.34470479073584187,0.13525128371788178,0.14937759336099585,0.13525128371788178,false,3
7300,0.24183695695688714,0.08638933047760267,0.07564422277639235,0.08638933047760267,false,1
7301,0.4964666617386644,0.24548810965970772,0.2408026755852843,0.24548810965970772,false,3
7302,0.3990114567016069,0.17131003808188694,0.18571428571428572,0.17131003808188694,false,5
7303,0.5843602205656543,0.33555091967404954,0.31493506493506496,0.33555091967404954,false,1
7304,0.7572521447054481,0.54052776522117,0.5255813953488372,0.54052776522117,false,1
7305,0.7561290183367833,0.5230714436581638,0.532258064516129,0.5230714436581638,false,2
7306,0.5073026013866072,0.25530370865575824,0.25,0.25530370865575824,false,3
7307,0.31596558558827326,0.12216698874705734,0.13073170731707318,0.12216698874705734,false,2
7308,0.4130760557836728,0.17940334095425423,0.1884469696969697,0.17940334095425423,false,4
7312,0.5173213086960385,0.26353311942235685,0.2683397683397683,0.26353311942235685,false,2
7319,0.34333329394153095,0.13769122715650162,0.14814814814814814,0.13769122715650162,false,5
7320,0.37591387148021693,0.15410761666760228,0.18888888888888888,0.15410761666760228,false,1
7321,0.5686424067848135,0.31224530025236064,0.2698412698412698,0.31224530025236064,false,5
7322,0.3821124672576832,0.1595163910251282,0.14182692307692307,0.1595163910251282,false,2
7323,0.8897211720240448,0.6939111174511904,0.7,0.6939111174511904,false,4
7325,0.5213951099548707,0.26844922951975625,0.25,0.26844922951975625,false,3
7326,0.2083244432294118,0.07491390276134113,0.07043343653250773,0.07491390276134113,false,3
7327,0.29837394619300217,0.1108581209015511,0.09781477627471384,0.1108581209015511,false,1
7328,0.424022908212233,0.18766325351844126,0.19701986754966888,0.18766325351844126,false,2
7330,0.6782140610078718,0.4442021309378166,0.4583333333333333,0.4442021309378166,false,1
7332,0.39155948762441717,0.16394555816262035,0.1753846153846154,0.16394555816262035,false,3
7334,0.4666777544672874,0.21983994392592743,0.22486288848263253,0.21983994392592743,false,3
7337,0.39155948762441717,0.16394555816262035,0.1753846153846154,0.16394555816262035,false,3
7338,0.21369823674012117,0.0793133309946245,0.08464419475655428,0.0793133309946245,false,2
7339,0.4602402872879238,0.21455742634197328,0.22486288848263253,0.21455742634197328,false,3
7340,0.5084140418347826,0.25559804969819694,0.2572178477690289,0.25559804969819694,false,5
7342,0.7302617669230556,0.5013986778587294,0.4747191011235955,0.5013986778587294,false,3
7343,0.47216340272720125,0.2245263089331236,0.2349570200573066,0.2245263089331236,false,2
7344,0.5911226546485069,0.33591586535404006,0.34049079754601225,0.33591586535404006,false,2
7346,0.4862496946761784,0.23653508363932602,0.2572178477690289,0.23653508363932602,false,5
7347,0.5583961495167342,0.3049325088438928,0.2638297872340426,0.3049325088438928,false,3
7348,0.7360390234483164,0.5146731602300713,0.5255813953488372,0.5146731602300713,false,1
7349,0.39564847994473695,0.16666863916096347,0.1753846153846154,0.16666863916096347,false,3
7350,0.4668926962904074,0.22001792415051807,0.22486288848263253,0.22001792415051807,false,3
7351,0.46212784380532396,0.21609671506467712,0.22486288848263253,0.21609671506467712,false,3
7352,0.6787593770250825,0.4327790800134167,0.4340659340659341,0.4327790800134167,false,2
7353,0.4223425938610718,0.18646480385286263,0.19701986754966888,0.18646480385286263,false,2
7354,0.3060898336499148,0.11843542185058038,0.12717770034843207,0.11843542185058038,false,5
7355,0.554358759050661,0.30366025098833344,0.3023255813953488,0.30366025098833344,false,1
7356,0.3587854262530412,0.14642318451884487,0.14814814814814814,0.14642318451884487,false,5
7357,0.37767509988795034,0.15523394547393182,0.18888888888888888,0.15523394547393182,false,1
7358,0.5330244120096683,0.27961427502022135,0.2638297872340426,0.27961427502022135,false,3
7359,0.405144686144081,0.1737451343407975,0.1884469696969697,0.1737451343407975,false,4
7360,0.3886972332264368,0.1620607883196193,0.1753846153846154,0.1620607883196193,false,3
7361,0.44896946081008365,0.20553235149517302,0.22486288848263253,0.20553235149517302,false,3
7362,0.40945712745775836,0.17680394066930225,0.1884469696969697,0.17680394066930225,false,4
7363,0.5806550656512427,0.32816740638530806,0.3425925925925926,0.32816740638530806,false,3
7364,0.4188690660563348,0.18478274170849077,0.19455252918287938,0.18478274170849077,false,5
7365,0.27175863808333267,0.09851544285061696,0.07591240875912408,0.09851544285061696,false,4
7366,0.554358759050661,0.30366025098833344,0.3023255813953488,0.30366025098833344,false,1
7367,0.2945595733621917,0.11296500332046541,0.11331444759206799,0.11296500332046541,false,5
7368,0.6691692167171378,0.43330846131558354,0.391304347826087,0.43330846131558354,false,1
7369,0.595670622525192,0.3397766896910485,0.3174061433447099,0.3397766896910485,false,5
7370,0.5640591792386168,0.31075633497644223,0.3425925925925926,0.31075633497644223,false,3
7371,0.3534174819132155,0.14030299017842546,0.12310606060606061,0.14030299017842546,false,1
7372,0.42787636934831835,0.19022003309989094,0.19471153846153846,0.19022003309989094,false,1
7373,0.4747450560774524,0.22659083366019317,0.22486288848263253,0.22659083366019317,false,3
7374,0.455690907722359,0.21190198880614616,0.21678321678321674,0.21190198880614616,false,5
7375,0.396574543320745,0.16729035714728757,0.1753846153846154,0.16729035714728757,false,3
7376,0.42326803382048905,0.18787582672349062,0.19696969696969696,0.18787582672349062,false,5
7377,0.4188708527559298,0.18282252668542012,0.1753846153846154,0.18282252668542012,false,3
7378,0.4188708527559298,0.18282252668542012,0.1753846153846154,0.18282252668542012,false,3
7379,0.45282779113662797,0.20993185645668253,0.1884469696969697,0.20993185645668253,false,4
7380,0.47147561768043306,0.22525031697695563,0.22487223168654175,0.22525031697695563,false,1
7381,0.36822869480565296,0.1492709155059239,0.16346153846153846,0.1492709155059239,false,1
7382,0.5283673191384373,0.27371042141248836,0.2683397683397683,0.27371042141248836,false,2
7383,0.37277749338202754,0.1518955053415849,0.17279411764705882,0.1518955053415849,false,3
7384,0.529612680921695,0.2791748614011542,0.28969957081545067,0.2791748614011542,false,4
7385,0.48246194390515384,0.23318443457104707,0.2408026755852843,0.23318443457104707,false,3
7387,0.3872087287180962,0.16108754837037043,0.1753846153846154,0.16108754837037043,false,3
7388,0.20964667176312865,0.07474479437858349,0.07564422277639235,0.07474479437858349,false,1
7389,0.21369823674012117,0.0793133309946245,0.08464419475655428,0.0793133309946245,false,2
7390,0.7081758606626248,0.4644342294794035,0.49159663865546216,0.4644342294794035,false,5
7391,0.5538795923863039,0.29812917412949363,0.2683397683397683,0.29812917412949363,false,2
7393,0.6354214323678954,0.3933068538232554,0.391304347826087,0.3933068538232554,false,1
7394,0.6671567198850917,0.43201382407419786,0.44015444015444016,0.43201382407419786,false,4
7395,0.573571691639718,0.32388961920076675,0.31493506493506496,0.32388961920076675,false,1
7396,0.7611311542228454,0.5385698487606349,0.4747191011235955,0.5385698487606349,false,3
7397,0.5612841024499043,0.3108700578730684,0.31493506493506496,0.3108700578730684,false,1
7398,0.3284387219152027,0.12632912848466188,0.12396694214876033,0.12632912848466188,false,3
7399,0.49233041607278194,0.24354849844854862,0.22487223168654175,0.24354849844854862,false,1
7400,0.4635477779647406,0.21878959461428013,0.23670212765957446,0.21878959461428013,false,4
7401,0.4742582242373754,0.22663932935925926,0.2572178477690289,0.22663932935925926,false,5
7403,0.45620494492529623,0.21129341796553386,0.22486288848263253,0.21129341796553386,false,3
7404,0.3638944136960107,0.14940953048621586,0.14814814814814814,0.14940953048621586,false,5
7405,0.5484999675349006,0.2925437943627593,0.2572178477690289,0.2925437943627593,false,5
7406,0.2154646664567308,0.07655794919934972,0.07591240875912408,0.07655794919934972,false,4
7407,0.2154646664567308,0.07655794919934972,0.07591240875912408,0.07655794919934972,false,4
7409,0.44750294828285286,0.2056309919957146,0.1884469696969697,0.2056309919957146,false,4
7413,0.41842588349174664,0.1844733166492417,0.19455252918287938,0.1844733166492417,false,5
7415,0.8478135794423305,0.6394461642121387,0.7291666666666666,0.6394461642121387,false,3
7416,0.6216350998458849,0.36728792230664764,0.3174061433447099,0.36728792230664764,false,5
7417,0.3268357222325386,0.1252561473724223,0.13059033989266547,0.1252561473724223,false,4
7418,0.6291067686506131,0.3859616373957809,0.38095238095238093,0.3859616373957809,false,1
7419,0.32235800768036726,0.12312527575284148,0.12396694214876033,0.12312527575284148,false,3
7421,0.4100109255800944,0.17784980720854499,0.19701986754966888,0.17784980720854499,false,2
7422,0.4541626430174724,0.21102031043298003,0.1884469696969697,0.21102031043298003,false,4
7423,0.1779124669326932,0.06535508751351424,0.07043343653250773,0.06535508751351424,false,3
7424,0.5738777181552056,0.3248979171371421,0.30769230769230776,0.3248979171371421,false,4
7431,0.40330737592452076,0.172394178961928,0.19471153846153846,0.172394178961928,false,1
7432,0.4058187836288461,0.17422049982913296,0.1884469696969697,0.17422049982913296,false,4
7433,0.3604291895214815,0.1443759535849249,0.14937759336099585,0.1443759535849249,false,3
7434,0.38864243014894223,0.1636654282242297,0.16071428571428573,0.1636654282242297,false,2
7435,0.25410873689159474,0.09108682509999146,0.07591240875912408,0.09108682509999146,false,4
7436,0.22584125363831364,0.08041078141662752,0.07564422277639235,0.08041078141662752,false,1
7437,0.24849723213287309,0.08899538213527594,0.07564422277639235,0.08899538213527594,false,1
7438,0.41726544565991475,0.1828794986301507,0.19701986754966888,0.1828794986301507,false,2
7439,0.423817920571388,0.18729465020707647,0.1884469696969697,0.18729465020707647,false,4
7440,0.4505709509431135,0.2079088094430291,0.19471153846153846,0.2079088094430291,false,1
7441,0.36817835880070726,0.14905795191141216,0.17279411764705882,0.14905795191141216,false,3
7442,0.41213838872593095,0.1793134837460865,0.19701986754966888,0.1793134837460865,false,2
7443,0.5572926039338632,0.30380478369464564,0.2638297872340426,0.30380478369464564,false,3
7444,0.386889443794039,0.16087940409112958,0.1753846153846154,0.16087940409112958,false,3
7445,0.23890096476883868,0.08526261622752905,0.07564422277639235,0.08526261622752905,false,1
7447,0.3532883044403784,0.1402267967694601,0.12310606060606061,0.1402267967694601,false,1
7448,0.2368374013647965,0.08502675157741885,0.07043343653250773,0.08502675157741885,false,3
7450,0.598323911134899,0.3517405524843278,0.3566666666666667,0.3517405524843278,false,4
7451,0.38956158846855,0.16517750406761145,0.1651376146788991,0.16517750406761145,false,5
7452,0.5836290244254068,0.3354797133761857,0.30769230769230776,0.3354797133761857,false,4
7453,0.5237888798189734,0.27300050533840975,0.24489795918367344,0.27300050533840975,false,1
7455,0.41110068096376745,0.1779008499548209,0.19471153846153846,0.1779008499548209,false,1
7456,0.4117561465404813,0.17904981236426276,0.19701986754966888,0.17904981236426276,false,2
7457,0.23384516171564879,0.08649343298018024,0.08464419475655428,0.08649343298018024,false,2
7461,0.7132236900440363,0.47280692401176255,0.4634146341463415,0.47280692401176255,false,2
7462,0.47203546209813146,0.22430716073906867,0.22486288848263253,0.22430716073906867,false,3
7464,0.2879684530085394,0.10593988979776696,0.09781477627471384,0.10593988979776696,false,1
7465,0.16892069497866188,0.0652699791540792,0.06451612903225806,0.0652699791540792,false,2
7466,0.2359993345833949,0.08471259370285585,0.07043343653250773,0.08471259370285585,false,3
7469,0.5047576534142276,0.2553041890988877,0.2692307692307692,0.2553041890988877,false,4
7472,0.22653399754065454,0.08499782186577523,0.08004509582863585,0.08499782186577523,false,5
7474,0.7093595131974101,0.4833677876069773,0.5,0.4833677876069773,false,4
7475,0.5567076187018908,0.3009120062260209,0.2683397683397683,0.3009120062260209,false,2
7478,0.4150573504754808,0.1821345457851173,0.19455252918287938,0.1821345457851173,false,5
7479,0.687700231064818,0.45689875034372346,0.44015444015444016,0.45689875034372346,false,4
7483,0.30416286953424376,0.11356581441874691,0.1111111111111111,0.11356581441874691,false,4
7484,0.7055583429482266,0.4614159924064121,0.49159663865546216,0.4614159924064121,false,5
7487,0.26330838100520865,0.09504636095575444,0.09781477627471384,0.09504636095575444,false,1
7488,0.249070488900961,0.08906065001583352,0.07591240875912408,0.08906065001583352,false,4
7493,0.7038519616432215,0.4753389206539924,0.5,0.4753389206539924,false,1
7494,0.4981334603864989,0.2488157357322889,0.22487223168654175,0.2488157357322889,false,1
7495,0.23973878484010572,0.0855827717238769,0.07564422277639235,0.0855827717238769,false,1
7496,0.7092010162046908,0.4681067214487092,0.4634146341463415,0.4681067214487092,false,2
7498,0.5430289156592402,0.2920714028211377,0.3,0.2920714028211377,false,1
7501,0.3758398880888121,0.1538094180369494,0.17279411764705882,0.1538094180369494,false,3
7504,0.20409553020018717,0.07351160312143377,0.07043343653250773,0.07351160312143377,false,3
7507,0.3272854444371287,0.1254981349802445,0.13059033989266547,0.1254981349802445,false,4
7508,0.48728631845283565,0.23711665516991567,0.2612612612612612,0.23711665516991567,false,2
7509,0.4461672302597065,0.20333266009044795,0.22486288848263253,0.20333266009044795,false,3
7510,0.37461218137785557,0.15583739688906623,0.14814814814814814,0.15583739688906623,false,5
7511,0.5434157434839643,0.28796272623309077,0.2683397683397683,0.28796272623309077,false,2
7512,0.4774976886725495,0.22928349828597233,0.2572178477690289,0.22928349828597233,false,5
7513,0.20199949643913168,0.07655591361823999,0.08004509582863585,0.07655591361823999,false,5
7514,0.24853456023380435,0.08901018594583804,0.07564422277639235,0.08901018594583804,false,1
7515,0.17817308609928395,0.06477095536430102,0.07564422277639235,0.06477095536430102,false,1
7516,0.24088503198279468,0.08913811606488754,0.08464419475655428,0.08913811606488754,false,2
7517,0.42610334878007755,0.18809554548929283,0.19718309859154928,0.18809554548929283,false,3
7518,0.3524440146648901,0.14278542467923971,0.14814814814814814,0.14278542467923971,false,5
7519,0.17937243210015075,0.06578683837920177,0.07043343653250773,0.06578683837920177,false,3
7520,0.25616031579566817,0.09512875739852886,0.08464419475655428,0.09512875739852886,false,2
7521,0.7785574054170108,0.5662767248409805,0.5373134328358209,0.5662767248409805,false,1
7522,0.7848097294831581,0.5737719860312054,0.5373134328358209,0.5737719860312054,false,1
7528,0.3208934293413319,0.12466731232375029,0.13073170731707318,0.12466731232375029,false,2
7530,0.27653778384277844,0.10061782107969597,0.07591240875912408,0.10061782107969597,false,4
7531,0.5032213955984188,0.2510428892900552,0.2572178477690289,0.2510428892900552,false,5
7532,0.4605690747547445,0.21607734169627404,0.22487223168654175,0.21607734169627404,false,1
7534,0.4592280075179913,0.2141398220597324,0.2349570200573066,0.2141398220597324,false,2
7535,0.41457483781419713,0.1803997087105684,0.19471153846153846,0.1803997087105684,false,1
7536,0.5057216846199896,0.253855712535433,0.25,0.253855712535433,false,3
7538,0.2461954295412422,0.08792272357136328,0.07591240875912408,0.08792272357136328,false,4
7539,0.2585885474504654,0.09292315674873801,0.07591240875912408,0.09292315674873801,false,4
7540,0.2585885474504654,0.09292315674873801,0.07591240875912408,0.09292315674873801,false,4
7541,0.32731669839762334,0.12573263101272042,0.12396694214876033,0.12573263101272042,false,3
7543,0.31674680619887496,0.11993182989292173,0.13059033989266547,0.11993182989292173,false,4
7544,0.26103403439819517,0.09456369432337422,0.08676789587852494,0.09456369432337422,false,3
7545,0.26103403439819517,0.09456369432337422,0.08676789587852494,0.09456369432337422,false,3
7547,0.37717473942250856,0.15464981900572608,0.17279411764705882,0.15464981900572608,false,3
7549,0.688615442658792,0.4567956239474613,0.5,0.4567956239474613,false,1
7550,0.271985448982774,0.10289143835491592,0.0974264705882353,0.10289143835491592,false,5
7551,0.4523933586618532,0.20879486188604257,0.2349570200573066,0.20879486188604257,false,2
7552,0.4607004962249648,0.21580800391516441,0.21678321678321674,0.21580800391516441,false,5
7553,0.7725459728122398,0.560575503624761,0.5979381443298969,0.560575503624761,false,4
7554,0.5318649658647909,0.28140430279556183,0.28969957081545067,0.28140430279556183,false,4
7555,0.4726016034888731,0.22529549226447534,0.2572178477690289,0.22529549226447534,false,5
7558,0.28559369869950063,0.10471104249641909,0.1111111111111111,0.10471104249641909,false,4
7566,0.7219675908603059,0.480375246219842,0.49159663865546216,0.480375246219842,false,5
7568,0.713013628372752,0.4805963004384848,0.4747191011235955,0.4805963004384848,false,3
7569,0.7413034149235718,0.5211021531694843,0.5255813953488372,0.5211021531694843,false,1
7570,0.4033922730801525,0.17251414714879365,0.1884469696969697,0.17251414714879365,false,4
7571,0.5134143580193142,0.2630460724189426,0.24489795918367344,0.2630460724189426,false,1
7572,0.5992473238369213,0.3527744273390284,0.3566666666666667,0.3527744273390284,false,4
7573,0.262346271975853,0.09883756399100287,0.0974264705882353,0.09883756399100287,false,5
7575,0.35246154900986026,0.13973996715871007,0.12310606060606061,0.13973996715871007,false,1
7577,0.38238947957414765,0.1582819227299339,0.19471153846153846,0.1582819227299339,false,1
7579,0.2544920256493309,0.0918945767358118,0.08676789587852494,0.0918945767358118,false,3
7580,0.4133670625830511,0.18016308048612373,0.19701986754966888,0.18016308048612373,false,2
7581,0.4572955904109108,0.21337754761158953,0.22487223168654175,0.21337754761158953,false,1
7583,0.3007879723289235,0.11190934234115388,0.1111111111111111,0.11190934234115388,false,4
7584,0.7383178467469979,0.502203696170877,0.5,0.502203696170877,false,2
7585,0.4423100552862417,0.20149993474101185,0.1884469696969697,0.20149993474101185,false,4
7586,0.4137272729308395,0.18121744192107436,0.19455252918287938,0.18121744192107436,false,5
7587,0.4423100552862417,0.20149993474101185,0.1884469696969697,0.20149993474101185,false,4
7588,0.4054740842963335,0.1756070886677307,0.19455252918287938,0.1756070886677307,false,5
7589,0.4423100552862417,0.20149993474101185,0.1884469696969697,0.20149993474101185,false,4
7590,0.4374196866469764,0.19766656482171385,0.1884469696969697,0.19766656482171385,false,4
7591,0.4368305611557996,0.1972085010503985,0.1884469696969697,0.1972085010503985,false,4
7592,0.47555006450643666,0.22769118524207638,0.2572178477690289,0.22769118524207638,false,5
7593,0.5112388817541892,0.25893254351645034,0.25,0.25893254351645034,false,3
7594,0.6800870418179511,0.4411306350794251,0.4747191011235955,0.4411306350794251,false,3
7596,0.5226262642117286,0.2696177870363427,0.25,0.2696177870363427,false,3
7597,0.33785541655328155,0.13143120781900658,0.14814814814814814,0.13143120781900658,false,3
7601,0.40604290312553887,0.1759893332283372,0.19455252918287938,0.1759893332283372,false,5
7602,0.40604290312553887,0.1759893332283372,0.19455252918287938,0.1759893332283372,false,5
7603,0.35948982492172954,0.1457994875712093,0.13073170731707318,0.1457994875712093,false,2
7604,0.4667007305074963,0.22055476873259633,0.21678321678321674,0.22055476873259633,false,5
7605,0.20684773767586143,0.07442145842684789,0.07043343653250773,0.07442145842684789,false,3
7606,0.34640830008304385,0.13616327658939403,0.13894736842105262,0.13616327658939403,false,4
7609,0.5714644329984052,0.31846302640644275,0.3425925925925926,0.31846302640644275,false,3
7612,0.22225925894744336,0.08346854459702394,0.08004509582863585,0.08346854459702394,false,5
7614,0.4179531220482462,0.18414368208561618,0.19455252918287938,0.18414368208561618,false,5
7617,0.572025589998332,0.31623782300455333,0.3333333333333333,0.31623782300455333,false,2
7618,0.2672672230079955,0.09672498010721903,0.09781477627471384,0.09672498010721903,false,1
7619,0.2261683462892113,0.08035466828005394,0.07591240875912408,0.08035466828005394,false,4
7621,0.23290921570946868,0.08732577611856304,0.08004509582863585,0.08732577611856304,false,5
7622,0.3193237551780222,0.12386615321129911,0.13073170731707318,0.12386615321129911,false,2
7623,0.45679215531187334,0.21296452968449298,0.22487223168654175,0.21296452968449298,false,1
7626,0.22835832444625442,0.08565817632398129,0.08004509582863585,0.08565817632398129,false,5
7628,0.23222376692776145,0.08257799094532216,0.07591240875912408,0.08257799094532216,false,4
7629,0.22100559829092328,0.07926749238092422,0.07043343653250773,0.07926749238092422,false,3
7632,0.22501983755038593,0.08011419159505585,0.07564422277639235,0.08011419159505585,false,1
7633,0.2582302648485949,0.09596773257279971,0.08464419475655428,0.09596773257279971,false,2
7634,0.26182921215643506,0.09442588618315483,0.09781477627471384,0.09442588618315483,false,1
7635,0.19658931999475204,0.07044613527431587,0.07564422277639235,0.07044613527431587,false,1
7636,0.4841247882977037,0.23476001862172022,0.2572178477690289,0.23476001862172022,false,5
7638,0.23530628430861927,0.08373115510469269,0.07591240875912408,0.08373115510469269,false,4
7641,0.2214698866656405,0.07884386019034446,0.07564422277639235,0.07884386019034446,false,1
7642,0.3860518463548221,0.1607037683912115,0.1884469696969697,0.1607037683912115,false,4
7643,0.4575665333455561,0.2128313886146024,0.2349570200573066,0.2128313886146024,false,2
7645,0.2585737128845047,0.09610757427721969,0.08464419475655428,0.09610757427721969,false,2
7652,0.5836046640317294,0.32733793689420543,0.3174061433447099,0.32733793689420543,false,5
7653,0.5581460368295127,0.30820018277279804,0.28969957081545067,0.30820018277279804,false,4
7654,0.736968814168669,0.5006219292944444,0.5,0.5006219292944444,false,2
7655,0.7175735662911759,0.4860922996491352,0.4747191011235955,0.4860922996491352,false,3
7656,0.40884579082774025,0.1757043374969553,0.1753846153846154,0.1757043374969553,false,3
7657,0.3832784495737597,0.16119832082912158,0.14814814814814814,0.16119832082912158,false,5
7658,0.3945463195155522,0.1683901403244767,0.1651376146788991,0.1683901403244767,false,5
7659,0.5808653319933602,0.3283911941199703,0.3425925925925926,0.3283911941199703,false,3
7660,0.5806335763763537,0.32431109786508244,0.3174061433447099,0.32431109786508244,false,5
7661,0.29514565867074816,0.1096322689789911,0.10187667560321716,0.1096322689789911,false,3
7662,0.29514565867074816,0.1096322689789911,0.10187667560321716,0.1096322689789911,false,3
7663,0.33737193758769285,0.131165048884394,0.14814814814814814,0.131165048884394,false,3
7664,0.4108113946133627,0.1783994215045669,0.19701986754966888,0.1783994215045669,false,2
7665,0.21506901898069702,0.07720132458531516,0.07043343653250773,0.07720132458531516,false,3
7666,0.29228836833307825,0.11191379317235688,0.11331444759206799,0.11191379317235688,false,5
7667,0.5466144039702474,0.2962682372274104,0.28969957081545067,0.2962682372274104,false,4
7668,0.4701250511180787,0.22286614211213357,0.2349570200573066,0.22286614211213357,false,2
7669,0.6074443222264626,0.3521311674465421,0.3174061433447099,0.3521311674465421,false,5
7671,0.5500126043663828,0.2939978310215552,0.2572178477690289,0.2939978310215552,false,5
7673,0.3541888637066192,0.14069500363227522,0.14937759336099585,0.14069500363227522,false,3
7674,0.3541888637066192,0.14069500363227522,0.14937759336099585,0.14069500363227522,false,3
7675,0.24418231619389438,0.09158365102000929,0.0974264705882353,0.09158365102000929,false,5
7676,0.30527055336762565,0.11411413145345883,0.1111111111111111,0.11411413145345883,false,4
7678,0.48161863651764997,0.23432269656859495,0.23670212765957446,0.23432269656859495,false,4
7679,0.42881619884374567,0.1901033183159568,0.19718309859154928,0.1901033183159568,false,3
7680,0.4592280075179913,0.2141398220597324,0.2349570200573066,0.2141398220597324,false,2
7681,0.41457483781419713,0.1803997087105684,0.19471153846153846,0.1803997087105684,false,1
7683,0.6593687234232766,0.4106047495948653,0.4340659340659341,0.4106047495948653,false,2
7684,0.26992660777546323,0.10083366170187533,0.08464419475655428,0.10083366170187533,false,2
7686,0.268370105214329,0.09704859673908217,0.07591240875912408,0.09704859673908217,false,4
7689,0.22823053589618725,0.08185017650683828,0.07043343653250773,0.08185017650683828,false,3
7691,0.5635492999657744,0.3077050419791643,0.2683397683397683,0.3077050419791643,false,2
7692,0.3011433582407439,0.11490538237672786,0.10574712643678161,0.11490538237672786,false,2
7694,0.4273633966707041,0.1900633609016378,0.19701986754966888,0.1900633609016378,false,2
7695,0.268370105214329,0.09704859673908217,0.07591240875912408,0.09704859673908217,false,4
7696,0.691924012465097,0.44574499073946816,0.49159663865546216,0.44574499073946816,false,5
7697,0.26468933484523427,0.0986283217253148,0.08464419475655428,0.0986283217253148,false,2
7699,0.540509547393528,0.28694897649411844,0.2638297872340426,0.28694897649411844,false,3
7702,0.2123308790160926,0.0756578574702095,0.07564422277639235,0.0756578574702095,false,1
7703,0.20199949643913168,0.07655591361823999,0.08004509582863585,0.07655591361823999,false,5
7705,0.4766326641105656,0.22819141555835723,0.2408026755852843,0.22819141555835723,false,3
7706,0.4388809368218018,0.19864967576679046,0.19471153846153846,0.19864967576679046,false,1
7707,0.3825132384846471,0.15976856070393652,0.14182692307692307,0.15976856070393652,false,2
7708,0.47983944504111675,0.2312083760898977,0.2572178477690289,0.2312083760898977,false,5
7709,0.430687031993134,0.19247941474233518,0.1884469696969697,0.19247941474233518,false,4
7710,0.26481740955867955,0.09613880524545212,0.08676789587852494,0.09613880524545212,false,3
7713,0.2790149166189641,0.10172313657336057,0.10101010101010101,0.10172313657336057,false,4
7715,0.6643412003597794,0.4286270279653639,0.44015444015444016,0.4286270279653639,false,4
7716,0.38329438476645694,0.16120831409603023,0.14814814814814814,0.16120831409603023,false,5
7718,0.26330838100520865,0.09504636095575444,0.09781477627471384,0.09504636095575444,false,1
7722,0.45701604833241016,0.21194655233371554,0.22486288848263253,0.21194655233371554,false,3
7723,0.426519743294672,0.18932103955716295,0.1884469696969697,0.18932103955716295,false,4
7726,0.5708547928835028,0.32098637549351905,0.31493506493506496,0.32098637549351905,false,1
7727,0.56780625460725,0.318397700180964,0.28969957081545067,0.318397700180964,false,4
7728,0.3717474667906893,0.15146975399744128,0.16346153846153846,0.15146975399744128,false,1
7729,0.31025234588739414,0.11695467722114493,0.10569105691056911,0.11695467722114493,false,3
7730,0.22378995250600003,0.08401325071469684,0.08004509582863585,0.08401325071469684,false,5
7732,0.2495835165451231,0.08926509435784524,0.07591240875912408,0.08926509435784524,false,4
7734,0.23530628430861927,0.08373115510469269,0.07591240875912408,0.08373115510469269,false,4
7737,0.19609174512246752,0.07028693157438969,0.07564422277639235,0.07028693157438969,false,1
7738,0.4505485915111542,0.20677968469862962,0.22486288848263253,0.20677968469862962,false,3
7741,0.28559369869950063,0.10471104249641909,0.1111111111111111,0.10471104249641909,false,4
7742,0.4150573504754808,0.1821345457851173,0.19455252918287938,0.1821345457851173,false,5
7743,0.5112309174821551,0.25892516751925376,0.25,0.25892516751925376,false,3
7744,0.6258397494639371,0.37791664191330776,0.345679012345679,0.37791664191330776,false,3
7747,0.23541424262362637,0.08377180613863273,0.07591240875912408,0.08377180613863273,false,4
7748,0.4001592829059476,0.1697144695428275,0.1753846153846154,0.1697144695428275,false,3
7749,0.254124395815723,0.09174661251388533,0.08676789587852494,0.09174661251388533,false,3
7750,0.7362066386983454,0.5148779419062384,0.5255813953488372,0.5148779419062384,false,1
7754,0.22420886533902784,0.08416288500858757,0.08004509582863585,0.08416288500858757,false,5
7755,0.43484541160525386,0.1955262033705803,0.19471153846153846,0.1955262033705803,false,1
7756,0.6047847494548354,0.3493223337708536,0.3174061433447099,0.3493223337708536,false,5
7757,0.6068545488843301,0.3605080203397066,0.31493506493506496,0.3605080203397066,false,1
7758,0.3915419166742698,0.16393393427547487,0.1753846153846154,0.16393393427547487,false,3
7759,0.3715497687027342,0.1539780689538019,0.14814814814814814,0.1539780689538019,false,5
7760,0.37327997199596263,0.1540404620084639,0.14182692307692307,0.1540404620084639,false,2
7761,0.35709739907112265,0.14544741183056156,0.14814814814814814,0.14544741183056156,false,5
7770,0.2896899672243843,0.11072163798397305,0.11331444759206799,0.11072163798397305,false,5
7773,0.3320350516495534,0.12815604521880716,0.12310606060606061,0.12815604521880716,false,1
7774,0.47141752631012346,0.22433844733832223,0.2572178477690289,0.22433844733832223,false,5
7775,0.3221282380318401,0.12283876163761408,0.102803738317757,0.12283876163761408,false,1
7776,0.40722363772927783,0.17514432288688553,0.19471153846153846,0.17514432288688553,false,1
7777,0.25728099108075214,0.09676477712227055,0.0974264705882353,0.09676477712227055,false,5
7783,0.5502108668961546,0.2999608223407337,0.28969957081545067,0.2999608223407337,false,4
7784,0.2214698866656405,0.07884386019034446,0.07564422277639235,0.07884386019034446,false,1
7785,0.5249722736864656,0.2741508120380039,0.24489795918367344,0.2741508120380039,false,1
7789,0.2249559898164436,0.07991615027899984,0.07591240875912408,0.07991615027899984,false,4
7791,0.5168693150059436,0.263121887479339,0.2683397683397683,0.263121887479339,false,2
7792,0.5168693150059436,0.263121887479339,0.2683397683397683,0.263121887479339,false,2
7793,0.4243157020474698,0.1886183240572207,0.19696969696969696,0.1886183240572207,false,5
7794,0.46248110445631996,0.2172088673512537,0.21678321678321674,0.2172088673512537,false,5
7795,0.5125758209933765,0.2601726670130088,0.25,0.2601726670130088,false,3
7797,0.384833389815558,0.1595442511479002,0.1753846153846154,0.1595442511479002,false,3
7798,0.19363489068973688,0.07014613237448325,0.07043343653250773,0.07014613237448325,false,3
7799,0.22925661379828907,0.08165474112696341,0.07564422277639235,0.08165474112696341,false,1
7803,0.3399301116544233,0.13582790321598795,0.14814814814814814,0.13582790321598795,false,5
7805,0.7807993706951118,0.5705258353088175,0.5979381443298969,0.5705258353088175,false,4
7806,0.40503225669883136,0.1736659501826955,0.1884469696969697,0.1736659501826955,false,4
7807,0.37112606123835257,0.15106905977642351,0.13894736842105262,0.15106905977642351,false,4
7808,0.5585288411433343,0.30271193259884943,0.2683397683397683,0.30271193259884943,false,2
7809,0.3902096933843807,0.16559240730391672,0.1651376146788991,0.16559240730391672,false,5
7810,0.879243604922954,0.6828836346527162,0.6956521739130435,0.6828836346527162,false,4
7812,0.5572987099200614,0.30381101699816376,0.2638297872340426,0.30381101699816376,false,3
7814,0.6639399133057712,0.4281448548959115,0.44015444015444016,0.4281448548959115,false,4
7815,0.26018286853897943,0.09373955437027284,0.09781477627471384,0.09373955437027284,false,1
7816,0.5924148737545353,0.3363976200570989,0.3174061433447099,0.3363976200570989,false,5
7818,0.510235306142727,0.2580041734860349,0.25,0.2580041734860349,false,3
7819,0.35857278602590237,0.14337213530440115,0.12310606060606061,0.14337213530440115,false,1
7820,0.3418225165619184,0.13363247385260757,0.14937759336099585,0.13363247385260757,false,3
7821,0.3480540123969183,0.1371530987119347,0.14937759336099585,0.1371530987119347,false,3
7822,0.41213151065806114,0.17930873656202845,0.19701986754966888,0.17930873656202845,false,2
7823,0.500468713619223,0.24848178729332673,0.2612612612612612,0.24848178729332673,false,2
7824,0.3509203620216943,0.13883622859274888,0.12310606060606061,0.13883622859274888,false,1
7825,0.4871841837687023,0.2373186465771354,0.2572178477690289,0.2373186465771354,false,5
7826,0.39373031600409397,0.16585085488139717,0.1884469696969697,0.16585085488139717,false,4
7827,0.6334182313707919,0.38150224298387814,0.34049079754601225,0.38150224298387814,false,2
7828,0.594534841013721,0.33859601208335083,0.3174061433447099,0.33859601208335083,false,5
7829,0.6152021420656925,0.3659240137378264,0.345679012345679,0.3659240137378264,false,3
7830,0.5201264609456426,0.26609450916957456,0.2683397683397683,0.26609450916957456,false,2
7831,0.7157105308574836,0.48982101108051734,0.5255813953488372,0.48982101108051734,false,1
7832,0.7398943626330715,0.5130187224070101,0.4747191011235955,0.5130187224070101,false,3
7833,0.46717226241401727,0.22093095067484908,0.21678321678321674,0.22093095067484908,false,5
7834,0.42955549559230227,0.19148834922019342,0.19471153846153846,0.19148834922019342,false,1
7835,0.5849713092611998,0.3287350856434306,0.3174061433447099,0.3287350856434306,false,5
7836,0.49643121037307375,0.24496250313002607,0.2612612612612612,0.24496250313002607,false,2
7837,0.4518997887031509,0.20917758491312505,0.1884469696969697,0.20917758491312505,false,4
7838,0.38044218226791876,0.1594276044570885,0.14814814814814814,0.1594276044570885,false,5
7839,0.2089491814069958,0.07886587154715488,0.08004509582863585,0.07886587154715488,false,5
7840,0.44553805662912693,0.20284118947255295,0.22486288848263253,0.20284118947255295,false,3
7841,0.23378891916835165,0.08647259304903811,0.08464419475655428,0.08647259304903811,false,2
7842,0.231215899452144,0.08220409554785228,0.07591240875912408,0.08220409554785228,false,4
7843,0.3329775639909407,0.1285956964288753,0.13059033989266547,0.1285956964288753,false,4
7844,0.3715942701574266,0.15400495736873518,0.14814814814814814,0.15400495736873518,false,5
7845,0.6289317022274806,0.3751868139159751,0.3416666666666667,0.3751868139159751,false,5
7846,0.231215899452144,0.08220409554785228,0.07591240875912408,0.08220409554785228,false,4
7847,0.3139986132654747,0.11851577212280014,0.13059033989266547,0.11851577212280014,false,4
7849,0.28175987087331944,0.10597823420327417,0.08464419475655428,0.10597823420327417,false,2
7850,0.31191501344583317,0.1174518241978836,0.125,0.1174518241978836,false,4
7851,0.34419349854936193,0.13489001373267567,0.13059033989266547,0.13489001373267567,false,4
7853,0.37679568279138415,0.15467169152073612,0.16,0.15467169152073612,false,4
7854,0.29516106551706583,0.10919448589779979,0.1111111111111111,0.10919448589779979,false,4
7855,0.36259190108738454,0.14577662080657658,0.13894736842105262,0.14577662080657658,false,4
7856,0.3282891009299947,0.12961435108157607,0.12717770034843207,0.12961435108157607,false,5
7857,0.18952435774209583,0.06821658748341385,0.07564422277639235,0.06821658748341385,false,1
7858,0.6820291476416932,0.4500022627078849,0.44015444015444016,0.4500022627078849,false,4
7860,0.20727426271876428,0.07456338731305562,0.07043343653250773,0.07456338731305562,false,3
7861,0.47624973177137275,0.22786606840515533,0.2333915730825702,0.22786606840515533,false,3
7862,0.3167098938555766,0.12021216656852285,0.11428571428571428,0.12021216656852285,false,3
7863,0.6046247325061941,0.35882227246441184,0.3566666666666667,0.35882227246441184,false,4
7864,0.48591636328824156,0.23781525247629567,0.22487223168654175,0.23781525247629567,false,1
7865,0.5887336724003915,0.34033694850125784,0.31493506493506496,0.34033694850125784,false,1
7866,0.5283165656910953,0.27789680917308124,0.28969957081545067,0.27789680917308124,false,4
7867,0.5242890268974161,0.2734863006280263,0.24489795918367344,0.2734863006280263,false,1
7868,0.35090557326107485,0.13877985613693752,0.13894736842105262,0.13877985613693752,false,4
7869,0.3295030679149719,0.12677866180242092,0.12310606060606061,0.12677866180242092,false,1
7870,0.41397809375306394,0.18005588649150597,0.1884469696969697,0.18005588649150597,false,4
7871,0.12898499328926336,0.051445821761060335,0.07317073170731705,0.051445821761060335,false,4
7872,0.34643515142494513,0.1362340108605857,0.12310606060606061,0.1362340108605857,false,1
7873,0.32940734689027706,0.12672683923382508,0.12310606060606061,0.12672683923382508,false,1
7874,0.3781483000344606,0.15703944033697487,0.14182692307692307,0.15703944033697487,false,2
7875,0.26254063564458274,0.09457068442691235,0.07591240875912408,0.09457068442691235,false,4
7876,0.37074247961659446,0.1534909598240865,0.14814814814814814,0.1534909598240865,false,5
7877,0.2614119128587185,0.09845226007571976,0.0974264705882353,0.09845226007571976,false,5
7878,0.3578904453483811,0.14486774309310577,0.13073170731707318,0.14486774309310577,false,2
7879,0.24063119648940437,0.08646215019710958,0.07043343653250773,0.08646215019710958,false,3
7880,0.20848923753354398,0.07871104473562783,0.08004509582863585,0.07871104473562783,false,5
7881,0.3172725951270144,0.12282591085658924,0.13073170731707318,0.12282591085658924,false,2
7882,0.207938277756875,0.07416895087953246,0.07564422277639235,0.07416895087953246,false,1
7883,0.27153677442963053,0.1015204285689007,0.08464419475655428,0.1015204285689007,false,2
7885,0.4042454332297356,0.17304978812963834,0.19471153846153846,0.17304978812963834,false,1
7886,0.60023423975915,0.35307696931878624,0.31493506493506496,0.35307696931878624,false,1
7887,0.31454044256521757,0.11910914758637677,0.11428571428571428,0.11910914758637677,false,3
7888,0.4752796068938466,0.2274706857800676,0.2572178477690289,0.2274706857800676,false,5
7889,0.21801696753039213,0.07762594761987825,0.07564422277639235,0.07762594761987825,false,1
7890,0.3142598461350054,0.118967124278203,0.11428571428571428,0.118967124278203,false,3
7891,0.3843527238283337,0.16093012808103255,0.16071428571428573,0.16093012808103255,false,2
7892,0.5299963919728128,0.2751040561162827,0.2572178477690289,0.2751040561162827,false,5
7893,0.2501279859154987,0.0894825313372545,0.07591240875912408,0.0894825313372545,false,4
7894,0.32004324054921246,0.121924126155551,0.12396694214876033,0.121924126155551,false,3
7895,0.4113126171522116,0.17874424503025918,0.19701986754966888,0.17874424503025918,false,2
7896,0.15672321068516396,0.06296893932374525,0.05,0.06296893932374525,false,5
7897,0.3318921885912099,0.12818028970547538,0.14814814814814814,0.12818028970547538,false,3
7899,0.4324409074390907,0.1938206179751215,0.1884469696969697,0.1938206179751215,false,4
7900,0.22711437415891544,0.08520739927432013,0.08004509582863585,0.08520739927432013,false,5
7901,0.23984020176966805,0.0856215999426076,0.07564422277639235,0.0856215999426076,false,1
7902,0.2905421131099463,0.10748213172436143,0.10187667560321716,0.10748213172436143,false,3
7903,0.4830808281823036,0.2335672089224498,0.2612612612612612,0.2335672089224498,false,2
7904,0.3135872866560503,0.12097578763706768,0.13073170731707318,0.12097578763706768,false,2
7905,0.29622325624944457,0.11374048482684913,0.11331444759206799,0.11374048482684913,false,5
7906,0.1975479261124311,0.07075379007546953,0.07564422277639235,0.07075379007546953,false,1
7907,0.24331220965219363,0.09124847029351855,0.0974264705882353,0.09124847029351855,false,5
7910,0.4043725060396392,0.1748686897980001,0.19455252918287938,0.1748686897980001,false,5
7911,0.5369512891163457,0.281786280335027,0.2683397683397683,0.281786280335027,false,2
7912,0.45831504994166394,0.21394157553583698,0.21678321678321674,0.21394157553583698,false,5
7913,0.22118534658759662,0.07874284027386386,0.07564422277639235,0.07874284027386386,false,1
7915,0.26654940852375014,0.0964186618207937,0.09781477627471384,0.0964186618207937,false,1
7916,0.36013603211190703,0.14617735338913837,0.13073170731707318,0.14617735338913837,false,2
7917,0.2072610626986571,0.07713650685497758,0.08464419475655428,0.07713650685497758,false,2
7918,0.4306207004709988,0.19242625541742514,0.19701986754966888,0.19242625541742514,false,2
7919,0.38558427389872896,0.16171161481613996,0.16071428571428573,0.16171161481613996,false,2
7920,0.4255159709136728,0.18947173740087583,0.19696969696969696,0.18947173740087583,false,5
7921,0.2474173263653933,0.09283956314856005,0.0974264705882353,0.09283956314856005,false,5
7922,0.3595324830735875,0.14685675280664648,0.14814814814814814,0.14685675280664648,false,5
7923,0.3975905886447649,0.16949133776423006,0.16071428571428573,0.16949133776423006,false,2
7924,0.34772107043646705,0.1369630394861833,0.14937759336099585,0.1369630394861833,false,3
7925,0.25803098384056883,0.09284921659189933,0.09781477627471384,0.09284921659189933,false,1
7926,0.22128042458441172,0.08312190536024265,0.08004509582863585,0.08312190536024265,false,5
7927,0.17749932515964054,0.06523338961605243,0.07043343653250773,0.06523338961605243,false,3
7928,0.2592356673925339,0.0931911500392248,0.07591240875912408,0.0931911500392248,false,4
7929,0.4214629377294393,0.18543488349372658,0.19471153846153846,0.18543488349372658,false,1
7930,0.2539346899975006,0.09117534182559228,0.07564422277639235,0.09117534182559228,false,1
7931,0.22330689048078592,0.08384100254169777,0.08004509582863585,0.08384100254169777,false,5
7932,0.23098349263623516,0.08229036614286925,0.07564422277639235,0.08229036614286925,false,1
7933,0.40934091748465745,0.1760507173332165,0.1753846153846154,0.1760507173332165,false,3
7934,0.23747793439850143,0.08784917454484334,0.08464419475655428,0.08784917454484334,false,2
7935,0.2859673068347173,0.10501636897476507,0.09781477627471384,0.10501636897476507,false,1
7937,0.5649134034156166,0.31532506207349775,0.28969957081545067,0.31532506207349775,false,4
7938,0.47140771811452836,0.22378043221767496,0.22486288848263253,0.22378043221767496,false,3
7939,0.2139970480823111,0.07605037609109717,0.07591240875912408,0.07605037609109717,false,4
7940,0.33355218163439915,0.13129187610367993,0.13073170731707318,0.13129187610367993,false,2
7941,0.434696363321957,0.1945114062026454,0.22486288848263253,0.1945114062026454,false,3
7943,0.13607563685458796,0.053170445924254954,0.07317073170731705,0.053170445924254954,false,4
7944,0.49846999605118575,0.24673538850968482,0.2612612612612612,0.24673538850968482,false,2
7945,0.39292909187874014,0.16485364602137645,0.1753846153846154,0.16485364602137645,false,3
7946,0.402128204238638,0.17163049147269027,0.1884469696969697,0.17163049147269027,false,4
7947,0.3384586036235943,0.13176390949801067,0.14814814814814814,0.13176390949801067,false,3
7948,0.42252133584417456,0.18621811494574125,0.19471153846153846,0.18621811494574125,false,1
7949,0.7406727083984157,0.5020531695624852,0.49159663865546216,0.5020531695624852,false,5
7950,0.19587174978970295,0.07085360117895308,0.07043343653250773,0.07085360117895308,false,3
7951,0.33494590741775554,0.1320392180510145,0.13073170731707318,0.1320392180510145,false,2
7952,0.31267293404529356,0.11816666633391315,0.10569105691056911,0.11816666633391315,false,3
7953,0.31355805567531714,0.1186125556798359,0.11428571428571428,0.1186125556798359,false,3
7954,0.26708288082964526,0.09664623158190012,0.09781477627471384,0.09664623158190012,false,1
7955,0.28014057046601937,0.10526080954813048,0.08464419475655428,0.10526080954813048,false,2
7956,0.2734450333327601,0.09925279418701949,0.07591240875912408,0.09925279418701949,false,4
7957,0.33191218306379366,0.12808891181833082,0.12310606060606061,0.12808891181833082,false,1
7958,0.33191218306379366,0.12808891181833082,0.12310606060606061,0.12808891181833082,false,1
7959,0.4047368755573778,0.17285050365790144,0.1753846153846154,0.17285050365790144,false,3
7960,0.553912369667105,0.30319877015865626,0.3023255813953488,0.30319877015865626,false,1
7961,0.7399589581166314,0.5130966121317925,0.4747191011235955,0.5130966121317925,false,3
7962,0.18936284571545783,0.06816639037769884,0.07564422277639235,0.06816639037769884,false,1
7963,0.6070386138932133,0.3615519115513959,0.3566666666666667,0.3615519115513959,false,4
7964,0.25954276392536935,0.09347391561123251,0.09781477627471384,0.09347391561123251,false,1
7967,0.38169607156575375,0.15925473193488096,0.14182692307692307,0.15925473193488096,false,2
7968,0.46862411055440345,0.22282566059014336,0.22487223168654175,0.22282566059014336,false,1
7969,0.5355897382106797,0.2846052063659132,0.3,0.2846052063659132,false,1
7970,0.52369989428674,0.2693803102153936,0.2683397683397683,0.2693803102153936,false,2
7971,0.6531264604235852,0.4093385277852862,0.449438202247191,0.4093385277852862,false,3
7972,0.5229330545854323,0.2686195682492069,0.2572178477690289,0.2686195682492069,false,5
7973,0.7152348929526215,0.490570284160384,0.5,0.490570284160384,false,4
7974,0.426404367917694,0.1891134626668644,0.19471153846153846,0.1891134626668644,false,1
7975,0.385548153506041,0.16168865089236203,0.16071428571428573,0.16168865089236203,false,2
7976,0.19950459681667126,0.07138561929240779,0.07564422277639235,0.07138561929240779,false,1
7977,0.2871259961802071,0.10955619239879492,0.11331444759206799,0.10955619239879492,false,5
7979,0.35150408573191866,0.14119648592927977,0.13073170731707318,0.14119648592927977,false,2
7980,0.29214697198109524,0.10789136144858694,0.09781477627471384,0.10789136144858694,false,1
7981,0.3209706092941393,0.12583307048828146,0.12717770034843207,0.12583307048828146,false,5
7982,0.2514101022577235,0.08999643931571653,0.07591240875912408,0.08999643931571653,false,4
7983,0.6529737550366189,0.4091603387861664,0.449438202247191,0.4091603387861664,false,3
7984,0.23192861113542765,0.08246833505810577,0.07591240875912408,0.08246833505810577,false,4
7985,0.20799107039725104,0.07738058985974931,0.08464419475655428,0.07738058985974931,false,2
7986,0.2694130973934091,0.09749800393219787,0.07591240875912408,0.09749800393219787,false,4
7987,0.23706973455632702,0.08439742069639349,0.07591240875912408,0.08439742069639349,false,4
7988,0.2800016485616922,0.1063741787732066,0.10112359550561797,0.1063741787732066,false,5
7989,0.2734820636779588,0.09983469747752964,0.08676789587852494,0.09983469747752964,false,3
7990,0.33473246327444417,0.12963744274024486,0.12310606060606061,0.12963744274024486,false,1
7991,0.24593528901038247,0.09226229127897345,0.0974264705882353,0.09226229127897345,false,5
7992,0.2594459713844673,0.09764592724015303,0.0974264705882353,0.09764592724015303,false,5
7993,0.1512046827141614,0.06038010563952583,0.06451612903225806,0.06038010563952583,false,2
7994,0.24980433040091232,0.09259349267125908,0.08464419475655428,0.09259349267125908,false,2
7995,0.30592328792132983,0.11481400292244322,0.10187667560321716,0.11481400292244322,false,3
7996,0.582314852943311,0.33332406966737327,0.31493506493506496,0.33332406966737327,false,1
7997,0.4311503946416544,0.1928330635688475,0.1884469696969697,0.1928330635688475,false,4
7998,0.1780126786423828,0.06538463837335966,0.07043343653250773,0.06538463837335966,false,3
7999,0.25429518443406596,0.09556119948272872,0.0974264705882353,0.09556119948272872,false,5
8000,0.24680421288206283,0.09141801376749603,0.08464419475655428,0.09141801376749603,false,2
8001,0.2209525856372078,0.07866029147201856,0.07564422277639235,0.07866029147201856,false,1
8002,0.46851947324745546,0.22273704184866167,0.22487223168654175,0.22273704184866167,false,1
8003,0.4924981209686854,0.24369965278605044,0.22487223168654175,0.24369965278605044,false,1
8004,0.2702825509183514,0.09787405407024113,0.07591240875912408,0.09787405407024113,false,4
8005,0.2893015911167813,0.10690910984961803,0.10187667560321716,0.10690910984961803,false,3
8006,0.3525975831691802,0.13976900975941844,0.14937759336099585,0.13976900975941844,false,3
8007,0.5873054527851147,0.3311283393630422,0.3174061433447099,0.3311283393630422,false,5
8008,0.3497224893649372,0.13808745957042454,0.13894736842105262,0.13808745957042454,false,4
8009,0.61241523137255,0.3574084533475967,0.3174061433447099,0.3574084533475967,false,5
8010,0.28865593934176886,0.10625881051775947,0.09781477627471384,0.10625881051775947,false,1
8011,0.24432573060242427,0.0904570590771616,0.08464419475655428,0.0904570590771616,false,2
8012,0.33588464696995923,0.13027464252642007,0.12310606060606061,0.13027464252642007,false,1
8014,0.21903004746192628,0.08232992855896791,0.08004509582863585,0.08232992855896791,false,5
8016,0.23822439417982313,0.0850048718878843,0.07564422277639235,0.0850048718878843,false,1
8017,0.4999462994090851,0.24861213794128068,0.2408026755852843,0.24861213794128068,false,3
8019,0.21325322788619017,0.07657927805349828,0.07043343653250773,0.07657927805349828,false,3
8020,0.25551414025366087,0.09230708666491905,0.08676789587852494,0.09230708666491905,false,3
8021,0.33256803025520887,0.13186967573102557,0.12717770034843207,0.13186967573102557,false,5
8026,0.3410760363333386,0.13321589863364225,0.14937759336099585,0.13321589863364225,false,3
8027,0.3465338665251006,0.13946317197813213,0.14814814814814814,0.13946317197813213,false,5
8028,0.31785754472467004,0.12312179892309717,0.13073170731707318,0.12312179892309717,false,2
8029,0.37909586456587496,0.1585926136186492,0.14814814814814814,0.1585926136186492,false,5
8031,0.3274016226652576,0.1280366167747226,0.13073170731707318,0.1280366167747226,false,2
8032,0.20685176156265633,0.07816208991621118,0.08004509582863585,0.07816208991621118,false,5
8033,0.5602719882600996,0.3068548267890002,0.2638297872340426,0.3068548267890002,false,3
8034,0.23639309633665184,0.0886221701364384,0.08004509582863585,0.0886221701364384,false,5
8035,0.2874226865588312,0.10852110369253891,0.10574712643678161,0.10852110369253891,false,2
8036,0.2692002845632622,0.100525223046945,0.08464419475655428,0.100525223046945,false,2
8037,0.3162312612876348,0.1223006809032881,0.13073170731707318,0.1223006809032881,false,2
8038,0.25749289067689934,0.09566811029494193,0.08464419475655428,0.09566811029494193,false,2
8039,0.3175019512618591,0.12294185430391776,0.13073170731707318,0.12294185430391776,false,2
8040,0.35145833169195434,0.13910919899786917,0.14937759336099585,0.13910919899786917,false,3
8041,0.5711318059380026,0.3219495418543439,0.30769230769230776,0.3219495418543439,false,4
8042,0.25041351241955573,0.08959674879451224,0.07591240875912408,0.08959674879451224,false,4
8043,0.2354073737994094,0.0870741098299746,0.08464419475655428,0.0870741098299746,false,2
8045,0.20303498629101216,0.07316373805218374,0.07043343653250773,0.07316373805218374,false,3
8046,0.5707459859019403,0.3177108775502697,0.3425925925925926,0.3177108775502697,false,3
8047,0.3567200218633603,0.14418903197795455,0.13073170731707318,0.14418903197795455,false,2
8048,0.36437094470136977,0.14867381313780148,0.14182692307692307,0.14867381313780148,false,2
8049,0.3468264259634493,0.13962609221867298,0.14814814814814814,0.13962609221867298,false,5
8050,0.2501745220583938,0.09392215665336313,0.0974264705882353,0.09392215665336313,false,5
8051,0.254606959889382,0.09568624731462896,0.0974264705882353,0.09568624731462896,false,5
8052,0.4552449929778665,0.2119059021535049,0.1884469696969697,0.2119059021535049,false,4
8053,0.28044547319120444,0.10539556721456558,0.08464419475655428,0.10539556721456558,false,2
8054,0.4237586315459451,0.18822324024168297,0.19696969696969696,0.18822324024168297,false,5
8055,0.19708916953489616,0.0749613836635608,0.08004509582863585,0.0749613836635608,false,5
8056,0.1848326323083327,0.06997348790358261,0.0755813953488372,0.06997348790358261,false,2
8057,0.6383524968313378,0.3869776292944575,0.36363636363636365,0.3869776292944575,false,2
8058,0.6485327002460346,0.3983635861320476,0.41509433962264153,0.3983635861320476,false,2
8059,0.6073151163584999,0.357137498589301,0.345679012345679,0.357137498589301,false,3
8060,0.6548361217467815,0.40546997788315486,0.41509433962264153,0.40546997788315486,false,2
8061,0.6279724483437998,0.37414447487994984,0.3416666666666667,0.37414447487994984,false,5
8062,0.7317668542077833,0.510847751295591,0.5,0.510847751295591,false,4
8063,0.4998405544010779,0.24810626595926924,0.2572178477690289,0.24810626595926924,false,5
8064,0.6882663126342599,0.4563719251511504,0.5,0.4563719251511504,false,1
8065,0.5726529752521897,0.3235811379504749,0.30769230769230776,0.3235811379504749,false,4
8066,0.23842196223096176,0.08562362960619069,0.07043343653250773,0.08562362960619069,false,3
8068,0.2590711348860272,0.0931229461369288,0.07591240875912408,0.0931229461369288,false,4
8069,0.34550610314109353,0.13889209442207523,0.14814814814814814,0.13889209442207523,false,5
8070,0.3734649947846346,0.15513875309815722,0.14814814814814814,0.15513875309815722,false,5
8072,0.3809142347644214,0.15732294697705038,0.19471153846153846,0.15732294697705038,false,1
8079,0.27447705740551487,0.09970645007071931,0.07591240875912408,0.09970645007071931,false,4
8080,0.24064836732664993,0.08576430864265734,0.07591240875912408,0.08576430864265734,false,4
8081,0.5938519167801076,0.34675338133193145,0.3566666666666667,0.34675338133193145,false,4
8082,0.6048782964714389,0.358282554884657,0.31493506493506496,0.358282554884657,false,1
8083,0.6368656336606492,0.39499368238601706,0.391304347826087,0.39499368238601706,false,1
8084,0.5853957825117928,0.3374151478288033,0.30769230769230776,0.3374151478288033,false,4
8085,0.5601278490793983,0.3042972537696826,0.2683397683397683,0.3042972537696826,false,2
8086,0.2630736601854359,0.09494765837471912,0.09781477627471384,0.09494765837471912,false,1
8087,0.33933033054627354,0.13212948542294878,0.13059033989266547,0.13212948542294878,false,4
8088,0.22170756917462192,0.07951512114999783,0.07043343653250773,0.07951512114999783,false,3
8089,0.6725787086866386,0.4256773852359669,0.4340659340659341,0.4256773852359669,false,2
8090,0.5872112785481981,0.3394096647156452,0.30769230769230776,0.3394096647156452,false,4
8091,0.29882987407564093,0.11107812388984313,0.09781477627471384,0.11107812388984313,false,1
8092,0.35383362501839577,0.14054868158223222,0.12310606060606061,0.14054868158223222,false,1
8093,0.3325160732365981,0.12841915641133225,0.12310606060606061,0.12841915641133225,false,1
8094,0.4461847215412053,0.20463273188935316,0.21678321678321674,0.20463273188935316,false,5
8095,0.30369009856966644,0.11612576403864819,0.10574712643678161,0.11612576403864819,false,2
8096,0.5595843588560853,0.3090917966121548,0.3023255813953488,0.3090917966121548,false,1
8097,0.42117050018156715,0.1852189241890972,0.19471153846153846,0.1852189241890972,false,1
8098,0.3187151736193059,0.12468692785647988,0.12717770034843207,0.12468692785647988,false,5
8099,0.2760222698403209,0.10038913980029718,0.07591240875912408,0.10038913980029718,false,4
8100,0.2420946044011532,0.08632238125488846,0.07591240875912408,0.08632238125488846,false,4
8102,0.6369609461928207,0.3839561099410142,0.3416666666666667,0.3839561099410142,false,5
8103,0.2595000150808676,0.0976680143783688,0.0974264705882353,0.0976680143783688,false,5
8104,0.4236267457261402,0.186276880045654,0.1753846153846154,0.186276880045654,false,3
8105,0.2338824446826404,0.08392374188833435,0.07043343653250773,0.08392374188833435,false,3
8106,0.21356266987348832,0.07608028400630817,0.07564422277639235,0.07608028400630817,false,1
8107,0.21356266987348832,0.07608028400630817,0.07564422277639235,0.07608028400630817,false,1
8108,0.238750463931169,0.08950920565867625,0.0945945945945946,0.08950920565867625,false,5
8109,0.3397405060093471,0.13247334475644137,0.14816730229695482,0.13247334475644137,false,3
8111,0.3331777170446081,0.12878181745704,0.12310606060606061,0.12878181745704,false,1
8112,0.2702424064185955,0.10214763623952804,0.0974264705882353,0.10214763623952804,false,5
8113,0.3364207679855118,0.13064275834495728,0.14814814814814814,0.13064275834495728,false,3
8114,0.24600771573280117,0.0911081997130442,0.08464419475655428,0.0911081997130442,false,2
8115,0.3000992723818167,0.11157391859986238,0.1111111111111111,0.11157391859986238,false,4
8116,0.36110214010228053,0.1447776489959275,0.14937759336099585,0.1447776489959275,false,3
8117,0.4675091387508774,0.22052893619969957,0.22486288848263253,0.22052893619969957,false,3
8118,0.3000992723818167,0.11157391859986238,0.1111111111111111,0.11157391859986238,false,4
8119,0.3782471826921943,0.15560522659114512,0.16,0.15560522659114512,false,4
8120,0.2117488663571897,0.07545901387662916,0.07564422277639235,0.07545901387662916,false,1
8121,0.22792979438009625,0.0809957102258737,0.07591240875912408,0.0809957102258737,false,4
8122,0.5643349159424184,0.31471254427861783,0.28969957081545067,0.31471254427861783,false,4
8123,0.31774624883218855,0.12306545439009556,0.13073170731707318,0.12306545439009556,false,2
8124,0.30349753816450653,0.11362946053772881,0.10187667560321716,0.11362946053772881,false,3
8125,0.24019655300889958,0.08559063430867973,0.07591240875912408,0.08559063430867973,false,4
8126,0.3805096703381983,0.15676583366036925,0.17279411764705882,0.15676583366036925,false,3
8127,0.317233190099282,0.12047954406544878,0.11428571428571428,0.12047954406544878,false,3
8128,0.3247497574537821,0.12665445900349223,0.13073170731707318,0.12665445900349223,false,2
8129,0.23128517940629625,0.08672733201642144,0.08004509582863585,0.08672733201642144,false,5
8130,0.35417003880164827,0.14068401916678402,0.14937759336099585,0.14068401916678402,false,3
8131,0.40373091004329986,0.1735838488422564,0.16071428571428573,0.1735838488422564,false,2
8132,0.31149033073330856,0.11723598701476719,0.11460378905659464,0.11723598701476719,false,4
8133,0.234210834214547,0.08780810513457726,0.08004509582863585,0.08780810513457726,false,5
8134,0.17696992257956373,0.06761135973400331,0.0755813953488372,0.06761135973400331,false,2
8135,0.2702275748908098,0.0978502379660306,0.07591240875912408,0.0978502379660306,false,4
8137,0.27499538842428434,0.10049302120624877,0.08676789587852494,0.10049302120624877,false,3
8138,0.25116823218203593,0.09006028738119208,0.07564422277639235,0.09006028738119208,false,1
8139,0.2531437517596202,0.0913529685661369,0.08676789587852494,0.0913529685661369,false,3
8145,0.45950950384932676,0.21396362180463432,0.22486288848263253,0.21396362180463432,false,3
8146,0.18005993071854598,0.0651442258597769,0.07317073170731705,0.0651442258597769,false,4
8147,0.1880450223883003,0.06840664768497656,0.07043343653250773,0.06840664768497656,false,3
8148,0.41428291417202845,0.1802768157117892,0.1884469696969697,0.1802768157117892,false,4
8149,0.3882297456361777,0.1617546176103735,0.1753846153846154,0.1617546176103735,false,3
8150,0.3298592321734538,0.13043809322067773,0.12717770034843207,0.13043809322067773,false,5
8151,0.7500612760077412,0.5332426972532259,0.5164835164835165,0.5332426972532259,false,4
8152,0.31325447333709255,0.1219490087599662,0.12717770034843207,0.1219490087599662,false,5
8153,0.3278332044426755,0.1260069192312736,0.12396694214876033,0.1260069192312736,false,3
8154,0.16715202135994564,0.06588386001173775,0.07586206896551724,0.06588386001173775,false,5
8155,0.22579171215696917,0.08355524866465076,0.08464419475655428,0.08355524866465076,false,2
8156,0.19971844179074869,0.07465560033875981,0.08464419475655428,0.07465560033875981,false,2
8157,0.4426276043045608,0.20158303476630238,0.19471153846153846,0.20158303476630238,false,1
8158,0.24693445622740473,0.08821396396376682,0.07591240875912408,0.08821396396376682,false,4
8159,0.22159416926242861,0.08206004947991136,0.08464419475655428,0.08206004947991136,false,2
8161,0.2264367790150063,0.08378721011058379,0.08464419475655428,0.08378721011058379,false,2
8163,0.19558104211342203,0.07332608374736757,0.08464419475655428,0.07332608374736757,false,2
8164,0.7830593484272238,0.5732409130551138,0.5979381443298969,0.5732409130551138,false,4
8165,0.24448153396719652,0.08741573405466645,0.07564422277639235,0.08741573405466645,false,1
8167,0.3467629910956612,0.13642281583822172,0.12310606060606061,0.13642281583822172,false,1
8168,0.17911942329336064,0.06938313015138664,0.08,0.06938313015138664,false,5
8169,0.19396122362972282,0.07024893582552236,0.07043343653250773,0.07024893582552236,false,3
8170,0.2570225607995682,0.09547743513853679,0.08464419475655428,0.09547743513853679,false,2
8171,0.22502170947278916,0.08327912540888228,0.08464419475655428,0.08327912540888228,false,2
8172,0.26352739973884853,0.098144905404681,0.08464419475655428,0.098144905404681,false,2
8173,0.39725586948932284,0.16774895171053503,0.1753846153846154,0.16774895171053503,false,3
8174,0.39725586948932284,0.16774895171053503,0.1753846153846154,0.16774895171053503,false,3
8175,0.35867111970977317,0.14343121669847264,0.12310606060606061,0.14343121669847264,false,1
8176,0.4518486893158796,0.208941376939095,0.21678321678321674,0.208941376939095,false,5
8177,0.3078741333249519,0.11577442317093006,0.10569105691056911,0.11577442317093006,false,3
8178,0.26472493881337056,0.09610002943877637,0.08676789587852494,0.09610002943877637,false,3
8179,0.3335141778990316,0.12889105016144,0.13059033989266547,0.12889105016144,false,4
8180,0.4053528690920918,0.17467782912870533,0.16071428571428573,0.17467782912870533,false,2
8181,0.3320278618590535,0.1280743919355967,0.13059033989266547,0.1280743919355967,false,4
8182,0.41730540353746415,0.18169642455264085,0.1753846153846154,0.18169642455264085,false,3
8183,0.35311463662302167,0.14211492976331835,0.13073170731707318,0.14211492976331835,false,2
8184,0.3248244082079323,0.1266931920287938,0.13073170731707318,0.1266931920287938,false,2
8185,0.276454737491862,0.10058095060016996,0.07591240875912408,0.10058095060016996,false,4
8187,0.5325202249559511,0.2791243638234481,0.2638297872340426,0.2791243638234481,false,3
8188,0.3520433582731993,0.14150346158802674,0.13073170731707318,0.14150346158802674,false,2
8189,0.39984779313081875,0.16950272669072897,0.1753846153846154,0.16950272669072897,false,3
8190,0.4999058643333527,0.24816277605642542,0.2572178477690289,0.24816277605642542,false,5
8191,0.23452957870750266,0.08343921942320899,0.07591240875912408,0.08343921942320899,false,4
8193,0.29715398692822625,0.11301613953915204,0.10574712643678161,0.11301613953915204,false,2
8194,0.5732189161350086,0.3241892620928524,0.30769230769230776,0.3241892620928524,false,4
8195,0.7230797349501746,0.48434169297595164,0.4634146341463415,0.48434169297595164,false,2
8196,0.4989156296573436,0.24953148196648234,0.22487223168654175,0.24953148196648234,false,1
8197,0.293289448969109,0.10876080379039915,0.10187667560321716,0.10876080379039915,false,3
8198,0.564973766877289,0.3086031452421207,0.2698412698412698,0.3086031452421207,false,5
8199,0.6260784138892457,0.38338436985370217,0.3566666666666667,0.38338436985370217,false,4
8200,0.4876267432417008,0.23965347715940466,0.23670212765957446,0.23965347715940466,false,4
8201,0.6932408117857737,0.4636525505860898,0.44015444015444016,0.4636525505860898,false,4
8202,0.4681296422058043,0.22240711006868008,0.22487223168654175,0.22240711006868008,false,1
8203,0.5599703496789598,0.31011208542600305,0.28969957081545067,0.31011208542600305,false,4
8204,0.13616548271306328,0.0531926450285664,0.07317073170731705,0.0531926450285664,false,4
8205,0.4425570923314733,0.201908010133408,0.20187793427230047,0.201908010133408,false,5
8206,0.44572113931107554,0.20428301773800592,0.21678321678321674,0.20428301773800592,false,5
8207,0.2585049483684658,0.09288858616219,0.07591240875912408,0.09288858616219,false,4
8208,0.2184732365320986,0.0783800183130383,0.07043343653250773,0.0783800183130383,false,3
8210,0.3163670396994642,0.12236905532680385,0.13073170731707318,0.12236905532680385,false,2
8211,0.24384482166964852,0.09027165844737962,0.08464419475655428,0.09027165844737962,false,2
8212,0.2846314752927169,0.10726108891663581,0.10574712643678161,0.10726108891663581,false,2
8213,0.24021108496200255,0.09006282082251536,0.0945945945945946,0.09006282082251536,false,5
8214,0.21970992822759544,0.07881227928619053,0.07043343653250773,0.07881227928619053,false,3
8215,0.24813447259646776,0.08868873066580275,0.07591240875912408,0.08868873066580275,false,4
8216,0.21118456109984787,0.07526667835805993,0.07564422277639235,0.07526667835805993,false,1
8217,0.16884113712718934,0.06636762681817869,0.07586206896551724,0.06636762681817869,false,5
8218,0.22500167713169927,0.08444673736654829,0.08004509582863585,0.08444673736654829,false,5
8219,0.24496929851433655,0.08744143819431721,0.07591240875912408,0.08744143819431721,false,4
8220,0.24509272082647449,0.08748977633622687,0.07591240875912408,0.08748977633622687,false,4
8221,0.35078812501603485,0.13871098988305608,0.13894736842105262,0.13871098988305608,false,4
8222,0.4685700116047279,0.22303089821951072,0.23670212765957446,0.22303089821951072,false,4
8223,0.36636987906439217,0.14986434905223606,0.14182692307692307,0.14986434905223606,false,2
8224,0.16746634889619508,0.06234200607676947,0.07043343653250773,0.06234200607676947,false,3
8225,0.5515231351534774,0.30073551443631164,0.3023255813953488,0.30073551443631164,false,1
8226,0.5487323203440037,0.2984395748644565,0.28969957081545067,0.2984395748644565,false,4
8227,0.5054546726412836,0.2528742557969665,0.2683397683397683,0.2528742557969665,false,2
8228,0.5869746299335873,0.3307886033869853,0.3174061433447099,0.3307886033869853,false,5
8229,0.6000542611038573,0.35367902392200296,0.3566666666666667,0.35367902392200296,false,4
8230,0.5311496803169383,0.280695099086968,0.28969957081545067,0.280695099086968,false,4
8231,0.6330793168725163,0.39057667775708804,0.391304347826087,0.39057667775708804,false,1
8232,0.506207203068001,0.25626972304311024,0.24489795918367344,0.25626972304311024,false,1
8233,0.24949950061400558,0.08990339940582019,0.07043343653250773,0.08990339940582019,false,3
8234,0.3958205902674144,0.16921935730081283,0.18181818181818182,0.16921935730081283,false,5
8236,0.3451822439999652,0.13871254865274682,0.14814814814814814,0.13871254865274682,false,5
8237,0.4646895088550184,0.218198502872221,0.22486288848263253,0.218198502872221,false,3
8238,0.18884040629919224,0.0723513351709545,0.08004509582863585,0.0723513351709545,false,5
8239,0.37013686789825884,0.15046002552983131,0.16346153846153846,0.15046002552983131,false,1
8240,0.3903916846995697,0.16570906446235315,0.1651376146788991,0.16570906446235315,false,5
8241,0.39646785158031905,0.16767338379969488,0.19471153846153846,0.16767338379969488,false,1
8242,0.4487731382595893,0.20665095731305172,0.1884469696969697,0.20665095731305172,false,4
8244,0.21620832761917388,0.08017726891012295,0.08464419475655428,0.08017726891012295,false,2
8245,0.2216883258594834,0.07874507621373522,0.07591240875912408,0.07874507621373522,false,4
8246,0.4680453131496581,0.22258505879533338,0.23670212765957446,0.22258505879533338,false,4
8247,0.2876457462548565,0.10565876508344033,0.1111111111111111,0.10565876508344033,false,4
8248,0.2575944483150487,0.09689191370654507,0.0974264705882353,0.09689191370654507,false,5
8249,0.24807702116143876,0.0886659484778507,0.07591240875912408,0.0886659484778507,false,4
8250,0.4106888325642277,0.17768531324108783,0.1884469696969697,0.17768531324108783,false,4
8251,0.31049662918789095,0.11673230017849409,0.1111111111111111,0.11673230017849409,false,4
8252,0.14555093389318569,0.056437698176325324,0.06818181818181818,0.056437698176325324,false,3
8253,0.13673152492201823,0.05352306716753576,0.06857142857142857,0.05352306716753576,false,1
8254,0.2542792488363491,0.09437203706225965,0.08464419475655428,0.09437203706225965,false,2
8255,0.35925259384406744,0.14367585041798417,0.14937759336099585,0.14367585041798417,false,3
8256,0.4584940616191159,0.21314050240139637,0.22486288848263253,0.21314050240139637,false,3
8257,0.6553454627145997,0.41678624807832937,0.391304347826087,0.41678624807832937,false,1
8259,0.12072223261349878,0.05380699661775161,0.017241379310344827,0.05380699661775161,false,5
8260,0.23154664247280948,0.08232662329996633,0.07591240875912408,0.08232662329996633,false,4
8261,0.30843177649310294,0.11569167276311677,0.1111111111111111,0.11569167276311677,false,4
8262,0.32694375221760824,0.1277970580580624,0.13073170731707318,0.1277970580580624,false,2
8263,0.2404278438983544,0.08567950108467166,0.07591240875912408,0.08567950108467166,false,4
8264,0.34051636674702457,0.13614736971770258,0.14814814814814814,0.13614736971770258,false,5
8265,0.3361926316539476,0.13380607661815552,0.14814814814814814,0.13380607661815552,false,5
8266,0.3361926316539476,0.13380607661815552,0.14814814814814814,0.13380607661815552,false,5
8267,0.40869805052563607,0.17618862668708282,0.19471153846153846,0.17618862668708282,false,1
8268,0.3654242319285573,0.15031346704666568,0.14814814814814814,0.15031346704666568,false,5
8269,0.34051636674702457,0.13614736971770258,0.14814814814814814,0.13614736971770258,false,5
8270,0.40869805052563607,0.17618862668708282,0.19471153846153846,0.17618862668708282,false,1
8271,0.3519919736901727,0.13941823181429178,0.13894736842105262,0.13941823181429178,false,4
8272,0.39404314981970606,0.16602476659616555,0.19471153846153846,0.16602476659616555,false,1
8273,0.6829469592599966,0.4354835843934612,0.45180722891566266,0.4354835843934612,false,5
8274,0.42267932529735,0.18633524823012051,0.19471153846153846,0.18633524823012051,false,1
8275,0.7474414119971614,0.5098999954835357,0.49159663865546216,0.5098999954835357,false,5
8276,0.4034420944003563,0.17248821276993462,0.19471153846153846,0.17248821276993462,false,1
8277,0.5580498688302209,0.3080995789857452,0.28969957081545067,0.3080995789857452,false,4
8278,0.4034420944003563,0.17248821276993462,0.19471153846153846,0.17248821276993462,false,1
8279,0.31959477750106585,0.12150979085129769,0.102803738317757,0.12150979085129769,false,1
8280,0.44295256611572925,0.20083086966003585,0.22486288848263253,0.20083086966003585,false,3
8281,0.23142375432565923,0.08245313556465907,0.07564422277639235,0.08245313556465907,false,1
8282,0.3892010180491281,0.1627713641307605,0.19471153846153846,0.1627713641307605,false,1
8283,0.38360655368979996,0.1590919644332945,0.1884469696969697,0.1590919644332945,false,4
8284,0.33392996546777665,0.13149409543415966,0.13073170731707318,0.13149409543415966,false,2
8285,0.42171247267396444,0.18561931381281668,0.19471153846153846,0.18561931381281668,false,1
8286,0.3990467814775574,0.1713332974108241,0.18571428571428572,0.1713332974108241,false,5
8287,0.6268254067508114,0.37903570952301485,0.345679012345679,0.37903570952301485,false,3
8288,0.6618722610825004,0.4195821992694968,0.449438202247191,0.4195821992694968,false,3
8289,0.8692323376867247,0.6466752958756751,0.675,0.6466752958756751,false,5
8290,0.4410846870121164,0.20016810400926258,0.19701986754966888,0.20016810400926258,false,2
8291,0.41441191050849974,0.1803703739609456,0.1884469696969697,0.1803703739609456,false,4
8292,0.45372533532249937,0.2103836045424523,0.21678321678321674,0.2103836045424523,false,5
8293,0.4788643552628066,0.2300940110065397,0.2408026755852843,0.2300940110065397,false,3
8294,0.5600042749105818,0.3095305873586696,0.31493506493506496,0.3095305873586696,false,1
8295,0.2532131881169361,0.09088334012919592,0.07564422277639235,0.09088334012919592,false,1
8296,0.3433895586584773,0.13664427124041165,0.13073170731707318,0.13664427124041165,false,2
8297,0.635245679703092,0.38352667333875917,0.34049079754601225,0.38352667333875917,false,2
8298,0.2626218703367857,0.0977696303370256,0.08464419475655428,0.0977696303370256,false,2
8299,0.552386703807284,0.29666612899083467,0.2683397683397683,0.29666612899083467,false,2
8300,0.4418622711338623,0.20114663494491003,0.1884469696969697,0.20114663494491003,false,4
8301,0.8142254535305607,0.6085297645064666,0.5373134328358209,0.6085297645064666,false,1
8302,0.5406001118522537,0.2896211473652707,0.3,0.2896211473652707,false,1
8303,0.5351435141854731,0.2798900678206967,0.2572178477690289,0.2798900678206967,false,5
8304,0.6292727944229182,0.3870965665211058,0.3566666666666667,0.3870965665211058,false,4
8305,0.4341378790420588,0.19408942608764654,0.22486288848263253,0.19408942608764654,false,3
8306,0.4055511595397845,0.1748119444320346,0.16630249634161653,0.1748119444320346,false,2
8307,0.27953500296384365,0.10195656650682923,0.10101010101010101,0.10195656650682923,false,4
8308,0.4170356989006158,0.18271853195845567,0.19701986754966888,0.18271853195845567,false,2
8309,0.4642169639802923,0.2185808386754393,0.21678321678321674,0.2185808386754393,false,5
8310,0.21256158301035669,0.07555691231850387,0.07591240875912408,0.07555691231850387,false,4
8311,0.30483844945271504,0.11667972009306873,0.10574712643678161,0.11667972009306873,false,2
8312,0.22522913705160152,0.08335342727198901,0.08464419475655428,0.08335342727198901,false,2
8313,0.31584981470076073,0.12210877039591973,0.13073170731707318,0.12210877039591973,false,2
8314,0.3090181169049303,0.11609480514415546,0.102803738317757,0.11609480514415546,false,1
8315,0.37524623461337625,0.15343686547119437,0.17279411764705882,0.15343686547119437,false,3
8316,0.23427679331942347,0.08783261098723451,0.08004509582863585,0.08783261098723451,false,5
8318,0.3593582426692552,0.14384462359872105,0.15702479338842976,0.14384462359872105,false,1
8319,0.4185713649283988,0.18379655139665532,0.19701986754966888,0.18379655139665532,false,2
8320,0.6272510208668381,0.37336132957814105,0.3416666666666667,0.37336132957814105,false,5
8321,0.48948486358042986,0.23898696872956715,0.2612612612612612,0.23898696872956715,false,2
8322,0.6445138676608554,0.4049826474840312,0.44015444015444016,0.4049826474840312,false,4
8323,0.7179246572607073,0.49252760439807824,0.5255813953488372,0.49252760439807824,false,1
8324,0.20500579976771546,0.07381139097101924,0.07043343653250773,0.07381139097101924,false,3
8325,0.30549481616920104,0.11422542464313656,0.1111111111111111,0.11422542464313656,false,4
8326,0.24389329951995467,0.08771388537467262,0.07043343653250773,0.08771388537467262,false,3
8327,0.2099610096322679,0.07546315386617013,0.07043343653250773,0.07546315386617013,false,3
8328,0.1932461819567889,0.07258545363020304,0.08464419475655428,0.07258545363020304,false,2
8329,0.2672364892201754,0.09969547530560605,0.08464419475655428,0.09969547530560605,false,2
8330,0.34436405001418696,0.13498770348321237,0.13894736842105262,0.13498770348321237,false,4
8331,0.26391514050182735,0.09576105304650644,0.08676789587852494,0.09576105304650644,false,3
8332,0.2752694984712306,0.10430586270629419,0.10112359550561797,0.10430586270629419,false,5
8333,0.24821630550175489,0.08939793851007082,0.07043343653250773,0.08939793851007082,false,3
8334,0.3614105358624557,0.14505624160224764,0.13894736842105262,0.14505624160224764,false,4
8335,0.5537728800811064,0.303643826093867,0.28969957081545067,0.303643826093867,false,4
8336,0.3791397503761585,0.1558937803446487,0.17279411764705882,0.1558937803446487,false,3
8337,0.34406686296378713,0.1348175170590667,0.13059033989266547,0.1348175170590667,false,4
8338,0.34406686296378713,0.1348175170590667,0.13059033989266547,0.1348175170590667,false,4
8340,0.4038155563072357,0.17281084980122688,0.1884469696969697,0.17281084980122688,false,4
8341,0.45879336302922086,0.2137969693380129,0.2349570200573066,0.2137969693380129,false,2
8342,0.3692673326759028,0.14991719620025243,0.16346153846153846,0.14991719620025243,false,1
8343,0.3997455720731616,0.17179392576602867,0.18571428571428572,0.17179392576602867,false,5
8344,0.4476975310576096,0.20517983930141512,0.2349570200573066,0.20517983930141512,false,2
8345,0.3155270313663125,0.11940190742548348,0.102803738317757,0.11940190742548348,false,1
8346,0.4027722676617773,0.17380039626162805,0.19455252918287938,0.17380039626162805,false,5
8347,0.5363897068710048,0.28125353337512143,0.2683397683397683,0.28125353337512143,false,2
8348,0.5272596152761075,0.27685725718912974,0.28969957081545067,0.27685725718912974,false,4
8349,0.3732377259536284,0.15240899021800236,0.18888888888888888,0.15240899021800236,false,1
8350,0.2980363032061423,0.11057442855987665,0.1111111111111111,0.11057442855987665,false,4
8351,0.4932450371060545,0.24261943194509603,0.2408026755852843,0.24261943194509603,false,3
8352,0.273695639267709,0.09992737380962728,0.08676789587852494,0.09992737380962728,false,3
8353,0.5484300184853429,0.2981290887875102,0.28969957081545067,0.2981290887875102,false,4
8354,0.5040007272885348,0.25158808889826856,0.2683397683397683,0.25158808889826856,false,2
8355,0.5905142704296064,0.33443270779826617,0.3174061433447099,0.33443270779826617,false,5
8356,0.32014001879342646,0.12179475633384154,0.102803738317757,0.12179475633384154,false,1
8357,0.2563776144903999,0.09521652187953301,0.08464419475655428,0.09521652187953301,false,2
8358,0.45565642245927246,0.21224325065381083,0.1884469696969697,0.21224325065381083,false,4
8359,0.21944308709265442,0.08247477339089265,0.08004509582863585,0.08247477339089265,false,5
8360,0.3911566651297182,0.1636792414432809,0.1753846153846154,0.1636792414432809,false,3
8361,0.5656479895469821,0.31610378703564823,0.28969957081545067,0.31610378703564823,false,4
8362,0.49164935206069676,0.24326870938669176,0.2692307692307692,0.24326870938669176,false,4
8363,0.2748052818497058,0.09999455411616197,0.09781477627471384,0.09999455411616197,false,1
8364,0.3587461763590927,0.14640043446225404,0.14814814814814814,0.14640043446225404,false,5
8365,0.3957961197525704,0.16830992262136696,0.16071428571428573,0.16830992262136696,false,2
8366,0.47011733413530427,0.22285987356406287,0.2349570200573066,0.22285987356406287,false,2
8367,0.6732256161511501,0.43298282842877256,0.4747191011235955,0.43298282842877256,false,3
8368,0.6148184841394001,0.36549447458130724,0.345679012345679,0.36549447458130724,false,3
8369,0.5642187067842891,0.3083742508532594,0.277740619447054,0.3083742508532594,false,2
8370,0.26417050997036073,0.0995937001966185,0.0974264705882353,0.0995937001966185,false,5
8371,0.39256743133131344,0.16620082305636322,0.16071428571428573,0.16620082305636322,false,2
8372,0.5379038256123734,0.28743503880584786,0.28969957081545067,0.28743503880584786,false,4
8373,0.3590207775949769,0.14353824770701443,0.14937759336099585,0.14353824770701443,false,3
8374,0.28568637314357015,0.10488728950263466,0.09781477627471384,0.10488728950263466,false,1
8375,0.4954868973448112,0.2467519456306463,0.2692307692307692,0.2467519456306463,false,4
8376,0.44045825471414285,0.20004187789802996,0.1884469696969697,0.20004187789802996,false,4
8377,0.36807278969913576,0.15188908015811134,0.14814814814814814,0.15188908015811134,false,5
8378,0.39824648154426556,0.17080696034482323,0.18571428571428572,0.17080696034482323,false,5
8383,0.30316743086894676,0.11346908861924232,0.10187667560321716,0.11346908861924232,false,3
8384,0.2428063450181752,0.08987247082622819,0.08464419475655428,0.08987247082622819,false,2
8385,0.3682689441896511,0.14927985839234417,0.13894736842105262,0.14927985839234417,false,4
8386,0.2880814429991113,0.1059922471614559,0.09781477627471384,0.1059922471614559,false,1
8390,0.3136617218117901,0.11844592820599828,0.102803738317757,0.11844592820599828,false,1
8391,0.48343117089364485,0.23561896227743723,0.22487223168654175,0.23561896227743723,false,1
8392,0.39004976492889837,0.16548994687498514,0.1651376146788991,0.16548994687498514,false,5
8393,0.3835177289975823,0.16040201579487848,0.16071428571428573,0.16040201579487848,false,2
8394,0.6018180905458512,0.347196501718474,0.34049079754601225,0.347196501718474,false,2
8396,0.3365576951832771,0.13290798321868538,0.13073170731707318,0.13290798321868538,false,2
8397,0.43013855088568015,0.1919302627938635,0.19471153846153846,0.1919302627938635,false,1
8399,0.4063049409629958,0.1761656418973903,0.19455252918287938,0.1761656418973903,false,5
8400,0.24390261423655335,0.08702467834977966,0.07591240875912408,0.08702467834977966,false,4
8401,0.4375631175072837,0.19762558403170924,0.19471153846153846,0.19762558403170924,false,1
8403,0.20441049639677164,0.07735017368253437,0.08004509582863585,0.07735017368253437,false,5
8405,0.3209323427095485,0.12581354960263808,0.12717770034843207,0.12581354960263808,false,5
8406,0.24391509180777352,0.09029872771208523,0.08464419475655428,0.09029872771208523,false,2
8407,0.4407184685549103,0.20024628435163377,0.1884469696969697,0.20024628435163377,false,4
8408,0.22839502116792468,0.0811657965586219,0.07591240875912408,0.0811657965586219,false,4
8409,0.36059071802411025,0.1444722880566946,0.14937759336099585,0.1444722880566946,false,3
8410,0.3517726382406331,0.14240473083038901,0.14814814814814814,0.14240473083038901,false,5
8411,0.4165467723809485,0.18316579666340313,0.19455252918287938,0.18316579666340313,false,5
8412,0.5758794244561818,0.323105820111119,0.3425925925925926,0.323105820111119,false,3
8413,0.28183529537185015,0.10313192693130649,0.09781477627471384,0.10313192693130649,false,1
8414,0.5239532865301482,0.26955019239282657,0.2572178477690289,0.26955019239282657,false,5
8415,0.28597369230219305,0.10538515521058829,0.10187667560321716,0.10538515521058829,false,3
8416,0.48414912226418616,0.23655782875827416,0.23670212765957446,0.23655782875827416,false,4
8417,0.2846256853901508,0.10426658393102994,0.1111111111111111,0.10426658393102994,false,4
8418,0.2980363032061423,0.11057442855987665,0.1111111111111111,0.11057442855987665,false,4
8419,0.3869636416089447,0.16130814471745136,0.1884469696969697,0.16130814471745136,false,4
8420,0.471342109899387,0.2251363779645609,0.22487223168654175,0.2251363779645609,false,1
8421,0.27267144008845656,0.10200687423024235,0.08464419475655428,0.10200687423024235,false,2
8422,0.34640842609851574,0.13621862927903874,0.12310606060606061,0.13621862927903874,false,1
8423,0.4362962004365856,0.1965966673757206,0.19701986754966888,0.1965966673757206,false,2
8424,0.27267144008845656,0.10200687423024235,0.08464419475655428,0.10200687423024235,false,2
8425,0.35660427694296326,0.1421936632050056,0.12310606060606061,0.1421936632050056,false,1
8426,0.40507265807761006,0.17362957088961087,0.19471153846153846,0.17362957088961087,false,1
8427,0.30479776383394713,0.11426305617359003,0.10187667560321716,0.11426305617359003,false,3
8428,0.4086957856622213,0.1769496945110464,0.19701986754966888,0.1769496945110464,false,2
8429,0.42699108900578986,0.1887507603780395,0.19718309859154928,0.1887507603780395,false,3
8430,0.4261328496926334,0.18811729114334325,0.19718309859154928,0.18811729114334325,false,3
8431,0.3164741644113771,0.11988986561401574,0.102803738317757,0.11988986561401574,false,1
8432,0.34880318086591233,0.14073108721785443,0.14814814814814814,0.14073108721785443,false,5
8433,0.2747858667943993,0.1004016460469091,0.08676789587852494,0.1004016460469091,false,3
8434,0.33560402121314864,0.13011920133214536,0.12310606060606061,0.13011920133214536,false,1
8435,0.27964252603792833,0.10200488519655096,0.10101010101010101,0.10200488519655096,false,4
8436,0.3624222765038969,0.1457001746603295,0.15702479338842976,0.1457001746603295,false,1
8437,0.4331495927727324,0.19496863810163192,0.20187793427230047,0.19496863810163192,false,5
8438,0.4437308778426132,0.20143446362123732,0.22486288848263253,0.20143446362123732,false,3
8439,0.34581077951036127,0.13906118326510622,0.14814814814814814,0.13906118326510622,false,5
8440,0.34581077951036127,0.13906118326510622,0.14814814814814814,0.13906118326510622,false,5
8441,0.2808670800951032,0.10269471266662672,0.09781477627471384,0.10269471266662672,false,1
8442,0.3973849729815461,0.17024180366754493,0.18571428571428572,0.17024180366754493,false,5
8443,0.3245140346404564,0.12653221915553123,0.13073170731707318,0.12653221915553123,false,2
8444,0.21500671171057756,0.07717990310291464,0.07043343653250773,0.07717990310291464,false,3
8445,0.4644752066713413,0.2183104180360809,0.2349570200573066,0.2183104180360809,false,2
8446,0.3908987634079668,0.16603445132907924,0.1651376146788991,0.16603445132907924,false,5
8447,0.3295789345988549,0.12681974826335618,0.12310606060606061,0.12681974826335618,false,1
8448,0.6268582175078019,0.38428934616387467,0.3566666666666667,0.38428934616387467,false,4
8449,0.40841938748370743,0.17599087950339887,0.19471153846153846,0.17599087950339887,false,1
8450,0.41463704398653783,0.181844350320296,0.19455252918287938,0.181844350320296,false,5
8451,0.35542656634278785,0.1414526188951099,0.13894736842105262,0.1414526188951099,false,4
8452,0.3350661871874149,0.1321038831044933,0.13073170731707318,0.1321038831044933,false,2
8453,0.5355827793590703,0.28510800401061703,0.28969957081545067,0.28510800401061703,false,4
8454,0.31106937176125915,0.11702238188851943,0.1111111111111111,0.11702238188851943,false,4
8455,0.6168048687801707,0.36329402412783246,0.34049079754601225,0.36329402412783246,false,2
8456,0.35419094282462504,0.14071789065750168,0.13894736842105262,0.14071789065750168,false,4
8457,0.37807541660713156,0.1569941945938382,0.14182692307692307,0.1569941945938382,false,2
8458,0.30823219051768685,0.1155915155799408,0.1111111111111111,0.1155915155799408,false,4
8459,0.3691769526871622,0.15154944457169453,0.14182692307692307,0.15154944457169453,false,2
8460,0.34726256285313106,0.13665708114095032,0.13894736842105262,0.13665708114095032,false,4
8461,0.4250385243591906,0.18820803924112545,0.1884469696969697,0.18820803924112545,false,4
8462,0.2752423269769107,0.10429408990518872,0.10112359550561797,0.10429408990518872,false,5
8463,0.37987957871456407,0.15666059077652186,0.1884469696969697,0.15666059077652186,false,4
8464,0.3807971310639698,0.1596483374738713,0.14814814814814814,0.1596483374738713,false,5
8465,0.3352848291516656,0.12994258966541197,0.12310606060606061,0.12994258966541197,false,1
8466,0.4461234057357548,0.20329839842958644,0.22486288848263253,0.20329839842958644,false,3
8467,0.4648994894249012,0.21912199304416752,0.21678321678321674,0.21912199304416752,false,5
8468,0.3909397299543722,0.16396513491059558,0.1884469696969697,0.16396513491059558,false,4
8469,0.38517117871151885,0.16012176419090185,0.1884469696969697,0.16012176419090185,false,4
8471,0.35312447801780633,0.14008631616554995,0.13894736842105262,0.14008631616554995,false,4
8472,0.3924927986065416,0.1670606591684346,0.1651376146788991,0.1670606591684346,false,5
8474,0.31101714651266704,0.11969977488165602,0.13073170731707318,0.11969977488165602,false,2
8475,0.37330631718090324,0.1524462222706725,0.13894736842105262,0.1524462222706725,false,4
8476,0.39864400462305666,0.17106824059746223,0.18571428571428572,0.17106824059746223,false,5
8479,0.25559147759368805,0.09184906291006967,0.07692307692307693,0.09184906291006967,false,1
8482,0.2833996469159168,0.10788157703024659,0.11331444759206799,0.10788157703024659,false,5
8484,0.4355510526101958,0.1951585399610323,0.22486288848263253,0.1951585399610323,false,3
8486,0.5438729601787583,0.29028197283524354,0.2638297872340426,0.29028197283524354,false,3
8487,0.36071666788442386,0.14466483590284465,0.15702479338842976,0.14466483590284465,false,1
8488,0.24284943384123409,0.08988900237034209,0.08464419475655428,0.08988900237034209,false,2
8489,0.34755363844509163,0.14003175241443908,0.14814814814814814,0.14003175241443908,false,5
8491,0.44863150481749764,0.20589513008468724,0.2349570200573066,0.20589513008468724,false,2
8492,0.46329863166964746,0.2170554958024446,0.22486288848263253,0.2170554958024446,false,3
8494,0.26710737856894345,0.09964113706926343,0.08464419475655428,0.09964113706926343,false,2
8495,0.2802261614621727,0.10529862279111521,0.08464419475655428,0.10529862279111521,false,2
8497,0.23911435630532082,0.08517594087579526,0.07591240875912408,0.08517594087579526,false,4
8498,0.5257991755604885,0.2749563818629997,0.24489795918367344,0.2749563818629997,false,1
8500,0.2494560692117474,0.09245634694087708,0.08464419475655428,0.09245634694087708,false,2
8501,0.1790064384446614,0.06567835586166149,0.07043343653250773,0.06567835586166149,false,3
8502,0.3688255071427981,0.15233933494215104,0.14814814814814814,0.15233933494215104,false,5
8503,0.2802902900847331,0.10282683179027043,0.08676789587852494,0.10282683179027043,false,3
8504,0.2802902900847331,0.10282683179027043,0.08676789587852494,0.10282683179027043,false,3
8505,0.30698136032375245,0.11496553319117488,0.1111111111111111,0.11496553319117488,false,4
8506,0.42133296365531286,0.18544568424454277,0.1884469696969697,0.18544568424454277,false,4
8507,0.4290155669237174,0.19107981535950821,0.19471153846153846,0.19107981535950821,false,1
8508,0.3661821818392109,0.14784003075507185,0.17279411764705882,0.14784003075507185,false,3
8509,0.42727873620326823,0.1889634396178999,0.19718309859154928,0.1889634396178999,false,3
8510,0.4066954970446803,0.17420625934439868,0.1753846153846154,0.17420625934439868,false,3
8511,0.275471718835258,0.1032162391162049,0.08464419475655428,0.1032162391162049,false,2
8512,0.41784397107513443,0.1827760201613107,0.19471153846153846,0.1827760201613107,false,1
8513,0.31083705125662975,0.119610799313695,0.13073170731707318,0.119610799313695,false,2
8514,0.21613714209216717,0.08132191908614857,0.08004509582863585,0.08132191908614857,false,5
8515,0.23964359943729016,0.08554634381100004,0.07564422277639235,0.08554634381100004,false,1
8517,0.39635740655527324,0.169569656516738,0.18335700121610696,0.169569656516738,false,5
8519,0.2899009687426096,0.10718563780951419,0.10187667560321716,0.10718563780951419,false,3
8520,0.29341169415013907,0.10881800865843584,0.10187667560321716,0.10881800865843584,false,3
8521,0.5246229929706749,0.27016218279456317,0.2572178477690289,0.27016218279456317,false,5
8522,0.4890781999534438,0.2406298235233338,0.22487223168654175,0.2406298235233338,false,1
8523,0.5651073309139573,0.3092638566030669,0.3333333333333333,0.3092638566030669,false,2
8524,0.3624255809353063,0.1475226887644644,0.14182692307692307,0.1475226887644644,false,2
8526,0.5220395761480023,0.2678504527442423,0.2683397683397683,0.2678504527442423,false,2
8529,0.5959883552180015,0.3410255396477525,0.34049079754601225,0.3410255396477525,false,2
8530,0.41425514371752614,0.17951774298079962,0.1753846153846154,0.17951774298079962,false,3
8531,0.2910185058808338,0.10770290403472238,0.10187667560321716,0.10770290403472238,false,3
8532,0.2910185058808338,0.10770290403472238,0.10187667560321716,0.10770290403472238,false,3
8533,0.35526413313128435,0.14334847615339436,0.13073170731707318,0.14334847615339436,false,2
8534,0.2853313103829282,0.10757579566548005,0.10574712643678161,0.10757579566548005,false,2
8535,0.2853313103829282,0.10757579566548005,0.10574712643678161,0.10757579566548005,false,2
8536,0.27656570693776084,0.10063022092400292,0.07591240875912408,0.10063022092400292,false,4
8537,0.2682683591534208,0.09700485524649677,0.07591240875912408,0.09700485524649677,false,4
8538,0.28810805800926614,0.10636033320073375,0.10187667560321716,0.10636033320073375,false,3
8539,0.5610058668320538,0.3051697397052707,0.2683397683397683,0.3051697397052707,false,2
8540,0.3079872122102848,0.11546868244834571,0.1111111111111111,0.11546868244834571,false,4
8541,0.23231745957107072,0.08261282724600863,0.07591240875912408,0.08261282724600863,false,4
8542,0.2887398932242642,0.10912022294733026,0.10574712643678161,0.10912022294733026,false,2
8543,0.2873944589702929,0.10603341292938805,0.10187667560321716,0.10603341292938805,false,3
8544,0.5379038256123734,0.28743503880584786,0.28969957081545067,0.28743503880584786,false,4
8545,0.22915366773127513,0.08144385532528228,0.07591240875912408,0.08144385532528228,false,4
8546,0.36992287137098706,0.150313451401596,0.13894736842105262,0.150313451401596,false,4
8547,0.19932711844644765,0.07568429224202304,0.08004509582863585,0.07568429224202304,false,5
8548,0.4483878915766819,0.20570837917685317,0.2349570200573066,0.20570837917685317,false,2
8549,0.275471718835258,0.1032162391162049,0.08464419475655428,0.1032162391162049,false,2
8550,0.3798277530400149,0.15904609226448246,0.14814814814814814,0.15904609226448246,false,5
8551,0.5739859977562556,0.3182293238811674,0.3333333333333333,0.3182293238811674,false,2
8552,0.2937289868756218,0.10851282657612694,0.1111111111111111,0.10851282657612694,false,4
8553,0.3131583729067005,0.11818909734587052,0.102803738317757,0.11818909734587052,false,1
8554,0.5139903958076018,0.26054986362032345,0.2572178477690289,0.26054986362032345,false,5
8555,0.6465162888174502,0.40735256567615374,0.44015444015444016,0.40735256567615374,false,4
8556,0.35310068395023886,0.14011619329409386,0.12310606060606061,0.14011619329409386,false,1
8557,0.2937646023481175,0.10852973387873512,0.1111111111111111,0.10852973387873512,false,4
8558,0.44660030841711795,0.2049466174302334,0.21678321678321674,0.2049466174302334,false,5
8559,0.35065909560508024,0.1407166027687435,0.13073170731707318,0.1407166027687435,false,2
8561,0.3409792944812676,0.133060095647887,0.13059033989266547,0.133060095647887,false,4
8562,0.5052845143333693,0.2527235084525019,0.2683397683397683,0.2527235084525019,false,2
8563,0.5781536080805233,0.3288165675816603,0.31493506493506496,0.3288165675816603,false,1
8564,0.425785829868169,0.1878616188358667,0.19718309859154928,0.1878616188358667,false,3
8565,0.4283700003341406,0.18977196461911008,0.19718309859154928,0.18977196461911008,false,3
8566,0.46393047621091427,0.21887530521241583,0.22487223168654175,0.21887530521241583,false,1
8567,0.20552024991696682,0.07771829335139685,0.08004509582863585,0.07771829335139685,false,5
8568,0.7295260111485034,0.4918957315096841,0.4634146341463415,0.4918957315096841,false,2
8569,0.388754165061552,0.1646617755183689,0.1651376146788991,0.1646617755183689,false,5
8570,0.38672087809420125,0.16114705173208502,0.1884469696969697,0.16114705173208502,false,4
8571,0.35364370892489605,0.14037719221133527,0.14937759336099585,0.14037719221133527,false,3
8572,0.5033039647344898,0.2539503758186744,0.2692307692307692,0.2539503758186744,false,4
8573,0.3308263114416996,0.12760649240964397,0.12396694214876033,0.12760649240964397,false,3
8574,0.24356621205282739,0.09134620238208896,0.0974264705882353,0.09134620238208896,false,5
8575,0.298277399794984,0.11111646010249634,0.10187667560321716,0.11111646010249634,false,3
8577,0.4064492385110748,0.17403533939980306,0.1753846153846154,0.17403533939980306,false,3
8578,0.4064746060501062,0.1746156657000759,0.19471153846153846,0.1746156657000759,false,1
8579,0.23897543040634045,0.0852910276894828,0.07564422277639235,0.0852910276894828,false,1
8580,0.4341653625276205,0.19411017581840598,0.22486288848263253,0.19411017581840598,false,3
8582,0.4663543382319425,0.22027871430072088,0.21678321678321674,0.22027871430072088,false,5
8583,0.49942791784228824,0.24757135070338115,0.2612612612612612,0.24757135070338115,false,2
8584,0.45174329119548046,0.2088547101546526,0.19471153846153846,0.2088547101546526,false,1
8585,0.4410610051949918,0.20015032211536507,0.19701986754966888,0.20015032211536507,false,2
8586,0.36846358682962277,0.14941687310758933,0.16346153846153846,0.14941687310758933,false,1
8588,0.22790442382305368,0.08098644413334707,0.07591240875912408,0.08098644413334707,false,4
8589,0.41252023858993053,0.1790021767877657,0.1884469696969697,0.1790021767877657,false,4
8590,0.4388472682370934,0.19849332905840103,0.19701986754966888,0.19849332905840103,false,2
8591,0.21635456405048994,0.0813972853904492,0.08004509582863585,0.0813972853904492,false,5
8592,0.3313405765370583,0.13121933026605118,0.12717770034843207,0.13121933026605118,false,5
8593,0.3290386988213539,0.1300070609394899,0.12717770034843207,0.1300070609394899,false,5
8594,0.3754970689713801,0.15637804990295007,0.14814814814814814,0.15637804990295007,false,5
8595,0.4526764621377075,0.20846929758570895,0.22486288848263253,0.20846929758570895,false,3
8596,0.5938041074230275,0.34592672216726184,0.31493506493506496,0.34592672216726184,false,1
8597,0.4845161497680486,0.2350862519735637,0.2572178477690289,0.2350862519735637,false,5
8598,0.7381938608380502,0.5173054041825057,0.5255813953488372,0.5173054041825057,false,1
8600,0.3649125628658186,0.1489956198383395,0.14182692307692307,0.1489956198383395,false,2
8601,0.3366980482459275,0.13298386315406918,0.13073170731707318,0.13298386315406918,false,2
8602,0.3807971310639698,0.1596483374738713,0.14814814814814814,0.1596483374738713,false,5
8603,0.3881143429317239,0.1642540183267794,0.14814814814814814,0.1642540183267794,false,5
8604,0.6571767692311553,0.41896516206197776,0.391304347826087,0.41896516206197776,false,1
8605,0.4277505415932715,0.19024970378722816,0.1884469696969697,0.19024970378722816,false,4
8607,0.3346979617000425,0.12961840307065634,0.12310606060606061,0.12961840307065634,false,1
8609,0.27062322103601877,0.10230973194645279,0.0974264705882353,0.10230973194645279,false,5
8610,0.36587958076029364,0.14957160971452316,0.14182692307692307,0.14957160971452316,false,2
8613,0.5046794011689638,0.25523119250810716,0.2692307692307692,0.25523119250810716,false,4
8614,0.619677338944353,0.37509019298962465,0.38095238095238093,0.37509019298962465,false,1
8615,0.4837673718440285,0.23621969515705663,0.23670212765957446,0.23621969515705663,false,4
8616,0.2612052080003224,0.09401107199260961,0.07591240875912408,0.09401107199260961,false,4
8617,0.3389241620239063,0.13196839141667013,0.12310606060606061,0.13196839141667013,false,1
8618,0.28250206546276907,0.10381583838910498,0.09375,0.10381583838910498,false,3
8619,0.41562051646974885,0.1825239409641392,0.19455252918287938,0.1825239409641392,false,5
8620,0.4167533253213922,0.1819805467495252,0.19471153846153846,0.1819805467495252,false,1
8621,0.30005634983989876,0.11438790176342349,0.10574712643678161,0.11438790176342349,false,2
8622,0.6300071868537639,0.38265689007996445,0.345679012345679,0.38265689007996445,false,3
8623,0.4294437410230455,0.19057008950501758,0.19718309859154928,0.19057008950501758,false,3
8624,0.33363095603009724,0.1324350555150207,0.12717770034843207,0.1324350555150207,false,5
8625,0.380263173724958,0.1593163777485029,0.14814814814814814,0.1593163777485029,false,5
8626,0.38863364673080303,0.16201911629406895,0.1753846153846154,0.16201911629406895,false,3
8627,0.39201278064445455,0.16468819428390968,0.1884469696969697,0.16468819428390968,false,4
8628,0.5495601766911105,0.29872030189068133,0.3023255813953488,0.29872030189068133,false,1
8629,0.39130586280121904,0.16417924436021714,0.19471153846153846,0.16417924436021714,false,1
8631,0.29419161421318557,0.11163083908463113,0.10574712643678161,0.11163083908463113,false,2
8632,0.29642075047438043,0.1126718640679206,0.10574712643678161,0.1126718640679206,false,2
8634,0.30285360021653185,0.11331680722958852,0.10187667560321716,0.11331680722958852,false,3
8635,0.4214367690689279,0.18468001721647828,0.1753846153846154,0.18468001721647828,false,3
8636,0.34533000553181425,0.1387944426873698,0.14814814814814814,0.1387944426873698,false,5
8638,0.22378228456056892,0.08283640925752074,0.08464419475655428,0.08283640925752074,false,2
8639,0.23397058811454283,0.08395645467941186,0.07043343653250773,0.08395645467941186,false,3
8640,0.20261988090173413,0.07675957041082558,0.08004509582863585,0.07675957041082558,false,5
8641,0.21620832761917388,0.08017726891012295,0.08464419475655428,0.08017726891012295,false,2
8644,0.2579650508836409,0.09585986990694753,0.08464419475655428,0.09585986990694753,false,2
8645,0.1833853911919962,0.06633254587122561,0.07564422277639235,0.06633254587122561,false,1
8646,0.743422818344549,0.5236885638427546,0.5255813953488372,0.5236885638427546,false,1
8647,0.5889191109410413,0.3336143205026939,0.34049079754601225,0.3336143205026939,false,2
8648,0.6003483024285943,0.3532044129406827,0.31493506493506496,0.3532044129406827,false,1
8649,0.4397011695228249,0.1992891000652678,0.19471153846153846,0.1992891000652678,false,1
8650,0.22571766340980873,0.08094332605711861,0.07043343653250773,0.08094332605711861,false,3
8651,0.3134175540792439,0.11821823005409243,0.13059033989266547,0.11821823005409243,false,4
8652,0.7410056684590686,0.505355056578913,0.5,0.505355056578913,false,2
8653,0.2342215813373458,0.08349438588503891,0.07564422277639235,0.08349438588503891,false,1
8654,0.3523422319111603,0.14167383244557893,0.13073170731707318,0.14167383244557893,false,2
8655,0.3921754656379432,0.16594622211419946,0.16071428571428573,0.16594622211419946,false,2
8656,0.2558096278428731,0.09616998874089303,0.0974264705882353,0.09616998874089303,false,5
8657,0.1852185850933961,0.06689003114295819,0.07564422277639235,0.06689003114295819,false,1
8658,0.7512250070868078,0.5346636995665409,0.5164835164835165,0.5346636995665409,false,4
8661,0.3173656420589711,0.1203507231141886,0.102803738317757,0.1203507231141886,false,1
8662,0.2762861844500744,0.10050615420484797,0.07591240875912408,0.10050615420484797,false,4
8663,0.4012793542620946,0.17280840389434124,0.18571428571428572,0.17280840389434124,false,5
8664,0.31908740413499953,0.12143108637235285,0.12396694214876033,0.12143108637235285,false,3
8665,0.2172957550991601,0.0805542065526339,0.08464419475655428,0.0805542065526339,false,2
8666,0.2546288296607854,0.09129833062841836,0.07591240875912408,0.09129833062841836,false,4
8667,0.31034980379288535,0.11700326535445993,0.10569105691056911,0.11700326535445993,false,3
8668,0.42379919949333666,0.1875033567184662,0.19701986754966888,0.1875033567184662,false,2
8670,0.22479284676638261,0.08437188512084556,0.08004509582863585,0.08437188512084556,false,5
8671,0.22719743250038518,0.08147623316984386,0.07043343653250773,0.08147623316984386,false,3
8672,0.44971986600990377,0.20741361213180884,0.1884469696969697,0.20741361213180884,false,4
8673,0.4340039101058329,0.19398830511701318,0.22486288848263253,0.19398830511701318,false,3
8674,0.33937086871734273,0.13443589719814666,0.13073170731707318,0.13443589719814666,false,2
8675,0.7614937283409994,0.5293443602693249,0.532258064516129,0.5293443602693249,false,2
8676,0.2853909661840799,0.1047517111510804,0.09781477627471384,0.1047517111510804,false,1
8677,0.32756105028533283,0.125730808524292,0.102803738317757,0.125730808524292,false,1
8678,0.33937086871734273,0.13443589719814666,0.13073170731707318,0.13443589719814666,false,2
8679,0.23465789901487472,0.08679508998638992,0.08464419475655428,0.08679508998638992,false,2
8680,0.2347127018047639,0.08799471995330597,0.08004509582863585,0.08799471995330597,false,5
8681,0.39113436899644044,0.16618581089349024,0.1651376146788991,0.16618581089349024,false,5
8682,0.27735581767446726,0.10521333066719381,0.10112359550561797,0.10521333066719381,false,5
8683,0.4586640047214021,0.21421387053710328,0.21678321678321674,0.21421387053710328,false,5
8684,0.41152906416253116,0.1788933141085397,0.19701986754966888,0.1788933141085397,false,2
8685,0.3821497544416777,0.1578150845510207,0.17279411764705882,0.1578150845510207,false,3
8686,0.36201434293635215,0.14542406430783505,0.13894736842105262,0.14542406430783505,false,4
8687,0.19512102371950074,0.07061543142234757,0.07043343653250773,0.07061543142234757,false,3
8688,0.22320290804298878,0.07946169534171243,0.07564422277639235,0.07946169534171243,false,1
8689,0.4176374721465141,0.1827221256933542,0.1884469696969697,0.1827221256933542,false,4
8691,0.3289986564362741,0.12650578129786294,0.12310606060606061,0.12650578129786294,false,1
8692,0.5263239831929598,0.27172050816346494,0.2572178477690289,0.27172050816346494,false,5
8693,0.2984194778663098,0.1147712978828456,0.11331444759206799,0.1147712978828456,false,5
8694,0.21172848725825935,0.07864133725309794,0.08464419475655428,0.07864133725309794,false,2
8695,0.18002162804472135,0.06851924660729317,0.0755813953488372,0.06851924660729317,false,2
8699,0.7700822360878974,0.5393667534952747,0.532258064516129,0.5393667534952747,false,2
8702,0.41111256778570326,0.17790935336434033,0.19471153846153846,0.17790935336434033,false,1
8703,0.28865601349359893,0.10612812252928162,0.1111111111111111,0.10612812252928162,false,4
8704,0.29895099496534844,0.11101661745558916,0.1111111111111111,0.11101661745558916,false,4
8705,0.4419032763497184,0.20101342608720374,0.19471153846153846,0.20101342608720374,false,1
8706,0.3504454277948461,0.13855872117197635,0.12310606060606061,0.13855872117197635,false,1
8711,0.42385968592310347,0.18732584716108405,0.1884469696969697,0.18732584716108405,false,4
8712,0.4187534672762761,0.18354132021654884,0.1884469696969697,0.18354132021654884,false,4
8713,0.35167795632353593,0.13923619363955064,0.14937759336099585,0.13923619363955064,false,3
8714,0.346714868329085,0.13634031448348946,0.13894736842105262,0.13634031448348946,false,4
8715,0.24071493718801848,0.0890733647615192,0.08464419475655428,0.0890733647615192,false,2
8717,0.13346088439058174,0.05252821118944517,0.07317073170731705,0.05252821118944517,false,4
8718,0.2565927063575966,0.09648613501126548,0.0974264705882353,0.09648613501126548,false,5
8719,0.46494039637969076,0.21840514068816635,0.22486288848263253,0.21840514068816635,false,3
8720,0.41522169913389506,0.18145145798062692,0.19701986754966888,0.18145145798062692,false,2
8721,0.3175363229192638,0.12043913236373037,0.102803738317757,0.12043913236373037,false,1
8722,0.26249886943885115,0.09890061836476742,0.0974264705882353,0.09890061836476742,false,5
8723,0.2907822735786685,0.10712196211419829,0.1111111111111111,0.10712196211419829,false,4
8724,0.1487728589795875,0.05973625492184895,0.05555555555555555,0.05973625492184895,false,2
8727,0.7210829187237029,0.4977431423020968,0.5,0.4977431423020968,false,4
8729,0.3203719200144663,0.1220940635811311,0.12396694214876033,0.1220940635811311,false,3
8734,0.49727994362666395,0.24839089592489785,0.2692307692307692,0.24839089592489785,false,4
8736,0.449496801972305,0.2059482695443947,0.22486288848263253,0.2059482695443947,false,3
8737,0.3517967858650515,0.13934955306359537,0.12310606060606061,0.13934955306359537,false,1
8739,0.3193651419846735,0.12138994593759801,0.102803738317757,0.12138994593759801,false,1
8740,0.2507857373358188,0.08974584505955475,0.07591240875912408,0.08974584505955475,false,4
8742,0.6993509661094897,0.45427001580578635,0.49159663865546216,0.45427001580578635,false,5
8743,0.39064386927910005,0.16376622291325302,0.1884469696969697,0.16376622291325302,false,4
8746,0.3767009158138104,0.15614289533377368,0.14182692307692307,0.15614289533377368,false,2
8747,0.3151491826719386,0.12289307498830301,0.12717770034843207,0.12289307498830301,false,5
8748,0.3899734786580922,0.16452172865170306,0.16071428571428573,0.16452172865170306,false,2
8749,0.24268671594608004,0.08724899729209747,0.07043343653250773,0.08724899729209747,false,3
8750,0.4264447514415188,0.18926456901685948,0.1884469696969697,0.18926456901685948,false,4
8751,0.6697967345803459,0.43406229500243837,0.4,0.43406229500243837,false,1
8752,0.34932188450805235,0.13790407977790237,0.12310606060606061,0.13790407977790237,false,1
8753,0.38847467369246963,0.1644835564213512,0.15848050845012987,0.1644835564213512,false,5
8754,0.5855675797674339,0.32934561743854807,0.3174061433447099,0.32934561743854807,false,5
8755,0.7357195646411896,0.49631022674504893,0.49159663865546216,0.49631022674504893,false,5
8756,0.24607242206027002,0.09113333328148963,0.08464419475655428,0.09113333328148963,false,2
8757,0.22330689048078592,0.08384100254169777,0.08004509582863585,0.08384100254169777,false,5
8758,0.29502479387853153,0.1131813875848411,0.11331444759206799,0.1131813875848411,false,5
8759,0.29502479387853153,0.1131813875848411,0.11331444759206799,0.1131813875848411,false,5
8760,0.2765393963253139,0.1006185370999463,0.07591240875912408,0.1006185370999463,false,4
8761,0.2320267110963186,0.08323770410698911,0.07043343653250773,0.08323770410698911,false,3
8762,0.2705324901829851,0.09798239514768184,0.07591240875912408,0.09798239514768184,false,4
8765,0.30510369786149144,0.11414447084708701,0.09781477627471384,0.11414447084708701,false,1
8766,0.5205061704278969,0.2702719515392841,0.28969957081545067,0.2702719515392841,false,4
8767,0.30421816947179253,0.11638021730803845,0.10574712643678161,0.11638021730803845,false,2
8768,0.5731467303664282,0.3241116627619109,0.30769230769230776,0.3241116627619109,false,4
8769,0.3393092692257673,0.13549027817227396,0.14814814814814814,0.13549027817227396,false,5
8770,0.45689213652778643,0.21184667793218578,0.22486288848263253,0.21184667793218578,false,3
8771,0.2581406639950206,0.0927380789857869,0.07591240875912408,0.0927380789857869,false,4
8772,0.385121165359741,0.1600887632626106,0.1884469696969697,0.1600887632626106,false,4
8773,0.21019941172586432,0.0749319830967877,0.07564422277639235,0.0749319830967877,false,1
8774,0.21019941172586432,0.0749319830967877,0.07564422277639235,0.0749319830967877,false,1
8775,0.23247393398672275,0.0859866367756215,0.08464419475655428,0.0859866367756215,false,2
8777,0.47049379167774263,0.22359383635941638,0.21678321678321674,0.22359383635941638,false,5
8778,0.5405042163991503,0.2895246551157002,0.3,0.2895246551157002,false,1
8781,0.2764790066373401,0.1011421624879074,0.08676789587852494,0.1011421624879074,false,3
8782,0.20077012761523835,0.07179704195733755,0.07564422277639235,0.07179704195733755,false,1
8784,0.28616653826044997,0.10497484625135224,0.1111111111111111,0.10497484625135224,false,4
8785,0.2994150423230078,0.11524124615181622,0.11331444759206799,0.11524124615181622,false,5
8787,0.4224116800723825,0.18613684961110033,0.19471153846153846,0.18613684961110033,false,1
8788,0.3308054969334831,0.12748558768423587,0.12310606060606061,0.12748558768423587,false,1
8789,0.3930250290066092,0.16649845077343764,0.16071428571428573,0.16649845077343764,false,2
8790,0.3564994903640412,0.14213115853154737,0.12310606060606061,0.14213115853154737,false,1
8794,0.5738340990649263,0.3248509724522944,0.30769230769230776,0.3248509724522944,false,4
8795,0.18057211050355496,0.06981942148295064,0.08004509582863585,0.06981942148295064,false,5
8799,0.3684937835181099,0.15214077224648048,0.14814814814814814,0.15214077224648048,false,5
8801,0.2294807128436555,0.08173697363457513,0.07564422277639235,0.08173697363457513,false,1
8802,0.2422275083202112,0.08707265403271221,0.07043343653250773,0.08707265403271221,false,3
8804,0.38010945908986976,0.15826090745503305,0.14182692307692307,0.15826090745503305,false,2
8805,0.25149097060622894,0.09002894260982314,0.07591240875912408,0.09002894260982314,false,4
8806,0.29693772918868017,0.11291450501987255,0.10574712643678161,0.11291450501987255,false,2
8809,0.24298663400848397,0.08666823445495626,0.07591240875912408,0.08666823445495626,false,4
8811,0.2849071843746882,0.1043956606367186,0.1111111111111111,0.1043956606367186,false,4
8812,0.2986812318526639,0.11373617251834443,0.10574712643678161,0.11373617251834443,false,2
8813,0.3651754738002447,0.149152037490015,0.14182692307692307,0.149152037490015,false,2
8814,0.3651754738002447,0.149152037490015,0.14182692307692307,0.149152037490015,false,2
8815,0.21689650895324963,0.07783205070816294,0.07043343653250773,0.07783205070816294,false,3
8816,0.23333790906944532,0.08748436795281711,0.08004509582863585,0.08748436795281711,false,5
8819,0.2863347543361616,0.10802844814674635,0.10574712643678161,0.10802844814674635,false,2
8820,0.7480801658362156,0.5308223853320067,0.5164835164835165,0.5308223853320067,false,4
8821,0.5206323534848465,0.26772686519103,0.25,0.26772686519103,false,3
8822,0.1934891636867171,0.07381180419384978,0.08004509582863585,0.07381180419384978,false,5
8823,0.317062996864788,0.12019409672493579,0.102803738317757,0.12019409672493579,false,1
8824,0.26301532868460575,0.09911428882334808,0.0974264705882353,0.09911428882334808,false,5
8825,0.2539387534136568,0.09541842013245055,0.0974264705882353,0.09541842013245055,false,5
8826,0.17913843355049028,0.06825533983873383,0.0755813953488372,0.06825533983873383,false,2
8828,0.4361125045369379,0.19650290344958352,0.19471153846153846,0.19650290344958352,false,1
8829,0.3673784095563755,0.1485688906441218,0.17279411764705882,0.1485688906441218,false,3
8832,0.4132895924591839,0.17947209352160132,0.19471153846153846,0.17947209352160132,false,1
8834,0.22311510560526718,0.07943028701408777,0.07564422277639235,0.07943028701408777,false,1
8835,0.2500697721905789,0.09269814666044653,0.08464419475655428,0.09269814666044653,false,2
8836,0.333564453446752,0.12899419982332405,0.12310606060606061,0.12899419982332405,false,1
8837,0.24838758750098386,0.09203671529425984,0.08464419475655428,0.09203671529425984,false,2
8838,0.1952498817438718,0.07065625930187183,0.07043343653250773,0.07065625930187183,false,3
8840,0.33811517128810115,0.13484289631420412,0.14814814814814814,0.13484289631420412,false,5
8841,0.31847291780837556,0.12111502997831257,0.12396694214876033,0.12111502997831257,false,3
8842,0.19396763089968633,0.07025095567743916,0.07043343653250773,0.07025095567743916,false,3
8843,0.3100450049948376,0.11661121663361652,0.102803738317757,0.11661121663361652,false,1
8844,0.24756508366103597,0.09171485477348203,0.08464419475655428,0.09171485477348203,false,2
8846,0.23917798662748552,0.08849020359634498,0.08464419475655428,0.08849020359634498,false,2
8848,0.5783687341737709,0.32270561283387006,0.3333333333333333,0.32270561283387006,false,2
8850,0.3344038001328745,0.12938197390020068,0.13059033989266547,0.12938197390020068,false,4
8851,0.6133465941586121,0.3687269889610526,0.3566666666666667,0.3687269889610526,false,4
8852,0.20438087784237247,0.07360545858722715,0.07043343653250773,0.07360545858722715,false,3
8854,0.26003349079223237,0.09415102485609661,0.08676789587852494,0.09415102485609661,false,3
8856,0.29832068931398825,0.11071174369901823,0.1111111111111111,0.11071174369901823,false,4
8857,0.20591514085299456,0.07349229728365653,0.07564422277639235,0.07349229728365653,false,1
8858,0.28771779565888095,0.10865507970419291,0.10574712643678161,0.10865507970419291,false,2
8859,0.2105178488322737,0.07565087744420808,0.07043343653250773,0.07565087744420808,false,3
8860,0.20491245225446764,0.07297666208265917,0.07317073170731705,0.07297666208265917,false,4
8861,0.3604241624589368,0.14448789452316385,0.15702479338842976,0.14448789452316385,false,1
8862,0.45440373533505474,0.21101302102196243,0.22487223168654175,0.21101302102196243,false,1
8863,0.26554410206230034,0.10016643741874241,0.0974264705882353,0.10016643741874241,false,5
8864,0.4700293774904482,0.22401823624007688,0.22487223168654175,0.22401823624007688,false,1
8865,0.25052774119623605,0.08964247984808792,0.07591240875912408,0.08964247984808792,false,4
8866,0.402274818780159,0.1726063599271951,0.16071428571428573,0.1726063599271951,false,2
8868,0.2573321038504521,0.09256169341248652,0.09781477627471384,0.09256169341248652,false,1
8869,0.3486645616053626,0.13958928406174248,0.13073170731707318,0.13958928406174248,false,2
8870,0.24026400371923606,0.08890190976165584,0.08464419475655428,0.08890190976165584,false,2
8872,0.29422693692476143,0.10887448835478547,0.09781477627471384,0.10887448835478547,false,1
8873,0.41209782718250243,0.17798921278505928,0.1753846153846154,0.17798921278505928,false,3
8874,0.20675674952391762,0.07696829862371811,0.08464419475655428,0.07696829862371811,false,2
8875,0.29617133509407767,0.1137162131697887,0.11331444759206799,0.1137162131697887,false,5
8876,0.26207546218315375,0.09499494604301191,0.08676789587852494,0.09499494604301191,false,3
8877,0.2069423112140507,0.07703015159660209,0.08464419475655428,0.07703015159660209,false,2
8878,0.5473794290088996,0.2917894294970578,0.2683397683397683,0.2917894294970578,false,2
8879,0.2676547619755084,0.10105220918449477,0.0974264705882353,0.10105220918449477,false,5
8880,0.331393428944668,0.1277271483258832,0.13059033989266547,0.1277271483258832,false,4
8882,0.281117432271589,0.10280760591021611,0.09781477627471384,0.10280760591021611,false,1
8883,0.331393428944668,0.1277271483258832,0.13059033989266547,0.1277271483258832,false,4
8885,0.2551273988034235,0.09150149779397015,0.07591240875912408,0.09150149779397015,false,4
8886,0.31572515729183276,0.11940370750801807,0.13059033989266547,0.11940370750801807,false,4
8887,0.4074771480592662,0.1769560459204359,0.19455252918287938,0.1769560459204359,false,5
8889,0.3003314356886459,0.11180538877013067,0.09781477627471384,0.11180538877013067,false,1
8890,0.6417575283451157,0.4007258108591022,0.391304347826087,0.4007258108591022,false,1
8891,0.21506735839672675,0.07659923348320154,0.07564422277639235,0.07659923348320154,false,1
8894,0.14523159332410387,0.0563556759836697,0.06818181818181818,0.0563556759836697,false,3
8896,0.3823975679670696,0.15969574641298684,0.14182692307692307,0.15969574641298684,false,2
8897,0.3874171853947274,0.1638106454390652,0.14814814814814814,0.1638106454390652,false,5
8898,0.40174030309366726,0.17130333909283765,0.19471153846153846,0.17130333909283765,false,1
8899,0.4799095324747825,0.23126616038185563,0.2572178477690289,0.23126616038185563,false,5
8900,0.49572069085602166,0.24482183319387074,0.2408026755852843,0.24482183319387074,false,3
8901,0.6512060675095607,0.4118732214664732,0.391304347826087,0.4118732214664732,false,1
8906,0.21641266749494423,0.07706596142827582,0.07564422277639235,0.07706596142827582,false,1
8908,0.4685997803228015,0.22280505274626042,0.22487223168654175,0.22280505274626042,false,1
8909,0.4476858391605957,0.205170896668991,0.2349570200573066,0.205170896668991,false,2
8910,0.19814008231423158,0.07076017063881082,0.07317073170731705,0.07076017063881082,false,4
8911,0.5861102601604378,0.3381993925935477,0.30769230769230776,0.3381993925935477,false,4
8912,0.2832807864981013,0.10365184743270506,0.10101010101010101,0.10365184743270506,false,4
8914,0.34019166604878565,0.13488448282464544,0.13073170731707318,0.13488448282464544,false,2
8915,0.26163300226284053,0.09434385406753121,0.09781477627471384,0.09434385406753121,false,1
8916,0.3862354303663874,0.16080427957091956,0.19471153846153846,0.16080427957091956,false,1
8918,0.5399801181911013,0.28642642285497383,0.2638297872340426,0.28642642285497383,false,3
8919,0.25970833595127524,0.09657085395215043,0.08464419475655428,0.09657085395215043,false,2
8920,0.41685508236883545,0.18259206447686666,0.19701986754966888,0.18259206447686666,false,2
8921,0.30747962624710096,0.11796251264207104,0.13073170731707318,0.11796251264207104,false,2
8923,0.4382702297334407,0.19817459315215924,0.19471153846153846,0.19817459315215924,false,1
8924,0.41890959311751425,0.18355584700706748,0.19471153846153846,0.18355584700706748,false,1
8925,0.4137787581514603,0.1791793281607952,0.1753846153846154,0.1791793281607952,false,3
8926,0.3126617176338482,0.12165494477664113,0.12717770034843207,0.12165494477664113,false,5
8927,0.25989787819524396,0.09346611065861299,0.07591240875912408,0.09346611065861299,false,4
8928,0.3432535262270384,0.1365690211819416,0.13073170731707318,0.1365690211819416,false,2
8929,0.24408895091883084,0.0903657326542754,0.08464419475655428,0.0903657326542754,false,2
8930,0.3140894599086914,0.12236428084002361,0.12717770034843207,0.12236428084002361,false,5
8931,0.2178016946237984,0.07814620394156682,0.07043343653250773,0.07814620394156682,false,3
8933,0.3574290405387569,0.14265013446144875,0.13894736842105262,0.14265013446144875,false,4
8934,0.552389882061417,0.30221082281983785,0.28969957081545067,0.30221082281983785,false,4
8935,0.30880756235113965,0.11623642425069773,0.10569105691056911,0.11623642425069773,false,3
8936,0.24794172698902506,0.09304459906319108,0.0974264705882353,0.09304459906319108,false,5
8937,0.36878854866823024,0.14943189302255985,0.17279411764705882,0.14943189302255985,false,3
8938,0.36878854866823024,0.14943189302255985,0.17279411764705882,0.14943189302255985,false,3
8945,0.13346088439058174,0.05252821118944517,0.07317073170731705,0.05252821118944517,false,4
8947,0.20794896727421489,0.07478840775135365,0.07043343653250773,0.07478840775135365,false,3
8949,0.243036810786995,0.08668772595267553,0.07591240875912408,0.08668772595267553,false,4
8950,0.32622700635670865,0.1249292449536201,0.13059033989266547,0.1249292449536201,false,4
8951,0.3461313185113143,0.13600349104524834,0.13894736842105262,0.13600349104524834,false,4
8953,0.5089088268447013,0.2587963973658205,0.24489795918367344,0.2587963973658205,false,1
8954,0.41279849323069945,0.1791186320652635,0.19471153846153846,0.1791186320652635,false,1
8957,0.4044581800619485,0.1740737077904607,0.16071428571428573,0.1740737077904607,false,2
8958,0.31777074449302956,0.12307785363293837,0.13073170731707318,0.12307785363293837,false,2
8959,0.25796845690190456,0.09330441065985588,0.08676789587852494,0.09330441065985588,false,3
8960,0.31173185901596473,0.12005344060494623,0.13073170731707318,0.12005344060494623,false,2
8961,0.4444133537807528,0.20196485068049252,0.22486288848263253,0.20196485068049252,false,3
8963,0.27768188213232026,0.10417969100967611,0.08464419475655428,0.10417969100967611,false,2
8964,0.5063807549781685,0.2538079377860712,0.2572178477690289,0.2538079377860712,false,5
8965,0.2924201072505304,0.11080953728764753,0.10574712643678161,0.11080953728764753,false,2
8966,0.30747962624710096,0.11796251264207104,0.13073170731707318,0.11796251264207104,false,2
8968,0.393741364571216,0.16539411123992334,0.1753846153846154,0.16539411123992334,false,3
8969,0.39084530807400136,0.1634736334615553,0.1753846153846154,0.1634736334615553,false,3
8970,0.4092641055205038,0.17599694618732842,0.1753846153846154,0.17599694618732842,false,3
8971,0.5600524063784207,0.3042223518821058,0.2683397683397683,0.3042223518821058,false,2
8972,0.43881419795761817,0.19764424580346557,0.22486288848263253,0.19764424580346557,false,3
8973,0.5625968909543682,0.3092466768702113,0.3425925925925926,0.3092466768702113,false,3
8974,0.2788734761036449,0.10179963344748713,0.09781477627471384,0.10179963344748713,false,1
8975,0.2186713333592866,0.07844911291817723,0.07043343653250773,0.07844911291817723,false,3
8977,0.31116533941604785,0.11717689444824089,0.102803738317757,0.11717689444824089,false,1
8978,0.3797543480305381,0.15628452612940885,0.17279411764705882,0.15628452612940885,false,3
8979,0.49129306895923475,0.24261493903819567,0.22487223168654175,0.24261493903819567,false,1
8980,0.17034313775346624,0.06680057298724537,0.07586206896551724,0.06680057298724537,false,5
8981,0.21050479643708506,0.07485498320622062,0.07591240875912408,0.07485498320622062,false,4
8982,0.20867737597037947,0.07503203959136384,0.07043343653250773,0.07503203959136384,false,3
8983,0.16421718998644771,0.06056691590854911,0.07317073170731705,0.06056691590854911,false,4
8984,0.39353679805910774,0.16683181735906083,0.16071428571428573,0.16683181735906083,false,2
8985,0.48052755689501686,0.23177613383840145,0.2572178477690289,0.23177613383840145,false,5
8986,0.22251512265928014,0.07921596701160542,0.07564422277639235,0.07921596701160542,false,1
8987,0.406463155311692,0.17460759368457393,0.19471153846153846,0.17460759368457393,false,1
8988,0.44555877353917245,0.20285735810117358,0.22486288848263253,0.20285735810117358,false,3
8989,0.21807884412354336,0.08082665128992901,0.08464419475655428,0.08082665128992901,false,2
8990,0.44853785647596717,0.20646174358332947,0.1884469696969697,0.20646174358332947,false,4
8991,0.5285996883933345,0.2753328413433367,0.25,0.2753328413433367,false,3
8992,0.20183474626420453,0.07534419179469788,0.08464419475655428,0.07534419179469788,false,2
8993,0.23476217347305028,0.0835265462432164,0.07591240875912408,0.0835265462432164,false,4
8995,0.5173062079721384,0.2645913067244606,0.25,0.2645913067244606,false,3
9000,0.4432920584861565,0.20210661926504192,0.19471153846153846,0.20210661926504192,false,1
9001,0.4820562282884488,0.23470816308543457,0.23670212765957446,0.23470816308543457,false,4
9002,0.17102352065453424,0.06699755258463201,0.07586206896551724,0.06699755258463201,false,5
9003,0.29172811179946634,0.1075666845964272,0.1111111111111111,0.1075666845964272,false,4
9004,0.7060281850846006,0.47799421461185887,0.5255813953488372,0.47799421461185887,false,1
9005,0.573144842102696,0.31674710512955856,0.2698412698412698,0.31674710512955856,false,5
9006,0.5100712803754139,0.25785264602146135,0.25,0.25785264602146135,false,3
9008,0.5531987252561246,0.30304844620813487,0.28969957081545067,0.30304844620813487,false,4
9009,0.4523363764970739,0.20875071522012634,0.2349570200573066,0.20875071522012634,false,2
9012,0.19777325968004678,0.07146018354774093,0.07043343653250773,0.07146018354774093,false,3
9014,0.31624841067822534,0.11967394201428232,0.13059033989266547,0.11967394201428232,false,4
9015,0.22096410962285082,0.0830101674074692,0.08004509582863585,0.0830101674074692,false,5
9017,0.27013375158487635,0.09780960480805413,0.07591240875912408,0.09780960480805413,false,4
9018,0.21843430671298802,0.08212142189769209,0.08004509582863585,0.08212142189769209,false,5
9019,0.26669605929665513,0.09648117267225662,0.09781477627471384,0.09648117267225662,false,1
9021,0.4242781228673425,0.18784579734703277,0.19701986754966888,0.18784579734703277,false,2
9022,0.25911097206991124,0.09750911560625294,0.0974264705882353,0.09750911560625294,false,5
9023,0.3490087424002912,0.13772208862402852,0.12310606060606061,0.13772208862402852,false,1
9027,0.23285958830093176,0.0873074336377021,0.08004509582863585,0.0873074336377021,false,5
9028,0.48052755689501686,0.23177613383840145,0.2572178477690289,0.23177613383840145,false,5
9029,0.4143043550792729,0.18161490440840217,0.19455252918287938,0.18161490440840217,false,5
9030,0.20844923261408618,0.07434074789011148,0.07564422277639235,0.07434074789011148,false,1
9031,0.27010997073278453,0.0977993081459798,0.07591240875912408,0.0977993081459798,false,4
9032,0.24232462774631774,0.08968784068884446,0.08464419475655428,0.08968784068884446,false,2
9033,0.5212330627025682,0.2671093030496824,0.2683397683397683,0.2671093030496824,false,2
9034,0.21059311385926766,0.0748850001629513,0.07591240875912408,0.0748850001629513,false,4
9035,0.2526786719206679,0.09491518470427047,0.0974264705882353,0.09491518470427047,false,5
9037,0.23604796839164124,0.08473079575616496,0.07043343653250773,0.08473079575616496,false,3
9039,0.43288673449127907,0.1940236551578859,0.19471153846153846,0.1940236551578859,false,1
9043,0.2160508142957476,0.07676153420224303,0.07591240875912408,0.07676153420224303,false,4
9044,0.35192016731942904,0.13942194559559914,0.12310606060606061,0.13942194559559914,false,1
9045,0.39064386927910005,0.16376622291325302,0.1884469696969697,0.16376622291325302,false,4
9046,0.3135768290944007,0.11829972534863885,0.13059033989266547,0.11829972534863885,false,4
9049,0.29478957858927485,0.1094646209618342,0.10187667560321716,0.1094646209618342,false,3
9050,0.38940344369443614,0.16415456965853284,0.16071428571428573,0.16415456965853284,false,2
9051,0.22914888983460258,0.08218389674103418,0.07043343653250773,0.08218389674103418,false,3
9052,0.20329725491128275,0.07262516110165994,0.07564422277639235,0.07262516110165994,false,1
9053,0.31166194356923266,0.11765914583895237,0.10569105691056911,0.11765914583895237,false,3
9054,0.4055268227827781,0.17401448666539254,0.1884469696969697,0.17401448666539254,false,4
9056,0.5624491062331816,0.30611042755227075,0.2698412698412698,0.30611042755227075,false,5
9057,0.4694581323365824,0.22232486448944783,0.2349570200573066,0.22232486448944783,false,2
9058,0.22999966740325622,0.08175495430423256,0.07591240875912408,0.08175495430423256,false,4
9059,0.13161838768026402,0.052080065764684116,0.07317073170731705,0.052080065764684116,false,4
9061,0.4298809481495464,0.19173492280801582,0.19471153846153846,0.19173492280801582,false,1
9063,0.4945637630828702,0.24591098717115692,0.2692307692307692,0.24591098717115692,false,4
9064,0.4267755269957025,0.190370483230354,0.20187793427230047,0.190370483230354,false,5
9065,0.37484491377569124,0.15597944499510444,0.14814814814814814,0.15597944499510444,false,5
9067,0.2465181869805729,0.0882136950339096,0.07564422277639235,0.0882136950339096,false,1
9068,0.2465181869805729,0.0882136950339096,0.07564422277639235,0.0882136950339096,false,1
9069,0.2928018785079167,0.10853290684282592,0.10187667560321716,0.10853290684282592,false,3
9071,0.5878905134918991,0.33172959387661555,0.3174061433447099,0.33172959387661555,false,5
9073,0.4005904887480696,0.17148109184653004,0.16071428571428573,0.17148109184653004,false,2
9074,0.2977737816305376,0.1144673945434671,0.11331444759206799,0.1144673945434671,false,5
9075,0.30151185523420476,0.11266775537245598,0.10187667560321716,0.11266775537245598,false,3
9076,0.41680504942546326,0.18133763591293742,0.1753846153846154,0.18133763591293742,false,3
9077,0.6452770728258312,0.4002110569922231,0.345679012345679,0.4002110569922231,false,3
9078,0.4154459283151282,0.1811216932784032,0.1884469696969697,0.1811216932784032,false,4
9079,0.27578981220046567,0.10042876839565416,0.09781477627471384,0.10042876839565416,false,1
9080,0.16792802764323744,0.0624723896816613,0.07043343653250773,0.0624723896816613,false,3
9081,0.29658889282849754,0.11275073071335674,0.10574712643678161,0.11275073071335674,false,2
9086,0.5114063329603897,0.2611465464580443,0.24489795918367344,0.2611465464580443,false,1
9087,0.26927527837684445,0.10173699584800622,0.0974264705882353,0.10173699584800622,false,5
9088,0.4278572430097915,0.19042017075225884,0.19701986754966888,0.19042017075225884,false,2
9089,0.7217092796947463,0.48273653643783393,0.4634146341463415,0.48273653643783393,false,2
9090,0.4380428168044236,0.19789375550334593,0.19701986754966888,0.19789375550334593,false,2
9091,0.3440295627556984,0.1348553415107169,0.12310606060606061,0.1348553415107169,false,1
9092,0.4027097503707693,0.17289787685105168,0.16071428571428573,0.17289787685105168,false,2
9093,0.39172212715884114,0.1644588297744646,0.19471153846153846,0.1644588297744646,false,1
9094,0.36238975688479164,0.1475015599817663,0.14182692307692307,0.1475015599817663,false,2
9095,0.3770037266778711,0.1563301180403891,0.14182692307692307,0.1563301180403891,false,2
9096,0.4594648001373556,0.21432677512709966,0.2349570200573066,0.21432677512709966,false,2
9097,0.21460339090234676,0.07704137153291947,0.07043343653250773,0.07704137153291947,false,3
9098,0.24655235249244442,0.09250225231050872,0.0974264705882353,0.09250225231050872,false,5
9099,0.221114104063436,0.07854091315648552,0.07591240875912408,0.07854091315648552,false,4
9100,0.29749770831526634,0.11031477799221852,0.1111111111111111,0.11031477799221852,false,4
9101,0.28141630376518423,0.10582565882188442,0.08464419475655428,0.10582565882188442,false,2
9102,0.28141630376518423,0.10582565882188442,0.08464419475655428,0.10582565882188442,false,2
9103,0.5142166808113138,0.2642285049486855,0.2692307692307692,0.2642285049486855,false,4
9107,0.3048002131083473,0.11781236758492104,0.11458333333333333,0.11781236758492104,false,5
9108,0.2858972248697539,0.10783087361077831,0.10574712643678161,0.10783087361077831,false,2
9109,0.21673446378995007,0.07717798783279205,0.07564422277639235,0.07717798783279205,false,1
9112,0.5326165357270917,0.27753402340515837,0.2572178477690289,0.27753402340515837,false,5
9113,0.7340180990819835,0.49716215888020104,0.4634146341463415,0.49716215888020104,false,2
9114,0.5475581339825338,0.29164058167216667,0.2572178477690289,0.29164058167216667,false,5
9115,0.41054428832738327,0.17689480732267562,0.1753846153846154,0.17689480732267562,false,3
9117,0.25327606200712965,0.09397068086646243,0.08464419475655428,0.09397068086646243,false,2
9118,0.2126225893286023,0.07894571856836059,0.08464419475655428,0.07894571856836059,false,2
9119,0.17602196696140765,0.06413651395481804,0.07564422277639235,0.06413651395481804,false,1
9121,0.2704455300753956,0.09794468846206644,0.07591240875912408,0.09794468846206644,false,4
9122,0.32082999782900656,0.12576135327356233,0.12717770034843207,0.12576135327356233,false,5
9123,0.2564121404971271,0.09641315429785256,0.0974264705882353,0.09641315429785256,false,5
9124,0.45879655499306743,0.21461240088576505,0.22487223168654175,0.21461240088576505,false,1
9125,0.19677439407475308,0.0703208021384002,0.07317073170731705,0.0703208021384002,false,4
9126,0.34154554907429335,0.136709730225701,0.14814814814814814,0.136709730225701,false,5
9127,0.21168506122836164,0.07604576415072058,0.07043343653250773,0.07604576415072058,false,3
9128,0.21214148653677614,0.07878180196635691,0.08464419475655428,0.07878180196635691,false,2
9129,0.4852450113476132,0.23722055915954118,0.22487223168654175,0.23722055915954118,false,1
9130,0.2282772679878569,0.08562873774279163,0.08004509582863585,0.08562873774279163,false,5
9131,0.26489759249049283,0.09871518988580398,0.08464419475655428,0.09871518988580398,false,2
9132,0.48865052066724074,0.24057007332485789,0.23670212765957446,0.24057007332485789,false,4
9133,0.28663683857655686,0.10933507290107301,0.11331444759206799,0.10933507290107301,false,5
9138,0.48151121430025695,0.23258943400949614,0.2572178477690289,0.23258943400949614,false,5
9139,0.489051878294277,0.24060629911384718,0.22487223168654175,0.24060629911384718,false,1
9140,0.25726058696588905,0.09675650648752333,0.0974264705882353,0.09675650648752333,false,5
9141,0.3528308646808149,0.14300516706960478,0.14814814814814814,0.14300516706960478,false,5
9142,0.30094750251426694,0.11596790226038155,0.11331444759206799,0.11596790226038155,false,5
9143,0.3054662168039839,0.11458998724338215,0.10187667560321716,0.11458998724338215,false,3
9144,0.2507066593872766,0.0897141513548763,0.07591240875912408,0.0897141513548763,false,4
9146,0.5480243031879476,0.2971489617361504,0.3023255813953488,0.2971489617361504,false,1
9147,0.3978945189549151,0.17057589022069497,0.18571428571428572,0.17057589022069497,false,5
9148,0.3912808241542872,0.16627995341972446,0.1651376146788991,0.16627995341972446,false,5
9149,0.3978945189549151,0.17057589022069497,0.18571428571428572,0.17057589022069497,false,5
9150,0.33288131226219525,0.12861924389329252,0.12310606060606061,0.12861924389329252,false,1
9153,0.44408553888192065,0.2024309311953559,0.19701986754966888,0.2024309311953559,false,2
9156,0.4542595495205288,0.20973291447947046,0.22486288848263253,0.20973291447947046,false,3
9158,0.2734947436504822,0.09927460362050639,0.07591240875912408,0.09927460362050639,false,4
9159,0.19966099881466629,0.07206711124072933,0.07043343653250773,0.07206711124072933,false,3
9163,0.19311611952371335,0.06998299211071043,0.07043343653250773,0.06998299211071043,false,3
9164,0.5400712555457453,0.28961826026454374,0.28969957081545067,0.28961826026454374,false,4
9165,0.46224948828068074,0.21702627613857742,0.21678321678321674,0.21702627613857742,false,5
9166,0.40394919931796397,0.1737307649754057,0.16071428571428573,0.1737307649754057,false,2
9167,0.17756102427269152,0.06891789609336699,0.08,0.06891789609336699,false,5
9168,0.2834263241869063,0.10371821591729465,0.10101010101010101,0.10371821591729465,false,4
9169,0.22458785325651653,0.08053859106824537,0.07043343653250773,0.08053859106824537,false,3
9171,0.28536146549728536,0.10510689202712122,0.09375,0.10510689202712122,false,3
9172,0.2612390861290481,0.09719903695871042,0.08464419475655428,0.09719903695871042,false,2
9174,0.3152239815766581,0.1217944676241681,0.13073170731707318,0.1217944676241681,false,2
9175,0.2835222323935536,0.10376197277219869,0.10101010101010101,0.10376197277219869,false,4
9177,0.2658591572924467,0.09597424928096736,0.07591240875912408,0.09597424928096736,false,4
9178,0.4027112760141068,0.17203764500762272,0.1884469696969697,0.17203764500762272,false,4
9181,0.2865682204689224,0.10813400423493662,0.10574712643678161,0.10813400423493662,false,2
9182,0.20796203559321458,0.07417693081238144,0.07564422277639235,0.07417693081238144,false,1
9184,0.43672785359364447,0.19697855440380765,0.19471153846153846,0.19697855440380765,false,1
9185,0.4624554830758342,0.21764434986260206,0.22487223168654175,0.21764434986260206,false,1
9187,0.4631949802905308,0.2177723389543661,0.21678321678321674,0.2177723389543661,false,5
9188,0.3784106391423618,0.1557063178952608,0.18888888888888888,0.1557063178952608,false,1
9189,0.6785769436907079,0.43933454228906904,0.4747191011235955,0.43933454228906904,false,3
9190,0.6611690882091539,0.41875590401764484,0.449438202247191,0.41875590401764484,false,3
9204,0.5078463406907867,0.25580298395043094,0.25,0.25580298395043094,false,3
9205,0.39604235743338145,0.1673831365859284,0.19471153846153846,0.1673831365859284,false,1
9206,0.3551770907031462,0.14329835178702124,0.13073170731707318,0.14329835178702124,false,2
9207,0.41166006528541726,0.17830135881666295,0.19471153846153846,0.17830135881666295,false,1
9208,0.34800725258326687,0.1371263925869471,0.14937759336099585,0.1371263925869471,false,3
9209,0.32838545263645363,0.1263007544724606,0.12396694214876033,0.1263007544724606,false,3
9210,0.21087028719447656,0.075769914171732,0.07043343653250773,0.075769914171732,false,3
9212,0.28034755433666286,0.10535227349782703,0.08464419475655428,0.10535227349782703,false,2
9213,0.5990557689445875,0.35176147501365684,0.31493506493506496,0.35176147501365684,false,1
9214,0.5015209469819478,0.25192544765106717,0.22487223168654175,0.25192544765106717,false,1
9216,0.26020300554153514,0.09359304917525375,0.07591240875912408,0.09359304917525375,false,4
9217,0.5223651594855049,0.26936968996725,0.25,0.26936968996725,false,3
9218,0.4818208771086441,0.2328458783037864,0.2572178477690289,0.2328458783037864,false,5
9219,0.2802034619107117,0.10646318518872662,0.10112359550561797,0.10646318518872662,false,5
9220,0.23230669575808907,0.08278045174887969,0.07564422277639235,0.08278045174887969,false,1
9221,0.32909820230806014,0.12892761239624917,0.13073170731707318,0.12892761239624917,false,2
9222,0.17890212028882174,0.06818488713125025,0.0755813953488372,0.06818488713125025,false,2
9224,0.24023536550264982,0.08889103093452895,0.08464419475655428,0.08889103093452895,false,2
9225,0.4393118515837201,0.19898540905458925,0.19471153846153846,0.19898540905458925,false,1
9226,0.18706437242944443,0.07065773282599429,0.0755813953488372,0.07065773282599429,false,2
9227,0.2500697721905789,0.09269814666044653,0.08464419475655428,0.09269814666044653,false,2
9228,0.35109432910289184,0.14096360815014605,0.13073170731707318,0.14096360815014605,false,2
9229,0.36585863464003765,0.15057096546820647,0.14814814814814814,0.15057096546820647,false,5
9230,0.269050051131028,0.0974895413778267,0.09781477627471384,0.0974895413778267,false,1
9231,0.21896778337816766,0.07795958947804818,0.07564422277639235,0.07795958947804818,false,1
9234,0.2902271257616885,0.10980016365069178,0.10574712643678161,0.10980016365069178,false,2
9235,0.4782362691220588,0.22988937916518593,0.2572178477690289,0.22988937916518593,false,5
9236,0.6199930114582464,0.3667597909918917,0.34049079754601225,0.3667597909918917,false,2
9237,0.6722468353945213,0.43700847814724403,0.4583333333333333,0.43700847814724403,false,1
9238,0.4465615719079194,0.20364114666361624,0.22486288848263253,0.20364114666361624,false,3
9239,0.5347256925419399,0.27967856571750793,0.2683397683397683,0.27967856571750793,false,2
9240,0.5749567325760645,0.31856853437609567,0.2698412698412698,0.31856853437609567,false,5
9241,0.4346072985760043,0.19534307189852493,0.19471153846153846,0.19534307189852493,false,1
9242,0.5626720735154637,0.3068292977434951,0.2683397683397683,0.3068292977434951,false,2
9244,0.33792594843146184,0.13134126368814614,0.13059033989266547,0.13134126368814614,false,4
9245,0.3434627469165072,0.13453221236112597,0.12310606060606061,0.13453221236112597,false,1
9247,0.18867430443663633,0.0677663022009707,0.07317073170731705,0.0677663022009707,false,4
9248,0.3324344159896326,0.1283744587551468,0.12310606060606061,0.1283744587551468,false,1
9249,0.6028961695775826,0.35687318915665595,0.3566666666666667,0.35687318915665595,false,4
9250,0.26153573616396075,0.09430321239073323,0.09781477627471384,0.09430321239073323,false,1
9251,0.23251277568842205,0.08600095530357975,0.08464419475655428,0.08600095530357975,false,2
9252,0.28611837990302363,0.10793070052786036,0.10574712643678161,0.10793070052786036,false,2
9253,0.4455934694233828,0.20418678500813348,0.21678321678321674,0.20418678500813348,false,5
9254,0.32735247532295986,0.12912507785296928,0.12717770034843207,0.12912507785296928,false,5
9256,0.48369851636775346,0.23440504163798775,0.2572178477690289,0.23440504163798775,false,5
9257,0.6868492073491231,0.44919173379712685,0.4747191011235955,0.44919173379712685,false,3
9258,0.2043101900510376,0.07731697959734543,0.08004509582863585,0.07731697959734543,false,5
9259,0.47963229782056716,0.23075127560487316,0.2408026755852843,0.23075127560487316,false,3
9261,0.22215726597302152,0.07908838872467296,0.07564422277639235,0.07908838872467296,false,1
9262,0.5247388784232944,0.27163044910400386,0.25,0.27163044910400386,false,3
9264,0.5051347968249735,0.2527150887972551,0.2572178477690289,0.2527150887972551,false,5
9266,0.4643511629771613,0.21821115303361927,0.2349570200573066,0.21821115303361927,false,2
9267,0.39715040228688375,0.1676778970711875,0.1753846153846154,0.1676778970711875,false,3
9268,0.44964683559420116,0.20716541810528505,0.19471153846153846,0.20716541810528505,false,1
9269,0.35685464231544545,0.14530752970255406,0.14814814814814814,0.14530752970255406,false,5
9270,0.2585604534025295,0.0930675768665577,0.09781477627471384,0.0930675768665577,false,1
9271,0.3038105322050609,0.1133918852841602,0.1111111111111111,0.1133918852841602,false,4
9273,0.33168941926776296,0.1279672738008294,0.12310606060606061,0.1279672738008294,false,1
9275,0.5212927183274298,0.2710338228416195,0.28969957081545067,0.2710338228416195,false,4
9276,0.4924186617405488,0.24188727324814147,0.2408026755852843,0.24188727324814147,false,3
9277,0.48089564984787225,0.2333926957123602,0.22487223168654175,0.2333926957123602,false,1
9278,0.3466157590251873,0.1363379966997653,0.12310606060606061,0.1363379966997653,false,1
9279,0.44366731870949705,0.2021144262812488,0.19701986754966888,0.2021144262812488,false,2
9280,0.3946642458243973,0.16756812045410974,0.16071428571428573,0.16756812045410974,false,2
9282,0.3890829869046123,0.16394845302411787,0.16071428571428573,0.16394845302411787,false,2
9283,0.5249738413273156,0.2741523378472368,0.24489795918367344,0.2741523378472368,false,1
9289,0.2612390861290481,0.09719903695871042,0.08464419475655428,0.09719903695871042,false,2
9292,0.2512204004002711,0.09433576535277981,0.0974264705882353,0.09433576535277981,false,5
9294,0.22527557555535271,0.08337007009021187,0.08464419475655428,0.08337007009021187,false,2
9295,0.21642005401335834,0.08141999904919596,0.08004509582863585,0.08141999904919596,false,5
9296,0.2951049602390017,0.10961309613717653,0.10187667560321716,0.10961309613717653,false,3
9297,0.1727189630209908,0.06298455681099152,0.07317073170731705,0.06298455681099152,false,4
9298,0.21795680343544022,0.08195464509752824,0.08004509582863585,0.08195464509752824,false,5
9299,0.26599815392784903,0.09618400944135211,0.09781477627471384,0.09618400944135211,false,1
9300,0.27791170625001177,0.10428033056804555,0.08464419475655428,0.10428033056804555,false,2
9301,0.32892875555551143,0.1264680054187854,0.12310606060606061,0.1264680054187854,false,1
9302,0.6357639292828905,0.38264381274558035,0.3416666666666667,0.38264381274558035,false,5
9303,0.6357639292828905,0.38264381274558035,0.3416666666666667,0.38264381274558035,false,5
9305,0.3570915181674855,0.14544402179586433,0.14814814814814814,0.14544402179586433,false,5
9306,0.466239263160282,0.2197256120951382,0.2349570200573066,0.2197256120951382,false,2
9307,0.3393672813741847,0.13443393939691214,0.13073170731707318,0.13443393939691214,false,2
9308,0.3353517931749332,0.12997962451524997,0.12310606060606061,0.12997962451524997,false,1
9309,0.6131981599455468,0.36855746763187214,0.3566666666666667,0.36855746763187214,false,4
9310,0.7672298923732519,0.5526221177677518,0.5255813953488372,0.5526221177677518,false,1
9311,0.23144246447871225,0.08228801137741605,0.07591240875912408,0.08228801137741605,false,4
9312,0.6765874685284651,0.42824700814101685,0.45180722891566266,0.42824700814101685,false,5
9313,0.41053402270045697,0.17903034727464662,0.19455252918287938,0.17903034727464662,false,5
9314,0.2982852884480865,0.11081538440126154,0.09781477627471384,0.11081538440126154,false,1
9315,0.6455925742083912,0.39346805650619987,0.3416666666666667,0.39346805650619987,false,5
9316,0.683600049530812,0.4383606024962242,0.4340659340659341,0.4383606024962242,false,2
9317,0.2387844404589213,0.08504988131958814,0.07591240875912408,0.08504988131958814,false,4
9318,0.44397374261891703,0.202644835439012,0.19471153846153846,0.202644835439012,false,1
9319,0.5919411568531743,0.33677276595682626,0.34049079754601225,0.33677276595682626,false,2
9321,0.7133044124517542,0.4703552739498334,0.49159663865546216,0.4703552739498334,false,5
9322,0.328905599625318,0.1299372572472235,0.12717770034843207,0.1299372572472235,false,5
9323,0.42965450301999647,0.1917230363648217,0.19701986754966888,0.1917230363648217,false,2
9324,0.346485304602359,0.1362628801325483,0.12310606060606061,0.1362628801325483,false,1
9328,0.36930182264557915,0.1499386966787767,0.16346153846153846,0.1499386966787767,false,1
9329,0.27934019426348294,0.10200855627620142,0.09781477627471384,0.10200855627620142,false,1
9330,0.23306340876685616,0.08620417205979321,0.08464419475655428,0.08620417205979321,false,2
9331,0.2112488778646727,0.07528857706441229,0.07564422277639235,0.07528857706441229,false,1
9333,0.3448308234840486,0.1353224452660027,0.14937759336099585,0.1353224452660027,false,3
9336,0.24795386168900627,0.08861712777240031,0.07591240875912408,0.08861712777240031,false,4
9337,0.2320183479020116,0.08250165991385561,0.07591240875912408,0.08250165991385561,false,4
9338,0.2292467290262977,0.08480448656519603,0.08464419475655428,0.08480448656519603,false,2
9339,0.32125159365810846,0.12237749414415604,0.102803738317757,0.12237749414415604,false,1
9340,0.20262377669265322,0.07676085087018934,0.08004509582863585,0.07676085087018934,false,5
9341,0.24712651790445428,0.08828979539627695,0.07591240875912408,0.08828979539627695,false,4
9342,0.26779492002074967,0.1011112742142704,0.0974264705882353,0.1011112742142704,false,5
9343,0.18250724914661606,0.07040455119269734,0.08004509582863585,0.07040455119269734,false,5
9345,0.2502166652921062,0.08951799115358873,0.07591240875912408,0.08951799115358873,false,4
9347,0.18770133054898128,0.06830101038478417,0.07043343653250773,0.06830101038478417,false,3
9348,0.24795386168900627,0.08861712777240031,0.07591240875912408,0.08861712777240031,false,4
9349,0.37879781066576484,0.15596056467590075,0.16,0.15596056467590075,false,4
9350,0.2886565762357899,0.10908224115688786,0.10574712643678161,0.10908224115688786,false,2
9351,0.1842852366685007,0.06980659625763645,0.0755813953488372,0.06980659625763645,false,2
9352,0.21091427372193977,0.07953050394365321,0.08004509582863585,0.07953050394365321,false,5
9355,0.268129307375105,0.1000719534010814,0.08464419475655428,0.1000719534010814,false,2
9356,0.2464834032379085,0.09129311441434305,0.08464419475655428,0.09129311441434305,false,2
9357,0.4850176510457754,0.23550475510694366,0.2572178477690289,0.23550475510694366,false,5
9358,0.45908913554744113,0.21403023473890528,0.2349570200573066,0.21403023473890528,false,2
9359,0.24915673145692413,0.08925725782286836,0.07564422277639235,0.08925725782286836,false,1
9360,0.38900249969307105,0.1622609680401572,0.1753846153846154,0.1622609680401572,false,3
9361,0.48881613957777553,0.24039568282439114,0.22487223168654175,0.24039568282439114,false,1
9362,0.2552924547169741,0.09156884768863628,0.07591240875912408,0.09156884768863628,false,4
9363,0.4518358738793547,0.2089295451136169,0.19471153846153846,0.2089295451136169,false,1
9364,0.3739418107423836,0.15444539833650595,0.14182692307692307,0.15444539833650595,false,2
9365,0.36233778743801504,0.14562141598238976,0.13894736842105262,0.14562141598238976,false,4
9366,0.2657722507130196,0.09654001750397419,0.08676789587852494,0.09654001750397419,false,3
9370,0.3110653324506753,0.11712630247954336,0.102803738317757,0.11712630247954336,false,1
9371,0.4557671289305237,0.21212540178761355,0.22487223168654175,0.21212540178761355,false,1
9373,0.3502052717313087,0.1383696555811123,0.13894736842105262,0.1383696555811123,false,4
9374,0.2695325360440628,0.09769737869214672,0.09781477627471384,0.09769737869214672,false,1
9375,0.2764255002455443,0.10071001951952425,0.09781477627471384,0.10071001951952425,false,1
9376,0.26043154501203053,0.09368822698341929,0.07591240875912408,0.09368822698341929,false,4
9378,0.5212693621962459,0.26710636703240337,0.2572178477690289,0.26710636703240337,false,5
9379,0.23938609894550933,0.08974975053885649,0.0945945945945946,0.08974975053885649,false,5
9380,0.41357109696833616,0.18030446876408227,0.19701986754966888,0.18030446876408227,false,2
9384,0.38687669385352513,0.16346757043560803,0.14814814814814814,0.16346757043560803,false,5
9388,0.29074424478164684,0.10710411528223217,0.1111111111111111,0.10710411528223217,false,4
9389,0.35505846273497305,0.14120320304059897,0.14937759336099585,0.14120320304059897,false,3
9390,0.5891526721661466,0.33302855647170515,0.3174061433447099,0.33302855647170515,false,5
9392,0.6577772555279668,0.41477665338030956,0.449438202247191,0.41477665338030956,false,3
9393,0.571413669143899,0.3150120501884331,0.2698412698412698,0.3150120501884331,false,5
9394,0.309503675383345,0.11658200721473602,0.10569105691056911,0.11658200721473602,false,3
9395,0.2654092284272047,0.09578286700455106,0.07591240875912408,0.09578286700455106,false,4
9396,0.26175678097703714,0.09439559646679042,0.09781477627471384,0.09439559646679042,false,1
9397,0.7402736047157731,0.5015904270123777,0.49159663865546216,0.5015904270123777,false,5
9398,0.4455794959221969,0.2028735319624083,0.22486288848263253,0.2028735319624083,false,3
9399,0.49838187431783254,0.24940173472006746,0.2692307692307692,0.24940173472006746,false,4
9400,0.1804806941026457,0.06865679293250845,0.0755813953488372,0.06865679293250845,false,2
9401,0.1804806941026457,0.06865679293250845,0.0755813953488372,0.06865679293250845,false,2
9402,0.7244924164498756,0.4944374365718906,0.4747191011235955,0.4944374365718906,false,3
9403,0.21592768745613905,0.0774970935275246,0.07043343653250773,0.0774970935275246,false,3
9404,0.45357926952848104,0.21054411295612918,0.1884469696969697,0.21054411295612918,false,4
9405,0.4655206359663199,0.22044872581775646,0.23670212765957446,0.22044872581775646,false,4
9406,0.2991074468295977,0.11151277174049348,0.10187667560321716,0.11151277174049348,false,3
9407,0.21706239944869124,0.080473181901989,0.08464419475655428,0.080473181901989,false,2
9408,0.7437183225218028,0.5254885904700941,0.5164835164835165,0.5254885904700941,false,4
9409,0.7106128783672243,0.4697557784980348,0.4634146341463415,0.4697557784980348,false,2
9410,0.5031762649240428,0.25345437244490227,0.22487223168654175,0.25345437244490227,false,1
9411,0.6885797619159493,0.44411875414013735,0.4340659340659341,0.44411875414013735,false,2
9412,0.4938612239156515,0.2427399888235668,0.2612612612612612,0.2427399888235668,false,2
9413,0.5297495284978213,0.27644152863416177,0.25,0.27644152863416177,false,3
9414,0.7004798735319501,0.45793721254052194,0.4634146341463415,0.45793721254052194,false,2
9415,0.5170889844944998,0.2633281223970216,0.2572178477690289,0.2633281223970216,false,5
9416,0.727281642658011,0.4892650827654101,0.4634146341463415,0.4892650827654101,false,2
9417,0.3558362083390116,0.14165902122450943,0.14937759336099585,0.14165902122450943,false,3
9418,0.5677063028203672,0.3145391530826105,0.3425925925925926,0.3145391530826105,false,3
9420,0.7423747374562852,0.5069600858613458,0.532258064516129,0.5069600858613458,false,2
9421,0.5127040628241594,0.2623731419287173,0.24489795918367344,0.2623731419287173,false,1
9422,0.5207860613960935,0.2666990907075733,0.2683397683397683,0.2666990907075733,false,2
9423,0.5788481169344226,0.3262474845469692,0.3425925925925926,0.3262474845469692,false,3
9424,0.5215157193831593,0.2712500729312774,0.28969957081545067,0.2712500729312774,false,4
9425,0.5922781382404432,0.34500621034175705,0.3566666666666667,0.34500621034175705,false,4
9426,0.6313127660257413,0.3885219448352164,0.391304347826087,0.3885219448352164,false,1
9427,0.48059974717573484,0.23183575407943935,0.2572178477690289,0.23183575407943935,false,5
9428,0.4460305113289481,0.20390772530640605,0.2,0.20390772530640605,false,2
9429,0.3855048622795582,0.1603420836709933,0.1884469696969697,0.1603420836709933,false,4
9430,0.4475156681642092,0.20545852309131826,0.19471153846153846,0.20545852309131826,false,1
9431,0.24858781339569294,0.09329777170998575,0.0974264705882353,0.09329777170998575,false,5
9432,0.3855048622795582,0.1603420836709933,0.1884469696969697,0.1603420836709933,false,4
9433,0.7048170706537233,0.4765163241781328,0.5167954824504029,0.4765163241781328,false,1
9434,0.3442794821846327,0.13499802303022734,0.12310606060606061,0.13499802303022734,false,1
9435,0.49184390951857493,0.24344449850074518,0.2692307692307692,0.24344449850074518,false,4
9437,0.6124885417894004,0.3574865452597868,0.3174061433447099,0.3574865452597868,false,5
9438,0.5367057448068142,0.28155326843465106,0.2683397683397683,0.28155326843465106,false,2
9439,0.6091858850852868,0.3592132033196286,0.345679012345679,0.3592132033196286,false,3
9440,0.4671880945312079,0.2216116751897307,0.22487223168654175,0.2216116751897307,false,1
9441,0.5820480188725731,0.3337524383063714,0.30769230769230776,0.3337524383063714,false,4
9442,0.3392795190054737,0.13216762616682973,0.12310606060606061,0.13216762616682973,false,1
9443,0.37983651731635376,0.1566326763633558,0.1884469696969697,0.1566326763633558,false,4
9444,0.5240448357202009,0.27324904921736065,0.24489795918367344,0.27324904921736065,false,1
9445,0.4750380589198858,0.22683876171242942,0.22486288848263253,0.22683876171242942,false,3
9446,0.3126927663544042,0.12053035434630045,0.13073170731707318,0.12053035434630045,false,2
9447,0.4852614953025826,0.23540307264626173,0.2612612612612612,0.23540307264626173,false,2
9448,0.5663069653632088,0.31680323763591445,0.28969957081545067,0.31680323763591445,false,4
9449,0.49692300791739874,0.2453893712396381,0.2612612612612612,0.2453893712396381,false,2
9450,0.49539238052742696,0.24406247469331802,0.2612612612612612,0.24406247469331802,false,2
9451,0.6905912027913046,0.45366429872627206,0.4747191011235955,0.45366429872627206,false,3
9452,0.4915607129765403,0.24076217007627712,0.2612612612612612,0.24076217007627712,false,2
9453,0.5112978921560523,0.25898719941902215,0.25,0.25898719941902215,false,3
9454,0.47482662293060857,0.2267086192886644,0.2612612612612612,0.2267086192886644,false,2
9455,0.3062352262989536,0.11735660504704097,0.10574712643678161,0.11735660504704097,false,2
9457,0.2589727565313805,0.09323793518682372,0.09781477627471384,0.09323793518682372,false,1
9458,0.523149329844985,0.26887239590482137,0.2683397683397683,0.26887239590482137,false,2
9459,0.3135215256435692,0.11859412451974413,0.11428571428571428,0.11859412451974413,false,3
9460,0.451704924450599,0.20769659967209644,0.22486288848263253,0.20769659967209644,false,3
9461,0.27589635623999015,0.10047585856674907,0.09781477627471384,0.10047585856674907,false,1
9462,0.43002315122686935,0.19197358720334312,0.1884469696969697,0.19197358720334312,false,4
9463,0.43564664899308414,0.19629039442436588,0.1884469696969697,0.19629039442436588,false,4
9464,0.2711635907582816,0.09840290700228566,0.09781477627471384,0.09840290700228566,false,1
9465,0.5037177273165914,0.25202804821661984,0.25,0.25202804821661984,false,3
9466,0.19320789239810804,0.0737226732495829,0.08004509582863585,0.0737226732495829,false,5
9467,0.22441628965635763,0.08423706584873336,0.08004509582863585,0.08423706584873336,false,5
9468,0.28933522580724885,0.10939195559857817,0.10574712643678161,0.10939195559857817,false,2
9469,0.3248461820427625,0.12427838522300005,0.102803738317757,0.12427838522300005,false,1
9470,0.6298866509427515,0.3878114501732606,0.3566666666666667,0.3878114501732606,false,4
9471,0.46319974612623105,0.21729129369605069,0.2349570200573066,0.21729129369605069,false,2
9472,0.4103143622954889,0.17741698932083025,0.1884469696969697,0.17741698932083025,false,4
9473,0.30147928447509886,0.11224692432637848,0.1111111111111111,0.11224692432637848,false,4
9474,0.45566865660157896,0.21225328795089143,0.1884469696969697,0.21225328795089143,false,4
9475,0.3426455472959489,0.13400609303329244,0.13059033989266547,0.13400609303329244,false,4
9476,0.30198500376824416,0.11530745386117103,0.10574712643678161,0.11530745386117103,false,2
9477,0.19363410963710517,0.07270802692742462,0.08464419475655428,0.07270802692742462,false,2
9478,0.33221975374430107,0.13168487006723548,0.12717770034843207,0.13168487006723548,false,5
9479,0.23879794818097833,0.08834653912395042,0.08464419475655428,0.08834653912395042,false,2
9481,0.7640373203967189,0.54875837116007,0.5255813953488372,0.54875837116007,false,1
9482,0.3831317402812462,0.15878051722605702,0.1884469696969697,0.15878051722605702,false,4
9483,0.19907380352454318,0.07560214559239664,0.08004509582863585,0.07560214559239664,false,5
9484,0.43625696301460914,0.19676328008396585,0.1884469696969697,0.19676328008396585,false,4
9485,0.5099780456194309,0.25776654138282407,0.25,0.25776654138282407,false,3
9486,0.27687818579897283,0.10500496639684131,0.10112359550561797,0.10500496639684131,false,5
9487,0.32498038831861764,0.12449832323848951,0.12396694214876033,0.12449832323848951,false,3
9488,0.4274192931576979,0.1898758987606022,0.19471153846153846,0.1898758987606022,false,1
9489,0.5202936235658785,0.2662214145273709,0.2572178477690289,0.2662214145273709,false,5
9490,0.5376993110484508,0.28671074185640577,0.3,0.28671074185640577,false,1
9491,0.47801104569423075,0.22936522366875028,0.2408026755852843,0.22936522366875028,false,3
9492,0.4967611678977195,0.2479159558969447,0.2692307692307692,0.2479159558969447,false,4
9493,0.47801104569423075,0.22936522366875028,0.2408026755852843,0.22936522366875028,false,3
9494,0.40694906041109524,0.1757597290012358,0.19701986754966888,0.1757597290012358,false,2
9495,0.4680883459735231,0.22121607933201196,0.2349570200573066,0.22121607933201196,false,2
9496,0.346407522393054,0.13621810918301863,0.12310606060606061,0.13621810918301863,false,1
9497,0.36092786098069446,0.14467352988430582,0.14937759336099585,0.14467352988430582,false,3
9499,0.47190687005990306,0.2243168895526542,0.2349570200573066,0.2243168895526542,false,2
9500,0.38395548571740595,0.16067871037397358,0.16071428571428573,0.16067871037397358,false,2
9504,0.8808879197263608,0.6631772443427539,0.7272727272727273,0.6631772443427539,false,2
9505,0.3693234368870684,0.1499381663566863,0.13894736842105262,0.1499381663566863,false,4
9506,0.7697035887243868,0.5556115204729211,0.5255813953488372,0.5556115204729211,false,1
9507,0.5616470146543668,0.3112504611789356,0.31493506493506496,0.3112504611789356,false,1
9508,0.5466051312522606,0.2930062074084935,0.2638297872340426,0.2930062074084935,false,3
9509,0.43597731694568476,0.1954818978870417,0.22486288848263253,0.1954818978870417,false,3
9510,0.5522817682664594,0.3015164149419047,0.3023255813953488,0.3015164149419047,false,1
9513,0.5335818740220142,0.2801565647210204,0.2638297872340426,0.2801565647210204,false,3
9515,0.4117838351246621,0.1784717542830713,0.1884469696969697,0.1784717542830713,false,4
9519,0.5870202753718629,0.33163737073332844,0.34049079754601225,0.33163737073332844,false,2
9520,0.3021187931284165,0.11296095080670203,0.10187667560321716,0.11296095080670203,false,3
9521,0.36233778743801504,0.14562141598238976,0.13894736842105262,0.14562141598238976,false,4
9522,0.7144950031499865,0.48966299246457234,0.5,0.48966299246457234,false,4
9523,0.6464460034030859,0.3960203194105253,0.4,0.3960203194105253,false,2
9524,0.43740051823955656,0.1974995025345705,0.19471153846153846,0.1974995025345705,false,1
9525,0.39828640787582864,0.16896688697280138,0.1884469696969697,0.16896688697280138,false,4
9526,0.6177569622699345,0.3643275589419885,0.34049079754601225,0.3643275589419885,false,2
9527,0.7625235330118175,0.5273611950258146,0.575,0.5273611950258146,false,5
9528,0.510542952396384,0.260332548417462,0.24489795918367344,0.260332548417462,false,1
9529,0.412704731651746,0.17913525785558768,0.1884469696969697,0.17913525785558768,false,4
9530,0.48097693555761817,0.23214743912802724,0.2572178477690289,0.23214743912802724,false,5
9532,0.6131974275286197,0.35938951340703723,0.34049079754601225,0.35938951340703723,false,2
9533,0.43617985992372227,0.19563568612843604,0.22486288848263253,0.19563568612843604,false,3
9534,0.3994041773460754,0.17069203733804522,0.16071428571428573,0.17069203733804522,false,2
9535,0.3633180349798713,0.14804986030113845,0.14182692307692307,0.14804986030113845,false,2
9536,0.35883566677394685,0.14342844743837965,0.14937759336099585,0.14342844743837965,false,3
9537,0.29564751491469254,0.10986893291344478,0.10187667560321716,0.10986893291344478,false,3
9538,0.5412254947940623,0.28586104159300263,0.2683397683397683,0.28586104159300263,false,2
9539,0.5777270807263009,0.3250592768631374,0.3425925925925926,0.3250592768631374,false,3
9541,0.6594279797419645,0.4106720100675611,0.4340659340659341,0.4106720100675611,false,2
9542,0.3017469710778724,0.1124947957666198,0.09781477627471384,0.1124947957666198,false,1
9543,0.5251196050956528,0.2719941630939593,0.25,0.2719941630939593,false,3
9545,0.3574081364610337,0.1445877384861259,0.13073170731707318,0.1445877384861259,false,2
9547,0.3408489717877323,0.13298634519555613,0.13059033989266547,0.13298634519555613,false,4
9548,0.19907380352454318,0.07560214559239664,0.08004509582863585,0.07560214559239664,false,5
9549,0.5682213959843699,0.31818551059383926,0.31493506493506496,0.31818551059383926,false,1
9550,0.4218943773259193,0.1858621753316871,0.1884469696969697,0.1858621753316871,false,4
9551,0.4317391369149688,0.19228488682754574,0.2223106980496754,0.19228488682754574,false,3
9552,0.4218943773259193,0.1858621753316871,0.1884469696969697,0.1858621753316871,false,4
9553,0.5074481183700263,0.25464472356192386,0.2683397683397683,0.25464472356192386,false,2
9554,0.71759003863491,0.47530961742292377,0.49159663865546216,0.47530961742292377,false,5
9555,0.5778906674952153,0.32523252582577217,0.3425925925925926,0.32523252582577217,false,3
9556,0.5230521996365005,0.27228594652711763,0.24489795918367344,0.27228594652711763,false,1
9557,0.5211245721152267,0.2669749306620835,0.2572178477690289,0.2669749306620835,false,5
9558,0.6252005484269187,0.38236655720403695,0.3566666666666667,0.38236655720403695,false,4
9559,0.42933404213700527,0.1922061205817805,0.20187793427230047,0.1922061205817805,false,5
9560,0.36743611038662466,0.14877928553585604,0.16346153846153846,0.14877928553585604,false,1
9561,0.4683249621856939,0.22282259905843277,0.23670212765957446,0.22282259905843277,false,4
9562,0.3423050019621403,0.1338122909621853,0.13059033989266547,0.1338122909621853,false,4
9563,0.4168207267137054,0.1833559704972186,0.19455252918287938,0.1833559704972186,false,5
9564,0.31994185119714447,0.12159648429170546,0.13059033989266547,0.12159648429170546,false,4
9565,0.7838203345998278,0.5741541578083558,0.5979381443298969,0.5741541578083558,false,4
9566,0.5580807334858315,0.3046099419931875,0.2638297872340426,0.3046099419931875,false,3
9567,0.295002667184597,0.10924315783304893,0.09781477627471384,0.10924315783304893,false,1
9568,0.21091427372193977,0.07953050394365321,0.08004509582863585,0.07953050394365321,false,5
9569,0.33286163140691505,0.12860845543614072,0.12310606060606061,0.12860845543614072,false,1
9570,0.26055439204211917,0.09436566635162094,0.08676789587852494,0.09436566635162094,false,3
9571,0.33286163140691505,0.12860845543614072,0.12310606060606061,0.12860845543614072,false,1
9572,0.26055439204211917,0.09436566635162094,0.08676789587852494,0.09436566635162094,false,3
9573,0.21954565752112892,0.08133923312414809,0.08464419475655428,0.08133923312414809,false,2
9574,0.25573065831524916,0.09495543666612438,0.08464419475655428,0.09495543666612438,false,2
9575,0.412938615069204,0.1793040770174894,0.1884469696969697,0.1793040770174894,false,4
9576,0.2241601717191988,0.08038586389634517,0.07043343653250773,0.08038586389634517,false,3
9578,0.2524396376038125,0.0910712651413795,0.08676789587852494,0.0910712651413795,false,3
9580,0.2524396376038125,0.0910712651413795,0.08676789587852494,0.0910712651413795,false,3
9581,0.46640280255057404,0.22119352259440847,0.23670212765957446,0.22119352259440847,false,4
9582,0.22556877904518413,0.08013752672603651,0.07591240875912408,0.08013752672603651,false,4
9584,0.6260161996528025,0.37334499535215265,0.34049079754601225,0.37334499535215265,false,2
9585,0.4466338958527649,0.20369776220715505,0.22486288848263253,0.20369776220715505,false,3
9587,0.2032764368939382,0.07261830337980095,0.07564422277639235,0.07261830337980095,false,1
9588,0.2871195877303697,0.10838365149439025,0.10574712643678161,0.10838365149439025,false,2
9589,0.23621845623342344,0.08737697938850941,0.08464419475655428,0.08737697938850941,false,2
9590,0.2536510675691294,0.09530331796450768,0.0974264705882353,0.09530331796450768,false,5
9591,0.4372218720062245,0.19795011080748684,0.20187793427230047,0.19795011080748684,false,5
9592,0.5506287397965545,0.29981634918342154,0.3023255813953488,0.29981634918342154,false,1
9593,0.36121905975977314,0.1448475348784803,0.14937759336099585,0.1448475348784803,false,3
9594,0.36952233688802427,0.15006260509393024,0.13894736842105262,0.15006260509393024,false,4
9595,0.7471724122589107,0.5217897725687775,0.4747191011235955,0.5217897725687775,false,3
9596,0.22606369327685197,0.08482833532816351,0.08004509582863585,0.08482833532816351,false,5
9597,0.2127176989305019,0.08014495635549491,0.08004509582863585,0.08014495635549491,false,5
9598,0.5238917874327842,0.2731004159612147,0.24489795918367344,0.2731004159612147,false,1
9599,0.36282883429870677,0.14878255376773802,0.14814814814814814,0.14878255376773802,false,5
9600,0.22128042458441172,0.08312190536024265,0.08004509582863585,0.08312190536024265,false,5
9601,0.6845921748268735,0.4464979686942056,0.4747191011235955,0.4464979686942056,false,3
9602,0.3575291449430211,0.14274633717946683,0.12310606060606061,0.14274633717946683,false,1
9603,0.31464350745331265,0.11916135047566173,0.11428571428571428,0.11916135047566173,false,3
9604,0.25480953908955795,0.09458481607622651,0.08464419475655428,0.09458481607622651,false,2
9605,0.24857339285428548,0.08886295758613953,0.07591240875912408,0.08886295758613953,false,4
9606,0.24857339285428548,0.08886295758613953,0.07591240875912408,0.08886295758613953,false,4
9607,0.27704057244018515,0.10084130292512884,0.07591240875912408,0.10084130292512884,false,4
9608,0.19809481208226976,0.07092986315450057,0.07564422277639235,0.07092986315450057,false,1
9610,0.23927466724196333,0.08594639904917517,0.07043343653250773,0.08594639904917517,false,3
9611,0.2991237870082972,0.11394556499521405,0.10574712643678161,0.11394556499521405,false,2
9612,0.20764890332613006,0.07468825657983678,0.07043343653250773,0.07468825657983678,false,3
9614,0.31434847254080306,0.11879711790461008,0.102803738317757,0.11879711790461008,false,1
9616,0.22606369327685197,0.08482833532816351,0.08004509582863585,0.08482833532816351,false,5
9617,0.31434847254080306,0.11879711790461008,0.102803738317757,0.11879711790461008,false,1
9618,0.42819703907678863,0.19066597482082914,0.19701986754966888,0.19066597482082914,false,2
9619,0.319308829978231,0.12154514917143366,0.12396694214876033,0.12154514917143366,false,3
9620,0.48303287387062144,0.23526827466834277,0.22487223168654175,0.23526827466834277,false,1
9623,0.23208944343467958,0.08584501540191819,0.08464419475655428,0.08584501540191819,false,2
9625,0.4424281205071244,0.20142604119272117,0.19471153846153846,0.20142604119272117,false,1
9626,0.6030839373250867,0.3485433407829524,0.34049079754601225,0.3485433407829524,false,2
9627,0.685370221517582,0.45406312068314236,0.44015444015444016,0.45406312068314236,false,4
9628,0.174121185821135,0.06677393717991287,0.06451612903225806,0.06677393717991287,false,2
9629,0.5919761866398088,0.34032557423916665,0.3425925925925926,0.34032557423916665,false,3
9630,0.3244887915945695,0.12423993258554639,0.12396694214876033,0.12423993258554639,false,3
9631,0.2243996175938421,0.08423110125113696,0.08004509582863585,0.08423110125113696,false,5
9632,0.5514692137482196,0.29576904268893633,0.2683397683397683,0.29576904268893633,false,2
9633,0.29797392233094533,0.11456151774095195,0.11331444759206799,0.11456151774095195,false,5
9634,0.2542699812140274,0.09555109728729268,0.0974264705882353,0.09555109728729268,false,5
9635,0.35799145196159526,0.14298798324417453,0.13894736842105262,0.14298798324417453,false,4
9637,0.3684185074069932,0.14938885246035555,0.16346153846153846,0.14938885246035555,false,1
9638,0.1495407772852109,0.06103182622995499,0.018867924528301886,0.06103182622995499,false,5
9639,0.34046332676938434,0.1327683089007952,0.13059033989266547,0.1327683089007952,false,4
9640,0.20164768608421746,0.07271098375156147,0.07043343653250773,0.07271098375156147,false,3
9641,0.29340933808456177,0.10848710325474166,0.09781477627471384,0.10848710325474166,false,1
9642,0.23373913649395958,0.08387058044168388,0.07043343653250773,0.08387058044168388,false,3
9643,0.4259362072673072,0.18903507651337037,0.19701986754966888,0.18903507651337037,false,2
9644,0.8001663754557512,0.5705602206361138,0.575,0.5705602206361138,false,5
9645,0.33388595947270294,0.1314705264045718,0.13073170731707318,0.1314705264045718,false,2
9646,0.4412423802121325,0.20065830888969222,0.1884469696969697,0.20065830888969222,false,4
9647,0.4144490414188796,0.1817146626983486,0.19455252918287938,0.1817146626983486,false,5
9648,0.23314539394810804,0.08741311626625849,0.08004509582863585,0.08741311626625849,false,5
9649,0.3289834267310572,0.1299780696952796,0.12717770034843207,0.1299780696952796,false,5
9650,0.3327735089914129,0.12848353550189212,0.13059033989266547,0.12848353550189212,false,4
9651,0.48676824894656995,0.23667740235748838,0.2612612612612612,0.23667740235748838,false,2
9652,0.30021615791353573,0.11204406124792558,0.10187667560321716,0.11204406124792558,false,3
9653,0.5545036618506641,0.2983396327027238,0.2572178477690289,0.2983396327027238,false,5
9654,0.39654234354639717,0.16880041041485852,0.16071428571428573,0.16880041041485852,false,2
9655,0.3443172884777995,0.13501961811442864,0.12310606060606061,0.13501961811442864,false,1
9656,0.19371037280694903,0.07273214618571623,0.08464419475655428,0.07273214618571623,false,2
9657,0.15993728627600945,0.06385423095163459,0.05,0.06385423095163459,false,5
9658,0.22807747421825408,0.0855562145714475,0.08004509582863585,0.0855562145714475,false,5
9659,0.4448134554529176,0.20330928993261385,0.19471153846153846,0.20330928993261385,false,1
9660,0.5200746688812263,0.267199494109708,0.25,0.267199494109708,false,3
9661,0.2132000950169412,0.07914289238559252,0.08464419475655428,0.07914289238559252,false,2
9662,0.23572612175068436,0.08837264346950731,0.08004509582863585,0.08837264346950731,false,5
9663,0.3907110894054294,0.16338506483803433,0.1753846153846154,0.16338506483803433,false,3
9664,0.4583850831062721,0.2139962033226497,0.21678321678321674,0.2139962033226497,false,5
9665,0.2177446572384428,0.07753063493289906,0.07564422277639235,0.07753063493289906,false,1
9667,0.3641685951522903,0.14674268536637922,0.13894736842105262,0.14674268536637922,false,4
9668,0.3737389667084809,0.15432119880814363,0.14182692307692307,0.15432119880814363,false,2
9669,0.5182945610783748,0.26769946499927766,0.24489795918367344,0.26769946499927766,false,1
9671,0.4861387346737105,0.2363726193660925,0.2408026755852843,0.2363726193660925,false,3
9673,0.33056326546974063,0.12735385621118203,0.12310606060606061,0.12735385621118203,false,1
9674,0.18151161925839393,0.0655793861358511,0.07317073170731705,0.0655793861358511,false,4
9675,0.3728581475040131,0.15216930836333173,0.18888888888888888,0.15216930836333173,false,1
9676,0.34687035789957305,0.13648469694839555,0.12310606060606061,0.13648469694839555,false,1
9677,0.3909135406934727,0.16604394142089987,0.1651376146788991,0.16604394142089987,false,5
9678,0.4178582373680577,0.1827864432888335,0.19471153846153846,0.1827864432888335,false,1
9679,0.21692090998460312,0.07784050413066397,0.07043343653250773,0.07784050413066397,false,3
9680,0.2946455770512377,0.10939688668393793,0.10187667560321716,0.10939688668393793,false,3
9681,0.3230672656699737,0.12349534546566948,0.12396694214876033,0.12349534546566948,false,3
9682,0.3230672656699737,0.12349534546566948,0.12396694214876033,0.12349534546566948,false,3
9683,0.34717530105974054,0.1398205818658224,0.14814814814814814,0.1398205818658224,false,5
9684,0.2357326130635428,0.08389179098353712,0.07591240875912408,0.08389179098353712,false,4
9685,0.33535883806637323,0.12998352125612306,0.12310606060606061,0.12998352125612306,false,1
9686,0.3654971891614076,0.14934362478278473,0.14182692307692307,0.14934362478278473,false,2
9687,0.37020452260694425,0.15049005024153042,0.13894736842105262,0.15049005024153042,false,4
9688,0.374642857629383,0.15487527204280316,0.14182692307692307,0.15487527204280316,false,2
9689,0.40050584098834185,0.17142469415234612,0.16071428571428573,0.17142469415234612,false,2
9690,0.245611607524996,0.08769326183180953,0.07591240875912408,0.08769326183180953,false,4
9691,0.42823519872016597,0.18967194595505382,0.19718309859154928,0.18967194595505382,false,3
9692,0.4279768451183996,0.18948036835974788,0.19718309859154928,0.18948036835974788,false,3
9693,0.4101883096767453,0.1772491220942009,0.19471153846153846,0.1772491220942009,false,1
9694,0.5566313923694713,0.3060158419975694,0.3023255813953488,0.3060158419975694,false,1
9695,0.31901070603530324,0.12370690314017838,0.13073170731707318,0.12370690314017838,false,2
9696,0.5438758718128147,0.2881251174594813,0.2572178477690289,0.2881251174594813,false,5
9697,0.5255100707885959,0.27236749762124784,0.25,0.27236749762124784,false,3
9698,0.5981009868199384,0.3423098095262688,0.3174061433447099,0.3423098095262688,false,5
9699,0.6138273693379772,0.3589140223331765,0.3174061433447099,0.3589140223331765,false,5
9700,0.6218430783520796,0.36751210716655336,0.3174061433447099,0.36751210716655336,false,5
9701,0.30258605748651207,0.11318712710992959,0.10187667560321716,0.11318712710992959,false,3
9702,0.37526956053198257,0.15369510295594777,0.13894736842105262,0.15369510295594777,false,4
9703,0.5858864831110717,0.33045975580349624,0.34049079754601225,0.33045975580349624,false,2
9704,0.5603895488421039,0.30697552498484687,0.2638297872340426,0.30697552498484687,false,3
9705,0.31679017917602587,0.12258234822494332,0.13073170731707318,0.12258234822494332,false,2
9706,0.3638835502044288,0.14644777528050237,0.14937759336099585,0.14644777528050237,false,3
9707,0.3170265177568049,0.12270161911718859,0.13073170731707318,0.12270161911718859,false,2
9708,0.5545389084242972,0.2987766297571552,0.2683397683397683,0.2987766297571552,false,2
9709,0.24419849757492712,0.08730535827360278,0.07564422277639235,0.08730535827360278,false,1
9710,0.24419849757492712,0.08730535827360278,0.07564422277639235,0.08730535827360278,false,1
9711,0.19558104211342203,0.07332608374736757,0.08464419475655428,0.07332608374736757,false,2
9712,0.19686347403686316,0.07053399574668269,0.07564422277639235,0.07053399574668269,false,1
9714,0.20239139669290865,0.0755262783161605,0.08464419475655428,0.0755262783161605,false,2
9715,0.29998314495427303,0.11193221919142697,0.10187667560321716,0.11193221919142697,false,3
9716,0.3602369585677037,0.144261377977832,0.14937759336099585,0.144261377977832,false,3
9717,0.3940704055311437,0.16561345056627716,0.1753846153846154,0.16561345056627716,false,3
9718,0.2605973083484544,0.09375731526293003,0.07591240875912408,0.09375731526293003,false,4
9719,0.22535592012518366,0.08081353631469163,0.07043343653250773,0.08081353631469163,false,3
9720,0.22431878225328167,0.07968654482973195,0.07591240875912408,0.07968654482973195,false,4
9721,0.28383343946544276,0.10390406932788349,0.1111111111111111,0.10390406932788349,false,4
9722,0.2378007046161819,0.08467500372695594,0.07591240875912408,0.08467500372695594,false,4
9723,0.197753962150963,0.07145400362094498,0.07043343653250773,0.07145400362094498,false,3
9724,0.27005065619541746,0.09777363027729875,0.07591240875912408,0.09777363027729875,false,4
9726,0.20508198148443404,0.07303295882368395,0.07317073170731705,0.07303295882368395,false,4
9727,0.22535592012518366,0.08081353631469163,0.07043343653250773,0.08081353631469163,false,3
9729,0.22971715720573577,0.08182381800619355,0.07564422277639235,0.08182381800619355,false,1
9730,0.23019881520144128,0.0851517012164195,0.08464419475655428,0.0851517012164195,false,2
9731,0.6663100541050793,0.42480725827396093,0.449438202247191,0.42480725827396093,false,3
9732,0.7009502419510515,0.46608266858901,0.4747191011235955,0.46608266858901,false,3
9733,0.35747758482461167,0.1456667082785951,0.14814814814814814,0.1456667082785951,false,5
9734,0.7617756523925955,0.5393427990126383,0.4747191011235955,0.5393427990126383,false,3
9735,0.31034980379288535,0.11700326535445993,0.10569105691056911,0.11700326535445993,false,3
9737,0.5387706931434874,0.2835164685582923,0.2683397683397683,0.2835164685582923,false,2
9738,0.5258604492958265,0.27270277653612496,0.25,0.27270277653612496,false,3
9739,0.28671676866364804,0.10820121389483293,0.10574712643678161,0.10820121389483293,false,2
9740,0.2241279610877599,0.0796179034316404,0.07591240875912408,0.0796179034316404,false,4
9744,0.2741225083763197,0.09969440647309061,0.09781477627471384,0.09969440647309061,false,1
9746,0.3383492184947173,0.13387930171093163,0.13073170731707318,0.13387930171093163,false,2
9747,0.3463950985717269,0.13615565729419785,0.13894736842105262,0.13615565729419785,false,4
9748,0.4365649427387603,0.1968525434725662,0.19471153846153846,0.1968525434725662,false,1
9749,0.4128862146099509,0.1785466258405607,0.1753846153846154,0.1785466258405607,false,3
9750,0.3169759384744507,0.1226760853277212,0.13073170731707318,0.1226760853277212,false,2
9751,0.22670585935445886,0.0805497923921547,0.07591240875912408,0.0805497923921547,false,4
9752,0.2592945466185149,0.09640166839388803,0.08464419475655428,0.09640166839388803,false,2
9753,0.24536777296320395,0.08828502850115624,0.07043343653250773,0.08828502850115624,false,3
9754,0.2592945466185149,0.09640166839388803,0.08464419475655428,0.09640166839388803,false,2
9755,0.44747969829178413,0.20561235702156197,0.1884469696969697,0.20561235702156197,false,4
9756,0.28451879575697553,0.10721049416895419,0.10574712643678161,0.10721049416895419,false,2
9757,0.20789745467036333,0.07851224707582258,0.08004509582863585,0.07851224707582258,false,5
9758,0.2389044242516827,0.08956741582680969,0.0945945945945946,0.08956741582680969,false,5
9759,0.20789745467036333,0.07851224707582258,0.08004509582863585,0.07851224707582258,false,5
9760,0.2776873847589353,0.10418209959652093,0.08464419475655428,0.10418209959652093,false,2
9761,0.2533901868753744,0.09519904786412978,0.0974264705882353,0.09519904786412978,false,5
9762,0.3849498972704932,0.16130868586328875,0.16071428571428573,0.16130868586328875,false,2
9763,0.2125634647898422,0.07634418869251587,0.07043343653250773,0.07634418869251587,false,3
9764,0.6442583658913281,0.4036668285108074,0.391304347826087,0.4036668285108074,false,1
9765,0.5155998890841195,0.2651235839840098,0.24489795918367344,0.2651235839840098,false,1
9766,0.5071829632139928,0.257573401798832,0.2692307692307692,0.257573401798832,false,4
9767,0.47792601544687374,0.23080392244283382,0.22487223168654175,0.23080392244283382,false,1
9768,0.5045148633263834,0.25507775027377033,0.2692307692307692,0.25507775027377033,false,4
9769,0.5208063466083431,0.2678915358171265,0.25,0.2678915358171265,false,3
9770,0.5356380029068923,0.2821622761926613,0.2638297872340426,0.2821622761926613,false,3
9775,0.29922859751899156,0.11515310918660886,0.11331444759206799,0.11515310918660886,false,5
9778,0.27765634731574557,0.1016599409344513,0.08676789587852494,0.1016599409344513,false,3
9780,0.25977534630277604,0.0934151786353989,0.07591240875912408,0.0934151786353989,false,4
9781,0.22983216762313383,0.0816932738802152,0.07591240875912408,0.0816932738802152,false,4
9782,0.19854173901605823,0.07170668615214579,0.07043343653250773,0.07170668615214579,false,3
9783,0.24843299335830896,0.08896991112352907,0.07564422277639235,0.08896991112352907,false,1
9784,0.25977534630277604,0.0934151786353989,0.07591240875912408,0.0934151786353989,false,4
9785,0.5065564319240319,0.25385176954770927,0.2683397683397683,0.25385176954770927,false,2
9786,0.24085641058259566,0.08912721756400918,0.08464419475655428,0.08912721756400918,false,2
9795,0.32139020054988277,0.12492178770764625,0.13073170731707318,0.12492178770764625,false,2
9797,0.37060246323892976,0.1534066040138283,0.14814814814814814,0.1534066040138283,false,5
9802,0.7442516746611593,0.5062025667374987,0.49159663865546216,0.5062025667374987,false,5
9803,0.2502525726460881,0.0939529667508328,0.0974264705882353,0.0939529667508328,false,5
9805,0.37060246323892976,0.1534066040138283,0.14814814814814814,0.1534066040138283,false,5
9806,0.1982555989177197,0.07161481037591147,0.07043343653250773,0.07161481037591147,false,3
9808,0.40525705805984347,0.17461305565540258,0.16071428571428573,0.17461305565540258,false,2
9809,0.7053505671071832,0.4713714140181516,0.4747191011235955,0.4713714140181516,false,3
9811,0.5347911424689769,0.2843169198772475,0.28969957081545067,0.2843169198772475,false,4
9812,0.367177874148871,0.1484464980810515,0.17279411764705882,0.1484464980810515,false,3
9815,0.672537598851113,0.43735841312796453,0.4583333333333333,0.43735841312796453,false,1
9816,0.42113158872528006,0.18636866466590984,0.19455252918287938,0.18636866466590984,false,5
9817,0.3432349610865164,0.13655875407274787,0.13073170731707318,0.13655875407274787,false,2
9820,0.5015369125465103,0.2494185223211581,0.2612612612612612,0.2494185223211581,false,2
9822,0.6075338638004808,0.36127439141173623,0.3333333333333333,0.36127439141173623,false,1
9823,0.5904235638568123,0.3386452112376055,0.3425925925925926,0.3386452112376055,false,3
9824,0.3833144547695733,0.1585636668058362,0.1753846153846154,0.1585636668058362,false,3
9825,0.3417538337743748,0.13359409927192617,0.14937759336099585,0.13359409927192617,false,3
9826,0.5549020118226871,0.30481662041284857,0.28969957081545067,0.30481662041284857,false,4
9828,0.3175342914369054,0.1206336238883167,0.11428571428571428,0.1206336238883167,false,3
9829,0.5269737073477438,0.27657646833630034,0.28969957081545067,0.27657646833630034,false,4
9831,0.36240018795719564,0.14555509769155445,0.14937759336099585,0.14555509769155445,false,3
9835,0.2582624884888223,0.09598084533378201,0.08464419475655428,0.09598084533378201,false,2
9838,0.3668777471651905,0.14843374278248375,0.16346153846153846,0.14843374278248375,false,1
9842,0.37448497833494926,0.15477837713889878,0.14182692307692307,0.15477837713889878,false,2
9843,0.28167212161043176,0.10593924703593394,0.08464419475655428,0.10593924703593394,false,2
9844,0.24581443591354915,0.08845870692035976,0.07043343653250773,0.08845870692035976,false,3
9845,0.23428239648492252,0.08665559966250765,0.08464419475655428,0.08665559966250765,false,2
9846,0.305271308620505,0.11411450609845875,0.1111111111111111,0.11411450609845875,false,4
9847,0.5134184151736428,0.26095621930726837,0.25,0.26095621930726837,false,3
9848,0.3636008106454009,0.14627727535129284,0.14937759336099585,0.14627727535129284,false,3
9849,0.18829429444103174,0.06848335876513575,0.07043343653250773,0.06848335876513575,false,3
9850,0.16027458153314803,0.06034350594337328,0.06818181818181818,0.06034350594337328,false,3
9851,0.26029686227428483,0.0936321263601188,0.07591240875912408,0.0936321263601188,false,4
9852,0.26109227446779537,0.09411811502559395,0.09781477627471384,0.09411811502559395,false,1
9853,0.26109227446779537,0.09411811502559395,0.09781477627471384,0.09411811502559395,false,1
9854,0.4475872647878598,0.20569347995956677,0.21678321678321674,0.20569347995956677,false,5
9856,0.2539893217556255,0.09103832495826472,0.07591240875912408,0.09103832495826472,false,4
9858,0.28047279065493724,0.10658207033152711,0.10112359550561797,0.10658207033152711,false,5
9859,0.2433362493581965,0.08696988354900034,0.07564422277639235,0.08696988354900034,false,1
9860,0.22732953171762052,0.08152396100938564,0.07043343653250773,0.08152396100938564,false,3
9861,0.37267252075453894,0.1520448254548377,0.13894736842105262,0.1520448254548377,false,4
9862,0.44252437248734167,0.20188355795424495,0.20187793427230047,0.20188355795424495,false,5
9863,0.2928906766404746,0.10811553327994311,0.1111111111111111,0.10811553327994311,false,4
9864,0.30400788829618824,0.11360362741049801,0.09781477627471384,0.11360362741049801,false,1
9865,0.201225389442841,0.07514532679139604,0.08464419475655428,0.07514532679139604,false,2
9867,0.2497814191034937,0.09258446456034383,0.08464419475655428,0.09258446456034383,false,2
9868,0.26707630609844396,0.10080876176760128,0.0974264705882353,0.10080876176760128,false,5
9870,0.5381183628389961,0.28713009903615944,0.3,0.28713009903615944,false,1
9871,0.33699214759620993,0.1308896389695125,0.12310606060606061,0.1308896389695125,false,1
9872,0.25442176823920504,0.09561195246076716,0.0974264705882353,0.09561195246076716,false,5
9873,0.24961974622361216,0.08927954807558197,0.07591240875912408,0.08927954807558197,false,4
9875,0.39188308084879464,0.16415974651510115,0.1753846153846154,0.16415974651510115,false,3
9878,0.32673871973599317,0.12520400447977942,0.13059033989266547,0.12520400447977942,false,4
9879,0.3000357066705233,0.11154300397316355,0.1111111111111111,0.11154300397316355,false,4
9886,0.48205640298242947,0.23270820799588876,0.2612612612612612,0.23270820799588876,false,2
9887,0.5641438067358281,0.30778244588378073,0.2698412698412698,0.30778244588378073,false,5
9888,0.2961354156521546,0.11253813887039386,0.10574712643678161,0.11253813887039386,false,2
9893,0.31682198279893736,0.12259839246711467,0.13073170731707318,0.12259839246711467,false,2
9894,0.42012221685051515,0.18444638482787018,0.19471153846153846,0.18444638482787018,false,1
9895,0.3755545189538466,0.15641320374643436,0.14814814814814814,0.15641320374643436,false,5
9896,0.2711726031191111,0.09826035225484477,0.07591240875912408,0.09826035225484477,false,4
9897,0.2711726031191111,0.09826035225484477,0.07591240875912408,0.09826035225484477,false,4
9898,0.41657963391284253,0.18239932670123007,0.19701986754966888,0.18239932670123007,false,2
9899,0.36914586509263,0.15153069765707392,0.14182692307692307,0.15153069765707392,false,2
9900,0.2799339078605647,0.10213592832701626,0.10101010101010101,0.10213592832701626,false,4
9901,0.44404356976710974,0.2023991526944374,0.19701986754966888,0.2023991526944374,false,2
9902,0.19827409691757464,0.07534334834442545,0.08004509582863585,0.07534334834442545,false,5
9903,0.3520826912823377,0.14258043642220503,0.14814814814814814,0.14258043642220503,false,5
9908,0.34532791319204054,0.1356034237309877,0.14937759336099585,0.1356034237309877,false,3
9909,0.276349519680379,0.10108535895962446,0.08676789587852494,0.10108535895962446,false,3
9910,0.2419178344625196,0.09071363275034601,0.0945945945945946,0.09071363275034601,false,5
9911,0.38947286389991553,0.16512076939020368,0.1651376146788991,0.16512076939020368,false,5
9912,0.22752660196620306,0.08418043215542022,0.08464419475655428,0.08418043215542022,false,2
9915,0.29145555632776815,0.10756628562112223,0.09781477627471384,0.10756628562112223,false,1
9916,0.42499984621558484,0.18836275302695615,0.19701986754966888,0.18836275302695615,false,2
9917,0.1434481867645883,0.055211948926665665,0.06857142857142857,0.055211948926665665,false,1
9918,0.1425744001885665,0.05479890919553305,0.07317073170731705,0.05479890919553305,false,4
9919,0.1434481867645883,0.055211948926665665,0.06857142857142857,0.055211948926665665,false,1
9920,0.1425744001885665,0.05479890919553305,0.07317073170731705,0.05479890919553305,false,4
9921,0.27367429889511813,0.09949780913875286,0.09781477627471384,0.09949780913875286,false,1
9923,0.25095878093025226,0.09423215112919138,0.0974264705882353,0.09423215112919138,false,5
9924,0.21074890647709066,0.07572889820393884,0.07043343653250773,0.07572889820393884,false,3
9925,0.2428175034848562,0.0872992809181328,0.07043343653250773,0.0872992809181328,false,3
9926,0.43346045706599023,0.1946035329514086,0.1884469696969697,0.1946035329514086,false,4
9927,0.40563633229019463,0.17347206757481215,0.1753846153846154,0.17347206757481215,false,3
9929,0.2056869374747889,0.07341633060112965,0.07564422277639235,0.07341633060112965,false,1
9930,0.22472606458431715,0.0805880035876827,0.07043343653250773,0.0805880035876827,false,3
9931,0.5265968011340241,0.27197096812894717,0.2572178477690289,0.27197096812894717,false,5
9933,0.20613973052916942,0.07418641297950138,0.07043343653250773,0.07418641297950138,false,3
9934,0.2846630441617025,0.10428370605909573,0.1111111111111111,0.10428370605909573,false,4
9935,0.24926004212443886,0.09356184421569651,0.0974264705882353,0.09356184421569651,false,5
9936,0.23500350066618492,0.0881030147227023,0.08004509582863585,0.0881030147227023,false,5
9938,0.23917798662748552,0.08849020359634498,0.08464419475655428,0.08849020359634498,false,2
9939,0.23917798662748552,0.08849020359634498,0.08464419475655428,0.08849020359634498,false,2
9940,0.3989187148654494,0.1712489848489104,0.18571428571428572,0.1712489848489104,false,5
9941,0.22113872967700077,0.07931440187652587,0.07043343653250773,0.07931440187652587,false,3
9942,0.2457816460719726,0.08844594657970968,0.07043343653250773,0.08844594657970968,false,3
9943,0.2573412123646637,0.09678919098937318,0.0974264705882353,0.09678919098937318,false,5
9944,0.26039817708422247,0.09803573730767794,0.0974264705882353,0.09803573730767794,false,5
9945,0.2803380215292213,0.1053480595127591,0.08464419475655428,0.1053480595127591,false,2
9946,0.2818382631659363,0.10351813577095789,0.08676789587852494,0.10351813577095789,false,3
9947,0.2879751546563531,0.10594299457488372,0.09781477627471384,0.10594299457488372,false,1
9948,0.44423911102488395,0.20182933860977428,0.22486288848263253,0.20182933860977428,false,3
9950,0.25095878093025226,0.09423215112919138,0.0974264705882353,0.09423215112919138,false,5
9951,0.30269596245844005,0.11284321394984918,0.1111111111111111,0.11284321394984918,false,4
9952,0.23176353034592512,0.08690321375830205,0.08004509582863585,0.08690321375830205,false,5
9954,0.22503444581444135,0.08069835398917521,0.07043343653250773,0.08069835398917521,false,3
9955,0.3302159198145001,0.127278886633501,0.12396694214876033,0.127278886633501,false,3
9956,0.30195497537742577,0.11247973037643813,0.1111111111111111,0.11247973037643813,false,4
9957,0.7648292797942838,0.5497173911378846,0.5255813953488372,0.5497173911378846,false,1
9958,0.3309312347829472,0.12989620067044164,0.13073170731707318,0.12989620067044164,false,2
9959,0.44904077041364565,0.2067970647228433,0.21678321678321674,0.2067970647228433,false,5
9960,0.2959911421305558,0.10959131431919229,0.1111111111111111,0.10959131431919229,false,4
9962,0.6053658062537149,0.35498033919015226,0.3425925925925926,0.35498033919015226,false,3
9963,0.30679436637313434,0.1176285199797875,0.13073170731707318,0.1176285199797875,false,2
9964,0.5262935027844581,0.2717811334444463,0.2683397683397683,0.2717811334444463,false,2
9966,0.20418822674357945,0.0735420804284392,0.07043343653250773,0.0735420804284392,false,3
9967,0.3967392244437045,0.1689300086440088,0.16071428571428573,0.1689300086440088,false,2
9969,0.46183736577359336,0.21585931253346374,0.22486288848263253,0.21585931253346374,false,3
9971,0.5586489213046678,0.3087265594826853,0.28969957081545067,0.3087265594826853,false,4
9973,0.28328501275633905,0.10378965154065027,0.09781477627471384,0.10378965154065027,false,1
9974,0.3458632238585523,0.13909030615826115,0.14814814814814814,0.13909030615826115,false,5
9975,0.24639989950725308,0.0912606294746773,0.08464419475655428,0.0912606294746773,false,2
9976,0.3029251592638494,0.11307143566897032,0.09781477627471384,0.11307143566897032,false,1
9977,0.4088101432770753,0.17634235441489488,0.1884469696969697,0.17634235441489488,false,4
9978,0.20400411997167178,0.07285836600553183,0.07564422277639235,0.07285836600553183,false,1
9979,0.18133357351911228,0.0689130136036396,0.0755813953488372,0.0689130136036396,false,2
9980,0.1975788327430438,0.07511901176441291,0.08004509582863585,0.07511901176441291,false,5
9981,0.29199157255224845,0.10769084969553837,0.1111111111111111,0.10769084969553837,false,4
9982,0.3989758048041526,0.16891108936007068,0.1753846153846154,0.16891108936007068,false,3
9983,0.3030792571816346,0.11303163725528773,0.1111111111111111,0.11303163725528773,false,4
9984,0.4038612534301752,0.1745268243060575,0.19455252918287938,0.1745268243060575,false,5
9986,0.30089587949495317,0.11478738897778214,0.10574712643678161,0.11478738897778214,false,2
9987,0.41973259564643606,0.18344472779591814,0.1753846153846154,0.18344472779591814,false,3
9988,0.42943793222152543,0.19156568074759517,0.19701986754966888,0.19156568074759517,false,2
9989,0.1930490662402955,0.07252324408786369,0.08464419475655428,0.07252324408786369,false,2
9990,0.30483413382818036,0.11401121822790442,0.09781477627471384,0.11401121822790442,false,1
9991,0.2952842432566057,0.11214005094977647,0.10574712643678161,0.11214005094977647,false,2
9992,0.29888170258519736,0.11140486639578415,0.10187667560321716,0.11140486639578415,false,3
9993,0.30446814912397707,0.11410214545991955,0.10187667560321716,0.11410214545991955,false,3
9994,0.47181291601587766,0.2241203256056358,0.22486288848263253,0.2241203256056358,false,3
9995,0.2640677920359921,0.09955098786141443,0.0974264705882353,0.09955098786141443,false,5
9996,0.34405192355425984,0.1348089666759296,0.13059033989266547,0.1348089666759296,false,4
9997,0.5031351996323651,0.2509677325254263,0.2572178477690289,0.2509677325254263,false,5
9998,0.36060222398334174,0.14747944677191557,0.14814814814814814,0.14747944677191557,false,5
9999,0.7560640318487066,0.5229954067732259,0.532258064516129,0.5229954067732259,false,2
10000,0.3112333123261946,0.11710552927052799,0.1111111111111111,0.11710552927052799,false,4
10001,0.37680610200407827,0.1544173565103574,0.17279411764705882,0.1544173565103574,false,3
10002,0.558802051959799,0.3053478954915885,0.2638297872340426,0.3053478954915885,false,3
10003,0.5434660763811172,0.2880111319360566,0.2683397683397683,0.2880111319360566,false,2
10004,0.2883572021843374,0.10647468229730207,0.10187667560321716,0.10647468229730207,false,3
10005,0.30379657842561963,0.11617703289513877,0.10574712643678161,0.11617703289513877,false,2
10006,0.5989451516754136,0.3524359558687941,0.3566666666666667,0.3524359558687941,false,4
10007,0.35430843220847336,0.14384706379209772,0.14814814814814814,0.14384706379209772,false,5
10008,0.21424439641309637,0.0806685076775244,0.08004509582863585,0.0806685076775244,false,5
10009,0.4409729641205947,0.1993017607249205,0.22486288848263253,0.1993017607249205,false,3
10010,0.38719480035489673,0.16107846382699278,0.1753846153846154,0.16107846382699278,false,3
10011,0.6638744737047145,0.413875200117829,0.45180722891566266,0.413875200117829,false,5
10012,0.5339906927755625,0.28301544050009786,0.24489795918367344,0.28301544050009786,false,1
10013,0.3968142271652401,0.16986820887834025,0.18571428571428572,0.16986820887834025,false,5
10014,0.4979138628539219,0.24861503379433178,0.22487223168654175,0.24861503379433178,false,1
10015,0.25277145369728926,0.09070497981547238,0.07564422277639235,0.09070497981547238,false,1
10016,0.20943699777309482,0.07528688796624537,0.07043343653250773,0.07528688796624537,false,3
10017,0.24594781684060568,0.09226715748227662,0.0974264705882353,0.09226715748227662,false,5
10018,0.7311949285935258,0.4910649315331587,0.49159663865546216,0.4910649315331587,false,5
10019,0.3187610844498511,0.12126315790222673,0.12396694214876033,0.12126315790222673,false,3
10020,0.3645661204847503,0.1470102402693192,0.15702479338842976,0.1470102402693192,false,1
10021,0.30374703576529355,0.11336056537699007,0.1111111111111111,0.11336056537699007,false,4
10022,0.1771044709120647,0.06765115187676847,0.0755813953488372,0.06765115187676847,false,2
10025,0.27285274223865646,0.09913834644422671,0.09781477627471384,0.09913834644422671,false,1
10027,0.2809109297863764,0.102714478213788,0.09781477627471384,0.102714478213788,false,1
10028,0.2659659334162691,0.1003429121282377,0.0974264705882353,0.1003429121282377,false,5
10030,0.27778389817788046,0.10117250722577484,0.07591240875912408,0.10117250722577484,false,4
10031,0.2424997312868921,0.08975491389162898,0.08464419475655428,0.08975491389162898,false,2
10032,0.2530307057251988,0.093872751544488,0.08464419475655428,0.093872751544488,false,2
10033,0.3318031233594943,0.1280293485015141,0.12310606060606061,0.1280293485015141,false,1
10034,0.2200930797898838,0.07835615260478775,0.07564422277639235,0.07835615260478775,false,1
10035,0.4608984361536793,0.2154611968145172,0.2349570200573066,0.2154611968145172,false,2
10036,0.5577410875968409,0.3042628104856123,0.2638297872340426,0.3042628104856123,false,3
10037,0.4572904104508895,0.2135868984254616,0.21875,0.2135868984254616,false,4
10038,0.2454846383003576,0.09208739762322461,0.0974264705882353,0.09208739762322461,false,5
10040,0.3525495762791996,0.13974683716634947,0.13894736842105262,0.13974683716634947,false,4
10042,0.4128278958928273,0.1785053460454801,0.1753846153846154,0.1785053460454801,false,3
10043,0.28009655972169856,0.10274060277258538,0.08676789587852494,0.10274060277258538,false,3
10044,0.25653866912758283,0.09646428918984251,0.0974264705882353,0.09646428918984251,false,5
10045,0.3404820380536641,0.13288520202171242,0.14937759336099585,0.13288520202171242,false,3
10046,0.16977558964558642,0.06232690587700855,0.07564422277639235,0.06232690587700855,false,1
10047,0.2062432955564526,0.07679738705305897,0.08464419475655428,0.07679738705305897,false,2
10048,0.4641981013460022,0.2180887115033313,0.2349570200573066,0.2180887115033313,false,2
10049,0.3793298231710553,0.15873746033715436,0.14814814814814814,0.15873746033715436,false,5
10052,0.10868772192944245,0.04679708373517705,0.02702702702702703,0.04679708373517705,false,4
10053,0.5110776602877861,0.2578891719079916,0.2683397683397683,0.2578891719079916,false,2
10054,0.2523256208967401,0.09477461430595854,0.0974264705882353,0.09477461430595854,false,5
10055,0.401627879957349,0.1707156201297073,0.1753846153846154,0.1707156201297073,false,3
10057,0.4000732780017126,0.16965598456707298,0.1753846153846154,0.16965598456707298,false,3
10058,0.2848777239230076,0.1085431132180379,0.11331444759206799,0.1085431132180379,false,5
10061,0.33919474606493366,0.13205321290323443,0.13059033989266547,0.13205321290323443,false,4
10062,0.2938567570494703,0.10869894385700295,0.09781477627471384,0.10869894385700295,false,1
10063,0.26150109848157643,0.09730692531389822,0.08464419475655428,0.09730692531389822,false,2
10064,0.2734343870042883,0.09981401969165096,0.08676789587852494,0.09981401969165096,false,3
10066,0.2523704697103954,0.09054334633428417,0.07564422277639235,0.09054334633428417,false,1
10067,0.29247528643269316,0.10838048798655173,0.10187667560321716,0.10838048798655173,false,3
10068,0.2172162536531056,0.07716779806354519,0.07591240875912408,0.07716779806354519,false,4
10069,0.3332819222880645,0.12876314517040713,0.13059033989266547,0.12876314517040713,false,4
10070,0.2516216681592661,0.0933121303062137,0.08464419475655428,0.0933121303062137,false,2
10071,0.2878204909239194,0.10573981812095899,0.1111111111111111,0.10573981812095899,false,4
10072,0.22691554996265986,0.08080019115269077,0.07564422277639235,0.08080019115269077,false,1
10073,0.2227183590903292,0.07911251832645548,0.07591240875912408,0.07911251832645548,false,4
10074,0.6156536840651838,0.37048857610698877,0.38095238095238093,0.37048857610698877,false,1
10075,0.3639030306224148,0.1483962603750219,0.14182692307692307,0.1483962603750219,false,2
10076,0.2619618407210562,0.09494781036891886,0.08676789587852494,0.09494781036891886,false,3
10077,0.15109183965506814,0.06144537590582783,0.02857142857142857,0.06144537590582783,false,5
10078,0.363540651719529,0.14818160205439468,0.14182692307692307,0.14818160205439468,false,2
10079,0.295309161189931,0.10970932389494631,0.10187667560321716,0.10970932389494631,false,3
10083,0.3164001197556733,0.11985165619724418,0.102803738317757,0.11985165619724418,false,1
10085,0.3912964718130194,0.16377163193321906,0.1753846153846154,0.16377163193321906,false,3
10086,0.5415178814726105,0.28588723717456,0.2572178477690289,0.28588723717456,false,5
10087,0.6887304925800887,0.44429328962904074,0.4340659340659341,0.44429328962904074,false,2
10088,0.2430039782660152,0.08684091850498935,0.07564422277639235,0.08684091850498935,false,1
10089,0.5261396814949802,0.2715513922160214,0.2572178477690289,0.2715513922160214,false,5
10090,0.35642610828519616,0.14506087090418518,0.14814814814814814,0.14506087090418518,false,5
10091,0.229615501271219,0.08178647019262854,0.07564422277639235,0.08178647019262854,false,1
10092,0.18761644331412303,0.0719712650993105,0.08004509582863585,0.0719712650993105,false,5
10093,0.229615501271219,0.08178647019262854,0.07564422277639235,0.08178647019262854,false,1
10094,0.18761644331412303,0.0719712650993105,0.08004509582863585,0.0719712650993105,false,5
10095,0.3396268712550939,0.13229643340911154,0.13059033989266547,0.13229643340911154,false,4
10096,0.2909434138492194,0.10719761393533857,0.1111111111111111,0.10719761393533857,false,4
10097,0.21600061340963872,0.07674407865902141,0.07591240875912408,0.07674407865902141,false,4
10098,0.27717852101888557,0.10144951658775453,0.08676789587852494,0.10144951658775453,false,3
10099,0.3578429041805663,0.14289868368258832,0.13894736842105262,0.14289868368258832,false,4
10100,0.42327972632539707,0.18678090329362956,0.19471153846153846,0.18678090329362956,false,1
10101,0.380542700675619,0.15678690881102358,0.17279411764705882,0.15678690881102358,false,3
10102,0.3375861661778392,0.1311511585566818,0.13059033989266547,0.1311511585566818,false,4
10103,0.42327972632539707,0.18678090329362956,0.19471153846153846,0.18678090329362956,false,1
10104,0.42327972632539707,0.18678090329362956,0.19471153846153846,0.18678090329362956,false,1
10105,0.3507510488808474,0.14076875826949917,0.13073170731707318,0.14076875826949917,false,2
10107,0.1351358677977336,0.05731367428065435,0.017241379310344827,0.05731367428065435,false,5
10108,0.3139841731204094,0.1185083699326005,0.13059033989266547,0.1185083699326005,false,4
10111,0.4083064304756055,0.1766838976952064,0.19701986754966888,0.1766838976952064,false,2
10112,0.47682504585305885,0.23012891939060917,0.23670212765957446,0.23012891939060917,false,4
10113,0.4498965496322603,0.20626396876106293,0.22486288848263253,0.20626396876106293,false,3
10114,0.5365206639286708,0.2860469441553569,0.28969957081545067,0.2860469441553569,false,4
10115,0.2015177023462811,0.07266869527489077,0.07043343653250773,0.07266869527489077,false,3
10116,0.2277030025918679,0.08091291332057397,0.07591240875912408,0.08091291332057397,false,4
10117,0.46116259953000127,0.2156707011608758,0.2349570200573066,0.2156707011608758,false,2
10118,0.42917748009733264,0.19120225608486854,0.19471153846153846,0.19120225608486854,false,1
10119,0.7324720429289393,0.49254530837119,0.49159663865546216,0.49254530837119,false,5
10120,0.21416722011989775,0.07689181326546395,0.07043343653250773,0.07689181326546395,false,3
10121,0.18960454868176704,0.06888788888268944,0.07043343653250773,0.06888788888268944,false,3
10122,0.6719995088516143,0.4367108689962134,0.4583333333333333,0.4367108689962134,false,1
10123,0.5845135839760899,0.33644803775559495,0.30769230769230776,0.33644803775559495,false,4
10124,0.23880535894370264,0.08576861836520105,0.07043343653250773,0.08576861836520105,false,3
10125,0.24137989334652774,0.08932674031683745,0.08464419475655428,0.08932674031683745,false,2
10127,0.4782048675114586,0.22953061893383184,0.2408026755852843,0.22953061893383184,false,3
10128,0.41258334955502396,0.18043157302714322,0.19455252918287938,0.18043157302714322,false,5
10129,0.31342127396453195,0.11854355545495522,0.11231927090051268,0.11854355545495522,false,3
10130,0.3408031991333177,0.13296045036860024,0.13059033989266547,0.13296045036860024,false,4
10131,0.34928061405411265,0.13788008276481425,0.12310606060606061,0.13788008276481425,false,1
10132,0.6789265790792166,0.4309053262467987,0.45180722891566266,0.4309053262467987,false,5
10133,0.34005746005020837,0.13589724509603604,0.14814814814814814,0.13589724509603604,false,5
10134,0.3471485610039562,0.13873750335396828,0.13073170731707318,0.13873750335396828,false,2
10135,0.4279683831296415,0.19028936828647255,0.19471153846153846,0.19028936828647255,false,1
10136,0.3519600312236936,0.14145599209116,0.13073170731707318,0.14145599209116,false,2
10137,0.21823184889727923,0.08205067208016409,0.08004509582863585,0.08205067208016409,false,5
10138,0.3862312255619558,0.16080150420265887,0.19471153846153846,0.16080150420265887,false,1
10139,0.41242104065697005,0.18032028329683705,0.19455252918287938,0.18032028329683705,false,5
10140,0.41643578296466655,0.18229873364714586,0.19701986754966888,0.18229873364714586,false,2
10141,0.20923513366874807,0.07442467617736513,0.07591240875912408,0.07442467617736513,false,4
10142,0.37276850895000413,0.15210556104661746,0.13894736842105262,0.15210556104661746,false,4
10143,0.4137868766425906,0.18045409024520237,0.19701986754966888,0.18045409024520237,false,2
10144,0.3634451812592971,0.1462987820934939,0.13894736842105262,0.1462987820934939,false,4
10145,0.4135519993818428,0.18029123117280835,0.19701986754966888,0.18029123117280835,false,2
10146,0.3599440469012666,0.14408693891398378,0.14937759336099585,0.14408693891398378,false,3
10147,0.5945858804593193,0.33954888500942965,0.34049079754601225,0.33954888500942965,false,2
10148,0.23572500917417874,0.08388892347305285,0.07591240875912408,0.08388892347305285,false,4
10149,0.4601821906650382,0.2148938953191578,0.2349570200573066,0.2148938953191578,false,2
10150,0.17053821087408533,0.0623559681665182,0.07317073170731705,0.0623559681665182,false,4
10151,0.22635593976936513,0.08059713011182258,0.07564422277639235,0.08059713011182258,false,1
10152,0.18196658287355164,0.06590404392244871,0.07564422277639235,0.06590404392244871,false,1
10153,0.48104197894288175,0.23352077849171382,0.22487223168654175,0.23352077849171382,false,1
10154,0.5542401827421156,0.30353762724268984,0.3023255813953488,0.30353762724268984,false,1
10155,0.5145365080015764,0.2610060277643689,0.2683397683397683,0.2610060277643689,false,2
10156,0.3155997121646573,0.12311848066613061,0.12717770034843207,0.12311848066613061,false,5
10157,0.44963987590708043,0.20606122050936637,0.22486288848263253,0.20606122050936637,false,3
10158,0.4194883356838016,0.1832681990996272,0.1753846153846154,0.1832681990996272,false,3
10159,0.20265363301398662,0.07241341962431252,0.07564422277639235,0.07241341962431252,false,1
10160,0.3618556256785032,0.14821182561194543,0.14814814814814814,0.14821182561194543,false,5
10161,0.35084118426773253,0.14187796617609674,0.14814814814814814,0.14187796617609674,false,5
10162,0.6784260421456405,0.4391551482814925,0.4747191011235955,0.4391551482814925,false,3
10163,0.6974181625253,0.4543748846799001,0.4340659340659341,0.4543748846799001,false,2
10164,0.374659613204522,0.15586633832083838,0.14814814814814814,0.15586633832083838,false,5
10165,0.4084124290899264,0.17758868841427386,0.19455252918287938,0.17758868841427386,false,5
10166,0.5996877398063833,0.3532680141885846,0.3566666666666667,0.3532680141885846,false,4
10167,0.24523267157422982,0.0877092673696183,0.07564422277639235,0.0877092673696183,false,1
10168,0.719698940326791,0.4960454386875857,0.5,0.4960454386875857,false,4
10169,0.44810839140101544,0.20611669812849084,0.1884469696969697,0.20611669812849084,false,4
10170,0.4650122018757665,0.21874051962274274,0.2349570200573066,0.21874051962274274,false,2
10171,0.4048214336898907,0.17351754419205903,0.1884469696969697,0.17351754419205903,false,4
10172,0.3477379385641816,0.13698559650443531,0.12310606060606061,0.13698559650443531,false,1
10173,0.5027768568568849,0.2505088190220093,0.2683397683397683,0.2505088190220093,false,2
10174,0.4989595950776184,0.24772357663856948,0.2408026755852843,0.24772357663856948,false,3
10175,0.361804689688384,0.14818200458386388,0.14814814814814814,0.14818200458386388,false,5
10176,0.2295930595217497,0.08610775032783377,0.08004509582863585,0.08610775032783377,false,5
10177,0.36601393665937015,0.14790047999208045,0.15702479338842976,0.14790047999208045,false,1
10178,0.7451441438065607,0.5257882524959525,0.5255813953488372,0.5257882524959525,false,1
10179,0.6768727834598507,0.44374827937703765,0.44015444015444016,0.44374827937703765,false,4
10180,0.24560137349674768,0.08768924434505884,0.07591240875912408,0.08768924434505884,false,4
10181,0.2096006194639288,0.07792125503653198,0.08464419475655428,0.07792125503653198,false,2
10182,0.21895776713183795,0.0823046050948367,0.08004509582863585,0.0823046050948367,false,5
10183,0.6711530027479364,0.43569261050890884,0.4583333333333333,0.43569261050890884,false,1
10184,0.3783162475456542,0.1553714669825649,0.17279411764705882,0.1553714669825649,false,3
10185,0.3281136573962334,0.12840991582025593,0.13073170731707318,0.12840991582025593,false,2
10187,0.2278695984778457,0.08097372644118302,0.07591240875912408,0.08097372644118302,false,4
10188,0.19530893464928029,0.07003713721281381,0.07564422277639235,0.07003713721281381,false,1
10189,0.5685154695167661,0.31915342323401763,0.30769230769230776,0.31915342323401763,false,4
10190,0.2854881161851763,0.10881734158751978,0.11331444759206799,0.10881734158751978,false,5
10191,0.4259478037699691,0.189043414529,0.19701986754966888,0.189043414529,false,2
10192,0.47905656019335685,0.2302583916073232,0.2408026755852843,0.2302583916073232,false,3
10193,0.3566420062621553,0.1441438860222568,0.13073170731707318,0.1441438860222568,false,2
10194,0.6935072673154474,0.4475598272817481,0.49159663865546216,0.4475598272817481,false,5
10195,0.7837248407207562,0.5517844780133905,0.575,0.5517844780133905,false,5
10196,0.37223259331990244,0.154391064099344,0.14814814814814814,0.154391064099344,false,5
10197,0.4278005396030869,0.19028750193788796,0.1884469696969697,0.19028750193788796,false,4
10198,0.7276264672165594,0.505770051910013,0.5,0.505770051910013,false,4
10199,0.5550645630715182,0.29888447575283794,0.2572178477690289,0.29888447575283794,false,5
10200,0.23155285435774167,0.08232892615761846,0.07591240875912408,0.08232892615761846,false,4
10201,0.25068121125060755,0.09293961886946109,0.08464419475655428,0.09293961886946109,false,2
10202,0.3839319801776763,0.15928968793418066,0.19471153846153846,0.15928968793418066,false,1
10203,0.2898091161502892,0.10679566185286744,0.09781477627471384,0.10679566185286744,false,1
10204,0.42818639153072247,0.19065826884440332,0.19701986754966888,0.19065826884440332,false,2
10205,0.7026058071233191,0.4738190575105514,0.5,0.4738190575105514,false,1
10206,0.2682355162797828,0.10011682292617334,0.08464419475655428,0.10011682292617334,false,2
10207,0.3606659227470847,0.14463412642608117,0.15702479338842976,0.14463412642608117,false,1
10209,0.1634154374842618,0.06120882813156664,0.07043343653250773,0.06120882813156664,false,3
10210,0.4865426050006467,0.23837091040079314,0.22487223168654175,0.23837091040079314,false,1
10211,0.24386772173293625,0.08701107604140218,0.07591240875912408,0.08701107604140218,false,4
10212,0.25749980890453295,0.0956709175343172,0.08464419475655428,0.0956709175343172,false,2
10213,0.2208658645944615,0.0818031146297084,0.08464419475655428,0.0818031146297084,false,2
10214,0.4432707633614672,0.2022594942127014,0.1884469696969697,0.2022594942127014,false,4
10215,0.5867741962063002,0.33138160055979166,0.34049079754601225,0.33138160055979166,false,2
10216,0.6976180596433952,0.4689978522067432,0.44015444015444016,0.4689978522067432,false,4
10217,0.5058071104674159,0.253186678105015,0.2683397683397683,0.253186678105015,false,2
10218,0.2342157591268669,0.0833215285759947,0.07591240875912408,0.0833215285759947,false,4
10219,0.28291318657711917,0.10362060433215299,0.09781477627471384,0.10362060433215299,false,1
10220,0.47395909429721533,0.2276468407889348,0.23670212765957446,0.2276468407889348,false,4
10221,0.5076790831164834,0.2580392099471649,0.2692307692307692,0.2580392099471649,false,4
10222,0.7195461335926376,0.4945100170376659,0.5255813953488372,0.4945100170376659,false,1
10223,0.3527916452831102,0.13988166400415683,0.14937759336099585,0.13988166400415683,false,3
10224,0.28108683665270956,0.1026558989640406,0.10101010101010101,0.1026558989640406,false,4
10225,0.3363719317539131,0.1328076091727917,0.13073170731707318,0.1328076091727917,false,2
10226,0.3831389944791935,0.1584507099738821,0.1753846153846154,0.1584507099738821,false,3
10227,0.30219237554763256,0.11540670734348976,0.10574712643678161,0.11540670734348976,false,2
10228,0.28552410210325674,0.10883352780115653,0.11331444759206799,0.10883352780115653,false,5
10229,0.43122248451376516,0.19286523865478436,0.19701986754966888,0.19286523865478436,false,2
10230,0.452558560478876,0.20892289006412804,0.2349570200573066,0.20892289006412804,false,2
10231,0.6945188098519515,0.4510057565708906,0.4340659340659341,0.4510057565708906,false,2
10232,0.5161474535350397,0.26350448701975787,0.25,0.26350448701975787,false,3
10233,0.6345987620438694,0.3933149595854086,0.3601688145369352,0.3933149595854086,false,4
10234,0.4116363033528095,0.17766353506780627,0.1753846153846154,0.17766353506780627,false,3
10235,0.5378743679245744,0.2843536696347422,0.2638297872340426,0.2843536696347422,false,3
10236,0.4585116839808034,0.2135749910885943,0.2349570200573066,0.2135749910885943,false,2
10237,0.5058926840031038,0.2540120729512677,0.25,0.2540120729512677,false,3
10238,0.3869390883556391,0.16129184576206387,0.1884469696969697,0.16129184576206387,false,4
10239,0.3057049415101569,0.11432978772392925,0.1111111111111111,0.11432978772392925,false,4
10240,0.42770432355008003,0.1902147683746219,0.1884469696969697,0.1902147683746219,false,4
10241,0.4505243943214438,0.20676052952660748,0.22486288848263253,0.20676052952660748,false,3
10242,0.3382805943907991,0.1316082165183843,0.12310606060606061,0.1316082165183843,false,1
10243,0.6405561652038761,0.39931551686810635,0.391304347826087,0.39931551686810635,false,1
10244,0.22134860892319236,0.07862423218579212,0.07591240875912408,0.07862423218579212,false,4
10245,0.5984078963591679,0.3426303390240935,0.3174061433447099,0.3426303390240935,false,5
10246,0.4360921775440736,0.19711959122598913,0.20187793427230047,0.19711959122598913,false,5
10247,0.24949994970781708,0.0893938186311772,0.07564422277639235,0.0893938186311772,false,1
10248,0.2888057482046688,0.10668082336001866,0.10187667560321716,0.10668082336001866,false,3
10249,0.4615110473862021,0.2159472762104574,0.2349570200573066,0.2159472762104574,false,2
10250,0.2045371227133687,0.07303466733123046,0.07564422277639235,0.07303466733123046,false,1
10251,0.48143934609903644,0.23230306670426557,0.2408026755852843,0.23230306670426557,false,3
10253,0.5640202344060831,0.3137443320009103,0.31493506493506496,0.3137443320009103,false,1
10254,0.38102993381339817,0.15740780503479307,0.1884469696969697,0.15740780503479307,false,4
10255,0.1902715839268435,0.07279809697054178,0.08004509582863585,0.07279809697054178,false,5
10256,0.34178061258420395,0.13351432793747783,0.13059033989266547,0.13351432793747783,false,4
10257,0.645996073882536,0.39551568983177265,0.4,0.39551568983177265,false,2
10258,0.6079829976179131,0.3578779333152561,0.345679012345679,0.3578779333152561,false,3
10259,0.5704989349707248,0.3206071275032528,0.31493506493506496,0.3206071275032528,false,1
10260,0.5000609143695309,0.2505819840368058,0.22487223168654175,0.2505819840368058,false,1
10261,0.25518447525661475,0.09168314480564146,0.07692307692307693,0.09168314480564146,false,1
10262,0.45136622765603973,0.20874481490309854,0.1884469696969697,0.20874481490309854,false,4
10263,0.4703611919757382,0.22455766792739604,0.23670212765957446,0.22455766792739604,false,4
10264,0.5812475065428374,0.33216495847286914,0.31493506493506496,0.33216495847286914,false,1
10265,0.4760122864771839,0.22766449432140054,0.22486288848263253,0.22766449432140054,false,3
10266,0.23988729473400158,0.08547194137767239,0.07591240875912408,0.08547194137767239,false,4
10267,0.5196634810055544,0.26567066970966374,0.2683397683397683,0.26567066970966374,false,2
10268,0.19263181384247027,0.06983100710450971,0.07043343653250773,0.06983100710450971,false,3
10269,0.24450921759871982,0.08742653661973236,0.07564422277639235,0.08742653661973236,false,1
10270,0.5806196542995231,0.3314840741647351,0.31493506493506496,0.3314840741647351,false,1
10271,0.4601547373759968,0.2157342552416603,0.22487223168654175,0.2157342552416603,false,1
10272,0.2509247022219506,0.09421866178714138,0.0974264705882353,0.09421866178714138,false,5
10273,0.3701275242908659,0.15044175438642432,0.13894736842105262,0.15044175438642432,false,4
10274,0.3926704902010718,0.16509722901446316,0.19471153846153846,0.16509722901446316,false,1
10275,0.5874144509480873,0.3320472767263531,0.34049079754601225,0.3320472767263531,false,2
10276,0.3314793207166663,0.1312927047879242,0.12717770034843207,0.1312927047879242,false,5
10277,0.27229952435338706,0.10184720201197664,0.08464419475655428,0.10184720201197664,false,2
10278,0.44887447542615017,0.2065456117834529,0.19471153846153846,0.2065456117834529,false,1
10280,0.4654471799283572,0.22014628765487732,0.22487223168654175,0.22014628765487732,false,1
10281,0.41183667180682115,0.17850977089945558,0.1884469696969697,0.17850977089945558,false,4
10282,0.46902606864515783,0.22197469892978067,0.2349570200573066,0.22197469892978067,false,2
10283,0.2878740227312275,0.10589615013427063,0.09781477627471384,0.10589615013427063,false,1
10284,0.24916420279423143,0.08926022853865816,0.07564422277639235,0.08926022853865816,false,1
10285,0.39752208712769665,0.16839425296515068,0.19471153846153846,0.16839425296515068,false,1
10287,0.5893849950860968,0.3418052380664896,0.30769230769230776,0.3418052380664896,false,4
10288,0.3413292362892343,0.13659137166997198,0.14814814814814814,0.13659137166997198,false,5
10289,0.5069311353607994,0.25733717025373654,0.2692307692307692,0.25733717025373654,false,4
10290,0.2204561767235854,0.07907416913555025,0.07043343653250773,0.07907416913555025,false,3
10291,0.31741718896667065,0.12027946710950681,0.13059033989266547,0.12027946710950681,false,4
10292,0.28639921147563085,0.10922779696319043,0.11331444759206799,0.10922779696319043,false,5
10293,0.4725108466555732,0.22613519600658447,0.22487223168654175,0.22613519600658447,false,1
10294,0.3141195644505832,0.11857778885499204,0.13059033989266547,0.11857778885499204,false,4
10296,0.23904647530145431,0.08585991502206174,0.07043343653250773,0.08585991502206174,false,3
10297,0.23048013361158046,0.08193211749768067,0.07591240875912408,0.08193211749768067,false,4
10298,0.2734107718545074,0.09980377900711254,0.08676789587852494,0.09980377900711254,false,3
10299,0.2120756239807439,0.07992569714910068,0.08004509582863585,0.07992569714910068,false,5
10301,0.6752498806970331,0.441783501409119,0.44015444015444016,0.441783501409119,false,4
10302,0.23999342127948972,0.08998012516736656,0.0945945945945946,0.08998012516736656,false,5
10303,0.43622273745515194,0.19721544067672425,0.20187793427230047,0.19721544067672425,false,5
10304,0.3839035546054109,0.15927106964969004,0.19471153846153846,0.15927106964969004,false,1
10305,0.3839035546054109,0.15927106964969004,0.19471153846153846,0.15927106964969004,false,1
10306,0.2720428854625192,0.09878513453028179,0.09781477627471384,0.09878513453028179,false,1
10307,0.19641139545777134,0.07359114968973707,0.08464419475655428,0.07359114968973707,false,2
10308,0.35870763848108,0.14335254713583268,0.14937759336099585,0.14335254713583268,false,3
10309,0.36627534818382324,0.1480616919013511,0.15702479338842976,0.1480616919013511,false,1
10310,0.36627534818382324,0.1480616919013511,0.15702479338842976,0.1480616919013511,false,1
10311,0.3187151736193059,0.12468692785647988,0.12717770034843207,0.12468692785647988,false,5
10312,0.44368726639529316,0.20275396937246154,0.20187793427230047,0.20275396937246154,false,5
10313,0.2845172712273538,0.10720980977702073,0.10574712643678161,0.10720980977702073,false,2
10315,0.41793593217975555,0.18214934352471793,0.1753846153846154,0.18214934352471793,false,3
10316,0.3705353080334502,0.1507093017311547,0.16346153846153846,0.1507093017311547,false,1
10317,0.5163960527506013,0.26270517595938137,0.2572178477690289,0.26270517595938137,false,5
10318,0.39935959825333467,0.16917128728139663,0.1753846153846154,0.16917128728139663,false,3
10319,0.48769594048002846,0.23773192867262197,0.2408026755852843,0.23773192867262197,false,3
10321,0.5507654547361771,0.2947230854173501,0.2572178477690289,0.2947230854173501,false,5
10322,0.415426146188547,0.18159392103855626,0.19701986754966888,0.18159392103855626,false,2
10323,0.3953468230990652,0.16891067967761342,0.1651376146788991,0.16891067967761342,false,5
10324,0.4213622201402185,0.18576830192943722,0.19701986754966888,0.18576830192943722,false,2
10325,0.35029579924714804,0.1415702904423676,0.14814814814814814,0.1415702904423676,false,5
10326,0.3989326733976487,0.17125817283995276,0.18571428571428572,0.17125817283995276,false,5
10327,0.2531437517596202,0.0913529685661369,0.08676789587852494,0.0913529685661369,false,3
10328,0.18936376587795148,0.068813383604791,0.07043343653250773,0.068813383604791,false,3
10330,0.27914947750438013,0.10599906542354495,0.10112359550561797,0.10599906542354495,false,5
10331,0.25064706250912744,0.09292611782603669,0.08464419475655428,0.09292611782603669,false,2
10333,0.34535561517792346,0.13880864047247649,0.14814814814814814,0.13880864047247649,false,5
10334,0.32993294578506605,0.13047687493437626,0.12717770034843207,0.13047687493437626,false,5
10335,0.2915599850016402,0.11157848138419814,0.11331444759206799,0.11157848138419814,false,5
10336,0.35629972963404766,0.14498819535447055,0.14814814814814814,0.14498819535447055,false,5
10337,0.30591360561086217,0.11720044498686598,0.10574712643678161,0.11720044498686598,false,2
10338,0.27449975566237345,0.09971644843575547,0.07591240875912408,0.09971644843575547,false,4
10339,0.3004307742911514,0.11456592052536528,0.10574712643678161,0.11456592052536528,false,2
10340,0.39978845247131156,0.1709473150786809,0.16071428571428573,0.1709473150786809,false,2
10341,0.309720418839057,0.12020480066219101,0.12717770034843207,0.12020480066219101,false,5
10342,0.2656658227172856,0.10021733137489888,0.0974264705882353,0.10021733137489888,false,5
10343,0.3887349953224297,0.1624875182958282,0.1884469696969697,0.1624875182958282,false,4
10344,0.3897832561835738,0.16315983342811166,0.19471153846153846,0.16315983342811166,false,1
10345,0.3913278392145119,0.16422636158254375,0.1884469696969697,0.16422636158254375,false,4
10347,0.3968410741768053,0.1698857675817776,0.18571428571428572,0.1698857675817776,false,5
10348,0.29156251492875646,0.10748870572947779,0.1111111111111111,0.10748870572947779,false,4
10349,0.3383459509981531,0.13387752470687683,0.13073170731707318,0.13387752470687683,false,2
10350,0.25924804079819924,0.09756507294275474,0.0974264705882353,0.09756507294275474,false,5
10351,0.35208634220709084,0.1394737993428246,0.13894736842105262,0.1394737993428246,false,4
10352,0.3302957951716772,0.12955973050102818,0.13073170731707318,0.12955973050102818,false,2
10353,0.3309494463815454,0.12756392606516437,0.12310606060606061,0.12756392606516437,false,1
10354,0.19866079377236812,0.07174494508140378,0.07043343653250773,0.07174494508140378,false,3
10355,0.4190475632189994,0.1837576743152252,0.1884469696969697,0.1837576743152252,false,4
10356,0.3251497046213433,0.12798059577219395,0.12717770034843207,0.12798059577219395,false,5
10358,0.27911936965023904,0.10598583373081018,0.10112359550561797,0.10598583373081018,false,5
10360,0.6813891391016292,0.44268057382248405,0.4747191011235955,0.44268057382248405,false,3
10361,0.784455107106281,0.5733477379206252,0.5373134328358209,0.5733477379206252,false,1
10362,0.6351711795681578,0.3834440632469968,0.34049079754601225,0.3834440632469968,false,2
10365,0.36172391924228764,0.14710930881113687,0.14182692307692307,0.14710930881113687,false,2
10366,0.3340737617914937,0.1293615663424892,0.14814814814814814,0.1293615663424892,false,3
10367,0.6177417975221786,0.37287375290870634,0.38095238095238093,0.37287375290870634,false,1
10368,0.29150561674939374,0.10746192409627006,0.1111111111111111,0.10746192409627006,false,4
10369,0.29150561674939374,0.10746192409627006,0.1111111111111111,0.10746192409627006,false,4
10370,0.28546297915303187,0.10763509608856231,0.10574712643678161,0.10763509608856231,false,2
10372,0.260456712915628,0.09687751555582778,0.08464419475655428,0.09687751555582778,false,2
10373,0.4024403427209935,0.17271725800644774,0.16071428571428573,0.17271725800644774,false,2
10374,0.41081244823375734,0.1784001458119247,0.19701986754966888,0.1784001458119247,false,2
10375,0.2061444540768121,0.07356870631638163,0.07564422277639235,0.07356870631638163,false,1
10376,0.49811430286125025,0.2491560299409152,0.2692307692307692,0.2491560299409152,false,4
10377,0.23752278444873998,0.08473833538236193,0.07564422277639235,0.08473833538236193,false,1
10378,0.4851417936454574,0.23743864536142273,0.23670212765957446,0.23743864536142273,false,4
10379,0.4329406324992813,0.1940648840538477,0.19471153846153846,0.1940648840538477,false,1
10380,0.26662031355224125,0.09644888103434326,0.09781477627471384,0.09644888103434326,false,1
10381,0.4958888756894659,0.24497194354753357,0.2408026755852843,0.24497194354753357,false,3
10382,0.5769837779211222,0.3282497940438171,0.30769230769230776,0.3282497940438171,false,4
10383,0.22278678712351271,0.07931294276284057,0.07564422277639235,0.07931294276284057,false,1
10384,0.6727199507888864,0.43757790625024007,0.4583333333333333,0.43757790625024007,false,1
10385,0.25955636722320785,0.0934795538527774,0.09781477627471384,0.0934795538527774,false,1
10386,0.2204441437322688,0.08282678678536898,0.08004509582863585,0.08282678678536898,false,5
10387,0.20854214910120641,0.07498675501806566,0.07043343653250773,0.07498675501806566,false,3
10388,0.19642091646693566,0.07102829541818219,0.07043343653250773,0.07102829541818219,false,3
10389,0.28342612171346937,0.10371812355872069,0.10101010101010101,0.10371812355872069,false,4
10391,0.13241449129575683,0.0566355519404426,0.017241379310344827,0.0566355519404426,false,5
10392,0.17535788547265774,0.06826511312103814,0.07586206896551724,0.06826511312103814,false,5
10393,0.2611569184549747,0.09461448881409387,0.08676789587852494,0.09461448881409387,false,3
10394,0.20714414059456604,0.07709747877295357,0.08464419475655428,0.07709747877295357,false,2
10395,0.22562243951933003,0.08090914229020071,0.07043343653250773,0.08090914229020071,false,3
10396,0.13670419307455933,0.05332593309220955,0.07317073170731705,0.05332593309220955,false,4
10397,0.6549922254698217,0.41743065367896215,0.44015444015444016,0.41743065367896215,false,4
10398,0.18835919042396887,0.06850334295223053,0.07043343653250773,0.06850334295223053,false,3
10399,0.1748137321012476,0.06378270591049963,0.07564422277639235,0.06378270591049963,false,1
10400,0.18211514446503332,0.06914858909277387,0.0755813953488372,0.06914858909277387,false,2
10401,0.18211514446503332,0.06914858909277387,0.0755813953488372,0.06914858909277387,false,2
10402,0.16376273178798242,0.06492303197379112,0.07586206896551724,0.06492303197379112,false,5
10403,0.2372719991693468,0.0877718092892645,0.08464419475655428,0.0877718092892645,false,2
10404,0.2372719991693468,0.0877718092892645,0.08464419475655428,0.0877718092892645,false,2
10405,0.13241449129575683,0.0566355519404426,0.017241379310344827,0.0566355519404426,false,5
10406,0.21594109320016078,0.07750171936377596,0.07043343653250773,0.07750171936377596,false,3
10407,0.44224636495293734,0.20167588674119577,0.20187793427230047,0.20167588674119577,false,5
10408,0.26644284876350244,0.10054276408225639,0.0974264705882353,0.10054276408225639,false,5
10409,0.23172262343806885,0.0825637975704562,0.07564422277639235,0.0825637975704562,false,1
10410,0.24412681260515348,0.09038033040660093,0.08464419475655428,0.09038033040660093,false,2
10411,0.8697507158053648,0.6710024488861692,0.7468354430379747,0.6710024488861692,false,1
10412,0.5070597047563571,0.2550808818219168,0.25,0.2550808818219168,false,3
10413,0.5683875961794357,0.31901709393579974,0.30769230769230776,0.31901709393579974,false,4
10414,0.47686596125029007,0.22838978990915412,0.2408026755852843,0.22838978990915412,false,3
10415,0.39033403866257843,0.1647543053404645,0.16071428571428573,0.1647543053404645,false,2
10416,0.7417771970793773,0.5033337531345158,0.49159663865546216,0.5033337531345158,false,5
10417,0.434888557190282,0.19623761907585788,0.20187793427230047,0.19623761907585788,false,5
10418,0.6642834609567135,0.41619448643588713,0.4340659340659341,0.41619448643588713,false,2
10419,0.7461064006294639,0.5113340796161585,0.532258064516129,0.5113340796161585,false,2
10420,0.5286477659178864,0.2777427068172709,0.24489795918367344,0.2777427068172709,false,1
10421,0.24412681260515348,0.09038033040660093,0.08464419475655428,0.09038033040660093,false,2
10422,0.6312814694887957,0.3777449810675607,0.3416666666666667,0.3777449810675607,false,5
10423,0.24000403344628105,0.08880319863965686,0.08464419475655428,0.08880319863965686,false,2
10426,0.3196520676210504,0.12172214317902749,0.12396694214876033,0.12172214317902749,false,3
10427,0.32611626554395,0.12736508582487413,0.13073170731707318,0.12736508582487413,false,2
10428,0.32762410942697895,0.12815316053674622,0.13073170731707318,0.12815316053674622,false,2
10429,0.27076533019783794,0.09808342038700758,0.07591240875912408,0.09808342038700758,false,4
10430,0.4662995887171543,0.2197741239267326,0.2349570200573066,0.2197741239267326,false,2
10431,0.27034718928655493,0.09848315909346918,0.08676789587852494,0.09848315909346918,false,3
10432,0.35969630405674446,0.14592013687420488,0.13073170731707318,0.14592013687420488,false,2
10433,0.12048783628881068,0.05375167713375825,0.017241379310344827,0.05375167713375825,false,5
10434,0.2085319026578014,0.07756187685629658,0.08464419475655428,0.07756187685629658,false,2
10436,0.2626483909592301,0.09461596924315213,0.07591240875912408,0.09461596924315213,false,4
10437,0.3092126398524424,0.11619247598524908,0.102803738317757,0.11619247598524908,false,1
10438,0.22277274802257963,0.08365091389547362,0.08004509582863585,0.08365091389547362,false,5
10441,0.25382527591107135,0.090971736061059,0.07591240875912408,0.090971736061059,false,4
10442,0.22114747645867772,0.07931748473583201,0.07043343653250773,0.07931748473583201,false,3
10443,0.30815114710936536,0.11591136448080414,0.10569105691056911,0.11591136448080414,false,3
10444,0.23603185601751325,0.08400470952433588,0.07591240875912408,0.08400470952433588,false,4
10445,0.32633823105002263,0.12521442176004294,0.12396694214876033,0.12521442176004294,false,3
10446,0.5665358269605261,0.31069689545068646,0.3333333333333333,0.31069689545068646,false,2
10447,0.6642917255236293,0.42242872042764085,0.449438202247191,0.42242872042764085,false,3
10448,0.2519277895561279,0.09020469553540818,0.07591240875912408,0.09020469553540818,false,4
10449,0.2568435317956357,0.09236116720075799,0.09781477627471384,0.09236116720075799,false,1
10450,0.3240573663508105,0.12377001424620135,0.13059033989266547,0.12377001424620135,false,4
10451,0.3023159855471561,0.11265669230008578,0.1111111111111111,0.11265669230008578,false,4
10452,0.34052605385763995,0.1328037529644408,0.13059033989266547,0.1328037529644408,false,4
10453,0.25648563030680727,0.09221452024387894,0.09781477627471384,0.09221452024387894,false,1
10454,0.4859865616683246,0.23787749441699174,0.22487223168654175,0.23787749441699174,false,1
10455,0.5781461928587395,0.3255032393747243,0.3425925925925926,0.3255032393747243,false,3
10456,0.3170894236961646,0.12020776624940878,0.102803738317757,0.12020776624940878,false,1
10457,0.5332643946383022,0.27984764735630535,0.2638297872340426,0.27984764735630535,false,3
10459,0.28757621890708046,0.10976005821370201,0.11331444759206799,0.10976005821370201,false,5
10461,0.14715331682736213,0.05616494439798979,0.06857142857142857,0.05616494439798979,false,1
10462,0.2752694984712306,0.10430586270629419,0.10112359550561797,0.10430586270629419,false,5
10463,0.5447256869650777,0.29379036523381197,0.3,0.29379036523381197,false,1
10464,0.5097633474430844,0.2595989484514622,0.24489795918367344,0.2595989484514622,false,1
10465,0.305271308620505,0.11411450609845875,0.1111111111111111,0.11411450609845875,false,4
10466,0.27328788455766456,0.09918387626332457,0.07591240875912408,0.09918387626332457,false,4
10467,0.18786061595349435,0.07090335159398638,0.0755813953488372,0.07090335159398638,false,2
10468,0.4475412787520863,0.20565863605196896,0.21678321678321674,0.20565863605196896,false,5
10469,0.224060820332416,0.0829357139084842,0.08464419475655428,0.0829357139084842,false,2
10470,0.25392256135190283,0.0954119384402106,0.0974264705882353,0.0954119384402106,false,5
10471,0.7321511215517819,0.5099219284294392,0.5255813953488372,0.5099219284294392,false,1
10475,0.3415512711318046,0.13344734060542804,0.12310606060606061,0.13344734060542804,false,1
10480,0.1663325876805882,0.0613499345778675,0.06857142857142857,0.0613499345778675,false,1
10482,0.44934270406567234,0.20710953327072215,0.1884469696969697,0.20710953327072215,false,4
10483,0.19507742962881952,0.07060162383615276,0.07043343653250773,0.07060162383615276,false,3
10485,0.45028347492748877,0.20716482260237928,0.2349570200573066,0.20716482260237928,false,2
10486,0.25392256135190283,0.0954119384402106,0.0974264705882353,0.0954119384402106,false,5
10487,0.7846927074611594,0.5736320001491161,0.5373134328358209,0.5736320001491161,false,1
10488,0.6506915437642067,0.41230786054163426,0.44015444015444016,0.41230786054163426,false,4
10489,0.45796357011549255,0.21314352917932944,0.2349570200573066,0.21314352917932944,false,2
10492,0.24449280700219625,0.08725504759159718,0.07591240875912408,0.08725504759159718,false,4
10495,0.5942980073276768,0.33924617008026436,0.34049079754601225,0.33924617008026436,false,2
10496,0.23245471687603508,0.08266388567293861,0.07591240875912408,0.08266388567293861,false,4
10497,0.47543248632983626,0.22720716717614742,0.2612612612612612,0.22720716717614742,false,2
10499,0.329951121731181,0.1269407210974408,0.13059033989266547,0.1269407210974408,false,4
10507,0.3239556826837561,0.12371591229214132,0.13059033989266547,0.12371591229214132,false,4
10508,0.36583519993640384,0.14954513480654746,0.14182692307692307,0.14954513480654746,false,2
10512,0.2698127498773814,0.0976706986039696,0.07591240875912408,0.0976706986039696,false,4
10514,0.3429526483121623,0.13748175244284863,0.14814814814814814,0.13748175244284863,false,5
10522,0.32883713756346333,0.12654151849644488,0.12396694214876033,0.12654151849644488,false,3
10523,0.20867737597037947,0.07503203959136384,0.07043343653250773,0.07503203959136384,false,3
10524,0.7893908694271043,0.5582743941173787,0.575,0.5582743941173787,false,5
10526,0.5987270657142879,0.34296382474887527,0.3174061433447099,0.34296382474887527,false,5
10528,0.22875873761253832,0.0812989975681992,0.07591240875912408,0.0812989975681992,false,4
10529,0.26067270405953075,0.09378875445067172,0.07591240875912408,0.09378875445067172,false,4
10530,0.2016261590252288,0.07643359517675709,0.08004509582863585,0.07643359517675709,false,5
10531,0.3823634239548033,0.1579521999019908,0.1753846153846154,0.1579521999019908,false,3
10532,0.44222920173892577,0.2014361073289009,0.1884469696969697,0.2014361073289009,false,4
10533,0.4301773316060287,0.19209097070802358,0.1884469696969697,0.19209097070802358,false,4
10534,0.4718273599167847,0.22413244840101457,0.22486288848263253,0.22413244840101457,false,3
10535,0.5105353327412838,0.2574026753211517,0.2683397683397683,0.2574026753211517,false,2
10537,0.17991418155235864,0.0696215095595981,0.08004509582863585,0.0696215095595981,false,5
10538,0.7753187897355808,0.5639242697196178,0.5979381443298969,0.5639242697196178,false,4
10539,0.3821330835337769,0.16048134970975966,0.14814814814814814,0.16048134970975966,false,5
10540,0.3821330835337769,0.16048134970975966,0.14814814814814814,0.16048134970975966,false,5
10545,0.20438567188246698,0.07618194953463484,0.08464419475655428,0.07618194953463484,false,2
10546,0.329951121731181,0.1269407210974408,0.13059033989266547,0.1269407210974408,false,4
10549,0.23280924687141577,0.08611031703348568,0.08464419475655428,0.08611031703348568,false,2
10554,0.6298579355895013,0.3824867323293248,0.345679012345679,0.3824867323293248,false,3
10555,0.17656921714198634,0.06862331449164684,0.07586206896551724,0.06862331449164684,false,5
10556,0.25551414025366087,0.09230708666491905,0.08676789587852494,0.09230708666491905,false,3
10557,0.6626670755967914,0.4143536492848602,0.4340659340659341,0.4143536492848602,false,2
10558,0.574034657137543,0.3176409071024744,0.2698412698412698,0.3176409071024744,false,5
10559,0.17991418155235864,0.0696215095595981,0.08004509582863585,0.0696215095595981,false,5
10560,0.4798598087781287,0.23277781278346307,0.23670212765957446,0.23277781278346307,false,4
10562,0.2910246260822158,0.11133258894132442,0.11331444759206799,0.11133258894132442,false,5
10563,0.2951498781872332,0.10931324408858593,0.09781477627471384,0.10931324408858593,false,1
10566,0.36605701925732426,0.1477639404029571,0.17279411764705882,0.1477639404029571,false,3
10572,0.19616659167986264,0.07351291170789664,0.08464419475655428,0.07351291170789664,false,2
10575,0.20116685600409628,0.07192646769209399,0.07564422277639235,0.07192646769209399,false,1
10576,0.1663325876805882,0.0613499345778675,0.06857142857142857,0.0613499345778675,false,1
10582,0.2648981389347517,0.09571729109536302,0.09781477627471384,0.09571729109536302,false,1
10583,0.37583579418090696,0.15405784025260066,0.18888888888888888,0.15405784025260066,false,1
10588,0.4681715848129154,0.22244259125109297,0.22487223168654175,0.22244259125109297,false,1
10589,0.21001818466882508,0.07806208371858843,0.08464419475655428,0.07806208371858843,false,2
10590,0.16736569679552984,0.061451961137343684,0.07317073170731705,0.061451961137343684,false,4
10591,0.1824796022144234,0.06671455093089826,0.07043343653250773,0.06671455093089826,false,3
10592,0.27692167669550805,0.10384740973920276,0.08464419475655428,0.10384740973920276,false,2
10593,0.23555126911187926,0.08712777297260527,0.08464419475655428,0.08712777297260527,false,2
10601,0.4362938585941885,0.1965949325739466,0.19701986754966888,0.1965949325739466,false,2
10605,0.18745882298059593,0.06822656411987282,0.07043343653250773,0.06822656411987282,false,3
10606,0.3545302676709825,0.14096078568044412,0.12310606060606061,0.14096078568044412,false,1
10610,0.26708288082964526,0.09664623158190012,0.09781477627471384,0.09664623158190012,false,1
10613,0.4047343504210747,0.17284876116083603,0.1753846153846154,0.17284876116083603,false,3
10614,0.48515202944929314,0.23551409097607373,0.2408026755852843,0.23551409097607373,false,3
10615,0.3617543434034605,0.14815253367588785,0.14814814814814814,0.14815253367588785,false,5
10628,0.23381033793134545,0.08648052895202628,0.08464419475655428,0.08648052895202628,false,2
10629,0.6429956569673763,0.3905974171733579,0.3416666666666667,0.3905974171733579,false,5
10630,0.5881102396493734,0.3327714534969607,0.34049079754601225,0.3327714534969607,false,2
10631,0.5383928402728695,0.28486317807816336,0.2638297872340426,0.28486317807816336,false,3
10632,0.7703595652013469,0.5579310411867952,0.5979381443298969,0.5579310411867952,false,4
10638,0.15442483966353418,0.058762314846222255,0.06818181818181818,0.058762314846222255,false,3
10640,0.402876004645896,0.1720933538481272,0.19471153846153846,0.1720933538481272,false,1
10646,0.23153707095021062,0.08232307507888663,0.07591240875912408,0.08232307507888663,false,4
10647,0.23153707095021062,0.08232307507888663,0.07591240875912408,0.08232307507888663,false,4
10648,0.33046429068970107,0.1307567125742852,0.12717770034843207,0.1307567125742852,false,5
10649,0.4087917357372899,0.17566655421733798,0.1753846153846154,0.17566655421733798,false,3
10650,0.45606766039445873,0.21165601891757443,0.2349570200573066,0.21165601891757443,false,2
10657,0.23690267489432948,0.08881324066878046,0.08004509582863585,0.08881324066878046,false,5
10659,0.21074028848429383,0.07830617144984282,0.08464419475655428,0.07830617144984282,false,2
10661,0.26872754560986556,0.09735083748348623,0.09781477627471384,0.09735083748348623,false,1
10663,0.25444333442775385,0.09138170419426014,0.07564422277639235,0.09138170419426014,false,1
10664,0.2312145506747492,0.08552354901789229,0.08464419475655428,0.08552354901789229,false,2
10665,0.24588316196664967,0.08779992447615144,0.07591240875912408,0.08779992447615144,false,4
10666,0.2110542024452203,0.07583210015281629,0.07043343653250773,0.07583210015281629,false,3
10667,0.22126612109218619,0.07877150550967486,0.07564422277639235,0.07877150550967486,false,1
10668,0.30688022930287473,0.11767032423898299,0.13073170731707318,0.11767032423898299,false,2
10669,0.26741406389006545,0.10095084629364562,0.0974264705882353,0.10095084629364562,false,5
10671,0.25529077038614056,0.09477828192493268,0.08464419475655428,0.09477828192493268,false,2
10672,0.3166810839339633,0.12366095529695442,0.12717770034843207,0.12366095529695442,false,5
10674,0.22682684936309447,0.08510351387183893,0.08004509582863585,0.08510351387183893,false,5
10678,0.3902503905500808,0.16350198140367103,0.1884469696969697,0.16350198140367103,false,4
10680,0.3415512711318046,0.13344734060542804,0.12310606060606061,0.13344734060542804,false,1
10681,0.42338608013336226,0.1879593753791879,0.19696969696969696,0.1879593753791879,false,5
10687,0.1757553241090431,0.06838244779531427,0.07586206896551724,0.06838244779531427,false,5
10690,0.20097965650703048,0.07249389024055822,0.07043343653250773,0.07249389024055822,false,3
10693,0.29934538078570244,0.11520830859589615,0.11331444759206799,0.11520830859589615,false,5
10695,0.20097965650703048,0.07249389024055822,0.07043343653250773,0.07249389024055822,false,3
10697,0.18745882298059593,0.06822656411987282,0.07043343653250773,0.06822656411987282,false,3
10698,0.3545302676709825,0.14096078568044412,0.12310606060606061,0.14096078568044412,false,1
10700,0.3656683439384954,0.1476665179140238,0.13894736842105262,0.1476665179140238,false,4
10701,0.5738357023767321,0.3180764080877574,0.3333333333333333,0.3180764080877574,false,2
10704,0.3492194535313329,0.1399021494049849,0.13073170731707318,0.1399021494049849,false,2
10707,0.25247027534182964,0.09483218720387332,0.0974264705882353,0.09483218720387332,false,5
10708,0.22944292047910964,0.08229100595092147,0.07043343653250773,0.08229100595092147,false,3
10709,0.4753817020904926,0.2286019608130534,0.22487223168654175,0.2286019608130534,false,1
10711,0.25553071551945933,0.09182427558526458,0.07692307692307693,0.09182427558526458,false,1
10713,0.24386355916629573,0.09146073176174346,0.0974264705882353,0.09146073176174346,false,5
10714,0.24595551198645804,0.09108792700796285,0.08464419475655428,0.09108792700796285,false,2
10715,0.3874204332801361,0.1628824432807364,0.16071428571428573,0.1628824432807364,false,2
10722,0.26356815899742525,0.09515570739034115,0.09781477627471384,0.09515570739034115,false,1
10723,0.3876491627254067,0.1639580696669776,0.14814814814814814,0.1639580696669776,false,5
10732,0.3558187391951062,0.1436681952577053,0.13073170731707318,0.1436681952577053,false,2
10733,0.3809346046225323,0.15703714088956183,0.17279411764705882,0.15703714088956183,false,3
10734,0.42582848116435523,0.188957633714741,0.19701986754966888,0.188957633714741,false,2
10735,0.3069771057545903,0.11533194356284739,0.10569105691056911,0.11533194356284739,false,3
10736,0.23294939439920392,0.08734062886936733,0.08004509582863585,0.08734062886936733,false,5
10739,0.23294939439920392,0.08734062886936733,0.08004509582863585,0.08734062886936733,false,5
10746,0.31121161008334863,0.11720030847161254,0.102803738317757,0.11720030847161254,false,1
10750,0.36605701925732426,0.1477639404029571,0.17279411764705882,0.1477639404029571,false,3
10751,0.5820356515123877,0.32573767178887914,0.3174061433447099,0.32573767178887914,false,5
10753,0.2379755443214529,0.0847415210997227,0.07591240875912408,0.0847415210997227,false,4
10758,0.17936784798634953,0.06512585159606647,0.07564422277639235,0.06512585159606647,false,1
10759,0.3369357433683819,0.13420603296492586,0.14814814814814814,0.13420603296492586,false,5
10760,0.6142464705590551,0.3605230519436777,0.34049079754601225,0.3605230519436777,false,2
10761,0.5262102429159143,0.27582753608571653,0.28969957081545067,0.27582753608571653,false,4
10771,0.17176649993906434,0.06721327037448369,0.07586206896551724,0.06721327037448369,false,5
10772,0.17176649993906434,0.06721327037448369,0.07586206896551724,0.06721327037448369,false,5
10773,0.40486635552695033,0.17519941901453065,0.19455252918287938,0.17519941901453065,false,5
10774,0.3402155433348996,0.13262837670928604,0.13059033989266547,0.13262837670928604,false,4
10775,0.3749928396078844,0.15509024232997556,0.14182692307692307,0.15509024232997556,false,2
10779,0.27643120523190223,0.10363352516921759,0.08464419475655428,0.10363352516921759,false,2
10782,0.4033470406214829,0.17189353320777165,0.1753846153846154,0.17189353320777165,false,3
10783,0.25529077038614056,0.09477828192493268,0.08464419475655428,0.09477828192493268,false,2
10784,0.2738815965263685,0.10370601574443253,0.10112359550561797,0.10370601574443253,false,5
10786,0.6095567383472783,0.3554678085454985,0.34049079754601225,0.3554678085454985,false,2
10787,0.3749928396078844,0.15509024232997556,0.14182692307692307,0.15509024232997556,false,2
10788,0.3749928396078844,0.15509024232997556,0.14182692307692307,0.15509024232997556,false,2
10790,0.36314313844979135,0.14794642665201257,0.14182692307692307,0.14794642665201257,false,2
10791,0.36314313844979135,0.14794642665201257,0.14182692307692307,0.14794642665201257,false,2
10792,0.44469699937318763,0.20321704283200007,0.19471153846153846,0.20321704283200007,false,1
10794,0.4009691323234064,0.17026596939726396,0.1753846153846154,0.17026596939726396,false,3
10799,0.4087317766701577,0.17697427993770223,0.19701986754966888,0.17697427993770223,false,2
10800,0.44612623909310206,0.2045885897827876,0.21678321678321674,0.2045885897827876,false,5
10801,0.38576451368077874,0.16051369194866075,0.1884469696969697,0.16051369194866075,false,4
10802,0.3240046188453437,0.12626839368071477,0.13073170731707318,0.12626839368071477,false,2
10803,0.5502104008171663,0.29454078843432163,0.2683397683397683,0.29454078843432163,false,2
10804,0.22458785325651653,0.08053859106824537,0.07043343653250773,0.08053859106824537,false,3
10806,0.25621997214883024,0.09194814422393016,0.07591240875912408,0.09194814422393016,false,4
10808,0.3236991081554196,0.12366905268112593,0.102803738317757,0.12366905268112593,false,1
10809,0.37005658775422184,0.15208068539457464,0.14182692307692307,0.15208068539457464,false,2
10810,0.3661772538476763,0.15076006219371071,0.14814814814814814,0.15076006219371071,false,5
10813,0.36307032759051355,0.14595782296484108,0.14937759336099585,0.14595782296484108,false,3
10814,0.19689478101358904,0.07489889213534172,0.08004509582863585,0.07489889213534172,false,5
10822,0.40509387996136675,0.17309699820233354,0.1753846153846154,0.17309699820233354,false,3
10825,0.2974168802437116,0.11313979884610094,0.10574712643678161,0.11313979884610094,false,2
10828,0.23738284941992466,0.08781344559188987,0.08464419475655428,0.08781344559188987,false,2
10829,0.43705847714691937,0.19738561793603732,0.1884469696969697,0.19738561793603732,false,4
10830,0.3424665489746643,0.1339658866751204,0.12310606060606061,0.1339658866751204,false,1
10831,0.31644867626763723,0.11977750904468232,0.13059033989266547,0.11977750904468232,false,4
10832,0.17964724954629932,0.06840726358038839,0.0755813953488372,0.06840726358038839,false,2
10833,0.18031547868364195,0.06540862474521279,0.07564422277639235,0.06540862474521279,false,1
10836,0.1393978812527609,0.053997147565934434,0.07317073170731705,0.053997147565934434,false,4
10837,0.5433252741620691,0.287601633369572,0.2572178477690289,0.287601633369572,false,5
10838,0.6482038359631034,0.40360664358833787,0.35294117647058826,0.40360664358833787,false,3
10839,0.7305251051536445,0.5017164267144018,0.4747191011235955,0.5017164267144018,false,3
10840,0.3660516012940614,0.1477606473802313,0.17279411764705882,0.1477606473802313,false,3
10841,0.7134435522738982,0.488373766823609,0.5,0.488373766823609,false,4
10842,0.7465065705824613,0.5118030395734994,0.532258064516129,0.5118030395734994,false,2
10843,0.7340695986975849,0.4972225418072392,0.4634146341463415,0.4972225418072392,false,2
10844,0.3542062992518803,0.14076901427320745,0.12310606060606061,0.14076901427320745,false,1
10845,0.518646987135973,0.2647416233580099,0.2683397683397683,0.2647416233580099,false,2
10846,0.5326431070412192,0.2775587337075022,0.2572178477690289,0.2775587337075022,false,5
10847,0.5926009697373015,0.33659031869171024,0.3174061433447099,0.33659031869171024,false,5
10848,0.38654809565990506,0.16101076184774452,0.19471153846153846,0.16101076184774452,false,1
10849,0.5507622037625584,0.2999534073847597,0.3023255813953488,0.2999534073847597,false,1
10850,0.41235375153102394,0.17946217501488418,0.19701986754966888,0.17946217501488418,false,2
10851,0.16235550319354344,0.06341635285361027,0.06451612903225806,0.06341635285361027,false,2
10852,0.4159343322906786,0.18274120600214178,0.19455252918287938,0.18274120600214178,false,5
10853,0.2129383967656817,0.0758659279113574,0.07564422277639235,0.0758659279113574,false,1
10854,0.2523190138814176,0.09036236589879637,0.07591240875912408,0.09036236589879637,false,4
10855,0.6102313068755584,0.3603754528942635,0.345679012345679,0.3603754528942635,false,3
10856,0.6239674488271515,0.3800215028264843,0.38095238095238093,0.3800215028264843,false,1
10857,0.4575094097613146,0.21355314142485546,0.22487223168654175,0.21355314142485546,false,1
10858,0.527308105076897,0.27409077698835665,0.25,0.27409077698835665,false,3
10859,0.7100344151351758,0.48419484017279535,0.5,0.48419484017279535,false,4
10860,0.43345063691736757,0.19449724173400829,0.19701986754966888,0.19449724173400829,false,2
10861,0.4476190179773935,0.2057240411087796,0.1884469696969697,0.2057240411087796,false,4
10862,0.3994826641807954,0.16979272973602835,0.1884469696969697,0.16979272973602835,false,4
10863,0.386887750976285,0.16347458310725294,0.14814814814814814,0.16347458310725294,false,5
10864,0.16235550319354344,0.06341635285361027,0.06451612903225806,0.06341635285361027,false,2
10865,0.596349911763437,0.3495350811998039,0.3566666666666667,0.3495350811998039,false,4
10866,0.24128111108446162,0.08671023864629032,0.07043343653250773,0.08671023864629032,false,3
10867,0.22202479676583298,0.07904121022183808,0.07564422277639235,0.07904121022183808,false,1
10868,0.21484334533152574,0.07970640097576563,0.08464419475655428,0.07970640097576563,false,2
10869,0.24533448517968423,0.0882720973674816,0.07043343653250773,0.0882720973674816,false,3
10870,0.2548559772595002,0.09139084301337373,0.07591240875912408,0.09139084301337373,false,4
10871,0.331653312256692,0.13027944826956223,0.13073170731707318,0.13027944826956223,false,2
10872,0.3564687187501422,0.14211280777157,0.12310606060606061,0.14211280777157,false,1
10873,0.4503703228080414,0.20781036498445798,0.21678321678321674,0.20781036498445798,false,5
10874,0.3502769139799951,0.13846036929547328,0.12310606060606061,0.13846036929547328,false,1
10875,0.4503703228080414,0.20781036498445798,0.21678321678321674,0.20781036498445798,false,5
10876,0.38748121041749994,0.16126535330382774,0.1753846153846154,0.16126535330382774,false,3
10879,0.4869076825076165,0.2367955679046636,0.2612612612612612,0.2367955679046636,false,2
10880,0.35883955468346485,0.14542006397994295,0.13073170731707318,0.14542006397994295,false,2
10881,0.2866713857581803,0.1053404854718831,0.09781477627471384,0.1053404854718831,false,1
10882,0.5016215577896382,0.25201820141697406,0.22487223168654175,0.25201820141697406,false,1
10883,0.28836309637699614,0.10894854462603361,0.10574712643678161,0.10894854462603361,false,2
10884,0.3343419305132136,0.13281437465038695,0.12717770034843207,0.13281437465038695,false,5
