,balanced_logistic_regression,weighted_random_forest,hist_gradient_boosting,tuned_weighted_random_forest,tuned_hist_gradient_boosting,target,outer_fold
0,0.39869051325464,0.76,0.7613910296274561,0.47576796944211686,0.3983313674935792,false,5
1,0.06628546747439175,0.24,0.0530292593936837,0.24610464455328762,0.17014343647126032,true,1
2,0.6019391032001457,0.37,0.5590736250205307,0.456592200070461,0.6296190694669077,true,4
3,0.9334748233622745,0.33,0.6519006817121096,0.5196655492359152,0.7905595213964225,true,4
4,0.42515611803501774,0.36,0.38102181428412835,0.42400759539448507,0.4778396078688207,true,3
5,0.49386479521388443,0.28,0.5254076849673603,0.4643130011549767,0.46992024005277894,true,5
6,0.6148716916456077,0.15,0.6359170693848742,0.5107217411113638,0.647356467510886,true,3
7,0.2649465183858092,0.13,0.15681841052208595,0.20066455112113174,0.22708556164724455,true,4
9,0.8632584558657818,0.93,0.902346741475486,0.8978368542567651,0.8171238847547806,true,5
10,0.6092956488496845,0.6,0.7150012364152525,0.6151856090374099,0.6676887316191386,true,2
11,0.6398752604872366,0.51,0.7002207351716988,0.543545598327877,0.6629779997281785,true,4
12,0.37251062491803133,0.16,0.2736624352455341,0.304616375080575,0.3383886116675851,true,5
13,0.5892403313279289,0.62,0.6357796644432817,0.5626512329452311,0.6053887803716935,true,5
15,0.8473234719736955,0.93,0.861793596880352,0.8780618017593347,0.7715670191109248,true,1
16,0.2594249234160211,0.9,0.556128556543286,0.5581132885516465,0.470534681458393,true,4
18,0.41123783742893893,0.23,0.31393709418144694,0.3287783505647501,0.4866764372782332,true,4
20,0.7344200964710463,0.74,0.6996913117363422,0.7472166996966783,0.7500665039358458,true,5
21,0.5409052970415017,0.56,0.6193537887659271,0.5592360669831278,0.6144728600190044,true,2
22,0.7637030647222094,0.52,0.7623628839648199,0.715395624609823,0.7046699343222954,true,5
24,0.4075516711583618,0.34,0.3723974571454021,0.4364085404180306,0.38382600477540063,true,2
25,0.9400517713285561,0.71,0.6337452131413513,0.7388676906029087,0.7385732619052764,true,4
26,0.47284582140625936,0.48,0.5664169792114464,0.5214181377091177,0.49620872776426594,true,1
27,0.7807430527428776,0.52,0.5952639625263597,0.6131028432221224,0.7420662640249623,true,4
28,0.5837915227481423,0.48,0.5201183425307925,0.49829296296425796,0.7222922344912983,true,4
29,0.6002383497167225,0.55,0.6281559576194801,0.6272129304333671,0.6037982785332987,true,3
30,0.3432264033867289,0.38,0.4010347629703801,0.38025586049650556,0.42295163568202654,true,5
31,0.4491573347297164,0.2838095238095238,0.38994538889390123,0.31797664405454656,0.4488109193986836,true,4
32,0.2681932376837603,0.9179999999999999,0.600705186620647,0.40159673697526466,0.3648850032983695,true,5
34,0.39474399950484895,0.7,0.5102181961485169,0.4433497069651061,0.39470722681516734,true,5
35,0.5718333985843512,0.4,0.7043583402294196,0.5690280136729416,0.6481021201345862,true,1
36,0.694448732280568,0.35,0.6478287101523682,0.5623156738258421,0.6184263683825891,true,2
38,0.32219135560305806,0.25,0.2595155323385489,0.3228524580882921,0.2822158016681406,true,4
39,0.4710073405569323,0.29,0.4966702048594808,0.5806505312419368,0.5957631625655945,true,3
40,0.3741676160536786,0.41,0.44873682265581366,0.3392190735006957,0.3283053993464529,true,5
41,0.38330518595408575,0.52,0.5523705156274754,0.4465215273041283,0.4279546104894791,true,5
42,0.564597054314199,0.21,0.6113734400785206,0.5893352344127384,0.6253633352762503,true,3
43,0.7753762071061825,0.53,0.535076752324075,0.7862637420327623,0.7517372587760319,true,1
44,0.6605509285962006,0.51,0.7972506332912539,0.7600392911096162,0.6914044006658335,true,1
45,0.47884610601901983,0.44,0.4142357274801459,0.5647172530865702,0.514784266223416,true,5
46,0.7073381620982572,0.65,0.7315096873658725,0.6985186821470389,0.7465361371094918,true,2
47,0.409829367782922,0.16,0.1545269936356357,0.29158338217403623,0.2960059153111113,true,2
48,0.9999204679074899,0.79,0.9151146617507699,0.7581383961038648,0.8517624503911833,true,5
49,0.7949520825088369,0.85,0.8163798853682629,0.8362065993779093,0.758172978046975,true,1
51,0.7343201520102474,0.29,0.38417401773411597,0.6260042589483539,0.6599164760768427,true,1
52,0.3958891419413089,0.23,0.4051932675807278,0.3517936393059852,0.39779488961166354,true,5
53,0.46510159697131864,0.42,0.5911229408616104,0.5690328385021526,0.607592861563342,true,3
54,0.8510545642069001,0.48,0.6462174521816256,0.7507153888326886,0.8023447979164642,true,3
57,0.8926801666253106,0.89,0.8645545241965191,0.8231007989431504,0.8067168458608935,true,3
58,0.7593035035813285,0.61,0.7207865186978796,0.6709804580981218,0.7766095279927873,true,3
61,0.31032226594066686,0.03,0.15772280055585067,0.19733395430862286,0.24723660818228269,true,2
62,0.9292694608791279,0.44,0.61430538694423,0.7106008043342045,0.7551569102949219,true,3
63,0.9439501544744945,0.69,0.7485814409849774,0.692807942158921,0.8001874525330541,true,4
64,0.6896917826139964,0.65,0.7549167925235277,0.6874966237781192,0.6947055992310724,true,1
66,0.39014264737730003,0.19,0.21818284199862673,0.2609968223564052,0.35386510734344584,true,3
68,0.34212797140026113,0.13,0.09329163165537606,0.20570327913154313,0.19785000728442337,true,2
69,0.3679770630766721,0.12,0.21159299895916028,0.2698757004503719,0.29977125556262213,true,1
70,0.6321119737796751,0.56,0.5715129524308773,0.6845994990000642,0.6330198919088551,true,1
71,0.38904443038952485,0.12,0.12921023589127947,0.19352561274041313,0.2643418118370191,true,1
72,0.5117315046308614,0.54,0.7144320156417807,0.6784845795135296,0.6240858001369961,true,1
73,0.8247718711753504,0.59,0.6870998007740529,0.717876852443139,0.8067840478906891,true,5
75,0.3928538887594698,0.19,0.34573825154255156,0.3181978111291962,0.34449851537283066,true,3
76,0.4617161993998811,0.23,0.24303339796131768,0.40251930000598896,0.37720410316336567,true,2
77,0.3144263575572562,0.02,0.056588272433257036,0.21310340518477944,0.2839418041207406,true,5
79,0.2675071289804934,0.3491666666666666,0.3560005932667247,0.2396729175561626,0.28658940409444683,true,1
80,0.3449973162320525,0.03,0.12945243405244944,0.0782210585706774,0.20221373507258117,true,3
82,0.9847595785930285,0.76,0.9057039068342675,0.905135476217352,0.8114507654281402,true,4
84,0.486764930404527,0.44,0.61569213165414,0.5648807418694755,0.5315716945346013,true,3
85,0.6748467228822882,0.55,0.6899087916546709,0.6911590008089762,0.7229961614807966,true,3
87,0.6864163110410358,0.33,0.26219104892193423,0.6816525715994431,0.682045327284798,true,1
88,0.7093398106728153,0.67,0.6867971445463579,0.7055648981806394,0.7414357893141534,true,2
89,0.5345816808774292,0.52,0.2807766433376498,0.5229358767750586,0.5483817185006671,true,3
96,0.339520743494776,0.37,0.21526819347634668,0.41580369388757427,0.37382385472081453,true,1
97,0.3283755918763975,0.05,0.12628550104903494,0.18464949031746833,0.2411037156771139,true,5
98,0.8815558286180778,0.74,0.8376262829494925,0.7993496619819761,0.8117492327493881,true,1
99,0.4330269316165949,0.29,0.4528981540102996,0.26512153305095965,0.4038177118887329,true,4
101,0.33848181357021795,0.17,0.1776739790574648,0.27311890450894843,0.3078996527203923,true,2
104,0.45515159151472856,0.24,0.40660344677519733,0.27906278885793545,0.3894830086592889,true,4
105,0.5417191860410755,0.78,0.6806951013154029,0.5565245143757998,0.5709205059473319,true,2
107,0.5872943824550795,0.45,0.6356122275783453,0.627572706839398,0.6311707456631486,true,1
109,0.4715397708310277,0.2,0.2793779038932816,0.21306791802109137,0.5351285072643076,true,4
110,0.46845757929205706,0.51,0.4549998661950903,0.48381379100898786,0.4529016038876313,true,3
111,0.37346717877884006,0.11,0.13707965098414968,0.17729079963441968,0.3172814113270465,true,3
112,0.5356443775467231,0.64,0.40279654882662885,0.5652352375521559,0.5747941193365705,true,1
113,0.4804914501987619,0.54,0.4087508351378781,0.4347437164881104,0.4506545164048095,true,1
114,0.8007157419256169,0.5,0.4610122356771347,0.5846765027769217,0.6797391953727989,true,1
115,0.7869459407650995,0.55,0.7056214794259416,0.6422999459905419,0.7641061621976052,true,4
116,0.6157164523639291,0.52,0.5111937894165999,0.6315891102309326,0.6982796000633318,true,5
117,0.49461571112033875,0.54,0.5859112434793909,0.5260104779557726,0.5123422407054345,true,3
118,0.3645564379523394,0.07,0.3647656785930787,0.33451836886874387,0.34245299890056957,true,2
119,0.7016603202877776,0.56,0.46669432050720855,0.7068535535886542,0.7291155335398789,true,4
120,0.4938716341421787,0.34,0.476221266210223,0.49221619910324826,0.48721952792557843,true,5
121,0.4432073306005677,0.21,0.5095774619861695,0.48409859091622565,0.48334785311523476,true,5
122,0.3379249601533509,0.15,0.1374909363331261,0.2068105633425558,0.23775245537857073,true,5
123,0.38172955165575007,0.3275,0.4095279687792121,0.48985061891127,0.39325038400609624,true,4
124,0.48517153455843565,0.14,0.21676913720559737,0.3930854913524544,0.476457929191825,true,5
125,0.30935905404857184,0.41,0.49963678606090484,0.33935258946516633,0.35090552477340464,true,5
126,0.32371714259148415,0.0575,0.33611603488817,0.36630490463271803,0.3169055616553787,true,5
127,0.4749869959235505,0.78,0.6157566038539593,0.5388155220999061,0.5142711464899773,true,1
128,0.5318996462338752,0.32,0.24174800127592888,0.4109875005932432,0.346853477742409,true,5
129,0.5128965959384756,0.58,0.40508443928641996,0.4960455862578492,0.4716252988300466,true,3
130,0.30034333974233013,0.17,0.22803329367014244,0.2162431209521011,0.237595331747354,true,3
131,0.6866200567743717,0.39,0.4943293126779265,0.4081259889281854,0.5800282383476243,true,3
132,0.4739454166358994,0.95,0.6193555690693017,0.7955088135062371,0.5099183686076676,true,4
133,0.3109926141910893,0.11,0.2443965996003662,0.25713559673163505,0.35674706076055585,true,5
134,0.4870798056116475,0.33,0.40175108256679654,0.46495528957637,0.5412707889072699,true,2
135,0.7250588129550127,0.43,0.6682912956814211,0.6579086228439216,0.691904233535075,true,4
136,0.40488353116273457,0.42,0.3768471501407372,0.5081265043765554,0.4653216321269564,true,1
138,0.4047666601276793,0.8,0.6294063663062047,0.5787984710880607,0.49968755839736817,true,1
139,0.40790111029332615,0.7,0.6184705623626449,0.6604754739141765,0.5017424196094158,true,3
140,0.46452486352724487,0.49,0.634181954879583,0.5851979747315077,0.6180101321333386,true,1
141,0.8062312351477152,0.6,0.57552405136612,0.7345849077100233,0.7648720853380907,true,3
142,0.6543017332622401,0.39,0.5652302044767468,0.5962854003604966,0.6105067153218829,true,1
143,0.42877344982696003,0.43,0.2418159421676428,0.5742644068783084,0.5713902650405802,true,1
144,0.6484684076977386,0.54,0.6670436410797309,0.591262245439239,0.6862329405110589,true,3
145,0.38085696435184535,0.19,0.42530058380890723,0.3560294963474064,0.4432971046830864,true,3
146,0.6890552040467778,0.66,0.7371148123954714,0.7219322637610209,0.6956546099516334,true,1
147,0.6262741196114336,0.71,0.8015678531584082,0.690785816941521,0.654328148702123,true,1
148,0.5556826815437774,0.57,0.6412953041735426,0.5833566937223468,0.6623328893819259,true,1
149,0.7711418474663427,0.33,0.6813008977710484,0.564426230420743,0.5891815610632158,true,2
150,0.4523819198189541,0.2,0.36683542233958927,0.2425182386786572,0.4191387575497946,true,4
151,0.46906694785669817,0.49,0.6288242089255904,0.5085407994269232,0.513567868680229,true,1
152,0.38563904676700106,0.67,0.70443332232281,0.6046350562924142,0.5334387949150928,true,1
153,0.4778633604026954,0.36,0.5601765692259082,0.5002798927590301,0.5108483803637955,true,3
154,0.45467653550092074,0.35,0.34059395669543313,0.38488582321263515,0.48692378253344387,true,5
155,0.5657400343010409,0.47,0.4271218971631591,0.5432618980629673,0.5884437518776949,true,2
157,0.35939714762393105,0.02,0.27572475581226447,0.25455609388353756,0.32863743958087954,true,1
158,0.6220190947284696,0.51,0.561154666569374,0.6634375940813912,0.6581587224110902,true,3
160,0.3812057909003168,0.54,0.37829964197886345,0.49111038921215455,0.4119881350709985,true,1
161,0.31998377197043254,0.08,0.1614058219109116,0.18462632188177097,0.23995640601214446,true,1
162,0.5993893890918665,0.51,0.7637366407297678,0.633049960897259,0.6946446699932672,true,3
163,0.4477108314190606,0.66,0.5007635163128602,0.5127452844654301,0.46589099675901907,true,4
164,0.43775707608570175,0.75,0.5624881730906849,0.4724431017894892,0.47911577962624025,true,2
165,0.4968254249679816,0.33,0.3912196507725137,0.38981208390274574,0.5042325190902909,true,5
166,0.6400916385680645,0.28,0.4606878791694675,0.5218658473836107,0.6720251782733233,true,4
167,0.6604109098080638,0.79,0.5169287670528192,0.6776233120330954,0.6625743400422542,true,2
169,0.5218122289782151,0.43,0.4963586676216429,0.6121432359168781,0.6219326696427656,true,1
170,0.6082017788295474,0.51,0.6917519677439563,0.5265859287985836,0.6704392923300553,true,4
171,0.4894665619037818,0.37,0.5238101868083146,0.459649160580158,0.4716304266406381,true,1
172,0.5072484181818786,0.3,0.47094435727613354,0.4551729454474479,0.5411711978183146,true,2
173,0.9713785549620061,0.74,0.8871336490722009,0.8299308561256143,0.8055111822117655,true,5
174,0.3067937292067499,0.15,0.16236641986244532,0.16403995632471702,0.2080314710225366,true,3
175,0.4175789300691255,0.31,0.5060627640502762,0.43256616440216655,0.4378782858943715,true,1
177,0.42031067111813664,0.49,0.48322214745905506,0.41649060300769764,0.4668599871951683,true,2
178,0.4104115497190409,0.38,0.4665503060674855,0.39593381527297383,0.4545511774257695,true,5
179,0.5704406256885538,0.6,0.5260649290769422,0.6228196862573236,0.6013647994997389,true,1
181,0.463110597274277,0.32,0.3886960323520477,0.30652848434544333,0.434322525109883,true,4
182,0.4813225071636347,0.26,0.3788217276820065,0.4073397462588582,0.4696584275509945,true,1
183,0.4777134185324264,0.4,0.46785207823902164,0.4741029126518249,0.5057852356736776,true,3
184,0.46413238377132093,0.33,0.4916362529524855,0.4178504331428454,0.49094042034786206,true,2
185,0.2525277969058011,0.02,0.08277950713117793,0.21924099122525686,0.2562535291635746,true,5
186,0.5319852463490344,0.47,0.5720559331574346,0.47402955895496895,0.47499448428840346,true,5
187,0.4492866646555936,0.34,0.4139673952603104,0.427289316002552,0.4855276468718773,true,5
188,0.481769759491746,0.58,0.3900993354075347,0.4592080045763819,0.48067115644494124,true,1
190,0.8810303315372584,0.58,0.8725919036180956,0.6709651983363593,0.7572727341364361,true,2
191,0.44258663197693643,0.15,0.3038898699126053,0.37721882694911196,0.45969663300977076,true,5
192,0.7546297835563394,0.71,0.8492630144841848,0.7367799298052424,0.7839532950114086,true,5
194,0.37970870083107316,0.21,0.34620025695608053,0.3520439584678053,0.48258423374316556,true,5
195,0.3783372182923198,0.38833333333333336,0.42364777382838753,0.40591269014432735,0.3536676999268663,true,1
196,0.4604616917819176,0.13,0.13858108546399825,0.24552141119888993,0.30074877385356813,true,1
198,0.7207314996880803,0.61,0.8547256067129779,0.6975904362985978,0.7129569601072161,true,2
200,0.4360782032306696,0.14,0.31915028896792147,0.3527863157394677,0.33759203179026315,true,1
201,0.6024059559586006,0.5,0.7246603667770094,0.5402922746938992,0.6278260915823408,true,5
202,0.5060746472178643,0.34,0.45229337466144215,0.43373435596874066,0.5247331334848928,true,3
203,0.6754712491089752,0.72,0.6704864044501182,0.7442378137818513,0.7164791974516715,true,3
204,0.5740449503522963,0.35,0.14962425102166815,0.4597180769118862,0.46018834254784957,true,3
205,0.49061547527768773,0.19,0.3012867717131944,0.32109879650629203,0.3176659599677429,true,2
206,0.4884705621261458,0.35,0.22979753361627372,0.4100255046429476,0.37897354303844893,true,1
208,0.595727070234871,0.41,0.43455817215627257,0.5586307846099249,0.610437386910355,true,2
209,0.7626641718106479,0.58,0.7487075838754814,0.6461168661601612,0.7377136991920835,true,2
210,0.4072548132440126,0.08,0.28128354142510414,0.3395263802165727,0.3696466873932604,true,1
211,0.4503248019928473,0.16,0.31157412821256264,0.27566652105933137,0.3858614671094823,true,4
212,0.2909587219034376,0.04,0.09965796192293747,0.22366367471787854,0.24459951682319647,true,5
213,0.2886553218805195,0.25,0.11183614404539254,0.23434560801523563,0.40037781317785226,true,2
214,0.5945867910775992,0.35,0.44902233055039426,0.44027737769235087,0.4395476358505157,true,5
215,0.5712544993979063,0.71,0.5675056806033916,0.6453533865428396,0.6136720187716009,true,2
217,0.42033685023444417,0.02,0.10159057229910147,0.10968278569018745,0.2304482094027928,true,3
218,0.42400833795304393,0.33,0.45905776806824866,0.4873208406314212,0.5149239625406531,true,3
219,0.5533337056878538,0.41,0.7449362524433595,0.4741095880800569,0.5669509812930041,true,5
221,0.43064482629182177,0.17,0.433368549583487,0.4292244949421518,0.5028981090587139,true,5
222,0.38212389637838795,0.05,0.1260759419064246,0.10867394926711033,0.2217886445725579,true,3
223,0.3335503106481893,0.08,0.18625185745835623,0.20711318153905076,0.24792430534162413,true,1
224,0.3686825705688702,0.08,0.3567189269313418,0.1859710931497696,0.2572802077591524,true,4
226,0.4930244948230737,0.51,0.5011499000312731,0.4301331649967709,0.5266694864036254,true,3
227,0.4238107587067209,0.11,0.17228192781533813,0.24571689613705672,0.3019288899995316,true,1
228,0.6020191842240114,0.72,0.7358103580855088,0.6775876364804997,0.6972963183719729,true,4
231,0.5464097901009494,0.39,0.4419858365547522,0.48929307500859026,0.43524063189422607,true,3
232,0.42728155515340266,0.39,0.4748396298805506,0.4531280462294475,0.6345924979059367,true,5
233,0.4376431456866879,0.31,0.17176238022211565,0.3755981259908798,0.4319286114770078,true,1
234,0.6925911123814738,0.5,0.503993675453273,0.5935113048397838,0.7262853081943619,true,4
235,0.200033526037513,0.0,0.06431450164869874,0.05819371533022121,0.27408975032575106,true,3
236,0.3393594649081191,0.38,0.34778260919905346,0.3509589001858909,0.26573785878595335,true,4
237,0.38756059253392927,0.11,0.10979727316081339,0.13213558814704013,0.2294262007281683,true,3
238,0.6268865706451352,0.54,0.7046961150247635,0.6673712179508712,0.7217258705312852,true,3
240,0.2933412559927924,0.29,0.3350405514302922,0.2816233030469554,0.29522946548360135,true,4
242,0.6104737047392297,0.47,0.5306709437895166,0.5264594904934495,0.4863261597709151,true,1
243,0.2775145738198885,0.08,0.23376973401309317,0.19466980588383692,0.2401868889900412,true,2
246,0.9999053403321101,0.7,0.7952018056797423,0.7954330584270654,0.8108630150318392,true,2
247,0.6598039696996629,0.46,0.6640922019495233,0.6042295067713389,0.6562690416471838,true,3
249,0.5000193618733184,0.47,0.692526524262507,0.5761787350823133,0.610593709296824,true,1
250,0.5478494051504434,0.5,0.2875446290174422,0.5192822751424174,0.41351289432815513,true,3
251,0.6538817343366577,0.43,0.582722067232527,0.5394634540526875,0.6164740290074291,true,1
252,0.8332750298815651,0.52,0.7191481434537063,0.6506187469120605,0.7026416647544754,true,3
253,0.6384697820214874,0.39,0.7252383019128658,0.5859695366333999,0.649445978635875,true,1
255,0.5726108070827177,0.34,0.565260594831694,0.6951125784082608,0.7301527344486208,true,1
258,0.45194341215746914,0.45,0.3523083520759307,0.3283983906160604,0.4221058069153657,true,3
259,0.27337739213244855,0.54,0.49642965703980835,0.3524179333816824,0.36741447864612925,true,2
260,0.9457064007110363,0.88,0.8914595920245967,0.8979792013408158,0.8114507654281402,true,4
261,0.4142330731117629,0.2,0.3548161319611145,0.31554922768605925,0.4468025162708265,true,3
262,0.49147302083319583,0.41,0.41501109483379084,0.45631417542715597,0.43929539405999674,true,2
263,0.44314414797701385,0.39,0.4519167680170709,0.4621984646871975,0.4528641385861252,true,3
264,0.8976563784681398,0.8,0.8932666571121799,0.8462455395942095,0.7950020733923424,true,4
265,0.42312715567913944,0.07,0.24243026418645977,0.13816440984065662,0.3044342320058389,true,4
266,0.39618771877791553,0.15,0.3134729001514615,0.21322398187897412,0.31373079153422373,true,4
267,0.43350892846121003,0.44,0.5047850844832839,0.4232150231224855,0.490083910787117,true,3
268,0.3920800087366588,0.04,0.45546906110245394,0.36410838618893143,0.36103531021042545,true,2
269,0.3713726044569273,0.19,0.1284054497847187,0.2508888742914798,0.32897135587364595,true,1
270,0.30295820617707925,0.09,0.2724804433349783,0.25307961272721907,0.2567299227939414,true,1
271,0.44542129371068667,0.5,0.36473964890889715,0.36634403723682074,0.3913318608492333,true,2
273,0.46154675795516775,0.33,0.5147817658281711,0.39285803278980613,0.45901582032356175,true,2
274,0.6104324047130327,1.0,0.9580058171843745,0.8623334497318915,0.8021634837805324,true,5
275,0.817073462253777,0.7,0.8223316239729519,0.8191935779352465,0.7341449680608801,true,4
276,0.57159764479418,0.27,0.12057831341752649,0.4251489399819491,0.4394325175217545,true,5
277,0.5137729549100241,0.51,0.6476180411764464,0.6106882242599067,0.600209019033221,true,4
278,0.41768284193176375,0.0725,0.40238354676452437,0.3142576461756196,0.4190261968247626,true,3
280,0.7162844692609931,0.56,0.7561181352658721,0.6580838783935211,0.6935797683764021,true,4
281,0.8936326066198514,0.58,0.6736010952208299,0.6406721507149399,0.7756261279982336,true,2
282,0.9125744742514561,0.75,0.8218999961975804,0.7639572603873702,0.7792816075926072,true,2
283,0.6036880156349277,0.31,0.14506983129871823,0.345232086347605,0.44788320335787507,true,4
284,0.9627685784326356,0.91,0.954679341940613,0.9261723834614844,0.8609932998378931,true,5
285,0.5661122155002384,1.0,0.9522349681580355,0.9834506856894601,0.791166275624029,true,3
286,0.701524516933869,0.64,0.50980300199268,0.7101884533397116,0.770892039693164,true,1
287,0.729693350258517,0.91,0.8813748304555189,0.8746550152006816,0.7870016044380673,true,2
288,0.4384948034027644,0.19,0.4185630009332355,0.3252672711525079,0.515723936628365,true,4
289,0.5954892802138306,0.26,0.232071159963818,0.46023983335206253,0.5311687782504119,true,4
290,0.702776952090772,0.28,0.5521862728419109,0.3745652312402361,0.7048389652538466,true,3
291,0.4420761707780373,0.26,0.4628002457795953,0.2541525532033219,0.4218358340077908,true,3
292,0.5196578079181874,0.55,0.5711947128751099,0.5635897621391931,0.557971887444533,true,4
293,0.40114227943586084,0.52,0.489224273326014,0.45417341146303125,0.4462578986916477,true,5
294,0.41489725794293236,0.62,0.46302869516907924,0.4166479991100636,0.4765325550322598,true,2
295,0.5640887617809408,0.99,0.9429259091530108,0.8904897534928345,0.8052698825349304,true,2
296,0.6995567760352854,0.51,0.6890639934841987,0.4929600168931618,0.641218580596384,true,4
297,0.3421506211958497,0.24,0.3228064340705717,0.3558864269138898,0.3409979187480768,true,1
298,0.5236608976280043,0.49,0.7374828506885984,0.5897818422325197,0.5716334746820345,true,3
299,0.6186833170600309,0.24,0.2659794163226545,0.29723296224759077,0.4970879355228604,true,4
301,0.46443221150623926,0.25,0.38277513481530306,0.4770677542436646,0.5301584056101207,true,1
302,0.5889105784951751,0.27,0.6332017523330998,0.48194168147635563,0.7827816656124781,true,1
303,0.579656300938572,0.25,0.4182702903261256,0.4401159688909457,0.5436801995463674,true,2
304,0.333600690078902,0.27,0.33611603488817,0.38966335109580896,0.3169055616553787,true,5
305,0.5029846512504019,0.49,0.589738474172793,0.45823288548975877,0.6149207255624943,true,4
306,0.5570170967837463,1.0,0.9542541101781257,0.9865470950832791,0.7476133145391004,true,4
307,0.5942287918211607,0.98,0.9508010843754503,0.8496380136855513,0.8021634837805324,true,5
308,0.7036283399494974,0.64,0.8414647916547503,0.7137946902962807,0.772422144292044,true,4
309,0.6108365956292604,0.98,0.9405207317296853,0.8997249583696939,0.7976031072131302,true,1
310,0.6365309488791834,0.67,0.7357388570881703,0.7432018038530859,0.779532332586542,true,2
311,0.9020224178745885,0.8,0.8415319587413225,0.8057338226225808,0.8079188022965886,true,4
312,0.6673254297435774,0.16,0.4064840848297909,0.3042532220311898,0.46238031068762736,true,5
314,0.6946676034138255,0.8,0.7143291233379738,0.7618037229535226,0.7882868321675807,true,5
315,0.5674186602862333,0.64,0.6750833527659721,0.8016518372739483,0.7671783906832977,true,1
316,0.561725496013014,1.0,0.9511832129456905,0.977186433814723,0.7476133145391004,true,4
317,0.6332220912775066,0.25,0.4213838386740094,0.4508598902683426,0.5267147618943664,true,2
318,0.36474795231545426,0.52,0.5999674225881172,0.6050270051576769,0.5390529483023908,true,4
319,0.5660471549706967,0.4,0.6054028248665672,0.6090366872254888,0.6247885341483289,true,1
320,0.5234455726127932,0.45,0.6412776401251866,0.49204715979985686,0.5903972158789075,true,2
322,0.6020340753268536,0.33,0.3884982467571938,0.5102964269590525,0.6161555748906173,true,5
323,0.454921827967556,0.29,0.3235541591185959,0.42790434357014634,0.47620761694122377,true,1
324,0.3475998372174711,0.49,0.43184720977867386,0.3577347772968929,0.3687791130544736,true,5
326,0.5371066310805496,0.43,0.24545792618050405,0.4811957108818861,0.5048317487580831,true,3
327,0.4951730159586805,0.3,0.583997686247466,0.5222811624383652,0.5824204901054587,true,3
332,0.46527554239384217,0.28714285714285714,0.4514657943431948,0.3635694895273135,0.5225590199617078,true,4
333,0.44914861995006533,0.25,0.2336879748387873,0.4016574353289385,0.5059273232808069,true,1
334,0.4173979929330006,0.19,0.19582332365279212,0.33105595143127436,0.34510263739000696,true,2
335,0.8503027220790543,0.57,0.7360745212109367,0.7428512105498539,0.6870616588461557,true,2
336,0.382609646020878,0.42,0.3205079114173464,0.33164706566019475,0.38996450784692893,true,5
338,0.491083935080593,0.22,0.40657128857002944,0.41562920746834126,0.48666206977487314,true,5
339,0.3479577596174006,0.44,0.5390973909118828,0.48261904703670944,0.4479017561118633,true,1
341,0.38912018350198646,0.29,0.4385864748825824,0.36994346688119245,0.39889100008781453,true,1
344,0.34570127078132507,0.07,0.12745753906725454,0.12770227835030468,0.2601573909362931,true,4
345,0.3575813394806023,0.56,0.4399835660281724,0.5114131576507733,0.48084610618193596,true,1
346,0.5388914732060609,0.51,0.5171287405069558,0.5730068792047767,0.4825871100574238,true,5
347,0.25490679288188584,0.13,0.18987276167449366,0.1719928759511064,0.1742667865798859,true,5
348,0.4904325107113469,0.53,0.2938846378127618,0.6552488510855905,0.5930807689476214,true,5
349,0.43234351451513653,0.22,0.22631279573090304,0.3923643299779755,0.42894823144632643,true,1
350,0.35952054291764096,0.18,0.37762542825764644,0.37742587073791706,0.3705868696200416,true,5
351,0.344802277466544,0.05,0.21068100480534327,0.1444834817406686,0.23913819631937325,true,3
352,0.5931497540110946,0.61,0.7356085283390436,0.625817844406057,0.6608009766033491,true,2
353,0.4973538022908959,0.26,0.4317004590858887,0.34054767000422553,0.5227226216201523,true,4
354,0.5661604688333816,0.68,0.8198155797607513,0.6865858908702358,0.692245398573723,true,2
355,0.5633135780437865,0.42,0.7270456994305972,0.5618341238215261,0.6355196686066324,true,2
357,0.39387772091890516,0.38,0.6566404432631568,0.4619359271158038,0.5591423312188621,true,3
358,0.433813273132964,0.3,0.4269866294009493,0.37760825811151955,0.4153452472010302,true,4
359,0.5148969471558383,0.48,0.44573242039263433,0.5409497210159324,0.5782978388267034,true,1
360,0.8283654320594657,0.72,0.6696504670795375,0.7724385092895322,0.7478673514062824,true,2
361,0.49646260070099385,0.32,0.3221531376663161,0.4965739437829278,0.45569168168313656,true,2
362,0.404310904336508,0.25,0.31153137777422146,0.4418175481787426,0.4962585030351005,true,1
364,0.43437899707115907,0.15,0.17968035916527833,0.23038062800422568,0.3546581036876433,true,3
365,0.6086951050429131,0.54,0.6249952050827592,0.6337675026971531,0.6573831526782548,true,2
366,0.37844999454292616,0.1,0.09480970208818319,0.20755115291716478,0.239918509005384,true,5
367,0.5320182162844391,0.44,0.5513246508073767,0.5092505644398706,0.5754257945702318,true,5
368,0.49610358359848633,0.42,0.646347157617457,0.5784333609790695,0.6049460073533637,true,5
369,0.30624467055546273,0.21,0.32021940748189487,0.322336976588639,0.35954959096725164,true,3
371,0.736020043426225,0.41,0.5954657907678917,0.5737887209257677,0.6190503029033845,true,1
373,0.44422752087750217,0.11,0.2848766657991601,0.3438413327355224,0.37791597742366645,true,1
375,0.4776033358871814,0.23,0.1836274440165909,0.33498288060699244,0.409022175153437,true,3
376,0.3620942024062337,0.25,0.0707033326783769,0.3426187852920102,0.2650537114129559,true,3
377,0.5235045074985977,0.26,0.4688921805858192,0.4323170662228498,0.4937784267279139,true,2
378,0.4239690621397074,0.26,0.5059048260440975,0.4153432702154546,0.4443060574024976,true,1
379,0.9931621732310368,0.94,0.9580275762854465,0.9283857902838494,0.87008064994638,true,2
380,0.3304325016290443,0.08,0.09805431230528364,0.25461635301047664,0.32864726205077816,true,1
382,0.7218722394838214,0.72,0.7072275140247547,0.7210081399759477,0.7778905827533533,true,3
383,0.649642261189404,0.73,0.7420010863427108,0.7559202799856035,0.7552984006010457,true,3
384,0.3443718187279193,0.12,0.4268142907199193,0.24279833644963628,0.4484334925313021,true,3
385,0.7354928540950831,0.7,0.6317120832226588,0.6721384381203207,0.7889302939768772,true,1
387,0.42226842739442155,0.41,0.4186410553468523,0.39138774881233634,0.455633911899498,true,1
388,0.6786453408679498,0.25,0.27011455202797624,0.42261713209816376,0.39561059197967297,true,3
389,0.47317940315211393,0.38,0.3695667669808738,0.3969302518719849,0.4540985908098563,true,4
390,0.4993703936868321,0.39,0.44549822249665727,0.4528384707432812,0.5944321853188853,true,3
391,0.35842183273698014,0.13,0.15745584395468734,0.23646172225410986,0.25307044751576424,true,2
392,0.3405699978873806,0.11,0.047426518624836274,0.06174313186813187,0.22460891870227775,true,4
394,0.40572587463151577,0.27,0.31275755339074907,0.29312232980564235,0.42424359151660346,true,3
395,0.42025185240270535,0.12,0.21300460775358926,0.2700354967692731,0.305781178952619,true,1
396,0.582116306950757,0.39,0.3099850719964701,0.48089292832514446,0.5868130579155082,true,3
397,0.3576864643152971,0.1,0.3161162060472522,0.27043968255710304,0.32821796118928614,true,1
398,0.8057578126891781,0.78,0.8179309434313792,0.8294658499355614,0.7946263914720637,true,1
399,0.5288729425401796,0.47,0.4424436450935004,0.5006059963312908,0.5791324002970636,true,4
400,0.7042594797816953,0.67,0.8886598930492117,0.795559895926886,0.787014525344815,true,3
401,0.6945850089932302,0.36,0.36335784391044934,0.5342952087879367,0.6669056919720904,true,4
402,0.5455790783587608,0.71,0.6497166210191396,0.5943768374238904,0.596797321116722,true,2
404,0.4235448506724642,0.33,0.3123983132135113,0.3816633734878115,0.3705865316645385,true,5
405,0.39494527600769225,0.32,0.36168440391799705,0.3088623040261214,0.5014318980247958,true,4
406,0.35022519915104416,0.47,0.3580239367911909,0.4228439416610213,0.49266316264081217,true,2
407,0.4765602401119657,0.51,0.7299899912897292,0.5544059178342806,0.5100340255504376,true,2
408,0.3539990460294677,0.26,0.40081236747854976,0.3791252444380994,0.43944429536371454,true,2
409,0.3588018017540359,0.14,0.2199483870618926,0.3102560200557337,0.4030890743038172,true,3
410,0.2558589773673292,0.06,0.24975573050320965,0.24085641058259566,0.24895613423078522,true,2
411,0.5661786352319454,0.57,0.7860780575858421,0.6941316132506778,0.6394744814194775,true,1
413,0.3744070003868293,0.34,0.5968123505162496,0.41888071172738933,0.4961193717662632,true,1
414,0.1987212507654627,0.03,0.13019263932971914,0.18691003795825775,0.23556547519732662,true,4
416,0.28063890620107745,0.52,0.21774198463632866,0.5697122157388158,0.3969591597102434,true,3
418,0.524978809243841,0.42,0.35660227012478846,0.533900436266011,0.5880335641211826,true,5
419,0.3370482947218166,0.18,0.2507612165017799,0.2798462317552875,0.31096640237246287,true,4
420,0.37739272368942,0.26,0.38330650714389536,0.4222018565651366,0.3201425475609786,true,3
421,0.41240820194230937,0.3,0.25971995483583454,0.3311065181163864,0.4368797388514758,true,4
423,0.4433608730170377,0.31,0.3342230006378346,0.33957783071481,0.38740509930466427,true,3
424,0.48619807709002677,0.37666666666666665,0.495429974675758,0.49053822689884685,0.5289149963388929,true,5
425,0.3451647319366138,0.31,0.5354139129293043,0.3791310118569095,0.37934109240240155,true,3
428,0.5629544493855386,0.74,0.6805733707387984,0.5568687318360894,0.5540721423690166,true,1
429,0.46975460593429325,0.28,0.2817961886909089,0.3754735910463839,0.5488994770541304,true,3
431,0.3708025880771759,0.39,0.47683220382410435,0.41773632049376,0.384490770911091,true,1
433,0.4217070846804227,0.16,0.3884014693945175,0.23616655102573145,0.4522283575112269,true,4
434,0.4326365177110283,0.67,0.6201622948111745,0.5487410818213427,0.587521727698744,true,5
435,0.917277070138544,0.8,0.8739115433607613,0.8148096953690376,0.790065597545107,true,2
436,0.49714808850056963,0.21,0.2555640892243279,0.38345712939541565,0.4401917839666429,true,2
437,0.5439952100427345,0.29,0.2641093960595445,0.3337002711036986,0.38922256697688556,true,5
438,0.42905507931456843,0.33,0.4182133720560473,0.40220018197777974,0.413018841267941,true,2
439,0.46905857565325654,0.5,0.6241762778588463,0.5488157573062845,0.5577107770034992,true,2
440,0.4412603921441542,0.26,0.44142217231214687,0.39669696543886457,0.4627995492024988,true,1
441,0.4959722153022687,0.74,0.6507180164539281,0.7263981601336893,0.6357804137709615,true,4
443,0.44253516499148854,0.34,0.4072469701607343,0.40909603185300386,0.5385641442322269,true,3
444,0.4413420697943026,0.28,0.43542186387568715,0.4295518331648696,0.4010675258527976,true,1
446,0.45574599956243367,0.73,0.6720013869092626,0.5839969683910062,0.6243828901245109,true,2
447,0.41960043430005667,0.05,0.11448754457220656,0.12002879432658846,0.36628955627304405,true,4
448,0.5082106990437876,0.26,0.5607107186796069,0.5085722008681544,0.5657531178276887,true,5
452,0.5420322672208693,0.45,0.5742902701997467,0.44966935758232524,0.672578486110917,true,4
454,0.33714114522678224,0.17,0.3591364411775952,0.3170844656934053,0.41696662324841155,true,4
455,0.3897659559776026,0.2,0.40277784712974446,0.40247061221117114,0.3649497406968785,true,4
456,0.324435604380071,0.14,0.1871936346711544,0.2985794684299334,0.3366523866681399,true,2
457,0.6757738680463146,0.58,0.5415706117785917,0.7311894684713213,0.7399027361610181,true,4
458,0.3210245656561352,0.09,0.12528577458290588,0.11132499408486249,0.2731441978598865,true,4
459,0.4674584219601074,0.26,0.5768079499617196,0.5375302612339773,0.6243828901245109,true,2
460,0.49628787440450167,0.61,0.5558658663391909,0.5979913894677881,0.5285679376060524,true,3
462,0.6198001761441522,0.52,0.6283687764164616,0.6756804294886536,0.6720371197616248,true,4
463,0.6774033547853406,0.4,0.5075538685957003,0.630055488503922,0.644064765274705,true,5
464,0.6408110528089057,0.63,0.7487561251123616,0.7197280122671146,0.6692865620122216,true,2
465,0.3308439222511213,0.28,0.34522352130228995,0.3016026221318978,0.34823859265684876,true,5
466,0.32824354770373115,0.22,0.3044492755382402,0.29603518544578916,0.30050952678781095,true,4
468,0.52066049711773,0.61,0.5629826651676535,0.6147747218390527,0.5808750552995001,true,2
470,0.5815250844805339,0.31,0.5512739758364957,0.555872150195505,0.6428245576856105,true,2
472,0.5520730559874616,0.59,0.5472915683197364,0.647326848062999,0.6343719631122411,true,5
473,0.7487890606321592,0.65,0.7093374457002186,0.697541714199587,0.74282953524537,true,2
474,0.6718075499150977,0.25,0.5870262554046483,0.37883484640555765,0.7596208360016834,true,3
476,0.3672681289317641,0.32,0.21321623308045165,0.3559456354119763,0.3623492433675245,true,2
477,0.33702337682993877,0.35,0.4956497862407239,0.37625403411323466,0.39797776192008255,true,5
478,0.48634589244071,0.35,0.4167304015574241,0.42265737207707876,0.5380918977732145,true,4
481,0.34456821637876406,0.07,0.07695690865622491,0.028357695746282705,0.21758562046342192,true,4
483,0.36105254050652413,0.19,0.3353460927392591,0.3274826974609046,0.3839273432360469,true,3
484,0.38504884953300017,0.18,0.20604988765857418,0.31742506892091815,0.3249259578693924,true,2
486,0.5106369705316129,0.2,0.18432952956486184,0.3809553351804892,0.4422527076711051,true,3
487,0.43010300236258364,0.22,0.4055533719112682,0.2690504522116429,0.3790643629558237,true,2
488,0.3890175424991928,0.06,0.17615388211621158,0.18654723303958853,0.3212846645846891,true,4
489,0.5915977197284796,0.4,0.6082978927990486,0.5888537618714483,0.6415904680044269,true,2
490,0.4042424554500988,0.14,0.271752337337613,0.2639860163570178,0.4070602803646499,true,5
491,0.408725566647453,0.55,0.5259719040141821,0.3821037162101618,0.3492242716956715,true,1
492,0.4512057769032648,0.88,0.5329211019323119,0.4681301150723711,0.4283891698927354,true,5
493,0.5299518419053696,0.37,0.45236159630257267,0.46042573995682873,0.575243548398244,true,5
494,0.5073230636596343,0.43,0.5079747014027673,0.5083995758060788,0.5588258244224594,true,5
495,0.5960402831415471,0.43,0.5237618360894969,0.5736413408383414,0.6075823253260582,true,1
496,0.3884713290500204,0.17,0.19886975817557842,0.38591737211095944,0.45155955692470584,true,2
497,0.4033155284649221,0.18,0.395365483538529,0.3521656347757404,0.4074027541313937,true,5
500,0.8054049753795857,0.44,0.6128229326204179,0.6555447561998189,0.6798636792942976,true,1
501,0.385112964292478,0.24,0.3491294893726471,0.2550963360444163,0.2959371061119415,true,3
504,0.3810185312983756,0.27,0.37371105541736577,0.40167376748190103,0.4326868649626566,true,4
505,0.26016104831351666,0.16,0.350450287489938,0.1702977532078313,0.2261423412004845,true,3
506,0.7447891318732813,0.58,0.7122526562835154,0.7365681934904886,0.7372713926748716,true,1
507,0.41697449862231506,0.53,0.360590885047968,0.49750616523426106,0.34916429758478845,true,4
508,0.4202049599540076,0.66,0.42570336874661446,0.39056329525854605,0.3263271992900105,true,2
509,0.305889137062818,0.04,0.22218447266695737,0.268149789245287,0.3431080106935407,true,5
510,0.3598295889415538,0.21,0.3907873326715791,0.3953569200403467,0.3990196601529361,true,2
511,0.3879727054268528,0.19,0.3162936823584758,0.3660116631375555,0.3702916064777983,true,5
513,0.716221152496717,0.72,0.6442723986442624,0.7473556933852856,0.7321306866632235,true,3
514,0.4444800424891965,0.26,0.587249333571952,0.4128643473911409,0.5007929790375645,true,4
515,0.6036087456367559,0.42,0.5925199812763968,0.5832903212164093,0.7123568065100694,true,3
516,0.6796348456338308,0.43,0.7341408540622811,0.6341659080539395,0.6635513796167217,true,1
517,0.5113534507396225,0.32,0.19146007972745419,0.4502221099577667,0.4476499293985268,true,5
518,0.41078840533721367,0.23,0.3357949573148679,0.20102852911192692,0.33328954836568775,true,4
519,0.5987253330214218,0.52,0.552267963401419,0.6201594627942408,0.6169731909565731,true,3
520,0.40144599304006584,0.17,0.3800402173515277,0.3583518704007033,0.35546807319173035,true,1
522,0.6454504624547857,0.6,0.6893406529315163,0.7036728030895499,0.6543367530228457,true,4
523,0.8027024285971786,0.48,0.7272372763440199,0.6272915950155381,0.7025036197515959,true,5
524,0.607798852776928,0.59,0.6675254784063381,0.635527830369663,0.6558247790188687,true,5
525,0.6160004155359478,0.12,0.666757210309252,0.6219467373228471,0.6480246505186548,true,1
530,0.8152136964962745,0.69,0.8018374314510475,0.8109258866467581,0.7982837434659694,true,1
531,0.6912368155299392,0.34,0.6335944106424248,0.5099472127394289,0.6893799021150956,true,4
532,0.751817617327912,0.77,0.8929775741327362,0.8405370380544739,0.8003562636315085,true,1
533,0.5959101917563215,0.37,0.6399177665155913,0.37464923905618613,0.6771417677563393,true,4
534,0.6557899825519844,0.87,0.8929644564931665,0.8849602765298314,0.7812397367114748,true,4
535,0.5433736417715349,0.68,0.684341759488666,0.7578625393378846,0.6566265420388481,true,2
537,0.6528758343800439,0.97,0.8789074169701762,0.878421781389738,0.786021780569464,true,1
538,0.6146257574859123,0.59,0.8310113619150146,0.8052736773494403,0.7457709183142806,true,3
539,0.4028011452640775,0.32,0.28008099040296414,0.3869921712894081,0.32849481380175066,true,4
540,0.46862338786608004,0.31,0.6078955041457524,0.5241853080472787,0.5542474472490215,true,5
541,0.8858255343790092,0.36,0.47964246497487145,0.48507380028768077,0.7170851730654181,true,3
542,0.5127963114154189,0.4,0.4367833643920369,0.4582691257696194,0.5540285939376322,true,2
543,0.6339319492485739,0.35,0.6445278852343166,0.5873519431283226,0.6417308924935138,true,5
546,0.3431724880757543,0.37,0.3360477182243123,0.24512254937614256,0.2641946450321007,true,2
548,0.2993947448974259,0.27,0.21818816329543803,0.22664300807819918,0.25741865723317114,true,5
549,0.3773634765135001,0.15,0.1381145171803604,0.12294907216966039,0.2688494748096398,true,4
550,0.2636335329184439,0.04,0.4228102288550683,0.32143159519359216,0.3235258938568531,true,4
551,0.6163124810916708,0.32,0.6196693252396451,0.629756485177975,0.6476408597086258,true,1
553,0.40365623805501605,0.34,0.5252828562365525,0.49378508843067415,0.47593131973100866,true,5
554,0.4445922634046998,0.42,0.449065459604259,0.386082050566831,0.4322844522853527,true,5
555,0.4183796011938182,0.34,0.4476638926341137,0.3946302189530212,0.4473822218802088,true,1
556,0.3034309435632747,0.3,0.21818816329543803,0.2288690122734108,0.25741865723317114,true,5
559,0.46021048662445274,0.24,0.3663950196233813,0.3350762415203928,0.3491805599175995,true,5
561,0.4045594364712999,0.06166666666666667,0.35684873682874296,0.344725035654169,0.3993958495288542,true,1
565,0.43836446299734666,0.17,0.3125668813846445,0.36457332258628844,0.3475064031082468,true,5
566,0.39286753385306533,0.17,0.2016962522297758,0.18553472964128,0.27770273791018907,true,4
567,0.42130865914414695,0.35,0.49390394642549273,0.4464282149046517,0.39400695058257357,true,4
568,0.4507419954204432,0.2,0.25023837944713373,0.41486013841571245,0.5044600910415947,true,2
569,0.6500967173388771,0.45,0.7122492344616691,0.607664526130216,0.6881532832872826,true,2
570,0.39240170896605575,0.34,0.48622044070974413,0.3734720191187094,0.3076240701258349,true,5
571,0.3589768626399332,0.17,0.16217865205230492,0.24555201949734357,0.22725954273171822,true,4
572,0.38141654392210883,0.42,0.37279453187784345,0.3809056131260656,0.4647228431085392,true,1
573,0.6160628836429923,0.75,0.7527661409592629,0.7230780124680445,0.7597232863078319,true,3
574,0.4676709248510854,0.42,0.44258962111435957,0.49423302078721315,0.4928159141574501,true,5
575,0.4838758611615568,0.27,0.5615609623661387,0.3544227133025817,0.5648242050326924,true,4
577,0.6055947802224149,0.36,0.41949902080986107,0.45188409527211254,0.6502366451332099,true,3
578,0.5732924982385851,0.38,0.6501485025045034,0.5145416111302804,0.5830137391855384,true,2
579,0.3118280392107074,0.03,0.09856354877307422,0.19408496876520626,0.22874070189121204,true,2
582,0.47298652523234413,0.52,0.3625483312764998,0.3836933556781166,0.41460860262853044,true,2
583,0.32429237663110905,0.96,0.48929326924831906,0.37290994538230615,0.2861561897242459,true,5
584,0.3512742365242762,0.7417261904761904,0.428413787770252,0.42244778771774705,0.32865737311901294,true,3
585,0.44842237312839633,0.18,0.2523082124713676,0.31575784106496785,0.31318885404063773,true,2
587,0.49259590968745215,0.31,0.4565375641759286,0.438600941854136,0.49766843795323135,true,2
588,0.36330747494054316,0.19,0.32698009400824646,0.320322525332505,0.39424449755784163,true,3
589,0.3449365853020898,0.11,0.19242646988359874,0.2717161857718498,0.3091170208146117,true,2
590,0.3418487436479626,0.07,0.2005044266666054,0.30529927069137536,0.3305761853469462,true,1
593,0.8169643879057045,0.49,0.7160374564686147,0.7342931100906369,0.7640083283090305,true,1
594,0.45452470130633343,0.5616666666666666,0.671619289515859,0.5982213213595319,0.5483414672628496,true,3
595,0.5899482471155717,0.35,0.38482554392089013,0.5759007786059682,0.5821451080438605,true,5
596,0.41818347184203936,0.93,0.4460746974130967,0.5916638232400814,0.4683459312364674,true,3
597,0.42720933996381183,0.77,0.5064683801350267,0.46833619619154426,0.4845726950443838,true,1
598,0.32541389231087126,0.1,0.16767327249733624,0.19585403810886906,0.2523384911433222,true,1
599,0.72927240071199,0.64,0.882976653006151,0.7464682818462552,0.798880737720417,true,3
600,0.5077955158374834,0.3583333333333333,0.47962928490688783,0.4606693312669224,0.47105907130766966,true,5
601,0.4808706871724623,0.3375,0.3565972392997372,0.437915090236753,0.4918742462843909,true,3
602,0.44052873304692647,0.28,0.33176734462914514,0.39100081087711613,0.38856488334034933,true,2
603,0.6263170781606988,0.56,0.5915717710933542,0.691237009764253,0.7169503740200097,true,2
604,0.4487800307018072,0.34,0.3718966493438393,0.4177596789881858,0.4527532184047875,true,1
605,0.39117293435703765,0.19,0.3605807183453539,0.35132862315656277,0.3566722134702378,true,2
606,0.4437568616557405,0.54,0.5510521626835287,0.6284623495672889,0.5108322806946046,true,4
607,0.5714250790810459,0.37,0.6209420529577494,0.48725213592139144,0.640843011209842,true,4
608,0.6028717683873491,0.34,0.3707463080553115,0.41250229659106114,0.5868408025931235,true,3
609,0.4872113240135166,0.43,0.6735726391439201,0.425743812802165,0.3792809972694156,true,2
610,0.4159825029796196,0.1,0.17496668946859942,0.2682717347646821,0.3262527723526256,true,1
611,0.4533725620536113,0.16,0.1573970096924592,0.3764737565035298,0.4484130272709445,true,5
612,0.2717959816702807,0.11800000000000001,0.20771236067395366,0.23756836504263248,0.28658940409444683,true,1
613,0.2880580258648807,0.08,0.2144644123611747,0.24419730638558917,0.24573171391061896,true,2
614,0.7018381424913446,0.43,0.7837241277449967,0.6783346952777808,0.7717921936100265,true,3
615,0.32494162891773615,0.03,0.2543804373644293,0.27507866307084644,0.28733418125740684,true,5
616,0.40591667640082896,0.27,0.5077111046103446,0.43072343714088285,0.4610298890942506,true,1
618,0.27471105801078016,0.11,0.07526042722298079,0.21996966799709014,0.2277288565816381,true,1
620,0.4371769674180665,0.36,0.46120743440210854,0.4177823389152794,0.5100516633295314,true,3
621,0.7660399173822107,0.28,0.20634274591098048,0.436542883495446,0.6371941897175568,true,2
622,0.2743037278358613,0.08,0.13578751830315128,0.20989216228817084,0.23636828177168645,true,2
623,0.683899546009904,0.58,0.6897631332107049,0.6855889508354379,0.6589522550507684,true,4
624,0.3597792370067505,0.17,0.23091097689907025,0.3223890101223549,0.3743645010296193,true,2
625,0.5907513982396062,0.41,0.29098128154397435,0.4844645665577406,0.6328944079039951,true,3
627,0.393946187539734,0.26,0.22882222287916185,0.29255699959875825,0.285895585069925,true,2
628,0.2915997206409663,0.21,0.17387257421909583,0.32292910275886444,0.24173973972074136,true,4
630,0.669895557848034,0.67,0.7182967296918962,0.7109008248169938,0.7443278276915817,true,5
631,0.5576870358725223,0.6,0.5176268486655493,0.6526990934755625,0.6599197672844687,true,5
632,0.8647915956981096,0.82,0.5323817521020432,0.6689228412265438,0.6019850110541126,true,2
633,0.7599105367030176,0.72,0.7157082121492228,0.6534233946744934,0.6298512170992602,true,5
634,0.8983450564571669,0.82,0.967901634982616,0.8237304237930394,0.7765421503344097,true,4
635,0.7061743689942755,0.79,0.6799730609267832,0.7159830901906175,0.6538691133307738,true,1
636,0.46403021504540326,0.28,0.3995186901452718,0.4465003821164143,0.4501709269911607,true,2
637,0.3267808548421149,0.17,0.12817001893113428,0.21228329792757844,0.2451603287100828,true,3
638,0.45930803758315825,0.25,0.4741660091588121,0.4906961757287279,0.5716739772607491,true,1
639,0.6502472813314947,0.3,0.6660003817586536,0.5494618572024799,0.6606522170509156,true,4
640,0.4109788426975094,0.43,0.47081019623473847,0.42432469855837146,0.4860568303603261,true,5
641,0.34832930488203945,0.02,0.11513308183126182,0.21782374742674088,0.22844132023191838,true,2
642,0.3307797442809512,0.17,0.30434455151243833,0.2935319861454705,0.4092339367634355,true,2
643,0.4812313041311107,0.28,0.418431760413027,0.4432983946162936,0.5000106283262865,true,1
644,0.8037700549603982,0.53,0.7493700617634635,0.6343899428183548,0.7497034214290006,true,2
645,0.49576182904965926,0.1,0.11130337414405894,0.20098736041321183,0.24568366423635152,true,1
646,0.36571209115024145,0.18,0.18143327093344563,0.18868269713344585,0.29517658285230486,true,1
647,0.4121189873334482,0.12,0.1880624983619471,0.23370367581149157,0.351221356174022,true,3
650,0.46845101042513276,0.13,0.30716835964814343,0.29112319082573923,0.37807963383187126,true,1
653,0.4221501645985187,0.2,0.30153623394271256,0.296978136065052,0.43711694689129316,true,2
654,0.39551278082647706,0.05,0.1531633704885713,0.07709572815954248,0.2484784269759338,true,3
655,0.6982804197647164,0.5,0.8476136561206223,0.642243243508491,0.6838392569253757,true,1
656,0.3543901261854349,0.09,0.09979441219747856,0.1960515164394847,0.2143769638040818,true,1
657,0.32987734266508956,0.53,0.5472375878621145,0.3468705969504736,0.38999862086147297,true,2
658,0.430913674421512,0.35,0.29166777952163564,0.3838171065589498,0.3713682851054699,true,4
659,0.6859091902862983,0.46,0.5180029545624721,0.5180540021068356,0.7148546625884902,true,4
660,0.5424158438532628,0.59,0.6667937243189005,0.5871624089550825,0.6259400137404951,true,3
661,0.4993544429259942,0.34,0.31491952765860337,0.4318582262867434,0.5697634028547426,true,3
662,0.5187679393639263,0.66,0.7161164895420046,0.6718937349960741,0.6681174523231753,true,3
664,0.7395759752404529,0.52,0.6151954507103367,0.5386383335618631,0.7120212715998361,true,4
665,0.8731117362912699,0.75,0.938678644706895,0.7938930623728091,0.8224328471378468,true,5
666,0.3874066308160306,0.11,0.3227429040259284,0.3492970600386757,0.4214817281977925,true,1
667,0.4120853503353593,0.18,0.3179419319983242,0.31140987595286906,0.38690330117543775,true,5
668,0.32766415075003397,0.25,0.41990878144766186,0.35498718581706684,0.4064090144929323,true,4
669,0.4734723164997782,0.34,0.3204155093284805,0.4550435877465527,0.40458092938320145,true,5
670,0.8105609826285339,0.64,0.7527617264799872,0.7381656778134998,0.7669616021337103,true,5
671,0.4970491948982829,0.43,0.440802370810806,0.49523604322675524,0.5008474976771432,true,1
672,0.8739671536583103,0.77,0.8615911031822999,0.8280871994298338,0.7528455025604064,true,1
674,0.47888408822725254,0.21,0.2870774820613215,0.3251617775165262,0.349871820228879,true,1
675,0.41157672923207167,0.32,0.30309925833335966,0.3430738694719831,0.4010640433341852,true,5
676,0.5221023673320798,0.3575,0.5075501049153861,0.5442557613957604,0.5950502569093911,true,2
677,0.3990776629111609,0.23,0.06978784073769505,0.16203945809092865,0.4128142070412265,true,4
678,0.44752160235728017,0.35,0.29375953487525336,0.47510078354800067,0.5256879489663129,true,4
679,0.4503517212537757,0.39,0.4940447357695009,0.5022039110892589,0.5299095365813974,true,4
680,0.4680367526487722,0.16,0.3076442729147097,0.3888754700826119,0.5223936031818063,true,3
681,0.588305660025589,0.53,0.6537063366132633,0.6422814409876328,0.7006881467853109,true,4
684,0.2837957149412307,0.08,0.153294749604989,0.15224084633117146,0.22996025230696276,true,4
685,0.6140980211644751,0.46,0.5786390433405822,0.5693101160819556,0.735722101655404,true,5
686,0.2879192454488415,0.1,0.1554217811583824,0.06450587241705664,0.18510664776740435,true,4
687,0.3734410275217506,0.12,0.231800373660509,0.21572423946574545,0.2247709054667429,true,2
688,0.3945686420619101,0.25,0.1217388933748438,0.33184820656182834,0.32558318271479064,true,3
689,0.664249792107167,0.6,0.6019870168740394,0.6710839063990082,0.7170636026660281,true,5
690,0.6278824028937953,0.44,0.4859134951363521,0.5598518592647461,0.6948440708058501,true,4
692,0.46992140733118426,0.35,0.2976329827843774,0.4303181847030119,0.5439764907923058,true,3
693,0.8894359868233935,0.71,0.8242160695183955,0.7590382072921887,0.834403067019864,true,2
694,0.7157868705865775,0.43,0.6161662553854202,0.5141805586013729,0.7422579580122808,true,3
696,0.4838167290246273,0.36,0.49581480202755057,0.47873384694099785,0.5003403862053036,true,5
698,0.672861865407081,0.7,0.797341374009594,0.8127544557939714,0.7837824835518339,true,1
699,0.43481299931840567,0.43,0.43170039746526817,0.45143132664523544,0.4706121881894574,true,4
700,0.5017837083978163,0.26,0.4201483216721453,0.5180316275714042,0.5716739772607491,true,1
701,0.4343128922973619,0.38,0.4546400177495427,0.43776031292661893,0.3927875363282121,true,5
703,0.3590401928498941,0.06,0.14437582857185438,0.24051604671806648,0.2660125512795138,true,1
704,0.5137836237153376,0.2,0.282830581157075,0.366189982349188,0.361488342975621,true,1
706,0.3171718928664907,0.14,0.235960644304088,0.16301152835942023,0.26040115570739564,true,3
707,0.3872219456600942,0.2,0.23138930235406663,0.2439811111497066,0.2557748968509514,true,3
708,0.46324859651638217,0.48,0.3519146227405902,0.4884838907300727,0.3852816808177672,true,3
710,0.5236788674415066,0.5,0.5609588884825804,0.5536424252773567,0.5572788188915757,true,1
715,0.4874566219453365,0.74,0.5847154666384494,0.603197442997533,0.5697731419340859,true,5
716,0.3260076572685413,0.07,0.15453998191748056,0.2526692226751407,0.2540275192645727,true,5
717,0.8309712666074166,0.9,0.9631650954770715,0.8725264079388778,0.865132233419896,true,3
718,0.4943514154029824,0.3975,0.5468114040862841,0.48680670770742857,0.5634114817538005,true,4
719,0.4000112583682501,0.18,0.22701040269411915,0.2747820523977508,0.23080167607573635,true,3
720,0.6400525049105322,0.47,0.7643980616931796,0.5704383261690146,0.6776947106360175,true,4
721,0.5684782507469895,0.35,0.5221414358769418,0.48883328537829185,0.5975284216307355,true,5
722,0.6206504408139272,0.75,0.5003862352112588,0.627461815419003,0.6509300229552537,true,4
723,0.6703726823477634,0.52,0.5603465807860737,0.6369118504270851,0.631829631141482,true,5
724,0.4193459500577531,0.58,0.4881283635442877,0.5275463856701353,0.4340189535800888,true,3
725,0.47195921125855345,0.36,0.593719890570532,0.6299420802869398,0.5934897651828325,true,3
726,0.6044691726229614,0.49,0.6444829395135852,0.5903583302715572,0.6686864781867387,true,3
727,0.6230713462890428,0.59,0.687345710021103,0.5734987080360767,0.6551659851473045,true,2
728,0.871690526246295,0.75,0.7530703678783052,0.8051689011166563,0.7980745712287847,true,4
730,0.5068697026881381,0.32,0.527201489543392,0.430592188146195,0.49085854614303676,true,3
731,0.4058598126983067,0.24,0.49810989773185665,0.33817045793267925,0.4407324567328956,true,4
732,0.34754942315614146,0.09,0.11844395465075515,0.1385030831097008,0.22744372163980686,true,4
734,0.7385274699014964,0.6,0.7893871694475485,0.725045742065146,0.6921807838077513,true,2
735,0.6262182275662426,0.57,0.7330914260051966,0.6241989473417877,0.6414904516741697,true,4
736,0.45101649590244536,0.26,0.38442137088411715,0.4081699594486978,0.47938718591043683,true,2
737,0.38529933688592677,0.31,0.2129003197743096,0.3774420321887875,0.4269141523985657,true,5
738,0.626163015491367,0.23,0.537135005432067,0.3792500959217016,0.6399476172048647,true,2
739,0.3857645105502045,0.52,0.5799310856264352,0.4805370710548596,0.4899022370516785,true,2
740,0.601851306381671,0.42,0.6605072266742024,0.5708518970036787,0.5832813907247265,true,1
741,0.3730488219700484,0.32,0.5588946188107564,0.4181913109268573,0.4864221920090564,true,2
742,0.5253896625911028,0.23,0.27098633469896216,0.34854524249013286,0.5248828964517983,true,3
743,0.882864540379293,0.88,0.9330874658733219,0.8845942214571523,0.8741538931792809,true,3
744,0.43200712691997156,0.12,0.24736241947894777,0.2346043582398345,0.39945725513449704,true,3
746,0.47266285824834464,0.15,0.26907169035736805,0.33530739902679435,0.3450068931900187,true,5
748,0.30853928580753565,0.21,0.2836238659891297,0.33466108827512053,0.3169055616553787,true,5
749,0.723416555257868,0.92,0.8044977888219875,0.8495055867560483,0.758172978046975,true,1
750,0.7406270048332328,0.76,0.8749297353066182,0.7964413434720408,0.7940623066541793,true,4
751,0.7236404637960117,0.36,0.5666248201169182,0.5710888048067849,0.6172900201360336,true,3
752,0.9124170714371992,0.7,0.8082001429265725,0.8191672783235967,0.8284913658975579,true,1
753,0.6937619080510731,0.65,0.6427820406925617,0.7338932087271225,0.7188804855710414,true,1
754,0.6417188831940952,0.4,0.6877965284989818,0.5773073943855295,0.6493564378199669,true,2
755,0.5720938353199606,0.45,0.5195031958363389,0.4891068438154501,0.5920001585283959,true,3
756,0.709845315376282,0.7,0.786754678083353,0.716720502140475,0.7670747392688935,true,1
757,0.5313760741990924,0.42,0.6009543832880941,0.5166096143877084,0.5209669046690057,true,3
758,0.46634281761332413,0.42,0.5741028514630593,0.5142282845215795,0.5465796141580754,true,3
760,0.35748564382845044,0.33,0.31672908934944416,0.3855824899663234,0.389068061776999,true,4
761,0.9020333289480803,0.78,0.8107355385577372,0.7561039231560595,0.8314147742948583,true,3
763,0.46516709237454934,0.26,0.3565988684359223,0.4517914516994018,0.502148940277699,true,2
764,0.4582027872210196,0.1,0.38745909265499184,0.38544683407730496,0.42147186422814287,true,1
766,0.5412164012196515,0.38,0.6423071328947412,0.4875939317396115,0.5799876361907738,true,4
767,0.48421174168147013,0.48,0.3571830471415156,0.5126883116314718,0.5322880155820591,true,4
768,0.42444033012146476,0.27,0.33375782004018467,0.3887270780411183,0.4639610574521192,true,2
769,0.7645535998912198,0.6,0.7157467295530485,0.6082068109038326,0.7924160974657066,true,4
770,0.7145919107349211,0.72,0.8463372114967936,0.7599962201911904,0.7444441331780511,true,1
774,0.3279292865913958,0.0,0.19464713192162036,0.02842505411255411,0.26117551406239775,true,4
775,0.4537433513474955,0.26,0.26050014544080785,0.3814140710486399,0.4067590798271042,true,4
776,0.6358791188490059,0.38,0.6247276648988579,0.47660884532669906,0.6199317806104568,true,4
777,0.46454395515247054,0.84,0.7319058986049909,0.6938245346530324,0.6296567645034398,true,1
780,0.6280467976813402,0.45,0.4102083392661453,0.6117426294572326,0.6366578420518916,true,5
782,0.6710270652361724,0.69,0.8632151991392397,0.7796260467503996,0.7413060800897966,true,1
785,0.4214833019361722,0.27,0.4028002846092932,0.39479892369230446,0.4127870071659418,true,2
786,0.3300991647453061,0.0,0.19464713192162036,0.08544343247087646,0.26117551406239775,true,4
792,0.7402358570260983,0.86,0.9008187466973141,0.8609731205363134,0.8067539853979234,true,5
793,0.41372857843692207,0.53,0.3037420745049115,0.2542502044610017,0.27535782267971604,true,4
796,0.694216771785851,0.88,0.9338088122745543,0.79824143460804,0.8519019298795234,true,3
798,0.4749559147911004,0.3,0.517759589861329,0.41180972447085007,0.5369031573819608,true,4
800,0.3639053177802274,0.28,0.234712455662737,0.308611015563383,0.3332184041855799,true,5
801,0.5288071104711421,0.26,0.23907998600731237,0.38993610863120215,0.45659578916644195,true,4
804,0.5143547688207242,0.185,0.37789456129848764,0.259411339932857,0.49206753197101893,true,4
807,0.7042262345865163,0.98,0.8739437443398208,0.8671200146908449,0.7964909296196226,true,1
809,0.8566211781973625,0.64,0.6055347985959697,0.6965400226549759,0.7003621193256169,true,1
812,0.9314359705416764,0.59,0.5600072721231015,0.6430697032350381,0.7952127808727038,true,3
813,0.4625368493514009,0.2,0.44153529981478157,0.5171586970028619,0.5155321672423954,true,2
814,0.9741037775749659,0.71,0.7929983480945731,0.7825514802056759,0.8230243177929462,true,1
815,0.9732524500598305,0.54,0.20060265004176991,0.625195255828685,0.8007074394426777,true,5
817,0.4244341957143185,0.12,0.11942020461719231,0.30007445005602024,0.34501916845130604,true,5
818,0.5022879592813725,0.43,0.5027567775534834,0.508992621265465,0.5541564436966018,true,1
820,0.5267036154583505,0.38,0.43795387772336186,0.50365851858539,0.5659401039813319,true,2
822,0.8187115381849412,0.78,0.6816665346349469,0.8043793290258071,0.8030458965547231,true,4
823,0.595815304834934,0.62,0.6168957419958948,0.7029631316707778,0.7126638248617534,true,2
824,0.6825321292930704,0.7,0.8158889890736435,0.7788437880315073,0.7676229839485929,true,1
826,0.2810928528181647,0.01,0.176747756037462,0.22604694785012674,0.27987267775579583,true,1
828,0.39098843609968587,0.3,0.36458290567593327,0.36365122757662555,0.36883305235966135,true,2
829,0.30401398707974253,0.12,0.22025106129567407,0.24362680307508228,0.2750929521791031,true,5
833,0.39705325502549105,0.26,0.4951671163461579,0.41337666383586347,0.4649972971790953,true,2
836,0.7816056995826919,0.68,0.7188427077719549,0.7962131884793786,0.804107509268031,true,1
837,0.5018383309920174,0.14,0.42220935650218433,0.36239621437791236,0.5599082153762297,true,3
838,0.4994092729432177,0.52,0.6055567660904562,0.5178557177553763,0.5483819761792328,true,4
840,0.3910635916859227,0.5,0.5277659903598874,0.46905614305871085,0.47539442099524276,true,5
845,0.5709987105546883,0.47,0.5201970289951101,0.5524185488421461,0.615504977101853,true,4
846,0.4721167603560648,0.68,0.689124249739413,0.6576068918480751,0.5408962933032126,true,4
847,0.41695560062052583,0.48,0.5952953264281019,0.6303349332747736,0.6921238332877132,true,3
848,0.9313535217572108,0.71,0.6964419307079917,0.760818733826472,0.8222048596141255,true,5
849,0.6954771509701115,0.67,0.6759450665518093,0.7488022818196148,0.7457789952086208,true,2
850,0.6545211669975894,0.46,0.4909800097088458,0.5913011526383208,0.6040689451961,true,3
851,0.5335946105497305,0.32,0.2308822695809161,0.46314122042923134,0.510541362476171,true,1
852,0.4890507764651617,0.35,0.36611799788725113,0.43649258281139103,0.46130659676593827,true,2
853,0.3721949079412176,0.09,0.12516711747839931,0.22111649534411845,0.22744517689984248,true,2
854,0.9591888284712532,0.72,0.8121525123260785,0.7775499932749215,0.7638913480327315,true,2
855,0.565047561545747,0.3,0.4664725861630071,0.5061324748998672,0.5231627591195961,true,1
856,0.46057663337127486,0.25,0.3709631409434424,0.36322983775170575,0.4191563618599018,true,3
858,0.5361511162064856,0.4,0.6931017265652303,0.6250966546182347,0.6256366004634714,true,1
862,0.462784500179494,0.25,0.31935743038308184,0.3645925983711325,0.48878532795984675,true,2
863,0.37463995311490605,0.05,0.08946282734660213,0.23969703444258328,0.26307699730421646,true,5
864,0.4070932230833693,0.11,0.23370910408875273,0.18638815351315363,0.38713530477531843,true,4
866,0.42958459913071395,0.4,0.5759158530635945,0.38160280652419365,0.4164704726074038,true,5
867,0.5055027871023966,0.63,0.708942749737764,0.7381362785236402,0.6705063226936063,true,4
869,0.3642117873884963,0.13,0.23445028257234726,0.14926003125849213,0.3309389939991087,true,3
870,0.5156568091839057,0.57,0.5830300342841461,0.6204538004683395,0.6448374685868871,true,3
871,0.25240193987894366,0.14,0.18437815612296482,0.23500350066618492,0.2717638552897897,true,5
872,0.2880467175716292,0.09,0.22038013906438958,0.2352177554837952,0.2596445196146548,true,2
873,0.40541550992846437,0.38,0.4136156915284065,0.4374931271085578,0.47381883725326374,true,5
874,0.2690365035319543,0.24,0.18909116715047244,0.3151124333084511,0.2908685500752452,true,1
876,0.5035507258400845,0.37,0.516122906637847,0.434185282450018,0.48948604962854564,true,2
877,0.431815531080559,0.1,0.26045291942175364,0.1727826285758259,0.2789776651876325,true,4
878,0.33840205219566244,0.2,0.19978723596201917,0.33327890895582735,0.31477211563564633,true,1
879,0.5160202380681816,0.35333333333333333,0.4083862103368653,0.4084934101690249,0.5127875143656997,true,5
881,0.4180500385268499,0.23,0.23798790611294166,0.20392241277241271,0.30336767914938956,true,4
882,0.5358132751223048,0.48,0.6116360784564482,0.6253753652280704,0.5885967217879855,true,1
883,0.6964072026289764,0.73,0.7358999577585986,0.6782138757206383,0.7186148325111177,true,5
885,0.5841765497223551,0.57,0.3036083799900743,0.5558950179991556,0.5917699551076826,true,2
886,0.2810249774744028,0.2,0.19749271378358002,0.20892982170388222,0.22553384782557015,true,5
887,0.6244236932627772,0.3175,0.7531591273583793,0.41003555039457273,0.727172466650461,true,5
889,0.3741274278237674,0.33,0.2938406084114977,0.3584760345315868,0.30348588917276886,true,1
890,0.3956726415428124,0.2,0.21173347722983182,0.23600373848013578,0.41790133602109353,true,3
891,0.13837778090524666,0.25,0.008723855042071202,0.34686918755049556,0.21085037507007026,true,3
892,0.649092088721095,0.5,0.6787673658479806,0.6761231212969879,0.7081297297626945,true,1
893,0.4204766371652018,0.37,0.5185651584073921,0.4344924487822007,0.4615815068846146,true,1
894,0.6196986255780553,0.63,0.6011874847272639,0.6740100491908428,0.628978395124465,true,1
895,0.48187657408394907,0.245,0.15827947875836854,0.3886131651930813,0.3568762148024674,true,5
896,0.3887061984110913,0.28,0.2980225848392824,0.28417845458188984,0.39204984661358616,true,3
897,0.6876955047085422,0.44,0.5362727424933135,0.4630028212456617,0.6163759768469642,true,4
898,0.649542561865882,0.52,0.7503139516096754,0.6414980538121893,0.6883216355020665,true,1
899,0.7089913988792793,0.48,0.5696468621578492,0.598630413912129,0.6075937921275757,true,1
900,0.5407884361210491,0.34,0.2726443392627355,0.5036825947861977,0.5606164485705322,true,1
901,0.5639593169120848,0.5,0.46824136668352595,0.5965516028341404,0.5684456068498517,true,1
902,0.7076735407745519,0.6,0.6448015350409685,0.5960566332306384,0.7153163797747157,true,2
904,0.6920597006682203,0.47,0.46125355641954024,0.6394434403561088,0.696422912832171,true,5
905,0.40077398163251526,0.13,0.2662653397330913,0.24917155650688053,0.3614936084164927,true,3
906,0.40113102153829394,0.24,0.5193426657770704,0.42053905250347795,0.35663701407792453,true,1
908,0.36482991276644655,0.68,0.4402538214821283,0.33218819486000817,0.37170864031419737,true,5
909,0.5611830811957434,0.44,0.18291346417382648,0.5277721828413623,0.5915455342815207,true,2
910,0.6567135708152402,0.89,0.880193752371421,0.7501082134116193,0.7660068935340851,true,5
911,0.6162933558613838,0.92,0.8723394233558288,0.7851103761323567,0.7181765366826346,true,1
912,0.5728117264866056,0.56,0.7144981669654565,0.5760113788111714,0.6628465496696728,true,2
914,0.37588653877513767,0.11,0.23352244484701848,0.3043501714770002,0.33332149438145203,true,5
915,0.5302614314833,0.47,0.4520872139236613,0.47715345843183404,0.5079539598291065,true,5
916,0.48938334346712653,0.3,0.6373078927907416,0.4454770292550858,0.5583845342323498,true,5
917,0.353149464435849,0.11675,0.2817538190596617,0.3360006152946211,0.3132040847461321,true,3
918,0.7018744478308874,0.71,0.777656290309644,0.7736849040283208,0.7655081983266294,true,4
919,0.9041453539945339,0.74,0.9354627933661593,0.8709757709957515,0.8275910750919961,true,5
920,0.7036986699500811,0.43,0.5815496951025291,0.5238565535061698,0.6594396091137449,true,4
921,0.3237594127711821,0.15,0.07418874623142224,0.2007181375635978,0.167298100053202,true,5
922,0.5557781467586326,0.44,0.3956186252014235,0.5345054269680872,0.5673851801471131,true,3
923,0.5461879722311457,0.4,0.5016221718189336,0.5354888552461358,0.6505920444707359,true,4
924,0.2840374291648448,0.0,0.14092743946720032,0.18669887786614883,0.2408306196376597,true,5
927,0.49503266001593715,0.38,0.5928969750640489,0.41606642333508165,0.5560609217988597,true,4
928,0.4381704846626747,0.12,0.29546970818990975,0.35989090605128476,0.3609268750337314,true,5
930,0.4063104667568351,0.08,0.33405039022845356,0.37592865362098754,0.39069875811431853,true,5
931,0.4108845867039964,0.26,0.2486816718157906,0.3398875702698547,0.33791713997672645,true,2
932,0.31605403593338477,0.06,0.062017752086356945,0.18339326161888853,0.22528294401988905,true,1
933,0.6213495393531037,0.44,0.6359065126488729,0.6181421867041695,0.6674146260111782,true,2
934,0.5071460820651743,0.38,0.6358784536280353,0.60795020097471,0.6187795206980037,true,2
936,0.4199138626630459,0.21,0.3616175227985144,0.3491978048222144,0.40236213039352065,true,2
937,0.37000147379310366,0.16,0.36080354994238784,0.40980081699200066,0.4064798391115581,true,1
940,0.6767229524263405,0.38,0.5395044267898816,0.558949964103974,0.6878332140767641,true,2
941,0.8478084732430242,0.55,0.2034470580495994,0.5802017228271098,0.6600379999803355,true,4
942,0.7414440336668322,0.48,0.8480631422840372,0.6225346270953793,0.7383524819675875,true,3
943,0.4215232427500761,0.58,0.5110377156424978,0.5200018155166033,0.500633668784506,true,4
944,0.5609537422841413,0.57,0.7113012989553981,0.6333416954540252,0.6012945551490311,true,4
945,0.5147114304358275,0.28,0.29515273385060153,0.3835133252769215,0.28263631603906786,true,2
946,0.42730290164848034,0.36,0.5387562770410608,0.4937193618971083,0.5841095161048953,true,3
947,0.6741093070824171,0.49,0.7745671811484127,0.7336243412102739,0.7047762553733039,true,1
948,0.3941753521793351,0.72,0.646884130320987,0.4684577323468536,0.4498765246883983,true,5
949,0.4060068397970857,0.09,0.2613618101376026,0.223115870264795,0.3585606760836604,true,3
951,0.38416568535543155,0.5,0.6114199954122199,0.5900250753773786,0.5138305607850919,true,1
952,0.5199760941927917,0.25,0.385125417192966,0.43397983067076823,0.4696732975701146,true,5
953,0.43683649444562134,0.29,0.39618060960410906,0.4229691830843925,0.44289822145627145,true,5
954,0.4873778382546721,0.2,0.4135406890232703,0.41733956269014555,0.4843705549702373,true,5
955,0.39506623690588205,0.22,0.264928627411927,0.3500333291231668,0.33516051938781527,true,2
957,0.3540723698258085,0.13,0.3041277145268483,0.2127741475671957,0.366331228393236,true,3
958,0.41365635957698627,0.18,0.1087084994742113,0.14183025519164416,0.24411470302520336,true,4
959,0.43353031510917767,0.21,0.32146446538100754,0.34592724970381966,0.35639944008890684,true,2
960,0.4268387976654827,0.37,0.42993949080250354,0.42399913394735583,0.4343941153399807,true,1
961,0.5794518746554981,0.67,0.6494222327721818,0.7269969915299691,0.6740898761661775,true,3
962,0.3913709983774659,0.72,0.4426772261632465,0.5837271453259204,0.3653311991492946,true,4
963,0.39498485729960564,0.49,0.5352407009626874,0.5135581285344601,0.4659616441543566,true,3
967,0.39811110036879366,0.44,0.48028606559769754,0.4959031265519892,0.4737312843710898,true,3
968,0.4666709336621576,0.33666666666666667,0.46646321381021133,0.42862527663186867,0.5154870362389484,true,5
969,0.34197921666597675,0.02,0.25529157868686464,0.25715257450840484,0.27646619342824247,true,4
970,0.3843832031008655,0.12,0.15396813327889589,0.31351307214961116,0.31630659767753716,true,1
971,0.41499851537553456,0.23,0.28769830110033595,0.3663611646720187,0.3841961257910654,true,5
973,0.5025099382388659,0.23,0.1756652916314675,0.39157950885230774,0.3321669811608995,true,1
974,0.3117430361904805,0.03,0.24006814212094518,0.22909652681067566,0.3327204142970038,true,5
975,0.45458563231143745,0.38,0.48652875483169994,0.4979855663531555,0.46778738151066807,true,5
976,0.38122949436999887,0.39,0.4636250808139631,0.4610562045917455,0.4717959287282184,true,5
977,0.28213873757225993,0.17166666666666663,0.11916194947408283,0.2133752429784213,0.25203133148236007,true,5
979,0.3928151336441374,0.26,0.22245630809875364,0.17320998541096624,0.3311182724587388,true,4
980,0.7264287308108714,0.52,0.6443741782475415,0.6004628177181491,0.6339510882723811,true,1
982,0.37950176951332726,0.35,0.5275067425046917,0.4037575783263865,0.4845139755582566,true,4
984,0.44515873041570664,0.58,0.6098468267408573,0.5112352694163843,0.52801580141211,true,2
985,0.8759456525654392,0.62,0.8325927224438948,0.7882412421919031,0.8046732996793412,true,2
986,0.7612657747595841,0.82,0.8749175435661241,0.8791682046378804,0.786021780569464,true,1
987,0.3710412094240094,0.57,0.42019009995710227,0.49289842505444037,0.2851878324785854,true,4
988,0.43618269499774215,0.29,0.4418233262249225,0.3994957238382548,0.4403570203971058,true,3
989,0.9031884305789589,0.59,0.7349250848093515,0.7383666418720592,0.787978563027193,true,4
990,0.7101138850658364,0.34,0.6206042408292434,0.5230958807256485,0.6362400921460044,true,5
992,0.3737501049140595,0.63,0.6025619235696211,0.5246405808849403,0.5011650003924796,true,1
993,0.4090787636554858,0.4,0.4841841560743433,0.3865833566142263,0.472658459348822,true,2
994,0.8220748815087836,0.48,0.45964380531684584,0.6150392648570988,0.7148610038875157,true,3
995,0.4537076045329764,0.52,0.639965494110021,0.5658311217820458,0.595439272968806,true,3
996,0.37021341287643833,0.17,0.3699620694839879,0.3593551946184153,0.42415797501363717,true,3
1003,0.5364516029166287,0.36,0.4667071200670485,0.49561933838998795,0.5262917682496395,true,5
1004,0.5923011524767845,0.46,0.13594995949387104,0.4863228633948612,0.6417553548688186,true,5
1006,0.4192941198724447,0.31,0.3260037266464189,0.38919847875771046,0.40325223998175297,true,5
1007,0.27404855320270993,0.07,0.09204006113209791,0.21515392434755712,0.23058538454758354,true,5
1008,0.411940540440389,0.25,0.13601951598341389,0.30938936497402075,0.39321960777807374,true,3
1009,0.33374683016193246,0.08,0.09392513782605995,0.1696367482211556,0.30091070895057215,true,4
1010,0.435234329964487,0.26,0.5139897166422202,0.4499298702781095,0.5121991122412927,true,1
1011,0.4898332106042752,0.2,0.27614439646071315,0.40394919931796397,0.39017519653219324,true,2
1012,0.6337622507701095,0.85,0.7491100335111628,0.8205170332864629,0.6619975226883967,true,3
1013,0.5989017317603398,0.85,0.7927185869379147,0.7298560053397999,0.6741326688980465,true,2
1015,0.3355502210519938,0.08,0.0983302998318873,0.22439355279564757,0.2383473455487037,true,5
1016,0.4102165377598583,0.33,0.47074345930771255,0.3911247980334589,0.4211721001803349,true,2
1018,0.6671853177680734,0.64,0.7275917942336093,0.7208811671465485,0.7332679972582973,true,3
1019,0.40705643436482764,0.2,0.36493978792620313,0.35596940719048986,0.37492409060100057,true,2
1021,0.28746381112984737,0.1,0.3542334663997405,0.3351721792372392,0.3185739814000647,true,3
1022,0.3151857827723817,0.05,0.06521636335356479,0.1863852285329221,0.1961118115732946,true,2
1024,0.3604913258495047,0.07,0.15741696726975038,0.062439141231397016,0.22762074727093645,true,3
1025,0.2800886428153613,0.3302777777777778,0.4139957631392624,0.30943599255791604,0.35814383104957254,true,3
1026,0.5886885167279478,0.24,0.26820511130118135,0.5527574998445905,0.5692341101256729,true,5
1028,0.3403230459582813,0.2,0.2372811087267141,0.3539142278600773,0.3733849682927202,true,5
1029,0.3925940483359046,0.33,0.523770482028917,0.42741953329815985,0.514752123002021,true,3
1030,0.47930731493639644,0.19,0.1581029944587582,0.42714527961687077,0.34560759160807475,true,2
1031,0.7479966338444289,0.48,0.22580445226772325,0.6709884313800917,0.6054545502976929,true,5
1032,0.2731027386964336,0.04,0.12030862200885557,0.16521028484230002,0.1571347736965038,true,1
1033,0.3064917916497984,0.11,0.15107478595680662,0.1104470704948646,0.2548485476889884,true,4
1034,0.46393810722530415,0.44799999999999995,0.5403123567299623,0.56569162403903,0.5748461430959697,true,1
1035,0.9017273711765117,0.45,0.6227002065031294,0.5899065254992112,0.6463519038334952,true,3
1036,0.30815410110173247,0.08,0.11043990764943432,0.16169332453322383,0.3207797995099033,true,4
1037,0.46647566194789286,0.27,0.5509351046586403,0.4488329889713531,0.5162751525418515,true,2
1038,0.6175165933995317,0.61,0.35832570796423885,0.6975033697264962,0.677533242692861,true,3
1039,0.33148205824163224,0.14,0.14706678705871795,0.27922207154214873,0.34290075755322685,true,2
1040,0.29673725834133124,0.03,0.12333904511153727,0.15796565545514135,0.24487106360051905,true,5
1041,0.3067917623685213,0.17,0.28481223471782996,0.2626398695537185,0.29045593475562964,true,1
1042,0.5066807130947683,0.1,0.22677028480961817,0.4237618044492246,0.49937690384818584,true,2
1043,0.45723930063396456,0.4,0.4253885075415633,0.4197369585653661,0.4381326113511909,true,5
1044,0.80871458860636,0.89,0.8556238064948235,0.8538658745267911,0.7946882858882229,true,2
1045,0.7374533109916832,0.79,0.8840466046933367,0.7674514889532896,0.7717677372722628,true,2
1046,0.722728651417001,0.71,0.7016687096122696,0.7113570059572245,0.7641732801633128,true,5
1047,0.5382387156335957,0.53,0.5261956164166214,0.5510935468447,0.5631622113567674,true,4
1048,0.47386819984203415,0.19,0.30218050403603397,0.31846354340450594,0.5308719413745722,true,3
1049,0.3158359354105432,0.15,0.22825165818190224,0.19819251420613393,0.2552258137391869,true,3
1050,0.527857239540907,0.36,0.48620373395901983,0.5021262837218711,0.6024421604159447,true,2
1051,0.2721848618573165,0.44,0.5598743524622042,0.44098979440889585,0.4219268161232066,true,1
1052,0.29209664734496693,0.42,0.4098731907088287,0.345231916139576,0.3911783190287761,true,2
1055,0.43816851809445584,0.22,0.3665284151015544,0.39782300336650134,0.3913585335833849,true,5
1056,0.39868199944587296,0.29,0.4772843209638797,0.40680358899861957,0.4566144179219961,true,2
1057,0.37439414905237206,0.42,0.21491004932813326,0.3847240127302888,0.2819858142381767,true,4
1058,0.4569837262432567,0.5,0.717428162129121,0.5058886095967153,0.6174620600670023,true,5
1060,0.3236205754589755,0.08,0.16781465151151914,0.0785689544373755,0.3013368506957635,true,4
1061,0.7683779344559537,0.55,0.46166020814405345,0.7511001127134636,0.7714319097399488,true,1
1062,0.4397601724046507,0.6,0.4806040903612127,0.5537460467507153,0.4528641385861252,true,3
1065,0.4753589830944074,0.3,0.3126667919623964,0.44623434070849305,0.47506180626970085,true,1
1066,0.26470800732425653,0.05375,0.12952616658809324,0.22105589131213318,0.2548784707778659,true,1
1067,0.3759147838110694,0.08,0.16036235147986966,0.27612461097884666,0.2827760088141939,true,2
1068,0.49068193038841407,0.28,0.616253513306367,0.43782089424892123,0.6092950862643479,true,4
1070,0.22226572123166938,0.08833333333333332,0.16478349325282599,0.20334301234838173,0.25728835125872473,true,2
1071,0.7207124671641499,0.45,0.4746403827157385,0.5598287297671128,0.67346165048375,true,3
1072,0.5815491773050209,0.49,0.7085170839004508,0.6215199538704426,0.6668706795401782,true,3
1073,0.9125230126744426,0.92,0.8885463160106274,0.9313499997461192,0.7874915053960828,true,4
1074,0.34578316590863084,0.17,0.20650112959833858,0.2788163142290136,0.3148848118187401,true,1
1078,0.38250153939748655,0.3,0.3682476542258634,0.34432932832131763,0.47246511719852324,true,4
1079,0.40580518819105305,0.6,0.5271885800047613,0.6209989627010178,0.4873560147350081,true,3
1080,0.4925128347210437,0.44,0.40827975392831856,0.4594460982158013,0.46352961744926635,true,5
1083,0.49250573122003916,0.58,0.6348117052870907,0.49507094978346466,0.4293182161079715,true,4
1084,0.5299886077216667,0.55,0.454823782874456,0.5548145908134553,0.5152942148555548,true,2
1085,0.3926102583962216,0.27,0.3332812837814432,0.3449203086510908,0.4535073536105367,true,3
1087,0.5212696142203604,0.23,0.23555436829576104,0.34271219954764226,0.4107965050107825,true,3
1088,0.586242482870445,0.47,0.6406675343690442,0.6265091025342638,0.6632600589148085,true,5
1089,0.6523910578181822,0.36,0.3569935462251909,0.6178821334062626,0.6568485918107518,true,2
1090,0.36191019645613187,0.26,0.30559148904740685,0.2730693880413099,0.3101323221113269,true,1
1091,0.4347258739431637,0.23,0.24118362380214795,0.40263406984414735,0.40110199938528046,true,1
1092,0.5549683421163597,0.17,0.1546906460658556,0.37785898619693625,0.4008215498459078,true,5
1093,0.36395536229698955,0.1,0.32937099275118925,0.2738572033240819,0.34841310637537243,true,3
1094,0.4112932225698376,0.15,0.08663153279782342,0.2578773677063916,0.30943899455397583,true,5
1096,0.6660868666543026,0.64,0.7693867681280184,0.7149200741892667,0.6418588657143252,true,1
1097,0.612251453421916,0.39,0.6091256854761139,0.679668430839216,0.7239089633461238,true,2
1098,0.5457562058846229,0.28,0.46792231369639586,0.44434125835093125,0.5555054856286996,true,5
1100,0.7184542812670073,0.51,0.36069886625630826,0.6644546908070363,0.6595277061186029,true,5
1101,0.3732871318339109,0.16,0.2588331735388586,0.26833407221339756,0.2797809945560857,true,5
1102,0.5157648167238769,0.2,0.1610831052582339,0.374100446576527,0.4277323239623521,true,1
1103,0.9120573111938187,0.54,0.47054669663097565,0.6203757928487137,0.7382564589246461,true,1
1104,0.7772254661238633,0.64,0.8576385082646513,0.6772732652972104,0.6890565166964296,true,5
1106,0.7646462946813051,0.56,0.768034466336431,0.6654364683718825,0.7098454396246558,true,3
1109,0.9464369304290451,0.27,0.3640216209621333,0.49147178381346074,0.7672821450789948,true,1
1110,0.36776626541903235,0.4,0.37371005495729254,0.43665791718585223,0.4626725960089346,true,3
1111,0.5426149750499695,0.32,0.26609109163874284,0.5068132758322811,0.4292926978308125,true,1
1112,0.9400318658975982,0.59,0.49907308409389894,0.6537765634118727,0.8324370456615026,true,3
1113,0.3015803554443851,0.25,0.47554293341592535,0.29323974699767025,0.3822181912471254,true,5
1114,0.7984152451206915,0.84,0.7532146059086304,0.8481362378734667,0.7756358867638988,true,4
1115,0.6901950276262685,0.53,0.8001173630036779,0.6164432873847323,0.6493504682324783,true,2
1116,0.6622870860630049,0.63,0.5702059751610625,0.6280363002271753,0.6108050637507862,true,1
1118,0.865143042115283,0.61,0.6754425163167411,0.6632502135891784,0.7616372317710903,true,3
1120,0.38855988920907597,0.23,0.2638349330554332,0.39633156757894356,0.38440417794975773,true,1
1121,0.586858221964894,0.31,0.3667130712170477,0.5563283472096895,0.6118396962343617,true,1
1122,0.6893707341180614,0.58,0.5376528793320741,0.6247336169008133,0.7041844737200461,true,3
1123,0.8451512671133474,0.42,0.580391712197419,0.6404655364596207,0.7643663954670511,true,3
1124,0.3546087704238583,0.25,0.37307058263384735,0.3522932821814977,0.3880701229162424,true,5
1125,0.6390429147118639,0.55,0.24070008132145018,0.627163032010081,0.5788717936287363,true,3
1126,0.8795885657089997,0.72,0.8893969476702673,0.7936418726438025,0.7981714202659389,true,2
1127,0.34751000450794495,0.12,0.4943344660886046,0.28195933659614913,0.4616728330927418,true,3
1128,0.5232333257422204,0.36,0.525753969379967,0.5691465251223151,0.5723678642902216,true,5
1129,0.5162741758880828,0.44,0.47409161624561824,0.6204076423179798,0.6215146322618158,true,2
1131,0.4750398796041595,0.33,0.46743135989453277,0.5078437010569502,0.5643700233808203,true,2
1132,0.5801348613929114,0.6,0.6123588976595004,0.664300866205389,0.6359001728810519,true,2
1134,0.6750113720860944,0.4,0.4158560692574306,0.5259748704439096,0.6724608082201172,true,3
1135,0.653573497392782,0.81,0.8143581533298883,0.7365135765290631,0.7733738581659028,true,4
1136,0.6503668215084397,0.4,0.7442038689491417,0.573790947249569,0.6804061383301664,true,3
1139,0.27817441025279993,0.18,0.103469962324299,0.26800039285695465,0.305504100805699,true,5
1141,0.39579921253349165,0.14,0.21653145712438124,0.23597867659234706,0.39978966454762027,true,3
1143,0.38633643926396577,0.53,0.4214578449986456,0.47250048623695823,0.3928425930089384,true,4
1144,0.3899303515241517,0.14,0.19436004379631583,0.2687385588804483,0.30349393496334715,true,1
1145,0.4116481777813285,0.42,0.3233424731179975,0.4222641709369585,0.44241708812643266,true,1
1146,0.41806635628067107,0.3,0.34737179150799974,0.4178029536734374,0.4474379034541352,true,5
1148,0.5653166928189618,0.91,0.7538903476105637,0.8232667651872538,0.6348074298854559,true,4
1149,0.5112832494633872,0.32,0.6399813684098113,0.45844389801581414,0.6260658714491336,true,4
1151,0.464105413530942,0.4,0.5234890868254867,0.39528677921646876,0.46980730489676054,true,4
1152,0.35570245876808787,0.23,0.3349062827957282,0.24605020270477823,0.36189917377132214,true,3
1154,0.7229904882035862,0.73,0.7897395595103945,0.7043974506022757,0.7231410992546129,true,3
1155,0.7145783085359463,0.59,0.7396249301521507,0.6844791088044468,0.7614403497689006,true,3
1156,0.5821010436235943,0.84,0.5472631990855318,0.5424882511050894,0.4930689007396505,true,2
1157,0.5926601861576368,0.73,0.590539182541097,0.5388888576015993,0.6109599811565667,true,5
1158,0.6746691132817776,0.73,0.8234052372086117,0.7787677121526747,0.7964193988901079,true,2
1159,0.6365460758594215,0.4,0.50469563165199,0.538659572344306,0.5453846636245926,true,2
1160,0.6417975374487126,0.66,0.5383452122613436,0.6297949194849547,0.6168629572437829,true,4
1161,0.8001734513896253,0.64,0.14502369787414213,0.6566948997725699,0.7473200538824271,true,4
1162,0.4479039653341437,0.21,0.3350643988571409,0.27203581641032415,0.37301442689521663,true,3
1163,0.22272706604078044,0.0,0.058711572073386425,0.04523857315976055,0.22987949018666287,true,3
1164,0.5593031890633005,0.53,0.6827755208816623,0.6222300045563235,0.6151594792427588,true,4
1165,0.5897930667587009,0.61,0.758394637090254,0.5540283871616609,0.6048152053301588,true,5
1166,0.5473716564725412,0.55,0.5199625748148431,0.5709715999419356,0.6202728789970158,true,2
1167,0.4946881505428709,0.12,0.17922937436665778,0.4218916267851905,0.41781524905841205,true,2
1168,0.46195582044036043,0.52,0.470696068045485,0.5433996877071521,0.5172104106323193,true,3
1169,0.44867194564172536,0.15,0.36651171033347635,0.3690640845499011,0.38556769626532184,true,2
1170,0.44102367736550296,0.17,0.36926126371724394,0.3258750817166851,0.39349060599726676,true,3
1171,0.40402381273244875,0.22,0.3237925415067122,0.4002003584203397,0.4580688753431566,true,5
1173,0.43485337184615763,0.36,0.24088415914496442,0.4503614605202968,0.41390363795844626,true,3
1174,0.3322584749758353,0.07,0.1274860791806788,0.26169465411225284,0.25972383918231123,true,1
1175,0.43071229289207497,0.14,0.3630099526373949,0.14178987462803422,0.42760248683681523,true,4
1176,0.47728896343065336,0.22,0.30409183944026213,0.37281396156210705,0.4374262001109885,true,1
1177,0.8988397683167049,0.61,0.7469775000137837,0.7281175644009654,0.786873071097899,true,5
1179,0.4648237994042553,0.31,0.48722290044808697,0.38776131467209746,0.45901582032356175,true,2
1180,0.47988767377822833,0.24,0.3066547132854573,0.4030515832605206,0.4887847343718897,true,4
1181,0.9509562408249462,0.78,0.7657515110118894,0.7918664628903344,0.7378307064075889,true,3
1182,0.9993303896750726,0.3,0.19901831364494252,0.5292809940155528,0.7122614455367978,true,3
1184,0.44753008891031987,0.31,0.4152972070098235,0.374043799718731,0.49715397328695615,true,4
1185,0.848540553367037,0.6,0.8672357426717823,0.5832325569866792,0.8018924010785629,true,2
1186,0.35788951536042474,0.21,0.31500690465088216,0.257194604959311,0.23819053057015127,true,4
1188,0.5603761476285665,0.38,0.542366880199241,0.441854401647096,0.6278704918359492,true,4
1189,0.46376641566482746,0.31,0.5305019062013568,0.41207045414333615,0.6158312601652494,true,4
1190,0.3841524205137605,0.74,0.4289932597473098,0.5347372799289161,0.4092651770317615,true,3
1192,0.34782882004455995,0.24,0.35307497645871133,0.2765431681074306,0.35156387001872474,true,4
1193,0.5088452772668929,0.19,0.17464328873669072,0.33188088756494843,0.3916446123068526,true,1
1194,0.4100171847561502,0.21,0.32315545960309805,0.234335648760438,0.3282988300405291,true,3
1195,0.6357097510309858,0.69,0.8119001660273022,0.7858840993298211,0.7725906567638517,true,3
1196,0.4252490808580315,0.42,0.4292752229121176,0.5905607204125266,0.45311583851632875,true,3
1197,0.3266790181830502,0.06,0.10180004154403124,0.27965051874939556,0.27888221336063534,true,1
1198,0.46201002487597237,0.27,0.6129773596297665,0.517796424244683,0.5672958035261609,true,5
1199,0.41819907551882163,0.24,0.4844341697214834,0.3431862294426735,0.47077985637432346,true,3
1200,0.34629283087910245,0.08,0.14668863096089627,0.2375783860454489,0.30949985753097514,true,1
1201,0.7353982176340644,0.74,0.875243869714766,0.7321353545081193,0.7666335439777053,true,2
1202,0.6467078532860395,0.66,0.776883034187352,0.715448317202297,0.6919854986001078,true,3
1204,0.3438576680311222,0.04,0.13437156211907467,0.21134090785501164,0.2933368685843793,true,1
1205,0.9297416864797025,0.84,0.7938059799243703,0.7823583704412355,0.8083443510761954,true,2
1207,0.7158687841902043,0.81,0.7399014978629681,0.7884468917992915,0.797367822431032,true,4
1208,0.5494975048907511,0.55,0.610924804452581,0.6358966466495986,0.6308327825686332,true,5
1210,0.5770854372975072,0.39,0.6240145805151897,0.539263355744261,0.5427667974112753,true,1
1212,0.44764294446472064,0.48,0.4012363910382921,0.5344999751403258,0.5452513313521811,true,5
1214,0.7164751270025147,0.65,0.4924952873059568,0.6953181582664343,0.6824353651947044,true,2
1215,0.788425535116493,0.61,0.4286101223751965,0.7588072961184299,0.75943108909994,true,2
1216,0.3617924239323835,0.16,0.3883523255097859,0.34178669468214923,0.337636115306826,true,2
1217,0.9214108543894577,0.47,0.5874828567515991,0.6456618266380072,0.7795590142639435,true,4
1218,0.42364264738031304,0.16,0.31911891244633056,0.33690689856093703,0.37089187684368713,true,1
1219,0.35975995429989993,0.255,0.35102516411244555,0.34211196265673505,0.304365362924014,true,5
1222,0.6246268451695066,0.28,0.13980263077352503,0.41709737651614914,0.7639267147726767,true,4
1223,0.39651684719219493,0.26,0.45158794543830805,0.3421956247623505,0.47701000689310213,true,3
1224,0.7056672690842456,0.69,0.7078732479905632,0.7252788592118844,0.7279433064269473,true,3
1225,0.5226773650406907,0.2,0.2744049076347791,0.2144603733411869,0.40157629294639546,true,4
1226,0.5934320220620806,0.51,0.4515960063372818,0.6919086945814082,0.715049753621928,true,2
1228,0.3596581484190745,0.11,0.1286536803052934,0.12799545053757144,0.22444914382844544,true,3
1229,0.6950754883744036,0.57,0.5317083778037426,0.627844022557253,0.7093942981661425,true,3
1230,0.6374696646925586,0.49,0.6490603200881171,0.6303011658438644,0.681385970515628,true,2
1231,0.40660255731319017,0.22,0.22283460325488827,0.2371796046425253,0.3726940515965185,true,3
1232,0.337179060707895,0.2,0.18588407694926776,0.2187585125628314,0.2451603287100828,true,3
1233,0.4057766053564355,0.21,0.35917507879213734,0.2300058533592237,0.3927621795838927,true,4
1234,0.33407731069811836,0.13,0.0761959132873095,0.1877490599249981,0.21476697350681928,true,2
1235,0.5375631672543854,0.39,0.6051716927434356,0.5068253150812881,0.537920477735158,true,4
1236,0.4588735120025879,0.16,0.32938560529135047,0.2402634259433554,0.47409634673146633,true,4
1237,0.582869011002945,0.52,0.6597002316399134,0.5591232910717471,0.5897301426125678,true,2
1238,0.5193350204598507,0.46,0.6195417249309736,0.6670937586676327,0.6356145274088733,true,1
1239,0.44278537698484893,0.16,0.3149342726643528,0.38910418823048265,0.5221815758745508,true,1
1240,0.5132843386208699,0.35,0.5483970989842067,0.4578754814039668,0.5056473544660379,true,5
1241,0.5505130425451765,0.77,0.7748613213393233,0.552788947757969,0.5838621376904926,true,5
1242,0.553321953695748,0.74,0.6726055876922531,0.5688860043775603,0.5937703840295171,true,2
1243,0.6396589748720047,0.33,0.5624030201878291,0.5772701121159084,0.6399344058056637,true,2
1244,0.4474140877044286,0.23,0.4394342744649636,0.43065133143113726,0.4278540843278134,true,2
1245,0.47110304100523137,0.38,0.4826692891090952,0.485513138545835,0.5581374132125367,true,4
1246,0.48116269984549553,0.25,0.340581945250386,0.34891183196105724,0.48055458421394837,true,3
1247,0.5180179568290819,0.39,0.3944245410332962,0.5387415558026751,0.5208766930569069,true,1
1252,0.39838160643785947,0.16,0.28924027878131997,0.21838046205820433,0.3451760465493844,true,3
1253,0.5014628134047218,0.2316666666666667,0.43806235230299784,0.2862541175088876,0.4579264964562123,true,4
1254,0.493863155973768,0.45,0.3145281494427805,0.47150137722410157,0.5400244028170401,true,2
1256,0.38379663944724535,0.06,0.1696331650303438,0.11878665744239625,0.2377232442883684,true,3
1257,0.3019480213810281,0.06,0.11387922384229941,0.18063548759042095,0.23423934250958095,true,1
1258,0.45909250800217355,0.17,0.2742441395592998,0.35258541851244396,0.3462112824981178,true,1
1259,0.29209647320483356,0.2,0.22385551610190746,0.3029112135391066,0.25062539159647707,true,3
1260,0.43393736002806144,0.18,0.3407737866398315,0.33195391938264085,0.37807963383187126,true,1
1261,0.5490672507094755,0.4285714285714286,0.3415577347867747,0.47424846721335234,0.4834079054622245,true,4
1265,0.369075575371536,0.13,0.1307852347516902,0.2987961824530313,0.3416519109960021,true,2
1266,0.4780975253317615,0.29,0.5672348970432662,0.4673157671880284,0.4744093808610297,true,5
1268,0.454667245012656,0.1,0.1837339730067011,0.14499900314683598,0.32170792729762987,true,4
1269,0.6345470901898963,0.65,0.8563812243678834,0.7396761621832897,0.6960216777043327,true,4
1270,0.40166060281087723,0.23,0.39550222881663843,0.38615944384243533,0.45758842806574457,true,5
1271,0.2992526705685233,0.18,0.28862276070471854,0.30229611212541796,0.32227135518086375,true,1
1272,0.5479751082311001,0.24,0.29620776947055566,0.340363372669642,0.5101555925574209,true,4
1275,0.4948933295421598,0.46,0.3982334420186112,0.43353337356099536,0.48268771458559784,true,5
1276,0.5290275553798064,0.37,0.5410468202392857,0.5280625188170993,0.5672485309720606,true,1
1277,0.5647857249204703,0.31,0.2760968923100981,0.5410819095295428,0.5605017585737468,true,5
1278,0.40593732698765406,0.13,0.1465141487549296,0.24139270595207227,0.3134058534162292,true,1
1279,0.5976257469894884,0.46,0.6143417237296541,0.5711224371408624,0.5790954056534833,true,1
1280,0.7272018988701852,0.8,0.7537940039154362,0.764846343870278,0.734808492581209,true,4
1281,0.5821000389801235,0.44875,0.4264560172264951,0.525943697095446,0.5826732321829717,true,3
1282,0.46411834084849396,0.5195833333333334,0.6032151889289994,0.5875823699626928,0.6149207255624943,true,4
1283,0.423933472047987,0.4,0.5147265442127171,0.46399808853042623,0.5245811918045853,true,3
1284,0.37843534055607736,0.11,0.28008104838613634,0.1376407371223548,0.3373444204114892,true,4
1285,0.5539760549509832,0.23,0.4579402618361355,0.3778392548914222,0.5073379121107713,true,4
1286,0.42326688431579396,0.48,0.5593938619962882,0.5136746411125049,0.49458506839010397,true,5
1287,0.7119413828699491,0.44,0.5228088403788483,0.6384670669683069,0.7598194438010023,true,5
1290,0.6033003257392161,0.51,0.413966027906712,0.44101643793613526,0.38908545033831776,true,1
1291,0.38831872637480946,0.15,0.17463287784183543,0.15740092260561994,0.30408900995774896,true,4
1292,0.5846144870213299,0.56,0.6338353399816526,0.6323795176133563,0.6252979774040082,true,1
1293,0.628573172377168,0.53,0.7371891352740354,0.6200045395309555,0.6969458682258366,true,2
1294,0.3916246785131843,0.19,0.13736118763916708,0.23935172715123407,0.24194013882993937,true,5
1295,0.3719776341309099,0.13799999999999998,0.23441188451098777,0.29072960297458467,0.31633034782499864,true,5
1297,0.6855600876399724,0.53,0.41021141736453753,0.5022310667502153,0.5567214421013765,true,2
1298,0.4950829419437471,0.38,0.4172622016742352,0.49899511758158516,0.5081147480111359,true,2
1299,0.4462452927760347,0.28,0.5603655108850442,0.36140043957866314,0.4588581934752866,true,4
1300,0.7902600794755968,0.45,0.7997749448649469,0.6404923479046871,0.7394410715495959,true,1
1301,0.3752461656796111,0.12,0.20289710312224435,0.20434072671170533,0.3397987791444165,true,4
1302,0.8235177431613242,0.32,0.7351286948520631,0.6631055160691497,0.7321440865026604,true,5
1304,0.7143021306034913,0.68,0.7559071269478257,0.7440978779203062,0.7095840094314897,true,4
1305,0.5204070272412594,0.34,0.3376557431020379,0.5184364651835432,0.48634548718715814,true,5
1306,0.5670322204428756,0.44,0.3699572734384959,0.45956562101841425,0.4759647546541534,true,5
1307,0.6749739407049715,0.55,0.7165365836627046,0.619969951739157,0.6592111633962916,true,4
1308,0.5422755195000405,0.42,0.5186938008938267,0.6049916218325283,0.6108027325273025,true,1
1309,0.9253121599271099,0.57,0.8474552085556558,0.657993509872767,0.7653879743228834,true,3
1310,0.8937881730265314,0.66,0.8188896096999376,0.7808751484228668,0.7342592653821628,true,4
1312,0.6368407082117107,0.54,0.5814476353109977,0.6594862826650592,0.6895253748805543,true,2
1313,0.4575319465364677,0.36,0.47322468253043976,0.3684492066683407,0.4557763478862582,true,2
1314,0.3042790182510246,0.06,0.0898452350740295,0.13478844319688477,0.27150293991873015,true,4
1315,0.35660618929978677,0.3,0.26440622700078364,0.3477948027119082,0.29826766224765966,true,4
1316,0.31728030538629554,0.29,0.46034572587962047,0.32055878989621106,0.35090552477340464,true,5
1317,0.48695538325646004,0.55,0.5980644289978777,0.5847797236970027,0.5690823398832727,true,3
1318,0.4112335186880447,0.1,0.16586908134830972,0.2599943164813946,0.3751319501239244,true,1
1319,0.47017828138756496,0.61,0.6650355727845584,0.7404828002919364,0.6194282484622783,true,4
1320,0.6678553149163846,0.88,0.7778250660059097,0.7446244782960707,0.7357028125935375,true,1
1321,0.48788447800121115,0.67,0.6245750449626156,0.6192976925278041,0.6243828901245109,true,2
1323,0.4745086833654666,0.15,0.17469495440108163,0.26978251098030914,0.443376079350768,true,3
1324,0.29223005382923467,0.18,0.05348176184516265,0.23344203068332853,0.2622782184581814,true,5
1326,0.5331540323326107,0.43,0.4417683915631798,0.4960038579364952,0.6088972049661051,true,4
1327,0.46446787249698823,0.56,0.9222130790190028,0.7189530721185782,0.828756031637867,true,5
1328,0.6030031657212214,0.4,0.5648141437621397,0.42259730109072224,0.5217065479341821,true,4
1331,0.7207341534386603,0.39,0.7018641920820763,0.6261609189932108,0.7057681086539517,true,5
1332,0.5588693139622607,0.55,0.7526352811235116,0.6383404076758888,0.6425407238948203,true,2
1337,0.6067866968262213,0.37,0.676543828404175,0.6212962908821248,0.6468046729149604,true,4
1338,0.475371436541776,0.14,0.406661170665918,0.38846566188418763,0.47279321180330935,true,1
1339,0.5571429607094791,0.49,0.532559862219339,0.5176544841354936,0.5961882968494241,true,2
1342,0.6270414531043756,0.82,0.649893595138749,0.6658907866433214,0.629292867884001,true,3
1344,0.6858318902407782,0.45,0.48565549179137435,0.5641002408037896,0.6254381341521547,true,5
1345,0.7181321381577015,0.48,0.5105173181025475,0.5758697498507074,0.5917137776669035,true,3
1346,0.4927254872593471,0.53,0.8047976907262,0.6491329063019474,0.6135058451503003,true,3
1347,0.40805210405694153,0.12,0.19280639912385805,0.34229311691635145,0.3221738821515319,true,2
1348,0.47851779118592586,0.3,0.5077114021485589,0.4460106221970005,0.5224357406501612,true,2
1349,0.5405546331583725,0.42,0.3922328530876561,0.462352357040513,0.510235644495267,true,5
1350,0.5553731896199282,0.36,0.45569152264952734,0.5136620097802136,0.6171168310566755,true,2
1351,0.47879888266357246,0.28,0.5357178190855613,0.389008275126819,0.5098859770871474,true,4
1352,0.40981034364541497,0.16,0.09047346826149803,0.2750169307053374,0.29855637483948194,true,5
1353,0.3574442775463092,0.37,0.4500721791730416,0.382273114174971,0.39069422372058654,true,5
1354,0.8143254477368006,0.7,0.7100246023927487,0.8208588107378274,0.7760161712413701,true,1
1355,0.39796978358742563,0.41,0.5689142737296807,0.3852271093673307,0.39740313834684793,true,3
1356,0.4411367796710994,0.17,0.38735993813866587,0.32892053221116674,0.5055144321062062,true,4
1357,0.6764386154387825,0.63,0.5927235768297324,0.5729639284052745,0.6822617340053168,true,4
1358,0.3307563386535632,0.21,0.12599363918598283,0.2267522845779055,0.22768212829262952,true,4
1359,0.6318413674436882,0.27,0.23427038681533024,0.4148717461019337,0.5265418621208141,true,3
1360,0.617223998243377,0.42,0.5136778135548873,0.5232801836235079,0.6211509719514078,true,2
1361,0.42123248534217084,0.28,0.3983257759366095,0.36634367002311974,0.427134969180357,true,2
1362,0.3609891589535087,0.0,0.2757806896585865,0.24992003756985798,0.3061856716161459,true,1
1364,0.3397180315949858,0.31,0.33367747040591755,0.3372374281373793,0.304365362924014,true,5
1365,0.43726300983370414,0.4,0.45939532151059664,0.4266156929520881,0.44211204375664526,true,5
1366,0.9080003901280536,0.68,0.8872349588103741,0.75356524745769,0.7918072292204941,true,5
1367,0.44205415543759086,0.45,0.4005290040881186,0.5031452070375445,0.5580555011135403,true,4
1368,0.8701141488963261,0.99,0.9254756586204455,0.9199235795609088,0.826586996669443,true,1
1369,0.8609268738237281,0.99,0.9065116677795689,0.9159957250353711,0.8193096360784768,true,1
1370,0.8731654858665618,1.0,0.9055209844500152,0.9072953501852816,0.8067168458608935,true,3
1372,0.5421115550728656,0.6,0.6377724756403561,0.6729998156620641,0.6491420289896531,true,4
1375,0.512432931585502,0.78,0.53048170786192,0.6160383797496967,0.5863897938507797,true,1
1376,0.842945608552411,0.57,0.7235307119914832,0.6760988228893277,0.7328673075831533,true,2
1377,0.7767655948593776,0.21,0.15144220227058627,0.42349091975835434,0.5925516336035522,true,3
1378,0.4413734269194254,0.17666666666666664,0.38755442065668877,0.4107051572010594,0.40782892614679955,true,2
1379,0.5534521388356067,0.13,0.6195030215737328,0.48679405653195146,0.6280725005449409,true,3
1380,0.32485438818769324,0.33,0.42993654843285567,0.513965625698653,0.37262924196055125,true,4
1381,0.8062568427040353,0.61,0.7120691670374978,0.7318815095306005,0.7282438956456565,true,5
1382,0.43278176954571823,0.26,0.10699710385939495,0.3395421803885065,0.3952575400398432,true,4
1383,0.6441376185068696,0.55,0.3764343859178918,0.4813886377191268,0.6138589759474504,true,2
1386,0.5580462623238756,0.16,0.2249642158526763,0.35604625998320755,0.4610777153410056,true,1
1387,0.2983150219460107,0.21,0.1567609836482963,0.25672326281056157,0.23468924147502937,true,5
1388,0.4240688386723973,0.25,0.3976864203705692,0.3358093570093576,0.31072671229713106,true,5
1389,0.3558868173199391,0.33,0.1610379325090343,0.30057602627663504,0.40138389683978126,true,5
1390,0.3242582655415124,0.12,0.10050261656952054,0.19340779719335974,0.20792185059034896,true,3
1391,0.37394449136530905,0.05,0.06857380129213658,0.21969090052623716,0.30176301667454763,true,2
1392,0.7319604653478019,0.54,0.5311677958148249,0.6069485702140921,0.6829251213397668,true,4
1393,0.7015495152399445,0.57,0.7124268477875163,0.6806179700201713,0.7162918889472245,true,3
1394,0.623725602823451,0.61,0.7213915069710891,0.623667185989503,0.6509629876866948,true,1
1395,0.3604715199238046,0.075,0.23441188451098777,0.29677758440076213,0.3108550342628409,true,5
1396,0.3929976895577161,0.12,0.1945909359303435,0.32829904735018833,0.3413548205584573,true,5
1397,0.5411443862982237,0.37,0.6012110118212178,0.44325883615257544,0.4991571454722481,true,5
1399,0.22983435119817924,0.01,0.14362593415945324,0.21824001767925919,0.2879805240600137,true,4
1403,0.3960970837748629,0.3,0.47719294014097463,0.4525126728335852,0.39557653987459995,true,4
1404,0.5208839513820955,0.5,0.6332223102478758,0.6064589161062627,0.6133496631446126,true,2
1405,0.6181157698380424,0.62,0.5835098231827912,0.5621429847427218,0.6172637344184114,true,2
1406,0.3244801962998227,0.13,0.3361622877934835,0.24728658598874087,0.30215895932307574,true,5
1408,0.6186582062811968,0.55,0.8024596680780772,0.6222068433820637,0.7859975074157608,true,4
1409,0.516974672656775,0.29,0.33044815843095615,0.4172494655684671,0.4463840360872874,true,1
1410,0.8984679871019036,0.43,0.6937995179505178,0.5925369877504576,0.7408577091111802,true,5
1411,0.9999434698751887,0.69,0.9705132839080489,0.8453608921044126,0.819139292189985,true,5
1414,0.6909467188788709,0.74,0.8082793461371288,0.7667518652120038,0.7592327258259945,true,5
1415,0.5354264787544079,0.3,0.3207871306587083,0.5307866287218308,0.508739907642521,true,2
1416,0.4690269643291453,0.26,0.5399286790470316,0.3556597239691278,0.5147651778437311,true,4
1417,0.560718105053905,0.76,0.6127776773242175,0.5835443224256661,0.5958928478011536,true,2
1418,0.70611384679452,0.65,0.8520205158233728,0.6838753003584493,0.7741806837187097,true,2
1419,0.37992281589460253,0.5,0.4896306258167455,0.39016970306723187,0.40401951757089904,true,2
1420,0.3934326733485444,0.34,0.25870161480749454,0.46077657978897896,0.5145581211025085,true,4
1421,0.3695777539636457,0.06,0.19510486477999892,0.11913194675694676,0.23814931653165164,true,4
1422,0.2940278127392584,0.45,0.2253872399843342,0.24084602292381763,0.2496221324674872,true,2
1423,0.6890000575450326,0.51,0.5536627403119676,0.6560465480013383,0.6911005125596027,true,1
1424,0.5372055131013549,0.48,0.7372089861305577,0.6148306840196716,0.6330759353609248,true,1
1426,0.7907131563580202,0.45,0.43000803782342817,0.5882299990601073,0.6903356424850874,true,4
1427,0.53956960455657,0.2,0.3701942499728314,0.3736150134442282,0.4202608945860512,true,1
1429,0.6098963224728441,0.38,0.6852452872432755,0.49591666794510203,0.5921964260980861,true,5
1430,0.5364524055817442,0.32,0.2721514843891245,0.4677648823614004,0.4253245456664484,true,2
1431,0.42499777897162944,0.27,0.36411553216140075,0.46272832290277477,0.49576941049961637,true,2
1432,0.6659266491790656,0.56,0.537355043126473,0.6505986573123156,0.7056924070576681,true,5
1433,0.45474780769394174,0.31,0.3185737610808179,0.4410242947274226,0.4922812511106885,true,2
1434,0.45900154944434024,0.29,0.4312094300958966,0.3875789504700796,0.5033499890291846,true,4
1435,0.5268981409652,0.11,0.39934913035807945,0.30269552358116586,0.5238425361418385,true,4
1436,0.35079747508518566,0.51,0.3574333746559777,0.48012548749659245,0.2978895745787316,true,3
1438,0.4377258384519859,0.57,0.7380840251766118,0.468391741954753,0.6145439130658533,true,5
1439,0.4764380243732235,0.43,0.57388936297333,0.49917716334418555,0.4558060817506189,true,2
1440,0.9593795341145465,0.75,0.96546381229168,0.856388078154145,0.8492884377269052,true,4
1441,0.27234050402241655,0.2,0.2073351147700939,0.2717514504635479,0.3152187711315551,true,5
1442,0.39504222261780025,0.93,0.6763733108189734,0.514753167860572,0.5472835027528997,true,2
1443,0.3591578530356807,0.0,0.2613399301348451,0.23708676496737172,0.3015883087160819,true,5
1444,0.4054495653243317,0.42,0.4884003874899343,0.43355076935729286,0.49595353163801964,true,4
1445,0.7300166403778876,0.61,0.9112068072419558,0.6460208589266547,0.7350558427177224,true,4
1446,0.714888857828268,0.44,0.38769725427612056,0.6607149030034644,0.7045058584522321,true,1
1447,0.36732055325110036,0.12,0.5524857304407497,0.428350647232018,0.5116279118401751,true,5
1452,0.429591365045695,0.69,0.4522890510944755,0.5047719604523223,0.5338590693784606,true,2
1456,0.4937654759857674,0.62,0.6886605310683862,0.6377134124737506,0.6086866660229211,true,1
1457,0.3701462149200775,0.78,0.7406525778373467,0.6024448754261655,0.5134203021187913,true,1
1459,0.4764912380666577,0.5,0.4765062664061302,0.43852259657201037,0.44019098984641025,true,1
1460,0.4418194674427288,0.36,0.5419582934445433,0.44402893895253215,0.48374091004067343,true,1
1461,0.4216727901103049,0.28,0.6348763604782919,0.4546851971055007,0.5111574959248348,true,2
1462,0.37300450460208473,0.72,0.7033570257946539,0.6092661969018708,0.5134203021187913,true,1
1463,0.6324612501766053,0.45,0.7145147767069322,0.5991196542065418,0.6617142218163324,true,3
1464,0.4986325059377694,0.82,0.7270353506273204,0.7484543252229703,0.5323106548962123,true,3
1465,0.48749066939007635,0.22,0.5605374506025423,0.48475344267919873,0.5351912326803219,true,2
1466,0.40613688503792233,0.16,0.38113185786145776,0.38586855073362564,0.3811127970521314,true,5
1467,0.3923881134356057,0.73,0.7090043906458663,0.533176613582486,0.5295273996067648,true,5
1468,0.396907546278522,0.39,0.5496185968763274,0.5160771851412957,0.480618000870347,true,4
1469,0.3946108982417017,0.55,0.5517588751569449,0.5744369077382331,0.47031120127437764,true,3
1470,0.4928318976003318,0.84,0.7622430176604901,0.6022642074428651,0.5754587070828853,true,1
1472,0.3865648696114707,0.37,0.44245294624380366,0.4331976249455737,0.49821055714758755,true,4
1473,0.38481784782318296,0.26,0.4097491915238201,0.42376035501735954,0.49142335902765544,true,4
1474,0.3406194742734863,0.3,0.3844283644277853,0.2906656304783209,0.41061476771769984,true,3
1476,0.543734469308501,0.34,0.3880292063145956,0.5568210892100552,0.6371326856947839,true,5
1477,0.5178396047861723,0.49,0.5142119018274591,0.49915941764770677,0.589017465944728,true,4
1478,0.4997650842291946,0.47,0.35863651550458603,0.45723383080403535,0.5100567284927354,true,4
1479,0.35230369691162244,0.27,0.4054425148925533,0.32750366745722465,0.3990196601529361,true,2
1480,0.5519680395162728,0.39,0.5529270655476686,0.4789477217945506,0.5871837559698735,true,5
1481,0.4200871425100621,0.37,0.42374678090762735,0.4268522344163715,0.49426027443276627,true,4
1483,0.3773252628977816,0.47,0.3786283963820291,0.5372069348010349,0.4464675276011195,true,1
1485,0.3809623026477702,0.42,0.6055304527696153,0.6116265639331424,0.5257860122949799,true,4
1486,0.7862133117447674,0.77,0.7523590511777712,0.7727946976286326,0.7757050306649967,true,1
1487,0.38094670438936873,0.22,0.5206255619325233,0.48504526280897403,0.5165145625551294,true,4
1489,0.7543783656806332,0.3,0.03234662015426156,0.4774417092928614,0.36062076536260124,true,5
1490,0.5678071517061829,0.31,0.4103637720695625,0.5448017611280729,0.5620699799479427,true,2
1491,0.2793120916993548,0.05,0.13423678867183475,0.09624775632863868,0.20497979353669754,true,4
1492,0.7438506925239609,0.59,0.8366583945255321,0.7548812973710239,0.7750465819770405,true,1
1493,0.6669900145234647,0.66,0.7765289740564097,0.7376014153234262,0.7005117686234721,true,2
1494,0.3726643783792553,0.06,0.2688271932102878,0.175200170525696,0.23489622396879906,true,3
1495,0.27912152782983957,0.04,0.17386418611622906,0.20121602815473957,0.3143566895370314,true,4
1496,0.3852055924445992,0.44,0.3554191608739929,0.45199661957799653,0.4760362769288056,true,3
1497,0.37994022071706696,0.36,0.33198221161397773,0.30257802861408256,0.3056643868502109,true,3
1498,0.4309640422274353,0.42,0.614852086951751,0.4920999132830473,0.5050652754478434,true,3
1500,0.4358075226398795,0.36,0.4413689604783865,0.4124104932157027,0.4335966390546841,true,2
1502,0.3787140442829246,0.24,0.2836564732019975,0.3130448641582999,0.390324500401918,true,3
1504,0.45655067371318625,0.34,0.5138354559853983,0.44426129289097555,0.48775248978001934,true,4
1505,0.35783308408878045,0.22,0.21125281830451634,0.25594251229773746,0.28907207812394875,true,2
1506,0.37153098941003143,0.14,0.3203730769773167,0.3354144860504158,0.33791713997672645,true,2
1507,0.39935278191849344,0.28,0.2431912152617778,0.29739167420038076,0.41901134198458684,true,3
1509,0.5186643102156555,0.58,0.7099555481161112,0.6302604143915386,0.6514693214093953,true,5
1510,0.8890367310645897,0.51,0.7232800814733955,0.687000004090458,0.7620178969137074,true,1
1512,0.27207109866178325,0.15,0.16551204702844197,0.21625599528530987,0.21067879286289878,true,3
1513,0.405802063702903,0.38,0.4442144803636126,0.46118167493834633,0.37984819862769964,true,4
1515,0.7976973140726134,0.51,0.4840041372287447,0.6301492583786424,0.6598769818293824,true,1
1516,0.4240832449485604,0.19,0.5165293939366683,0.417253375365688,0.4721113671883962,true,2
1517,0.4057239260645998,0.16,0.3455007109700328,0.36592765039869724,0.3287285298473203,true,1
1518,0.7009227985205588,0.53,0.7188001896455369,0.6493896544994356,0.6961298954235239,true,5
1520,0.7778258768453562,0.64,0.607234219861293,0.7562523090388815,0.7534885001214713,true,2
1521,0.728176645843724,0.58,0.7924439733803921,0.7660400234853613,0.7375639525164185,true,1
1522,0.4973413747186398,0.4,0.3134377136881664,0.49882284598493354,0.5533617792710777,true,3
1523,0.38097382386054907,0.18,0.3305291340295888,0.251020972448604,0.4382515930155247,true,4
1524,0.4246737406425297,0.17,0.2878990459023164,0.20358947751688194,0.3224881217809542,true,4
1525,0.8301173779347348,0.87,0.8642810254943248,0.8780812185191678,0.7982837434659694,true,1
1526,0.5031083946284115,0.56,0.6368108922726918,0.5058344326066614,0.6291367593564158,true,4
1527,0.5085100618017889,0.56,0.6368108922726918,0.5092922248144537,0.6291367593564158,true,4
1528,0.4430634203886712,0.47,0.5072439410941487,0.5338410253837733,0.579837990146759,true,1
1529,0.4787207056167782,0.48,0.6413918707188115,0.4882579550496452,0.4934120012981587,true,5
1530,0.5008273258917161,0.38,0.41311447627819203,0.5184466410551157,0.580277916989693,true,2
1533,0.4344860717234051,0.33,0.3798285304544449,0.4178040791215962,0.3929443969900684,true,4
1534,0.43677863517498416,0.55,0.6118654947382421,0.5651335464580179,0.502439948526713,true,3
1535,0.34416782299064097,0.06,0.17355148889058647,0.2586010310345175,0.27754201300317927,true,5
1536,0.47762267762016747,0.46,0.4903692345679942,0.5229446858023774,0.46813013906566014,true,1
1537,0.531978046872977,0.4,0.5605574652333354,0.5685036155715821,0.5918728045376668,true,2
1538,0.4582136058134486,0.2,0.25592437846392985,0.2826855161506605,0.3099760820720845,true,1
1539,0.3332480173848444,0.28,0.24625062925414476,0.35586150297880137,0.33532215768184115,true,5
1540,0.5170757052628367,0.46,0.363288897593956,0.4681749942988079,0.547095389780158,true,3
1541,0.4959696065348279,0.34299999999999997,0.5775678186321775,0.48363271298059685,0.5677424765569274,true,2
1542,0.4648628131112288,0.3,0.47456710268763097,0.46899144676162813,0.4912750351215025,true,1
1543,0.7303070681584369,0.55,0.7662431092581852,0.745353230329953,0.7743465425973339,true,3
1544,0.5883357910439901,0.4,0.5035632821049815,0.5425089443246773,0.609268630702585,true,2
1545,0.6526872763330762,0.66,0.6301046039222452,0.6707044249536227,0.6782783894377687,true,5
1546,0.858930872498212,0.67,0.7392520174381126,0.7081084562367458,0.8016283069875038,true,4
1547,0.7062384991503446,0.57,0.5072313505046748,0.5743224124209789,0.6299883701908267,true,5
1548,0.805561729827351,0.67,0.7597470029571178,0.7073770409178883,0.7858918993084437,true,4
1549,0.7935481367016471,0.67,0.7016901826937629,0.7476872399983694,0.7734457675896103,true,5
1550,0.48761489885108317,0.35,0.52626713255166,0.42795492272175684,0.7483597728207564,true,4
1551,0.527190494455041,0.4,0.5230641968715619,0.6001168976186182,0.5907879142193434,true,5
1552,0.6327884199847164,0.49,0.8041490940913981,0.634453819231761,0.6388211192803523,true,1
1553,0.9645315132239366,0.93,0.9132105304391375,0.8795249050022856,0.8668047742971962,true,2
1554,0.6280656820243815,0.5,0.7506439718508444,0.7188245022279279,0.6748669116194796,true,1
1556,0.3653035455696475,0.3,0.29609480356701035,0.35011587766145835,0.3715894715683039,true,2
1557,0.559756530512391,0.95,0.6949083902075217,0.6876988763544208,0.6585542206983331,true,5
1558,0.5475204504894146,0.92,0.7071793045891139,0.8165638349109634,0.644815258725588,true,4
1559,0.48512950269861344,0.44,0.7581765405666331,0.5976766062868868,0.6336181123696262,true,5
1560,0.5985273638339677,0.58,0.6496571067866554,0.5268575192892642,0.597775930022744,true,2
1561,0.5099443593756811,0.26,0.7443143399521082,0.680896582359638,0.6202914496946076,true,4
1562,0.7063877867928873,0.37,0.3091367650758179,0.6143671466637318,0.6697446084779793,true,1
1564,0.8905189905184001,0.69,0.8070852696749994,0.7608198254285771,0.8017845419595026,true,2
1565,0.9983654819283379,0.65,0.8905238316273162,0.7575019249616698,0.8299852563209972,true,2
1566,0.595076632511163,0.65,0.532165505961914,0.7234155670857113,0.7272399324864292,true,1
1567,0.7168473007013684,0.63,0.5187045645445563,0.707488075753528,0.7345605771923428,true,3
1568,0.712721885952815,0.37,0.582605772442082,0.5876938345219184,0.6139702683078103,true,1
1569,0.5378981546834509,0.53,0.673150024647727,0.6464174103062961,0.6137592750436051,true,1
1570,0.4324356379585648,0.24,0.354814122441028,0.29172844993507246,0.5249121012638349,true,4
1571,0.6117974763897029,0.44,0.6505366311821842,0.6291128442880382,0.6603027630752998,true,3
1573,0.975957324708848,0.84,0.8748756118129394,0.8582410458001664,0.8181850900989359,true,4
1574,0.418119584507383,0.34,0.352145217773475,0.3679066239929459,0.31703697365079825,true,3
1576,0.34245524412238176,0.19,0.3992285267211671,0.3240790908437969,0.2804003366053352,true,4
1577,0.4901690715326203,0.57,0.5422627389422661,0.5963537343035596,0.5355890138083751,true,4
1578,0.8192100155997826,0.77,0.8156988527500505,0.8087902596452927,0.747321694707059,true,2
1579,0.747275199407858,0.81,0.8908018848732637,0.8745271041285752,0.8046732996793412,true,2
1580,0.5961687531587011,0.69,0.7723703515132401,0.534103815926563,0.6482840060064013,true,2
1581,0.4744713574450199,0.56,0.5064086792708339,0.6111205652015962,0.5732649354426659,true,4
1582,0.49900336366978737,0.18,0.5528524719940393,0.5525441764725989,0.6243828901245109,true,2
1583,0.962152138496954,0.9,0.9084523250198762,0.877097580479456,0.8275910750919961,true,5
1584,0.9083442961252376,0.66,0.8603637673335882,0.7523241085151136,0.8331166902529884,true,5
1585,0.508835404254618,0.32,0.49462879166313656,0.42509687039550736,0.4707392211393151,true,5
1587,0.4857082045110504,0.23,0.2280556306135369,0.3193071685290944,0.40305159923512296,true,5
1588,0.9327960965711352,0.69,0.9344104092040316,0.8229149140037458,0.8274394156855868,true,1
1589,0.45194977464343755,0.22,0.2312409672255272,0.4019145099581344,0.45110172816416283,true,2
1590,0.5023468590678739,0.55,0.5130446324202612,0.4780274251699775,0.5468116144840481,true,2
1591,0.9355814279894201,0.9,0.8787214453038755,0.8503088624217114,0.8108630150318392,true,2
1592,0.4817762349098697,0.24,0.21240553724333947,0.31936826913909394,0.5869691739407432,true,3
1593,0.7137024535229876,0.14,0.6508793314859511,0.6070032950833307,0.696945869608001,true,5
1594,0.5797803093998961,0.33,0.3369530662299853,0.5272572950755144,0.5980662570681293,true,1
1595,0.6176332630874051,0.53,0.3673692731835316,0.5380851255786303,0.5165389306533814,true,3
1596,0.5043667047349069,0.46,0.6373905238263184,0.4940677320718349,0.5355441406235816,true,4
1597,0.5664735157978703,0.38,0.400432672509364,0.46937709241253217,0.49939091174127687,true,5
1598,0.23447420410961023,0.37,0.41801420604336753,0.5088133113863473,0.5735736702146075,true,1
1599,0.5408471376354731,0.45,0.6541756816312834,0.6511877412149295,0.6253747383231758,true,1
1601,0.4733946142398126,0.58875,0.5040765298781943,0.5497456926457801,0.5664092132062856,true,3
1602,0.8263132616635223,0.67,0.7898639887930295,0.7699353584541062,0.8404207337086247,true,5
1603,0.5981880144759358,0.4,0.5376973907804687,0.544147142987976,0.596890130260725,true,5
1604,0.4448897471958831,0.27,0.3915439968108013,0.412197635493018,0.4897733707044208,true,4
1605,0.6982750021361923,0.47,0.33176445891325085,0.6732257054420682,0.712571475953863,true,2
1606,0.22236601363426006,0.0075,0.23834486864402696,0.12855563117747257,0.2867994518045502,true,3
1607,0.6995943502322373,0.44,0.501346162969567,0.6650202106583444,0.6996432418111764,true,5
1608,0.4398861941226453,0.38,0.514222156978816,0.4923161793615586,0.4647089461083149,true,2
1609,0.9085596198746949,0.62,0.7412989277236006,0.6390945930365495,0.7678680150219279,true,2
1610,0.8541163506044089,0.44,0.7705076788972028,0.7838391542024294,0.790282557272408,true,5
1611,0.8098723676308712,0.74,0.9004342246307252,0.799850524652888,0.7885058675133759,true,3
1613,0.9039211695303677,0.59,0.6988271223019058,0.6410229735795305,0.7419152949104073,true,3
1615,0.7845343469353495,0.63,0.7700461616834309,0.6651557499509652,0.8055924129547827,true,2
1616,0.5168031329904843,0.44,0.4400806598725209,0.5364851534186881,0.5809648103150715,true,2
1618,0.5698684603466686,0.3575,0.7101130218761202,0.5702673793332135,0.6471167589055827,true,2
1619,0.7888336522936699,0.71,0.7195210886033137,0.7696082381857312,0.7677358831282202,true,3
1621,0.540303839935295,0.44,0.48662225470312626,0.531181897591681,0.5983115311916831,true,3
1622,0.862021899360895,0.7,0.6060088650512584,0.7311506062388612,0.7032700565678767,true,4
1623,0.7241852765626012,0.81,0.7532638685057064,0.7115764401380986,0.7444432171611127,true,4
1624,0.8773088857328664,0.51,0.6672830596167622,0.5254800991991,0.755166570968083,true,2
1625,0.5486500037422729,0.27,0.4464466945086608,0.3574691227749037,0.5936922571470988,true,4
1626,0.6885486790174776,0.61,0.6179300991221135,0.7133647126212515,0.7417496712357236,true,5
1629,0.403626337476338,0.26,0.5137477604378304,0.43828737979504895,0.4832590438865182,true,3
1630,0.5103525688897407,0.38,0.3816769836747995,0.4234218725639509,0.48251332826850585,true,1
1631,0.5400431117983899,0.65,0.6411865597609446,0.6464365380098644,0.6108217860777796,true,5
1632,0.6762364783669218,0.48,0.4731127431955457,0.5223427575644269,0.6746003755972259,true,5
1633,0.5705557883769488,0.37,0.3322503881062454,0.41314062572685395,0.35308405312681834,true,1
1634,0.8738280148321251,0.85,0.8315797232652954,0.8196927654685555,0.785322357473711,true,2
1635,0.6264980335870634,0.5,0.7267695285111008,0.6064271439040113,0.6801787471719682,true,4
1636,0.45865387926533135,0.5,0.5037799843397611,0.47086894902511645,0.5744610628506374,true,5
1637,0.587885230173282,0.55,0.5326770533752547,0.5581638275073781,0.6091448239691257,true,5
1638,0.5126072396755436,0.31,0.5005260838636241,0.4785307125433265,0.5788279353659832,true,3
1639,0.5203971791271715,0.3,0.6660323465399192,0.4699030295848415,0.5339468704118507,true,3
1642,0.752165790212095,0.49,0.3943910634518303,0.7293801999575606,0.6990176345502107,true,1
1643,0.6220175386796224,0.35,0.509523795676179,0.5505337723431194,0.6020462040343082,true,2
1644,0.9823805188994044,0.82,0.5427273645255333,0.8493507599571337,0.8181139196903063,true,5
1647,0.47409840452092433,0.3,0.2698046139733588,0.3843000457063948,0.5064446331029482,true,3
1648,0.5909283175897511,0.56,0.6399560308234991,0.6049328464844004,0.6207515438563527,true,3
1649,0.5323774607848814,0.59,0.7321019671239883,0.6080695465104474,0.5330952106543074,true,4
1650,0.6687484412651485,0.44,0.3788725956250209,0.617103723666746,0.5865437535585433,true,5
1651,0.6698377875779296,0.75,0.8350148782624718,0.7515335381357022,0.7232143326253804,true,5
1654,0.6814284494208469,0.58,0.7435029302237941,0.7080120633724358,0.7037731809063849,true,1
1655,0.6267656398267216,0.51,0.647774964839134,0.556253246390253,0.7144299171775321,true,2
1656,0.6909614781652842,0.52,0.7063964725703724,0.5522780045168397,0.6322728853765401,true,4
1658,0.6518402067804212,0.58,0.7973955651929566,0.674302505546136,0.7748930668691564,true,5
1659,0.45696438813602763,0.23,0.502102470317505,0.4095143403001254,0.5456577103126123,true,1
1661,0.5980029277364308,0.64,0.7359047193879291,0.6958096306372308,0.6378712046865741,true,2
1662,0.8372664417213483,0.75,0.8948050030293178,0.7259397886391981,0.7703303061188045,true,2
1664,0.6862515406090192,0.46,0.6643371361106077,0.708151934564692,0.7463042959851643,true,5
1665,0.9807738881371911,0.83,0.8682686959762406,0.8337120438085632,0.8067168458608935,true,3
1666,0.7725810477660402,0.87,0.848399807093769,0.8816838617785534,0.8046732996793412,true,2
1667,0.4683435630277879,0.63,0.6557914905418726,0.6174592050061698,0.5933214963209441,true,3
1668,0.4978906192358265,0.45,0.6901496377578628,0.676448833817068,0.6292618245095541,true,4
1669,0.5093636325140525,0.5,0.752174089240989,0.6378995728323761,0.6923603760610564,true,1
1671,0.5714984330927216,0.3,0.42843566527769145,0.4592925560368974,0.5351683798045129,true,4
1672,0.5559712132136676,0.21,0.13086710639433483,0.3656528617248235,0.49990360322609295,true,3
1673,0.5274569924221991,0.4,0.5182528187628,0.4749999814074555,0.567027798867788,true,5
1674,0.710990266886519,0.52,0.728307018598725,0.6853032350709524,0.7564001776528626,true,3
1675,0.5480246830346978,0.4,0.6589727785716262,0.5562651907890108,0.6006807186887979,true,2
1676,0.5474524003814061,0.35,0.3979499836811591,0.507035297506231,0.5620666428034344,true,3
1677,0.4428086797867385,0.32,0.3363146033620643,0.41245890195785434,0.4216583090680719,true,3
1678,0.7745661581060767,0.35,0.4126511041550867,0.6068410902325863,0.7176054390283804,true,4
1679,0.6957436065401315,0.48,0.511970113871867,0.5431831829399791,0.6757387359498417,true,5
1681,0.4067810278110041,0.24,0.3113024561127085,0.31998638221334863,0.38691200864975706,true,3
1682,0.6505057690895049,0.32,0.30458192665433,0.4005652205642012,0.3972919899395584,true,5
1683,0.3892802778625129,0.24,0.2693651727981736,0.36603900960922947,0.4365220687661625,true,5
1684,0.6504965526631002,0.64,0.7417694461131871,0.7150181908054701,0.711397251973346,true,4
1685,0.7752449698805282,0.55,0.6469203067731832,0.6068323135565261,0.7312279248676121,true,2
1686,0.9157004368149374,0.88,0.9167041900354914,0.8416777905289646,0.7607221237064921,true,3
1687,0.2849543198066313,0.4195909090909091,0.2409380025493953,0.22896607466052724,0.268617294153674,true,1
1688,0.5064320282302855,0.365,0.5401931944549194,0.4139955200437954,0.4340984190235413,true,4
1690,0.9456764641187344,0.6,0.8265029430040426,0.7334717355194165,0.7857067137144644,true,1
1691,0.8886520219680423,0.8,0.7405876223890259,0.8455257495246695,0.8158955252331207,true,1
1692,0.34197156085104596,0.19,0.18300627695872876,0.21786948382829313,0.2477068478157961,true,5
1693,0.4826283720863641,0.45,0.3624396398278409,0.5401648552560265,0.6198125748522516,true,1
1694,0.9230221307897118,0.54,0.5453619029839367,0.7029592939052689,0.7695185703893974,true,3
1695,0.7969674644134623,0.56,0.7079319343137034,0.7214704216981598,0.7726958932290571,true,2
1696,0.5022270967219745,0.26666666666666666,0.2212149983868856,0.33498369067348865,0.3978841750005526,true,5
1697,0.8510529595470494,0.6,0.49397022228545334,0.6257137248776298,0.7703403206395537,true,2
1698,0.8236732595435236,0.83,0.8999338825469846,0.880116936030945,0.7868068062780706,true,4
1700,0.4430284929308557,0.23,0.4428185142401278,0.27901722188511574,0.4628550947311331,true,4
1702,0.40892379207487245,0.31,0.2904154566013389,0.31273815817466966,0.3581868848322547,true,4
1704,0.5360603952359688,0.89,0.53048170786192,0.6158655816214239,0.5863897938507797,true,1
1705,0.5274366293127632,0.78,0.5564625952651561,0.5879167559342455,0.6005074360578248,true,5
1706,0.7271948435438125,0.42,0.43328490671418673,0.6599668835240454,0.726159874904696,true,1
1707,0.6312880203806353,0.82,0.7051262506617468,0.7252003666018664,0.6996749609845891,true,1
1708,0.44503118048861695,0.14,0.22282812048706266,0.3203538595748138,0.3522118753816363,true,2
1709,0.9052916062134412,0.59,0.7971171870292296,0.6465768196827625,0.7946441368459708,true,4
1710,0.6397075213853293,0.72,0.8802576270851336,0.7111875972633852,0.753064936077208,true,2
1711,0.7581319814470175,0.79,0.8478945464514612,0.7878995693202451,0.7992999917767643,true,5
1712,0.39238916605273505,0.07,0.3099607692198762,0.27750402116105355,0.3132040847461321,true,3
1713,0.7388057850494283,0.39,0.423980329859074,0.45478758152161797,0.6598551266561486,true,1
1714,0.7801766813654561,0.89,0.926168402647579,0.952693684525241,0.8014666337365928,true,4
1715,0.49208913751241573,0.37,0.5378829099341758,0.5221027381350943,0.6021721168146601,true,4
1718,0.42086089809027133,0.4,0.5573891528308049,0.4088867252888149,0.5289284600087091,true,4
1720,0.7914480659878945,0.32,0.2783088885541789,0.46562824591240537,0.6598448953664565,true,3
1721,0.2887326354791725,0.05,0.08241278249055191,0.18084912080490587,0.22963843667412057,true,2
1722,0.5206644241363714,0.78,0.902442026571582,0.8088869095544123,0.8793718952819145,true,1
1723,0.4209768540794426,0.28,0.3193967952155195,0.41211041450435565,0.43613166398191466,true,5
1724,0.4532825597213273,0.77,0.5807202122838495,0.535286847900706,0.5845674297319354,true,3
1725,0.632533620950218,0.25,0.26209878975961204,0.4185996103745823,0.5802812904491399,true,2
1726,0.5764469902663506,0.56,0.4982355534662776,0.6533289709443302,0.6779568017376828,true,1
1727,0.618327922128847,0.4,0.6378340505061979,0.5309119409211046,0.538302596620488,true,3
1728,0.7964539070195121,0.77,0.8736976873402251,0.8712826982910624,0.7845403389008455,true,4
1730,0.594733574164396,0.4,0.7150736954821623,0.4331718774118329,0.5917565173137995,true,3
1731,0.4750815342805227,0.43,0.5302299818672304,0.583580650405039,0.5362535950313958,true,5
1732,0.6264337093880958,0.61,0.6044482227912366,0.5472450289020018,0.5481762199293119,true,5
1733,0.39184439002673344,0.32,0.39825403847880203,0.3290835228781503,0.3558241985825451,true,4
1734,0.42799454948642557,0.46,0.37840450357607136,0.42254031706309464,0.4303862980814334,true,2
1735,0.5486301357552417,0.45,0.4522415745968189,0.5617852193497483,0.562262169399859,true,5
1736,0.5725264580935864,0.59,0.6536707426791801,0.6231735192219648,0.6380248407635797,true,5
1737,0.7454449440231569,0.74,0.85340741134141,0.7814498444268113,0.7611586906021224,true,2
1738,0.8724620909373733,0.7,0.9138011991050679,0.7967608865221355,0.7810484980705207,true,2
1742,0.3360524197158131,0.15,0.43290204840546825,0.28694641263237325,0.351154907442551,true,3
1743,0.3723118569571741,0.2,0.3002218059019861,0.3683490177018811,0.3291327688097576,true,1
1745,0.4928426028369502,0.49,0.5481508152173369,0.5045420982467362,0.5401908008650623,true,2
1747,0.5737362483962237,0.55,0.5574618865471436,0.6128976777073696,0.6898132702182028,true,3
1748,0.4056563252914974,0.27,0.16440383090322871,0.3735288436369027,0.40097983761174893,true,5
1750,0.37095871239832573,0.09,0.2124471993664876,0.22822671032671046,0.24613882091097095,true,4
1751,0.3783007482789878,0.23,0.27551370054896485,0.27811997380003817,0.2456947160496855,true,3
1752,0.5293834070764727,0.29,0.4987429688343127,0.48183194892025666,0.5957823358623054,true,5
1753,0.37412632876641416,0.16,0.2706467873499975,0.19403471105348027,0.43331220608276383,true,4
1754,0.697910494787417,0.49,0.7539246401358938,0.6168296008502387,0.7214244205456313,true,3
1756,0.9222608549948232,0.7,0.6120509728366876,0.8032093036358262,0.7507002676913929,true,1
1757,0.7595657495132776,0.72,0.7223362603875182,0.745735747690765,0.7312712006641144,true,2
1758,0.42631467357619784,0.4,0.503575027551226,0.4205554775547808,0.4920266150712093,true,4
1760,0.49353443621808823,0.4,0.48669758710300287,0.4190336153410446,0.4454376255746367,true,2
1761,0.845964515028302,0.55,0.6039801753649698,0.7070528731424566,0.7885819605162269,true,1
1763,0.7458148051745108,0.72,0.7966347647714918,0.7847466143111048,0.7869214368944897,true,3
1764,0.5995849662502839,0.73,0.6327101636826532,0.6542147542708734,0.6277546367655199,true,2
1765,0.4489899552118246,0.32,0.6581868377885691,0.5618257197490425,0.6024297790790626,true,5
1766,0.42980807917758457,0.22,0.4152969780429751,0.43902844597782675,0.46968791117532077,true,4
1767,0.3734382844025985,0.65,0.5565815300103075,0.312344537465367,0.3771052493541056,true,2
1768,0.44094797126473767,0.52,0.4915661990067041,0.40385024345666837,0.4240689278741196,true,1
1769,0.7077737299096568,0.56,0.4861544402706758,0.6425836529482776,0.6998344099768979,true,2
1770,0.6951853247454329,0.44,0.7265934581842923,0.5922379851535523,0.7190393593279786,true,3
1772,0.37068197887076837,0.17,0.17338482056757104,0.28351159655052205,0.35506795103405225,true,5
1773,0.7421107369921597,0.79,0.8886732447067605,0.7510777996127128,0.8021656156153198,true,2
1774,0.4277398131630312,0.37,0.6018930789947851,0.5102764420706363,0.5566754761935305,true,3
1775,0.7093367315737197,0.62,0.8138237319993054,0.5226581393620213,0.7058754417008365,true,3
1777,0.5689804268637555,0.49,0.6104191271607142,0.6177176687548918,0.6309445802876683,true,2
1778,0.3946904516161473,0.27,0.4766709045829795,0.3714881828466766,0.3595949666575105,true,1
1779,0.32373842759634336,0.13,0.14720814931813742,0.2181368839984611,0.25271105381366943,true,5
1780,0.9183825117623177,0.57,0.8547093738570308,0.7278903130879937,0.8145197927675393,true,5
1781,0.75329016773313,0.73,0.6999334103566804,0.7997850208086958,0.7550102201309484,true,4
1782,0.6660641871977043,0.4,0.5262078209833393,0.6449933004966586,0.6819815763574513,true,2
1783,0.5980405243127486,0.48,0.43428948014262253,0.5724748636494591,0.5351216637156756,true,2
1784,0.9951839591557662,0.77,0.8843617871300827,0.8568161190837187,0.8067168458608935,true,3
1785,0.517770757785008,0.7,0.6896709317680877,0.6791429776402532,0.6296567645034398,true,1
1786,0.7717422522484222,0.3,0.2657567425013785,0.4279321663060845,0.6284418743920682,true,3
1787,0.342397371527971,0.1,0.2571729876079418,0.1694456762895416,0.24739472943472246,true,3
1788,0.5330500055584598,0.55,0.6369731556041268,0.6158917561934494,0.7137001042892073,true,5
1789,0.6492622842815639,0.35,0.5894901167774385,0.6171650079582889,0.5885967217879855,true,1
1791,0.583899892322552,0.55,0.6401277926136232,0.668466023775212,0.6664481981425523,true,1
1794,0.8884343818608512,0.56,0.7017103200455225,0.7229715690794299,0.7982840766560614,true,3
1795,0.44605450402966823,0.16,0.3693341602802878,0.3671808473157379,0.4180513053790332,true,5
1798,0.5089271745626643,0.28,0.3945016749214612,0.45796911576512594,0.5576993322162526,true,3
1799,0.8024872888958199,0.75,0.7072906696515683,0.7538230834997478,0.7409871733537147,true,4
1800,0.6271508542238352,0.67,0.7271619703274828,0.7010971159636994,0.7420252185740307,true,4
1801,0.39322468426822305,0.3,0.2397175115763228,0.42093945662388793,0.49953937278368465,true,2
1803,0.5466355157701656,0.52,0.5859185414446432,0.6460696764973346,0.6880478119820913,true,2
1804,0.4759468954266715,0.46,0.47954880031041597,0.7338946105857841,0.751694245395628,true,1
1805,0.6210840360804176,0.45,0.6656852953900974,0.6594873826521958,0.6414408279464655,true,5
1806,0.5385118610412971,0.91,0.6116360784564482,0.6223088685642485,0.587084789360984,true,1
1807,0.5158121913734561,0.65,0.5588948346261808,0.5570624754102101,0.5824204901054587,true,3
1808,0.5264619159219079,0.53,0.3088392329245928,0.5876357230297818,0.4922537339410026,true,1
1809,0.7339037812496799,0.4,0.8073945657186656,0.7382108667847449,0.7499922743981211,true,1
1810,0.4668823558353751,0.38,0.5080777558605435,0.4751860690107012,0.5387128863557389,true,1
1811,0.3370849199068797,0.27,0.338373756587184,0.3492861475498665,0.39822107013941377,true,2
1812,0.5808311945882629,0.56,0.5614571802731455,0.6364455214225347,0.6209473775885757,true,1
1813,0.540067481027174,0.44,0.2768846544500655,0.5332073383073257,0.5495374085370732,true,2
1814,0.8818117902773497,0.78,0.7708791246164066,0.7420571276652255,0.7102796438044631,true,4
1815,0.9963219045239836,0.71,0.7020852907421069,0.8391284705224992,0.7741860218493768,true,3
1816,0.9497574502367477,0.85,0.9039282993425005,0.8369256763813935,0.8108630150318392,true,2
1817,0.718101509463639,0.27,0.6037589297513978,0.6375885149449022,0.6711666284685381,true,1
1818,0.7209765199172895,0.79,0.7938811586036559,0.8184148909235819,0.7375639525164185,true,1
1819,0.7015687193762022,0.41,0.6771988136930769,0.6375632468486913,0.6623420234655264,true,3
1820,0.8187549888810316,0.53,0.8544593421740196,0.8413681944034663,0.7866739846732208,true,3
1822,0.4281205501792191,0.11,0.13439397949847326,0.07881110556110556,0.32670907544608924,true,4
1824,0.6999569024592633,0.48,0.5637741464631163,0.6850969305286705,0.6948749100105884,true,1
1827,0.18867960600540426,0.64,0.34301216510823124,0.6465917217171271,0.781931518959836,true,2
1828,0.6557539170974552,0.45,0.8326351747351003,0.5952551338914746,0.6836910305244368,true,4
1829,0.5028695215915238,0.2955,0.4302531576661279,0.42596157321073247,0.4796535388671674,true,5
1830,0.7101312578076185,0.77,0.7682351968012306,0.7933549280377215,0.7378691362438521,true,1
1831,0.8000145533542911,0.44,0.6279784900887652,0.6528619291202183,0.761345021519114,true,5
1833,0.7063238225994186,0.61,0.6852040823002189,0.6290630807561503,0.7014351313371672,true,5
1834,0.3010842815900606,0.06,0.045486868915079935,0.16281474695783524,0.1766970735385417,true,5
1837,0.4158996145374734,0.2,0.33790917448713986,0.36783644820924005,0.424509694631758,true,2
1838,0.6387331083478562,0.59,0.5108545038156647,0.6510930391334431,0.6520282502973112,true,2
1839,0.6251195812147793,0.47,0.770375802927905,0.5598164112936318,0.715580824575496,true,4
1840,0.7440978940048378,0.66,0.6549608398328531,0.6592888450758827,0.7265986093112713,true,3
1841,0.7676649355420263,0.63,0.6531531898747976,0.6658465943400236,0.725238934268266,true,4
1842,0.6665654002436207,0.71,0.7948883279198791,0.8139317798649605,0.7402605800109929,true,3
1843,0.3572238902314725,0.17,0.3358185365109567,0.20402138154409732,0.3787681368505572,true,3
1844,0.5079916778758568,0.41,0.42065598388348924,0.46857993791471053,0.6034283121389151,true,5
1845,0.7509505008261352,0.8,0.8370854945256881,0.9177905186841773,0.7924083623791925,true,4
1846,0.6043222660546613,0.33,0.2617147406497361,0.48464634325268624,0.6251968518602564,true,3
1847,0.31281286988764706,0.15,0.22466786019060322,0.3197826943899716,0.4383450958769832,true,4
1848,0.9827320188301363,0.86,0.9849367883122795,0.929702218546154,0.8836676831661544,true,1
1849,0.4600210103929012,0.24,0.4211370849255765,0.45387149459402315,0.46812626837052623,true,1
1850,0.6701155747838233,0.45,0.6286794414331918,0.5510201868712417,0.6802406991916852,true,4
1851,0.8014053895032458,0.63,0.591759682571867,0.7136126778126324,0.7520581725643684,true,5
1852,0.4714428098519394,0.3,0.5015258546126846,0.36900093887958585,0.538020403709445,true,3
1853,0.41099905699075734,0.34,0.5279455732715164,0.49797749787038226,0.5084485343921454,true,1
1854,0.4274599988049901,0.38,0.5359391594531746,0.4457182241575622,0.42292996334044225,true,3
1855,0.9283883623322343,0.74,0.8445011121803195,0.7895460396085084,0.804193399507002,true,4
1856,0.7664197849217248,0.5,0.6924757885202012,0.6358449075026837,0.7087188483316171,true,5
1857,0.5660703211062007,0.57,0.5836031482547196,0.5363465050046579,0.5728844562484335,true,1
1858,0.4692613996677091,0.3,0.40646711172251065,0.27647051672079437,0.5351139698915957,true,4
1859,0.48684791257837207,0.488,0.6005941694276659,0.5504009588314214,0.5676733041931976,true,5
1860,0.7205866800137459,0.46,0.5081191419098866,0.59314004975877,0.7149889665710892,true,3
1861,0.5921795900480578,0.41,0.5937823644626011,0.4981870784406079,0.5232590537687205,true,1
1862,0.7063033198084641,0.51,0.7096839714353895,0.6134840751735073,0.7087972304869951,true,3
1863,0.5397221995958202,0.54,0.6864061047938076,0.5776704926633823,0.6209916955981845,true,2
1865,0.39521648698884443,0.36,0.7210675161032433,0.4232127179041646,0.5314718700022,true,3
1866,0.3835513980265567,0.47,0.49688779096453967,0.484518386411956,0.4816798056187881,true,5
1867,0.3242573580962386,0.09,0.2407232148570622,0.2434273804344549,0.318230066658135,true,5
1868,0.7606870174575152,0.44,0.6651487564900436,0.6787442759685711,0.7598761059305967,true,5
1869,0.7597609331443106,0.69,0.45964160386114156,0.7135311791388509,0.7292348165812701,true,1
1870,0.6617184314360173,0.4,0.32502772980273975,0.6245233581759878,0.6534514680132181,true,2
1871,0.5224470579170777,0.469,0.6466762438100313,0.5390833952735371,0.570341207217695,true,5
1872,0.530113088742236,0.36,0.38927917402717244,0.5322275051018446,0.531573532911744,true,4
1874,0.5371966531875223,0.24,0.39673236790570465,0.49058973288796787,0.6477060416421044,true,2
1875,0.9050043859044086,0.59,0.46078813277405223,0.6956283574314388,0.7105591920367512,true,3
1877,0.5470915830498365,0.46,0.6044597380682701,0.5348009410029179,0.6407509037639169,true,4
1878,0.4697377568412384,0.2,0.5203132806516045,0.5180734289997333,0.5744610628506374,true,5
1880,0.46500042199414227,0.22,0.41125328012610823,0.4347648752284277,0.4949334277190294,true,2
1881,0.5743091291976229,0.48,0.6121102754160801,0.5358437546437985,0.6020016253541903,true,3
1882,0.8077346945528043,0.55,0.6053785402654526,0.6807226772519179,0.7351939273925113,true,3
1883,0.6376539664723635,0.64,0.6764696829154088,0.6672298635046396,0.6915584569784464,true,4
1884,0.7756024997817308,0.61,0.8278975887619056,0.7304364148349388,0.759700578939408,true,5
1885,0.7537095836612135,0.73,0.725309979839281,0.7458124149261465,0.7643663954670511,true,3
1887,0.7426273040311344,0.58,0.7099476408591624,0.6365903758001545,0.659156415620815,true,3
1888,0.5444807728716055,0.44,0.48877082552539125,0.4961792684221804,0.6143924049795926,true,4
1891,0.7467634816050692,0.25,0.20509718305891,0.2762105251345982,0.38880365238969,true,1
1892,0.6196939273572901,0.71,0.8401873807441053,0.7151511018569496,0.71330178184954,true,2
1893,0.9319354530215892,0.8,0.7889199701801393,0.6956758168176765,0.7573604620963108,true,2
1894,0.9443937179583424,0.79,0.866324324953669,0.9145327827631702,0.8114507654281402,true,4
1895,0.6218159940001649,0.33,0.6881536377009286,0.48508155168355616,0.6875525020442367,true,4
1896,0.39925175995747436,0.18,0.3142261224789268,0.40528336287395095,0.4728259112488182,true,2
1897,0.5197171284701461,0.51,0.631954795476207,0.5588404677126311,0.5615182139665962,true,1
1898,0.9005179235747743,0.85,0.9310925957424055,0.8421428421744303,0.8267215571553015,true,1
1900,0.7220657322527881,0.56,0.6902599745535564,0.6806117898541614,0.6870167238708544,true,1
1901,0.5522917608871061,0.6033333333333334,0.5872639431692857,0.6201510180390172,0.5201685409198095,true,5
1902,0.8313359897163778,0.84,0.9266927057932474,0.8585043287025061,0.7885181300956787,true,2
1903,0.999971475582077,0.59,0.8730257779261646,0.8537355151232343,0.8114507654281402,true,4
1904,0.9804716339807048,0.77,0.9509223739102787,0.8185358274580142,0.8237108730702953,true,5
1905,0.4065157103168062,0.31,0.5871974116263251,0.45561743464233845,0.6081186959800572,true,5
1906,0.9744682282355857,0.8,0.974251610844737,0.9363210062902649,0.8807057561120236,true,4
1907,0.9549207294491301,0.77,0.8721033723736048,0.8051245597402092,0.8079621231823749,true,5
1908,0.8729213171479434,0.68,0.8327941443551793,0.7512308111186347,0.7760882910130589,true,3
1909,0.6015522824073377,0.54,0.5477462668997101,0.536504183496234,0.5948780486912346,true,2
1910,0.5263559162015683,0.41,0.5692406207674157,0.5034985448869518,0.544465063599383,true,3
1911,0.42244484738935867,0.31,0.3575660257493112,0.40025443281158263,0.4311171640463502,true,1
1912,0.6722965534144387,0.32,0.44882073012204377,0.5044869111063379,0.5634467342336644,true,4
1913,0.6999701254810856,0.61,0.7728169495353344,0.7214210268595744,0.7120468133689328,true,2
1914,0.5926595602279273,0.46,0.6691841951806193,0.3984683069768208,0.6612326504518787,true,4
1915,0.6796654835202383,0.48,0.15776254275501833,0.6854525516335158,0.695801889183131,true,2
1916,0.51005530537152,0.62,0.6370194500346101,0.6210271508205356,0.6590434777158413,true,5
1917,0.9112043277710703,0.69,0.7258805171533318,0.7408047261090558,0.8040966398438923,true,2
1918,0.7588037807022054,0.85,0.7719196339392338,0.841986685447317,0.7413260291981388,true,4
1919,0.755020964198684,0.95,0.6834943714310372,0.8091401718344814,0.7705924848886624,true,1
1920,0.5376542521021836,0.54,0.5683748484520781,0.6079956555915844,0.5938853394130141,true,3
1921,0.6445225590112731,0.32,0.3980515216577293,0.5029647022871029,0.6422959290053932,true,2
1922,0.831906604715909,0.57,0.6924162897029258,0.6071050826835774,0.7780526607643603,true,3
1923,0.9865488424147811,0.92,0.9765506155322723,0.8733654232115867,0.8925187835581995,true,2
1924,0.4721156102873373,0.51,0.5929776811513433,0.5258560467514504,0.5316268771020222,true,3
1925,0.5224877710949193,0.68,0.7066155317152378,0.5585838818634411,0.5884234309964729,true,2
1926,0.870202816366183,0.54,0.2114875294307878,0.5826500384303236,0.7171813427648842,true,3
1927,0.34672292213983813,0.38,0.3817557780974498,0.387018811853258,0.4574665314639973,true,4
1928,0.7387002196871186,0.64,0.5518478588686955,0.7089614618319021,0.7050205258149783,true,3
1929,0.6287294356316616,0.32,0.6871265378639666,0.6531801206246332,0.68048187270191,true,1
1930,0.5846902285049402,0.39,0.6414858035346361,0.5838808138202273,0.6504653728734309,true,2
1931,0.5997246822637056,0.46,0.5315716050845376,0.5771866727361374,0.5697865413009933,true,5
1932,0.4506830675241499,0.15,0.42813292731836416,0.4348612592650307,0.4746233818925607,true,1
1933,0.40462722063944073,0.19,0.2847641934446327,0.3967984614173169,0.49184100923393625,true,1
1934,0.5127068334704716,0.28,0.5760022372021635,0.46529069683326646,0.5685181328726555,true,4
1935,0.5082681587792633,0.44,0.3716639438056901,0.4259428751015761,0.3944879248238827,true,1
1936,0.9266217470779169,0.76,0.9564121784300639,0.7612651276435035,0.8248123275265368,true,2
1937,0.8093073824898462,0.72,0.8324602944942354,0.7909689033138187,0.7648786628633019,true,3
1938,0.3870756459583289,0.21,0.19956950033719945,0.3142002802255213,0.2896261642947714,true,2
1941,0.9825948951947059,0.67,0.8801665375223385,0.7996330428914973,0.8298479481726219,true,5
1942,0.8560900481384708,0.25,0.6480985887331836,0.55148964345635,0.6723093630558447,true,3
1943,0.7854922690926645,0.61,0.7090669256328443,0.7346690503909558,0.8205268357715015,true,4
1944,0.9394082287935872,0.68,0.8406372237005292,0.7617987503226427,0.807903463449212,true,2
1945,0.7242958380290558,0.76,0.7522629975460194,0.7944997071839759,0.8158955252331207,true,1
1946,0.47930629307769235,0.49,0.6342739242560962,0.6510953198322099,0.5933214963209441,true,3
1947,0.6922283410975143,0.79,0.8268920057441562,0.7935974472744864,0.7444441331780511,true,1
1948,0.6092541389796803,0.47,0.6586608802198023,0.5478176750834485,0.6826517999624869,true,2
1949,0.8545800933525365,0.55,0.5507362826895218,0.6422229786374198,0.7356470473883387,true,1
1950,0.5993749242452824,0.51,0.7039915427237944,0.6390136074204221,0.6256366004634714,true,1
1951,0.7892240518752753,0.84,0.7655537878683013,0.9060096289349013,0.7749266658512453,true,4
1952,0.9343950033562318,0.89,0.9474176725842751,0.8168280406085914,0.8200841074736469,true,5
1953,0.572164818476437,0.51,0.6026833947934175,0.5447296490399146,0.6315962420879107,true,4
1954,0.5740663974408744,0.55,0.3640151624226664,0.6308207568934432,0.5241799342768787,true,4
1955,0.5434553906773542,0.23,0.17162411876379713,0.324295843026179,0.491201633468907,true,3
1956,0.7133066966830303,0.32,0.40524239208216334,0.5569707859469882,0.6105809204069917,true,1
1957,0.4714315158608793,0.65,0.7738636953128927,0.6612679782879881,0.6004660038163155,true,1
1958,0.5973530341244033,0.37,0.5145378892270589,0.4296511335609563,0.5967929607061864,true,4
1959,0.8167666449092532,0.58,0.7031713736224942,0.6883290003034003,0.7564930779844408,true,3
1960,0.4408408674726533,0.25,0.3920364147164818,0.39296298887907427,0.36221440087503615,true,5
1961,0.46086327030505075,0.58,0.6718903382314594,0.6769150923921774,0.6260709670190373,true,1
1963,0.49160861793742494,0.54,0.5419784866224127,0.6259463248437127,0.5863897938507797,true,1
1964,0.6196137955619931,0.34,0.45754151187822123,0.5850690548439487,0.6436041455883066,true,5
1965,0.8964539209083555,0.92,0.8972828458463216,0.8547296930231236,0.7979460273216598,true,2
1966,0.5588450542409618,0.38,0.5097666807545714,0.5450049245275621,0.5942896333457878,true,2
1967,0.6744174202811893,0.65,0.7086885192403118,0.6914557406759907,0.71527108602609,true,2
1968,0.9056355927797668,0.5,0.21809925394479646,0.6062921964880931,0.7502823005478748,true,2
1969,0.9418970908534129,0.9,0.7812078169437714,0.7940039525742445,0.8108630150318392,true,2
1970,0.5527786307546639,0.37,0.4874987957992242,0.5087458739876436,0.5349155227605994,true,1
1971,0.6822473347839584,0.51,0.34777863530305686,0.5679306367866739,0.6591273458608439,true,4
1972,0.46365951497449603,0.44,0.6237416313562407,0.6000342619595203,0.6243828901245109,true,2
1973,0.45345222603574625,0.36,0.4703561576010749,0.42686310511907954,0.46400941372657645,true,2
1974,0.9006856868826293,0.87,0.8979744971648382,0.8581131061637207,0.8108630150318392,true,2
1975,0.49127010378114155,0.57,0.64915564404778,0.6463910853293621,0.6266419368375107,true,1
1976,0.470559342072552,0.33,0.463511517800772,0.45138120020173483,0.48210520756181263,true,3
1977,0.6459401688778336,0.58,0.7505411015785785,0.7190299785769919,0.713901444441233,true,1
1979,0.7554785114769048,0.82,0.8749175435661241,0.8683761872295287,0.786021780569464,true,1
1980,0.6561032091792424,0.53,0.43511123592942885,0.6486971325222554,0.6760578428920042,true,1
1981,0.4961581596144115,0.38,0.3642705003222001,0.4300918873352312,0.512175203374835,true,2
1982,0.6754219425075478,0.44,0.6207838211462305,0.5942531848990792,0.6174900604708613,true,1
1983,0.8348884408659927,0.58,0.6025285049945508,0.599710478310583,0.7150251736050296,true,2
1985,0.49320732140671175,0.4,0.3489189889974055,0.48341646246732034,0.598450596653977,true,1
1986,0.9653272783216458,0.81,0.8928715185562204,0.7836821357009197,0.8251643106148349,true,5
1987,0.48200625868821473,0.56,0.5268579070427636,0.6386950887366961,0.6461239789622926,true,3
1988,0.4523549761732454,0.13,0.5395396341004479,0.49568745226563526,0.5744610628506374,true,5
1989,0.6553358412311601,0.44,0.7363722935110713,0.7194190809328894,0.68048187270191,true,1
1990,0.5458503247475148,0.38,0.3485075194591427,0.4914735359783672,0.5350650126038223,true,5
1991,0.9932004875728673,0.98,0.9694790382805083,0.9410849868712297,0.8562113311177283,true,5
1993,0.35160959761370697,0.23,0.2111110028873688,0.30123443225995655,0.3111145255194878,true,5
1994,0.39587842369301784,0.39,0.2099204000269895,0.4617509742629964,0.33913710649201095,true,3
1995,0.9874737139396816,0.65,0.8214313893426496,0.8015655499256501,0.7680213939206237,true,3
1996,0.6596888060635377,0.46,0.5400918512533212,0.5490804045407907,0.6437024200145199,true,2
1997,0.8582110362942753,0.43,0.7173679723819326,0.6393544723773527,0.7139411464921268,true,1
1999,0.7568688999760539,0.79,0.6482246347470167,0.7483240447783559,0.7226631250405776,true,5
2000,0.6920243987164112,0.81,0.875356871692168,0.8776350537426922,0.7964909296196226,true,1
2001,0.8869933752542588,0.5,0.27878565594208987,0.6037660086789814,0.760405926218908,true,3
2002,0.5573881832679903,0.4,0.3968373433462786,0.5063316248980924,0.5981293968928013,true,1
2003,0.668121990896494,0.58,0.6595822837005838,0.7017144905226719,0.7549671128027112,true,5
2004,0.944630254648385,0.78,0.8474805268464206,0.8097479092572227,0.8108630150318392,true,2
2005,0.7190566296977071,0.55,0.7237895699102331,0.5817077408334674,0.6691452087210841,true,4
2006,0.8524669467425161,0.6,0.9610444315142868,0.7267051221653671,0.8271609548363774,true,3
2007,0.9150988640718067,0.78,0.9212671977240198,0.837115330524309,0.8281257039172756,true,4
2008,0.4693061805010105,0.13,0.15109384140261237,0.28999346092405814,0.33316113187228563,true,5
2009,0.8607694008909504,0.69,0.566761726680888,0.7889083519398804,0.7624260845270137,true,2
2010,0.5982401067463674,0.43,0.25563616922366805,0.3867438786992339,0.5531697876687967,true,4
2011,0.6257219751277163,0.53,0.6373314566994077,0.6779321625720263,0.7365915973257222,true,4
2012,0.9708207544420893,0.68,0.7645566591943459,0.7304800748029084,0.7949673103937761,true,2
2013,0.8954925390208014,0.5,0.7549390692847261,0.6301890931843706,0.7488005534350175,true,2
2014,0.9326078092239384,0.69,0.6801539156669312,0.7563821610359297,0.8230243177929462,true,1
2015,0.6136393570533653,0.53,0.5844467048129925,0.6308667803780843,0.7101865994143215,true,5
2016,0.6770551232728295,0.41,0.456104264474239,0.49019407753409283,0.6236313084195563,true,4
2017,0.629898570585115,0.58,0.7592566873576958,0.6085181388798623,0.7364671857001938,true,5
2018,0.3804910515741613,0.16,0.32115007610249297,0.3026217955326985,0.3455488749040137,true,5
2019,0.8401965735317348,0.75,0.9220644575407145,0.750234210993112,0.8004735967259335,true,4
2020,0.6526714486615682,0.4,0.5371666899190034,0.6964106704969651,0.7440795993648566,true,5
2021,0.583330131751514,0.25,0.4381211219914489,0.44498187284952956,0.5491239220850377,true,1
2022,0.9594883312973558,0.94,0.9308283038481782,0.92591506625787,0.8829663586867883,true,3
2023,0.8366837487347651,0.55,0.23310976501275182,0.668440790713583,0.7704033274438978,true,1
2024,0.6640746755897761,0.71,0.8946577180169748,0.7277428386790495,0.7254259076121783,true,4
2026,0.39124407289236407,0.29,0.5074205765206894,0.45640189041090357,0.434200599826158,true,4
2027,0.7993422992867839,0.37,0.7931398683467163,0.6105461825832734,0.7767749712997113,true,5
2028,0.9716237716692807,0.81,0.9145681905528859,0.8592574161052111,0.8275910750919961,true,5
2029,0.816542979752883,0.59,0.4855191817191235,0.6676283522391323,0.6216364931856415,true,2
2030,0.848320286764333,0.69,0.836767079800128,0.828925950214982,0.786438880028076,true,4
2031,0.6124012794594469,0.5,0.3043609934848575,0.613429171547316,0.6696928601205432,true,5
2032,0.885524577604323,0.72,0.6556327919656864,0.8174367402259367,0.7800219732150311,true,1
2033,0.5868711780413778,0.31,0.3855807604684707,0.4005407891003822,0.45078387572404244,true,5
2034,0.5809739067059482,0.5,0.560111640055113,0.6831242223262953,0.6799221224196361,true,2
2035,0.9716347869207679,0.57,0.7006407491557869,0.6855712286389966,0.7963314496251359,true,3
2036,0.35779072381369376,0.21,0.3221234006665718,0.3673350173739014,0.3475602881682017,true,3
2037,0.981358414677801,0.64,0.8230317770715432,0.7139032643559883,0.7485911651309749,true,5
2038,0.622629693432907,0.5,0.5817639317878921,0.5948920856648023,0.6862108542787093,true,2
2039,0.7228894027413374,0.81,0.8735017647392573,0.7704975441952803,0.759260261109288,true,3
2040,0.39809702740198244,0.3,0.4213731953800935,0.49445155066381835,0.6212251962871888,true,3
2041,0.6306588995830396,0.77,0.7804508429056087,0.7507575285438673,0.7010456821911933,true,4
2042,0.7970485779105683,0.6,0.830483230906411,0.7101815328616751,0.7500984077474196,true,5
2043,0.45363466728537666,0.29,0.4045515813639065,0.4158253363278942,0.4481273113254157,true,3
2044,0.9186681992423706,0.67,0.33096260458414906,0.5395976281934237,0.6344729514477668,true,2
2045,0.9318127724203749,0.94,0.8600421074552875,0.8688573117669063,0.7979465873906307,true,3
2046,0.5283237618319331,0.35,0.4273675040899786,0.5551224012430586,0.5207183879554439,true,1
2047,0.9750910090233396,0.85,0.8725381670737598,0.8813744249895176,0.7783780169898349,true,3
2048,0.641384492909603,0.68,0.7466582615472285,0.7131319646792066,0.6994851947178777,true,4
2049,0.9173933515949027,0.53,0.5441421548934477,0.7371332192293208,0.7896190010934923,true,3
2050,0.8023491502003317,0.62,0.8151059194663859,0.6054925078092955,0.6905587847400072,true,2
2051,0.7946285737881351,0.8,0.6867205478861363,0.8058752850132855,0.7622846995379166,true,1
2052,0.7169788575507735,0.59,0.741788399560363,0.725197242124215,0.7464005388319913,true,2
2053,0.6785925590455435,0.85,0.7394213343419525,0.8163120433262094,0.6521573009828189,true,4
2054,0.7881512351953875,0.32,0.5501204815155515,0.4501311444460985,0.6496541338010924,true,1
2055,0.7950036960961356,0.84,0.7156057334342132,0.8152981578652028,0.7852921806813272,true,4
2057,0.6138357001708503,0.44,0.6761447368720227,0.5271204241331384,0.641941363729975,true,4
2058,0.9515039835593635,0.66,0.9025562370757402,0.6776555858904778,0.7803199435038325,true,2
2059,0.6092773554076066,0.65,0.7379567999722062,0.5995456101853041,0.6022060120833035,true,5
2060,0.9984369005789019,0.75,0.9632313224509432,0.7424395056075839,0.8679793355551954,true,5
2062,0.9258913547684712,0.8,0.9280872375902613,0.8754698811169871,0.7984342100539248,true,3
2063,0.8999700202912138,0.62,0.8108359513279485,0.7197217691258659,0.801260758770391,true,3
2065,0.9174042609894172,0.67,0.7743322122331151,0.7686198665659209,0.8073373021743435,true,4
2066,0.8574668381910655,0.63,0.43078242893041446,0.6535750704908229,0.7153542451313377,true,4
2067,0.6491578808635559,0.47,0.5660239310097817,0.6055918103149671,0.6360632396459855,true,1
2068,0.7631698319179335,0.49,0.22273283819192713,0.6823755876006707,0.6858463586950155,true,5
2069,0.8533465246406194,0.96,0.8850386555470137,0.8976389464944391,0.8171238847547806,true,5
2070,0.8152048607773347,0.75,0.7871760561586096,0.769454534827358,0.7896169620564623,true,4
2071,0.8165109566803879,0.77,0.9075052224563664,0.8463285643592492,0.8004118758881241,true,3
2072,0.721463109072578,0.74,0.7144480237302517,0.7485116455025647,0.7377465832423445,true,4
2073,0.9777724331183365,0.62,0.8966243763773357,0.7090443420011038,0.8492773899250357,true,2
2074,0.9589275632684102,0.71,0.760063760633489,0.8280849397896864,0.8073373021743435,true,4
2075,0.9999874984536562,0.82,0.9385635830771217,0.7471562306276737,0.7062644202641679,true,5
2076,0.6085939743727306,0.41,0.3903655948562279,0.5340377995868588,0.48203500486695977,true,1
2078,0.8884504293705121,0.68,0.7668765992946,0.7882976263378068,0.795289663608028,true,3
2079,0.9767499892622614,0.74,0.8381730862985661,0.7218085815552954,0.804706855713318,true,5
2081,0.9933737170616779,0.68,0.8487474411486705,0.732125566034466,0.7504519019708119,true,2
2082,0.690104947515486,0.72,0.8557122518544232,0.7638128780275811,0.756640797436814,true,3
2083,0.9471942476449637,0.82,0.7841808676144028,0.8446633062564014,0.7988843674316065,true,3
2084,0.8279425564144205,0.79,0.7891973871148228,0.8193698285508398,0.7513426878541866,true,3
2085,0.9697562399634164,0.69,0.8445913434004986,0.7387990605361874,0.8102785716471748,true,3
2086,0.7296363957942129,0.64,0.7580194815933969,0.6307959216767737,0.7125364652516285,true,4
2087,0.8232866317994509,0.61,0.5626217220921507,0.6410448277673675,0.7725917718036467,true,4
2088,0.5565722242331983,0.49,0.6269912481845102,0.6163028394932097,0.6377966697989715,true,1
2089,0.9471592970720577,0.9,0.9839883783436226,0.9066403609579454,0.8998596812467239,true,4
2090,0.4258423797989372,0.38,0.46748362208559746,0.4223905173377719,0.4545934690595782,true,1
2092,0.9976583126022212,0.52,0.8791813994111953,0.6794102461792594,0.8275274019236607,true,2
2093,0.9956060737517306,0.81,0.9646969822997739,0.7894575235644417,0.9028066367844614,true,1
2095,0.9212191547127764,0.8,0.9509131851076298,0.8446433865884537,0.824853258496015,true,1
2096,0.9949456326518268,0.94,0.9813250299629279,0.9307518049265116,0.8876434816514335,true,3
2097,0.7770161845319499,0.72,0.838203736247926,0.7005059658644308,0.7401547110705597,true,2
2098,0.9999999925455857,0.97,0.9789146905459388,0.9152540945809868,0.8973486419819725,true,2
2099,0.1575009879541399,0.93,0.9951170212812902,0.9684132410475893,0.9028066367844614,true,1
2100,0.9968429855799666,0.95,0.9664708865691698,0.9587793745470214,0.9068254788773845,true,3
2102,0.9999999312839442,1.0,0.993010588817714,0.983799420350891,0.9092592024658291,true,4
2103,0.9999835258196561,0.98,0.9923254536146481,0.9761414116928825,0.9111658327223436,true,4
2104,0.9999927596476784,0.81,0.7307919913451921,0.7698751473118496,0.6716191615637553,true,2
2105,0.999999999741364,0.64,0.9051166221190513,0.7492723606960286,0.8517624503911833,true,5
2106,0.9999999999999913,0.99,0.9903724176275374,0.9751128308224283,0.9078728279869485,true,3
2107,0.988235702734364,0.94,0.9626763936009859,0.948124669496385,0.8842494396183361,false,3
2108,0.4086930091037354,0.38,0.46682429165521455,0.45534351700099146,0.4606426892950204,false,4
2109,0.9412031471046574,0.54,0.8152293607740859,0.6374441287799852,0.8205189218888879,false,1
2110,0.9415215784262885,0.99,0.9281550090256111,0.8786298685246582,0.8108630150318392,false,2
2111,0.8288202953990452,0.82,0.8616419922285982,0.8592047685489678,0.7931551322858088,false,1
2113,0.7142665392006169,0.76,0.7949938591261465,0.7397615309723683,0.7301689376956803,false,2
2114,0.7670100603158855,0.84,0.9391158789745254,0.8484653731433893,0.7885058675133759,false,3
2115,0.6953919239468356,0.41,0.42103129724614563,0.6405463027013869,0.6720454149302927,false,4
2116,0.7308913646922988,0.75,0.7812748931611957,0.846104850418722,0.7624645070795475,false,4
2117,0.3074821939594668,0.37799999999999995,0.3345998698657296,0.2800318014173234,0.2472137560563746,false,1
2118,0.44179001787327854,0.49,0.725777019095366,0.6010162129043017,0.652237910416088,false,3
2119,0.396501387562332,0.05,0.29665515456085606,0.2740041014040858,0.35051236581412354,false,1
2120,0.4086806777869864,0.28,0.4555858733051363,0.4315547325688885,0.5073334821866179,false,2
2121,0.8061764999041628,0.76,0.8574308608491285,0.7980360557099333,0.7839204738965636,false,2
2122,0.5104477956659774,0.27,0.49532871528540046,0.47968761354751743,0.5543926986928456,false,2
2123,0.5567090727667516,0.36,0.5312677275893545,0.475517481486355,0.5338880805272156,false,2
2124,0.4963019912030994,0.27,0.2863873363618439,0.4378573202027228,0.4309832708177172,false,5
2125,0.4253381872687318,0.48,0.5400533173466967,0.6100179268449714,0.480618000870347,false,4
2126,0.33402042273161026,0.39,0.3959453328172666,0.33102115193149034,0.3851316650177079,false,2
2127,0.7560745890089026,0.5,0.5351866522339913,0.7202592236909707,0.7477171706829647,false,1
2128,0.5214382487383821,0.36,0.194038379973214,0.472507750158292,0.5269279893000982,false,3
2129,0.3618583859059915,0.27,0.35131389001749463,0.246816245802701,0.31525359448912876,false,4
2130,0.8482864298204975,0.79,0.8772329828078732,0.7578407279348782,0.7430743999982853,false,2
2131,0.39554157680522917,0.08,0.15525283208955826,0.3074402011795747,0.3709115472282669,false,2
2132,0.5686014026504107,0.52,0.6716173377577936,0.6675513002018113,0.6410569831645546,false,3
2133,0.6044620529521832,0.57,0.6961574142204128,0.6197526835544204,0.6139283455057105,false,3
2134,0.6540988363643395,0.38,0.6810507986048521,0.5818217677958571,0.713208630840758,false,2
2135,0.7691098254625729,0.72,0.7204398796641182,0.8007928902544567,0.8134229827025928,false,1
2136,0.42905619522899124,0.21,0.2104912963289392,0.35527767243515385,0.34846239081714536,false,2
2138,0.4312313222614595,0.26,0.24578755162663493,0.40614477605311694,0.5217196789108546,false,1
2139,0.4954198086387958,0.22,0.6434070243353293,0.32963319337181557,0.5831974625602516,false,4
2140,0.2588336317058614,0.02,0.05986056695072617,0.19014516812624505,0.1811244274955697,false,5
2141,0.7437470667039058,0.46,0.6882202312272334,0.659174740752153,0.7151006101974855,false,3
2142,0.7088732257807807,0.71,0.7767153479066736,0.8511380072155227,0.7762435499939969,false,4
2143,0.31115816159127274,0.23,0.27837907556317953,0.24539847731443576,0.3080282141230137,false,3
2144,0.6248836641757677,0.39,0.6742701876933055,0.6449885951602167,0.6509629876866948,false,1
2145,0.6279493215977875,0.28,0.22127392633511117,0.4069380666955935,0.5635931725002072,false,2
2147,0.3638488442573634,0.16,0.3024468987214224,0.2516674994921903,0.28364746540060076,false,2
2148,0.8441250089422941,0.49,0.8499963224424916,0.6800229994642554,0.7863848979999156,false,1
2149,0.31294206063000546,0.09,0.14996081115932244,0.17401381008011235,0.26215958373748804,false,3
2150,0.5241428502414067,0.24,0.17130125575326757,0.4436105155693347,0.450639589205889,false,5
2152,0.3332504377311117,0.05,0.23763421717815003,0.19583318545025663,0.26328746245960294,false,2
2153,0.39970876436556724,0.44,0.37826704447697895,0.2890808521129074,0.36690275124035426,false,2
2154,0.4351673498457276,0.27,0.28774130498912565,0.4668716375518905,0.5149437319175119,false,1
2155,0.7107709128309696,0.74,0.770299770082101,0.7855874359057402,0.7536632408147036,false,4
2156,0.4681983165775876,0.22,0.2716597132167618,0.33157883354915496,0.3617767376504133,false,5
2157,0.4564372833083139,0.34,0.2992047227436912,0.46699926846690476,0.45659538023884955,false,2
2158,0.4839235362121659,0.37,0.265902257664092,0.4499685865006969,0.45122359412931723,false,1
2159,0.42677305045374203,0.3,0.4818987919658319,0.4415298627863143,0.5171190820070269,false,3
2160,0.33411934661202125,0.03,0.10026291448528009,0.10844811262858425,0.23573612991121132,false,3
2161,0.5226813751158279,0.28,0.37265795366700033,0.3939623967235034,0.513135754194183,false,4
2162,0.5628613292724347,0.24,0.6882334505057751,0.5769798395322828,0.6391063260854596,false,4
2163,0.5085271778057455,0.31,0.4973859695947013,0.5719819343439408,0.5129838516473134,false,1
2164,0.46453253351371365,0.23,0.5330811119978692,0.461438631758512,0.5212272759203795,false,2
2165,0.5129813577110269,0.32,0.4336783159060607,0.4218302180958283,0.466044334216606,false,3
2166,0.7189882036777447,0.42,0.6235901070393423,0.6127590052685291,0.627688571403478,false,1
2167,0.3972461241355749,0.5,0.5434005960305068,0.5657197539605333,0.5108431441782125,false,1
2168,0.3184421102043544,0.33,0.24504877316764348,0.21436920368379858,0.28068840041070586,false,1
2169,0.4347728250939431,0.42,0.5597609091565197,0.4058527713272921,0.4007146130805643,false,2
2170,0.5698804409907872,0.28,0.0778607471080903,0.36257957226699666,0.3678326312068334,false,3
2171,0.282689436340178,0.33,0.1878246456535733,0.2431932969617331,0.26339005474155053,false,1
2172,0.9677451675233764,0.9,0.8399593468544321,0.8547303234625354,0.8393089368818482,false,2
2173,0.963393912265532,0.73,0.8086277418079784,0.7167845615383923,0.6928622375362644,false,4
2174,0.654676357172619,0.88,0.808917059692181,0.7803793523903261,0.7608102677450241,false,3
2175,0.4080068408454761,0.25,0.36774039699008804,0.34968924151562397,0.41333680681414653,false,3
2176,0.5488235987699052,0.28,0.36789409426805136,0.45246324304174396,0.3972539281348337,false,2
2177,0.48798283614335713,0.12,0.2577012642990662,0.43463722809698047,0.5635043552662039,false,4
2178,0.5715719676692239,0.56,0.565731429889454,0.627990292912201,0.6889903879161647,false,2
2179,0.5458905288054445,0.25,0.5300652910933068,0.36844468759990273,0.5213153273061637,false,4
2180,0.7294632995175069,0.74,0.8516598868072849,0.7535892424890048,0.7912255759299419,false,5
2181,0.504910763285198,0.29,0.4892310346490878,0.4300860742771163,0.566661953658855,false,5
2182,0.48108323984756896,0.43,0.5926419569021778,0.48737969716215956,0.5096287872804792,false,2
2183,0.6390827212171964,0.92,0.6656093765435733,0.7237051922155733,0.6508593331355915,false,4
2184,0.5141372217861254,0.47,0.4911842091570488,0.4933979963444643,0.48251332826850585,false,1
2185,0.6497040202292368,0.55,0.6783977692933324,0.6010614205824307,0.6876418487110065,false,2
2186,0.7724790752230498,0.47,0.7350615664963945,0.6350616047977848,0.6960216175609345,false,5
2187,0.6937070450097645,0.48,0.7013144043218185,0.6847017537373287,0.7162918889472245,false,3
2188,0.568428577417256,0.37,0.6034770228607862,0.5142467159104525,0.6223470248032602,false,2
2189,0.41410663271269543,0.17,0.27884979182206804,0.27666647533403654,0.3816961405627757,false,5
2190,0.5764260566166939,0.36,0.5956355873834158,0.3842430184355738,0.5960958097340117,false,5
2191,0.36170273234085576,0.13,0.235076619274169,0.2714642083680471,0.2933801943785618,false,1
2192,0.47418521569387473,0.56,0.5138674722858546,0.5372783206669374,0.5445178289838692,false,3
2193,0.5862454570827551,0.47,0.6976240066572935,0.6739764641114929,0.6509629876866948,false,1
2194,0.36664438488305157,0.17,0.3860847942352398,0.40349707607856744,0.48171731439304066,false,2
2195,0.4559611279921468,0.38,0.3650241007747857,0.3638975661317274,0.37822387724650264,false,2
2196,0.5499493417393395,0.63,0.5621797336225408,0.5890420490077236,0.6710169698234032,false,5
2197,0.7221628404229204,0.57,0.7505608368558624,0.7270327258924406,0.7635669230238248,false,3
2198,0.48129500226967786,0.32,0.3951461874188173,0.37494733509128203,0.44830440259050097,false,3
2199,0.49037556139024724,0.2,0.20703644365912066,0.2873602108245862,0.3824509204257876,false,1
2200,0.5240482316976565,0.2,0.07457210055698925,0.30549354474079754,0.3146893481050584,false,2
2201,0.5163452286313339,0.3,0.1802852528381289,0.28550581664778196,0.3902611260617631,false,2
2202,0.41037387713866247,0.33,0.4554105708746211,0.3908241950641348,0.45976126658936267,false,3
2203,0.4226102636150608,0.41,0.48197712749084315,0.5164221886513582,0.5683992060588565,false,1
2204,0.3757548613942053,0.14,0.36128949026263174,0.21700413574213875,0.3200242008544446,false,4
2205,0.4489931218925508,0.36,0.2470161324157284,0.4171405726929481,0.464231254734319,false,4
2206,0.37048445999432483,0.06,0.09549734954705688,0.09790600459997897,0.22937429772967094,false,3
2207,0.3888264824360997,0.13,0.31193042046549824,0.30603581552148607,0.37578861513060685,false,1
2209,0.4121862826335803,0.21,0.43504813560037764,0.3988691714748513,0.3988242088451256,false,4
2210,0.9248692504883597,0.8,0.8972778658270111,0.842770600240478,0.8114507654281402,false,4
2213,0.3751653103578444,0.23,0.34324484669685335,0.4210092081251341,0.4295080353722709,false,1
2214,0.6856440239544851,0.64,0.4569398374858699,0.6811940869189489,0.7465373058365521,false,4
2216,0.36947317768653987,0.2,0.4653013501173183,0.3147440541677942,0.45772612258992174,false,2
2217,0.3891447430609633,0.14,0.12380856809830747,0.30195394299542777,0.281577820008693,false,1
2218,0.40658920578707797,0.19,0.39652496063389486,0.3544574333513314,0.38267343560338446,false,5
2219,0.33610410350115283,0.14,0.16896605457502797,0.24451826912448793,0.3106642100603225,false,5
2220,0.4169146556632817,0.22,0.5101064114420936,0.40732476920324123,0.5026388166532234,false,3
2221,0.5299929860403998,0.33,0.3847656350400269,0.324565073064201,0.47337128937133444,false,4
2222,0.36863882070936727,0.11,0.2577213114844413,0.2808814511542951,0.3367143446396681,false,2
2223,0.3944442833176346,0.15,0.3130297895502711,0.23542772701155054,0.3920850202042173,false,4
2224,0.638953376889496,0.54,0.668124236699066,0.6632115253139318,0.7587153036447384,false,3
2226,0.7463740278926739,0.69,0.4107056250272392,0.6471960089218303,0.8005128890849628,false,4
2227,0.3490801615369229,0.04,0.09079725848445717,0.05493898791267213,0.23851698607183117,false,4
2228,0.30784378201635804,0.11,0.06721875496712572,0.23571176851749187,0.25844245007235095,false,1
2229,0.28400253084200644,0.08,0.11425697450644001,0.1887052050391677,0.232964952791223,false,5
2230,0.30523054566238295,0.09,0.19582999477924856,0.27970849460561725,0.2843521998010825,false,5
2231,0.30523054566238295,0.09,0.19582999477924856,0.27970849460561725,0.2843521998010825,false,5
2232,0.30523054566238295,0.09,0.19582999477924856,0.27970849460561725,0.2843521998010825,false,5
2233,0.3962535099677608,0.19,0.1682236693692537,0.2898534613358927,0.3048250435610507,false,1
2234,0.3450743407968882,0.26,0.3000480965551623,0.3546433357936119,0.344858389973721,false,1
2235,0.3656172711642595,0.28,0.3406886286610595,0.40713222931144677,0.4487767730952069,false,5
2236,0.2639083169214145,0.32,0.39758432321206894,0.4730452360833305,0.4837258974053103,false,3
2237,0.45105120449537894,0.33,0.5960842171596775,0.4630235276316764,0.43953904723141857,false,4
2238,0.5141519459015984,0.31,0.4047221703933336,0.40156003206652424,0.5080474726353611,false,4
2239,0.8235580473485001,0.39,0.602323825440613,0.5666391840376134,0.7478862462772798,false,5
2241,0.7365083792104407,0.34,0.37082472058463223,0.5009343160401807,0.7050630123614522,false,5
2242,0.4768778421676809,0.25,0.4029449629305344,0.4707493700141881,0.45498459408418523,false,2
2244,0.4921053171289362,0.61,0.5507696574504954,0.5190160148043655,0.5744610628506374,false,5
2246,0.39213540550878756,0.39,0.4662075525490632,0.3813940133357346,0.40116673379732143,false,2
2247,0.499619846136177,0.27,0.4688862766560822,0.33899060619200966,0.4771014994710837,false,4
2248,0.4314763715336936,0.23,0.32894433775264986,0.3579729187736239,0.4217424237837044,false,4
2249,0.3083853719872704,0.1,0.23160047584849175,0.2234785704690044,0.28221607163316415,false,1
2250,0.589848326091211,0.33,0.662551923695701,0.5795381287971739,0.6514558458694788,false,4
2251,0.22449765369610228,0.0,0.14813177457589755,0.07006518874189081,0.2334414510063682,false,3
2252,0.2973303243142216,0.22,0.12243509150944795,0.22005685813154852,0.2382356887739162,false,4
2253,0.4315248721911661,0.29,0.4525394507074908,0.3921076498127977,0.45050953766027146,false,3
2254,0.6197186962042283,0.65,0.8383058163415603,0.7209194190623068,0.7609830427167014,false,3
2255,0.45038785894139677,0.21,0.46346106373922985,0.42139564231911697,0.4720377211559846,false,1
2257,0.4966090749440872,0.4,0.4952648317335859,0.4569612902016342,0.496936062940586,false,3
2258,0.42976632510315343,0.58,0.5418477268922811,0.4828292316395656,0.4695002731234741,false,1
2259,0.5927443174782124,0.63,0.58978262271937,0.5966006573646383,0.6322568097629649,false,5
2260,0.37508376590006554,0.17,0.14436565285165656,0.3291752516074793,0.35916881625368063,false,3
2261,0.8098568794065383,0.46,0.6986915650113458,0.708097776546683,0.7323155893681632,false,5
2262,0.499195517483745,0.31666666666666665,0.3920623013675241,0.4803010728834121,0.5490484186338157,false,5
2263,0.3912690936630503,0.11,0.19170300508952365,0.19614482619524054,0.31746253478531367,false,3
2264,0.3815404075761062,0.05,0.1718353783639188,0.17084979807773926,0.2792816597956524,false,4
2265,0.4337658738925006,0.52,0.507720960054881,0.4236644618570753,0.436673150225663,false,1
2266,0.34711536034436374,0.4,0.35874905419662584,0.30958897629680276,0.3621315467918029,false,5
2267,0.32113196593722987,0.26,0.05903998520231933,0.28123820225736973,0.24085139143659468,false,3
2268,0.6685090226472473,0.6,0.5271091394806896,0.5780854131725696,0.6245881604651611,false,2
2269,0.4507297495491774,0.07,0.2124930713089704,0.16268434506669802,0.30105184286739484,false,4
2270,0.4390501002880915,0.24,0.3911200249159386,0.3731826546283826,0.3991556261492234,false,5
2271,0.8199291819644055,0.77,0.8194351057840181,0.7713596439047581,0.774014438839564,false,3
2272,0.3485036656310682,0.1,0.1112393353924412,0.11904543658955424,0.27106321607620254,false,4
2273,0.5894388521158707,0.69,0.7146440328424809,0.7596713078064884,0.7236448382819698,false,3
2274,0.3271597001835995,0.57,0.5341132060216203,0.5825765287437717,0.4665697213581846,false,3
2275,0.3978543536384144,0.21,0.1457176415749212,0.24032827794263475,0.2792441877875503,false,3
2276,0.466774667440308,0.36,0.5110130953523319,0.5958771713726153,0.6162097785690299,false,1
2277,0.2634058631505809,0.1935,0.2710711404731941,0.2593879611734915,0.2713883618754828,false,5
2282,0.3161372228579133,0.8658333333333335,0.34313717268664023,0.3141877858949334,0.27555962372491666,false,5
2285,0.32615808635019566,0.01,0.2317100268563045,0.25635360108501254,0.26710113971656513,false,2
2286,0.30017071041060267,0.0,0.25791734587204435,0.1975179040402315,0.2916186253312958,false,3
2289,0.44084800923826206,0.05,0.24985792706673735,0.17077191403765885,0.37604300392122497,false,4
2290,0.4217421888605677,0.21,0.22575290805693587,0.2622445429783346,0.41741682181708567,false,4
2291,0.44084800923826206,0.05,0.24985792706673735,0.17077191403765885,0.37604300392122497,false,4
2292,0.4184552143899198,0.09,0.17834249076970987,0.09541915189101889,0.28904189795405305,false,4
2293,0.4184552143899198,0.09,0.17834249076970987,0.09541915189101889,0.28904189795405305,false,4
2294,0.4192042687857389,0.11,0.08950743925236897,0.14890001583570694,0.2791541933045644,false,4
2295,0.4296065645029347,0.12,0.22352455979698072,0.30742229309026614,0.3297216868981683,false,2
2296,0.4345005926991521,0.12,0.1804299534768799,0.25520060902467995,0.33030133503205206,false,2
2297,0.4321354858327281,0.1,0.22834605711101377,0.3079601850266333,0.31452782045009386,false,5
2298,0.4374616086723953,0.13,0.1692546432505565,0.18109664747652698,0.2837979353224334,false,4
2299,0.5129518569846704,0.22,0.5096703024607833,0.43843570596239856,0.5479137134398069,false,1
2300,0.3173591065996321,0.06,0.23659962357599823,0.18597687383883382,0.2872408131857749,false,4
2301,0.33963774702273375,0.27,0.3495095102719708,0.30976178860294323,0.2538775812515037,false,4
2302,0.36470635447940963,0.19,0.2486905052795764,0.2523791523799075,0.24548276178196307,false,2
2303,0.38347502265067696,0.12,0.24514174736303798,0.2901817791227902,0.3080087368796453,false,2
2304,0.5434346874803327,0.56,0.5865247452756165,0.5638253605655479,0.5491697240927375,false,2
2305,0.4509549072552281,0.19,0.3580651950880433,0.3889235736803962,0.42660316514925833,false,1
2306,0.31358943717267035,0.1,0.08906468724617628,0.23573397076959812,0.21468002667620933,false,5
2308,0.31358943717267035,0.1,0.08906468724617628,0.23573397076959812,0.21468002667620933,false,5
2309,0.441509228331897,0.39,0.3699989164333464,0.3631998732686183,0.31700478481429556,false,5
2313,0.5186524744547821,0.26666666666666666,0.2892021823329961,0.31277784398184927,0.47455854998781133,false,5
2314,0.46067415013874136,0.1,0.09612709490253174,0.07641123051784816,0.2349924137856876,false,4
2318,0.47973882638503773,0.69,0.69828439687035,0.6611871066506569,0.6266419368375107,false,1
2320,0.3367514288239502,0.21,0.2375599331119617,0.23297452060895163,0.2553856378338571,false,5
2321,0.3195895595164423,0.17,0.09337114079015323,0.17890720838848861,0.2238501975818094,false,2
2322,0.2897008725213701,0.03,0.10706212913894958,0.1788876064455124,0.2806627854826356,false,1
2323,0.31840087719051174,0.02,0.23170512254144277,0.24417836470853832,0.2749235962768218,false,2
2324,0.31966325002199014,0.28,0.28378732271946927,0.2662302982857825,0.28465124880573395,false,5
2325,0.29903659019515355,0.02,0.21967727260039172,0.10650110819132554,0.2961385603407443,false,4
2327,0.37550554797143304,0.14,0.27008211546082606,0.26208483322020176,0.3797534459272362,false,3
2328,0.3214207465400711,0.19,0.3723307689965851,0.1684220767253292,0.28158012757202777,false,4
2329,0.30428110412760845,0.03,0.3626378322612732,0.14178887527588713,0.26142175449210703,false,3
2330,0.521309607477586,0.21,0.6411865597609446,0.611165989360898,0.6108217860777796,false,5
2332,0.3312428482687073,0.04,0.07879612277804995,0.21204844861806607,0.21468002667620933,false,5
2333,0.4291890640345403,0.05,0.14781323001386718,0.1340504927863507,0.24209696040401182,false,3
2334,0.455101753866222,0.24,0.39403714394679995,0.43702583384452476,0.5228675668558823,false,5
2335,0.37285169058029805,0.4,0.5642809075637147,0.3814677439778142,0.4429366489496332,false,2
2336,0.6362690515816873,0.44,0.7441909934984267,0.4736959702456725,0.6094884986370759,false,4
2337,0.3476700447494667,0.13,0.23601905191116024,0.27746836169196154,0.29045593475562964,false,1
2338,0.6077708721884556,0.7,0.6928291902388867,0.6797017208682348,0.6551139720068916,false,2
2339,0.5653557318780476,0.63,0.7199138112836849,0.6471372962057188,0.6306995274188951,false,3
2340,0.31273752450687436,0.22,0.40647081742778424,0.2566116570536547,0.404441164704075,false,4
2341,0.5122135719626311,0.22,0.12757069514912078,0.3518126619729605,0.4061225547830415,false,1
2342,0.4306557229119832,0.08,0.287901432068483,0.2759263625488225,0.3001297375387562,false,2
2344,0.5093351875255216,0.45,0.2811616973655479,0.49463421474833835,0.4971356266603254,false,2
2345,0.47741719372227587,0.11,0.17492303842951654,0.3711107425298421,0.37461137108408504,false,2
2346,0.37122904675825186,0.31,0.3202827776733471,0.41288706680835024,0.4036263029171095,false,3
2348,0.4006432605596725,0.27,0.3399397618497398,0.3541447723930695,0.3809394364691388,false,4
2349,0.47522847442686517,0.24607142857142858,0.4478753513758885,0.4733273465051838,0.5327865610096424,false,5
2350,0.30613157040352873,0.01,0.10329447506138502,0.18133357351911228,0.23674239788122056,false,2
2351,0.5423042987366415,0.41,0.3245798980951907,0.47851876061125104,0.5873630135799747,false,3
2352,0.41398923328735476,0.13,0.2084791725599243,0.288509982063313,0.2616641783429463,false,2
2353,0.45558650779254484,0.2,0.32197421322743347,0.3900236203443934,0.4291588566913923,false,3
2354,0.30701362323063563,0.08,0.27187812490625046,0.22185648077787626,0.26027325788664685,false,5
2356,0.517646689137229,0.39,0.3960324378897175,0.4849702807806532,0.443607892268221,false,3
2357,0.3007504826963557,0.09,0.17325389492165313,0.24418654269096307,0.2511429192118496,false,2
2358,0.2818528379603046,0.03,0.11783638340105652,0.22485949264144814,0.227226575507232,false,1
2359,0.42938010339143795,0.39,0.45578988715615987,0.40675052059989397,0.3707330331151029,false,4
2360,0.3864082990659847,0.08,0.29692988081646815,0.21019757867261732,0.38205075181424003,false,4
2362,0.3645073606901585,0.37,0.22936730638491576,0.3366224061157928,0.3298326312163239,false,2
2366,0.27521809170425005,0.09,0.19770377807668335,0.22827637947456889,0.25595056299146585,false,3
2371,0.30063271687233445,0.26,0.2699830375554099,0.23672920920084117,0.23221865664753588,false,3
2374,0.27521809170425005,0.09,0.19770377807668335,0.22827637947456889,0.25595056299146585,false,3
2375,0.6271447739063299,0.58,0.6451311434897641,0.699387377439095,0.6944245186765443,false,5
2377,0.463105330205559,0.43,0.5487339260054838,0.46775128895728757,0.4541065589348153,false,4
2380,0.4097661851790316,0.24,0.3676817461636133,0.3442911481964444,0.4191772631861925,false,4
2381,0.534281990014026,0.37,0.3872312643568972,0.45034473721339174,0.4956432295116275,false,3
2382,0.41697475202362766,0.32,0.491856751085468,0.43911829235329464,0.4378782858943715,false,1
2384,0.40217219645182123,0.14,0.27609284217029817,0.12486611442822743,0.33095024300328674,false,4
2385,0.3858152819340522,0.07,0.33246333959406105,0.23952392696152067,0.38429042386202955,false,3
2386,0.3862022654512452,0.13,0.471727952010941,0.4192213573636064,0.5028981090587139,false,5
2387,0.33709256099805224,0.25,0.2680317820637903,0.24365356322678478,0.26813986990879624,false,5
2388,0.4595272176130779,0.27,0.40279805573957905,0.4140741398598328,0.44645348934646484,false,2
2389,0.8284068374574624,0.51,0.7503344626580218,0.7889902234852412,0.7337013027349285,false,4
2390,0.5575865813616171,0.78,0.6357789771847637,0.663476634701091,0.6280725005449409,false,3
2391,0.5918518611809594,0.42,0.632450444627661,0.6375166201335415,0.6549304744196563,false,4
2392,0.5177920485294358,0.46,0.542387403665547,0.5618004054360242,0.5996685847230677,false,3
2393,0.41141374513920265,0.1,0.21136248055841514,0.31715267420441184,0.33039377324647295,false,2
2394,0.39722883964544,0.16,0.3282521932585999,0.18043311820238134,0.3770809156524816,false,4
2395,0.3864945453953521,0.13,0.2860687866599419,0.2068247004715272,0.32035528902182886,false,4
2397,0.6179933274698848,0.58,0.7246752626029814,0.6941567007804494,0.68048187270191,false,1
2398,0.7019999178689249,0.45,0.45477118019426394,0.5618238687564487,0.6457323380286222,false,5
2399,0.5201758829399674,0.68,0.763296004870176,0.7228211781207975,0.6814717403877157,false,4
2401,0.59372499115418,0.36,0.682169997166259,0.5795126542309904,0.6039276652500369,false,5
2402,0.5684601349097208,0.47,0.7085810132231335,0.6503605930341716,0.5800159494328351,false,4
2403,0.47280944561345195,0.38,0.5147222290789102,0.5010299031329073,0.4896658046911032,false,3
2404,0.3910626181258692,0.16,0.177631617228528,0.26934088371355314,0.3256274564917898,false,1
2405,0.3357056909252712,0.17,0.0509896344769104,0.22188989449131896,0.21266758264747773,false,1
2406,0.47593994204543316,0.32,0.538989536155135,0.44531942695638593,0.49888454883087396,false,3
2407,0.5399352579929739,0.4,0.462952819254886,0.45682829373077866,0.5904140830207872,false,2
2408,0.42028482301211356,0.29,0.23285519462606455,0.3933164030349616,0.3677188732620123,false,1
2409,0.3230616872244361,0.14,0.2503926513262772,0.2162892710146938,0.260365020244185,false,1
2411,0.5236942185202182,0.34,0.2832723993948683,0.4489835953847059,0.5128837595442172,false,3
2412,0.5778572092912825,0.33,0.7057324296610253,0.4775886493353283,0.5895732690072207,false,4
2413,0.3652044484244203,0.04,0.15083803705072651,0.19589787098998676,0.21941902573858846,false,1
2414,0.8129166626642926,0.67,0.7546190767320573,0.7738526232404672,0.748850063982611,false,2
2415,0.49138815044423834,0.25,0.3443730022691983,0.4729554940032893,0.46706388214657457,false,5
2416,0.4259393449886489,0.26,0.26187049127005996,0.36846452688035514,0.46839600178604524,false,4
2417,0.4021973111421959,0.21,0.2659572010806475,0.28458548190573674,0.26460787693462123,false,2
2420,0.41529373890287086,0.21,0.3831043363660001,0.38495065722782656,0.42971205278442215,false,5
2421,0.3239539552221299,0.07,0.2761583357778487,0.2605682924596038,0.32218321003341854,false,1
2422,0.5000402534735187,0.3468333333333334,0.44702566631950436,0.44006532973755336,0.4531971585055469,false,1
2423,0.3254146399526364,0.15,0.23613278215795797,0.2242105176201035,0.26813986990879624,false,5
2424,0.3999999879476034,0.04,0.21490244851279708,0.32474428657647936,0.3392797525188093,false,1
2425,0.7300282275183625,0.45,0.5997227350513635,0.536054012496697,0.5782294321051923,false,3
2426,0.6899269504191774,0.41,0.6857609055357411,0.568856044042453,0.7141942613876596,false,4
2427,0.3779034439927303,0.31,0.2401393518962843,0.25632927563106594,0.22974889625719286,false,4
2428,0.45771603668368943,0.53,0.46790677829014277,0.505534832249321,0.5818906301822848,false,2
2429,0.44020057925314077,0.51,0.5425460446902675,0.4476790627192521,0.5244039235979598,false,2
2430,0.4613026971376247,0.29,0.4026028963117253,0.5335789712779129,0.5812934430240172,false,5
2431,0.4269940407058939,0.21,0.146655018520969,0.3679136045407511,0.3693791433695757,false,1
2432,0.40556586218825036,0.38,0.3475008700954462,0.3745416936414576,0.4015214230809656,false,4
2433,0.7520719924265815,0.7,0.48909228456066206,0.6850069951464812,0.6629087081154724,false,5
2435,0.4956988113431289,0.22,0.4053529388697649,0.3411547138929286,0.5209245164513828,false,4
2436,0.5302785390842799,0.42,0.3533968816499848,0.5085291146818394,0.6006871331554005,false,3
2437,0.4326210543201702,0.31,0.37730316037972045,0.3780401197959247,0.49168968846989025,false,4
2438,0.3745801402341901,0.27,0.288302378134214,0.4108440772207517,0.4072783959425156,false,4
2439,0.3992263737529882,0.18,0.1800052687040988,0.22904190197682436,0.4289111470748364,false,3
2440,0.428001626721944,0.46,0.4170015144906823,0.42735582639149444,0.3903553297533954,false,1
2441,0.36256027159565507,0.08,0.1485762400115085,0.22557214405267875,0.222368211577771,false,2
2443,0.4086792340502812,0.28,0.29333503002045386,0.39518417806436196,0.3732927334425344,false,2
2444,0.36517315175512466,0.27,0.043471350704524105,0.23226900538168316,0.19197446145508373,false,3
2445,0.3411058354371154,0.14,0.2349945863732822,0.24594779891375226,0.28221607163316415,false,1
2446,0.6274347220255968,0.37,0.4189262412446569,0.5964826372086055,0.6102831761140078,false,1
2447,0.3822774918292454,0.71,0.45957438214563345,0.5665995728839094,0.429014590474805,false,3
2448,0.3197614073659996,0.05,0.2292013344793699,0.21665057367835117,0.2827873461055579,false,1
2449,0.3185756863835656,0.11,0.2759716306432429,0.22062615131351426,0.2916186253312958,false,3
2450,0.3875970601750596,0.16,0.40827572064261064,0.41413523547307163,0.4781760980437864,false,5
2451,0.3582541939032323,0.3,0.29951546617750213,0.2626179603857353,0.36756344857699313,false,4
2452,0.4848058479589175,0.53,0.4536747458006943,0.46790545012650825,0.5276225514716782,false,2
2453,0.3441655892176577,0.2,0.2931062874893619,0.25510353803844604,0.2863430499745349,false,1
2454,0.3800914287497174,0.4,0.15089981075273126,0.19327490430392902,0.2586179441821738,false,4
2455,0.3627343652490849,0.06,0.26542254096747936,0.11711297062332598,0.2578116917863127,false,3
2457,0.43276510882943103,0.31,0.43009904285243516,0.3596654428562283,0.40608034716781205,false,5
2458,0.37812858376819963,0.5,0.3689260958077308,0.22107128610553542,0.343850728739829,false,4
2459,0.496471672937325,0.4,0.4692739868205613,0.43946656379716514,0.4643890893007766,false,1
2460,0.45209934283704994,0.23,0.253246910741612,0.30931497495738286,0.4042527481116173,false,3
2461,0.4459355999349578,0.14,0.3074188108179557,0.3763319821600136,0.4261259790675251,false,5
2462,0.40989253001626047,0.13,0.15444336167721898,0.27744186511363256,0.3007547667732645,false,5
2463,0.3919604493819382,0.13,0.14537439602116947,0.23359839617553582,0.26358088155963355,false,1
2464,0.4302251763044669,0.29,0.30714654761463445,0.32901809245581687,0.4031548376961683,false,3
2465,0.34498268463039095,0.23,0.19230290020673255,0.2990541705382426,0.33555973820031,false,5
2466,0.46085578681955913,0.43,0.6698314375699888,0.6004183529994429,0.585171725672479,false,5
2467,0.6411177674669791,0.19,0.04184919360741249,0.3538556113575348,0.2823954727598808,false,5
2468,0.5311784567364357,0.3,0.4347858885849097,0.35646233038478803,0.428516413157835,false,4
2469,0.3964720681179814,0.17,0.25408328699386074,0.34901218214207463,0.34050671556359974,false,2
2470,0.32680136136775595,0.3,0.298163423888611,0.31392838489677166,0.35886052176420746,false,5
2471,0.5633666909602582,0.52,0.5959547736861718,0.5179048421183247,0.6086058329019879,false,4
2472,0.48342718375457616,0.14,0.08839616859805101,0.34711141322062267,0.3732524314157362,false,2
2473,0.5697708106998245,0.26,0.620307084927705,0.3537872849792577,0.5295738502415636,false,3
2476,0.5908120302075767,0.5,0.7507856566448249,0.6137694636318253,0.6441932363021267,false,5
2478,0.45559506486175555,0.18,0.35937357646620255,0.41384951877875764,0.4210479584598937,false,1
2479,0.4384824785810373,0.34,0.569305325092618,0.5345708112006345,0.5495143226205851,false,4
2480,0.45450276562510783,0.36,0.5326499028227143,0.508194126951293,0.541188757215602,false,4
2482,0.5102051432950834,0.23,0.23161854359050404,0.48900858313286766,0.4400428359268459,false,5
2485,0.46858162994982944,0.21,0.37884254719858995,0.45997497992125064,0.4520694548968352,false,1
2486,0.29043633765615534,0.09,0.430608562130579,0.2567759832816076,0.28836901405073917,false,5
2487,0.32667912820636225,0.37,0.2834248032836694,0.29331962280994106,0.2916186253312958,false,3
2488,0.3619821068175634,0.02,0.21063039000429004,0.12318901729692215,0.2990013066609711,false,4
2489,0.41518899224914463,0.13,0.42460754223457187,0.2657826633253032,0.4287845870443589,false,4
2490,0.29043633765615534,0.09,0.430608562130579,0.2567759832816076,0.28836901405073917,false,5
2491,0.316003624900738,0.15,0.3560299215028826,0.2363013790941078,0.2621618712768427,false,3
2492,0.5593361255939899,0.64,0.6904121697515649,0.583541124908306,0.628539482918033,false,2
2493,0.5353501665922713,0.46,0.361509046726745,0.5286479665175468,0.5116558235215249,false,3
2494,0.5335088957003495,0.41,0.5171385738650519,0.5582189496671479,0.5292941280759036,false,5
2495,0.3809732521850427,0.01,0.15851802248132837,0.2141896160333018,0.2604443418677033,false,1
2496,0.3805381684989217,0.03,0.13813101989258877,0.2798339079280736,0.32998958507130954,false,2
2497,0.4450386375527814,0.44,0.3944147918108141,0.42478212684290134,0.42017942236294065,false,2
2498,0.3877468628593112,0.54,0.3531319355782092,0.44886479428551196,0.35075036456990927,false,5
2499,0.5037355690591069,0.28,0.20521436700228926,0.40372471047156416,0.40020509583831226,false,5
2500,0.4169075840659265,0.16,0.11094970327699649,0.1991944065727004,0.2435103144641804,false,3
2501,0.26671434890042944,0.12,0.4253886544581497,0.25400633859039273,0.2937697856615468,false,1
2502,0.3636252872127277,0.12,0.28770087073241934,0.26210127962087315,0.2934620621425874,false,1
2503,0.36601853837237036,0.28,0.44245010728170137,0.28826549860662287,0.3132832952898058,false,2
2504,0.36359215533882705,0.1,0.0985950034103789,0.146796444260647,0.2324414868251184,false,4
2505,0.4204032596303631,0.21,0.20281462710503598,0.2563552220144726,0.37925890918346716,false,3
2506,0.28512380622047223,0.18783333333333335,0.2131770100023096,0.1435700926302895,0.18112810606524682,false,1
2507,0.35779291604456587,0.06,0.10280112350376723,0.18523624200812197,0.2635266197264588,false,1
2508,0.47949351057799067,0.3,0.27299831782761275,0.4070046982575677,0.40050722738830513,false,1
2509,0.8262074402725131,0.73,0.8957984830262324,0.8198933066187439,0.7871303394217892,false,4
2511,0.6055882875426231,0.53,0.6449663496579359,0.6259139051946135,0.6521178873412727,false,5
2512,0.28318849836644916,0.8,0.46214103637242737,0.48605448940414064,0.28432522565256246,false,3
2514,0.45163685976753376,0.18,0.3475461223096209,0.3529724826277881,0.4574900950595154,false,1
2515,0.47710185070468303,0.09,0.2716723884853424,0.3862145992477416,0.5154073851827429,false,2
2516,0.39988500660463827,0.8444047619047619,0.49956598670213814,0.5404349949131153,0.43001830040194206,false,3
2517,0.6188018259512104,0.21,0.4489892169208236,0.46643295973487087,0.5899640360392641,false,4
2518,0.8262011432829132,0.37,0.14988437333297316,0.5243189470066819,0.6165092484360395,false,5
2519,0.8368203376726165,0.71,0.9095334307418039,0.7669239874281827,0.8061489952151247,false,1
2520,0.6652862783169852,0.17,0.21759274167670695,0.29461658756763254,0.45291502916346627,false,4
2522,0.4874263845866562,0.4,0.4725611222370057,0.5082871443321306,0.5656780527191448,false,2
2523,0.27845319934209456,0.16,0.19511920055633356,0.24693709600692393,0.2562535291635746,false,5
2524,0.47951837814538195,0.4,0.29133839056250366,0.36452496823170644,0.3720699528622472,false,5
2525,0.6044260811450433,0.51,0.6590319041239148,0.6774408438763407,0.680621756015215,false,3
2526,0.6274765094706762,0.38,0.27085366681892203,0.49391228811557675,0.5924484796317838,false,2
2527,0.38795105726586504,0.5,0.5112387480407067,0.5671143528263451,0.5041200600503076,false,1
2528,0.5044623206676675,0.27,0.20549947769418286,0.4399336563465424,0.4013295953737281,false,5
2529,0.5266167465226266,0.25,0.3549224175826029,0.44429660409619254,0.451124919339475,false,2
2531,0.664340685518911,0.34,0.3579830247088129,0.6171891127246976,0.676611821946012,false,2
2532,0.4752960859684,0.23,0.24897382322726044,0.3632578765953782,0.4712809446740997,false,5
2533,0.7650602999231605,0.61,0.46364138518131515,0.8081183563386056,0.7901119372779337,false,1
2534,0.29526726266753345,0.47600000000000003,0.1960867337646462,0.44822970127935685,0.31148647206589614,false,1
2535,0.2649080488836707,0.01,0.015755153420826586,0.13503256276962847,0.16503107606688736,false,5
2536,0.28552095021963536,0.16,0.16491673696078596,0.2147413780697313,0.3377328385553069,false,2
2537,0.32329018712140367,0.11,0.18998832948268232,0.21497124954535474,0.26402831636526997,false,2
2539,0.31833205339383974,0.15,0.08895354968992408,0.14085635574006317,0.2663101321210173,false,4
2540,0.48022837051264217,0.32,0.6656004351196355,0.64802745244227,0.6251807862990979,false,1
2541,0.32912989759316563,0.18,0.2701673304442211,0.2240670900474246,0.2446330753317746,false,2
2542,0.3200330577890451,0.07,0.11246126807611288,0.18921614677792678,0.24254586984537987,false,1
2543,0.3351205344731929,0.13,0.38643647416889626,0.4281061420268371,0.4499590092363772,false,1
2544,0.3310072117357348,0.14,0.29088907103276856,0.3402383706021343,0.3634862141911546,false,1
2546,0.41947686499831877,0.08,0.0630757297172386,0.15058724024054806,0.2163285414541495,false,1
2548,0.42282609553976,0.03,0.12186115719904064,0.16977595048933902,0.22882516988433899,false,3
2550,0.38731866325462105,0.11,0.1341697301998843,0.21467622381553542,0.2232564383847234,false,1
2552,0.39769607316406974,0.09,0.1471911239785529,0.11243842141143472,0.20972898759042571,false,3
2553,0.38958377652248405,0.05,0.20196887172043035,0.10984791690613165,0.30891300538665,false,3
2554,0.509492300340661,0.44,0.5683464269999141,0.5125539308426054,0.5959878048743625,false,4
2555,0.509492300340661,0.44,0.5683464269999141,0.5125539308426054,0.5959878048743625,false,4
2556,0.33387353689548566,0.09,0.46613236442678874,0.2808878444534052,0.4385023878697054,false,3
2557,0.5425406955062363,0.4,0.646822484150476,0.6381136650882615,0.6215986508211337,false,1
2558,0.5477221494849193,0.39,0.6509386261046165,0.5067274708888708,0.6313979396899178,false,3
2559,0.3437027236875657,0.11,0.09291534509614664,0.20018229355240838,0.2300225864263067,false,2
2560,0.35476233903619336,0.02,0.2799744633440797,0.39848774627475264,0.3566096392097378,false,2
2561,0.29780937004976155,0.0,0.18060814646667556,0.21187474268038714,0.27111248544007616,false,5
2563,0.408916950957028,0.1,0.2629052992289219,0.20201308692049316,0.31345561935198524,false,4
2564,0.3782789185429361,0.1,0.30710141896030313,0.3323508646384421,0.37081513975113833,false,5
2565,0.4191302277446011,0.1,0.408684782855377,0.3553998572740569,0.3702916064777983,false,5
2566,0.40200397822063955,0.09,0.2512140331952056,0.3065017713496249,0.35920203675139284,false,5
2568,0.4408796300842668,0.19,0.3788675712385801,0.48691395869623977,0.57685184711826,false,1
2570,0.46438682306449397,0.34,0.5528486871372874,0.3718866351748051,0.5753533273626084,false,4
2572,0.36916641064270717,0.16,0.2445493370688805,0.2942683247546521,0.3689822125295512,false,3
2573,0.34368637664026414,0.09,0.08414190523869607,0.1849837551843451,0.2473876678217465,false,1
2574,0.375883706623454,0.23,0.18369612998679513,0.318971586897564,0.3319895025569895,false,5
2575,0.3651870980386363,0.1,0.038334233837276604,0.13814409773233302,0.2747497034959366,false,4
2576,0.3651870980386363,0.1,0.038334233837276604,0.13814409773233302,0.2747497034959366,false,4
2577,0.3681086586820541,0.15,0.1529876030793286,0.3060559923786566,0.32851064574658184,false,2
2578,0.5001111708239019,0.18,0.4250663162905144,0.4015207227338711,0.37760199248562887,false,2
2579,0.40232875344411473,0.19,0.34702821148074103,0.25854214525453756,0.3919266986375647,false,4
2580,0.28324765296204824,0.04,0.0941250099145953,0.07981914643747051,0.17070433538225185,false,3
2581,0.40232875344411473,0.19,0.34702821148074103,0.25854214525453756,0.3919266986375647,false,4
2582,0.3596172058341177,0.18,0.16775339952928459,0.2922694957921533,0.3317908779151885,false,2
2583,0.4605878723647179,0.3,0.5143894274034948,0.3193712825346486,0.49341546580483997,false,4
2584,0.36172188778857445,0.36488095238095236,0.37154970715031954,0.40692730041430836,0.34497990632741354,false,5
2585,0.2529883219995845,0.07666666666666667,0.11509280599219257,0.1699403699964456,0.26835830803374017,false,3
2586,0.641761155040641,0.54,0.673536626967328,0.5875884126021497,0.6888670178652181,false,5
2587,0.4710782007245858,0.33,0.2791837853196296,0.4337001290726321,0.4862257164671477,false,3
2588,0.4619085225641173,0.49,0.4985602361118319,0.49483293140363327,0.4600792558176882,false,2
2589,0.5391723866590253,0.47,0.4322460227155683,0.5467534580457845,0.5139998876495232,false,5
2591,0.4298540871525195,0.17,0.32996146381844976,0.29561752642782063,0.3179806045315723,false,4
2592,0.3992288119650907,0.14,0.46159070915108047,0.3759233679604199,0.40005541409180145,false,1
2593,0.6764115740760331,0.38,0.43152436691098894,0.5047559291914401,0.6022746012910839,false,3
2594,0.42979297689484525,0.2,0.30884890625182715,0.4011988397545844,0.3522922184569227,false,2
2595,0.5204498737713786,0.51,0.6885930676088541,0.5757708468949406,0.5600713770200055,false,1
2596,0.5108916694949353,0.31,0.32620969518714615,0.5037935049734361,0.43154210610406224,false,5
2597,0.4294685869604599,0.2,0.38693953361426087,0.2829920005351608,0.4374928117208862,false,4
2598,0.3220577342340613,0.17,0.21294397408782864,0.21105260523360092,0.3455066305014626,false,3
2599,0.38834765147667916,0.16,0.3078709566072229,0.3995557654800877,0.4411006406864713,false,1
2600,0.422641634254136,0.17,0.411851835122305,0.3220086261022084,0.39788787840934214,false,3
2601,0.8251447418354029,0.86,0.843268311299798,0.7756163185704488,0.738653449017442,false,1
2603,0.28272878895252956,0.05,0.03434343648105462,0.053166680541680555,0.22536836779302494,false,4
2604,0.5176452046623937,0.6,0.4041951904458457,0.610020094899143,0.6239030755847996,false,2
2605,0.5932211971277359,0.1,0.3892943418793555,0.39085849032236053,0.6276406674288761,false,3
2606,0.5727872626090512,0.34,0.41709154462443226,0.5161185008048338,0.5941629655111821,false,3
2607,0.28272878895252956,0.05,0.03434343648105462,0.053166680541680555,0.22536836779302494,false,4
2608,0.2404064033368016,0.22,0.4204117491398706,0.3013890059524638,0.34092046828387856,false,1
2612,0.22032436632745406,0.43816666666666654,0.45766384277309896,0.47732152090249597,0.2767175873716514,false,4
2613,0.5173021724138249,0.4108333333333333,0.41614128701018677,0.5355672899205342,0.6216841597491588,false,5
2614,0.33382522894446215,0.12,0.21524163056921605,0.2558691550445612,0.31486231807608067,false,2
2618,0.4333067119146214,0.2,0.2085030694070354,0.2497210421466006,0.416548292319194,false,3
2619,0.32559696435556673,0.39,0.14308525938922684,0.33761073622635307,0.2451603287100828,false,3
2620,0.32426548362340046,0.57,0.6693519646248107,0.614094799389775,0.4521521104271726,false,3
2621,0.289559152049792,0.44,0.4101604076691417,0.535502967252317,0.4573059602973304,false,3
2622,0.4441758084096438,0.23,0.4409425721388119,0.3647604027783942,0.4667992667215713,false,3
2623,0.44224778475855514,0.21,0.21351807343970897,0.29655934242355364,0.422782844278753,false,4
2624,0.43595245740829786,0.29,0.3856856802549117,0.4012354723111053,0.4340753774434961,false,1
2625,0.43947743388234684,0.33,0.4390616194064851,0.4164854157674992,0.4753443744756184,false,2
2626,0.29522890604346913,0.28,0.25063697966170073,0.2008800913679684,0.23200677360766586,false,5
2627,0.42034806871691555,0.38,0.5920193923927491,0.5067109658789307,0.48995215747326526,false,4
2628,0.43401417273480075,0.3,0.42412033655796,0.4696506055674027,0.42568433105447023,false,5
2629,0.6565285413457892,0.32,0.3352351439088848,0.49417554575541955,0.6356547206509771,false,2
2630,0.6259630300573262,0.34,0.4664749215367574,0.6158064481004146,0.6234916341578404,false,1
2631,0.6730016916151479,0.29,0.39953314193998146,0.42049729466632546,0.6003432259650908,false,4
2632,0.7447170068067582,0.56,0.583175548017559,0.7055857126611873,0.6996591012359481,false,2
2633,0.5583169383986865,0.48,0.5723857909890891,0.560823279676869,0.6133717876667628,false,1
2634,0.47763288217862826,0.18857142857142858,0.2337606419869441,0.46108517615250966,0.4522914922580948,false,1
2635,0.3777283992332525,0.32,0.7529339955330854,0.42859878688556025,0.5368576767545713,false,4
2636,0.44959663997029004,0.47,0.37327712692753784,0.49743271375485176,0.5024296207853461,false,4
2637,0.6171714534655329,0.12,0.378965516142545,0.4214140876783361,0.5647549749843047,false,3
2638,0.493506693109793,0.35,0.40944995389719313,0.4049201981300323,0.4887036456619038,false,3
2639,0.6394391769538469,0.21,0.3110486348629155,0.3676465454373563,0.5306892542119264,false,3
2640,0.6409430549450343,0.33,0.22847228320694218,0.48893233808942044,0.5628474904173121,false,5
2641,0.7357060951633028,0.46,0.4021866575796745,0.5325348720031539,0.6135673043031873,false,2
2642,0.5557541809559391,0.33,0.4534037684606586,0.47952647562674067,0.6558012237414368,false,4
2643,0.36049609925087384,0.2,0.19139453835186085,0.26775598748135016,0.2829697755150108,false,1
2644,0.36400516089301094,0.12,0.09262724558314075,0.19313559713889084,0.2629880039187769,false,1
2645,0.4082542096507837,0.11,0.18157297924181132,0.3102998824242775,0.301753027836797,false,1
2646,0.4238319580518458,0.38,0.2895740753297821,0.3313117370890604,0.29895493174211024,false,2
2648,0.3443099699322227,0.07,0.13642511013467565,0.14277684066561647,0.3019666252482503,false,3
2649,0.300768019964885,0.02,0.17712555303218122,0.2006216581799677,0.2553856378338571,false,5
2651,0.8152137712035173,0.53,0.6408266201691517,0.701945796524918,0.746592734607201,false,1
2652,0.47439105417745436,0.58,0.685848128190054,0.6009592592388038,0.5451382500477092,false,4
2653,0.48595599417931695,0.27,0.25263690774418945,0.4605635320140084,0.4774825466733113,false,2
2654,0.42856911320539914,0.25,0.17696359897266975,0.3674427446199941,0.40981073418215597,false,1
2655,0.49916664496714086,0.12,0.20391074465859646,0.29980924911015167,0.5429334456609839,false,3
2656,0.5188225765750146,0.38,0.22745747487675272,0.4224359930541262,0.5104020985297071,false,3
2657,0.6477403745799521,0.16,0.2123183301166304,0.25737351623268995,0.41615731204798667,false,1
2658,0.3553115140859749,0.04,0.09765808359386613,0.21583081001946053,0.24098930716818473,false,2
2659,0.507174885560071,0.24,0.5648086905690067,0.5156244570350883,0.5372451521128937,false,2
2660,0.449069496371346,0.22,0.1233425653603378,0.35914722170921515,0.3810821390361474,false,2
2661,0.7950002888005426,0.39,0.6917012711697355,0.5270292965729092,0.5961792150836801,false,5
2662,0.7458443731362888,0.38,0.27813869753944426,0.4822978557411801,0.5287572700403607,false,4
2663,0.4123543481562065,0.25,0.4537310668400006,0.36134563621698473,0.41583622705713735,false,4
2664,0.6609873921933168,0.19,0.07691116618238497,0.22345206846387192,0.4936026459845267,false,4
2665,0.4327889097880409,0.22,0.46100136182666573,0.3992918688382765,0.4509128428652458,false,5
2666,0.5587590906390891,0.47,0.45051507774495414,0.48379688496058454,0.6948924653151413,false,4
2667,0.4580498179721735,0.32666666666666666,0.5078299737717197,0.4565344484887726,0.5025272823250843,false,5
2668,0.43923869235395047,0.44839285714285715,0.6032151889289994,0.6073260280906442,0.5836746590264541,false,4
2672,0.5791536359051499,0.41,0.40326109564859375,0.5260854042573286,0.677094847791631,false,5
2673,0.47473835150729227,0.25,0.3775371593798492,0.3968832102939922,0.4433927801023963,false,5
2674,0.4674407222995013,0.53,0.5035090690203764,0.49589243413091433,0.5430240014393151,false,3
2675,0.42272947543869027,0.18,0.13376304616092097,0.3672686174183557,0.47329123922563393,false,5
2676,0.7213706746446469,0.33,0.25641163977827097,0.5703294047431381,0.6929252255631991,false,1
2677,0.7722322787995934,0.65,0.48629067881882754,0.6226778636194951,0.7672664904016899,false,1
2678,0.7156117451871843,0.32,0.3166534717592809,0.3973537481684301,0.5766347688416561,false,4
2679,0.8964106379261023,0.5,0.4830357402539493,0.5540201569830255,0.733887034400059,false,1
2680,0.3023730085947409,0.17,0.3130200845892581,0.29079004806119857,0.33129529898913296,false,5
2681,0.42851371217519485,0.32,0.29046444606598804,0.3498633333359455,0.3411907072598581,false,2
2682,0.5881819307444919,0.47,0.5015700806512923,0.5365263559219164,0.6585589789118576,false,3
2683,0.4279360009594145,0.28,0.48883759471441857,0.35299953995006356,0.4428898398041107,false,2
2684,0.308702277879431,0.04,0.060013242765712,0.2705943832620133,0.3078090761727639,false,1
2685,0.45595360235822263,0.27,0.2613159272997893,0.2877470241402904,0.5460663766670185,false,4
2687,0.4513811652441557,0.4,0.616801037854308,0.5404559466500813,0.6727025594525852,false,5
2688,0.4590857738826474,0.42,0.5396210398691428,0.5269028223520748,0.5487633325642177,false,3
2689,0.42863869777080743,0.3,0.3882944228950917,0.3449963349737411,0.4116777433675562,false,1
2690,0.4041101892174293,0.24,0.41132902365921253,0.45355844363283515,0.5020881164453177,false,1
2691,0.3991928495504715,0.44,0.4281522202855335,0.531383278322459,0.5123307795484975,false,1
2692,0.5155316463421749,0.33,0.4859188408871091,0.608689830342752,0.6235761948787341,false,1
2693,0.3600537631116433,0.09,0.05044502732168019,0.2979472032789249,0.27931240147623465,false,1
2694,0.3276951607169592,0.27,0.23470409471294723,0.32722177566843896,0.34234669962893616,false,5
2695,0.5649589863367884,0.66,0.6730997569369951,0.734390282026612,0.6555597544862317,false,3
2696,0.30602922410428535,0.02,0.10416503610401809,0.21085268756873748,0.3126966400687924,false,2
2697,0.2649008372587001,0.2,0.06300666794768874,0.26517855863521567,0.25571357714951437,false,1
2698,0.6029552290635931,0.42,0.49525519712532085,0.5298633880108338,0.639488725878918,false,3
2699,0.5778510108125311,0.39,0.5528961746647671,0.5264585075147848,0.6044316313480592,false,3
2700,0.3921287100736096,0.59,0.5293517497647329,0.5527023620039142,0.49684211021436125,false,1
2701,0.40323653747527416,0.17,0.1325483105878882,0.32342606454980277,0.29629571062685994,false,2
2702,0.3665840810626437,0.26,0.22904565851078942,0.28135537566149016,0.2938998819328173,false,4
2703,0.3276951607169592,0.27,0.23470409471294723,0.32722177566843896,0.34234669962893616,false,5
2704,0.42132103478635824,0.23,0.3313581152839525,0.4038790968127764,0.373567460673503,false,1
2705,0.45301046188013017,0.33,0.48998692136323985,0.4662588289834805,0.5397821864099099,false,4
2706,0.5157831365186609,0.46,0.5228797313935281,0.5239039957783982,0.6258112829246794,false,2
2707,0.305208329438856,0.22,0.21254884136702867,0.30622054943113786,0.2588245800146475,false,1
2708,0.43780708893821824,0.39,0.16423015865999882,0.42504554351043483,0.5127074280738442,false,5
2709,0.5595096015558322,0.58,0.8363791764802678,0.7153374161529216,0.6381337494310255,false,1
2711,0.4419416537046103,0.2,0.29129884275632983,0.37260168304011776,0.4106054186159741,false,1
2712,0.4563366185899508,0.27,0.40411527375572537,0.43030413197581935,0.4596690464537328,false,2
2713,0.5474593846243664,0.38083333333333336,0.5145267156440205,0.4280615996635404,0.47179519218028276,false,5
2714,0.31365109225976695,0.22,0.4355411515415484,0.35111625500608795,0.44837737219277024,false,3
2716,0.34650752867903806,0.19,0.1962148262052593,0.37201138158707414,0.3163107729945275,false,1
2717,0.37102291948894495,0.18,0.18632684723861342,0.1357723538286619,0.2613921164084859,false,4
2718,0.34430485568677044,0.27,0.042822290028188215,0.2612877909261261,0.25865943944275954,false,5
2719,0.44773707179078026,0.16,0.20712550150883546,0.18959620213920833,0.33633615702712716,false,3
2721,0.43398942030833426,0.34,0.422124016611135,0.44497950060515834,0.48966054820588567,false,1
2722,0.349674868441926,0.29,0.2734249052697988,0.3453315870200224,0.35260813320479345,false,1
2723,0.5651471332496598,0.6,0.4798375217718807,0.5263113111671375,0.5256979610459754,false,5
2724,0.3534604383474336,0.3,0.42875628915041497,0.25404668287904886,0.3977125931699149,false,4
2725,0.4059883193088046,0.33,0.4235424088881931,0.3754382353563699,0.4221772592469542,false,3
2726,0.5824668471942135,0.5,0.46773171279636705,0.5963342530928192,0.6286550687126065,false,1
2727,0.33988683258419083,0.06,0.07211010392297645,0.1505918380638969,0.23632190143243648,false,4
2728,0.4162669997239489,0.21,0.2592081943671005,0.3760177733199201,0.3794963965678417,false,5
2729,0.34854643311460276,0.32,0.23755016335512752,0.32286451946746053,0.2571825246602434,false,4
2730,0.33506076213774233,0.18,0.376838458583886,0.3349506816420296,0.28360008015919813,false,4
2731,0.380613406489246,0.02,0.19655124135890512,0.24168896737331078,0.25807266249840083,false,2
2732,0.3511052415283005,0.24,0.33034131586647386,0.3745942501742504,0.3110415493068166,false,1
2733,0.32675742353495857,0.02,0.12592094687528083,0.2241693431970796,0.23304911509738716,false,2
2734,0.37115028775228626,0.08,0.26697222206959415,0.2196143911279384,0.2714271520944437,false,1
2735,0.6283582782182465,0.25,0.5007038933109805,0.5117190620595946,0.6200869698595948,false,2
2736,0.6821750271795953,0.35,0.5675379619229004,0.5490383360085894,0.5869791962751797,false,2
2737,0.39137297406746,0.17,0.052132411162603275,0.20707390197951347,0.3016618793955189,false,4
2738,0.4207055734943551,0.25,0.1444456220970018,0.29449641807930577,0.2496149579880435,false,1
2739,0.2729307349438638,0.0,0.05801376886012807,0.20771818339003065,0.22424994213317903,false,1
2740,0.3888572788889387,0.06,0.3383405863162116,0.20724250805411962,0.27430146573524655,false,4
2741,0.3888572788889387,0.06,0.3383405863162116,0.20724250805411962,0.27430146573524655,false,4
2742,0.35608751135696015,0.03,0.1113675038643888,0.2238537859673196,0.2309861305563189,false,2
2743,0.5529654663114807,0.18,0.483101039961099,0.40582587921154273,0.6411674910088249,false,4
2744,0.5699925035731324,0.15,0.3980509187296819,0.5744491459669736,0.6282247349965925,false,1
2746,0.40421338878729374,0.13,0.2566159316728802,0.29916733219649255,0.3453760363398155,false,1
2747,0.4099700502381626,0.43,0.4888619114798136,0.4577506139748519,0.5174923301711118,false,2
2748,0.33661148913790634,0.26,0.24061955972651283,0.2762313498513101,0.3214226080624027,false,5
2749,0.5123582517577207,0.15,0.2088635560096261,0.3820869375318918,0.42982485041559304,false,2
2750,0.6858223467689017,0.38,0.5944736930852832,0.5152433142427078,0.6193537945430075,false,2
2751,0.43814150894076315,0.25,0.29348018134803744,0.30378246969188216,0.3162898263168481,false,4
2752,0.421717905205341,0.21,0.26259741839514894,0.23814152958069104,0.38416503779256916,false,4
2753,0.3018626494449287,0.21,0.23607125393913103,0.23747311486185904,0.27140289098717557,false,5
2754,0.3018626494449287,0.21,0.23607125393913103,0.23747311486185904,0.27140289098717557,false,5
2755,0.256300709141738,0.09,0.06142931085525827,0.23128517940629625,0.2281439229987611,false,5
2757,0.381811645364584,0.25,0.2537126875824601,0.24964307228158694,0.28320950320224303,false,4
2758,0.4956659311548205,0.39,0.18332778946348596,0.46501584465926643,0.4652729630714326,false,2
2759,0.38465560309851554,0.12,0.09207323272934224,0.3678264819888969,0.4084176791800684,false,1
2760,0.6396414817428436,0.57,0.46782735157724353,0.6539547703922842,0.6934370289097468,false,2
2761,0.42040257747256565,0.34,0.38495297789407634,0.4512858082132739,0.39249123967556554,false,5
2762,0.4781913576517951,0.24,0.45427529959530405,0.4978131753500991,0.5367722491873324,false,2
2763,0.40003943244559337,0.17,0.21084635521169204,0.28162614069153086,0.3500095193074698,false,3
2764,0.36278432642249453,0.17,0.14851983140648697,0.2156353534911954,0.2532449333241906,false,2
2765,0.3540857253019852,0.14,0.15559918545626425,0.32517540960765823,0.40527140051022414,false,2
2766,0.347823203338123,0.05,0.0800311439099806,0.16398922364699436,0.20334219337859927,false,5
2767,0.4143304123396631,0.15,0.34657915742823076,0.28914711812500876,0.2759149827236255,false,2
2768,0.347823203338123,0.05,0.0800311439099806,0.16398922364699436,0.20334219337859927,false,5
2769,0.2874421251401755,0.04,0.10571789103675973,0.1375263375388375,0.23123055173929793,false,5
2770,0.40961690157036734,0.07,0.15468198151981813,0.16906463776348685,0.23563188336331137,false,4
2771,0.27327905327693996,0.1,0.15739173067975382,0.24672880883516046,0.2455834344930267,false,5
2773,0.28248730585142284,0.01,0.05088769337581361,0.16654125217857083,0.20363153500472958,false,2
2774,0.32559972120592023,0.23,0.12178879994102879,0.2079034091273289,0.25297371010115643,false,4
2776,0.3846840802298656,0.15,0.2356222384078287,0.3179494546817999,0.35428724591865174,false,5
2777,0.42317264906698665,0.47,0.5295753426878445,0.5000618676270217,0.49368563058018966,false,3
2778,0.3801569264948976,0.16,0.2356222384078287,0.3185588415537507,0.35428724591865174,false,5
2779,0.4189717953727635,0.47,0.5139348011246493,0.465525226762376,0.43643859880592006,false,3
2780,0.29213416715879653,0.07,0.05754085356454687,0.19293617593983808,0.2404748549750512,false,5
2781,0.3501118143051588,0.22,0.2178256872638498,0.17523126311545853,0.32355403867368504,false,4
2782,0.39220878483161264,0.13,0.18287882117798904,0.34720916599641016,0.3525549937675201,false,5
2783,0.5009409398603474,0.36,0.5621220290875827,0.5092589727685802,0.538485210477952,false,4
2784,0.30318375641926704,0.05,0.17928296043699934,0.09135643230972022,0.2289085524127468,false,3
2785,0.5801142549660508,0.48,0.5676207807050476,0.5996068691558327,0.5509681758474106,false,2
2786,0.6048730669430219,0.7,0.6493048926305622,0.6336577895792683,0.6306811185898263,false,5
2787,0.49542669318557747,0.26,0.33516454600288087,0.31617411591911554,0.3438240374165767,false,3
2789,0.36074675527275907,0.15,0.058696552927245245,0.14868581459390284,0.1853875006625292,false,4
2791,0.27900633475103626,0.01,0.03298548912916177,0.0730263116424722,0.1841565328577117,false,3
2792,0.553799506519379,0.23,0.3225419918512179,0.36906980389336574,0.38678856347065377,false,5
2793,0.5385474283989136,0.3,0.1262106376157788,0.4272421488250488,0.4631775747418374,false,1
2794,0.3540997938882921,0.17,0.19765504714001725,0.2808129879343665,0.302649984510113,false,1
2795,0.40726756784438506,0.28,0.37973321482754324,0.453791492661999,0.4827200527421675,false,1
2796,0.34472691504627995,0.04,0.17205865189058936,0.27845544226064417,0.30631801632004696,false,5
2797,0.327033038598012,0.16,0.22238077076483326,0.3005222023088907,0.3183366408883383,false,5
2798,0.28902175961678844,0.24,0.3191637243943354,0.23372160630743263,0.28221607163316415,false,1
2799,0.4269210264677592,0.19,0.32799475734525196,0.22033121999925384,0.35036868350785816,false,3
2800,0.367906741572614,0.11,0.16662130270511608,0.304902005285049,0.33309444178245706,false,1
2801,0.35587448973306796,0.0,0.29557189716199256,0.06868975238391808,0.32564217242682797,false,4
2803,0.6299191416856922,0.77,0.859789635976879,0.766127324424166,0.747252522603128,false,4
2805,0.43135876030902925,0.19,0.3722790248751389,0.43673230158735443,0.47315022150018743,false,2
2807,0.4101311207896682,0.08,0.10381182546521822,0.20087743101994474,0.27372837046961823,false,1
2808,0.2709845765870542,0.18,0.07434068483821704,0.2583022476900564,0.3452475978878698,false,1
2809,0.42377420902927915,0.33,0.48590423174844655,0.46890789434811103,0.4576985791730636,false,3
2810,0.4717151919213064,0.24,0.5316501332664457,0.4052908971923392,0.48443019632713075,false,4
2811,0.47728119410999587,0.31,0.23294367407221261,0.32292058663864204,0.4044740867248611,false,3
2812,0.2648199355271315,0.24,0.4018000159241274,0.268238348283774,0.3199354287521086,false,2
2813,0.4067795219239916,0.12,0.16247252321291406,0.37352987135949595,0.37953336825234674,false,2
2814,0.9665955438063637,0.84,0.8215736478352359,0.8406628361220118,0.7935751168286199,false,3
2815,0.9260064528806617,0.55,0.7465224795751538,0.6830398988287258,0.7895732759934223,false,5
2816,0.9597536976660562,0.59,0.867083439514046,0.733831715576834,0.7847625927910622,false,4
2817,0.5108465244541955,0.3566666666666667,0.28985461800457857,0.40007020564721324,0.41052633617443185,false,2
2818,0.6937105746513265,0.25,0.3219217824915373,0.41421406908495156,0.47847496776009857,false,2
2819,0.40128312230493207,0.4,0.37825008307272817,0.4240580676490817,0.5270543064230384,false,2
2820,0.22063337253102921,0.3941666666666667,0.3161361876517012,0.37780359768351945,0.31682916308411163,false,4
2822,0.4772575858723626,0.16,0.37297490764901137,0.43923974299743207,0.5104769789566593,false,1
2823,0.5702017631975169,0.44,0.3108191557772297,0.3821344749988536,0.5347592446746612,false,4
2824,0.5622541972304171,0.67,0.7329439304697729,0.6297527027874597,0.66533710162022,false,5
2825,0.5812976784525574,0.69,0.5607714192803327,0.6641180981964899,0.5971477420259355,false,4
2826,0.4010979983446109,0.11,0.26133485019618136,0.29341474140287477,0.3258188012649143,false,1
2827,0.8820160853284085,0.5,0.7921976613934407,0.6085491922880739,0.5291626703348447,false,3
2828,0.7053228656898022,0.34,0.1898063300875145,0.39315583926486114,0.4854051946190581,false,1
2829,0.5008344466059366,0.38,0.436999013063674,0.5335057634144856,0.5756778953070124,false,2
2830,0.38921997006421527,0.33,0.5009279261063624,0.47587518275569757,0.4887553794636408,false,4
2831,0.6301270587757184,0.3,0.6624550025394779,0.6213975393194308,0.6531321864325479,false,3
2832,0.5956050525098646,0.58,0.4411789586366137,0.6424199604435666,0.5893831879717827,false,5
2833,0.5068096197986034,0.26,0.08967904838035227,0.3634115015949724,0.330813096507141,false,1
2834,0.45945819833243073,0.34,0.6501998056619301,0.5002536008216928,0.5715339184747188,false,4
2835,0.33660789260124974,0.33,0.48665387074114913,0.44323399608760783,0.4093659606316782,false,3
2836,0.34856109535549634,0.12,0.2013849825767195,0.2741811642450974,0.22975426177591787,false,1
2837,0.5794136514487397,0.77,0.7393350522545887,0.6639965419932019,0.6587915814310651,false,5
2838,0.4051622303551031,0.22,0.4626552383923118,0.48651756178953187,0.43001830040194206,false,3
2839,0.5105706134914443,0.38,0.35485776819809306,0.5186633372270154,0.5366016362506847,false,2
2840,0.44935103029600354,0.48,0.37084110826739686,0.45153004020223897,0.4565576569446156,false,2
2841,0.6558001080628495,0.44,0.4528464990590644,0.5808253710443623,0.5723652103587493,false,5
2842,0.6862637301475972,0.47,0.7077082401505921,0.6729730511432744,0.7102093714813843,false,3
2843,0.44239120572028995,0.13,0.5042175982639507,0.44126270441692966,0.4946314975277298,false,5
2844,0.42226842739442155,0.41,0.4186410553468523,0.39138774881233634,0.455633911899498,false,1
2845,0.47445702404939916,0.15,0.6116360784564482,0.6198330320560311,0.5885967217879855,false,1
2846,0.42180828078552923,0.22,0.14762688317316075,0.37842040043576347,0.3923965400264859,false,2
2847,0.3778632008599799,0.33,0.4153995818173711,0.317532455812448,0.32163097346462033,false,4
2848,0.5236277433413885,0.33,0.64915564404778,0.6388880541369191,0.6251807862990979,false,1
2849,0.9831788018885574,0.2,0.020772195780883317,0.29422767512830583,0.22885825124429723,false,2
2850,0.4143737215667648,0.25,0.16548775946931185,0.3156221940225048,0.3374607442899562,false,1
2851,0.571029247219502,0.25,0.5661016253677286,0.47943371489127967,0.6139710703233373,false,5
2852,0.32343054913473634,0.1,0.09322933606987938,0.16768345776729793,0.21588461407927695,false,3
2853,0.5202712361053738,0.52,0.6343796248507352,0.5703882033694797,0.6057841045768168,false,5
2854,0.23199041820274713,0.09666666666666666,0.25268372472737516,0.28281623249318183,0.27188772045966025,false,2
2855,0.4785795517302778,0.15,0.01631927825391647,0.2927928728272819,0.25402171132783435,false,3
2856,0.5824394242015215,0.46,0.555078486149303,0.641628539061826,0.6518037395030276,false,5
2857,0.3629559612029613,0.25,0.245376824962666,0.2711295868615024,0.26892199888459106,false,5
2858,0.35172010177310203,0.25,0.27492168760770236,0.2611249562393093,0.2864014648898004,false,1
2859,0.45952576793233724,0.22,0.45694016395946063,0.3515027819652466,0.5008453641152906,false,4
2860,0.7742618075650267,0.69,0.7812863732459879,0.7219556356522813,0.7755574120480849,false,5
2861,0.4328035605697889,0.36,0.41214025798921483,0.4714222752291349,0.45822373979172953,false,1
2862,0.36648939567976413,0.0,0.2845112265668049,0.15244800143245615,0.3132040847461321,false,3
2863,0.409023046419217,0.32,0.25263180086981046,0.4202974160007422,0.3751685035364272,false,5
2864,0.45978993347561437,0.15,0.3666802266981402,0.4132540488149183,0.47723699808553705,false,1
2865,0.2968381581556703,0.04,0.043243091414860935,0.07536082080098741,0.18034599805722046,false,3
2866,0.5283143559720466,0.28,0.5595972891042501,0.4628809668469379,0.5824204901054587,false,3
2868,0.3923014111877223,0.14,0.31700475612035434,0.23219792024709715,0.33626584754029676,false,3
2869,0.31670889847150197,0.12,0.11589098718749843,0.21060565820157945,0.3148305966436142,false,2
2870,0.47839526922002623,0.42,0.6063285502854057,0.5936334516469375,0.5895113522129427,false,5
2871,0.7861756380392811,0.62,0.6781754547363924,0.7154696332137307,0.7530731196497937,false,4
2872,0.5712166880159922,0.23,0.42442531819226353,0.38234342514329145,0.5040607775219365,false,5
2873,0.4737518452208511,0.29,0.15150207642639227,0.35806986161378385,0.3580700522530539,false,1
2874,0.29090128681980776,0.04,0.145080376810183,0.20628250095436548,0.1992923888638292,false,3
2875,0.4097527472274131,0.36,0.4245377438343886,0.39399887278163753,0.4288644932418102,false,1
2876,0.3403493982839453,0.3,0.24025464360062634,0.20113203046819056,0.2720838712014083,false,1
2877,0.40569437704305117,0.4,0.5078909933993294,0.4278040294496438,0.42845703800480534,false,4
2878,0.3128946988797517,0.06,0.12088969938419211,0.18742128738196953,0.2433460296655554,false,5
2879,0.3992758324443177,0.35,0.1646718415732032,0.3277692966118137,0.4359082517804646,false,3
2880,0.3797029767500416,0.24,0.22651518145570143,0.313061173001738,0.3236081502207152,false,1
2881,0.2602886316053074,0.09,0.17454962733592044,0.24567415278404822,0.2562535291635746,false,5
2882,0.49484610795712325,0.24,0.520899874863968,0.2873808135162625,0.5521511977597189,false,4
2883,0.4385296546902511,0.35,0.5026299218960729,0.47181432997382067,0.5068086685157168,false,5
2884,0.5698768122463886,0.41,0.271342350609034,0.47424721273687004,0.39809678652273506,false,5
2885,0.2845993877544382,0.04,0.16278895932855378,0.22361264824889596,0.23858941985859208,false,3
2886,0.4625092074680252,0.37,0.3529004973734401,0.28828339430488736,0.48367220352366014,false,4
2887,0.24516538254097306,0.05,0.04893355083209993,0.21340876767801167,0.24895613423078522,false,2
2888,0.2376046861185262,0.03,0.13480625282441405,0.23065190331874416,0.27188772045966025,false,2
2892,0.40123330291087234,0.38,0.22385753714481194,0.35812280227150706,0.35265850122385983,false,4
2893,0.41177911179127363,0.2,0.34583414465577655,0.2864442638403156,0.41354943802366445,false,3
2894,0.354046895592481,0.24,0.35177648717651844,0.2513409150179375,0.3939871862928089,false,4
2895,0.38812686266915514,0.32,0.37478718251326115,0.4101832699677378,0.3293166722240181,false,5
2896,0.3680466183118351,0.08,0.260813677548698,0.2795688130408168,0.3213557307594593,false,5
2897,0.3952963563113606,0.3,0.22788591840250624,0.32154682396100737,0.3953857429552561,false,3
2898,0.38711547086285375,0.03,0.13347529525932547,0.060958547892629306,0.2377232442883684,false,3
2899,0.47703594360385787,0.41,0.33278147753079307,0.45709329235780144,0.393460744276144,false,3
2901,0.4273310273533398,0.19,0.20269168166300255,0.3806518524648442,0.3664623285930555,false,1
2902,0.3906107832958724,0.4,0.40925504897695575,0.4378076174771958,0.37967813062236755,false,4
2903,0.5715024793869742,0.23,0.587096675796963,0.5683875037508951,0.6309821310154392,false,2
2904,0.40939339022814936,0.05,0.3909133223769619,0.36235204291356643,0.4581213427308316,false,5
2905,0.6317585747236029,0.46,0.6683683987001158,0.5324311121455084,0.6503007790230064,false,4
2906,0.6471954757570888,0.49,0.7077435614813641,0.675028561939002,0.6840293737278799,false,2
2907,0.4468101216975837,0.26,0.4598541984298041,0.39077639176773493,0.5090992085214551,false,4
2909,0.44703950949501303,0.28,0.4288115170383152,0.43875771003118125,0.43851834018513336,false,1
2910,0.1555862001851744,0.07,0.10746568040372194,0.20673940148305245,0.19330807386361443,false,1
2911,0.3435252708090415,0.3,0.6261240599694222,0.3711130508809291,0.4646919002425255,false,2
2912,0.33136358802878346,0.11,0.32065724235124277,0.21472911192042612,0.4093659606316782,false,3
2916,0.3401285044517356,0.03,0.2806276749117028,0.15153660638990096,0.3782442814011485,false,4
2918,0.45440588149601074,0.37,0.402931734131279,0.47171904373993606,0.46446686608195026,false,5
2919,0.37304742873146823,0.27,0.10897853539517818,0.2570214737899784,0.3407036433752397,false,1
2920,0.49504209774812613,0.38,0.3664896877643421,0.3538654412957646,0.3586739587508902,false,2
2921,0.34561475324124546,0.19,0.40809824124354976,0.35162729095376866,0.35441264095367103,false,1
2922,0.32717249240301804,0.18,0.3562845996226139,0.2748045727878505,0.3257628970309227,false,1
2923,0.48905491893655767,0.17833333333333332,0.16642304598047317,0.30895393051046094,0.3489236767150693,false,3
2924,0.4917614398968992,0.5,0.476999103598571,0.45992825451972286,0.5535926901684816,false,3
2926,0.3465335501536092,0.04,0.10201372280857134,0.1786889312380415,0.19101742483751055,false,2
2927,0.6534906671304763,0.58,0.5535033002287036,0.6861585334654798,0.6890436316044147,false,1
2928,0.4642418632081279,0.29,0.4543645329060206,0.4472811279904701,0.4915970676094324,false,1
2929,0.3864944491221343,0.2,0.20447832991028922,0.3700058446232838,0.3651707421786633,false,2
2930,0.27730776179918737,0.22,0.12565022947157958,0.22220262515911746,0.22553384782557015,false,5
2931,0.364254183448869,0.18,0.18303565109076872,0.3460548278518747,0.31033296474599714,false,5
2932,0.5167385309477536,0.41,0.5443781218022662,0.534951649925349,0.5343481107485435,false,1
2933,0.22236601363426006,0.0075,0.23834486864402696,0.12855563117747257,0.2867994518045502,false,3
2935,0.6010682163200113,0.51,0.7728197498135849,0.5882954471704301,0.6916608904655625,false,5
2936,0.5334798777955808,0.26,0.32205345424849197,0.38388731515240115,0.44606096682481666,false,5
2937,0.5750529192412571,0.67,0.6553402385010235,0.6631800448828968,0.6766641474225452,false,2
2938,0.4151435103277344,0.38,0.2099652324425165,0.37943291200557205,0.36276691569101815,false,5
2939,0.6172889896304182,0.59,0.6330416894808112,0.587214358614094,0.6464207893703509,false,3
2940,0.30378920652783153,0.39483333333333337,0.2827551664487616,0.22326741151769533,0.27555962372491666,false,5
2941,0.7005007920980321,0.33,0.37586821150193284,0.5561692312661994,0.6405991195417085,false,1
2942,0.46707015219830966,0.04,0.4981442595488042,0.49854407948114193,0.5744610628506374,false,5
2943,0.6339544288172425,0.44,0.52482317869812,0.5307912272969961,0.5583282963685477,false,1
2944,0.5472076269758457,0.43,0.5069461853131804,0.5495518044163648,0.5193569893191036,false,3
2945,0.3499546183295549,0.15,0.261006397724016,0.2652930545077418,0.2971326310810466,false,2
2946,0.7308172670989087,0.7,0.5841380346750014,0.6889637390322533,0.718782513304717,false,3
2947,0.4013443248256762,0.32,0.4404239065258595,0.4239568983744558,0.4012968912043622,false,1
2948,0.4283327971477919,0.16,0.22100024721361525,0.25434626044675573,0.28647034412014283,false,5
2949,0.42821652060667315,0.15,0.14681256556232425,0.22822543308144572,0.2729599699319496,false,1
2950,0.4051429881394159,0.22,0.37230193025772856,0.35427214802647755,0.4331367536969812,false,4
2951,0.4210294129387876,0.09,0.2947394325828552,0.19029105191334295,0.4406478025265924,false,4
2952,0.4094345518203992,0.22,0.4168933929901517,0.3493844424024905,0.40563018202184264,false,3
2953,0.5789646992515575,0.57,0.7737970060596878,0.5992556239203108,0.5888379120926819,false,2
2954,0.4083881511226323,0.29,0.32528703594460545,0.35601864780637144,0.3479267491913284,false,2
2955,0.45058894171010266,0.12,0.37786988670332344,0.35922882425910424,0.46177793599585293,false,2
2956,0.3401057774616038,0.35,0.2749170599401589,0.30757243682787544,0.3572467853825592,false,5
2957,0.3212063311103813,0.06,0.34322409440244167,0.22840060147942953,0.318230066658135,false,5
2958,0.3400502873970265,0.37,0.32630328052511637,0.26209564624430187,0.4151617459645381,false,3
2959,0.5743213469096626,0.61,0.6727411945471612,0.6789869565145011,0.6855537421386946,false,5
2960,0.34451450624672464,0.17,0.17009634560612075,0.20706181016544814,0.2432094057812353,false,3
2961,0.366963161090023,0.19,0.11410082963322195,0.2810500409416636,0.28202218604543583,false,1
2962,0.43342779292573835,0.28,0.3725338889253933,0.3592541254722385,0.473256037241064,false,3
2963,0.8442301912236365,0.42,0.5005787064768333,0.4741075744333244,0.49079137055550753,false,3
2964,0.36593059337800093,0.07,0.13131472345707032,0.20415327536216668,0.22978293516403664,false,2
2965,0.3813839786342268,0.23,0.2673674257095937,0.2760389836645414,0.32641975235796733,false,5
2966,0.39491725566239333,0.14,0.28032133737364884,0.2963026605343094,0.32695180557581904,false,2
2967,0.4668754084413778,0.23,0.2810012757425947,0.3541105959039473,0.4114038859372097,false,5
2968,0.2621627408209107,0.05,0.1788096732515619,0.24746870526304637,0.252370228546515,false,2
2969,0.3839781055689656,0.24,0.3578799688185023,0.36871447921103623,0.40231679619695493,false,3
2970,0.4962749062408305,0.57,0.5866289067475952,0.5631932958414516,0.5622441510637255,false,2
2971,0.4074178023419906,0.39,0.38561602691157515,0.4530865023991478,0.4230092230372081,false,2
2972,0.4694934444212912,0.45,0.46252407132109946,0.43554425188767726,0.4194944329770688,false,3
2973,0.4940352586050035,0.25,0.40187596034697065,0.4278434483608509,0.5239938766036374,false,2
2974,0.4807050006181221,0.15,0.3361618120936805,0.2552600832833031,0.4267376116771287,false,4
2975,0.3476933267143642,0.57,0.47466354987558423,0.3642256161117089,0.33525132059400903,false,1
2976,0.4481060133081811,0.35333333333333333,0.24632486280007174,0.44677030451065314,0.30099315861867026,false,4
2977,0.5400340628259377,0.36,0.5251892577723305,0.44944798194007113,0.5449693883272434,false,3
2978,0.3330792897591091,0.09,0.2115374449228106,0.27740549596508657,0.28263066221795796,false,4
2979,0.37748608877810397,0.21,0.2646407330430609,0.34060615118876725,0.34746618798404627,false,5
2980,0.5538328047473969,0.31,0.3486636593270737,0.3786500787023073,0.4475258759159182,false,4
2981,0.34275634353039147,0.08,0.21917981045018325,0.2813340444598149,0.27658802277589317,false,2
2982,0.34870268703721374,0.2,0.2065279815138224,0.1104042624042624,0.2734040775581088,false,4
2983,0.31736847187453254,0.08,0.15269842933932823,0.19625543860784692,0.23287145381153762,false,5
2984,0.5059764017452366,0.57,0.5382773680793864,0.6191174097307561,0.6569024827554752,false,5
2985,0.4327774892548121,0.19,0.32127526675012785,0.34978197225514923,0.39574980942155097,false,5
2986,0.4091768036284701,0.21,0.29291824424319285,0.30168273688682723,0.3174011465840453,false,5
2987,0.34034669196475387,0.08,0.15776484770267435,0.28815657232016784,0.31636036325522554,false,2
2988,0.4055152841937872,0.17,0.16274455938551938,0.3288695494700354,0.3397198041506734,false,1
2989,0.36534742476559584,0.34,0.31801236700454466,0.3551443858017571,0.34580430097934334,false,2
2990,0.43440129892067825,0.08,0.20607236594929287,0.17109270351132222,0.337713602556745,false,3
2991,0.39424771556159116,0.35,0.4646690806009954,0.5409561764416717,0.5330603673081551,false,1
2992,0.5908240965741441,0.61,0.7415668447527979,0.7000737559010538,0.6517731584388166,false,1
2993,0.5093768410326133,0.42,0.4464132146889464,0.461677525666132,0.5718964176372309,false,1
2994,0.3452276807073445,0.24,0.14198371026043552,0.17941162366783242,0.24005492688042968,false,4
2995,0.45437327673058125,0.15,0.14639099792257604,0.1862457166718103,0.21440738912558577,false,3
2996,0.3339805998260017,0.26,0.21153508706783833,0.2696806908192047,0.27145342309730247,false,5
2997,0.5184315108462902,0.21,0.26306962602445394,0.3530386100212572,0.3087231249227178,false,5
2998,0.44555211783714266,0.43,0.22190025357121101,0.4251946742719545,0.3429224251385118,false,5
2999,0.3675583667248346,0.12,0.07782292994070943,0.1625266027717997,0.21891682242783944,false,3
3000,0.34853008632189597,0.05,0.15454868968035326,0.16661668627936468,0.23413672022364132,false,1
3001,0.34853008632189597,0.05,0.15454868968035326,0.16661668627936468,0.23413672022364132,false,1
3003,0.49834927038619437,0.36,0.4912252622099579,0.6357127338061486,0.6248469955277921,false,1
3004,0.3759763142004979,0.14,0.3453994021992881,0.37083353945033765,0.4207281598576062,false,5
3005,0.38226930872946685,0.29,0.2657343016911612,0.3798007315347999,0.356796982156837,false,3
3006,0.4091541438020837,0.17,0.3336720507976538,0.2631040483316816,0.3609956927992606,false,3
3007,0.4973540450774808,0.35,0.5376436479978881,0.4814917308047854,0.5644611670457492,false,2
3008,0.3432379171630226,0.37,0.30680682312146434,0.29917451202688544,0.34686603320870374,false,3
3009,0.6103877035748541,0.46,0.5258781141060431,0.5844341857582244,0.5251284582037421,false,2
3010,0.4630119458468785,0.32,0.5126980833229482,0.40170429704444083,0.378693181920906,false,5
3011,0.40555425683662727,0.19,0.33283414867108935,0.3066909458212362,0.3417458343504422,false,1
3012,0.37124307818387203,0.25,0.2244452904096477,0.2743230744775179,0.3141603780298325,false,3
3013,0.4025718300306595,0.1,0.16680713870096692,0.24368585219943625,0.2959234600003806,false,5
3014,0.3516816843637341,0.37,0.16660163072070347,0.37247875897752053,0.28869509602205534,false,4
3015,0.45961354967677387,0.24,0.17193875463650646,0.3445320894192369,0.4163556300627117,false,1
3016,0.29031337544277347,0.1,0.21335184258447085,0.24197837426258187,0.27034071680520333,false,5
3017,0.361645279515492,0.05,0.11658617569330863,0.1497761131285876,0.3031538617062108,false,3
3018,0.6750109037214287,0.29,0.25085880100465374,0.4195195107098353,0.542331573024574,false,3
3019,0.3215619919472339,0.14,0.10189106505093058,0.19210401858959572,0.2556210577803155,false,1
3020,0.6568236232673104,0.77,0.7446509973373304,0.6831115310394305,0.7441673143385384,false,3
3021,0.7605823881318481,0.32,0.7339651498741336,0.5751553953811867,0.7196848990446829,false,5
3022,0.2861492728030336,0.21,0.20357580928885483,0.31103911459082856,0.2971503449182684,false,3
3023,0.38441815428181364,0.08,0.1546383397775146,0.19371088926057511,0.2418370489756053,false,5
3024,0.25574577631120826,0.13273809523809524,0.08796928497960656,0.31725884963736645,0.291802474439827,false,3
3025,0.6746486949214656,0.31,0.16601073830023397,0.5258442506169971,0.6231306870494617,false,1
3026,0.47825718240557075,0.36,0.5499479492835629,0.45849089115125735,0.5546862363879829,false,5
3027,0.506960292154918,0.34,0.5140734923693949,0.5009586501356057,0.552895941412275,false,2
3028,0.593648222058388,0.27,0.41105315256101416,0.45667754542928696,0.6053037672255777,false,4
3030,0.44559289425599824,0.5,0.48468867745789684,0.40436816273120707,0.39291740077941234,false,2
3031,0.5184515305716649,0.25,0.33135397884451845,0.5016114743265764,0.655283000766165,false,2
3032,0.6154822640294038,0.61,0.8111951617340206,0.6297332936872266,0.6096934707033737,false,5
3033,0.4036065280278088,0.345,0.41434270620882363,0.4162523097920539,0.3924662022181637,false,4
3034,0.4774015214760303,0.34,0.10224948890391296,0.3700267720260401,0.39010354666724506,false,4
3035,0.6736282619688873,0.55,0.8364506743302946,0.7855423825734111,0.7458284511120088,false,2
3036,0.3752493341660792,0.08,0.11071794264580302,0.2018197403079009,0.2512615558567247,false,5
3037,0.36512736071588375,0.11,0.16816743305032872,0.2821510854394032,0.2780362090164858,false,4
3038,0.4391541849631241,0.41,0.08325293184035064,0.46685214006727344,0.3765818036081236,false,4
3039,0.39581015794150715,0.2,0.29559203866657263,0.24071784413967756,0.397164063911583,false,4
3040,0.39409605886342497,0.15,0.39792405922535196,0.27830146159182034,0.2833642120140572,false,5
3041,0.28044501639532793,0.14,0.2113071535281193,0.1598125815318153,0.2795707235507738,false,4
3043,0.3962893144012941,0.08,0.17404153594934793,0.1104433385277828,0.25330218693778267,false,3
3044,0.8206865776371352,0.53,0.7333394740141603,0.6732424559922662,0.7166017339653653,false,2
3045,0.8057414891469817,0.7,0.7647824190493828,0.7105851234076626,0.8070700647975819,false,5
3046,0.33614215950077275,0.31,0.253040016359617,0.31216904729836253,0.3179840974712711,false,1
3047,0.9476781546136722,0.94,0.9027240046283584,0.952617459710152,0.8114507654281402,false,4
3048,0.3268339703064829,0.09,0.10555461129476285,0.09869547731680084,0.2577629712766965,false,4
3049,0.4872248494016215,0.34,0.5603262897421627,0.4817657703206582,0.42939302196412305,false,5
3050,0.3725216998461812,0.23,0.4413636550792522,0.360537704834725,0.34269166642916177,false,4
3051,0.4507191920083515,0.25,0.310146081002947,0.4101603083051744,0.4062028852440367,false,5
3052,0.3939154971131745,0.03,0.12187813674379504,0.21747496929294324,0.24850265642411526,false,5
3053,0.5508730463243938,0.56,0.5801798321787767,0.6492372602683909,0.6437735985589086,false,1
3054,0.4242440279068619,0.35,0.3586930922742219,0.33847885542939765,0.3364562397742053,false,2
3055,0.44686327869800513,0.24,0.20644402465938388,0.3115756869523313,0.3261733769935292,false,2
3056,0.3705299408876136,0.08,0.23000300385154013,0.24002080614246263,0.2914064290063119,false,2
3057,0.3568433214096662,0.1,0.21043497158946103,0.24302368144031775,0.28900185235789716,false,2
3058,0.6433053068631783,0.39,0.37582845384035374,0.45641896890110295,0.39309235988200125,false,4
3059,0.36012191141401195,0.01,0.09760435356377813,0.21090167967383397,0.2369489251526553,false,2
3060,0.4460148534446041,0.29,0.409510542983737,0.5254566506417896,0.5143524007932738,false,2
3061,0.318432073060745,0.12,0.18027193101554193,0.19200933276507695,0.2405847284093667,false,3
3062,0.3815464857018336,0.19,0.2371387350844385,0.24913403426022082,0.3566558755084218,false,3
3063,0.6867191411803898,0.32,0.4683632086644473,0.42387201269283936,0.6511289398104338,false,3
3064,0.6006639771319834,0.47,0.6104114548474165,0.4962019734972554,0.6473763250228107,false,4
3065,0.5532544920953273,0.4,0.34001080041779413,0.484853633567427,0.5856132779705935,false,4
3066,0.3500356835519595,0.406,0.33611603488817,0.36204320152518327,0.31972477216418416,false,5
3067,0.4922632733159759,0.54,0.5642542977568036,0.5226213834410403,0.47479715750701645,false,2
3068,0.6213524426602131,0.6,0.622961124486977,0.7182152995028591,0.6822677570661736,false,1
3069,0.4293720412503218,0.17,0.17963538908862559,0.3183274960957321,0.3631252423918935,false,1
3070,0.58507324288584,0.53,0.6722602650808193,0.6421752286984694,0.6318148687460893,false,1
3071,0.4243819500845994,0.22,0.3107014999663869,0.326894448803429,0.4182181241888489,false,4
3072,0.32253842348712153,0.32,0.37161304284910873,0.40055144343659926,0.4573050490685626,false,3
3073,0.5026241593444262,0.34,0.19931782466267237,0.37064562931468004,0.341592025932346,false,1
3074,0.4112548194968513,0.33,0.5224777290855428,0.44956415154371093,0.4773862656541406,false,5
3076,0.4904980271615729,0.65,0.5849840129181596,0.5546469093284104,0.573280843102112,false,2
3077,0.4116013761510699,0.28,0.5277659167767293,0.41018305241100145,0.4039122256362894,false,3
3078,0.4629084450210228,0.23,0.3239989214618588,0.39906656852606287,0.4433636539927055,false,2
3080,0.31794608239855904,0.08,0.09489998412633906,0.18260878261963107,0.2569845811552358,false,5
3081,0.4289018789518317,0.34,0.3091244707928149,0.379360915594482,0.4370206161459657,false,1
3082,0.5688366863420645,0.34,0.2839696991661124,0.5878026785759981,0.6112196088882532,false,1
3083,0.27892052632858627,0.11,0.24705324006239798,0.20797076065121753,0.21067879286289878,false,3
3084,0.4620135773376528,0.19,0.27745495760676714,0.3577339432960963,0.3709530249657134,false,2
3085,0.3898900851958282,0.17,0.12818127674400268,0.16325810185928538,0.254559253159,false,3
3086,0.357248985876677,0.22,0.20666905638396926,0.26109479893022425,0.22419966849408754,false,3
3087,0.8910083886962131,0.65,0.6262279160658935,0.8069985910954692,0.7795723073377694,false,1
3088,0.36175136895648774,0.26,0.4576741539084239,0.38214935403786937,0.39799181151884955,false,3
3089,0.457379681904896,0.28,0.37166865356431006,0.4225018691749176,0.4418015626741166,false,5
3090,0.4373171687658386,0.15,0.2763290108008599,0.3660643762373692,0.3633984223516748,false,2
3091,0.3994317427117151,0.61,0.4415515190967485,0.4911361745536227,0.5097663005025188,false,5
3092,0.5266443031045978,0.35,0.5162308878526646,0.4127313759358108,0.4999580626589687,false,4
3093,0.35284315841121333,0.2,0.21588794287342647,0.33475794352395616,0.3790981031100804,false,5
3094,0.25262505452407097,0.19,0.2171735494496149,0.19907093998138747,0.2469484581736086,false,2
3095,0.3287452871099656,0.18,0.08977657955262344,0.25006245467352267,0.27616725444644696,false,4
3096,0.3143635473469368,0.21,0.2942724005414064,0.248431571502047,0.30313535939030134,false,5
3097,0.32133990194390066,0.1,0.2828400542060879,0.27983668003552004,0.358480767509228,false,5
3098,0.29704113440677954,0.06,0.18223400054860842,0.23154658946802442,0.2843521998010825,false,5
3099,0.41654404249004345,0.23,0.38355991856997884,0.29255908938842373,0.3267456489569761,false,4
3100,0.4053373380592958,0.37,0.40223271503171304,0.43509243617765664,0.4906984939672815,false,2
3101,0.3461348895803923,0.26,0.22180155400917115,0.2619021174890746,0.2686243469910288,false,1
3102,0.37035483038029743,0.13,0.32608982795161084,0.31823989411056486,0.34755831416358335,false,2
3103,0.36852867820957386,0.07,0.11495215836983845,0.0540921321325733,0.2436039648405282,false,4
3104,0.4747897395421504,0.28,0.3939584469461835,0.5195663762783389,0.5668533749655749,false,2
3105,0.2919456569629661,0.0,0.09867993332020263,0.19103484323525258,0.23260911483609525,false,5
3106,0.3985556597864254,0.12,0.16440946822640962,0.19105492710214908,0.27864478223702493,false,3
3108,0.2484854749547349,0.19,0.12820363063952478,0.3233736792981477,0.34402753999647,false,4
3109,0.413432338222197,0.18,0.3008435567322811,0.22388001495184492,0.30219249770641243,false,4
3110,0.3607301119083523,0.22,0.33828349939215735,0.3484357376835148,0.36956662351303377,false,2
3111,0.3549225538480652,0.05,0.21743157995447207,0.2333515122403073,0.2612923831580066,false,5
3112,0.3740910492103876,0.03,0.1976275321819123,0.25458003086087955,0.2565613351999646,false,5
3113,0.4184280404146092,0.14,0.09864661511514813,0.19405187429529536,0.3649340306892223,false,4
3114,0.42302334163842525,0.06,0.26829308003116215,0.11282837112895329,0.356305815522199,false,4
3116,0.3333299639038755,0.01,0.20403767867992842,0.23913517570921472,0.27111248544007616,false,5
3117,0.3961582725446733,0.4581666666666667,0.313206774267542,0.4043780520304762,0.3426801234854665,false,2
3118,0.5589024599953654,0.39,0.6137546385289395,0.5970279905046127,0.588625339632489,false,3
3120,0.36780602687319397,0.11,0.16528292591947918,0.19089427812736198,0.24008944839072188,false,1
3121,0.36780602687319397,0.11,0.16528292591947918,0.19089427812736198,0.24008944839072188,false,1
3122,0.30704436273352587,0.17,0.10154271834655798,0.19482800851784365,0.22668939016682227,false,3
3123,0.4747897395421504,0.28,0.3939584469461835,0.5195663762783389,0.5668533749655749,false,2
3124,0.3979522508141801,0.35,0.2742665529126319,0.5004375091629527,0.4597325922922998,false,2
3125,0.26994327331601037,0.65,0.4896739206848558,0.48285629373711036,0.35446189980941395,false,4
3127,0.4749145948288736,0.42,0.3476619532656365,0.46323214445959154,0.44168130561858854,false,1
3133,0.3317679720936525,0.16,0.3998830674376975,0.2562923407208019,0.40087043156834407,false,3
3135,0.3513642198649908,0.11,0.18887836445383738,0.19695691664996243,0.26490959840695477,false,5
3136,0.3164138402659485,0.13,0.09135307111434207,0.2102512588397769,0.24792430534162413,false,1
3137,0.40327603722004635,0.09,0.25335336011974474,0.21871642719183096,0.33822705609719556,false,3
3138,0.35062205940707036,0.39,0.3571755922581259,0.3818648851850169,0.40838101888565154,false,5
3139,0.37148198290653106,0.11,0.19724941501126259,0.277469581241877,0.2758829441765238,false,5
3140,0.37099428218466424,0.17,0.12208177645456439,0.26147337027595147,0.23578365671339924,false,2
3141,0.3515797150081527,0.03,0.05199330366890904,0.18004573317556843,0.21960364267927823,false,5
3142,0.4058308753953105,0.45,0.4727087681248516,0.5149853591067418,0.5019536787594248,false,3
3143,0.2901977592857701,0.095,0.1585732055501448,0.18997324832932094,0.27841744648289163,false,1
3144,0.3240468290271006,0.26,0.19672041172562998,0.26348887764858336,0.2325386872369722,false,2
3146,0.36458692703498696,0.3,0.4633676569376012,0.4243616906165487,0.5202213043919773,false,2
3147,0.38106540655405213,0.12,0.4672592786868797,0.3871373285898828,0.5019342427422442,false,4
3148,0.26542517934031284,0.02,0.0411778566183244,0.06498401357182751,0.15480296944219582,false,3
3149,0.27207093271039523,0.25,0.23689422384839384,0.3530493509046824,0.28743437072023986,false,3
3150,0.5026699956708653,0.27,0.21557058935822698,0.4180870046251275,0.4985886157192987,false,1
3151,0.4514890510659721,0.43,0.42633753147222414,0.44865040538942585,0.40646127500129636,false,3
3154,0.26572725705084294,0.15,0.3428746567623352,0.26591482923550336,0.3143566895370314,false,4
3155,0.3004379969334793,0.13,0.2674619311457403,0.2246196133573661,0.28221607163316415,false,1
3156,0.4001293572292245,0.1,0.08392839816197818,0.21825632325225494,0.2652189535486413,false,1
3157,0.5608463609973913,0.39,0.437755757358016,0.46404928160679304,0.5331816377305584,false,5
3158,0.3458343406852963,0.16,0.17140319388096975,0.2283365235526902,0.26697454605701865,false,5
3159,0.3516989053024143,0.22,0.2646898861956391,0.3653753127779132,0.3714541956169192,false,3
3161,0.31169520333003303,0.53,0.44600683157106935,0.37019293261878294,0.3980737005221244,false,3
3162,0.25666229073077346,0.0875,0.15115912121065458,0.17130028084912252,0.29595519634821893,false,3
3164,0.2982418456653599,0.35,0.1884280573918723,0.38358257591940614,0.40994987803064736,false,2
3165,0.26492506172911506,0.18,0.17213341547336644,0.2520571482397451,0.3224078920610632,false,2
3167,0.33039569631849425,0.23,0.17150628608317245,0.32480473754938716,0.40368861200522194,false,5
3168,0.2886091829208109,0.24,0.07035442058024487,0.3392612602148767,0.3053804542672468,false,1
3169,0.22799827949784054,0.165,0.09707506362259208,0.25064281876313793,0.27188772045966025,false,2
3170,0.294435415816484,0.02,0.13433926599586507,0.018904519092019092,0.22376825880408802,false,4
3171,0.32819671207731976,0.13,0.24769082318156577,0.18053663698272832,0.3357371327933554,false,4
3173,0.42616198712554776,0.51,0.49264593761431774,0.4269325287670827,0.4545934690595782,false,1
3174,0.42616198712554776,0.51,0.49264593761431774,0.4269325287670827,0.4545934690595782,false,1
3175,0.42616198712554776,0.51,0.49264593761431774,0.4269325287670827,0.4545934690595782,false,1
3176,0.3342656540426056,0.06,0.17951996939875078,0.20642083360140265,0.22480092160191448,false,2
3178,0.29589645959681204,0.12,0.10659257445242852,0.18876200068464108,0.23752335586465465,false,5
3179,0.26572725705084294,0.15,0.3428746567623352,0.26591482923550336,0.3143566895370314,false,4
3180,0.2961087536526902,0.07,0.15195517698331704,0.16198046358388613,0.18512522095114858,false,3
3183,0.2922550730805135,0.02,0.07179326938607154,0.18562581787686733,0.22697985708472168,false,1
3184,0.2489186986943158,0.0,0.13557091415756908,0.12561148384351808,0.30514575491264734,false,3
3187,0.4875431899853306,0.29,0.48643844361287863,0.456833423095245,0.49070760104088923,false,1
3188,0.4781929175520495,0.13,0.2755496471591686,0.3310380240226178,0.37651076002808226,false,2
3189,0.5048737791787781,0.29,0.29929062175147064,0.39673864406903064,0.3426591949157028,false,5
3190,0.4707898949246683,0.18,0.2283094752556447,0.3911430085769356,0.4000866998801688,false,2
3191,0.48004343499383967,0.41,0.5108089993281665,0.3672507603111854,0.46316245426445424,false,4
3192,0.32829450828496143,0.04,0.1352367924441481,0.12667168155232755,0.2432094057812353,false,3
3193,0.8640882762457655,0.84,0.6052444246977005,0.8241058748028022,0.7821006335096334,false,5
3194,0.4760744574392302,0.19,0.2449010934511269,0.3092183977253441,0.3917773791314662,false,2
3195,0.47200189370361795,0.23,0.41608606424239086,0.3369238072433175,0.4579916783500097,false,2
3196,0.8768661205129608,0.56,0.25559238784818866,0.6875529808904892,0.7648587059922543,false,2
3197,0.47413167418172225,0.38,0.40732821793178475,0.4477634225125832,0.4777792565358462,false,1
3198,0.7651898211332875,0.55,0.8336032236903247,0.7289220396218589,0.8032770167323573,false,3
3199,0.8365281749900121,0.63,0.923075270338248,0.7410682238174625,0.8317945053308986,false,1
3200,0.5219675435150012,0.33,0.5788472342328858,0.41181711956392675,0.5617162522967082,false,5
3201,0.5449499158454847,0.67,0.6858033678674829,0.6617192637830452,0.62240249846668,false,2
3202,0.41911044970808065,0.26,0.14893982852816962,0.30617349741403965,0.3826315676805562,false,2
3203,0.47801691463857515,0.13,0.24170883999518156,0.1767871207104617,0.3488556086362235,false,4
3204,0.38033274899037284,0.24,0.1332325075093129,0.1827715204847965,0.23468627973304265,false,3
3205,0.3645376853398288,0.34,0.3397559608281663,0.4137911512965817,0.3962249371770265,false,5
3206,0.3476113413326856,0.05,0.1334778356651813,0.21407881086043,0.23769533880466298,false,5
3207,0.32463818070742984,0.16,0.11750725553265556,0.16056223976831563,0.2663101321210173,false,4
3208,0.24087392197940644,0.13583333333333333,0.3326808178292506,0.2009060986953119,0.2783445170020807,false,3
3210,0.2979575680470544,0.02,0.08829601518061657,0.10912056118761945,0.1992923888638292,false,3
3212,0.39205465318603333,0.14,0.20111011116947256,0.20612214798865636,0.21891682242783944,false,3
3214,0.3115952081028994,0.08,0.11197560223320148,0.1755512754672547,0.33700015482079676,false,3
3219,0.3870143265142295,0.21,0.1452545639673706,0.36164368267941627,0.3929163995600509,false,1
3220,0.5358047450518202,0.63,0.7309213979566476,0.6854281488328793,0.711362494248922,false,5
3221,0.5388118742316613,0.57,0.5550925113017564,0.6692576964518883,0.6411503553527814,false,1
3222,0.524445342554787,0.69,0.6776413513914034,0.6480559407864861,0.6213126340258516,false,1
3223,0.9999874556343588,0.64,0.8776686946293426,0.8712686234622639,0.8114507654281402,false,4
3224,0.42762091493445503,0.16,0.2247219767199372,0.3110173305708463,0.29258124309617684,false,2
3225,0.4913477839869048,0.13,0.3350786990731929,0.41288026872013023,0.514884966179477,false,2
3226,0.5076108358044891,0.28,0.30949666573481555,0.356707340504882,0.425454448027881,false,3
3227,0.4077101747959224,0.13,0.31636531635190085,0.336349794279294,0.4398491508375331,false,2
3228,0.34464082018322534,0.12,0.11928624280504188,0.2208267701966784,0.2743859021416351,false,5
3229,0.40394641549145216,0.27,0.20206800894870017,0.33647123640459076,0.30190945174475914,false,3
3230,0.4192706926050852,0.14,0.3283761151978303,0.38149079876284653,0.4283857103832659,false,5
3231,0.6308756776024099,0.34,0.22077185121492615,0.5497016011046828,0.6671748554867414,false,5
3232,0.285728374809389,0.19,0.28372261562958484,0.3125774841643414,0.3475971726152226,false,3
3233,0.46136896606617783,0.4,0.5623730571793012,0.5427336213848685,0.5811916667972182,false,2
3234,0.3688785832264654,0.23,0.409373002178163,0.46198137999273287,0.46326128258608473,false,1
3235,0.48427679197069123,0.36,0.40117877915163824,0.47284337934317316,0.4398120050546482,false,1
3236,0.35804156090312317,0.23,0.38764151755390525,0.34899490534629135,0.31409027417819047,false,5
3237,0.39414852210253554,0.19,0.3246424642205775,0.3841724743108606,0.3957395955234567,false,3
3238,0.4707099203043547,0.13,0.3487940262138836,0.39460600089758185,0.4373668889612364,false,2
3239,0.29858670053272185,0.06,0.14349107101601113,0.1670063866048142,0.2277219853761591,false,2
3240,0.5644817143090716,0.25,0.3252344515379035,0.3622038486396808,0.5133645025000487,false,3
3241,0.562771296811538,0.53,0.7299868870277505,0.6411096495960936,0.6256950088681842,false,1
3242,0.4917889173684748,0.44,0.6376362684986774,0.5650811118525233,0.600543445294336,false,3
3243,0.346587205985478,0.06,0.10968005188381619,0.1694961671542638,0.21345064825939586,false,4
3244,0.2982370189334588,0.0,0.02368328145798866,0.14304917608352802,0.1554145113199528,false,5
3245,0.3106235195529968,0.03,0.16326815045042678,0.1374641348161802,0.21994497326318488,false,3
3246,0.5656061050762982,0.5,0.41037703478796855,0.5927811089700105,0.508598017161186,false,2
3247,0.31314556704325136,0.04,0.19720016663959225,0.19550176170135394,0.248511831015541,false,2
3248,0.5311176148666418,0.26,0.347006252498399,0.5081585146080734,0.45155750205927886,false,1
3249,0.290598195890219,0.0,0.02162738067622502,0.15318690187632605,0.16585689925811628,false,5
3250,0.36768865304744763,0.18,0.3592292150195404,0.25942456138346,0.40983962872340896,false,3
3251,0.5682348145277546,0.55,0.5844347037960554,0.5602367662415545,0.5421960526411252,false,1
3252,0.44959135475294193,0.34,0.4684346839467745,0.4919873213858274,0.5363127909248494,false,5
3253,0.4655108668116185,0.12,0.33994865183328044,0.3811725511894869,0.4146372083304239,false,1
3254,0.3318759369738004,0.25,0.3631074270527336,0.25327246396432446,0.26813986990879624,false,5
3255,0.293766947641688,0.08,0.13208367935824583,0.2205350638662966,0.2435122069333693,false,5
3256,0.47229294225771395,0.17,0.46000599814214466,0.42612786143683146,0.44174384877436645,false,2
3257,0.4441861369130227,0.37,0.46684084314724744,0.5411883029589473,0.4550539367864237,false,3
3258,0.5244938636264721,0.38,0.48369901013990785,0.4820087003526974,0.5206944491587653,false,5
3259,0.9276617561747756,0.61,0.7273400152457616,0.7627654255492172,0.8182057685797066,false,1
3260,0.3609891589535087,0.0,0.2757806896585865,0.24992003756985798,0.3061856716161459,false,1
3264,0.3944803281029325,0.2,0.32838936445418654,0.33374930854748974,0.3479773082342084,false,4
3265,0.5492850025957638,0.49,0.6116360784564482,0.6224079027063069,0.5885967217879855,false,1
3266,0.3202814466796692,0.035,0.284980747755428,0.25057600601675206,0.2889304250605816,false,5
3267,0.43692007456211235,0.25,0.4427276589791724,0.5281241340895666,0.5309560711179969,false,1
3268,0.44008533720355164,0.27,0.33226461223889964,0.3188728339668429,0.42025659851710834,false,3
3270,0.24826796049408478,0.04857142857142858,0.20225421126709475,0.1688477243430804,0.2598335053975522,false,4
3271,0.5636819765718063,0.47,0.6684905232768862,0.5973049655526642,0.6991664097854656,false,2
3272,0.5114870861354763,0.37,0.3640427192395973,0.46507802523230546,0.4435288902965091,false,1
3273,0.6812615501137264,0.65,0.7179865067256219,0.6781745750258173,0.6928310608867714,false,3
3274,0.6653658520053671,0.62,0.7641367507336247,0.6744738566199661,0.7462731055926551,false,5
3275,0.4689671196723879,0.54,0.49091928860370254,0.4705272210153341,0.4392793848609571,false,5
3276,0.5347878958947156,0.28,0.30556763199948467,0.27904724037777795,0.48525062819496545,false,4
3277,0.39461844112002015,0.21,0.3197686893066874,0.36589354101403726,0.41316445738537655,false,1
3278,0.5941258799231875,0.64,0.5769108869339014,0.5491791620228268,0.6536847002319413,false,3
3279,0.7686821589335902,0.79,0.8983311569454533,0.8609485390904655,0.8160622288902828,false,1
3281,0.37282305994370585,0.0,0.30093280176357806,0.31680391984570666,0.34821446102439846,false,2
3283,0.46238697217905994,0.36,0.343601868752745,0.502865847563442,0.5437867719268976,false,1
3284,0.7651137583854972,0.38,0.3130631388726062,0.5627879582378895,0.6910524131327515,false,5
3285,0.7090860537482637,0.5,0.5630475246147555,0.6500070003740669,0.7790463370281451,false,4
3286,0.684687520331088,0.55,0.8507661471675156,0.7197013740787824,0.7939869886463814,false,4
3287,0.5409578603589432,0.21,0.3638352155757673,0.506941526047477,0.49213823094526743,false,5
3288,0.4762554114747041,0.26,0.4487798982487918,0.3840599328717012,0.4938026795606094,false,3
3289,0.4733226690295165,0.374,0.469133782578136,0.43713989115578,0.4395267185562906,false,1
3290,0.4816216172010993,0.34,0.47583997831170816,0.44799832792943406,0.45434894603119413,false,5
3291,0.6064905699551948,0.26,0.2601316388028952,0.39576980783455973,0.5722868255651693,false,3
3292,0.4925947669533076,0.48,0.40248073976206405,0.4999117113817927,0.5433960845846013,false,2
3293,0.539429882596911,0.47,0.6633218021868821,0.6317376532660809,0.608513492652934,false,1
3294,0.27523038995760996,0.68,0.6288686500831553,0.2512204004002711,0.29279607262365226,false,5
3295,0.42192532293176843,0.34,0.18196668367460755,0.2586971820822973,0.32568873937195175,false,4
3296,0.7052023302157414,0.43,0.4167969256073018,0.6681713993296786,0.6664642188636594,false,5
3297,0.45123929131464546,0.29,0.33384415149960717,0.3984949214875324,0.3568999585790397,false,1
3299,0.4632385541912432,0.35,0.37221395436693255,0.3789753969941066,0.5193811684308529,false,3
3301,0.4639720742430559,0.29,0.5471440383938335,0.49949341974538436,0.5410508830511266,false,1
3302,0.5254014615214868,0.34,0.45133020265635204,0.5277739959398927,0.5695752241319941,false,2
3303,0.5234949664776832,0.13,0.3896095159023413,0.5096005464350575,0.4997945907701797,false,5
3304,0.6534360453245125,0.59,0.6277600220803279,0.6578692675680147,0.6495890917703696,false,2
3305,0.5612507163051706,0.37,0.45638446272062644,0.5740876568367739,0.6191768084203592,false,5
3306,0.27905463727407437,0.53,0.26746619787255793,0.2749207318970053,0.287268302770227,false,5
3307,0.27905463727407437,0.53,0.26746619787255793,0.2749207318970053,0.287268302770227,false,5
3308,0.1747961372737913,0.38,0.15136491729798587,0.43858037249548815,0.38593140336215354,false,4
3311,0.3147655630437262,0.07,0.21717089218814026,0.20033584609879043,0.25387382977224937,false,3
3313,0.5254014615214868,0.34,0.45133020265635204,0.5277739959398927,0.5695752241319941,false,2
3314,0.34222439997271015,0.18,0.3958595335343652,0.24942786820272528,0.2704206055700768,false,2
3315,0.6960399510914446,0.7,0.7392975542521857,0.7217668535569491,0.718194935959875,false,1
3316,0.7274160385971022,0.54,0.698781050478995,0.6597350824397652,0.6698657012613445,false,1
3317,0.5151586052027496,0.33,0.5586988046760076,0.43662589188293555,0.563779015836767,false,3
3318,0.4572962678390731,0.39,0.33177185789975183,0.45013506932135733,0.4330441884488654,false,2
3319,0.35981757358069405,0.18,0.26656921714345155,0.2881966749594103,0.3077846253055841,false,3
3320,0.3769269796360898,0.26,0.3828588206650987,0.41177362877804397,0.4221772592469542,false,3
3321,0.5029475114918529,0.2875,0.2803488787720799,0.3986629790118802,0.4428590832746137,false,1
3322,0.3286481641553718,0.018000000000000002,0.24656268144155374,0.22507107966026332,0.2781607955237196,false,5
3323,0.5422374018737787,0.33,0.6265341679567268,0.6031963480073181,0.6243828901245109,false,2
3324,0.3990209938220634,0.21,0.39328766211009764,0.3730186864337606,0.4285483737379601,false,1
3325,0.34880680557366694,0.29,0.45926661524978907,0.36078956192974176,0.387246386554303,false,3
3327,0.34880680557366694,0.29,0.45926661524978907,0.36078956192974176,0.387246386554303,false,3
3329,0.3555764510831298,0.27,0.4084929818695447,0.3606772588304452,0.39110977796053453,false,4
3330,0.3568672176669223,0.12,0.4085239060603248,0.32094235733017606,0.35511706575476704,false,5
3331,0.31661011341558637,0.07,0.12106259583298487,0.18105870786925954,0.2167400462013123,false,1
3332,0.32060997879165537,0.07,0.09961891451614584,0.2511700921180494,0.24298553833200415,false,2
3335,0.45217581388180855,0.15,0.4633144059668225,0.47214630980828515,0.5073574701697724,false,2
3336,0.5115370326968957,0.39,0.5679468380434961,0.39922730505218895,0.5801982248724823,false,4
3337,0.3010850682138559,0.22,0.16928538254438058,0.2765138799335357,0.2857499980858034,false,3
3338,0.47984175561429304,0.27,0.3407804227170097,0.5496711121731758,0.4914541553839664,false,5
3340,0.41171562092177355,0.3,0.38602845711819234,0.33568107209218623,0.3843832198327097,false,1
3341,0.3066447186260488,0.07,0.24576428268053502,0.18909238377586846,0.22553384782557015,false,5
3343,0.33275313134701645,0.25,0.22264287035238417,0.2602473761681087,0.262944950792849,false,1
3344,0.3974376391080991,0.41,0.5471721971037818,0.39825654307692504,0.4217309016329554,false,1
3345,0.3854297614421649,0.07,0.1428321208028857,0.29133662680193356,0.3293019327637274,false,2
3346,0.35215072989046764,0.4,0.23499230753429884,0.3349616013475021,0.24864481669598096,false,3
3347,0.39851363674310836,0.14,0.24089446293312552,0.2741508283125642,0.31701309652814286,false,5
3348,0.4886679150657849,0.42,0.3501828854366143,0.4324063199292798,0.38856145820504423,false,3
3349,0.6574468075065802,0.77,0.7832984878620401,0.7787169566400471,0.7402802982212929,false,1
3350,0.3309012249190214,0.07,0.13451493144721077,0.2061085096626735,0.23199698832424578,false,2
3351,0.5581559677215694,0.54,0.8550668201829832,0.5558987488736371,0.5798854119177248,false,1
3352,0.45906754758287005,0.24,0.4543226570708929,0.42286331103085767,0.49934036901330503,false,2
3353,0.4488344844316281,0.2966666666666667,0.5172627261222094,0.31408136832363676,0.49607392559434077,false,4
3354,0.38905167383364914,0.09,0.22589045278244643,0.12098472434428315,0.34317813565132604,false,4
3355,0.3451827256059879,0.26,0.35314013435666547,0.21661733135385305,0.22143990017262521,false,2
3356,0.32441597974394076,0.06,0.2690170996736712,0.2722893360740841,0.3144892116481337,false,2
3357,0.38271378716978266,0.2,0.509345757599333,0.3484144216397968,0.3786163953706648,false,1
3358,0.3709664132517388,0.07,0.2845112265668049,0.26710108024625984,0.3132040847461321,false,3
3359,0.38528102209600573,0.3,0.25814342387390593,0.4089375041087763,0.2574767932994939,false,3
3360,0.32256723090909456,0.16,0.14035492430005597,0.10576546260756783,0.27150293991873015,false,4
3361,0.424078366818333,0.14,0.13973868874664822,0.3767702965203605,0.42160974225507536,false,2
3362,0.39858144198103307,0.42,0.22526364476368904,0.30332721616394553,0.29802187946131903,false,4
3363,0.5082448831610339,0.33,0.6371765188849428,0.6123339415082523,0.6049455714982664,false,4
3364,0.4515349654447941,0.43,0.5376721802057688,0.42813387782525575,0.4644240284680792,false,2
3365,0.35434030744461303,0.19,0.3710124402837975,0.28424619252642025,0.37665948377480196,false,4
3367,0.3925502439351513,0.36,0.3079148560238027,0.35036113840732697,0.37930570327051977,false,1
3368,0.3830575387411407,0.21,0.22295052849213393,0.2783250396607151,0.3437504413763867,false,3
3370,0.3224781327193068,0.01,0.06095683760029901,0.2053255812203382,0.21236657543866994,false,5
3371,0.46027646550032814,0.31,0.474985062226177,0.4677064563159814,0.4915970676094324,false,1
3372,0.3282318197247954,0.08,0.2454148573327953,0.19881305767433968,0.2125905952491532,false,1
3373,0.5334320340667931,0.22,0.24859297356991059,0.3882203774756154,0.5112817534180287,false,1
3374,0.4186846854411126,0.36,0.5606886075132482,0.4291861489711279,0.49529251136730673,false,3
3375,0.42076089224100166,0.21,0.48526555581362896,0.4277253067448445,0.4444257689994595,false,2
3376,0.31068353925942505,0.03,0.058093252972746603,0.15503745822085713,0.2280818681328514,false,5
3377,0.3301868018945207,0.05,0.226315610220676,0.24791123506631918,0.26738605648202607,false,1
3378,0.4781913576517951,0.24,0.45427529959530405,0.4978131753500991,0.5367722491873324,false,2
3379,0.3858904826459253,0.26,0.5326558510137844,0.3542326582169219,0.4081877003750381,false,2
3380,0.367736966576146,0.18,0.11776412364840164,0.20870276646011943,0.2584234178896871,false,4
3381,0.39598057119746294,0.23,0.17818116781066165,0.19720384738172803,0.23772581469331147,false,3
3382,0.3209613408921938,0.43,0.3466284379975741,0.25438611877027784,0.25741865723317114,false,5
3383,0.36021395435471926,0.5,0.5800080991367277,0.6246749188265467,0.5041070156874559,false,4
3384,0.4530886984267955,0.67,0.6722481548772459,0.6531360651447341,0.6024297790790626,false,5
3385,0.4720782580280264,0.44,0.7110056906048963,0.662994275046069,0.6207856716954604,false,1
3386,0.43432697894312094,0.08,0.07956180198364,0.2175274275137803,0.3165655159602515,false,3
3387,0.4679438764584221,0.21,0.42405464709886925,0.3957278237031156,0.45425968964022667,false,3
3388,0.3901028362952876,0.34,0.4737576953514486,0.30757632805053864,0.5120305602335234,false,4
3389,0.46244139676604723,0.26,0.25870057016850345,0.3006287316897639,0.4417552912637692,false,3
3390,0.3709664132517388,0.07,0.2845112265668049,0.26710108024625984,0.3132040847461321,false,3
3392,0.4323344391061739,0.41,0.573738701952628,0.4550208663791636,0.5413951804452053,false,2
3393,0.3736725520740237,0.34,0.38425552363538323,0.3683985070019402,0.3840446071274492,false,5
3394,0.3570276386486593,0.18,0.19081706680848154,0.29202065074560046,0.33977936473376263,false,5
3395,0.7380851490914976,0.28,0.18743208979916762,0.4092027802671184,0.4800136286594507,false,3
3396,0.370864297520995,0.13,0.3649267321019029,0.34273066032597177,0.35204710202875317,false,5
3397,0.403527198437333,0.17,0.3583775028339423,0.37634880336280285,0.35075036456990927,false,5
3398,0.4058308658799844,0.12,0.3794643540598292,0.39023559041554295,0.44858352297856047,false,5
3399,0.5678500512918327,0.34,0.4041451800241073,0.42039770909283475,0.4241997119108249,false,5
3400,0.3803680388893665,0.39,0.47738900092016084,0.3783393023444523,0.40116673379732143,false,2
3401,0.6200804358728793,0.58,0.5984707858922264,0.6495141915004708,0.6259462785052474,false,1
3402,0.4437093424283742,0.46,0.5586556055600559,0.47831112598187026,0.4951140168391061,false,3
3403,0.6823387571966436,0.61,0.7064862301258273,0.622590868423649,0.7223636088480508,false,3
3404,0.43417013182017383,0.21,0.22074500854431392,0.31762090467691967,0.39624404449238737,false,3
3405,0.261374457619588,0.28,0.2525035719095826,0.2843586680519342,0.28932221339183767,false,4
3406,0.4010880393613895,0.15,0.2944241259418295,0.30148544894414364,0.3578902758196511,false,1
3407,0.3307043600659274,0.03,0.05781149659543768,0.0422707576651075,0.1693249132359173,false,4
3408,0.3307043600659274,0.03,0.05781149659543768,0.0422707576651075,0.1693249132359173,false,4
3409,0.4165757102595308,0.27,0.24461943132235878,0.3342095012492836,0.4085872196459427,false,4
3410,0.35342929479329144,0.1545,0.33589755156137585,0.2889791571178282,0.3103509769007266,false,4
3411,0.340664918183685,0.43,0.28528727375064455,0.41388871572052943,0.3229521773810972,false,1
3416,0.5780983974890995,0.31,0.2204681057545593,0.5479628736467881,0.5939326641561611,false,1
3417,0.37404119286966675,0.27,0.27097654371185337,0.3384349713557631,0.3855502841664654,false,4
3418,0.4035728665777557,0.55,0.5439717266666526,0.5060595388971347,0.4646027558400049,false,5
3419,0.2509169622006226,0.07,0.1049452130999293,0.1228505618294024,0.21347708114917566,false,3
3420,0.7115416037586482,0.59,0.5571671195947011,0.6504662924601513,0.6815969193272681,false,2
3421,0.4088466659805858,0.27,0.2447621613450867,0.3389039889201456,0.3939941834293204,false,1
3422,0.41079899191619706,0.24,0.3262048987638018,0.4028013346078012,0.4668451226715209,false,5
3423,0.3081981232386929,0.12,0.05221074499394271,0.2639745704837193,0.2298379392036089,false,1
3424,0.36203312361542883,0.12,0.33529657260601087,0.3379042135549617,0.3146580350208718,false,3
3425,0.4042358317643227,0.37,0.17668587812863845,0.2731421470406845,0.2972002075529068,false,3
3426,0.777582470827564,0.69,0.8036562358890599,0.8021047404059892,0.7827062066057693,false,5
3428,0.5677788915123041,0.69,0.6116360784564482,0.6347726454656374,0.5885967217879855,false,1
3429,0.44472633748289647,0.33,0.5781967257765174,0.544266578797727,0.6049455714982664,false,4
3430,0.415712509329457,0.14,0.15146900275198388,0.2878500042954503,0.3492107360564378,false,2
3431,0.34196688092869554,0.09,0.20914965084142378,0.18606091192751859,0.24513622072975957,false,1
3432,0.420005430015185,0.26,0.29916063469413867,0.39288693518233886,0.41959862307265433,false,1
3433,0.35327132305523035,0.44,0.22606013017529528,0.33501939955817384,0.36746566600223546,false,1
3434,0.9695085159820367,0.54,0.8205998230441299,0.6252199211034352,0.7653879743228834,false,3
3435,0.45199334029345734,0.45,0.4675419364207035,0.4886819395542338,0.5517390892789,false,5
3436,0.4277443049379928,0.23,0.32811329590057675,0.3776069141103047,0.4424700703756756,false,1
3437,0.41450585031347376,0.21,0.22913423851854584,0.29983855525709235,0.43245979767927234,false,4
3438,0.6357557437090983,0.64,0.7595440108322806,0.6435432532231349,0.6342564315343396,false,2
3439,0.3741685044855923,0.19,0.3676984450822877,0.264977908662545,0.3649497406968785,false,4
3440,0.3544350022649578,0.03,0.028806954849418216,0.16608085547903922,0.2114774771743687,false,1
3441,0.34783767834257423,0.31,0.24454251105912855,0.31222254213241935,0.3597255450750606,false,3
3442,0.3866190790557338,0.22,0.23128653839262395,0.29455706400687287,0.274485244756113,false,5
3443,0.4367155621175298,0.26,0.6198488502283106,0.4231885049377419,0.5620935535506776,false,2
3444,0.4344401844470284,0.11,0.29794699677098563,0.3507428543812345,0.3602059761394104,false,5
3445,0.6469913037890149,0.37,0.7126341047263264,0.39555837115567166,0.6542096278623496,false,3
3446,0.41997386705258827,0.2,0.12320898687266824,0.22517049626654154,0.2699613895274482,false,1
3447,0.7490790453316758,0.55,0.6299689499114468,0.6248857221442979,0.7192999984755017,false,4
3448,0.6215670871605662,0.48,0.6432178489262727,0.5875794951086719,0.6330401508228937,false,5
3449,0.47595599510491077,0.33,0.08476434876667331,0.3195586448560575,0.38535753335626,false,4
3450,0.36285446303542684,0.07,0.08885586088870259,0.12635291011877697,0.2781292113023133,false,4
3451,0.6378945150553255,0.43,0.4004060238271239,0.630669850563056,0.7791443471061856,false,3
3452,0.5189810165797981,0.24,0.21451629951991752,0.4053655851694446,0.5910432973275171,false,2
3453,0.5803005342680115,0.54,0.4147801535489009,0.5693827603827812,0.49846028983344887,false,1
3454,0.598219293776034,0.28,0.44594682806466285,0.5049379092755288,0.5005606565981869,false,2
3455,0.708611801192956,0.48,0.7280468297049943,0.6186757293309345,0.7399700209788294,false,3
3456,0.338270768335309,0.05,0.14694963535746172,0.23884134993936207,0.2428300056959251,false,5
3457,0.49805628128188517,0.29,0.3015607093123807,0.3543329733130185,0.4208022328499317,false,1
3458,0.9619422608651091,0.63,0.9519975780134436,0.8254523483105561,0.8200940368601903,false,1
3459,0.44686549303084855,0.2,0.08674392181199424,0.2915918484658617,0.513671493771693,false,3
3460,0.558732258510077,0.07,0.16928375534262255,0.3387703845882297,0.5039824445292016,false,5
3461,0.3978492436252167,0.2,0.2519496154826992,0.2995983747304857,0.4013812705641802,false,2
3462,0.3978492436252167,0.2,0.2519496154826992,0.2995983747304857,0.4013812705641802,false,2
3463,0.7639613815933628,0.45,0.6548339732511651,0.7652686637995026,0.7170882142727425,false,3
3464,0.38170613474764103,0.24,0.21153949730372404,0.36039092758472874,0.3658054158164094,false,5
3465,0.736115469144675,0.53,0.8410354376746761,0.7004219490243325,0.8025969406519974,false,5
3466,0.35909130814267004,0.17,0.12012601612489038,0.26966113328037067,0.25886719197759983,false,5
3467,0.363550582168252,0.38,0.4993640490630498,0.42437975353016616,0.4366353739385187,false,3
3468,0.9659653487727597,0.29,0.14187048411616326,0.44460720145177157,0.49277662391341587,false,2
3469,0.5335684726292481,0.58,0.6775721394319906,0.7514188122478493,0.7827816656124781,false,1
3470,0.4308836522145955,0.31,0.22494832514406002,0.3266138339794583,0.4007625913867506,false,3
3472,0.7175134301397127,0.64,0.467211325508508,0.7105557632328288,0.6871933925937488,false,3
3473,0.4541579514239803,0.33,0.45146158195686,0.49087570699638655,0.5100476552500436,false,3
3474,0.47081437095128476,0.2,0.47420621570081906,0.34663038353619996,0.4478613346781793,false,4
3475,0.6932227466626181,0.56,0.6718688017148552,0.6650460984262219,0.6123323091505593,false,4
3476,0.7235764262537726,0.2,0.126121396193417,0.37169285057071383,0.5823574200418554,false,2
3477,0.5710800314654948,0.37,0.48356643473589056,0.5325681338203713,0.6189398404989169,false,1
3478,0.6863575969486886,0.26,0.2442965856311496,0.3980558878516909,0.5165877222807802,false,3
3479,0.660170714988733,0.45,0.4254395008633734,0.5477763727999426,0.7297211342529417,false,2
3480,0.3938950563500179,0.23,0.39633383388197047,0.35297555706227185,0.3623336403291552,false,2
3481,0.8109311257118902,0.53,0.730168670538366,0.7094733457550548,0.7291154891622296,false,5
3482,0.5800489841572949,0.2,0.48058668606865984,0.2810141965597107,0.43010556794147425,false,4
3483,0.661538255259655,0.19,0.42543554688244273,0.4188297707324201,0.5334430141727157,false,2
3484,0.8211625416591831,0.65,0.9048858035152161,0.7208562526672664,0.7668614392583303,false,4
3485,0.7273079834217997,0.45,0.4957114129146824,0.5379484369236973,0.759723644728554,false,3
3486,0.8972960437068724,0.45,0.6982896238396711,0.6073781738147612,0.7359291133077634,false,4
3487,0.591935264304249,0.7,0.6170902611361248,0.7624334789841208,0.7886190161408475,false,3
3488,0.9839571919171215,0.48,0.7433958389465445,0.6421768347625519,0.7677358831282202,false,3
3489,0.3742678391007027,0.31,0.45230305854136493,0.40416201989169515,0.4355098599590696,false,1
3490,0.5550490630168181,0.46,0.5210546863931653,0.5655273887838232,0.594619778032541,false,4
3491,0.4529002458011124,0.27,0.20501062710173096,0.39846938432414303,0.39879903301145125,false,2
3492,0.5903495839784787,0.34,0.4983667416096823,0.5304256109025595,0.539392357454021,false,1
3493,0.5724227524988431,0.28,0.447444573785927,0.42729165363501836,0.5598406914828407,false,3
3494,0.3693060838578611,0.23,0.5399713287544773,0.3248064899839755,0.3966560313669205,false,4
3495,0.9081184647670736,0.86,0.8283611483185578,0.8146448724645516,0.8183283879322043,false,4
3496,0.5012626322817092,0.46,0.5266858954734492,0.7442249678685048,0.7203412239014237,false,4
3497,0.693453388499848,0.29,0.34011750333577856,0.6053147785701313,0.7271068329565353,false,5
3498,0.6706458437110757,0.43,0.631733874469127,0.5504635109950735,0.4835594611415966,false,1
3499,0.435160315985337,0.31,0.42218258022941857,0.3665229280554025,0.4233497187239595,false,3
3500,0.4388549282159226,0.22,0.24402934592159423,0.2475112273991917,0.3381778954854947,false,4
3501,0.7385628019992206,0.44,0.5306989847273764,0.47838088607986246,0.7438173238183056,false,2
3502,0.5315310155532608,0.15,0.4755763476694196,0.5069426244363678,0.5825374622759006,false,2
3503,0.5655465389586286,0.73,0.7351311042523114,0.6354797820792292,0.7298134629957551,false,2
3505,0.38125722280044466,0.0,0.2859181953139949,0.25933172109013913,0.3349210369329513,false,1
3506,0.4164096259211787,0.23,0.16287798546976082,0.248031605299674,0.3753835633070079,false,4
3507,0.4680496654962467,0.21,0.3476195237563226,0.42294702527201494,0.40982974148941737,false,2
3508,0.7143914977919185,0.44,0.47793538557542636,0.5152498490451471,0.7365758907353404,false,3
3509,0.33821136642025906,0.16,0.24231418303188457,0.23935073306271018,0.31111354794754764,false,5
3510,0.6369735430056406,0.54,0.5605615020258482,0.6554368074804462,0.7002820776900055,false,2
3511,0.5796927910198966,0.28,0.4546475534849517,0.33597851939941736,0.5170182647342714,false,4
3512,0.6606093537012137,0.48,0.4526747585601736,0.46810722758269535,0.5234797235715887,false,4
3513,0.676899400413316,0.52,0.6398405205018761,0.5828876937690791,0.6948440708058501,false,4
3514,0.40707122714283894,0.11,0.24198735782567746,0.2639224558295088,0.35493399277727505,false,3
3515,0.7647864049492142,0.49,0.7346056538943119,0.6122316006226088,0.7633950278072054,false,5
3516,0.8656491148239361,0.7,0.6764279129630949,0.7187803074777532,0.7775767174666947,false,4
3517,0.6772061950862363,0.39,0.3095289190075625,0.5469078105651013,0.5533621855217822,false,1
3518,0.3059780704833015,0.3,0.4357876131242944,0.3528403901832352,0.3605643499653422,false,1
3519,0.595801572148942,0.51,0.7240034119466383,0.6543418754819537,0.6162814845220786,false,2
3520,0.6181086888702682,0.36,0.17183647149855574,0.3835322356951615,0.4652514866948102,false,4
3522,0.37865861944272194,0.15,0.2703208736166409,0.2659264783279119,0.3668023656838796,false,4
3523,0.5551267507898201,0.57,0.6729540551598587,0.6071744649190777,0.6068814488650406,false,2
3524,0.5043254575884454,0.45,0.5661223204457885,0.5302111284811594,0.5248537768688941,false,3
3525,0.4376754368200219,0.2,0.3277044308159886,0.3574483093481629,0.374707123393054,false,2
3526,0.45990756396421195,0.41,0.5081789988324932,0.4527121246427964,0.4929127616872039,false,4
3527,0.5658134974187541,0.35,0.3638218784166591,0.5926122545637422,0.6431956408488528,false,1
3528,0.47703083414635683,0.26,0.5983291557240528,0.5013260343770741,0.5277981006124673,false,2
3529,0.7284786006053591,0.8,0.8702479286054501,0.807643394056995,0.8200241964026209,false,5
3531,0.7930830878213301,0.43,0.7410450035164805,0.6496295245750087,0.7319575650149228,false,3
3532,0.5348044529351361,0.22,0.41590927135143546,0.30068043076916856,0.4550681853304152,false,3
3533,0.5132597101595721,0.21,0.3223118340913683,0.4174487167926527,0.5077978805516591,false,2
3534,0.7069095259066183,0.73,0.8007492501556728,0.8027906000896123,0.7697707460571072,false,4
3535,0.6779962936764291,0.63,0.6064413002702485,0.6492381732263683,0.6711666284685381,false,1
3536,0.6389341613035676,0.42,0.49535430253549,0.5247926749706244,0.633973171640079,false,1
3537,0.4423834886235508,0.43,0.48311692174777204,0.4268057711215686,0.41940194238008294,false,5
3538,0.7444005722869216,0.69,0.6202536536600354,0.701327465070065,0.7513109227994175,false,2
3539,0.7394351188565611,0.5,0.5814931268252284,0.6518824609036629,0.7300950435293315,false,3
3540,0.36876459640498094,0.26,0.3508697624949813,0.3733390734484162,0.3836892193734628,false,3
3541,0.5900704340615817,0.31,0.3345784700300921,0.2961869166179538,0.6078756627567894,false,4
3542,0.46941176366779563,0.17,0.21440735095557503,0.2101495259753115,0.42387391214243125,false,3
3543,0.3059638218297922,0.24,0.18629392533272973,0.19512274587049952,0.22881669024745263,false,1
3544,0.3993329516451175,0.7,0.5102181961485169,0.44262562698372426,0.39470722681516734,false,5
3545,0.5889324072345182,0.64,0.6611522819382595,0.6666990172768914,0.6484545773074215,false,1
3546,0.6119527094319024,0.5,0.6595700732775613,0.6340982621496544,0.6254740027253395,false,5
3547,0.435923439689842,0.18,0.22112965879154198,0.40566376843057333,0.42894823144632643,false,1
3548,0.45653388387492816,0.08,0.4149591656957626,0.5173498684799486,0.536114442064504,false,1
3549,0.45306415628061386,0.08,0.24542949636301162,0.16083600136832402,0.3219711594660928,false,4
3551,0.5581120293035521,0.2,0.3125018630949389,0.4183198397247035,0.5701415112290912,false,5
3552,0.5842734091930935,0.6,0.6110526255580958,0.6446619373207773,0.5620861614130903,false,4
3553,0.4866325911820962,0.37,0.5692756931163079,0.5000524405384315,0.5185995805722508,false,3
3554,0.3442541981385715,0.11,0.14981835642121702,0.17493906887226854,0.28035151270024017,false,3
3555,0.3701350251161092,0.26,0.1938119145700671,0.39553953384488116,0.3095792326698019,false,4
3556,0.31447439335263794,0.17,0.20351413462464402,0.2637326341348691,0.2738173380004958,false,5
3557,0.4243965264831794,0.45,0.3403482452861905,0.4782703100505734,0.426960227173083,false,4
3558,0.6168313471771432,0.24,0.3580091776085051,0.33002343594427286,0.47868399055986466,false,4
3559,0.6500030433222854,0.1,0.05987317350509288,0.4187561876665532,0.5030155282081273,false,1
3560,0.7207302914558248,0.34,0.5828245496454006,0.5472591189629906,0.6750125507267901,false,4
3561,0.5342775711533057,0.18,0.18536187823404673,0.43405603759507144,0.4855922475132043,false,5
3562,0.47040073342410127,0.37,0.5956697362111142,0.43589122629332017,0.581111170521964,false,4
3563,0.36876459640498094,0.26,0.3508697624949813,0.3733390734484162,0.3836892193734628,false,3
3564,0.6345312044061765,0.47,0.6769591249522474,0.5751845443885074,0.633906466939772,false,5
3565,0.6871808138279927,0.3,0.24082984646311534,0.4635711555093833,0.6860205722142255,false,3
3566,0.7691943582201413,0.26,0.24249164765309175,0.4236364999539569,0.6367635886002302,false,3
3567,0.46792530846495517,0.55,0.6249951461057676,0.5263885097426327,0.42897764425564056,false,4
3568,0.504832692385294,0.57,0.46541221439549113,0.6541923123810469,0.7406256663857792,false,1
3569,0.3453959007831906,0.37,0.2917632916250096,0.2787736310634897,0.26672460198698855,false,2
3570,0.47552002915702124,0.34,0.4818778716732443,0.4735074836888534,0.4706921667378878,false,4
3571,0.4567281534660447,0.43,0.4943223371348093,0.5050538825068536,0.48426635219102554,false,4
3572,0.676236217731997,0.61,0.5589011177499911,0.6672112035711107,0.7560094700920142,false,3
3573,0.7912521998548341,0.44,0.47518242347482836,0.6794301918294728,0.7206507160071655,false,2
3574,0.5748361560564788,0.6,0.7632453517558453,0.47710681662309284,0.6190659170492442,false,2
3575,0.3883024223483847,0.19,0.28654248321614684,0.3551643128210424,0.33533294142059433,false,1
3576,0.3975751331045431,0.06,0.2035861834045767,0.242304458109821,0.27762835379541106,false,2
3577,0.5392561721989644,0.33,0.0977083214519197,0.43712873529816526,0.41856014147769227,false,4
3579,0.41721970343711023,0.42,0.4219734149885324,0.3851479112266362,0.44489424960129836,false,1
3581,0.4450073297803834,0.2,0.22758559475563095,0.4036999626262547,0.4266100221569973,false,1
3582,0.650318595073637,0.5,0.7770545410664178,0.5717897125748549,0.6860600391419934,false,2
3583,0.6875771209123588,0.31,0.44803949216458777,0.47778432813817295,0.6604986480251878,false,5
3584,0.39875600579376097,0.23,0.2298587241604025,0.3363182596507351,0.3898000000545603,false,3
3585,0.4124400330312831,0.16,0.1691907543476704,0.21135488961693716,0.31134739876944895,false,3
3586,0.3635588514259557,0.36,0.4107983204004293,0.4308804628483124,0.35598818195214527,false,3
3587,0.3635588514259557,0.36,0.4107983204004293,0.4308804628483124,0.35598818195214527,false,3
3588,0.7135823311798707,0.47,0.71380916622829,0.5843821136347386,0.7003424660451836,false,5
3589,0.7483921131513169,0.31,0.24571952026850735,0.5842862986409477,0.6112021024604293,false,3
3590,0.32873716496616207,0.04,0.13124379998743244,0.23540085763649038,0.2236820056189637,false,5
3591,0.5232403940066591,0.25,0.45567905738576786,0.506261405269985,0.587487512435253,false,2
3592,0.7796156538069785,0.26,0.28275730757524786,0.4395756752606259,0.6666968178101704,false,2
3593,0.4907642652780072,0.13,0.11647244309509387,0.279951597677338,0.3775836119527759,false,5
3594,0.43436211693500876,0.26,0.20798821447467444,0.4060166987315084,0.40852948280324325,false,1
3595,0.5385910007314846,0.29,0.5724684909513209,0.3432800414408134,0.5997847415027122,false,4
3596,0.504719729136849,0.46,0.6155724070045888,0.6297046985119326,0.6248469955277921,false,1
3597,0.3891023428592265,0.16,0.3824809316409107,0.27128088086937835,0.4628185707649946,false,3
3598,0.363178324742724,0.91,0.5087941569309833,0.39618709032205957,0.3154347731800669,false,5
3602,0.34930192089335216,0.08,0.2380953152598501,0.30602818602191756,0.29020812114081446,false,2
3604,0.32442181448456153,0.06,0.08288531959756446,0.09352358629932159,0.24029411152026348,false,4
3606,0.31445218824487936,0.09,0.17637264355690238,0.18501164628007644,0.24513622072975957,false,1
3608,0.29948809823162337,0.0,0.15826793476293566,0.01174386845039019,0.2195273024647825,false,4
3609,0.2918040481986366,0.0,0.03343760936768108,0.028687146187146188,0.16209911162790705,false,4
3610,0.3782321692278551,0.59,0.6554152136918574,0.6683044078963237,0.6541222715632219,false,1
3611,0.4931003875819775,0.81,0.5936680834680335,0.5905458794115016,0.6135719965419038,false,2
3612,0.7354268494982505,0.55,0.8063561568462648,0.6845922140620552,0.7120303366374644,false,2
3613,0.4694955689052489,0.33,0.3574534115425154,0.32346728095595056,0.3687769730099868,false,5
3614,0.8044533390621958,0.74,0.873763522866348,0.7886390959432259,0.7783087288099563,false,1
3615,0.9068684389355325,0.61,0.9233426028101942,0.7979444506082121,0.842073156928113,false,1
3616,0.3654781440049817,0.3,0.29455816314337835,0.35586908190939964,0.3534364714899325,false,2
3617,0.9277009985650907,0.53,0.44534150084301016,0.6364043153321073,0.6885329721613118,false,5
3618,0.6007533426117557,0.37,0.6274482735887946,0.5195164788327713,0.5660110150988729,false,4
3619,0.4887725405466564,0.13,0.09533918449044317,0.2239646543953908,0.39055218013323695,false,3
3620,0.9526524299552558,0.32,0.38399348431654734,0.47674003740640747,0.7014180381656282,false,4
3621,0.8298539931747746,0.81,0.7801939184144578,0.7712635084470193,0.794070456319267,false,5
3622,0.9104058982153543,0.56,0.3985262387069051,0.5992331396260457,0.6757868601696768,false,3
3623,0.6929359780309085,0.78,0.7523967982467098,0.6365602332401812,0.7047291982040853,false,2
3624,0.7898783994252921,0.66,0.8441744281515853,0.7799655243244024,0.7485858087227517,false,1
3625,0.46559122572291145,0.22,0.43607024925865245,0.39422482735966574,0.40111618077841404,false,2
3626,0.5725966145837466,0.62,0.560316708660188,0.5872277008938162,0.574235916956243,false,1
3627,0.6036943913384295,0.5,0.6581953781849913,0.635793662172341,0.6232487820326248,false,3
3628,0.6363485766983797,0.29,0.5058600246362267,0.5167899763063003,0.5964224688868587,false,3
3629,0.7149743095412463,0.32,0.315832553314315,0.5163329547049936,0.5748692537365856,false,2
3630,0.7620310090988933,0.54,0.5958530133330625,0.6668618091849361,0.7378431357213402,false,5
3631,0.9675009226751915,0.55,0.7273354965253779,0.6712959386880304,0.7632912140077744,false,2
3632,0.8100121964028046,0.54,0.5994646540463154,0.6787508760264797,0.7331099943657163,false,3
3633,0.8561877326142222,0.61,0.6931499532139033,0.642914731153779,0.7508877897058108,false,4
3634,0.9439636409962676,0.56,0.8157482713356483,0.6594042597172083,0.7193653198416908,false,5
3635,0.5568497418055115,0.66,0.5690953910771176,0.535340765982958,0.5846551046305161,false,2
3636,0.5764844971183607,0.36,0.6197400741040477,0.4515297885444513,0.4505158683868177,false,3
3637,0.5932838174977902,0.3,0.26493136296696307,0.4710744526267155,0.3375963347542944,false,2
3638,0.282263587690569,0.17,0.06296441934675204,0.24009398568003187,0.21458067211055795,false,4
3639,0.6207099651605626,0.65,0.6848226354122803,0.6112406155758634,0.6600159536038884,false,2
3640,0.7121272525556882,0.36,0.3208942190178753,0.4872314327732999,0.5992347467865942,false,1
3641,0.7079192929712375,0.59,0.8507676529263161,0.5886800220511211,0.6699954657855745,false,5
3642,0.578924676604968,0.49,0.5497728709419618,0.5687026306002412,0.5052098603042726,false,1
3643,0.5266897906570024,0.47,0.5726132546850932,0.6018629015900421,0.5043074424425416,false,4
3646,0.4887725405466564,0.13,0.09533918449044317,0.2239646543953908,0.39055218013323695,false,3
3649,0.34238002888500574,0.17,0.27255512637711665,0.25740847462449484,0.2916186253312958,false,3
3650,0.379528260818119,0.17,0.3116534680213743,0.3443818537764906,0.35848460244363894,false,2
3651,0.3509295946990659,0.18,0.18278253781606146,0.28033101303659136,0.3334643300192173,false,3
3652,0.31141511346244755,0.12,0.38417943385321546,0.31911380324505756,0.37418080526682806,false,5
3653,0.6967379648689841,0.67,0.709231631116659,0.6474240965285324,0.6978236458231791,false,5
3655,0.331332832081409,0.08,0.1330427069852829,0.20484019315556556,0.2280406418319809,false,2
3656,0.28215053701290566,0.05571428571428571,0.1593177075021754,0.22336156997661485,0.27438900904775465,false,1
3657,0.357243145921846,0.37,0.4955648670098106,0.4774890864748132,0.5058571258545608,false,3
3658,0.3808853464102991,0.34,0.5419266491312529,0.3344500178236617,0.4080284676971704,false,5
3659,0.49485857561978713,0.25,0.09867509373780861,0.4549658722583857,0.4278796252017789,false,1
3660,0.40706556986439624,0.07,0.1709779153769921,0.1489135664571684,0.3466063361096835,false,3
3661,0.4634644831463364,0.33,0.28294005766278996,0.4478796623779553,0.524052801224378,false,5
3662,0.6090730181776853,0.69,0.8407364640767664,0.713454628325331,0.6716318657412297,false,4
3663,0.38738960866641226,0.44,0.5506377048995074,0.4373860939836865,0.5036987629340173,false,2
3664,0.3603417841318076,0.21,0.2597631616723111,0.32824967705460983,0.3630443826239576,false,2
3665,0.38807454632259364,0.11,0.3072357027528312,0.3563771855125138,0.3501286531823702,false,2
3666,0.29895404326021485,0.02,0.2594017920739939,0.20591374496995937,0.25999141451994956,false,5
3667,0.28997134074580166,0.32,0.18830426091836552,0.39206235011009993,0.3840071788542534,false,1
3668,0.47160712967998586,0.43,0.46069397032938825,0.4210784826568647,0.5062031431815364,false,4
3669,0.4463711501185895,0.17,0.0849764882770116,0.2820810523492372,0.3128423846743413,false,5
3670,0.45944676677822593,0.25,0.46242582820547895,0.45104758414773244,0.486399076100742,false,1
3671,0.29895404326021485,0.02,0.2594017920739939,0.20591374496995937,0.25999141451994956,false,5
3672,0.6614244051923149,0.47,0.6286820721986942,0.4337201424175949,0.6513142879681996,false,4
3673,0.20906104501645742,0.4588333333333333,0.6151447672129086,0.4677224153197266,0.445157719971804,false,1
3675,0.2968473512037046,0.02,0.06342288718664477,0.04672747391497392,0.19413902443250605,false,4
3676,0.2968473512037046,0.02,0.06342288718664477,0.04672747391497392,0.19413902443250605,false,4
3682,0.41349444326318174,0.29,0.45061796835553775,0.4543696103068636,0.5021424326089803,false,5
3685,0.43464252397105313,0.39,0.43496247778707275,0.3958513538665693,0.3641458350656166,false,2
3686,0.3675938401412309,0.54,0.3379296268033794,0.40381130854101416,0.3721463317552122,false,2
3687,0.3482851464090483,0.08,0.3850870172179083,0.26922340003028744,0.351001660456325,false,2
3688,0.5417058342383846,0.43,0.5089077977249344,0.5865015008498206,0.6225918415045825,false,1
3689,0.3383894729747379,0.27,0.3148367289031864,0.338222971584904,0.34111743715189446,false,1
3690,0.4268505053038759,0.39,0.4032169731809281,0.4370118589287091,0.4676240675163898,false,2
3691,0.40105637079160694,0.25,0.16657786433558236,0.28901814140811455,0.3772959613796184,false,2
3692,0.32209604791481455,0.14,0.1688112272583116,0.3228005158478333,0.27258603657686514,false,5
3693,0.3739591955718647,0.44,0.409097252070424,0.4601644496763685,0.4978279902851217,false,2
3694,0.2965621402655452,0.08,0.23483865297011203,0.19433036965112788,0.2916186253312958,false,3
3697,0.4921774277909926,0.54,0.6719613821806119,0.5724223851902558,0.5089124731472273,false,1
3698,0.5143665362068508,0.42,0.4387503534749432,0.44078938018870334,0.52132848526795,false,4
3701,0.2709077920279268,0.0,0.17902551481762638,0.19633411436120565,0.24876018098845923,false,5
3702,0.30087585092621566,0.62,0.2214791946648336,0.22094274659384028,0.2889304250605816,false,5
3704,0.3594886444943221,0.56,0.27853388183784356,0.2617034486912585,0.31960094556032803,false,4
3705,0.35210709529678536,0.14,0.12059192472628512,0.26330596591257716,0.2917855686212556,false,2
3706,0.28261014016427516,0.01,0.045977783956702156,0.05970793656471405,0.2287188321763528,false,4
3707,0.32200711391036424,0.24,0.4535822545676864,0.23368610203517562,0.3259107625764811,false,2
3708,0.3126156620653775,0.35,0.35633611780332564,0.25355419947542635,0.2813183932554087,false,5
3709,0.3970305790085429,0.16,0.25173929292660413,0.28270376458866897,0.3917755376411544,false,2
3710,0.40154704546245307,0.24,0.319721876838329,0.29428937989031195,0.3779862997031053,false,4
3711,0.45349763697392104,0.28,0.4242784673344898,0.4244327159000362,0.4443135447336368,false,2
3712,0.28736468750700095,0.25,0.1319045514718927,0.20848726939656653,0.2389134132320918,false,5
3714,0.29263484388928235,0.18,0.19719518427355603,0.28080135895329905,0.2828545101662594,false,4
3715,0.3005955488324077,0.03,0.059674822959792526,0.18379247367318816,0.20067095390860176,false,1
3716,0.3994359475799142,0.12,0.16965129342787968,0.23329970004955541,0.33680523697744924,false,4
3717,0.3952949579511565,0.1,0.1277874431101756,0.1807275033689507,0.3592739802588416,false,4
3718,0.40953301777844986,0.09,0.43686775235689007,0.3769702566459669,0.485660430616431,false,5
3721,0.29914775361011053,0.03,0.03643286895860129,0.08834388762780968,0.15480296944219582,false,3
3723,0.379367957165439,0.37,0.4213643661372293,0.4001509529561519,0.4120396330013006,false,1
3724,0.4556188348383447,0.42,0.49289385813982983,0.4487445492689779,0.4805567500845203,false,1
3725,0.26809347089144764,0.026666666666666665,0.029219530902149994,0.1636244750481062,0.1683199839094271,false,1
3728,0.5054498531637593,0.31,0.39937660461129443,0.43874312743999366,0.5061053778394767,false,5
3732,0.2981895366645007,0.31883333333333336,0.1352799912399317,0.21813612329255677,0.24645747578541652,false,2
3733,0.5838893265640849,0.41,0.49772184184795243,0.5487698755693236,0.5584106278925308,false,5
3734,0.3697847169034904,0.29,0.15792550896645488,0.2919736572308787,0.3923938919447568,false,2
3735,0.5169535672350012,0.3,0.37462645996561844,0.3562487851997794,0.40717672507597225,false,5
3737,0.3784460255970533,0.29,0.3868458616380209,0.37715682288774455,0.35500216753256447,false,1
3738,0.5590293721873508,0.18,0.32693618081937653,0.5200560158658636,0.5850534310049356,false,5
3739,0.638092606747382,0.7,0.803698344211675,0.7007377223837965,0.7365820996928345,false,3
3744,0.31174875436821814,0.25,0.21006879121906236,0.20810053067559772,0.24584942050013175,false,1
3745,0.31598067192628787,0.24,0.06793389431405683,0.19220588001180108,0.2347950746750137,false,4
3746,0.5561461309081711,0.44,0.5670957235781084,0.5488963915096937,0.6045128949020743,false,2
3747,0.5719843702618637,0.35,0.4447814188371502,0.4901965243541164,0.5455515778545944,false,2
3748,0.6013454661335861,0.3,0.39770378857137234,0.5575992327184988,0.6149435642903927,false,1
3749,0.40931050419737314,0.36,0.29932852322061193,0.36245929873528093,0.32433530690839446,false,4
3750,0.3458709447761663,0.09,0.2428493003577067,0.26479401642632727,0.31169338328038076,false,5
3752,0.3145645954402856,0.14,0.04336376592373681,0.1972521306580074,0.1711210526131405,false,5
3753,0.4422845472288634,0.36,0.6224262465948748,0.47368485177769637,0.47309047893886186,false,3
3754,0.43969196643378,0.32,0.41629826166009515,0.4363866670060169,0.46303443765205066,false,1
3755,0.44541410577786583,0.44,0.3443544271040557,0.436437416288744,0.39518352766020326,false,2
3756,0.4563539772196945,0.2,0.26170291500945375,0.3629775693469908,0.381844880237009,false,5
3757,0.47924013806255483,0.35,0.5483095177577926,0.5160134271032057,0.5171027128896187,false,3
3758,0.4924607029553616,0.38,0.6179751642909006,0.5483613054435641,0.5241962989822807,false,1
3759,0.34789689202999513,0.44,0.4911668091868075,0.4023272507981869,0.376625521868292,false,4
3762,0.42577078241249317,0.31,0.44005187274050794,0.4107378744531321,0.49774887855309036,false,4
3764,0.4039280836362073,0.19,0.3296915827892959,0.3100410733419761,0.315695860658597,false,2
3765,0.2981895366645007,0.31883333333333336,0.1352799912399317,0.21813612329255677,0.24645747578541652,false,2
3766,0.3320463008226496,0.14,0.05059252207950004,0.14879585399194023,0.21588461407927695,false,3
3767,0.33991085578889163,0.12,0.4216763874591361,0.21643733887383282,0.38378636824458495,false,3
3773,0.4119728923119411,0.28,0.3547812412113575,0.2952694521072613,0.29514130293411417,false,2
3774,0.4318926603093879,0.55,0.6693503836138027,0.46392510638647105,0.4114893724219016,false,3
3775,0.46805823175364253,0.4,0.525159028251041,0.45167150966998937,0.49464773493960773,false,3
3776,0.4636221062770518,0.23,0.5622369290005539,0.39440574884619173,0.47118365652206,false,2
3777,0.5230905432408195,0.22,0.38912223581499383,0.436638326118061,0.4918971681349334,false,5
3778,0.49094260993844413,0.35,0.4562809559899649,0.47219223743352573,0.540774493823169,false,5
3779,0.45405623498973574,0.19,0.29618923037402073,0.3423598803613141,0.4195013023491085,false,2
3780,0.3145645954402856,0.14,0.04336376592373681,0.1972521306580074,0.1711210526131405,false,5
3787,0.34086239226896264,0.23,0.3579201146537017,0.2776935686558067,0.25587497211879406,false,2
3788,0.35622296705580103,0.7078809523809523,0.3302153547555567,0.3180763824914218,0.3301694348147506,false,1
3789,0.3506839713008196,0.33,0.18491517346224295,0.14154541796782505,0.24930543392146673,false,4
3791,0.4270771272271302,0.15,0.28616251343552523,0.3526258186418071,0.35688410698683803,false,5
3793,0.4374147066959335,0.24,0.36952783903517694,0.43466810011399404,0.4332528165556373,false,1
3794,0.3227378966449475,0.45049999999999996,0.25230591391310453,0.19183365280266024,0.24559766732677635,false,4
3796,0.35715163357876023,0.18,0.38620407444509053,0.34533104306600576,0.3891006723361081,false,1
3797,0.25722577154106363,0.15,0.1086248124602529,0.19001601911160734,0.16763363662950612,false,4
3798,0.238300967781942,0.05,0.05276359675795137,0.18185730884477277,0.1719634683788615,false,1
3799,0.39241089694237463,0.18,0.39188082307229044,0.2463065402843849,0.3155338062301591,false,2
3800,0.4870082853520364,0.32,0.20334737254950222,0.40306910650590766,0.30066015332895796,false,1
3801,0.30729060049337403,0.05,0.05813073779854169,0.2083189827886492,0.2482194188386608,false,1
3802,0.3112463211734635,0.09,0.0715093721747351,0.2787885338902494,0.2878894209511148,false,1
3803,0.30729060049337403,0.05,0.05813073779854169,0.2083189827886492,0.2482194188386608,false,1
3804,0.32085645861739437,0.21,0.3208457611569095,0.2788581606297551,0.3951863613007982,false,4
3805,0.32085645861739437,0.21,0.3208457611569095,0.2788581606297551,0.3951863613007982,false,4
3806,0.31363184777378017,0.35,0.45903136982522796,0.43236548850211576,0.37715079377923577,false,3
3809,0.33439149208760394,0.38,0.49440483999223106,0.37735849448024905,0.4040361962299675,false,5
3810,0.4009359995804609,0.21,0.1607782563304494,0.22883361991752083,0.3448062816091305,false,4
3811,0.3102710913314411,0.13,0.1072805760023516,0.27915375449653185,0.2842348700623773,false,1
3812,0.37285876591304296,0.2,0.22623721583802633,0.25203116025999983,0.3971774188785397,false,4
3813,0.3670744357925196,0.36,0.4653076133420555,0.384353556814105,0.41122217051021676,false,5
3814,0.5254736314038214,0.43,0.785235276885664,0.515092033965216,0.6701443559094689,false,5
3815,0.4160794122959688,0.37,0.5288013297808558,0.42183201032482853,0.5080650135268027,false,4
3816,0.5874155777104522,0.46,0.48547259952343996,0.568997927091929,0.5829496438639414,false,3
3818,0.3657680308313916,0.3,0.31603012233020666,0.3888819616864466,0.40740475843491575,false,1
3819,0.3007504826963557,0.09,0.17325389492165313,0.24418654269096307,0.2511429192118496,false,2
3822,0.3730866892176644,0.36,0.27987449568743517,0.3757344393359152,0.379558760243645,false,4
3824,0.4149401573256414,0.52,0.7255093567985662,0.5013820432021528,0.5000124160248627,false,5
3825,0.45806037136007355,0.48,0.5281381813199562,0.4706748792573095,0.5842100006597001,false,4
3826,0.7430265621899858,0.66,0.7924838565833241,0.7113245168788608,0.784521164820718,false,5
3828,0.4877395862479569,0.34,0.5613937766745146,0.5612576526810047,0.6383678521540093,false,5
3829,0.37917437525695113,0.23,0.2413498519068641,0.29737651704566626,0.367838418006802,false,1
3830,0.3561090005544522,0.1,0.2647621693358226,0.14184843895111934,0.26363664719349744,false,4
3831,0.4135608853750761,0.41,0.6226266567327947,0.49173566353218734,0.5862070507719204,false,4
3832,0.5174427569577932,0.24,0.13638344503753608,0.3189639232855874,0.32304350156068035,false,3
3833,0.42011785363644416,0.37,0.41126258548386624,0.607786268105432,0.48599584249008926,false,3
3834,0.2828454292174599,0.016666666666666666,0.15761526049411798,0.08975366021679992,0.19230253534955932,false,3
3835,0.3991642321758004,0.15,0.2300876630501503,0.29994555142939144,0.3614038791800636,false,3
3836,0.36305415276851466,0.07,0.28336218605809066,0.2597831940828223,0.2964795878302737,false,3
3837,0.3106849606129924,0.02,0.059766059572145286,0.12497711477558854,0.20196903263922322,false,5
3839,0.3549960874480212,0.03,0.09042173429276185,0.2537692238224699,0.2500838220797786,false,1
3840,0.27523899111171585,0.175,0.15744167095027412,0.1350983252643469,0.18283218367388707,false,4
3841,0.6303193362299536,0.57,0.7755022395345916,0.6623143935350118,0.6977242100268966,false,5
3843,0.33188562440557856,0.25,0.1420045245675982,0.27760017758238825,0.3316629219670512,false,5
3844,0.528217211126133,0.55,0.4839936627656635,0.5466254904912285,0.6139267381535765,false,2
3845,0.5886131558546673,0.25,0.1680774557856205,0.32172557168583354,0.3982756239417651,false,5
3846,0.6509052118234588,0.75,0.7344937782877669,0.7379072380535415,0.6885264152363084,false,3
3847,0.3603112219400148,0.58,0.682931849746324,0.4183055292683221,0.5170106567113449,false,2
3848,0.4198768665337969,0.13,0.40238354676452437,0.34859815791654464,0.4190261968247626,false,3
3849,0.3780057693609449,0.07,0.1253962556153499,0.17568266492279652,0.2531014003709483,false,4
3850,0.40689417772773,0.3,0.34696309439820205,0.38004196731567463,0.4140179874762782,false,1
3851,0.8347619960114637,0.7,0.7713393987421536,0.723315628410041,0.804702046898118,false,2
3852,0.5157228108679799,0.27,0.4187397805357413,0.3884441617838088,0.47837632050713425,false,5
3853,0.40580522156077686,0.23,0.2610204013879639,0.35902778336808877,0.3667820938308204,false,1
3854,0.4737416096344945,0.19,0.5056692976327567,0.36395763685124066,0.5070975393542952,false,3
3855,0.31347479269614426,0.2775,0.18447211929226695,0.19261413895436735,0.23134815658652821,false,3
3856,0.3909108118358642,0.23,0.36869310185620097,0.335178866732176,0.3926449307665878,false,5
3857,0.370032866149543,0.23,0.23196498093940962,0.32708047602296575,0.3920950003475714,false,4
3858,0.4856307942833357,0.18,0.40257025269753943,0.3045659137474153,0.6125938697542855,false,4
3859,0.5276805651804003,0.46,0.49967362606424487,0.6076615234537138,0.6611131814550348,false,5
3860,0.3117461657440366,0.05,0.07716752227235513,0.019818181818181818,0.2082941584732729,false,4
3861,0.3464940668804673,0.34,0.38633590480041874,0.40960173779309295,0.4343188599143822,false,1
3862,0.3285464186229916,0.09,0.14987024364897272,0.24671648967188006,0.2312268731391591,false,2
3863,0.5101238935729311,0.34,0.47980378200267537,0.34764159692964064,0.37220513040338393,false,4
3864,0.44971922665875586,0.20800000000000002,0.47038347873360636,0.42652454266006906,0.4951065704432251,false,4
3865,0.40471006733750187,0.16,0.16354219121115895,0.1983496075003429,0.29161848750046887,false,4
3866,0.2959452664207185,0.28,0.322056995893001,0.31399774596006796,0.4093659606316782,false,3
3867,0.45605532639186636,0.3,0.38722598120391644,0.37494308734136517,0.532579805493726,false,4
3868,0.3268250386945019,0.02,0.20783344445677562,0.25850761457460925,0.2822241741187201,false,2
3870,0.387039107643777,0.25,0.3452440484590064,0.30497918261922985,0.342090372349213,false,5
3871,0.35556942248969786,0.12,0.10423045416815717,0.19488325325069059,0.23662947681469707,false,3
3872,0.3538098510241799,0.28,0.23530964641010996,0.3409593348706453,0.29135689763405687,false,4
3873,0.43830497623117287,0.15,0.35227847554488206,0.27911371655382006,0.33664658914385176,false,5
3874,0.4247301105682767,0.23,0.27693963956488205,0.3232160370985537,0.342535957922688,false,2
3875,0.5909341653454907,0.61,0.5476668434625959,0.5076912240182602,0.6168548138834197,false,2
3876,0.5249333268107484,0.53,0.7245702635709633,0.6340709753224679,0.5902875908359945,false,1
3877,0.29948809823162337,0.0,0.15826793476293566,0.01174386845039019,0.2195273024647825,false,4
3878,0.4028762063684476,0.45,0.411300784371213,0.4577668450400648,0.40126255602318045,false,4
3879,0.33752181329712505,0.06,0.15141800691753485,0.2606718129054113,0.2672792877248013,false,5
3880,0.37759041624142553,0.23,0.3817567779732535,0.26055547579747873,0.2942464770908949,false,5
3881,0.44000179602160544,0.27,0.3622798024008093,0.32654874691808217,0.3207779310607652,false,1
3882,0.6230614874146815,0.57,0.7606930492786673,0.703264822169571,0.7002982425591565,false,1
3883,0.3420670533628778,0.16,0.13868809958158398,0.2371673567016059,0.3054467908899418,false,4
3884,0.4012147729800112,0.23,0.46545454079566206,0.30273049564721827,0.39567710747214657,false,5
3885,0.5751121728005452,0.58,0.5871451551986817,0.573885313168354,0.4920535233054218,false,2
3886,0.4377241137354956,0.21,0.06496452884136464,0.29209246747212086,0.4007743128601478,false,3
3887,0.4318982725520605,0.29,0.3875512175340168,0.39611903292808426,0.3962622634478491,false,2
3888,0.5484300204046313,0.56,0.6269984913163771,0.6226998111645128,0.6849326042877975,false,5
3889,0.3616895332167785,0.17,0.2774849079187265,0.3241757143837253,0.3868224659713821,false,1
3890,0.42299377187964926,0.26,0.1984177303689222,0.17827350500376815,0.2859963063618766,false,4
3891,0.3711127938818598,0.19,0.1762387094609308,0.28595157462381326,0.3105766617512466,false,5
3892,0.46778664034975903,0.3,0.41113458732323727,0.4333774155317016,0.45880019342201045,false,1
3893,0.41342588004455294,0.22,0.5246095377893405,0.40497025174294893,0.5232752507250199,false,4
3894,0.47121261270296816,0.17,0.3562548558464603,0.3955963580621183,0.4413252958384315,false,2
3895,0.3666139102535913,0.19,0.19239875087766214,0.2161775230220754,0.23237976772836322,false,3
3896,0.5230648325693658,0.26,0.38894975235835005,0.36438119813448233,0.41152667474857085,false,5
3897,0.3955540892844503,0.84,0.7319933112254423,0.529882808579552,0.5449817534260678,false,5
3898,0.40624379564160434,0.21,0.28526106094782017,0.33060916500212423,0.3358878793934616,false,5
3899,0.40262824127516245,0.26,0.3629258326625071,0.36533722906992516,0.40768610859173615,false,2
3900,0.34653562699543117,0.15,0.1676673435197886,0.199428341040317,0.2653435444836695,false,1
3901,0.337995194732851,0.03,0.07169930411521586,0.17713052691573242,0.23687932371942164,false,2
3902,0.3768640315043967,0.22,0.13756399798082344,0.3629839125623486,0.3945235629443949,false,3
3903,0.3768640315043967,0.22,0.13756399798082344,0.3629839125623486,0.3945235629443949,false,3
3904,0.337995194732851,0.03,0.07169930411521586,0.17713052691573242,0.23687932371942164,false,2
3905,0.3416939705552644,0.1,0.07406590195650972,0.24768186200118975,0.23780018553419488,false,1
3906,0.25896528069405167,0.11,0.20844229094976532,0.2322901390919285,0.26542003832038474,false,5
3907,0.22555924911532071,0.06,0.21974654608025707,0.22120406095144374,0.26819820645140496,false,2
3908,0.40262824127516245,0.26,0.3629258326625071,0.36533722906992516,0.40768610859173615,false,2
3909,0.39312907338007597,0.21,0.5057241925695425,0.34337184606469,0.42926088207581453,false,3
3910,0.44782725269848217,0.32,0.36351768890256786,0.4192011936969897,0.41525812346174695,false,5
3911,0.28855664969073924,0.06,0.20732691124701422,0.24393135566327626,0.28072676170674116,false,1
3912,0.38116807899943356,0.08,0.3767383643430711,0.36821223717302515,0.4190261968247626,false,3
3914,0.46372658262492183,0.11,0.3609928564562617,0.31922398813673486,0.44805487264088917,false,3
3915,0.28338194701243724,0.3,0.5674532923743556,0.43251227830551797,0.3862531183683307,false,4
3916,0.43421367776119946,0.32,0.29108786033800044,0.4237980851916838,0.45281611675725525,false,2
3917,0.31294643060236593,0.09,0.144485819163129,0.2375208889589897,0.28498190050335415,false,1
3918,0.3675730707770237,0.34,0.38130873747838767,0.3703419021741963,0.36091679963274,false,1
3920,0.38288935468091984,0.17,0.2998056917442788,0.4380000358398947,0.31960094556032803,false,4
3921,0.41124024089915706,0.21,0.4256782477252845,0.3078265740654432,0.40138660167405454,false,4
3924,0.35045634214553206,0.065,0.25029715979334216,0.22454355689109295,0.2964795878302737,false,3
3925,0.29262129167498235,0.02,0.06331106534519745,0.08337723953848793,0.17122030969769186,false,3
3926,0.37120682316988196,0.37,0.5294212589196031,0.40162153181544247,0.4451863110358759,false,2
3927,0.48974307541670614,0.18,0.3216485698946538,0.4218963867871514,0.4605119468013545,false,3
3928,0.41564886425074815,0.26,0.24758854361073565,0.3200979330696822,0.45609928984658443,false,4
3929,0.41564886425074815,0.26,0.24758854361073565,0.3200979330696822,0.45609928984658443,false,4
3930,0.414500778046306,0.23,0.45302550534656655,0.34980200110440557,0.4235973017375092,false,4
3931,0.4055870019177966,0.27,0.5638417418391115,0.44302363304166126,0.4548970794925955,false,2
3932,0.24466514153417096,0.04,0.06022706432805779,0.20183474626420453,0.24442829919008344,false,2
3933,0.3907574503461015,0.16,0.4722440097601496,0.1668098650790214,0.32393423095208296,false,4
3934,0.3431450549991896,0.1,0.25999463135326295,0.1914160942211357,0.23288448487026112,false,1
3935,0.4557758086742539,0.39,0.58515520586673,0.44663592349406983,0.48374091004067343,false,1
3936,0.4443107177992682,0.39,0.47892384150236317,0.4751068222835804,0.488013985685807,false,4
3937,0.24466514153417096,0.04,0.06022706432805779,0.20183474626420453,0.24442829919008344,false,2
3938,0.48974307541670614,0.18,0.3216485698946538,0.4218963867871514,0.4605119468013545,false,3
3939,0.30726563535378604,0.02,0.09126425230464519,0.14496024869840307,0.22952284027488368,false,5
3940,0.25284507626056024,0.11,0.225863305335735,0.2341023358544707,0.25362582068424694,false,5
3942,0.4061248391261549,0.1,0.37239965725581775,0.39615152838235224,0.39672472541834386,false,5
3944,0.36040315600160344,0.16,0.16484438605944968,0.26819848109893396,0.28624781310037856,false,2
3945,0.3355042653198189,0.08,0.232653364377602,0.2363373581672424,0.32298300173047373,false,5
3946,0.28705763450372795,0.05,0.040910670017743726,0.1748760834199573,0.22526245673585873,false,2
3947,0.390463977651983,0.23,0.21433225957687005,0.343422007693125,0.3451093089396227,false,2
3949,0.3472948664590094,0.26,0.03671160586117348,0.21061037573537575,0.23860184018065408,false,4
3951,0.18971161624677574,0.0,0.1698003376559029,0.18786061595349435,0.26709114097311376,false,2
3952,0.32212561727783556,0.3,0.240866774758365,0.24592733160487845,0.25472521303354684,false,2
3953,0.4259752032783963,0.2,0.4531007069678966,0.36974293951836595,0.41078834052471985,false,2
3955,0.34649042679881803,0.0,0.09221285354400373,0.1081361235178198,0.2295609303846347,false,3
3958,0.5058710346059297,0.39,0.4904568119522234,0.515937957452905,0.49579109944354877,false,1
3959,0.508214289331267,0.18,0.2491479261149844,0.37602826965306607,0.4889518717195997,false,2
3960,0.3007718532207827,0.21,0.2243229071850818,0.2035553003706497,0.2556210577803155,false,1
3962,0.9548684197458491,0.73,0.8382954513606281,0.8356760608092142,0.7934699962434664,false,4
3963,0.8190379300166657,0.58,0.8875584333110911,0.6618505767043665,0.6938248280439058,false,2
3964,0.5064484578651226,0.07,0.28055945842602925,0.29779598332183294,0.43618802293346226,false,3
3965,0.44644610647883215,0.34,0.4857676469573608,0.4797795653321053,0.5204528434015717,false,2
3966,0.4284599669905452,0.15,0.07302842016018855,0.07624626802935626,0.18415843793230868,false,4
3967,0.3661937188484481,0.33,0.26191525801345195,0.3459927408255943,0.36027333725718086,false,5
3968,0.6649109197037731,0.69,0.8110674983275812,0.7332977210772627,0.7092961360451889,false,2
3969,0.43899441741417694,0.28,0.41628173029470605,0.4554261803626262,0.5074916150302108,false,1
3970,0.32604046343681603,0.14,0.28486558086894226,0.2698984613939422,0.358480767509228,false,5
3971,0.5885042820979592,0.38,0.5461552495177768,0.5289743099184041,0.6248750402455576,false,3
3972,0.5900041449357555,0.42,0.6573928219923002,0.5435004613848622,0.626767112515444,false,3
3973,0.44874302050274495,0.31,0.39672392613925744,0.3418622845790372,0.3802781451941896,false,1
3974,0.4001956207240305,0.34,0.3612501548174136,0.3304459311972455,0.3715338042076348,false,5
3975,0.39563171564087857,0.16,0.24034118601749468,0.25602648905435027,0.259559337755873,false,2
3976,0.40429093727596893,0.3,0.38225574260424866,0.33737687154251794,0.3707261669512044,false,4
3977,0.4313990858155342,0.25,0.2026823034542101,0.3762887746173581,0.305504962795565,false,3
3978,0.3027679268314887,0.08,0.1644674650889222,0.09897656546669704,0.27864871807270564,false,4
3981,0.40308672985738286,0.13,0.17849103078280873,0.22956068192229398,0.28189662310521213,false,1
3982,0.3690665622866805,0.04,0.13219485808852646,0.19893308070918372,0.2554972134074616,false,5
3983,0.3052691211320298,0.19,0.2633030880206363,0.24598374760745886,0.3378840180003638,false,3
3984,0.3528179575374394,0.12,0.15467977624759308,0.26872733474901594,0.27076615745969634,false,5
3985,0.35129571570496765,0.09,0.1644506226800924,0.18913027810099833,0.2525514678219112,false,3
3986,0.40098449904081657,0.22,0.5187553466612768,0.44038934678814856,0.4992125167837163,false,5
3987,0.4786890222407402,0.33,0.42086540954481194,0.4362189571897791,0.5385881801249658,false,4
3988,0.3672895971896951,0.13,0.21175203914341523,0.2984205310430935,0.28840955914474775,false,2
3989,0.3602300395543689,0.2,0.20466213223930657,0.31309340109774497,0.27269884834542923,false,2
3990,0.31444384356964467,0.29,0.15621605273219216,0.30888265983442365,0.3119191576871106,false,1
3996,0.29505631169423885,0.09,0.13186451794475088,0.18429016790197608,0.2212741383916709,false,5
4000,0.5032204401730771,0.16,0.3736874641793633,0.4068773519686063,0.40163617379808314,false,2
4001,0.5518827799923269,0.21,0.22108460754929668,0.41155070430964924,0.45115736366668935,false,5
4002,0.46796813024177664,0.28,0.3227057324095938,0.46487203697231905,0.47816348276830234,false,1
4003,0.6863265032407503,0.66,0.7180058395488694,0.6876882407440569,0.7120046557374746,false,3
4004,0.3988247276419276,0.18,0.3005471129558717,0.33186008361054325,0.36942075378328837,false,5
4007,0.3078279084748144,0.42,0.23164959560352102,0.3426673104686014,0.34580430097934334,false,2
4009,0.4427855948672627,0.3,0.38120544831610537,0.4142897353157269,0.4668424415366882,false,1
4010,0.6341337846480926,0.51,0.5433889799281675,0.6129027946879686,0.6091019648312508,false,2
4011,0.317771589605446,0.05,0.10056806818317307,0.05769233617259933,0.23762198812720484,false,4
4012,0.44721553322267193,0.57,0.6629110501557839,0.5586327387221524,0.5282077385714432,false,1
4014,0.2732920168601286,0.28,0.359330442549989,0.3380896299502543,0.26827546949188047,false,3
4015,0.3394341970608262,0.07,0.1425003452871371,0.23859148158016058,0.248511831015541,false,2
4017,0.4691268967938571,0.56,0.6269880820325489,0.5370962532607222,0.4856064777888459,false,1
4018,0.3481275520021627,0.28,0.37150200049386356,0.32650147136124374,0.4111902266122487,false,2
4019,0.5623796925325544,0.43,0.49058270455199016,0.47417028613313733,0.5976981168910557,false,3
4020,0.36538772183781004,0.15,0.15981992313110205,0.25583754287911714,0.21938108069793053,false,3
4021,0.5965018336819419,0.34,0.5357644651150253,0.5661817239819977,0.6515404668499306,false,2
4022,0.3274678539197175,0.16,0.22355458801168718,0.26189275150897257,0.3014617797233737,false,2
4023,0.6563380429795161,0.67,0.7642042813833998,0.719395110462399,0.7232612060115112,false,3
4024,0.6773586210841751,0.76,0.825746870053067,0.8109878926745947,0.7602389426296066,false,4
4025,0.3218623380364446,0.6,0.47511277863356216,0.3075433957282559,0.3431080106935407,false,5
4026,0.5088806692171378,0.435,0.5186524614662101,0.48663625031291785,0.42069392490354734,false,4
4030,0.4171952547999597,0.24,0.3273458566152975,0.3303724321508266,0.37673075594944117,false,3
4031,0.2871562468645417,0.18,0.12411901691419563,0.22910423783284373,0.33555785584356485,false,4
4032,0.2851818214354675,0.05,0.1574051208708226,0.10431214554279569,0.22994063558974906,false,4
4034,0.3601381150389361,0.23,0.4319915191478506,0.4938036709431552,0.43038747497047397,false,1
4035,0.4536080254084517,0.35,0.47392198829345183,0.4081469565627953,0.49924937369715666,false,3
4036,0.48911154213849684,0.49,0.2066268952799787,0.38338762190252124,0.5352237472005174,false,4
4038,0.38666881247812623,0.31,0.2570776118091046,0.35273909737014086,0.3876602276753729,false,2
4039,0.3918735303319466,0.24,0.27134311873854994,0.32983486402668377,0.3555271946219779,false,1
4040,0.3839543258945019,0.21,0.3243106032601946,0.3253387894064879,0.3338514654056183,false,1
4041,0.4209287102706905,0.33,0.433318901489049,0.3998167572150906,0.45827314697672794,false,1
4042,0.5476643611612423,0.38,0.5351334614507162,0.6080972185976128,0.5748928908154803,false,5
4043,0.33566213922769916,0.06,0.31532632508050806,0.3835818477696422,0.3032111210586711,false,3
4044,0.39004498785607805,0.15,0.27390616705838466,0.21457313751658408,0.40669419060805084,false,3
4045,0.3522867576780727,0.07,0.23195940236391283,0.17994950349861877,0.35156387001872474,false,4
4046,0.40871914452563196,0.25,0.31045862871371166,0.3516701935906601,0.3283395366889355,false,2
4049,0.4143394027929463,0.15,0.08298782367387697,0.21032735644476894,0.2549042934924913,false,2
4050,0.37249064827257977,0.21,0.35565944784418435,0.32286000341157256,0.3489653567369859,false,2
4051,0.3078279084748144,0.42,0.23164959560352102,0.3426673104686014,0.34580430097934334,false,2
4052,0.46530659002586017,0.33,0.5915941786731123,0.3935926033346267,0.4907486285786791,false,4
4053,0.37828721437655793,0.22,0.2649839394529527,0.290839591849133,0.41089117012083415,false,2
4054,0.3152195526948107,0.03,0.1692668355049102,0.16783215984222177,0.2490311967935387,false,4
4055,0.705253060603906,0.63,0.754384501088376,0.6514064438687202,0.6592774946431693,false,4
4057,0.29992508799722484,0.02,0.05907759973897004,0.07848823986403468,0.18512522095114858,false,3
4058,0.36349185544563106,0.06,0.1509949758954922,0.20841622801332846,0.2403601502454428,false,2
4059,0.4798267335751945,0.43,0.6343715850340313,0.5143740498900746,0.5057349294290048,false,4
4061,0.3977356869411923,0.15,0.10577325309297606,0.2671415513647873,0.3102311255942894,false,1
4062,0.602833315600715,0.67,0.7759558002674327,0.7500512388797991,0.7010456821911933,false,4
4064,0.5581628132627833,0.5,0.5952779312965051,0.5678139275994772,0.5537129686533825,false,3
4065,0.8950583438759027,0.47,0.5510867236279027,0.6055678781966036,0.5566910376406796,false,5
4066,0.2909390873897531,0.23,0.15366748006742928,0.1913017905297317,0.2681155598731035,false,4
4067,0.30212801078908263,0.16,0.0786068769029322,0.09245050353598849,0.20489763838439623,false,3
4068,0.6789731902073705,0.39,0.5399628993619258,0.5051969991035707,0.6102092361986046,false,3
4069,0.4266456554903908,0.37,0.37657760020433545,0.48383703586664695,0.6091516282364002,false,5
4071,0.46177857639097425,0.4338095238095238,0.6633665525911985,0.5155611252891926,0.5775713268568822,false,1
4072,0.3614868156129957,0.17,0.2275718388430744,0.24754282102119785,0.32285255372002497,false,5
4073,0.564637691866459,0.35,0.21612243438988105,0.36149057343728397,0.4704010536049617,false,4
4074,0.30170727892356236,0.06,0.025591067897171343,0.1259855359367827,0.21644690570292044,false,4
4075,0.36496792211822704,0.18,0.32137455343142907,0.30234857494261097,0.3144892116481337,false,2
4076,0.28717181070511194,0.54,0.26146226022225083,0.2745773508068332,0.27987267775579583,false,1
4077,0.4569176053514118,0.37,0.4651293186757847,0.4246958260998962,0.5369591166205989,false,5
4078,0.4569176053514118,0.37,0.4651293186757847,0.4246958260998962,0.5369591166205989,false,5
4080,0.3506534847616437,0.22,0.3181834858612444,0.4051200483012824,0.4560764529378313,false,3
4081,0.33715439946354847,0.22,0.24073500155749689,0.23681965811659145,0.287509279138433,false,3
4082,0.590612680598332,0.44,0.5057916050457507,0.5796844300567534,0.6360308877944933,false,2
4084,0.42222009788066267,0.43,0.6451080493541537,0.5509088157759984,0.5847234966404513,false,3
4085,0.6574362908240692,0.35,0.6341771635160343,0.4608409431851435,0.6283168996402875,false,4
4086,0.8002742567989781,0.75,0.8991839846471703,0.7545090690907411,0.8132045169841734,false,5
4087,0.40038860568090984,0.36,0.5452168302076402,0.405449316137345,0.5114122358724649,false,3
4088,0.30234090106388395,0.44,0.3544172488076399,0.45838680151156863,0.4866445089449529,false,3
4089,0.604227715060079,0.45,0.7253454535031212,0.5409494582588695,0.616769550119137,false,5
4090,0.19252818329627358,0.02,0.04810019749840378,0.10023766241068871,0.18283218367388707,false,4
4091,0.6719969524562182,0.33,0.1006542977611112,0.4323466566891108,0.47881607830557077,false,5
4093,0.6173097684471119,0.4,0.47525669720963193,0.6924845884710809,0.7223177828696017,false,2
4096,0.8900228477555877,0.79,0.8021294562413734,0.804296934230542,0.7241171012824238,false,5
4099,0.3203592547087458,0.16,0.10418518142561713,0.20067409095491254,0.23130917910730645,false,1
4100,0.3864893567039607,0.02,0.13141284744072027,0.10288419477221997,0.22606882622728966,false,3
4101,0.38411895062668966,0.07,0.3257663423473124,0.3893956940049887,0.36893320635701077,false,1
4102,0.38411895062668966,0.07,0.3257663423473124,0.3893956940049887,0.36893320635701077,false,1
4103,0.38411895062668966,0.07,0.3257663423473124,0.3893956940049887,0.36893320635701077,false,1
4104,0.6576576449578668,0.63,0.779978482600612,0.6825109053671361,0.6665685670628676,false,4
4105,0.37652033936946844,0.07,0.25411980897553643,0.15510253570510923,0.3651489176401923,false,3
4106,0.3182613606875737,0.07,0.2669820205839831,0.27713762839060607,0.3881198215307181,false,2
4107,0.34123863719308245,0.07,0.15283898066203394,0.1850653903447116,0.21922075833850865,false,2
4108,0.4359639998043434,0.14,0.15180912790559456,0.3597452667519505,0.35257524187224276,false,1
4109,0.3787152358455774,0.138,0.23350400088123519,0.2499679794349128,0.28930130804562254,false,1
4110,0.40332076410605344,0.29,0.31366326062250993,0.31870606973213866,0.34860593600548745,false,5
4111,0.5558262769537401,0.37,0.298700548592376,0.4748498331077324,0.46864996256048436,false,1
4112,0.5495983675527496,0.37,0.6545327842474082,0.43845138664930855,0.6171723019738502,false,4
4113,0.4334188548028357,0.34,0.44645287861474225,0.37829181438616416,0.5161477072627829,false,4
4115,0.378286555324016,0.16,0.47847590208475566,0.45411101067215787,0.5444240428368775,false,2
4116,0.3528496223231169,0.18,0.27565538031645936,0.3053307420486122,0.39373499806921464,false,1
4118,0.378286555324016,0.16,0.47847590208475566,0.45411101067215787,0.5444240428368775,false,2
4119,0.3980016502358218,0.24,0.4866174870120815,0.452747501529569,0.49386018984281316,false,3
4120,0.39648931268935433,0.04,0.2786689215690767,0.5012683129332417,0.47794717222803873,false,1
4121,0.378286555324016,0.16,0.47847590208475566,0.45411101067215787,0.5444240428368775,false,2
4123,0.40448800367974747,0.16,0.20679748182696664,0.299588607643127,0.2674114572414631,false,1
4124,0.7338270061500334,0.65,0.6939884512640526,0.7692207055576428,0.7807215037545147,false,1
4125,0.41977674680780713,0.17,0.2366659742589019,0.12545281353374926,0.32401875300963007,false,4
4126,0.42865304693828166,0.49,0.43527100305689986,0.4053847547482532,0.42332105271593656,false,2
4127,0.45353689407398057,0.43,0.5918299543124788,0.4846102799554415,0.5760352664915319,false,4
4128,0.3887649791495627,0.33,0.2227185741180753,0.3271724003600125,0.36142904402173054,false,2
4129,0.47676387708416024,0.36,0.5087461088729488,0.3946810312948567,0.4058855030518268,false,5
4130,0.44987098750746124,0.27,0.24221455232213832,0.2990079852714384,0.33508382600450454,false,3
4131,0.5205943449773072,0.38,0.407013939582361,0.48914509969612224,0.5595397888381665,false,3
4132,0.4438034479904665,0.19,0.2527036627695605,0.36120219602068665,0.4432829779558463,false,3
4133,0.8486291537272953,0.75,0.7700748580951371,0.6956410676541677,0.7321722169676034,false,5
4134,0.49788472472586365,0.37,0.33740950802775066,0.43140446800807747,0.41373544026185205,false,1
4135,0.7464148729291412,0.74,0.9324056896825437,0.8278764252699139,0.7785063327999705,false,1
4136,0.33321594834987683,0.21,0.10971206998168852,0.21279852728329135,0.28894067594538947,false,4
4137,0.5229281887779907,0.38,0.3431983128857152,0.4378425206436105,0.6043287340289724,false,3
4138,0.4792344124788242,0.2,0.12246791875973717,0.4181460845080896,0.37506280391455,false,5
4139,0.38658816602074564,0.3,0.28332509174997605,0.2681416041344128,0.2931596467069126,false,4
4140,0.38148639577852766,0.11,0.2620747489505525,0.2323837379217985,0.3481864106665541,false,3
4141,0.5415044564106285,0.27,0.13020210570742127,0.39799711890706485,0.4482111995953344,false,4
4142,0.3378100165237455,0.07,0.0700982862375573,0.11358505669167433,0.23648564723233984,false,4
4143,0.3484782134740943,0.05,0.19812948070416558,0.19615879398660024,0.23288448487026112,false,1
4144,0.4792734057592315,0.35,0.32615522941464914,0.38624498689193115,0.4255289128314552,false,4
4145,0.34893531240556125,0.52,0.663369640134301,0.5881680971354575,0.5450797915893725,false,4
4146,0.403099515835051,0.32,0.3708962289887566,0.39788416466966486,0.37136443063742436,false,2
4147,0.41966142952540986,0.28,0.43621976431343534,0.3969186215051802,0.40715945046210267,false,5
4148,0.5045532674691291,0.34,0.23914016056990736,0.37294866024861484,0.40022735345569466,false,1
4149,0.5023690430522196,0.37,0.310452518300386,0.36275011370494686,0.4914423782381097,false,4
4150,0.5949870817716126,0.4,0.39011255558077645,0.43848591366923395,0.47767831219448154,false,4
4151,0.5254794091370781,0.25,0.2685626021008215,0.38778302955847477,0.503243277791503,false,3
4152,0.48066332160862857,0.24,0.28437397025020517,0.379395391885637,0.48027330765252435,false,5
4153,0.48251630850363175,0.54,0.6489953013283846,0.4806102612131369,0.5517725906781832,false,2
4154,0.4416478156708573,0.19,0.27783033580190275,0.2937646435635687,0.3387121667399083,false,4
4155,0.6266324137106424,0.62,0.7691135165924792,0.6981297373606852,0.7012180235070993,false,3
4156,0.2755729904018065,0.38,0.13636611574959873,0.3139270089202836,0.23036617981722607,false,4
4157,0.4302672441070134,0.24,0.2486334799974913,0.42925333968309665,0.4570984719103898,false,2
4158,0.351132268594396,0.28,0.267978709877922,0.36574138126043126,0.3307063113254926,false,1
4159,0.5029940480906779,0.54,0.4337413312025988,0.4839209134759387,0.6066187551890915,false,3
4160,0.29329653401228256,0.26,0.1780354595629497,0.3479587286571713,0.47013453788239434,false,4
4161,0.7322391745781842,0.68,0.9148829550458815,0.7349129411958931,0.7418888874217107,false,2
4162,0.34682555619567235,0.33,0.3133739982613113,0.33124514777404057,0.4295574497766807,false,3
4163,0.5509284038261923,0.55,0.6102571061050217,0.5919070246800051,0.6011180043929181,false,2
4164,0.6068454669678637,0.45,0.7548347060316849,0.6914956564746206,0.6590892494125877,false,1
4165,0.4785867670846838,0.27,0.05211128828758274,0.3585878636356549,0.2646911150966734,false,5
4166,0.36729246547645467,0.29,0.31588834862700277,0.4943667598543548,0.4096675210110759,false,3
4167,0.6920328193283192,0.53,0.6255211256062986,0.6621096332650477,0.7042769763508167,false,3
4168,0.4240825970988594,0.3,0.2589897322311907,0.3984989415753802,0.35852921005672356,false,4
4169,0.5053537506117203,0.38,0.557963021412578,0.5053959407590312,0.5979949889519762,false,4
4170,0.3257191099838807,0.27,0.1990260473791429,0.21320264520051674,0.2859286586315952,false,4
4171,0.44614935217103013,0.42,0.4332528247228745,0.5603958912905357,0.6109506699958427,false,1
4172,0.8117827602119131,0.66,0.6808364099004924,0.701101510158061,0.7787737361023575,false,2
4173,0.3504225163382741,0.09,0.10196892867676727,0.13904913424079987,0.22866369155992175,false,3
4174,0.3717057303810159,0.33,0.20125562319693355,0.3077261422229532,0.3424061906473726,false,5
4175,0.6103462711167645,0.33,0.4896991979545568,0.6112054229173771,0.6695487186686838,false,1
4176,0.3385360330405813,0.06,0.16072982588891493,0.26082085908115243,0.3500266894885236,false,1
4177,0.371028732486591,0.31,0.4080895867875632,0.38513798318484943,0.40519868746496135,false,4
4178,0.3717057303810159,0.33,0.20125562319693355,0.3077261422229532,0.3424061906473726,false,5
4179,0.66001836335946,0.45,0.6008768319493065,0.5950022422375117,0.6819682274472186,false,2
4180,0.446085163236065,0.48,0.5073902491400858,0.5508971125581301,0.5292941280759036,false,5
4181,0.371028732486591,0.31,0.4080895867875632,0.38513798318484943,0.40519868746496135,false,4
4182,0.5617409268847509,0.33,0.4557242793923139,0.4444182625580163,0.4944882081632641,false,3
4183,0.3132094528039524,0.22,0.1238637879609487,0.276642151586355,0.29582690807103074,false,4
4184,0.5627905250668257,0.69,0.7345512137855085,0.6944944438860072,0.7287595853158828,false,4
4185,0.6042834078021031,0.24,0.1387641984369829,0.3396045893820662,0.47014318194825533,false,3
4186,0.5555556864456785,0.77,0.7509208560918222,0.6911670261532196,0.6240476928158523,false,1
4187,0.45390465766587107,0.49,0.3369044835924897,0.5193926109408306,0.5732114656950175,false,4
4188,0.44194876515967346,0.4,0.4093582440599624,0.30235841664561036,0.3557991263860998,false,4
4189,0.5868850606751194,0.37,0.4499891064851581,0.3994506169481343,0.5085082670240207,false,5
4190,0.25571004514713996,0.3075,0.1071899047229804,0.28932262506585266,0.32053357189554005,false,4
4191,0.5758500299449681,0.11,0.03699623345055953,0.27592643867394406,0.33927216490131645,false,2
4192,0.4169447091417255,0.19,0.17458077192095417,0.37893016505163124,0.3607354249299373,false,5
4193,0.6155879945744247,0.59,0.6379425016418736,0.6808074210941227,0.6658234320376619,false,2
4194,0.3789339167152215,0.18,0.18593895094699797,0.2762922012735462,0.3292754011103215,false,1
4195,0.3131582344198388,0.06,0.13870530693432548,0.23476618893938905,0.23849724306821204,false,5
4196,0.5306509573521649,0.4,0.48677809345108486,0.5224702812278832,0.5712996945647888,false,5
4197,0.5969487274330461,0.21,0.018917861590054208,0.28624311628213395,0.34012817547598656,false,4
4198,0.41265902857199077,0.16,0.11389839482060761,0.25178829054041535,0.3613561378947577,false,4
4199,0.39867814600663504,0.24,0.43263142072349803,0.38272905987192796,0.4682795792199017,false,4
4200,0.401239685147471,0.23,0.399417884938399,0.29777779514485575,0.4051463654150184,false,4
4201,0.35139212367241995,0.08,0.2125874120526144,0.32134609833581046,0.34290075755322685,false,2
4202,0.6795858193607124,0.41,0.20689936725007355,0.5979344826912655,0.6406865244847949,false,2
4203,0.2898313375800895,0.16,0.2919913199235062,0.2564278361645138,0.30132216003899276,false,5
4204,0.44132867240905965,0.32,0.307907468492942,0.33691914521733657,0.35704412073832226,false,3
4205,0.3291019088962672,0.04,0.12406973764437781,0.21619561252910655,0.25392981091777694,false,1
4206,0.3963835869364668,0.22,0.18828523655064733,0.36045138840812485,0.3569425609248048,false,5
4207,0.3409278567580004,0.18,0.10890917332893497,0.288573097738155,0.27457672172840436,false,1
4208,0.3595163079117401,0.22,0.36346457352991823,0.3792671261202986,0.36228130925578933,false,1
4209,0.3546867194700014,0.05,0.13918149782162498,0.19641736736767665,0.23650928565946483,false,5
4210,0.34565699914111564,0.08,0.17872697558181244,0.3099692963470871,0.33624939323241426,false,5
4211,0.4767194189945524,0.36,0.43104973525649193,0.4689351081386328,0.49273802360236013,false,1
4212,0.5566379651056156,0.52,0.517106384396461,0.6389417166162986,0.6258058437925842,false,2
4213,0.3453054775169631,0.15,0.31255939833464413,0.23464701708390137,0.3399796871088187,false,3
4214,0.32453403221885585,0.22,0.11260040023049757,0.25637327816546673,0.25035777385471464,false,5
4215,0.367242089099456,0.28,0.30205783585329427,0.33912436273706603,0.3596418055914379,false,2
4216,0.2725718405624309,0.06,0.1259960109226316,0.16561491778403473,0.22823012425564865,false,2
4217,0.31713714928352454,0.7,0.5146138542490164,0.5167752417848139,0.4379117235425196,false,1
4218,0.37439348882808965,0.3,0.27549582193853406,0.3730525879138334,0.37902007580213865,false,2
4219,0.27414820171962445,0.08,0.1316118420218957,0.11642871385150794,0.32278447841350405,false,4
4220,0.27332590928259626,0.23,0.4759245207402749,0.30454332391464745,0.3419381972465586,false,4
4221,0.41780324903275984,0.26,0.42596862504442456,0.35100487240049416,0.4165286324831573,false,1
4222,0.3869850125487198,0.14,0.31334275850663645,0.24750338408581435,0.41693185931987414,false,4
4223,0.48388513769262936,0.32,0.4275765769240009,0.41172323221534446,0.4860584612603238,false,3
4224,0.2555791353131528,0.07314285714285713,0.14800863879473455,0.2406846225781117,0.24876018098845923,false,5
4225,0.41970634385332456,0.18,0.28898789937911445,0.3655968412046192,0.355079168432595,false,1
4226,0.430133046711474,0.31,0.31157412821256264,0.25831216782443567,0.3858614671094823,false,4
4227,0.6289593620476088,0.44,0.6382537886765941,0.6190336973241929,0.6309821310154392,false,2
4228,0.5421284452683073,0.47,0.5977267744824445,0.5800691008459328,0.5704116420603308,false,5
4229,0.3915411797868069,0.04,0.1763075756927419,0.275507123740443,0.3194979651067107,false,5
4231,0.44711844258441835,0.04,0.4633144059668225,0.4435790856792379,0.5073574701697724,false,2
4232,0.446641700637156,0.15,0.3644077104032414,0.41075616487214306,0.4288165677463516,false,1
4233,0.31707269570804647,0.6,0.4481381803786703,0.5451018044216962,0.4574611120951753,false,4
4235,0.8471331703078102,0.71,0.7146616163177903,0.7752128718868723,0.7475050070602774,false,3
4236,0.48217311207145,0.3751428571428572,0.44559466770855116,0.4801266140138618,0.48451227798854746,false,4
4238,0.31017800080761965,0.13,0.3129608627106698,0.25244798060863305,0.3315292803876769,false,5
4242,0.34813345111829397,0.87,0.2873780552610746,0.36932861244389487,0.2964795878302737,false,3
4244,0.2898390254619921,0.07,0.17124919894560148,0.19546629475373392,0.2417315887722009,false,5
4245,0.3712076298305222,0.34,0.23401394139699586,0.36137503349315153,0.35836329215955315,false,4
4246,0.34455345973730506,0.36,0.4883751961591914,0.39211715753285425,0.4906876252237777,false,2
4248,0.5487821706155315,0.25,0.47627447849537363,0.5548837579871099,0.6034104568049657,false,2
4249,0.4974275641937706,0.93,0.6497889285059667,0.6320869879420183,0.5995609449139825,false,3
4250,0.3556520804021937,0.14,0.3255719076665276,0.35678869189829415,0.3941809612313601,false,5
4252,0.35622296705580103,0.7078809523809523,0.3302153547555567,0.3180763824914218,0.3301694348147506,false,1
4253,0.4073624214945262,0.21,0.3217709949325526,0.41355307425758064,0.48664674861555246,false,2
4254,0.4181827329270757,0.06,0.1987323007565211,0.1722963927412456,0.3028807619322027,false,4
4255,0.31426493594710964,0.35,0.3774482617552487,0.28107125860064297,0.33841983988613256,false,2
4256,0.3059067781186426,0.33,0.17806759270558847,0.1973478324409139,0.2523384911433222,false,1
4258,0.3750284308518958,0.34,0.3605971809717652,0.360502304812258,0.37703412823375293,false,1
4260,0.3896498962437115,0.23,0.1511318906936601,0.26126085216038725,0.2899155434193538,false,1
4261,0.2927854203319684,0.04,0.12330427857533159,0.210046989328479,0.2613084561496015,false,5
4262,0.27925969557217106,0.095,0.19840199906021772,0.11913956546424713,0.267083103733304,false,4
4263,0.5105139024959867,0.4,0.4224913428520103,0.5228164006693766,0.6018732604349761,false,3
4264,0.2746966557496947,0.32,0.3230688880941549,0.33404515954020064,0.2314643320899139,false,3
4268,0.27441622927793025,0.0,0.01633852187848453,0.0903794074050626,0.15224118443994908,false,5
4271,0.5172716667939277,0.12,0.21382299103799038,0.3329959805187518,0.35305656676987646,false,1
4272,0.4489585666432463,0.16,0.23021533395222993,0.32350075533395234,0.331510417498888,false,2
4273,0.4982963523239039,0.29,0.4356739635625061,0.41602450924749734,0.5437578330180624,false,1
4274,0.29329031854368226,0.28300000000000003,0.15036213264748335,0.25178297738443056,0.22873781198932,false,1
4275,0.40973277393749735,0.24,0.3518767482084645,0.3522573629342508,0.4169549594990434,false,3
4277,0.5979934217070899,0.83,0.7030638772021411,0.7340398019860191,0.6547452222318096,false,2
4278,0.35758767277443115,0.34,0.454736233020825,0.31882640311562815,0.44109752095248145,false,2
4279,0.46595367456737413,0.38,0.3566089107464042,0.46588171804406037,0.5669287584323549,false,3
4281,0.26642071615362334,0.23883333333333334,0.15974107091239517,0.24229059329129893,0.261523649574293,false,1
4282,0.30716729367672285,0.24,0.2113397737121336,0.27068651953013967,0.2253320624246023,false,5
4283,0.6636208979330699,0.46,0.4909338743630002,0.5208825651251657,0.575365332793194,false,4
4284,0.31444384356964467,0.29,0.15621605273219216,0.30888265983442365,0.3119191576871106,false,1
4285,0.41304353191013754,0.37,0.32382265557841405,0.47381804567326924,0.5433099454151089,false,3
4286,0.5273939297615314,0.4866666666666667,0.4872025497725077,0.5099137578568271,0.4574378321288042,false,3
4287,0.36213035334512644,0.05,0.13301341117453738,0.11648561747187174,0.22866369155992175,false,3
4288,0.28094621398475605,0.15,0.23563310077401353,0.22106950502578823,0.24602227954526704,false,2
4290,0.28047045270690424,0.01,0.0455757467960578,0.05115715700603478,0.17307061661081766,false,3
4291,0.47277401645622014,0.27,0.25452382142829943,0.419165397177369,0.4625210143207587,false,5
4292,0.3563403470978829,0.15,0.4240283407887682,0.27942872100809046,0.3442047193581091,false,5
4294,0.37713872087226596,0.21,0.23519002802630357,0.30915689022140636,0.3664030536512639,false,5
4295,0.43404380613983945,0.15,0.18080063627867954,0.24518807072870757,0.3088867762918807,false,1
4296,0.23522357401304655,0.0475,0.16322695821939942,0.18588852430959787,0.24284586095579472,false,5
4297,0.26733052693086173,0.02,0.05986056695072617,0.18577258631333396,0.18032933955379468,false,5
4298,0.7087160183222743,0.77,0.7946377323453667,0.8233301680172103,0.7062325760681748,false,4
4299,0.767255488927954,0.35,0.3524757507077412,0.380497524214422,0.46368823901257694,false,2
4300,0.2738940725221177,0.02,0.06692596337847713,0.1889658127674661,0.22553384782557015,false,5
4302,0.4668384302121764,0.225,0.36473964890889715,0.3094491079651348,0.3913318608492333,false,2
4303,0.632873881871393,0.55,0.6416685300502499,0.6761233619749117,0.6931495714721775,false,1
4304,0.6618301041043702,0.54,0.6598298790458547,0.6967000466175035,0.7021205477140909,false,2
4305,0.7666494089893776,0.74,0.7786100546407777,0.8378242989011371,0.7692451382198262,false,1
4306,0.3728244721056207,0.41,0.35928003768260935,0.27760242296459325,0.32419360757052523,false,4
4307,0.5856468768478013,0.51,0.822057712376804,0.5487113813405003,0.6008632160204247,false,4
4308,0.2699025299172836,0.5766666666666667,0.6336133379950065,0.4769434047738006,0.3164982639754403,false,3
4309,0.37082167053175435,0.12,0.17945237940504932,0.21909626743185726,0.250162417493225,false,5
4311,0.28031948721191413,0.0,0.02877607057770604,0.1543422276961107,0.1683199839094271,false,1
4312,0.3762874402676349,0.1,0.09297864829838907,0.22586539872966,0.2750101747493592,false,2
4313,0.3089860482803662,0.13,0.1266364624611731,0.209272746115042,0.24068959982831306,false,3
4314,0.5257157087779204,0.36,0.4092362676282771,0.5945923529000112,0.6157484483943635,false,1
4315,0.3005955488324077,0.03,0.059674822959792526,0.18379247367318816,0.20067095390860176,false,1
4316,0.28832814362331644,0.65,0.4708094136494271,0.282702823431171,0.31616027127171314,false,1
4317,0.3784267071933137,0.21,0.2840271720874596,0.3132096196865315,0.32845743860550514,false,3
4318,0.3922174969213334,0.14,0.23870833058691726,0.2971144093879009,0.3013324045417312,false,5
4319,0.34800988400703264,0.06,0.06896162910181997,0.05131408503776925,0.23573459881967593,false,4
4320,0.315078543002566,0.0,0.16528047309983954,0.19343268641495467,0.26008465284231264,false,5
4321,0.2946148929169081,0.17,0.25866748381785903,0.25695636937644517,0.2735834353247971,false,2
4322,0.29670038011655986,0.12,0.05922402658303233,0.16642025842757768,0.21730012855313727,false,4
4323,0.2862032623625483,0.01,0.07103781866513412,0.18167410962148542,0.23872852162413372,false,2
4324,0.2862032623625483,0.01,0.07103781866513412,0.18167410962148542,0.23872852162413372,false,2
4326,0.4252972989432712,0.2,0.5774779748417295,0.43546376665271985,0.47808459138866205,false,2
4329,0.39449189078060426,0.35,0.3386269692506452,0.4328007703007456,0.4232283269232504,false,1
4331,0.3439923370927144,0.1,0.15145462056963066,0.21439068357119465,0.3090656665451844,false,5
4332,0.4826665209796832,0.3725,0.5497808644919406,0.38334548109699035,0.4180368286761373,false,4
4333,0.33448013864570075,0.16,0.16193441366443467,0.1899345436804064,0.21926786686467606,false,5
4335,0.4105921193744392,0.21,0.5685582364566685,0.44502314462395876,0.5026975917854114,false,5
4336,0.3347620328160158,0.32,0.2029860826169856,0.2793690234559042,0.2401744411625537,false,4
4337,0.510306048271513,0.26,0.29280014377948094,0.39541825192542457,0.427884152429218,false,3
4339,0.4469611037740973,0.36,0.4326524633992596,0.4141663758664118,0.31663964645304116,false,2
4340,0.5157120917736778,0.43,0.6375211303593235,0.5098062390299777,0.5803179735218417,false,5
4345,0.47192432234880577,0.13,0.18233982673782545,0.19688251850055724,0.4264634478252329,false,3
4350,0.290598195890219,0.0,0.02162738067622502,0.15318690187632605,0.16585689925811628,false,5
4351,0.30493641417581774,0.01,0.0639741653563036,0.03352362914862914,0.1669767958846236,false,4
4352,0.3515854614647159,0.19,0.3243050808983164,0.3872566128837832,0.3733590862123165,false,4
4353,0.3884134940734696,0.34,0.3844896353083569,0.34733582388307854,0.3644515936594282,false,5
4355,0.26534764548746004,0.0,0.05895416305913566,0.02117032598554045,0.1841565328577117,false,3
4356,0.5844233356412567,0.11,0.2338356772596158,0.2028245162387708,0.42706122552588527,false,1
4357,0.9645478931798626,0.89,0.9605107649821857,0.8982671940588941,0.8793718952819145,false,1
4358,0.2967501493740643,0.23,0.025042706663937143,0.2998757058719537,0.18641912158865626,false,3
4359,0.5773304289785496,0.41,0.5690805266253387,0.5329030443558161,0.5378254393895016,false,5
4360,0.5301538854087229,0.2,0.08988829129071178,0.32922523185840324,0.4096904145678021,false,2
4361,0.3868273253028337,0.33,0.4803154004712263,0.42230680542088433,0.4406163303859154,false,2
4362,0.348171782712865,0.407,0.35102516411244555,0.3627657206499,0.304365362924014,false,5
4363,0.4465119908627329,0.396702380952381,0.46949747652560375,0.4853273283700193,0.4951065704432251,false,4
4364,0.4465119908627329,0.396702380952381,0.46949747652560375,0.4853273283700193,0.4951065704432251,false,4
4365,0.4392286025293643,0.42,0.39179403992907097,0.45000002048346255,0.4470140566507239,false,2
4366,0.5555628217951285,0.3,0.5202270874247097,0.4448724251754438,0.6234633541936295,false,4
4367,0.33007492415405,0.0,0.24860212873067009,0.24035775144559218,0.2889304250605816,false,5
4368,0.4468300968727806,0.09,0.28448485566670245,0.22579171680286225,0.343007745218394,false,4
4369,0.5063067551724109,0.16,0.6496954440511379,0.5766200137796742,0.6132695394804245,false,5
4370,0.5887999282483967,0.56,0.6671004942262596,0.6280797645443209,0.6628167978005418,false,5
4371,0.42382008114077735,0.54,0.5381404985603755,0.5382085508915913,0.4615815068846146,false,1
4372,0.8350273924414789,0.97,0.9265859837527499,0.8884282539400625,0.8046732996793412,false,2
4373,0.34197921666597675,0.02,0.25529157868686464,0.25715257450840484,0.27646619342824247,false,4
4375,0.42382008114077735,0.54,0.5381404985603755,0.5382085508915913,0.4615815068846146,false,1
4376,0.37373304209660324,0.18466666666666665,0.30093280176357806,0.31436397871753735,0.3486230837323274,false,2
4377,0.5945637357392073,0.63,0.7278978459638487,0.7492860651076632,0.6883183545857113,false,3
4378,0.6176124829352088,0.56,0.6995284349535761,0.6212794580220359,0.6629382118933617,false,4
4379,0.5335474500331232,0.53,0.6597208738865029,0.6362851116024136,0.6447132609186137,false,4
4380,0.7824102049457852,0.89,0.8441789727426132,0.8268361994000972,0.7869694572591232,false,3
4381,0.5335474500331232,0.53,0.6597208738865029,0.6362851116024136,0.6447132609186137,false,4
4383,0.3650240035333821,0.01,0.21886627609733664,0.252943080034697,0.3108550342628409,false,5
4384,0.4325952937622927,0.34,0.611507969426155,0.5302478162712309,0.5961666041992947,false,5
4387,0.35154697244408717,0.15,0.3707490683959077,0.3558160169021509,0.30400734181143213,false,3
4388,0.4772624878466204,0.69,0.5199047203780209,0.6986709133824575,0.6100993616832785,false,4
4390,0.38798718279636923,0.0,0.24383018130827835,0.3094602004098105,0.34524800598209077,false,2
4391,0.577126270319095,0.4,0.6027215060404704,0.6094885443332259,0.6220430278795066,false,5
4392,0.925425484605562,0.69,0.8663602773704955,0.8285537379842981,0.8070876011892473,false,5
4394,0.3516026105113811,0.0,0.24860212873067009,0.23989556556287234,0.2916070068658197,false,5
4395,0.3877468628593112,0.54,0.3531319355782092,0.44886479428551196,0.35075036456990927,false,5
4396,0.42517355006607827,0.46,0.4633144059668225,0.5144830311869459,0.5073574701697724,false,2
4397,0.8852230147960819,0.69,0.86945027440641,0.8620367593482622,0.8193096360784768,false,1
4398,0.735727874662743,0.43,0.6224808157736749,0.6517798106042918,0.6772013521387831,false,1
4399,0.9046882488718855,0.59,0.7687629938505818,0.8431864324620574,0.8011439582419093,false,5
4400,0.7411538769649272,0.21,0.5407652593991925,0.5661483725961972,0.6374468740868655,false,5
4401,0.3202959428435672,0.8466666666666667,0.34313717268664023,0.3141877858949334,0.27555962372491666,false,5
4402,0.44690488858097005,0.44,0.4366570789486472,0.4342837043464125,0.4560699075427558,false,3
4403,0.37373304209660324,0.18466666666666665,0.30093280176357806,0.31436397871753735,0.3486230837323274,false,2
4404,0.4437967836448191,0.35,0.5814377037178254,0.5022190955233626,0.5314535586369269,false,4
4408,0.4883490530271714,0.19,0.1430417308488043,0.40324208408792556,0.42832016148524205,false,2
4409,0.4840371936865315,0.25,0.558912771731177,0.5334094427738258,0.6133496631446126,false,2
4410,0.7123699895982049,0.75,0.7358999577585986,0.6776963054039039,0.7186148325111177,false,5
4411,0.5810792437361897,0.74,0.7477714015454378,0.6532982629135856,0.7189632592161935,false,5
4412,0.5568485058956093,0.49,0.4969289308300437,0.626946858976567,0.5885967217879855,false,1
4413,0.5025647501630629,0.1,0.504605735653357,0.6220467158419358,0.5848754710555074,false,1
4414,0.3042147654178007,0.04,0.08789661641144049,0.09391895166237268,0.2719542278472334,false,4
4415,0.40876584915597736,0.19,0.3090539854121481,0.29372480955502916,0.4116215262833539,false,3
4418,0.651266660298134,0.28,0.4535791410185255,0.4770352548324381,0.6831524864989085,false,4
4419,0.3602845331468468,0.08,0.2074973118069207,0.24463346899462532,0.27754201300317927,false,5
4420,0.49493329536712,0.14,0.5781967257765174,0.4386064044189798,0.6049455714982664,false,4
4421,0.640654776519257,0.81,0.7225619301020583,0.5803777646968686,0.6820561782249257,false,5
4422,0.4088350215972237,0.04,0.2995941512588221,0.12100373156255503,0.37579573523377147,false,4
4425,0.398627374811999,0.04,0.2668710792015497,0.25898792275005283,0.3273282195664627,false,1
4426,0.715129924022952,0.42,0.7235028761708,0.619346225919046,0.7079959954266456,false,2
4427,0.398627374811999,0.04,0.2668710792015497,0.25898792275005283,0.3273282195664627,false,1
4428,0.35180135798597023,0.01,0.20582146856579853,0.25123575453594105,0.2870034882857678,false,5
4429,0.6924198869985376,0.75,0.7975603792554394,0.8136002782965877,0.7375639525164185,false,1
4430,0.4622227051500912,0.25,0.6552234704941612,0.5316940843367469,0.6137764295610807,false,2
4431,0.4848673950592464,0.48,0.5790639507307873,0.5376832068285731,0.6049455714982664,false,4
4432,0.9058145567728645,0.35,0.5324353746823819,0.6492161822850392,0.7403601002328644,false,2
4434,0.7532216633628577,0.69,0.8028374802698807,0.7716208225970221,0.7868464255752102,false,4
4435,0.37012960829132147,0.12,0.33354734993218305,0.33549699668354144,0.3644246024681468,false,5
4436,0.43739432803289074,0.33,0.41695933155773307,0.41273779802285326,0.4362550769493869,false,2
4437,0.4000946432375127,0.17,0.14326059308289565,0.28004140399759037,0.35267221881023003,false,1
4439,0.4537867847150701,0.38,0.5090676076301197,0.5181221935856117,0.5513125139986829,false,5
4440,0.2957478088866888,0.37,0.4611551924758984,0.25600507634944974,0.3141558387235784,false,5
4441,0.3433691060193453,0.02,0.05423469638400552,0.08473927506734841,0.21108807658553636,false,3
4442,0.2906163492033317,0.03,0.11365181857496574,0.20244134967824917,0.24825883863063153,false,1
4443,0.41443385896872686,0.32,0.4051195815957996,0.4354826083824298,0.526958153193082,false,1
4444,0.4087997886562028,0.19,0.421239756046798,0.44269485440527456,0.4837124099922297,false,1
4445,0.6942894053490253,0.32,0.13622358842465765,0.3938486285860963,0.38660360871558935,false,3
4446,0.3908098110714889,0.06,0.379933625405517,0.25577080500648597,0.4190261968247626,false,3
4447,0.48566430364718416,0.24333333333333335,0.49845014026342377,0.42510970858854885,0.45247877483076454,false,1
4448,0.3516026105113811,0.0,0.24860212873067009,0.23989556556287234,0.2916070068658197,false,5
4449,0.46851727943661364,0.22,0.4139206317165533,0.3760917710020346,0.38624704598090037,false,5
4450,0.3629594664413251,0.1,0.17211253082448824,0.2726631807369327,0.32751520434240866,false,1
4451,0.8212679739254878,0.3,0.04102930689866167,0.31905199895793585,0.21358089693135227,false,2
4452,0.31388177229786945,0.07,0.18828117261587288,0.2876629867771199,0.3148941436286087,false,5
4453,0.44129340891292507,0.42,0.397871108889865,0.5325285105051274,0.3201226617651627,false,1
4454,0.49409512688969126,0.29,0.3741546460514913,0.4912561543314988,0.5377069841551327,false,2
4455,0.44711844258441835,0.04,0.4633144059668225,0.4435790856792379,0.5073574701697724,false,2
4456,0.4453358800019017,0.21,0.4956485818600161,0.5672545702704407,0.6024618364263987,false,1
4457,0.4005551632271042,0.13,0.2229432239193355,0.35181707524373207,0.28942059764874006,false,2
4458,0.4857693875237746,0.16,0.18099516965968804,0.45351309654291555,0.4958337265094157,false,2
4459,0.5191116388922037,0.36,0.46282566251764534,0.48068047344170145,0.48476644597082813,false,4
4460,0.4873373616569537,0.38,0.5533502013260267,0.4413439092241422,0.5796804278653339,false,4
4461,0.387890928721233,0.12,0.20214303313709664,0.2514636359984107,0.352612749928234,false,1
4462,0.3712194471340878,0.76,0.29661344812193,0.3824833260787904,0.3683040297108706,false,1
4464,0.29480524988311624,0.42,0.24664008876046237,0.29171622087653876,0.2845509750872552,false,5
4465,0.3693169710831976,0.31,0.28843871189477277,0.3813999743769541,0.3850917010212292,false,1
4466,0.22810221031416794,0.03,0.07582277331129572,0.18398973982943528,0.19330807386361443,false,1
4467,0.39958844221500855,0.45,0.4421321581681681,0.5556115051586188,0.489879435902607,false,1
4468,0.32913570119816365,0.07,0.04079983564206768,0.2465446845466358,0.22041910415704413,false,5
4469,0.4021170776711965,0.08,0.08174872674875377,0.18465603598259148,0.39347501865614815,false,4
4470,0.5669429129067971,0.35,0.40433662688847594,0.4979404638823752,0.5568116600924583,false,4
4471,0.5028460247708153,0.35,0.5293578050161054,0.3963623752128431,0.5358936688333908,false,4
4472,0.32576122529372353,0.13,0.268006666086915,0.22504557073736006,0.28230701350432924,false,5
4473,0.49099589969482166,0.38,0.30346282947735115,0.4129882118991681,0.46632976923267855,false,5
4474,0.2972255886918398,0.1175,0.14855720830680777,0.1491103930357503,0.21659947617896905,false,3
4475,0.4073615981033137,0.21,0.2355390540171011,0.166878401010754,0.3922389926980898,false,4
4476,0.3532913137171159,0.0,0.15283003543386883,0.24655989299132852,0.2700256740984006,false,5
4477,0.4463300723423637,0.4,0.5047558880597178,0.41750294700424784,0.5883432239766277,false,2
4478,0.4447441087864091,0.32,0.3452990595446291,0.46821900028575947,0.5519863330380644,false,1
4479,0.511765397830317,0.66,0.7307501562193882,0.6869899657432085,0.6446570363691652,false,4
4480,0.5264962977276333,0.53,0.5265983442476939,0.5260272938513444,0.5697975553979464,false,1
4481,0.37916712985340023,0.12,0.06584890333857943,0.0603720584970585,0.19136677895855247,false,4
4482,0.344257375949608,0.24,0.2878763404528778,0.31500966730612656,0.3782442814011485,false,4
4483,0.4494418896592735,0.15,0.4914095947284238,0.525128473235747,0.5338489463580928,false,1
4485,0.2439623809891274,0.126,0.0932903578617271,0.22554912130077998,0.2579306542426439,false,2
4486,0.48613926909305544,0.12,0.2054573970738404,0.23240585781536616,0.3278381540407458,false,3
4487,0.6791240936766385,0.25,0.14302073946921148,0.3846076787475593,0.4870674773201508,false,3
4491,0.3718331422839932,0.25,0.22716115583676066,0.2819785578714838,0.300513749519383,false,2
4492,0.27293608008583026,0.08,0.09392689144113986,0.20170435365288303,0.2084425076802281,false,4
4493,0.26184337084883763,0.24666666666666665,0.24155599838928402,0.21490234598526634,0.2438345924553573,false,5
4496,0.6397221622790474,0.59,0.6946504440631722,0.6624443209468724,0.6556848797167162,false,3
4499,0.2774835512552537,0.05,0.10191805197262303,0.14687151593713846,0.1959002297240434,false,3
4500,0.2883269471523811,0.04,0.27489833247769396,0.23583964538974633,0.26040115570739564,false,3
4503,0.5738115066020066,0.33,0.42048475126034907,0.4797607670129661,0.5441583211595068,false,3
4505,0.3232647694023803,0.14,0.17062588466361786,0.24955281526695805,0.297225438659508,false,5
4507,0.4115995127795499,0.15,0.4122643635142072,0.36133616648220934,0.458600833886848,false,1
4509,0.49452799329677694,0.5,0.6794566683180765,0.4997828303315057,0.6260280172655034,false,5
4510,0.5826373343935354,0.6,0.7302079310455252,0.7105617040960014,0.7018948556929497,false,1
4511,0.6106534271149436,0.55,0.6026174619938919,0.6567691103927684,0.5806767259871404,false,5
4512,0.3326946827803372,0.14,0.19826942955467633,0.20499362891085557,0.2655471896908508,false,1
4513,0.6871898652990719,0.84,0.699017206999876,0.7070049313825608,0.6743784699497622,false,1
4514,0.4547675593432759,0.32,0.3026350879197832,0.4614879974076458,0.4726558341372784,false,3
4516,0.39386716971021546,0.08,0.1955381430655638,0.2383293755877089,0.345673511055819,false,3
4517,0.38506040191372576,0.29,0.3318018073559733,0.3381173604571952,0.3461324395672882,false,5
4518,0.38506040191372576,0.29,0.3318018073559733,0.3381173604571952,0.3461324395672882,false,5
4519,0.27526791995435324,0.218,0.1767934869909332,0.3467639364962182,0.30246106196729783,false,1
4520,0.49047262397295394,0.39,0.2188837094705012,0.48330284423347025,0.5334593215061169,false,2
4521,0.5253113891385307,0.49,0.3895475375821531,0.5773096872731692,0.6010778163293677,false,3
4522,0.28840959690979473,0.41,0.5716322140019745,0.4656612433630527,0.43130193292581287,false,3
4523,0.4103197797368259,0.5,0.5887808053659264,0.4308822926540908,0.49652256253173155,false,2
4524,0.5039164232332247,0.28,0.32613652171089447,0.3653147852427711,0.44532398297997466,false,1
4525,0.26946362691337344,0.0,0.05657439933929163,0.14145966026208173,0.20691154544890078,false,5
4526,0.42849584390650447,0.33,0.37470208801294086,0.27083088682759726,0.4494499295845685,false,4
4527,0.43023304074576396,0.13,0.2216530667742388,0.40260922273253263,0.42737618143494044,false,5
4528,0.36876963727270745,0.11,0.25241419691679684,0.22651489920259518,0.22981456538835288,false,2
4530,0.3287283881561806,0.11,0.20329335804942628,0.22734800171553118,0.23849724306821204,false,5
4531,0.372030024143706,0.25,0.30808488252210364,0.3188111794201088,0.32725318976559264,false,2
4532,0.37884932877345556,0.06,0.14308752548644876,0.16213169683418524,0.2377232442883684,false,3
4533,0.33584290092207897,0.1,0.09673475374738848,0.1909502553495158,0.23855669742478652,false,1
4534,0.27687087282990813,0.24,0.11948885468881727,0.2026340668688977,0.32739643169588806,false,5
4535,0.2757729635897803,0.03,0.07834865549648867,0.1700843403915122,0.20691154544890078,false,5
4536,0.5958287373194038,0.35,0.48691390353403,0.5224530852326257,0.572666196992613,false,1
4537,0.4276181366441174,0.33,0.33357103964610646,0.40422524586136105,0.42122961545469656,false,4
4538,0.6304161671149014,0.6,0.6436806701586812,0.437903947811809,0.6503007790230064,false,4
4539,0.6435166197476107,0.49,0.6614003126900391,0.6174314908772881,0.6476586672214829,false,2
4540,0.5113803710434983,0.64,0.6197288963368326,0.6394999520605973,0.5961040678719655,false,3
4541,0.47528928723201963,0.23,0.26020673079489365,0.3663075287304561,0.38050046962720085,false,1
4542,0.7135262424166674,0.38,0.17991600384735792,0.41438774607381723,0.5607391227635795,false,5
4543,0.6943779645692725,0.25,0.17302020206198135,0.3675294533262265,0.40846981590780346,false,5
4544,0.3035611938136998,0.48,0.6544951159441886,0.39015561945844857,0.4985461129507764,false,5
4545,0.33273370430863464,0.13,0.29618047887321897,0.22315901735185167,0.34429039622737406,false,3
4547,0.8484924511511936,0.46,0.4613538471645931,0.5192878511807487,0.7212239770463922,false,3
4548,0.5340282885771244,0.34,0.23567683903821887,0.4510674243005726,0.4739511636372795,false,2
4549,0.6097062853243147,0.57,0.7006768557289844,0.5949773894265238,0.6747448713529969,false,4
4550,0.5377202511956448,0.35,0.4731666878308694,0.5498504041819716,0.6770749388164976,false,1
4551,0.4916627607039039,0.29,0.3447969372059343,0.44510022572513075,0.5441669269444929,false,3
4552,0.43193393951749987,0.27,0.16179875198544125,0.3060741303712355,0.3454055523881759,false,2
4553,0.3912153881412813,0.14,0.1354105226207894,0.32996780563444117,0.3833877649381048,false,5
4554,0.48248123845969565,0.32,0.5993769446811938,0.5381029781158712,0.5531219609768973,false,3
4555,0.481634608074845,0.38,0.5129210119671033,0.4822695212282974,0.5705525980020875,false,4
4556,0.3659479856508699,0.14,0.20057152230766606,0.30650953625396926,0.3579786039674282,false,5
4557,0.40604777828231725,0.15,0.34717565368867176,0.3541226869843737,0.41365851489047545,false,5
4558,0.5077774034316173,0.4,0.590599430860841,0.557315033170758,0.5431460174278898,false,1
4560,0.49186823112003353,0.27,0.3391107864704537,0.4401899530090678,0.5437456194457531,false,3
4561,0.4077311124516617,0.09,0.12043685109834869,0.2796488581014337,0.3017551022047243,false,2
4562,0.40339720578375654,0.08,0.1354303924040922,0.33547126419053597,0.40932004082983703,false,5
4563,0.38068037497116086,0.29,0.19481662145609635,0.37838735942733465,0.3541647953980673,false,5
4564,0.7775900766976009,0.26,0.14785058093647457,0.3323694020899379,0.6227750533490862,false,2
4565,0.5970407930651922,0.3,0.23762827545274892,0.46072036729716287,0.4285600654189071,false,5
4566,0.48922922353947945,0.52,0.23873514072459676,0.5061564384229328,0.3871794200400654,false,2
4567,0.4724641138729397,0.33,0.14213878597244034,0.4527389230188671,0.4304656015044551,false,1
4568,0.6126262937182372,0.38,0.42576869217692004,0.4890771848846228,0.5863300881432387,false,3
4569,0.4834210540117202,0.36,0.08339270490568233,0.4381870043591614,0.510057808944975,false,3
4570,0.6185836848735546,0.41,0.6145547258842842,0.5280878933342137,0.6100782107735712,false,5
4571,0.36930762253661176,0.28,0.24707961043753407,0.3072175799073836,0.2962195199078534,false,5
4572,0.34189199194514786,0.23,0.14946107078705093,0.2961055007469161,0.2504735504365704,false,4
4573,0.5405118757887452,0.49,0.7551319267757189,0.5868434531675658,0.6146089895651595,false,2
4574,0.5775559178739667,0.33,0.5936459978070657,0.4882913129958787,0.6290606045617545,false,3
4575,0.5882748938299057,0.52,0.7091910229768648,0.5349625718649224,0.571801556429424,false,3
4576,0.518369256861297,0.31,0.6124747136211757,0.48908055381140914,0.6492702690094786,false,4
4577,0.4943337727962708,0.17,0.22437936357705573,0.4139553444027421,0.3508261987446812,false,2
4578,0.43992151392891815,0.41,0.19816292764553703,0.3341160738377264,0.3652595262495621,false,4
4579,0.2394650250677322,0.14,0.01819279703130467,0.2196344071129903,0.2175620781084123,false,3
4580,0.3728588507584796,0.28,0.29136541417328127,0.34837490171093566,0.3343469769940725,false,2
4581,0.34231033301856806,0.25,0.4380572397940788,0.3385907311440275,0.4037298388812864,false,4
4582,0.38068037497116086,0.29,0.19481662145609635,0.37838735942733465,0.3541647953980673,false,5
4583,0.38526003947429405,0.37,0.42988392292618444,0.443936222399418,0.4978279902851217,false,2
4584,0.434809507352605,0.16,0.4146760772569316,0.2821801867493818,0.43938890395793767,false,4
4585,0.46104251960712866,0.38,0.3185955224412204,0.46366083128645125,0.46168019538503124,false,1
4586,0.38455749454327487,0.16,0.16412722059306348,0.3234902784530515,0.31502741458019384,false,1
4588,0.5555743247892352,0.28,0.3963819483202131,0.5395943863435094,0.5797919743335114,false,2
4589,0.36830210399281077,0.26,0.37500145302837057,0.3233469384957797,0.40217697703763927,false,3
4590,0.43727048601900464,0.44,0.40867138073270176,0.488677714453895,0.5440304231415943,false,3
4591,0.3794823527274731,0.56,0.6084433407098707,0.5822032808072164,0.514513068460479,false,1
4592,0.4916627607039039,0.29,0.3447969372059343,0.44510022572513075,0.5441669269444929,false,3
4593,0.3360291879431056,0.04,0.14223589011645146,0.1583442150170091,0.2938237198169896,false,4
4594,0.4046717898332109,0.07,0.15141273991066684,0.32078788044999645,0.3833877649381048,false,5
4595,0.4109055402394078,0.09,0.11514790600766191,0.24872017894989804,0.3017551022047243,false,2
4596,0.3659479856508699,0.14,0.20057152230766606,0.30650953625396926,0.3579786039674282,false,5
4597,0.38529071352148325,0.22,0.3557024079539339,0.28573532688053493,0.388259784135804,false,4
4598,0.4570773014305777,0.5,0.6236510453507671,0.573178762188225,0.5380778274630956,false,1
4599,0.6213620548762363,0.61,0.6899986195255052,0.6696157680227227,0.62910275000371,false,5
4600,0.43122574067489516,0.12,0.18136793961962275,0.2799020781197741,0.32009169172582647,false,3
4601,0.3253943644462008,0.06,0.19286676807844633,0.25283204480957466,0.3431080106935407,false,5
4602,0.5851857095864234,0.41,0.4617526594907244,0.5475899215270377,0.6326224143915598,false,4
4603,0.45533868412788914,0.23,0.43480711475356465,0.3637049510623748,0.4335525492156103,false,5
4604,0.6487139812580832,0.64,0.9048272256564394,0.7355464945590051,0.7409548893485897,false,3
4605,0.3936340403121732,0.09,0.29386374295897155,0.32325947636515223,0.407634339770138,false,1
4606,0.5716679670755331,0.38,0.45184963821841223,0.6036993665138847,0.6108027325273025,false,1
4607,0.5750724988060347,0.42,0.5961859969266039,0.5283173956224575,0.6048973739539636,false,1
4608,0.41893134194270015,0.23,0.27014310107481826,0.2819858474784857,0.41206653316829517,false,3
4609,0.4941529481085591,0.41,0.568296650884885,0.5985657284918169,0.6188360479605179,false,1
4610,0.3884833858371139,0.18,0.2552024092699183,0.24244976764166665,0.30506073608557066,false,1
4611,0.42559448706162206,0.27,0.43903802831349253,0.28485783937163106,0.41498685525320966,false,4
4612,0.5112810137500547,0.22,0.4382235061188812,0.4586629875844651,0.5715909125447699,false,2
4613,0.25387958937088306,0.3,0.39217249545928745,0.3373355270708664,0.27408975032575106,false,3
4614,0.40430717598977084,0.15,0.4058324750687136,0.20607265968895233,0.3692788383848433,false,4
4615,0.4311212482423655,0.46,0.37739769293652303,0.5110752346910479,0.556040228049186,false,2
4616,0.4093336901968293,0.32,0.3908079227497759,0.4337615260778206,0.52934367339968,false,5
4617,0.4311975556794757,0.56,0.549105513560006,0.5332153678816831,0.5334945387940967,false,1
4618,0.42812660094376914,0.26,0.24719186791922348,0.3650934538634628,0.42888882383130383,false,2
4619,0.4907377375496621,0.54,0.626009201382509,0.6519662608582705,0.5302472498204149,false,4
4620,0.5147548503009742,0.44,0.682670966494049,0.5528405536633666,0.6028287416620535,false,2
4621,0.3713013619044471,0.11,0.20200858642627934,0.274036579469317,0.3069505411768207,false,2
4622,0.3493616017656455,0.19,0.05395537002745555,0.2724349514624041,0.17754543397976055,false,5
4623,0.3494753647756143,0.46,0.7835314286787142,0.5405307897200138,0.4133505717478842,false,3
4624,0.3493625691002668,0.52,0.6884124557681864,0.5469124715361375,0.4266276158424483,false,3
4625,0.4281784795674954,0.3,0.20887434186846132,0.3416941379558656,0.38427027154374316,false,4
4626,0.35491873678676295,0.12,0.09165700060871046,0.29274222785237,0.3084243319160779,false,5
4627,0.36596268445689406,0.15,0.138848499941502,0.3126927663544042,0.30326488398116136,false,2
4628,0.44488566954226405,0.31,0.12685737164533212,0.3305790236776663,0.3419319111217527,false,2
4629,0.44529287514372456,0.36,0.2865980398479698,0.4825066102167461,0.520884840459488,false,1
4630,0.35881176286767935,0.26,0.3596860654432729,0.3052929941644286,0.41754552541490536,false,3
4631,0.4813077967004952,0.31,0.3935188629203041,0.5045882750181493,0.49309764346894386,false,5
4632,0.557529585246081,0.22,0.3419284751876339,0.3308589247626012,0.503133153865069,false,4
4633,0.5061246972413155,0.11,0.2638583778960349,0.3016958139000965,0.3339784037481173,false,3
4634,0.4237835449548834,0.24,0.4985286802293858,0.3721715488132064,0.49572843782324905,false,4
4635,0.3601528869571286,0.27,0.3034393485265358,0.41247816454254993,0.36574530940142275,false,2
4636,0.4705771851023894,0.56,0.47467119359665083,0.5179583377656554,0.4353431262482467,false,4
4637,0.5122683408790466,0.35,0.40316989482690796,0.4062415442233929,0.5382319004790619,false,2
4639,0.348171782712865,0.407,0.35102516411244555,0.3627657206499,0.304365362924014,false,5
4640,0.35055414328982004,0.16,0.11788375842700718,0.09399857774010584,0.24624841502796316,false,4
4641,0.35116442289540983,0.2,0.2909433703523007,0.324200465787151,0.27760286348261315,false,5
4642,0.44091283665695813,0.37,0.41218626975629413,0.44806184322636683,0.492539151775401,false,1
4643,0.377101515029857,0.23,0.19621298654747327,0.2844355282029276,0.28983198944227034,false,5
4644,0.359050026372876,0.06,0.3082389902275078,0.31774624883218855,0.3638039443944652,false,2
4645,0.34295317245695256,0.41999999999999993,0.41869978706314037,0.4160393807596933,0.3296960979312122,false,5
4646,0.31811853854758454,0.32,0.33620469479669696,0.3937751438830909,0.30681155222622913,false,4
4647,0.4283949332614785,0.16,0.28281248613532284,0.2868587319592556,0.30887649752226604,false,5
4648,0.3906340860459101,0.16,0.2456291130870385,0.2952875816034311,0.351021787394008,false,2
4649,0.3686421255511505,0.18,0.15545400153159444,0.30452280558573963,0.33456590201660524,false,1
4651,0.25555669157859984,0.415,0.12704733312608849,0.33026670939482067,0.21355520697810373,false,3
4653,0.3480891739062497,0.22,0.25846217000037935,0.27316941966571784,0.2800065355189592,false,1
4655,0.6003989969451682,0.56,0.7974386156713283,0.5976923471218085,0.652107623201597,false,3
4658,0.3207965369751218,0.04,0.3884733391011801,0.3453736052561211,0.35044090713444914,false,5
4660,0.35617135054048893,0.02,0.2398200384658228,0.24310131925033854,0.3028782705335703,false,1
4661,0.30378920652783153,0.39483333333333337,0.2827551664487616,0.22326741151769533,0.27555962372491666,false,5
4662,0.30378920652783153,0.39483333333333337,0.2827551664487616,0.22326741151769533,0.27555962372491666,false,5
4663,0.34949489365731234,0.24,0.34972596468757433,0.4383073026490091,0.3032111210586711,false,3
4664,0.3250025790737744,0.36,0.31532632508050806,0.3443990071149133,0.3032111210586711,false,3
4665,0.34461070189019166,0.09,0.25365059332765805,0.2464597859143376,0.331226250726428,false,5
4667,0.3567488065666292,0.07,0.359624955331371,0.2665046749676245,0.3201425475609786,false,3
4668,0.41704009823735244,0.09,0.3603846393827024,0.28824711969090855,0.34201519133610414,false,2
4669,0.4249215278851527,0.19,0.21344295084572415,0.2678260709052667,0.3395875054516251,false,5
4670,0.4341733518895126,0.11,0.1115993434468195,0.12363497367977855,0.22958551753633735,false,4
4671,0.5079131320817579,0.27,0.396242733832767,0.3405260911038093,0.45503246639604383,false,3
4672,0.46527459174963387,0.25,0.20728307819020575,0.32506224634645564,0.3858693935083664,false,5
4673,0.628305430011628,0.5,0.7159120683364519,0.6797374901070995,0.6672133677228296,false,1
4674,0.576469783172916,0.25,0.36644633412134175,0.38333090062520603,0.42279468607798437,false,3
4675,0.7403941958416286,0.56,0.8181223037180616,0.7131987066669242,0.7777320011552556,false,3
4676,0.8118934011983008,0.4,0.833862400026487,0.7506975415099316,0.758172978046975,false,1
4677,0.3599628766301277,0.24,0.3190396305236205,0.3599497845726999,0.3623492433675245,false,2
4678,0.4177883214118777,0.28,0.288196623568538,0.2882239509416594,0.31612889648991566,false,5
4679,0.4177883214118777,0.28,0.288196623568538,0.2882239509416594,0.31612889648991566,false,5
4680,0.6379151105331433,0.51,0.47100379582641977,0.5866101344668327,0.6139643153866425,false,4
4685,0.47790301827554055,0.18,0.12062350312797579,0.2781752292962822,0.3330354804299123,false,5
4686,0.43911160212909517,0.33,0.25239562149532463,0.3545861091836457,0.3549669111971062,false,5
4688,0.350669648700314,0.11,0.16791726112533248,0.2306087677874197,0.25213989904682177,false,5
4689,0.4894860999939258,0.2,0.37462384482718003,0.2845416403630265,0.4262260293969463,false,3
4690,0.5267406168030877,0.49,0.5087417148988886,0.5277495081983141,0.5071724622076439,false,5
4691,0.6101946735407319,0.4,0.5388993990370645,0.5375453431629011,0.6346274392412732,false,2
4692,0.5488411301963815,0.77,0.6682063318597087,0.6954745170025385,0.6412617760961531,false,2
4693,0.45577014574535873,0.43,0.5971077968687244,0.5140976099547312,0.5420948988303771,false,2
4694,0.38447781165458006,0.16,0.3186663193926573,0.20026492382365266,0.3796183654498622,false,3
4695,0.7519081488585847,0.47,0.39592004188653607,0.6002924355122624,0.6364984672204572,false,2
4696,0.6172932250215061,0.6,0.7390375180060175,0.620736784203966,0.6233966904189783,false,2
4697,0.45556139636287096,0.33,0.38318285987127204,0.4002724641374916,0.492759461931501,false,3
4698,0.38707819951616457,0.59,0.6323363574236786,0.5296455099998624,0.47104286928652206,false,1
4699,0.37269171217422514,0.27,0.16780425283336758,0.2831661408206706,0.32755507729193195,false,3
4700,0.44682795108827306,0.07,0.37653062011598903,0.34086285860873633,0.4018230525639309,false,1
4701,0.463387136703401,0.11,0.23037043117722927,0.30743055658752777,0.3459941989887016,false,2
4703,0.5185856030608063,0.31,0.21445414085366146,0.43714575108793996,0.564259561117496,false,3
4704,0.45214090019706105,0.35,0.4407691562842377,0.4087559459180828,0.531650094719355,false,3
4705,0.5288249606418708,0.38,0.7223439134103273,0.6754259247047927,0.6296567645034398,false,1
4706,0.4465929877208098,0.26,0.631691104422088,0.5800376025851977,0.5583729827910185,false,1
4707,0.3477932724570183,0.93,0.3338836562766545,0.3208934293413319,0.33292576743938995,false,2
4710,0.39193482460120727,0.03,0.15907511658135257,0.13215787473240673,0.32962656842784255,false,3
4711,0.3667399075848976,0.44,0.30414557273823895,0.2905356111124215,0.36276469239014997,false,5
4712,0.37121642660583004,0.23,0.30133738728967424,0.32796382610649394,0.3226181766834722,false,5
4713,0.35726165945338323,0.57,0.3793524672663041,0.3690235369119078,0.3753336728690636,false,2
4714,0.3920323542102595,0.05,0.16800343578343044,0.13426618520368522,0.2975211241516131,false,4
4715,0.40603774706259793,0.05,0.14221888671966249,0.07451208405249876,0.2465840299633055,false,3
4716,0.40318410266299737,0.31,0.40651801617601513,0.43680296676589725,0.42117832732785554,false,3
4717,0.3535480666532161,0.1,0.05406868985311858,0.13042714393449686,0.22828354286398345,false,4
4718,0.42692466134664936,0.35,0.5435210266432491,0.552123065036873,0.5238257646891914,false,5
4719,0.56637563179625,0.66,0.7147793226181722,0.6505318424184239,0.6432508835759908,false,4
4720,0.922652141482049,0.68,0.8298532305839096,0.7859855547556781,0.7986263270478541,false,3
4721,0.4905475580304498,0.35,0.6011033269869364,0.4313267674596019,0.5205109407392299,false,3
4722,0.3842751577794659,0.09,0.1505298003406183,0.17216159470952305,0.28128692876305417,false,1
4723,0.38992978639776427,0.03,0.11540826477756935,0.24454290595012268,0.34893914878689103,false,2
4724,0.3815662056306946,0.2,0.4772130849979101,0.38247207330971267,0.3536676999268663,false,1
4725,0.48765346759190914,0.48,0.5921340287191066,0.529684669661869,0.5839704785687486,false,2
4726,0.44032991557552514,0.15,0.6063285502854057,0.5538940608530573,0.5895113522129427,false,5
4727,0.5402197496873876,0.56,0.5581744014795906,0.6192867600429282,0.6779084287702434,false,5
4728,0.3963739624120635,0.03,0.2995941512588221,0.13806588249641646,0.37579573523377147,false,4
4729,0.32615808635019566,0.01,0.2317100268563045,0.25635360108501254,0.26710113971656513,false,2
4730,0.3986755758997754,0.03,0.2519341258838351,0.17364201044986782,0.3128240552467788,false,3
4731,0.4396146959029863,0.24,0.27848159228282593,0.3151854740750203,0.3720558251011963,false,4
4732,0.3632690803668729,0.36,0.38006883227893096,0.37166447530314073,0.3645190001475665,false,2
4733,0.3610372871217424,0.25,0.4055810560188363,0.39793432237415227,0.2819371538379886,false,1
4734,0.421251558276857,0.24,0.21437599031615637,0.3629136629554717,0.3953987362229852,false,2
4735,0.3921635651130942,0.09,0.3541213427879947,0.24722510407418258,0.3201425475609786,false,3
4736,0.3675471286683575,0.33,0.3795538489587867,0.3379835798714431,0.39106432793227547,false,5
4737,0.5055234726503418,0.8,0.6645256291359565,0.6874983699873147,0.6266419368375107,false,1
4738,0.6365882800576884,0.42,0.6063896836219832,0.5663725194349384,0.59243326299868,false,2
4739,0.2774710878460598,0.0,0.12020642168789922,0.19304421505537445,0.24876018098845923,false,5
4740,0.3567488065666292,0.07,0.359624955331371,0.2665046749676245,0.3201425475609786,false,3
4741,0.3994696991920799,0.06,0.4231284435347919,0.29180757073872576,0.3595949666575105,false,1
4742,0.32358174920951577,0.08,0.28004873594993795,0.2134051453325246,0.3067658305843156,false,4
4743,0.36281470794098564,0.21,0.1585515303152765,0.22048920361900726,0.24390767689322956,false,3
4745,0.3660249183260247,0.02,0.2845112265668049,0.21364252395939778,0.3132040847461321,false,3
4746,0.40751976619651864,0.44,0.27545025838359705,0.3773477317351939,0.41745320330274355,false,2
4747,0.37915277078201465,0.15666666666666668,0.2772155851852769,0.3736231045006945,0.3477132885365813,false,5
4748,0.3825634611263911,0.49,0.38540594645938026,0.4460449049183143,0.3201425475609786,false,3
4750,0.413425196928842,0.16,0.335348063892622,0.3496168899330086,0.3798418820053426,false,2
4751,0.413425196928842,0.16,0.335348063892622,0.3496168899330086,0.3798418820053426,false,2
4756,0.2930063005487053,0.0,0.1422581002787941,0.20783464161047285,0.2531050398860397,false,5
4757,0.41029830418644697,0.11,0.1896828549515315,0.32761179164972754,0.3763204455064691,false,2
4758,0.42901202064344596,0.17,0.20655086302195827,0.2190191757595397,0.25140930513980175,false,3
4759,0.42901202064344596,0.17,0.20655086302195827,0.2190191757595397,0.25140930513980175,false,3
4760,0.6362293084828693,0.55,0.6359432687906491,0.612208905381625,0.6303764053267513,false,5
4761,0.38856257245863757,0.08,0.09943835869995978,0.20723669548165485,0.3113071360182223,false,5
4762,0.29528513959124186,0.23,0.22852007990718964,0.24066534615982435,0.25394371867678345,false,1
4763,0.5836110303802339,0.57,0.7223417478911757,0.6214069859754301,0.6676887316191386,false,2
4764,0.3915476526164476,0.01,0.13531148420224648,0.2395653218303055,0.3121193169993761,false,5
4765,0.38916001965698593,0.04,0.11224970607992878,0.07639053207935467,0.24390767689322956,false,3
4766,0.3762252155204498,0.39,0.2595940384865645,0.4105473047642144,0.3568468544096624,false,1
4767,0.35162274668212384,0.11,0.282197692419686,0.27118110767029646,0.31591537840009654,false,2
4768,0.3408838561993404,0.07,0.057219129762047044,0.06122812367371191,0.20916547341758154,false,4
4770,0.4508528632853527,0.22,0.4015684912133654,0.43291677147437335,0.44711448987276553,false,3
4771,0.35783384885370806,0.07,0.20730188040901235,0.1514616947990751,0.3367694102762403,false,3
4774,0.5569262498277695,0.38,0.6427335178993044,0.4556048069475671,0.6287548746679424,false,4
4775,0.43407340663046784,0.05,0.25030104476652226,0.10733125167316342,0.3333782391489079,false,4
4776,0.3459796114932775,0.03,0.20403767867992842,0.224066686615258,0.27368753743503843,false,5
4777,0.3246238399821262,0.12,0.23594276306447376,0.23114684011999154,0.27111248544007616,false,5
4778,0.38833556916651957,0.0,0.2963686474432058,0.30435653188494094,0.34524800598209077,false,2
4779,0.622875459681351,0.66,0.6935346840320353,0.6361172493259217,0.6509577505556972,false,1
4780,0.3941264765988773,0.1,0.11143045654834102,0.25713032169725486,0.2574041197926329,false,2
4781,0.4242783627445262,0.15,0.21753781918462606,0.2625776259791142,0.3373795411619112,false,2
4782,0.4104339375882846,0.12,0.22264519296934682,0.14064396752198607,0.31668329147901536,false,4
4783,0.772400438395684,0.6,0.6752118795088532,0.6006121181865978,0.7625748936787724,false,4
4784,0.39999192555448776,0.04,0.1863696766069626,0.27284869942798046,0.3211912459176852,false,2
4785,0.5801069384135924,0.45,0.4035694806630461,0.559466664597828,0.5368331651742211,false,4
4787,0.43381957227437423,0.32,0.45215548674335615,0.386411784410707,0.38419125287969563,false,2
4788,0.36422801746592354,0.09,0.23335618097391542,0.16688091984535042,0.35217715517297027,false,3
4789,0.3495325239416572,0.16,0.2689310868699717,0.25630182467095836,0.29280627572572443,false,2
4790,0.39928608363396495,0.15,0.1870122565293805,0.20319752592179063,0.2857308483559182,false,4
4791,0.6041701115493933,0.6,0.6931545173050078,0.6959074155672786,0.6733968675701523,false,1
4792,0.6265998070257986,0.44,0.6756366109736511,0.587548792455683,0.6986444302816411,false,2
4793,0.7443831801349828,0.68,0.7473275192004634,0.7042252171924899,0.7166017339653653,false,2
4794,0.38560461638566434,0.3723809523809523,0.3531319355782092,0.42636139155174013,0.35075036456990927,false,5
4795,0.5525882499462196,0.3925,0.6165417933215073,0.4849291188868989,0.5413537119048805,false,5
4796,0.40486148963710156,0.12,0.10928755620049115,0.28029058296004034,0.3870165599755044,false,2
4797,0.28521588694625616,0.28,0.009174830943299564,0.32693208426974996,0.21021644078787982,false,3
4798,0.3655138059647477,0.3,0.3296394062131586,0.3056007880305486,0.33333919778221216,false,2
4799,0.3480844621924175,0.01,0.1337474402471602,0.0824572457770987,0.2680416567284025,false,4
4800,0.5555946068971291,0.28,0.33737353367834616,0.44458751527251594,0.4435419528622323,false,5
4801,0.5113396399310273,0.31,0.3610860163233334,0.3708801231191351,0.4125658903265785,false,2
4802,0.49812483999367557,0.46,0.48897987982569513,0.5711934683399115,0.5967253019433655,false,3
4803,0.32055678809024196,0.14,0.17989663999450797,0.2045293154689063,0.2418047079125715,false,1
4804,0.6127516341203697,0.37,0.29260585877161066,0.5021336540171446,0.5377687077006227,false,3
4805,0.3675363150121232,0.32,0.24395445610284772,0.3350117619290834,0.39358223158604455,false,2
4806,0.43663763329372496,0.23,0.27103067188720775,0.4246795329915393,0.49354366784080705,false,2
4807,0.33691641172748665,0.07,0.17283067051204812,0.22890308161469808,0.31785938124046087,false,1
4808,0.36372050943963075,0.01,0.29557189716199256,0.06493334212750783,0.32564217242682797,false,4
4809,0.3978383788506248,0.29,0.22704093331571903,0.3673635858416956,0.30340361682836575,false,4
4810,0.43617793018906253,0.23,0.30799942310460127,0.28472190288734917,0.4692805671955948,false,4
4811,0.3528032972919131,0.14,0.3161433610493985,0.31868543474989997,0.3312870606622136,false,1
4812,0.33287935104485983,0.29,0.19530118851068756,0.3591954378558949,0.28955061834296647,false,1
4814,0.37654372171104245,0.09,0.44607026536291833,0.3475801203417113,0.4168249437862872,false,2
4815,0.3786317509797977,0.18,0.3732032692821088,0.3709256435850039,0.41594052312234847,false,2
4819,0.46047771207966826,0.21,0.23414615114124646,0.35224836124240894,0.40104809701213556,false,1
4820,0.3349676363673473,0.22,0.2549181073583025,0.3592066916191039,0.40795747350159356,false,1
4821,0.33260868700737223,0.07,0.31532632508050806,0.33479977352368884,0.3032111210586711,false,3
4822,0.33260868700737223,0.07,0.31532632508050806,0.33479977352368884,0.3032111210586711,false,3
4823,0.43653220762216466,0.2,0.3493397634234646,0.3577657388253956,0.3511651539081774,false,1
4824,0.3594585964523061,0.06,0.16157088380091808,0.21226092511738753,0.22686619273091752,false,2
4825,0.3782604690175285,0.26,0.30203916944313297,0.39629130515724326,0.4303360863668476,false,5
4827,0.4352183863508233,0.16,0.17908307180798097,0.17610267084996192,0.4313680285535667,false,4
4829,0.3113008820283428,0.4259047619047619,0.1940297393336403,0.2472615843696311,0.25312877548647084,false,2
4832,0.3404233946329856,0.21,0.31469983429833576,0.22808377413673697,0.23752335586465465,false,5
4833,0.491567070213936,0.49,0.5473387747117345,0.5528010675951508,0.4989893723808868,false,1
4834,0.6971462200629407,0.62,0.7774226127502905,0.7370413803196577,0.7415515931781439,false,3
4835,0.40042363505545725,0.18,0.2597755974816754,0.2749910744659428,0.35568734350268405,false,3
4836,0.5595434245099203,0.29,0.38071728224268786,0.45470692700945636,0.5433515934364919,false,3
4837,0.4622197066480507,0.4,0.45494728831829895,0.46079606538216356,0.45646772367619387,false,2
4838,0.44366665865835986,0.41,0.4078221568733705,0.410946245626993,0.45591817049403527,false,4
4839,0.33995753737057727,0.09,0.21815371188937221,0.2483223263370349,0.28700022537547437,false,5
4840,0.4111968678700142,0.27,0.49086339157031555,0.43199016711724364,0.5021424326089803,false,5
4841,0.45481022792243103,0.1,0.2765565186307796,0.2094347113978746,0.4497174838851611,false,4
4843,0.23965800236735274,0.055,0.23461237483289865,0.22723743766997245,0.2623421396842247,false,1
4844,0.31889522747248505,0.11,0.19951559926630158,0.2292896778131318,0.2579323988545731,false,5
4845,0.46933767119603126,0.22,0.5578914306989102,0.37033249702522963,0.46048763509300744,false,3
4847,0.35692797480464655,0.21,0.1764742189896256,0.22955118568222285,0.27591952358244526,false,4
4848,0.4677989941350924,0.35,0.16416324586571995,0.3838335415122374,0.3803686293012123,false,4
4849,0.5714987569114774,0.41,0.6344937975712052,0.4533250072521493,0.5977047733160594,false,2
4850,0.2580077917651952,0.37549999999999994,0.5304483459455309,0.42823220538906326,0.42666581960006505,false,1
4851,0.39850302026377354,0.28,0.5161387321683285,0.4564536792726729,0.49579132080436333,false,3
4853,0.37311011643383984,0.57,0.4287133450803973,0.41552084090166985,0.4269951530195553,false,2
4854,0.3208262235966957,0.39,0.3463524045415281,0.257981183269703,0.3170661588151868,false,5
4855,0.2941572976891324,0.19,0.1672559549729836,0.30457458968438644,0.27956517480718995,false,3
4857,0.3189181015499204,0.11,0.21292073654993102,0.18973058786177904,0.2479758192216523,false,3
4858,0.2594486375594003,0.12,0.18607774695382304,0.14069340373249042,0.2707983023392966,false,4
4859,0.33511254121401746,0.05,0.1430860614133612,0.19672081690024232,0.23416471413955545,false,2
4860,0.26133656673336786,0.0625,0.1268031269574867,0.09072724278645332,0.23874284212974617,false,4
4861,0.2906492513409637,0.15,0.3829264546823693,0.2148337008684437,0.2657121946778087,false,1
4862,0.31638663932768524,0.2,0.14747963173334777,0.298832105044969,0.28298523301274775,false,4
4864,0.3427110620040646,0.45,0.27513760370804613,0.40385588241542403,0.31139692961965465,false,2
4865,0.4868407462669359,0.27,0.43154048674584106,0.38951016579825976,0.5001705339811373,false,4
4866,0.43054303433904384,0.24,0.3826419126233487,0.4135218430836926,0.4245361980190166,false,2
4867,0.4318914894582329,0.64,0.5620904666334409,0.569426167803599,0.5124719739979118,false,5
4868,0.47172672426662854,0.2,0.3105748652171682,0.44000897743137407,0.49573323034124295,false,1
4869,0.4865445848507924,0.36,0.3477963376343514,0.441056112329565,0.46182924303358625,false,1
4870,0.6776825428989748,0.55,0.4531789335493842,0.6907187184204067,0.671072147999868,false,2
4871,0.5732582479556431,0.56,0.8258624353796599,0.6763031970094262,0.675268850025569,false,3
4872,0.5389292701561356,0.21,0.12852738328683175,0.42237677198155354,0.5216470941775299,false,5
4873,0.4042365941440473,0.38,0.26227270689769583,0.3834643023223332,0.28167588960420764,false,4
4874,0.28858494596668893,0.05,0.16913896131487952,0.13921342895879343,0.24839343157145313,false,4
4875,0.28858494596668893,0.05,0.16913896131487952,0.13921342895879343,0.24839343157145313,false,4
4876,0.3009903049785549,0.27,0.21366908369432927,0.2203232311319046,0.2274323627647127,false,5
4877,0.3691782404805472,0.13,0.21844183881767304,0.26160292290564047,0.2964649769919971,false,2
4878,0.4243038324122163,0.23,0.24186730000786857,0.2972040467450071,0.35185787965983095,false,3
4879,0.41665782926788003,0.25,0.14728430857636562,0.32095533799057696,0.3333644006637987,false,2
4880,0.45215854564338553,0.21,0.36543407581085435,0.35052632581829796,0.4315780555195085,false,5
4881,0.36731093065056575,0.33,0.32659731073548415,0.38518767154920414,0.3427000984709424,false,1
4882,0.3699252595275671,0.23,0.13827991987130464,0.2510230789852832,0.25728634844201576,false,2
4883,0.25262079325256853,0.3521666666666667,0.35198733268127813,0.3880040710618923,0.29016688504681887,false,3
4884,0.3124656075495982,0.1,0.13347790462772605,0.22438118525326486,0.23545565419551145,false,2
4885,0.35821733855597293,0.11,0.2106462164566603,0.19295069073759624,0.23705006523823358,false,3
4886,0.34006299390731515,0.16,0.16086255514952777,0.23955176412072496,0.2635937793952986,false,5
4887,0.3124656075495982,0.1,0.13347790462772605,0.22438118525326486,0.23545565419551145,false,2
4888,0.35821733855597293,0.11,0.2106462164566603,0.19295069073759624,0.23705006523823358,false,3
4889,0.34006299390731515,0.16,0.16086255514952777,0.23955176412072496,0.2635937793952986,false,5
4890,0.4581309160059152,0.3,0.38743912301067546,0.45973221012913407,0.4099388219658266,false,2
4891,0.3524806622211865,0.11,0.18158550334479434,0.2457109054187418,0.2491441301155706,false,2
4892,0.28050962085739034,0.22,0.08186468400713248,0.2526498556448348,0.23453173954121972,false,1
4893,0.36085938783229177,0.39,0.1647194392147695,0.3184503064750157,0.35338294325026454,false,2
4894,0.3907045473268286,0.33,0.19073223639894019,0.40901233901404166,0.34494491685950374,false,4
4895,0.49119294251712853,0.29,0.12814220757896477,0.2836626117492321,0.3800361401402844,false,4
4896,0.514289320543104,0.17,0.22830291291361648,0.2719701081514752,0.36491880302840346,false,3
4897,0.4682882636110627,0.23,0.22654562691411262,0.3503074553859763,0.32351273362493915,false,5
4898,0.4466918494713114,0.36,0.4021062119911626,0.40680817594356017,0.43160177852727327,false,1
4899,0.30049137160710504,0.35,0.3939229423788823,0.3572515916836686,0.3305865778518486,false,2
4900,0.4189948458977365,0.14,0.08537613890978787,0.16969313896903748,0.28983902672143247,false,1
4902,0.561900619280285,0.35,0.39256648790875914,0.5520044956802466,0.667879729430561,false,5
4903,0.3639748321759988,0.14,0.06381202521686707,0.2950936566185715,0.3423430307643406,false,2
4904,0.4354412885467906,0.26,0.518838164838721,0.43433391602735283,0.5038225741564087,false,5
4905,0.39807765043117727,0.29,0.3192603078953824,0.37309906967878065,0.38903960024471745,false,5
4906,0.3838830027823314,0.3,0.44414862358894025,0.34658534004182273,0.3232247686854714,false,4
4907,0.6030331755063667,0.3275,0.5841358451750482,0.5151412219104824,0.5640092730880554,false,2
4908,0.38158729890504334,0.22,0.3374664104174964,0.3699179777013367,0.44342921134727514,false,2
4909,0.4284565212011867,0.32,0.49490974603270527,0.4368061539202508,0.47163658413396836,false,1
4911,0.36467211431192037,0.07,0.1457878665448147,0.07655975723622782,0.22494326647694293,false,4
4912,0.3637688976453909,0.12,0.1985013894882224,0.15288181090643244,0.24286485380655928,false,3
4913,0.3525116439334264,0.19,0.1528066281700754,0.3241286976519078,0.40396434481228793,false,1
4916,0.370920697021366,0.51,0.46292847439714757,0.38672902693711514,0.24386318732729506,false,4
4917,0.4595527740421676,0.1,0.33454690661081177,0.35855373110188155,0.4252630762203954,false,3
4918,0.41666300519004706,0.14,0.18161556062948483,0.3840233424015345,0.411319957120641,false,2
4919,0.4713940939887341,0.3,0.18571976411213742,0.33816334407605786,0.4636689363026012,false,2
4920,0.46444425581104015,0.35,0.36194630091433433,0.3731020505766089,0.4800358877358799,false,4
4921,0.39679662503590946,0.56,0.5764290813653988,0.40001114681737754,0.42195255707129653,false,5
4922,0.21909868293068713,0.01,0.03568482489202625,0.02836336625881835,0.22056384121653513,false,3
4923,0.3792788565224885,0.2,0.20867230815668822,0.2627552189400841,0.24923043147217494,false,2
4924,0.3715037885822293,0.06,0.27853388183784356,0.21483589409673012,0.31960094556032803,false,4
4927,0.29371416991888943,0.02,0.06070613482182484,0.1266143397942204,0.19662052590433854,false,5
4928,0.40739398794176146,0.33,0.30214692141410615,0.36607707655000354,0.31189620929470185,false,4
4929,0.3091873342602365,0.31,0.2379221067270878,0.2587241621873877,0.2843521998010825,false,5
4930,0.4438185316009962,0.05,0.10469477071753548,0.1869711552417707,0.3174898254495152,false,3
4931,0.2636641208593533,0.48,0.3958183128835234,0.4542338641589786,0.29016688504681887,false,3
4932,0.3268250386945019,0.02,0.20783344445677562,0.25850761457460925,0.2822241741187201,false,2
4936,0.4352608634956054,0.08,0.30092521032113856,0.1518814164765403,0.45038894406670277,false,4
4937,0.336386518291225,0.32,0.4002945184519756,0.3725607681514852,0.3518428714674935,false,4
4938,0.3892570566658797,0.34,0.3668533458283087,0.3708582700914414,0.38001880080563116,false,2
4939,0.45582162655762704,0.14,0.24447537231846161,0.2770686168012972,0.35468355482574915,false,1
4940,0.41221073696078875,0.1,0.21964132708811546,0.17225833330773047,0.2349144291460239,false,3
4941,0.3271688917966605,0.05,0.2543804373644293,0.27017876008218433,0.28733418125740684,false,5
4942,0.4689427177672116,0.14,0.219348848535308,0.21656893493017154,0.3024940319341785,false,4
4943,0.33063824323394114,0.0,0.24120192468589802,0.21033443734499968,0.30385120394720366,false,1
4945,0.4595527740421676,0.1,0.33454690661081177,0.35855373110188155,0.4252630762203954,false,3
4946,0.4355363290598404,0.12,0.2608094512372064,0.2368950095613021,0.29624613625260154,false,4
4947,0.4612933980743336,0.21,0.4378564281728216,0.34274047994266105,0.44589940178488524,false,3
4948,0.6625029614208203,0.3,0.5228858446879727,0.623889882730502,0.6694416046125953,false,1
4949,0.32811108620395535,0.14,0.15489025302823936,0.1467991162807542,0.23589200299142793,false,3
4951,0.37484538981275356,0.37,0.3130992794239771,0.23341495750627986,0.2948686872244082,false,1
4952,0.36007937186334543,0.025,0.29029719051620007,0.25745158899999593,0.3247428124899843,false,1
4953,0.36312708835714874,0.34,0.514764158180217,0.34809035735874566,0.3744436049931437,false,5
4954,0.627272206800542,0.2,0.4604859165560806,0.44388083719218946,0.6133023312353548,false,4
4955,0.5260555613082838,0.47,0.5421377335814278,0.5843204976983302,0.6267323930228692,false,2
4956,0.36749663251540604,0.19,0.2662458512232906,0.24574830367410694,0.24649092908524567,false,5
4957,0.369684999928432,0.09,0.2453900962045696,0.26464911028236004,0.34594355840083646,false,1
4959,0.29026556051503655,0.12,0.31478695079452057,0.19395169284117766,0.22553384782557015,false,5
4960,0.36749663251540604,0.19,0.2662458512232906,0.24574830367410694,0.24649092908524567,false,5
4962,0.35847348396024686,0.17,0.3578119864780947,0.3174936249627286,0.36201997256281054,false,5
4963,0.31076072598808724,0.1,0.18936242624211966,0.20848923753354398,0.2613084561496015,false,5
4964,0.5058581069249463,0.31,0.2538218265011208,0.4788906017428401,0.42298110962555646,false,2
4965,0.3867378916498719,0.22,0.37367980685664276,0.24276571386285845,0.3204484742289573,false,4
4967,0.37506240296609694,0.35,0.5503051061241756,0.4243042603021432,0.48133014052616946,false,4
4971,0.49277867662773545,0.315,0.3045164804995104,0.4043249208848727,0.48253136245196754,false,5
4972,0.5070789979967562,0.22,0.24820428688676582,0.3778862015491083,0.36304938622166383,false,3
4973,0.7371158943128416,0.42,0.7672487065699156,0.664855153284134,0.6727177274718107,false,2
4974,0.42467250448204247,0.25,0.32856874990133855,0.3678605950905612,0.37708133321369347,false,5
4976,0.8019525059902609,0.67,0.6452018126707274,0.7643355044521749,0.7941743105041862,false,1
4977,0.617127511375599,0.54,0.6115007619246564,0.6271145323935435,0.6585589789118576,false,3
4978,0.9438084381007219,0.84,0.8980502745444023,0.8109827554906504,0.8078109222475488,false,2
4979,0.4927187744830708,0.7,0.6409330999059025,0.6537425644837986,0.5933214963209441,false,3
4980,0.7652917669985365,0.42,0.6390408469749097,0.6821482124916881,0.7681480750867614,false,1
4981,0.4114725141831123,0.19,0.3152262484148758,0.31396981100447535,0.39499013279547496,false,1
4982,0.6141141823627018,0.31,0.6190254469738805,0.53912148330732,0.632304227678042,false,3
4983,0.4962727500474124,0.51,0.34629129768305844,0.5229327502960945,0.525679574760449,false,2
4984,0.3847673995995654,0.3,0.42053773623305385,0.4176154490074133,0.4190261968247626,false,3
4985,0.8715291385673851,0.96,0.8552056539188813,0.8875057275450017,0.7982837434659694,false,1
4986,0.5358141446954132,0.28,0.6387923848426955,0.42626323354148427,0.6382635834219453,false,4
4987,0.2659207254134783,0.01,0.20332428267140593,0.23222816349252415,0.24876018098845923,false,5
4988,0.336909360181743,0.09,0.1966841525149027,0.24998157558357367,0.2861516269800498,false,1
4989,0.30811773103346896,0.0,0.18650023097190113,0.2174511079635691,0.26568439790005943,false,1
4991,0.5163775703570848,0.76,0.53048170786192,0.6067352854593498,0.5863897938507797,false,1
4992,0.9571298878504493,0.84,0.9063745689170488,0.7732951411526497,0.8455912381916194,false,5
4993,0.5674178563025066,0.34,0.35167157371707,0.37220625773005805,0.554800795730009,false,4
4995,0.3913868438801673,0.37,0.35560462674334536,0.42704726960431827,0.37579573523377147,false,4
4996,0.4527531964327329,0.84,0.7223439134103273,0.6593606509740703,0.6282004122281886,false,1
4997,0.37337227222130187,0.15,0.26527774881278815,0.27032215357974665,0.3494854701224744,false,1
4998,0.42821187612354283,0.13,0.21641838828244125,0.17129275206105882,0.33031057537446007,false,4
5000,0.5831674480193517,0.77,0.6190254469738805,0.6423440264085362,0.632304227678042,false,3
5001,0.6083696823375447,0.33,0.6774249100365657,0.6361313677380749,0.6525790615524268,false,5
5003,0.6997747760801614,0.23,0.5253469076854304,0.6336163805491016,0.6772013521387831,false,1
5004,0.7405497225758217,0.11,0.4060261894280778,0.5793072400547821,0.7008173082452869,false,2
5005,0.7437163453102668,0.11,0.4060261894280778,0.5793072400547821,0.7008173082452869,false,2
5007,0.6665187462004541,0.37,0.7393776980155364,0.7191906685246579,0.7096675168007803,false,3
5008,0.6673686722286715,0.14,0.7074854633789951,0.6285314749755124,0.7037731809063849,false,1
5009,0.6665187462004541,0.37,0.7393776980155364,0.7191906685246579,0.7096675168007803,false,3
5011,0.5968171458065578,0.34,0.6428670190088863,0.6374032607819732,0.6108050637507862,false,1
5012,0.6997747760801614,0.23,0.5253469076854304,0.6336163805491016,0.6772013521387831,false,1
5013,0.7521486550580008,0.04,0.4449531364018538,0.3443199127202796,0.6941149963773905,false,4
5014,0.7224809544925688,0.65,0.733282089631511,0.595160678820901,0.6723093630558447,false,3
5015,0.4862843760205235,0.83,0.5419784866224127,0.6342291908333518,0.5848754710555074,false,1
5016,0.48181458995445486,0.8283333333333335,0.6032151889289994,0.653884583833497,0.6149207255624943,false,4
5017,0.8030794040363094,0.81,0.7680450776786549,0.6319511595026013,0.6948400332539346,false,3
5018,0.7496428200693441,0.4,0.6727201665700917,0.6024820928241591,0.7017131178945024,false,4
5019,0.789997088006264,0.89,0.8373747778429086,0.8440959122956646,0.7715670191109248,false,1
5020,0.9930153350771471,0.3,0.5479114551142139,0.4868035875625341,0.6767528764446792,false,5
5022,0.5946959303650693,0.2,0.5425933584508214,0.3295384546384951,0.6887523509382655,false,4
5023,0.6529084493714132,0.98,0.8914885249844704,0.8878871930106266,0.8036066300374031,false,5
5024,0.3074603836631611,0.01,0.27466361684583834,0.226700754679417,0.2916186253312958,false,3
5025,0.6070956639982287,0.22,0.4509732898630008,0.5200969627975381,0.6938399678284239,false,1
5026,0.5851158769192423,0.26,0.3208144121923096,0.5867339510612379,0.7259264677306498,false,2
5028,0.7297876205668488,0.76,0.8152787941870849,0.8524778166006108,0.7648612248460145,false,4
5029,0.47128457174991834,0.2,0.23828690919228368,0.40895663209745514,0.41673880265053337,false,2
5030,0.44423643876343855,0.17,0.23242756736974787,0.3726799268676151,0.3847624628469989,false,5
5031,0.2902707164281674,0.55,0.5347744633534197,0.5565803233820125,0.4737128758501554,false,3
5032,0.4497463598211285,0.24,0.4408989729529524,0.40700939603768016,0.4651567119026582,false,2
5033,0.561454153274708,0.11,0.6093303023515058,0.5454765013597246,0.6213632087925586,false,2
5034,0.433010156249393,0.12,0.3960558043028682,0.3417219570040123,0.4657138378138241,false,4
5035,0.4846359661484179,0.25,0.6790664285397026,0.6510397011447893,0.6207856716954604,false,1
5036,0.47704563303225933,0.23,0.5851802249498113,0.5452100547391161,0.5697731419340859,false,5
5037,0.4537020491399612,0.25,0.3808145941085434,0.3882361667941201,0.45081775324563933,false,1
5038,0.5205258230993078,0.08,0.5117142786678321,0.4799454864262436,0.5907879142193434,false,5
5039,0.433010156249393,0.12,0.3960558043028682,0.3417219570040123,0.4657138378138241,false,4
5040,0.49034382819146005,0.23,0.5820545905191281,0.5095824856133756,0.5328399981458584,false,5
5041,0.5032798397928239,0.21,0.6268418748100358,0.5889269998919991,0.6105820859550412,false,4
5042,0.30841610608134734,0.1175,0.2814047109093088,0.28816331017175445,0.30162153712526774,false,5
5043,0.3451854836277373,0.09,0.2752931983180385,0.2612996506790785,0.29122680562266406,false,3
5045,0.42834526691877783,0.24,0.48357198723191663,0.3016344758174899,0.4574410566995057,false,4
5048,0.3144628963765425,0.12,0.05043112384197865,0.09972498090145149,0.19817488530971794,false,4
5049,0.43367585883791937,0.23,0.1259932498638261,0.316896296102495,0.2584839340681525,false,2
5050,0.4688432340562567,0.23,0.3685163742499561,0.46997270985603756,0.5009827806132962,false,2
5051,0.3975078570584102,0.25,0.4021988332993688,0.35026316546471553,0.3594847870699026,false,3
5052,0.4129353395255545,0.11,0.08474281602490963,0.056208616546851824,0.21031889144406196,false,4
5053,0.5865627344973352,0.43,0.24395827477150625,0.41237964361625307,0.42011842012908773,false,1
5054,0.3705144399414593,0.21,0.24222499496507177,0.25883824922711524,0.3601757529708101,false,2
5055,0.2864205940483153,0.1,0.08916538133319245,0.07458122433122433,0.18069553643924285,false,4
5058,0.5386268403398523,0.44,0.3883313469586294,0.4645882396814284,0.5577486402014254,false,4
5059,0.33028643021977633,0.13,0.4480652964367343,0.2803330706780434,0.33932171883503187,false,2
5061,0.364449299731586,0.0,0.05934677136218796,0.056420813105023636,0.21563610527844437,false,4
5062,0.5634121936883922,0.4,0.3074055200942716,0.5857227030457397,0.6480934835593591,false,2
5063,0.39819501810072483,0.115,0.4315462460851246,0.3068154215280763,0.3729211213603562,false,4
5065,0.4260299822076963,0.4,0.4218135123654032,0.40381645719784764,0.48492607971570184,false,4
5066,0.372738421523394,0.11,0.11572683337725398,0.2859939586427081,0.2703067600682203,false,1
5069,0.4349365210375166,0.04,0.11529690315113414,0.07902951932828092,0.25501670991239866,false,4
5070,0.3861160701859699,0.225,0.4526264329233436,0.3349607534101046,0.40039857989198413,false,3
5071,0.3623305488474523,0.11,0.14115156150056712,0.1394306840978752,0.29679886036759423,false,4
5072,0.369291509414709,0.03,0.14756219625575212,0.20784978839980398,0.21917141360444825,false,2
5076,0.408250979940831,0.03,0.3036878269970394,0.31098662064338306,0.35039187976562647,false,2
5078,0.408250979940831,0.03,0.3036878269970394,0.31098662064338306,0.35039187976562647,false,2
5079,0.4051645138658148,0.0225,0.379933625405517,0.25155028841742366,0.4190261968247626,false,3
5080,0.4051645138658148,0.0225,0.379933625405517,0.25155028841742366,0.4190261968247626,false,3
5081,0.3507793054797311,0.0,0.21822522946420406,0.22804222099530055,0.27660090579389746,false,5
5083,0.546807088362238,0.58,0.7013216977635205,0.6513334136289637,0.6216274247400952,false,1
5084,0.341130362097593,0.17,0.2388939967594833,0.3376635602304819,0.30679956271804937,false,2
5085,0.357143938907327,0.19,0.40200540956409236,0.28133055186557515,0.30169614426973335,false,4
5087,0.36624281376577467,0.03,0.22038337179470258,0.2668218134890044,0.37194468740512737,false,1
5088,0.33670328256345394,0.12,0.34853179007522955,0.3075005549521821,0.33652987734993073,false,4
5090,0.3285930118736045,0.09,0.1932146648113587,0.2181890550726719,0.2923508704011381,false,5
5091,0.43403718103884226,0.26,0.2542540288283568,0.45725834988294717,0.4528812914481394,false,1
5092,0.33184311230236024,0.26666666666666666,0.21574420909396522,0.2720860572773726,0.2622639311897169,false,3
5093,0.35321841507151575,0.09,0.349633431447706,0.21181591929944865,0.35623902981265315,false,3
5094,0.3702239581704778,0.06,0.13744706840411255,0.23509351237333223,0.3449188191855163,false,3
5095,0.33114781818087796,0.16,0.2449495589520678,0.25709973568568917,0.321644041750331,false,5
5098,0.375367676577491,0.16,0.14824821993345133,0.22169155785823552,0.2525120546101793,false,1
5099,0.32397435797772717,0.19,0.45200497625020253,0.3216105704197414,0.33179133698278873,false,1
5103,0.2958091502657891,0.03,0.1082405023366106,0.029664004124530442,0.1669767958846236,false,4
5104,0.4283250224241761,0.31,0.4269515833969687,0.4377470476212678,0.46594574340322453,false,2
5105,0.4248509424733369,0.1,0.24292765301572367,0.3470241233803467,0.3901943489109615,false,5
5106,0.3961816529045609,0.3,0.42300735388384286,0.3151491826719386,0.3698891483567204,false,5
5108,0.47767986193144435,0.4,0.32470596585971867,0.396273578425789,0.4322844522853527,false,5
5110,0.37042978028523277,0.3,0.3115699521245013,0.3431423646757083,0.3559187329331111,false,2
5113,0.40633372654902533,0.36,0.4092559447918945,0.4408465117144312,0.3978494480686713,false,4
5114,0.40633372654902533,0.36,0.4092559447918945,0.4408465117144312,0.3978494480686713,false,4
5115,0.3058339817625361,0.07,0.05098399294494013,0.1704010366648732,0.22316388941132143,false,5
5116,0.5889628685038314,0.35,0.10870715150713108,0.4054472124727304,0.46236831756572916,false,4
5120,0.4040204610081353,0.04,0.15982044802250214,0.3188530974909527,0.3455632775923007,false,1
5122,0.5122331603767929,0.28,0.08890863142666718,0.30319310602464705,0.35813253307020076,false,3
5123,0.41660874815315213,0.12,0.20800294180278542,0.1406779757003487,0.34939801701610257,false,3
5124,0.4228795933155502,0.15,0.04967965450998393,0.2209523652007151,0.22904514027568643,false,2
5126,0.4012459743813843,0.11,0.1277398936946128,0.1356532234223422,0.22589569380867786,false,3
5128,0.30271449676170176,0.17,0.3179425887270103,0.2195767991280478,0.2904646642124203,false,1
5130,0.33918782350717874,0.61,0.3762847980512696,0.33628182583077126,0.3361057523090513,false,2
5131,0.5876687244455759,0.33,0.29481321473846767,0.271558579315907,0.5553768045589021,false,4
5133,0.3194928230396556,0.02,0.26185725955256983,0.1813365573993077,0.2916186253312958,false,3
5134,0.33860076608693923,0.08,0.16900897266681733,0.2999726853284532,0.30787736112077146,false,4
5135,0.42824681321234537,0.43,0.5626211040963691,0.49657569514012495,0.5248270301700022,false,4
5136,0.451092479579715,0.2,0.38998028222007813,0.33697981510432196,0.4502405524980631,false,3
5137,0.36620571708223537,0.39,0.37419765793731447,0.4122622598846855,0.3638039443944652,false,2
5138,0.38916001965698593,0.04,0.11224970607992878,0.07639053207935467,0.24390767689322956,false,3
5139,0.32358174920951577,0.08,0.28004873594993795,0.2134051453325246,0.3067658305843156,false,4
5140,0.32429237663110905,0.96,0.48929326924831906,0.37290994538230615,0.2861561897242459,false,5
5141,0.4458630190855074,0.32,0.5855371639108496,0.5594340127358047,0.5174745395612192,false,4
5142,0.39248468369576905,0.15,0.15709567860124352,0.21222150615102428,0.2392111109056473,false,1
5143,0.3668004391175928,0.12,0.4795855327146464,0.5103414877327577,0.3454508587520583,false,4
5144,0.422427318654118,0.33,0.41024047963155175,0.4553785093117198,0.399231197709263,false,1
5145,0.28202752439081075,0.0,0.09867993332020263,0.19065910318779938,0.23260911483609525,false,5
5146,0.35661244377442175,0.05,0.23378207639024048,0.3102758756413667,0.31633034782499864,false,5
5147,0.5470685838523087,0.22,0.5584002564003175,0.662995768571731,0.6476408597086258,false,1
5148,0.42303296221899184,0.28,0.2293505403584763,0.3922655818252953,0.4641646246496916,false,4
5149,0.4151958766864141,0.19,0.4764154553758686,0.24934804613171488,0.30885580198266077,false,4
5151,0.3400570161794307,0.11,0.07548121021718607,0.13269012343006145,0.20400567010506596,false,3
5152,0.33469948581813336,0.01,0.07048456488271995,0.13685174709919726,0.2083313272920046,false,1
5155,0.4207246637959847,0.22,0.44165234343679205,0.3198303960359476,0.42220150848349974,false,3
5156,0.34833518922744,0.28,0.3835294223455838,0.2846587249658231,0.3377253082324261,false,3
5160,0.7225989688761939,0.1,0.05702322774497202,0.18336301863040963,0.2787773378927577,false,1
5161,0.40179915985746195,0.25,0.41194651941978805,0.33890181933785,0.3555273527330816,false,5
5162,0.41018617440151117,0.28,0.3352722406104463,0.3016307454839324,0.3388712014304015,false,4
5163,0.40038172177359416,0.23,0.3169694768707745,0.3572372521493184,0.3856589224045391,false,3
5164,0.4043525652704435,0.3,0.39719630271091433,0.4402488505792623,0.4101941174295131,false,1
5165,0.40787675739942564,0.12,0.2986061857890803,0.35880471091771965,0.3571971560333746,false,2
5166,0.4003461365936136,0.39,0.3663075967545278,0.40484149957883253,0.39211719339173084,false,1
5167,0.4053345312191449,0.21,0.33391047211810115,0.3303087293387654,0.33280255953578597,false,5
5171,0.3817473054059963,0.09666666666666666,0.25873460021765066,0.3534755879934171,0.3265325097054966,false,5
5173,0.21139488753974636,0.09,0.07433945877515351,0.1571569157110786,0.21355520697810373,false,3
5179,0.5063081590631069,0.34,0.32566585514472784,0.35943607504286573,0.39238695652703764,false,1
5180,0.3837667877590325,0.2,0.323616987474948,0.27647486136394267,0.3178758888264396,false,3
5181,0.3649454670557701,0.2,0.24861941621146286,0.23575737208155614,0.2614699550842962,false,5
5182,0.3521916832618096,0.13,0.13998110064587627,0.1853565168706423,0.2430713403481039,false,4
5183,0.4072644521642491,0.38,0.556543022748637,0.4749894697245019,0.5241811933699992,false,1
5184,0.32785396640240544,0.1,0.18691035017687294,0.27499292717074864,0.33281769915731463,false,5
5185,0.5007508439582068,0.34,0.3272927571581527,0.5058895993044834,0.49288178189849235,false,5
5186,0.43487746374564357,0.31,0.3449723234013454,0.43382464141148025,0.425758939386642,false,5
5187,0.5330377685943437,0.35,0.20549850113221454,0.39025950469347703,0.4671523471487383,false,4
5188,0.609692757240756,0.36,0.5761388044480342,0.6426185729513153,0.6380835885661794,false,1
5189,0.3337945324161668,0.26,0.25547583286775094,0.3092005134911808,0.3098525943960485,false,1
5192,0.5412438611538873,0.35,0.6592824737692855,0.47123886434666007,0.5682287758160699,false,3
5193,0.38407037412596196,0.14,0.21452081857259944,0.14074845453485188,0.2725368681436053,false,4
5195,0.3573975470860037,0.02,0.13513852808366872,0.06540767741890031,0.2514696545661968,false,4
5196,0.5830025698473602,0.32,0.4217546988222726,0.4190428982887742,0.44175683946704947,false,3
5199,0.332214352779638,0.25,0.2752931983180385,0.337672233920277,0.29122680562266406,false,3
5200,0.5239117877751306,0.36,0.3877183353153814,0.40242281132205404,0.5111482384106572,false,3
5201,0.3740641214715856,0.37,0.5746130664743953,0.35725569130795504,0.3978317668138454,false,2
5206,0.3298241566032878,0.03,0.18337745958960727,0.2142479157285141,0.24876871293616473,false,5
5207,0.4248591403151637,0.09,0.20975113051333613,0.20542101721970304,0.23199447776978394,false,3
5213,0.33194989048682944,0.12,0.1292387762839424,0.23606616329030486,0.3173020490846476,false,5
5214,0.3883782837710317,0.245,0.379933625405517,0.321560693436048,0.4190261968247626,false,3
5215,0.418826289093858,0.17,0.21217470052432574,0.3252526806600804,0.3470351438231797,false,2
5216,0.6018825532389149,0.58,0.4677416117815052,0.6693568695952359,0.6863252767620304,false,2
5219,0.3385214747670289,0.09,0.19228222774900064,0.2201897596858127,0.2379281914971099,false,2
5221,0.40072311690656837,0.23,0.1542876945979651,0.24496395028625692,0.24470301219885085,false,5
5222,0.341130362097593,0.17,0.2388939967594833,0.3376635602304819,0.30679956271804937,false,2
5223,0.3709812509535698,0.3,0.3661460134424805,0.4115770849923361,0.42888173148700115,false,2
5224,0.3510361887808847,0.07,0.11090852084378103,0.25290185651723646,0.2481352220266984,false,2
5225,0.3424023694796158,0.08,0.23156547537939742,0.34566192842385424,0.3634862141911546,false,1
5227,0.34504426593854437,0.06,0.09800207600987376,0.18250724914661606,0.2475839541697243,false,5
5243,0.35742578641279277,0.32,0.3385391778256394,0.31004762967130883,0.35148447331340593,false,4
5244,0.4211056234845779,0.14,0.3257091891122364,0.17971116655824673,0.3167295426645442,false,4
5245,0.36924678312830844,0.11,0.16098230778261263,0.24703195441786946,0.31468612917872674,false,4
5247,0.6029551742535382,0.43,0.6492325522178007,0.48246555092367793,0.6039396785018708,false,4
5249,0.5453323831490967,0.48,0.403892104537898,0.5356038991440605,0.6208211135664605,false,3
5252,0.36924678312830844,0.11,0.16098230778261263,0.24703195441786946,0.31468612917872674,false,4
5255,0.2951333956746394,0.32,0.2099817725993173,0.2211735970303891,0.2495756839274194,false,5
5256,0.43952205605546374,0.435,0.7693919399051834,0.4431873021977926,0.5162598646253576,false,5
5257,0.32282328249162984,0.03,0.284980747755428,0.24973799043802067,0.2889304250605816,false,5
5258,0.2998847688035206,0.0,0.19356272632986482,0.1989937283593028,0.2740087838192688,false,5
5259,0.39983346416405496,0.17,0.19976592396435475,0.29876436548416874,0.3351975820987223,false,2
5260,0.35996980138762497,0.39,0.26049973461648407,0.31254452775379693,0.39148324225466774,false,2
5261,0.3462991290285603,0.27,0.18167377308332025,0.2838262471853957,0.3305411685652108,false,3
5262,0.37562987024018074,0.18,0.43030860735302484,0.3521858415407597,0.39795179021856586,false,2
5263,0.36220380489852083,0.18,0.18052132862487874,0.3087512564223008,0.3156707169707844,false,2
5264,0.5434640252794403,0.34,0.7196806351663475,0.4553227146176837,0.5753794625344796,false,4
5265,0.43117419632732673,0.2,0.4194033059123123,0.330253722642447,0.4348090922954014,false,1
5266,0.3735040873620551,0.23,0.3309359505523141,0.3819245065720025,0.43241952255283284,false,3
5267,0.4248509424733369,0.1,0.24292765301572367,0.3470241233803467,0.3901943489109615,false,5
5268,0.4118175715634372,0.15,0.14560939403236656,0.23327403435524258,0.35448907773421606,false,1
5269,0.3440955624464074,0.78,0.35317278828302706,0.4912035016046272,0.30396053746902824,false,3
5271,0.41572304836705753,0.19,0.2609473579816637,0.36898407869700556,0.3508738609900079,false,2
5272,0.3767193922651654,0.1,0.2017679192005728,0.2970061877125071,0.31297654332989594,false,1
5274,0.448017195309559,0.22,0.40189155005287164,0.376985774305535,0.49072054651442415,false,5
5276,0.3253106680031277,0.22,0.2046032282742188,0.14545407533642826,0.27935006738236606,false,4
5277,0.5323780767702077,0.33,0.4853371560885981,0.5620498651473637,0.5300159694907677,false,2
5278,0.3170542086641712,0.43,0.3748543295514162,0.38223015886742856,0.3032111210586711,false,3
5279,0.36634242044212706,0.16,0.35088810791741365,0.22552832994319055,0.2836130237781114,false,4
5280,0.492913509446786,0.26,0.29791277796796134,0.36129762254603753,0.43605413903130386,false,5
5281,0.2881438445670011,0.5425,0.36790604004819716,0.3828452377284946,0.2847494202004679,false,3
5282,0.35549241733521375,0.05,0.22932862752888641,0.26092607646258825,0.3085515861523191,false,1
5283,0.3593448354561603,0.2,0.48562939774611624,0.29959482879668786,0.35472030062793286,false,3
5284,0.3119540345121895,0.02,0.16114491437811754,0.2266175395236007,0.29245914618128016,false,5
5285,0.883628999513225,0.6,0.5606719980062584,0.6500953210108965,0.7024403760720833,false,2
5290,0.3993291450621848,0.2,0.4230165120582057,0.3267203759884217,0.4322767229452309,false,4
5291,0.4261650856612485,0.27,0.27309170994142556,0.3689368619468825,0.3980696684977414,false,3
5292,0.41385670641028155,0.3,0.3127809902769503,0.39589328440339955,0.4086941390783218,false,1
5293,0.4211056234845779,0.14,0.3257091891122364,0.17971116655824673,0.3167295426645442,false,4
5294,0.3091959393304501,0.33,0.245073464369318,0.24978505594925132,0.2846047412422891,false,1
5295,0.7278146897016999,0.56,0.6413628500808378,0.6648820237874637,0.7260977592698821,false,5
5296,0.3253190735858923,0.05,0.18567285172503986,0.11413456154396251,0.25387382977224937,false,3
5297,0.6867806540204794,0.8,0.8030269968672308,0.6385441835685959,0.7409314634718241,false,4
5300,0.3404989347911214,0.2,0.38701264606375824,0.2071107643717938,0.28158012757202777,false,4
5301,0.32282328249162984,0.03,0.284980747755428,0.24973799043802067,0.2889304250605816,false,5
5303,0.35161072763049983,0.15,0.30040407821826454,0.18913176899385145,0.34841310637537243,false,3
5306,0.5775942013086222,0.39799999999999996,0.6514526589960252,0.5299517938679963,0.6186058983724096,false,4
5307,0.4047923143258066,0.25,0.22210445176378632,0.27230446336389996,0.3183499988782726,false,3
5308,0.4422129176605277,0.34,0.2748968398328212,0.2894506077551139,0.4130539833295345,false,2
5309,0.38151028997853487,0.2,0.16980217336208006,0.24754584244033537,0.30984720664724097,false,3
5310,0.5200032738131211,0.41,0.3904356185197731,0.4368723064274425,0.4508820650070632,false,3
5311,0.8428244826550527,0.48,0.8190913598441438,0.7670746482181476,0.8067168458608935,false,3
5312,0.43493345945008755,0.17,0.29088623671823044,0.3557302807215782,0.43499966630714604,false,5
5313,0.35546682383253997,0.09,0.3818052980266809,0.24091741059203045,0.2758427633001928,false,4
5316,0.39983346416405496,0.17,0.19976592396435475,0.29876436548416874,0.3351975820987223,false,2
5317,0.3010841386863247,0.42,0.2250422491963906,0.25158965249598864,0.2880402226711691,false,5
5318,0.3462991290285603,0.27,0.18167377308332025,0.2838262471853957,0.3305411685652108,false,3
5319,0.44523368876860625,0.41,0.4626836557680009,0.48551764703901734,0.5006032048121862,false,4
5320,0.36220380489852083,0.18,0.18052132862487874,0.3087512564223008,0.3156707169707844,false,2
5321,0.3337990661351367,0.016666666666666666,0.21624385104943905,0.2567185282607307,0.2735729097880228,false,2
5322,0.2991724340400008,0.02,0.14374112723847976,0.18469816573591255,0.23674239788122056,false,2
5324,0.3253106680031277,0.22,0.2046032282742188,0.14545407533642826,0.27935006738236606,false,4
5326,0.35567428240159055,0.01,0.16526268335516978,0.25351803210118223,0.2900020066511006,false,5
5331,0.272411061930521,0.09,0.25693358533764127,0.21822897288191334,0.2634130999163216,false,1
5333,0.4161670067164519,0.23,0.48741701479224464,0.4289899502117789,0.4560390190634706,false,5
5334,0.367365227236806,0.19,0.10133426818798892,0.22764756092716007,0.2864200538198269,false,1
5335,0.40946703367775017,0.12,0.21474839484729855,0.19414633216862653,0.257590377404873,false,4
5336,0.3717202386799686,0.09,0.16791560897065888,0.12143391990315411,0.24898324191420693,false,3
5337,0.4477521674624808,0.41,0.49245948481383206,0.4307153932225237,0.4354498671364713,false,5
5339,0.29579039983250655,0.26,0.30696143227154643,0.2670245811463144,0.27555962372491666,false,5
5341,0.26597154462883843,0.4,0.31286715928956527,0.2897975267073453,0.29823777812011376,false,2
5342,0.43447743729274607,0.23,0.3367270941816264,0.30861581983318725,0.4468482810221381,false,2
5344,0.3605182822250557,0.13,0.2742152552399145,0.29799582763423865,0.35058937071052615,false,2
5345,0.41372051064626936,0.34,0.5288247405895803,0.42060588786462644,0.48006049513069105,false,3
5346,0.35378895559942686,0.05,0.18142787824081846,0.23201690533364214,0.31602685361642313,false,5
5347,0.43191184477123046,0.2,0.265535213703655,0.2606868044841006,0.3382340269576424,false,2
5348,0.34276435478043366,0.11,0.23498375948374672,0.23484422473668928,0.26328491333915216,false,5
5349,0.34276435478043366,0.11,0.23498375948374672,0.23484422473668928,0.26328491333915216,false,5
5350,0.3247838965839877,0.52,0.1520358414023895,0.3502614789247373,0.26130804490392257,false,3
5351,0.340700021768255,0.22,0.1325349830193487,0.1924433892460723,0.21404272885876155,false,1
5352,0.3393006890321505,0.07,0.09416545277803849,0.21812415844683816,0.25358914582070996,false,4
5353,0.3269126792403499,0.12,0.2191590081227338,0.2249456481728231,0.27570877138914096,false,5
5354,0.43381276457640555,0.24,0.11068266521951009,0.36969080132483706,0.4430843568721111,false,5
5355,0.3992919209247814,0.17,0.2613552037286529,0.25871261499388903,0.3022774300402378,false,5
5356,0.38605955075181164,0.09,0.112837646151654,0.1251004757303716,0.21745015429260128,false,3
5358,0.400418765341889,0.07,0.1665346520497409,0.29995153690676213,0.35438348253262814,false,2
5359,0.3672219592810846,0.17,0.2526041618007252,0.26107612974635275,0.3505878825809024,false,3
5360,0.3888102835282521,0.12,0.32279212719339295,0.318333858847069,0.36647869626405477,false,1
5361,0.49486006471733446,0.72,0.6648125726135382,0.5384282362849033,0.5792337629862582,false,2
5362,0.4578918528200065,0.17,0.2162825926339243,0.2612512583098013,0.3342448119681377,false,1
5371,0.36309295027880994,0.41,0.22908370814433673,0.30431788816012345,0.40584901717826927,false,5
5372,0.45491253768188517,0.16,0.32362912240516534,0.36134611620227663,0.4475205529069362,false,2
5375,0.37046173673426036,0.08,0.32281662714915377,0.2974731181489175,0.3306851418045067,false,4
5380,0.8186902452021094,0.55,0.4563032986805518,0.6694096145641083,0.6877269784510697,false,1
5382,0.3322203231833535,0.06,0.10336960762324035,0.16153418818567322,0.2126953989668352,false,1
5383,0.35343260314822517,0.15,0.07234190473019102,0.19909690709528602,0.21580404627435232,false,2
5384,0.2773811080191739,0.2,0.2735826210282808,0.41739773124192625,0.26024994876177715,false,4
5387,0.3817757469434759,0.1,0.10063410898943333,0.11035646167813873,0.21479261145896356,false,3
5388,0.4514885615655338,0.62,0.6462843178014219,0.6153131093419035,0.6024297790790626,false,5
5390,0.5317848683811512,0.43,0.575208300444983,0.5501348090625514,0.6433048879777511,false,4
5391,0.5571906131757556,0.19,0.23590961959306964,0.4191056897676503,0.5017289291291697,false,2
5392,0.2700042145048084,0.14416666666666667,0.1815598403662883,0.22755121169660483,0.2691329986761618,false,1
5393,0.5683388692684349,0.24,0.6076188525270083,0.55038512759401,0.6218897114409534,false,3
5394,0.3777710716768366,0.2,0.12954353091854112,0.21433984493851096,0.2613485235321703,false,1
5395,0.44137815072412195,0.33,0.13941604802249918,0.33535195173951665,0.2014518342717074,false,3
5403,0.5228168713164427,0.26,0.241946798934655,0.41819660823906374,0.43686293059341813,false,2
5404,0.35634433418728456,0.13,0.16663439322613324,0.1653077324722062,0.2660763055581997,false,4
5405,0.39654884604433127,0.47,0.43106191772432195,0.34180787795865397,0.34138374845304204,false,2
5406,0.44037667535969316,0.15,0.2177463454118666,0.30616944036031657,0.2983760130774786,false,5
5407,0.4252643715424962,0.12,0.23238137284861388,0.320847708188585,0.29191568121259454,false,5
5408,0.39603724924478,0.12,0.09956868867979089,0.1896050794347811,0.2734642539284039,false,1
5409,0.4140655971917285,0.35,0.373186817791438,0.47304880698549967,0.391042737176624,false,4
5410,0.4897850248645806,0.38,0.2876125521333555,0.4637705839416198,0.4271205653787781,false,1
5413,0.49627396867273893,0.29,0.45913435642024963,0.40877188196035436,0.47265150618178825,false,5
5415,0.3420380639567907,0.2,0.0833883893633048,0.1954924038124157,0.2792013903332115,false,3
5416,0.3236891040964538,0.05,0.05939802291721747,0.054909962668050906,0.18850336453904967,false,4
5417,0.3694556961717816,0.44,0.2922766458586759,0.2782121057585333,0.3474179807076218,false,1
5418,0.33127427219431166,0.13,0.24817636676998125,0.24279549319277835,0.31785938124046087,false,1
5419,0.395008685895014,0.17,0.2845651781954652,0.3163802554370575,0.3267133514573253,false,1
5420,0.346399213746146,0.1,0.39382652792292144,0.2778672784275156,0.3355464974995567,false,2
5421,0.501183292875256,0.41,0.5638905365532073,0.49784735679642017,0.5858598173860029,false,3
5422,0.8214766313087419,0.56,0.7810399721164034,0.639280612760427,0.7151747953441102,false,5
5423,0.9438417749349431,0.68,0.8275343019508538,0.8044822878862438,0.7999860432542739,false,3
5424,0.46893202858091276,0.4475,0.6143330445055376,0.5235712131220035,0.5588684135434812,false,5
5425,0.3833865501985166,0.06,0.19756678057918955,0.26530977484098667,0.32430819252168125,false,2
5426,0.24575339041768954,0.04,0.1386669178122614,0.09013832001332,0.19387875664497084,false,4
5427,0.33541265207156173,0.69,0.33611603488817,0.41298631411018355,0.3169055616553787,false,5
5428,0.5129393887383566,0.22,0.20225933194821175,0.2975024364406805,0.34610937599879193,false,1
5429,0.6090324668492858,0.36,0.7389648519748873,0.6394497983184478,0.6949727743812767,false,2
5430,0.3273207241889144,0.0,0.16998449487624945,0.03554638296486123,0.27181015075469894,false,4
5431,0.4035728665777557,0.55,0.5439717266666526,0.5060595388971347,0.4646027558400049,false,5
5432,0.6209840364829493,0.32,0.7883694620429005,0.6109255881540026,0.7037731809063849,false,1
5433,0.5261065779735384,0.81,0.6763541436626225,0.8031033618267996,0.6292618245095541,false,4
5434,0.4264157916214281,0.19,0.23366902161754954,0.1893138498507744,0.28364902596520464,false,4
5435,0.44237753557331994,0.03,0.35336975104394747,0.2649963056841171,0.4242622038792081,false,3
5437,0.3252075812980861,0.14,0.13556420392645666,0.2808354864592813,0.34251355039625975,false,2
5438,0.3792071691189944,0.06666666666666667,0.25873460021765066,0.3211904113857573,0.3265325097054966,false,5
5439,0.43493345945008755,0.17,0.29088623671823044,0.3557302807215782,0.43499966630714604,false,5
5440,0.4041693060111865,0.06,0.23881253799253835,0.29041939791543603,0.3159288864200869,false,3
5441,0.35215708595895995,0.44,0.436957948257086,0.39979390755115574,0.41389743431236686,false,1
5442,0.35549241733521375,0.05,0.22932862752888641,0.26092607646258825,0.3085515861523191,false,1
5444,0.3576698974731484,0.07,0.3070932852908118,0.3220097599200914,0.28021586222861306,false,5
5446,0.3943222389923993,0.44,0.5017256686744196,0.383348132583006,0.5055557643928391,false,4
5447,0.5815526178588915,0.49,0.42174432048509536,0.48146841691410786,0.5465480278640023,false,3
5448,0.329641900854791,0.19,0.35122770804054143,0.26927527837684445,0.3369355691210951,false,5
5453,0.35397519285538187,0.41,0.4159783662034026,0.3212547713239258,0.3584692609422241,false,5
5454,0.45890726439298035,0.32,0.3578898742494657,0.3967074232707848,0.44915942200681364,false,5
5455,0.3707295842632874,0.33,0.34296234286412536,0.42699572932821445,0.43102749664357537,false,3
5456,0.40076835201581834,0.08,0.3765180776853078,0.25129883809617803,0.37152723855837283,false,4
5459,0.36932934734052053,0.16,0.16929639705673752,0.291228089128704,0.29164271033731376,false,2
5460,0.36932934734052053,0.16,0.16929639705673752,0.291228089128704,0.29164271033731376,false,2
5461,0.5009750447838336,0.57,0.595286765290581,0.5586094900567242,0.5340986251244751,false,4
5463,0.38947013298865785,0.13,0.06279754945077279,0.16134614558539379,0.23850769009720665,false,4
5469,0.3255732998122298,0.08,0.13032045691122787,0.17777335663917074,0.20682979283774616,false,1
5471,0.28177783752015384,0.02,0.04811951468783118,0.0596809843922847,0.21298409335055185,false,4
5474,0.28779606430041316,0.12,0.04178907211153637,0.13338222781898534,0.1641686650811632,false,3
5475,0.29059252832527077,0.17,0.0846753885579123,0.15045796564546562,0.23036617981722607,false,4
5477,0.3970758398118779,0.34,0.42127693064541044,0.48234689332846936,0.4474946042472901,false,3
5478,0.36386269382664316,0.22,0.24037058207459627,0.2844807010657046,0.27716860743499067,false,5
5479,0.3583298185115884,0.1,0.32646138982862855,0.2823070761970221,0.3836892193734628,false,3
5480,0.47660626682104895,0.52,0.541764038697479,0.5024209888607681,0.5409871460487191,false,1
5481,0.33638950700635845,0.06,0.08527011182210574,0.17141303818517706,0.22184924419912813,false,2
5485,0.3384312657777862,0.05,0.12105454459640187,0.19126048378235874,0.24792693170960228,false,5
5488,0.2906898950166884,0.1,0.3459495269032394,0.19262732901084284,0.2212741383916709,false,5
5492,0.33878664071518505,0.1,0.12320533618256983,0.19172698672005034,0.2221571055980167,false,2
5493,0.3623305488474523,0.11,0.14115156150056712,0.1394306840978752,0.29679886036759423,false,4
5495,0.3342937662800395,0.32,0.4937973591818514,0.2718046595182628,0.30215895932307574,false,5
5496,0.3772232571112178,0.22,0.20234599914555274,0.23538154295120797,0.3436970355818123,false,1
5498,0.2553782101880575,0.2575,0.3210112138191358,0.2524468967448435,0.2686916620577319,false,1
5499,0.6701747239371605,0.4,0.8328628739232747,0.6253542198919088,0.6626221644458999,false,1
5500,0.4341590392038232,0.4,0.5683602210736413,0.4195721237725378,0.48501251089351644,false,2
5501,0.3665418606143708,0.25,0.2868371973931728,0.320194089090877,0.37661270558434334,false,4
5502,0.4546066768501524,0.24,0.3903099239431788,0.41126346903739375,0.6255374384441906,false,4
5503,0.3325592324189742,0.07,0.1606380012395249,0.2069913045003005,0.2451603287100828,false,3
5505,0.5929260253692442,0.48,0.3474098163150607,0.5509001752449065,0.5826360802082236,false,5
5506,0.41954030971557943,0.11,0.16480952535796406,0.20728200028555638,0.2806859728674324,false,1
5507,0.4001389614834771,0.32,0.25327887093346707,0.3792608614650648,0.32318180844671673,false,2
5509,0.3964397449560949,0.11,0.3261857450361347,0.30090500087234173,0.33237593259882703,false,2
5510,0.3751653103578444,0.23,0.34324484669685335,0.4210092081251341,0.4295080353722709,false,1
5511,0.4365184188637586,0.63,0.751256739356691,0.47518609623121594,0.5105754441625447,false,1
5512,0.36073186730842893,0.2,0.3647656785930787,0.3404631586000276,0.34245299890056957,false,2
5513,0.4913509067824497,0.55,0.5219879867800604,0.44986431646066954,0.4967265098954986,false,2
5514,0.4360312586457818,0.19,0.4642510297902546,0.33885921394560936,0.5118540282714695,false,3
5515,0.4382238945710792,0.32,0.32411554539296,0.40223109059964884,0.44079178428671234,false,5
5516,0.3536880690065717,0.18,0.2591441682928905,0.32280731607069596,0.3241705709100362,false,5
5517,0.5333158693726078,0.34,0.32490691958889695,0.45556102330803533,0.5476709029296363,false,3
5518,0.4040642666283971,0.17,0.11734595627397036,0.270693304845825,0.3477838779709533,false,5
5520,0.7151474438653707,0.61,0.8109068528336826,0.7108632819222094,0.7620612391217358,false,5
5523,0.34536199187389965,0.22,0.2973354158193384,0.26502071209042344,0.3031839641457157,false,5
5524,0.37239476845512476,0.59,0.5501777325064647,0.37898319268448744,0.3507169989431227,false,1
5525,0.4417985385415579,0.31,0.31250892974050454,0.44850512540937687,0.4226180621832059,false,1
5529,0.3684641198568872,0.13,0.17103349443493876,0.22684746764900574,0.25382591957169565,false,5
5531,0.3717175012579379,0.24,0.2782063090988431,0.23622058068425347,0.3020014118451708,false,4
5532,0.3984095608158901,0.1,0.2997788176978332,0.2717092577079982,0.36236832638860367,false,5
5533,0.2416784387187773,0.06166666666666667,0.26809093605849166,0.23844473269628788,0.26860266569634644,false,1
5536,0.30811773103346896,0.0,0.18650023097190113,0.2174511079635691,0.26568439790005943,false,1
5537,0.5288073492229098,0.25,0.27744778486639066,0.49226708090994165,0.6038851475225704,false,2
5538,0.4286728585166881,0.27,0.4686015131793337,0.4224820774311214,0.47816824361114285,false,4
5539,0.24575339041768954,0.04,0.1386669178122614,0.09013832001332,0.19387875664497084,false,4
5540,0.28212975942574675,0.10216666666666666,0.11473107052206702,0.16752624525237222,0.21742735271504185,false,5
5542,0.37300457405841686,0.07,0.20062444623125741,0.23710761126526708,0.2545747401035787,false,5
5548,0.35665415984882054,0.21,0.1436100941666069,0.13394512395499236,0.2602390905890456,false,4
5549,0.553163005488303,0.3,0.24192970578812048,0.34171061208289844,0.5481503159972032,false,3
5550,0.509549136538625,0.32,0.38035625899622927,0.5245405878560594,0.4746317691863064,false,2
5551,0.41026607163672363,0.06,0.0882951122896353,0.15966179524281915,0.2630811019969533,false,3
5552,0.36591060522428,0.01,0.375422329689272,0.2772121405759594,0.3241077356366503,false,1
5553,0.3553374661070514,0.5923809523809525,0.3338836562766545,0.3152239815766581,0.33292576743938995,false,2
5554,0.3623305488474523,0.11,0.14115156150056712,0.1394306840978752,0.29679886036759423,false,4
5556,0.39273048611725253,0.35,0.21023919084029294,0.3951246463198095,0.2899977528106695,false,4
5557,0.3961462761248157,0.29,0.4359291094046827,0.40489975664156597,0.4608421998287614,false,1
5558,0.41423611538942673,0.12,0.22495167686677117,0.20679831960962552,0.3220220777512803,false,5
5567,0.4983557495893313,0.26,0.3709577885836963,0.34584525050829235,0.4312130356137786,false,4
5568,0.479450142786654,0.3,0.3788964778465042,0.4186494448114034,0.42868546758061943,false,5
5569,0.29894915402414657,0.1,0.13732010452004573,0.22407150686292954,0.2446079525335008,false,5
5570,0.34469147497482144,0.16,0.2164363513766088,0.25512319822618756,0.2810118100856491,false,1
5571,0.3425196870906073,0.01,0.056740881441082046,0.03603264790764791,0.17534317945607952,false,4
5572,0.3393618877614595,0.59,0.33447482962408387,0.47138272166512984,0.3946547936992285,false,3
5573,0.31820714296686947,0.25,0.22193781271046262,0.4156370798009919,0.3479543673962717,false,1
5574,0.33050012874942464,0.4,0.44589178499465354,0.3878170894451282,0.28819788368966476,false,3
5575,0.5057614411267732,0.2,0.09554389435031148,0.2888599230529887,0.3907234009778811,false,3
5577,0.4651055581883972,0.89,0.7013061247598037,0.6894084148605159,0.6296567645034398,false,1
5578,0.7919465421724656,0.85,0.5308841373733679,0.8145813219337835,0.6872540108528548,false,4
5579,0.6666016017459283,0.63,0.7070855374331388,0.7468717327143198,0.7217299695355404,false,4
5580,0.3604922683893238,0.09,0.267040174492774,0.2638938242733291,0.27734401334510417,false,5
5581,0.44681050155400764,0.28,0.4653739828828169,0.4221357354925918,0.4302376860580443,false,3
5584,0.3625674655000574,0.17,0.1281672385140775,0.2758300279341082,0.2668048475438408,false,5
5585,0.33915631040077776,0.36,0.45912170687281373,0.3666005816874584,0.4233960178411182,false,3
5586,0.40561709981795824,0.28,0.3089816563679313,0.39079299362735237,0.4412500705869052,false,5
5587,0.42505508719274887,0.32,0.46732655261908546,0.38580329115664996,0.44554796205313074,false,5
5588,0.5242842867744326,0.21,0.4750750480391357,0.53850802997345,0.5647046026882185,false,1
5589,0.32397435797772717,0.19,0.45200497625020253,0.3216105704197414,0.33179133698278873,false,1
5590,0.36027145304814023,0.25,0.26425620092820185,0.31360745752182495,0.3588349310520759,false,3
5591,0.2816241044880714,0.04,0.18742133539844308,0.1608611676819743,0.18228303935778534,false,1
5592,0.31207184033147506,0.13,0.20953514829792802,0.1508965029003392,0.28387333989295166,false,4
5593,0.3022605407763813,0.09,0.17480857740743808,0.22409834682211682,0.2567299227939414,false,1
5598,0.24163177676305547,0.06,0.2625434785995395,0.17829148635842004,0.1811244274955697,false,5
5601,0.35389537013515543,0.07,0.05195193494141122,0.12359408634193382,0.20905396987066635,false,3
5602,0.30225473060878283,0.42,0.40977957563266304,0.37070747547943883,0.3558714907553384,false,2
5603,0.34720417652635754,0.35,0.555428962388118,0.4087319002817692,0.4279951728271776,false,3
5604,0.3564930883684798,0.12,0.0792901345658578,0.18859287807639796,0.23728331814698983,false,1
5605,0.6785942116611129,0.64,0.5549668908521495,0.6832199039617225,0.7820512009559037,false,1
5606,0.4122673638487549,0.02,0.08523794789832372,0.2564085777674196,0.3021241583463413,false,2
5607,0.5972644443831665,0.22,0.08093463668090708,0.3345121450728646,0.2541964628261266,false,3
5608,0.34826144187105046,0.04,0.15920464651307592,0.2661137627207674,0.2748333697152346,false,4
5610,0.35610168963110345,0.09,0.1080181516880463,0.20734703218063932,0.2500064944165197,false,5
5612,0.4651364885331945,0.2,0.16447772287634407,0.33598692432416016,0.31498467124533946,false,1
5614,0.45283773576769326,0.21,0.14640861493718765,0.31358993500441434,0.31498467124533946,false,1
5616,0.29137263249640144,0.32509090909090915,0.2396390555301451,0.29135631143884766,0.2840906810371144,false,1
5617,0.20435515072572308,0.0,0.16649779664709247,0.2092828275471637,0.24028898710886198,false,1
5618,0.20435515072572308,0.0,0.16649779664709247,0.2092828275471637,0.24028898710886198,false,1
5619,0.3792792751460797,0.14,0.17019952872679125,0.2711967190091025,0.2989019427675828,false,2
5620,0.6224600085356226,0.38,0.5983995967373785,0.4921573621756815,0.6356928321673767,false,4
5622,0.3803429498802967,0.24,0.44053324648640957,0.3721015759234955,0.36181742709140285,false,1
5623,0.39001124586059166,0.14,0.2442575532020489,0.33792595779289264,0.3257553400788532,false,2
5625,0.3888860470326342,0.26,0.40306826059662615,0.45849313799074565,0.4049429157403588,false,1
5626,0.3838253524956366,0.12,0.3405345277523161,0.33521547769165677,0.39723460403270877,false,3
5631,0.39893482833720517,0.27,0.364203252386379,0.41128165967070984,0.39963430940948785,false,2
5632,0.48786694773898676,0.41,0.5482994997852173,0.5240044796736083,0.5111745846487151,false,1
5633,0.5056305308766725,0.39,0.49335488249734966,0.5407882970294171,0.5609088754137189,false,2
5634,0.4179818179987715,0.23,0.21267540422392467,0.3198517955050532,0.3686666744409007,false,5
5635,0.5634794805074171,0.19,0.2866986258125048,0.37750522264555186,0.58424710700727,false,3
5636,0.4742341392456243,0.2,0.3689715580690315,0.3759620434401738,0.34988448001828887,false,2
5637,0.47910459179037385,0.51,0.4376808952411836,0.52928443878341,0.4694029599405076,false,2
5638,0.39368333242023934,0.27,0.4663960849326762,0.35435867505308616,0.3774806726039879,false,5
5639,0.5222174281586872,0.56,0.6260339818526961,0.7278502387456771,0.6113690595382305,false,4
5640,0.36377159871634074,0.05,0.3426227023077688,0.279401992992507,0.3162131442254545,false,2
5641,0.44683688825088963,0.31,0.3448986271887581,0.343984602858607,0.40011929274862335,false,3
5642,0.43200575061743784,0.18,0.29833152934704205,0.33863029222475916,0.4220775461827232,false,3
5643,0.47186080104825834,0.39,0.40641359136072025,0.458861196055148,0.4554102380033626,false,3
5644,0.37409580679242366,0.09,0.3949469709739958,0.4318827711118065,0.42955006507031473,false,1
5645,0.5591042258360847,0.37,0.34497493114788386,0.4328805567163553,0.45255564383366287,false,1
5646,0.657208233325162,0.46,0.7854891404160179,0.6199195831068625,0.6306135654590476,false,1
5647,0.5492344605469079,0.36,0.43374714752744437,0.42352243708778153,0.46801005928212064,false,1
5648,0.41000200817820154,0.35,0.2852354856615216,0.4767924899151291,0.48482204860003053,false,1
5650,0.396501387562332,0.05,0.29665515456085606,0.2740041014040858,0.35051236581412354,false,1
5651,0.38766998771604333,0.23,0.3040684247262102,0.3757657354786747,0.3895987832878109,false,5
5652,0.4012999484587442,0.31,0.3675449081946711,0.3539098543817272,0.3636324823989341,false,5
5653,0.549861958991898,0.28,0.2385351394873771,0.38491287066039603,0.5172806796643952,false,3
5654,0.4201437719787988,0.2,0.3756827655007957,0.3687242014393526,0.3849525188749237,false,3
5655,0.3569274321570462,0.34,0.4071471867412346,0.4853922490032631,0.4728768299499016,false,1
5656,0.372957923402539,0.11,0.37041126781559164,0.4675561413067371,0.49815468666454077,false,1
5659,0.5106070127294946,0.37,0.6094135831480948,0.41769017923286833,0.41041369330452887,false,4
5660,0.48481160879889135,0.43,0.5998531662072111,0.5458537755886258,0.5307416883672612,false,3
5661,0.33125075972972134,0.29,0.37156269558723115,0.30340371907232266,0.29487733160521806,false,3
5662,0.2887655424405404,0.1,0.1620000802334459,0.1983377370757523,0.19872313199985364,false,1
5663,0.364716694545402,0.35,0.3203876042990192,0.43159528436605354,0.4435686135616808,false,1
5664,0.37571136263401117,0.19,0.3993176271814135,0.3715767576430671,0.4303765445034225,false,5
5666,0.3832276665070836,0.16,0.27887157660555195,0.2314292002350859,0.33158215369765803,false,4
5668,0.39757823135293857,0.19,0.4169822820929487,0.32170462682477635,0.39644643968631244,false,3
5669,0.4892618939736766,0.23,0.5640528741650452,0.5601278490793983,0.6135719965419038,false,2
5670,0.3972577283589724,0.15,0.35556400244541025,0.3311308721230505,0.3387278466386708,false,2
5671,0.4281847550730801,0.28,0.4587868490758585,0.42205230864246046,0.439582749797818,false,2
5673,0.34000312053101645,0.19,0.22070231889635444,0.27300680986211373,0.2870034882857678,false,5
5674,0.3440087446472418,0.12,0.2025070108178038,0.2681848074845162,0.2692353699075274,false,2
5675,0.44790845853111577,0.55,0.7701584703672876,0.5941021768564263,0.6084307010424762,false,5
5676,0.3290181630810285,0.13,0.17988026043303046,0.19553058851492358,0.27327573242365144,false,4
5677,0.5132281951875431,0.39,0.4091777194943043,0.44106882977765677,0.5136346146691995,false,4
5678,0.37695500403104876,0.47,0.44467084970402326,0.39824737414618033,0.39627545449969426,false,2
5679,0.5662056051380834,0.37,0.4049577803917891,0.5756409630605349,0.5509681758474106,false,2
5680,0.5878122159850174,0.47,0.5987675708438283,0.5709795766766627,0.5920343866090205,false,2
5681,0.4520940096558778,0.05,0.5837359836642463,0.36413826473417754,0.5855618491278691,false,3
5682,0.5008269334536123,0.3,0.4530801841408556,0.4024057532214153,0.4793032149776844,false,2
5683,0.624436066115133,0.24,0.42495056149546206,0.4172220876144726,0.5445626900983042,false,3
5686,0.47942359884729313,0.34,0.6530345886604478,0.4729465245299711,0.5754929244110902,false,4
5688,0.5082290530818442,0.44,0.46209589009918917,0.5089644776374699,0.5724581584123918,false,3
5689,0.46161025544613593,0.2,0.1470717197222053,0.3347618410508342,0.3847444444362041,false,1
5690,0.5978771456993345,0.66,0.7857010419904981,0.7159150063740628,0.6714518133716293,false,1
5691,0.44247191684004966,0.11,0.41110454701934945,0.276834912591348,0.3917559710920834,false,4
5692,0.5293785577992808,0.27,0.2950044877100216,0.3753453272710454,0.46737457320951287,false,1
5693,0.411748838427618,0.26,0.44973330239996795,0.4129149385143696,0.43095035057815745,false,2
5694,0.4059474419710332,0.48,0.48078006822125824,0.34221649885300565,0.34931211422587416,false,5
5695,0.4144915067684424,0.22,0.4960782338697104,0.32825680147429886,0.36275677142366425,false,2
5696,0.44247191684004966,0.11,0.41110454701934945,0.276834912591348,0.3917559710920834,false,4
5697,0.5293785577992808,0.27,0.2950044877100216,0.3753453272710454,0.46737457320951287,false,1
5698,0.411748838427618,0.26,0.44973330239996795,0.4129149385143696,0.43095035057815745,false,2
5699,0.3882873672712186,0.32,0.3581799605442252,0.3445405852587529,0.4175694498316673,false,1
5700,0.37149904146681584,0.28,0.5081122925517625,0.4741185574728854,0.44943923774043326,false,1
5701,0.5245964712804879,0.33,0.4496104511848394,0.4158913603791868,0.4840957813573846,false,3
5702,0.439465740485013,0.15,0.3059664620782905,0.2868933515374679,0.39168876889787957,false,3
5703,0.474814786511332,0.28,0.5297426457377624,0.4238221065170298,0.5039840899714167,false,2
5704,0.48011876546401394,0.15,0.39066446561883067,0.3996334378866624,0.43453987065581695,false,5
5705,0.5600315295280198,0.48,0.5576196682467607,0.587387780671914,0.6068918903199572,false,4
5706,0.48874198942740077,0.17,0.3548019766011085,0.46092851989141964,0.4514377592714108,false,1
5707,0.5301027141284372,0.21,0.2394983769828609,0.32176010786974935,0.42571477498149224,false,1
5708,0.5653081058167138,0.33,0.4799833843453194,0.4644699984867278,0.5647718255893993,false,5
5709,0.47384025473660385,0.17,0.35163465371097014,0.3329364793669641,0.43511910144562466,false,3
5710,0.3822976963481547,0.21,0.3349506871242228,0.19783815756041512,0.39245984517225646,false,4
5711,0.5320629592586095,0.28,0.4681390779496246,0.42146344349942794,0.49002954481722066,false,3
5712,0.5518768139496057,0.48,0.4861633796251418,0.38058006893338114,0.541570713923737,false,4
5713,0.4526185518621427,0.03,0.4149591656957626,0.5099195431587714,0.536114442064504,false,1
5714,0.49779831575044836,0.24,0.4000219936957408,0.3737905925354238,0.4262144986858315,false,3
5715,0.6262353049131184,0.27,0.2933133194718402,0.39968393493203047,0.44681533849312555,false,1
5716,0.34936710437073404,0.27,0.3449253709017897,0.32179426184777166,0.34588929845265215,false,4
5717,0.4420237652361253,0.19,0.255930124512585,0.43793515249419734,0.38911727698401116,false,5
5718,0.364716694545402,0.35,0.3203876042990192,0.43159528436605354,0.4435686135616808,false,1
5719,0.41230184963438743,0.2,0.38497394205863766,0.37784139287475355,0.396262186935785,false,2
5720,0.44429642548135845,0.1,0.35011716559763884,0.34520830658429974,0.4076900292986558,false,1
5721,0.39010042109115006,0.26,0.4743575600300276,0.39997168032423075,0.40775896174610005,false,3
5722,0.4941898232945762,0.65,0.4816833931146366,0.4977928461859247,0.5118112838896475,false,2
5724,0.3179686082429559,0.29,0.31731835395070657,0.4370375765333362,0.3132506372823912,false,4
5726,0.6383661365573622,0.42,0.7675390496592,0.6519026809928482,0.6848768160692188,false,5
5727,0.406824064925504,0.1,0.3661354335913614,0.17848173048297727,0.32178486048308963,false,4
5728,0.43998879284720305,0.25,0.1646892119406166,0.31341075501771815,0.318062204517428,false,3
5729,0.4673263324400393,0.21,0.39090992881548353,0.33743156589390494,0.45425968964022667,false,3
5730,0.3972930866352905,0.33,0.5649369722007946,0.47863260125655993,0.5112183973080847,false,5
5731,0.4421123607290975,0.29,0.34905687193304386,0.5262202642342014,0.541792470672795,false,1
5732,0.37553071421518197,0.1,0.3705489203228633,0.3331521256426695,0.37662911478975086,false,5
5733,0.4186775608825152,0.19,0.21384204595345424,0.28979586430415927,0.32754754805873976,false,1
5734,0.3152718610333677,0.48,0.2290527523738754,0.4441470261771744,0.27781826488945827,false,3
5735,0.3221085502630829,0.11,0.0996120746219906,0.16556694330217883,0.2282625380061777,false,2
5736,0.5016060121420639,0.27,0.22403303427815222,0.43398592252354484,0.48744422904647056,false,2
5738,0.40825784380487323,0.19,0.304512417464468,0.3783021476463435,0.39963430940948785,false,2
5740,0.40825784380487323,0.19,0.304512417464468,0.3783021476463435,0.39963430940948785,false,2
5741,0.4334053995554915,0.35,0.4013014774167138,0.35709006919928304,0.49369830632119327,false,4
5742,0.3455073671637575,0.36,0.29047684115194883,0.3942574470788468,0.417783811563114,false,5
5743,0.4178476543574046,0.26,0.23804740562586252,0.37224406932159404,0.36738118137693715,false,5
5744,0.6105791760995052,0.49,0.5721383738412156,0.6002708584968695,0.6985730150711975,false,4
5745,0.5653398326181156,0.52,0.5724230933725749,0.6123102824905269,0.5984180393471299,false,3
5746,0.39032568141734447,0.24,0.255829548276606,0.3424317436109443,0.35817889358244276,false,2
5747,0.46599047883538236,0.2,0.5564900673230156,0.34214833515108706,0.5007905463931588,false,4
5748,0.3919578663039845,0.06,0.1923450003360317,0.27852309209836545,0.2860338773051798,false,2
5749,0.3616849596957052,0.07,0.13809089523944512,0.15685876050382216,0.22598951720315538,false,3
5750,0.3532074389515079,0.09,0.32565875672748634,0.3285715671000377,0.3614646747620782,false,5
5751,0.37246902530228176,0.06,0.22455486860841972,0.12278479192974012,0.342602652185524,false,3
5752,0.3505960583314113,0.05,0.05087986904858182,0.1630736711533459,0.23724144663187052,false,1
5753,0.41425595739179943,0.15,0.1537072156467624,0.3113770768986295,0.2939895972073245,false,5
5754,0.32928807574265223,0.08,0.17047841155474647,0.16835547070123272,0.2451603287100828,false,3
5756,0.24406192160245094,0.1,0.3529247689751248,0.23222223832268693,0.24895613423078522,false,2
5757,0.25981231654632153,0.02,0.06206456321331846,0.04038023088023088,0.23036617981722607,false,4
5760,0.2551105802118311,0.04,0.021777975467157713,0.1841386453068748,0.16503107606688736,false,5
5761,0.2616642709817542,0.04,0.044884900296516435,0.1964070937115369,0.1788246397983582,false,1
5762,0.5249196981351844,0.46799999999999997,0.4035968138092049,0.43232722689041514,0.3333242786449657,false,1
5763,0.2856057553729788,0.14,0.18386678624139352,0.1975739587085663,0.267083103733304,false,4
5764,0.2616642709817542,0.04,0.044884900296516435,0.1964070937115369,0.1788246397983582,false,1
5765,0.2828454292174599,0.016666666666666666,0.15761526049411798,0.08975366021679992,0.19230253534955932,false,3
5766,0.48229367810435037,0.13,0.10041381408237081,0.35809936165102374,0.33051849566876373,false,1
5767,0.5387474778383926,0.28,0.3379850436112703,0.5062020864619902,0.5333655058300321,false,1
5770,0.5707063384470561,0.51,0.48416280397447525,0.5854830133223641,0.5547876543145818,false,5
5772,0.4395741803524254,0.15,0.1998314370275091,0.23320595270162886,0.41707497400450283,false,3
5773,0.4368031663929463,0.38,0.4919384858035078,0.4717386540383873,0.5103417755317656,false,5
5774,0.45032689409924404,0.25,0.2931134669963413,0.34802169145363904,0.47197637683964194,false,3
5776,0.1904344198420788,0.07,0.12209725008167553,0.27656503469907334,0.2619286449872527,false,3
5779,0.29427097049996515,0.14,0.16264304883658617,0.2295550977119347,0.2750929521791031,false,5
5780,0.47409708725711,0.37,0.24569175986410097,0.48946883661376667,0.4973356397629378,false,2
5781,0.3581371208705222,0.11,0.11956389740269305,0.1072630197279609,0.2479075625150914,false,3
5782,0.27106327199130004,0.55,0.4076516672494461,0.5163941959660353,0.3649732791231495,false,3
5783,0.3985155984162365,0.12,0.19275592718027185,0.24094760503942644,0.2762132333612438,false,1
5785,0.31606676056762595,0.08,0.1564390149948265,0.1481850747296832,0.2168845189004531,false,2
5786,0.2965214813710288,0.06,0.03263283924246471,0.15970293844718786,0.15224118443994908,false,5
5787,0.28324765296204824,0.04,0.0941250099145953,0.07981914643747051,0.17070433538225185,false,3
5788,0.271122131284321,0.3,0.29315470769698393,0.27901521886685837,0.287268302770227,false,5
5789,0.7201858627312139,0.24,0.2588515202146047,0.48081488989852234,0.5636566678968306,false,5
5790,0.7183293343615486,0.18,0.07583201076554949,0.4354779254105578,0.5683799610700934,false,2
5791,0.7594488134234704,0.53,0.6506993992725693,0.6436771277505146,0.7238510725664311,false,1
5792,0.4046921142927576,0.21,0.2583081820634946,0.325708315854424,0.3387759325736432,false,5
5794,0.4194883192148159,0.2,0.27669866927890696,0.4378765721209359,0.5025016377148216,false,1
5795,0.6478305363952963,0.33,0.5001763328545177,0.563997540189473,0.6264635241526303,false,5
5798,0.7242720183288516,0.37,0.6075456819012972,0.4232455251519536,0.7242040353764817,false,3
5800,0.4886881798767658,0.42,0.4879916760050917,0.5652313009845422,0.6072908449254304,false,3
5801,0.3576466058767392,0.08,0.08374539760303708,0.24437192547930311,0.23693847822147385,false,5
5802,0.4840115049299291,0.15,0.3755964406975246,0.37140103880672226,0.525721377568649,false,2
5803,0.5834612952091609,0.85,0.8149181672142397,0.8076599707419071,0.6906819631996046,false,4
5804,0.427940527044454,0.31,0.09517169119402748,0.3816503211283688,0.3402886152464694,false,1
5805,0.49963385686105793,0.32,0.38234444600254086,0.45997653305743597,0.6495531711119185,false,3
5806,0.3940240845987368,0.15,0.28965242053306484,0.33455638064133114,0.35364002487110086,false,1
5807,0.4336560747080156,0.12,0.1979842889462729,0.19461406918682722,0.34196205039665495,false,3
5808,0.3887197927781991,0.17,0.1621864235800572,0.21281097118190367,0.3074637568955405,false,3
5809,0.6077966444421714,0.29,0.516942957076066,0.45120384306254363,0.46360674945991037,false,5
5811,0.39569640097586467,0.14,0.1371510997424451,0.33303160422175565,0.35663831395271856,false,5
5813,0.46317055359052084,0.35,0.3083223039186051,0.4209508938941369,0.4418235880513012,false,1
5814,0.4699355709296557,0.31,0.5367988931442124,0.5155224332242956,0.5881348291123534,false,2
5815,0.685095463384129,0.53,0.555484755412,0.6339773877023888,0.7155050304765649,false,3
5816,0.5178421844226934,0.18,0.38886474289084544,0.41168481922152067,0.45749382729036137,false,1
5817,0.5830446979113426,0.32,0.26228616759145756,0.30143291094708163,0.4707154386393342,false,4
5818,0.541638222580234,0.48,0.4652903958092111,0.5335121337914114,0.5633824819750218,false,3
5819,0.3961582725446733,0.4581666666666667,0.313206774267542,0.4043780520304762,0.3426801234854665,false,2
5820,0.4245537598041801,0.16,0.40743307962185027,0.3552676947036968,0.4455575294393935,false,5
5821,0.35577298601061863,0.32,0.3730183646772184,0.32911619200851855,0.3152486699837595,false,5
5822,0.3946410899491366,0.18,0.2846926206827093,0.2548068784890711,0.21952303345861637,false,3
5823,0.3863460653562978,0.26,0.4040429802277912,0.37574719731969763,0.39478573417657525,false,3
5824,0.358041841522331,0.1,0.22306368069769,0.3068800220140196,0.31613687255840894,false,4
5826,0.4550617311262289,0.15,0.2341968377484787,0.28522633589341817,0.3957384892765744,false,3
5827,0.3173231693905202,0.12,0.26001360882376556,0.22477737714246032,0.248511831015541,false,2
5828,0.38000201590649946,0.14,0.41261766999350724,0.24557177032633684,0.32723864778183115,false,4
5829,0.36458225687263185,0.028333333333333332,0.29913222625134417,0.18754576680859647,0.3155709249445185,false,4
5830,0.36458225687263185,0.028333333333333332,0.29913222625134417,0.18754576680859647,0.3155709249445185,false,4
5831,0.519155018093898,0.28,0.2284139504185252,0.4575975889721054,0.5097914584893481,false,2
5832,0.3900477991431225,0.17,0.20753218502142132,0.34534385949776863,0.3644643876603906,false,5
5833,0.5487960961408007,0.3,0.4206100648312982,0.46036802860863124,0.6240241342578068,false,4
5834,0.38657076348523167,0.15,0.28813344357000076,0.308070366303158,0.304804504637374,false,1
5838,0.23872418092484224,0.04,0.0684089923156659,0.20485004390894324,0.24442829919008344,false,2
5839,0.27523899111171585,0.175,0.15744167095027412,0.1350983252643469,0.18283218367388707,false,4
5841,0.3673923792973099,0.2,0.28487621609938213,0.34300699385959016,0.48678982357907863,false,4
5842,0.5337933135592251,0.44,0.5579162616962908,0.5254476066168843,0.5342372416216845,false,4
5843,0.3944685171392702,0.31,0.2363902253820212,0.3655575267792146,0.3521256932439678,false,1
5844,0.3614645842237949,0.13,0.29283577910596775,0.3115636106125171,0.334114839505826,false,2
5845,0.34717069696120095,0.04,0.1683969436266531,0.09509793527954662,0.22866369155992175,false,3
5846,0.26098644739768473,0.32,0.34127545349769706,0.2452882119708991,0.3123087867566104,false,1
5847,0.3840434935867015,0.33,0.45344096800698036,0.3434224205155358,0.37498351032546107,false,5
5848,0.4746449574441738,0.24,0.3990215699252287,0.445145636089778,0.47913724256095735,false,5
5849,0.5069841580489286,0.23833333333333337,0.3124712409960201,0.40401134118941406,0.4943338874232376,false,3
5850,0.38176375295721027,0.16,0.3568549580665152,0.340044409874082,0.3704674362130358,false,5
5851,0.4068136579978219,0.23,0.2793009936701457,0.3670559613152548,0.3828054973392227,false,1
5852,0.6083267123471162,0.14,0.17169726805401417,0.3427647969903213,0.5151274329795843,false,2
5853,0.32892328509441565,0.12,0.1992793902056163,0.2956773519123937,0.33555973820031,false,5
5855,0.4715277125590819,0.24,0.19316102423601622,0.3413119197689629,0.6281047127470079,false,3
5856,0.38729518198270857,0.12,0.13858991269833076,0.21949400484303763,0.246708279318453,false,1
5857,0.6109109577475353,0.34,0.5332686091812631,0.45578189889829673,0.5545164182637622,false,4
5858,0.5493671047266879,0.28,0.34751017197482975,0.514837346591426,0.5697390485275583,false,1
5859,0.5413312986306583,0.33,0.44775135397019905,0.5404712668548854,0.5808393901300983,false,3
5860,0.3537461174572306,0.06,0.29566392222901255,0.25887727310719044,0.3132040847461321,false,3
5863,0.4022956432626958,0.33,0.3623524002841359,0.3887099252194692,0.41833544552177315,false,2
5864,0.3199280501822882,0.06,0.26185725955256983,0.1847677867362421,0.2916186253312958,false,3
5865,0.3819380281731299,0.3,0.27777503604791814,0.26962950480704373,0.2539777858979079,false,3
5866,0.31767716479432084,0.23,0.10995993370005393,0.2023426707451475,0.21450819550172695,false,4
5867,0.3450084463141741,0.22,0.22956780640390734,0.3607377969714639,0.3491582066868303,false,5
5868,0.3077653602128637,0.18,0.2584441665398574,0.2866817893105105,0.2608177875206068,false,5
5869,0.2967013946882431,0.02,0.16226725051546056,0.14938385738657478,0.24839343157145313,false,4
5870,0.4350112988918901,0.16,0.09402204232195133,0.33422542717785925,0.3573106755550557,false,5
5872,0.34431290588363167,0.16,0.29730694351371856,0.31538142603304303,0.3458816931018085,false,5
5873,0.35246701098862915,0.27,0.6007902670516525,0.37739297168577535,0.3777138754731305,false,4
5875,0.33358711965728194,0.01,0.19464713192162036,0.028568396064719594,0.2588085881018703,false,4
5877,0.27457490840437215,0.04,0.09964767594100482,0.1804794502591291,0.26042783289733706,false,2
5878,0.4289500576807357,0.3,0.33785040113615894,0.3316340483944076,0.42819801509884753,false,4
5879,0.4210907939395469,0.27,0.33388818580688856,0.34690451720065313,0.36005157696831286,false,2
5880,0.36584812510767484,0.12,0.1877179979400788,0.14127453215247698,0.25007347758626786,false,3
5881,0.29473892575013394,0.05,0.22151681923298241,0.2130601182743104,0.2613084561496015,false,5
5882,0.8206270361861121,0.6,0.601013165215977,0.7061617224813156,0.7540348334258171,false,5
5883,0.43368255458814453,0.3,0.1501528772092229,0.3158434306042903,0.2862537096551804,false,5
5884,0.4526018728582054,0.49,0.47054732629810464,0.4636442617192264,0.5259695847950787,false,5
5885,0.40719330312890045,0.62,0.643645621990362,0.5982971120727567,0.4458802251253041,false,3
5886,0.4360808605781853,0.45,0.4975908174411922,0.45115265323735604,0.5255283018711346,false,3
5887,0.5873902174469191,0.44,0.5224327505940166,0.5769385474455191,0.5881458183866864,false,5
5888,0.46508206992760054,0.14,0.3055846024507042,0.38790553389283494,0.33051917552632326,false,5
5889,0.3370791876109258,0.33,0.1857877566308591,0.25628678860971993,0.2532856182580788,false,2
5892,0.3787094859766842,0.34,0.2753254493587998,0.39709852933143763,0.35453052858714645,false,3
5894,0.5923817600147504,0.36,0.537065416165164,0.5546566994534036,0.5571886924111659,false,1
5895,0.3124932948725179,0.3,0.2917043085507017,0.25362887701181736,0.25197384371287346,false,1
5897,0.4252224300504084,0.21,0.10922662533307516,0.31200181458738324,0.2931301782590732,false,2
5898,0.26440803081202785,0.08,0.13379040214536453,0.12968797345824393,0.24576733761624614,false,3
5899,0.31982108963252537,0.24,0.2604571557082237,0.2578776836833246,0.2595612444963342,false,1
5900,0.3595216245093033,0.4,0.3694907771820135,0.5486316140728744,0.4209838901037066,false,4
5901,0.31374996432108665,0.22,0.1315252138350852,0.21762952741252764,0.24163906357996245,false,1
5902,0.5136500834166635,0.34,0.17683418424196426,0.5465550299932265,0.7639267147726767,false,4
5903,0.3014867882006178,0.3,0.41815783214417246,0.3763907342841257,0.4029392358182214,false,3
5904,0.31270938888354827,0.08,0.12412736431297604,0.18579991938538473,0.23413672022364132,false,1
5905,0.47375447287166594,0.24,0.5015687283673195,0.4412462638764709,0.47500047472416623,false,1
5906,0.33088666080418155,0.38,0.5505176270542065,0.45019596959317554,0.6005717411110328,false,2
5907,0.5969762270667177,0.5,0.6822015833840469,0.6168508081042773,0.597984457794055,false,5
5908,0.5969762270667177,0.5,0.6822015833840469,0.6168508081042773,0.597984457794055,false,5
5909,0.5877293060356765,0.19,0.5959470395086284,0.42939329017236116,0.6166642313135321,false,3
5910,0.23613132292270433,0.0812142857142857,0.17777573036331556,0.19701959283866127,0.2438345924553573,false,5
5912,0.38851566548158467,0.09,0.18148015396101946,0.3324579320947826,0.37559389756201295,false,5
5913,0.4245689828154721,0.45,0.40001650323725324,0.43352695684566145,0.44493170364662077,false,3
5914,0.38615205668846886,0.38,0.27287901972530454,0.49763569767314086,0.4520870989373254,false,3
5915,0.7233474705185555,0.39,0.58029805870468,0.5207271573034267,0.6561830352309369,false,4
5916,0.7600060193741827,0.46,0.6332873493259784,0.5617529875039634,0.7331091544050405,false,4
5917,0.28072871186287757,0.0,0.05547421574137469,0.17409279720665263,0.24547319793193761,false,1
5919,0.32883917574493665,0.1,0.14259234299528872,0.19231298662831922,0.22719519804980565,false,2
5920,0.28072871186287757,0.0,0.05547421574137469,0.17409279720665263,0.24547319793193761,false,1
5921,0.3012831169183449,0.04,0.04509678708673945,0.16990256430273282,0.22869085098022202,false,1
5922,0.462541384113059,0.43,0.5479499457605296,0.4605771360352346,0.489238542203059,false,1
5923,0.2559607590340194,0.04,0.034693917804326936,0.19534674093536325,0.20897549033372387,false,3
5924,0.3125835146598034,0.11,0.24553694196003362,0.249513712295183,0.26429386521164294,false,1
5925,0.557478728761793,0.54,0.7223565253216914,0.6668627656906091,0.620698508651159,false,4
5926,0.20030937017660613,0.02,0.05379669188883468,0.09407887224846634,0.29377920198615587,false,3
5929,0.3124474173068849,0.0,0.06874105425101329,0.15693318210039378,0.2311312038021234,false,2
5931,0.29055044384920325,0.14,0.0868812911392802,0.10149070264530786,0.24196289931520712,false,4
5932,0.3410688052910525,0.44,0.47564387788958434,0.4908412542034953,0.4119181364362392,false,4
5933,0.39882185321279995,0.44,0.1913334851845494,0.3867297517128461,0.37817174863905395,false,5
5934,0.2626995848004416,0.21,0.41282579056917734,0.32945251366269745,0.2790214732653099,false,3
5935,0.30287173429380954,0.05333333333333334,0.16676372905905953,0.18257826263176632,0.25696337847266876,false,1
5936,0.27311166010995913,0.07666666666666666,0.1060687278419197,0.2204029987309463,0.22924741519351566,false,1
5937,0.27311166010995913,0.07666666666666666,0.1060687278419197,0.2204029987309463,0.22924741519351566,false,1
5938,0.30287173429380954,0.05333333333333334,0.16676372905905953,0.18257826263176632,0.25696337847266876,false,1
5941,0.24847192398087303,0.2075,0.2712817252647075,0.2847404641724369,0.2501430084523464,false,4
5942,0.36504107656793655,0.35,0.421888912280599,0.36385937054644507,0.39644643968631244,false,3
5943,0.5777087077314434,0.28,0.15431564683632978,0.3855359410541299,0.39960039009552845,false,3
5944,0.34964378407457136,0.45,0.15966721150264385,0.3049822275322753,0.42207908091400226,false,2
5945,0.3450326512474132,0.36,0.4555643168206657,0.39693517037643283,0.3779011385342108,false,1
5946,0.32812529464327284,0.3,0.2744980812612595,0.31361306152168017,0.32695377622304056,false,1
5947,0.33262961985796197,0.19,0.17434929213601225,0.28034753947286306,0.256983291947935,false,3
5948,0.2614210614939131,0.07,0.03285430400866288,0.13010124421571845,0.20361188899810337,false,5
5949,0.35803539663593864,0.14,0.14031226672727207,0.1922963229694335,0.22134341564762486,false,3
5950,0.3993692338704423,0.05,0.0935329383249667,0.0963211443490879,0.21627987569195006,false,3
5951,0.37876739895947337,0.22,0.43830461447912045,0.3142563954158604,0.5126398098055174,false,3
5952,0.3760833818041172,0.72,0.4328752680415066,0.4910221740829575,0.41261268077923086,false,1
5953,0.42222035748278713,0.09,0.1729184529154975,0.2664339166049847,0.31454219781317116,false,1
5954,0.4885331917880524,0.36,0.5605206681509426,0.4151014753709108,0.5342613099718023,false,3
5955,0.568892320994968,0.35,0.5226269614254213,0.5715660642275022,0.6095754922728549,false,1
5956,0.33636857452541535,0.0,0.0925061632041676,0.17618344901174535,0.18268381425322852,false,2
5957,0.33734343831533525,0.34,0.26684044309611776,0.3931753025523731,0.4002858874483048,false,1
5958,0.30789385522628154,0.12,0.1426394687192143,0.19838128623013465,0.2356988653250711,false,3
5959,0.303213847220145,0.12,0.1660423428542293,0.18613135446563397,0.23777863232320778,false,2
5960,0.5931796809127345,0.51,0.5576394784238049,0.6193064428636581,0.7149984401155751,false,4
5961,0.42309832136901165,0.12,0.1676482443114626,0.2928685007861375,0.3329256631712854,false,1
5962,0.30792363133461215,0.08,0.18434846786494716,0.2401290624165203,0.2417722462876328,false,2
5963,0.43217399767019987,0.26,0.3784688727037301,0.3061965069459264,0.4888799620382447,false,3
5964,0.3460118527189911,0.17,0.23545996431891617,0.28227237064860544,0.28671322001412464,false,1
5965,0.36055408632202723,0.23,0.18575321327488323,0.3102473731913839,0.2769531160890238,false,1
5966,0.2858322458713555,0.03,0.07506416111982644,0.17803422323366352,0.24547319793193761,false,1
5967,0.30133375344890495,0.36,0.30036944940963445,0.3598285195901196,0.3338937564985317,false,3
5968,0.35538556772074803,0.42,0.5158899676828302,0.3436594456693698,0.3960977446256419,false,2
5969,0.3982057660813597,0.36,0.6096607094032237,0.49098990572028023,0.4972116317132379,false,3
5970,0.8574444607556322,0.76,0.7710189351612027,0.7370929116934362,0.7683707150756819,false,4
5971,0.4302664367644534,0.14,0.21828052621251892,0.3498977300180172,0.3739683724427327,false,5
5972,0.31626845475677234,0.23,0.1971576866035339,0.24503019288932595,0.2580346748852784,false,4
5974,0.4031852426218076,0.12,0.40238354676452437,0.31857304675141324,0.4190261968247626,false,3
5975,0.49893118696122424,0.3,0.5327160158363424,0.3586911218062564,0.5250436264523393,false,4
5976,0.4890458206649048,0.3,0.4975333825678731,0.3477602927641376,0.5367473979209371,false,4
5977,0.3375598594844529,0.26,0.21056528258857257,0.20515781306768166,0.23318699762494138,false,1
5978,0.3388463054559912,0.24,0.25600882024059035,0.2435673537390931,0.30216641956876605,false,1
5979,0.4463281746617955,0.3,0.47109182691639223,0.42964292415063904,0.4895456371289728,false,4
5980,0.3994277912937192,0.22,0.3279880857570081,0.35733351852520356,0.4180940047863768,false,1
5981,0.42270539642103383,0.42,0.5320492553996891,0.47016709265994616,0.49154520465962276,false,5
5982,0.4223414896759638,0.25,0.3275680915075026,0.42838045282378884,0.4652541453907243,false,5
5983,0.4425016908865632,0.38,0.4374122874939324,0.34972984967432147,0.4409085377385944,false,4
5984,0.48485921658321407,0.35,0.5100674410846477,0.5142387300474249,0.5277720689656522,false,2
5986,0.3521911952326428,0.07,0.13914649301781412,0.22924865791564944,0.25042889243776434,false,2
5987,0.5736635682304175,0.61,0.7055391649577616,0.5743958219031255,0.6067367840131485,false,2
5988,0.271240774247255,0.08,0.03601718299984212,0.15746726231899202,0.17257205968460526,false,3
5989,0.4310028382834936,0.21,0.05377739830282161,0.22888352525409558,0.2573786188792992,false,1
5990,0.2723093648338842,0.55,0.22133264340261008,0.5143850656288081,0.291802474439827,false,3
5991,0.5190814515779625,0.37,0.39329841004558136,0.44009970675366566,0.6177063683631089,false,3
5992,0.5598004019882866,0.32,0.365626494978646,0.49040113828131376,0.523349335740965,false,2
5993,0.35021663799857927,0.13,0.17159468284609844,0.15170026600813208,0.344575759662972,false,3
5995,0.7996356083471737,0.97,0.8860408659211538,0.8988511094047458,0.8082992765328518,false,1
5996,0.6614988041929487,0.72,0.8182202717408102,0.7584886570855097,0.7577157928803055,false,3
5997,0.845206954528017,0.8,0.7857379621369693,0.8402558025802069,0.7830439389652714,false,3
5998,0.44644692579864603,0.46,0.5902196091750962,0.4527759714932782,0.5941387299329803,false,5
5999,0.3368476398750875,0.27,0.330116495923601,0.33820915596813317,0.32391833824653193,false,5
6000,0.36796056934226967,0.57,0.48930677515818627,0.47879379073151235,0.5322963503499575,false,5
6003,0.40194392971772963,0.1,0.3374108866087962,0.34682501751353584,0.3601490826469283,false,2
6004,0.46271138094825986,0.45,0.5057626503283612,0.4291296620714795,0.5003255108462522,false,3
6005,0.5855087479764125,0.6,0.6440640360648464,0.6927866001751855,0.6559097442278174,false,2
6006,0.3795311676339298,0.27,0.14942862486924935,0.39152084136166104,0.39271063392757394,false,2
6007,0.37271642405711275,0.17,0.12096815295830055,0.32324825427230097,0.2828190706142978,false,1
6008,0.45345987125828197,0.23,0.4599349920105309,0.5420163093505167,0.5583729827910185,false,1
6009,0.4709108108427635,0.57,0.5848936919731462,0.6278241916144933,0.5845674297319354,false,3
6010,0.4481707904267185,0.21,0.37212848978662755,0.40731341279176425,0.4823234713210957,false,1
6011,0.4433098811241486,0.19,0.27873647834040294,0.22943258671153408,0.4744635036937937,false,4
6012,0.5144383715303744,0.3566666666666667,0.45578601092946525,0.5171877213367854,0.5020609498999685,false,5
6013,0.35774040325067574,0.05,0.22182221584473177,0.24270431702507544,0.3120383121514582,false,5
6014,0.7042689071930117,0.7,0.7941062134399535,0.7322795797221283,0.7110833307102695,false,1
6015,0.4334973609421019,0.17,0.33637253242339094,0.3470485957620636,0.4212214165209761,false,5
6017,0.4507168436738819,0.13,0.28643840801070736,0.36701858241922347,0.42116152437701837,false,1
6018,0.35232414324093375,0.24,0.3610552610758439,0.31660649143113906,0.33844125143537945,false,1
6019,0.9402791712412792,0.97,0.9329244534421867,0.9003763309468026,0.8070876011892473,false,5
6020,0.3847417475042517,0.26,0.3558702124997702,0.3359672980725247,0.3218859651208068,false,5
6021,0.9934835550279051,0.62,0.8668019913488123,0.8195960620064051,0.7910080443983272,false,1
6022,0.8597013559102656,0.68,0.7645349327228089,0.8053095611071869,0.815871808746129,false,1
6023,0.466197296652761,0.29,0.3247907887055215,0.37879597087190214,0.3927057642684373,false,3
6024,0.31426493594710964,0.35,0.3774482617552487,0.28107125860064297,0.33841983988613256,false,2
6025,0.5312487894747502,0.13,0.25676638703579135,0.3125953244055671,0.4262727317223973,false,3
6026,0.32576970659740817,0.03,0.07707844276000493,0.1634555501595566,0.21742225812255642,false,1
6027,0.5010668825507715,0.15,0.38440323594570674,0.4562532141154414,0.5495958877308441,false,2
6028,0.5380088480205923,0.38,0.6722154019846877,0.6356885826021902,0.610714344475524,false,1
6029,0.3282114437696743,0.05,0.12503021593323357,0.14918047255059208,0.23469580971196333,false,3
6030,0.4716312127337005,0.23666666666666664,0.2964770436395622,0.3118245809438842,0.3653368482940933,false,5
6031,0.5352920483577843,0.51,0.6729418117437347,0.6278253413551519,0.6481021201345862,false,1
6032,0.32500881566886547,0.15,0.18173911893417835,0.17584258354304796,0.2487702790898354,false,4
6033,0.3599367952738077,0.15,0.2492035408946752,0.3124155780762025,0.36688515403894484,false,5
6034,0.3557930471632702,0.15,0.1411147065988174,0.203065107238435,0.22856248271707033,false,3
6035,0.5310168700196063,0.24,0.5049466973497431,0.5186274953252756,0.5758780462537954,false,2
6036,0.5230316174185601,0.26,0.44369958722268693,0.42792949576634454,0.6000004435234279,false,4
6037,0.5393887719928968,0.29,0.6490080002943219,0.6769864386799115,0.6411921154875865,false,4
6038,0.502169852602524,0.46,0.6697554415585772,0.6630926093823425,0.6325509485882759,false,4
6039,0.3006989324271924,0.22,0.2865407760935689,0.21607686258940628,0.24573171391061896,false,2
6040,0.30501837722903785,0.15666666666666665,0.2748104635716652,0.18888053604070926,0.2446330753317746,false,2
6041,0.4925629247643232,0.43,0.18341574929181764,0.4495028901810649,0.42962120797438397,false,5
6042,0.5753270897114938,0.68,0.5651128301824887,0.6689307276603976,0.7281612412552755,false,5
6043,0.3619406881567146,0.06,0.1706700635957865,0.22129082191458352,0.24724545196149433,false,4
6044,0.8324989411126009,0.74,0.8087157486022574,0.743932449357436,0.7422635508352844,false,2
6045,0.5649144963723703,0.85,0.6775021425258835,0.7365856843248234,0.634192743212374,false,4
6046,0.4755055321825611,0.47,0.6037619768073852,0.5614350003811572,0.6187795206980037,false,2
6047,0.24194704960144187,0.04,0.2749153981974145,0.2627402491521297,0.26365319122685427,false,5
6048,0.4742947684060066,0.31,0.381698170228487,0.3049560619494847,0.45540652251434877,false,4
6049,0.4637554347877468,0.49,0.6470147494215471,0.511237904523362,0.5160295469804199,false,4
6051,0.35802486230460234,0.76,0.5547429780772959,0.44357448873145183,0.4102832244563131,false,2
6052,0.3815500329676296,0.16,0.35501551520398167,0.2513282452568036,0.3342961855104712,false,3
6053,0.4389034665464616,0.29,0.3423679708421187,0.21305392602986806,0.27356945535842314,false,3
6054,0.3110358375520096,0.19,0.16320181894584798,0.27347696128128096,0.26130804490392257,false,3
6058,0.2817875834670065,0.4,0.2463781206680619,0.2478209464469139,0.23711940739568635,false,4
6059,0.25930885987585534,0.05,0.20223511231318006,0.2507726212109331,0.24845116125534436,false,2
6062,0.4159324896560408,0.11,0.3658466886241516,0.2075866569510233,0.3454523239648859,false,3
6063,0.32406986949499783,0.01,0.2168066596223104,0.20482242427398994,0.26568439790005943,false,1
6064,0.33151400902845657,0.0,0.04082758021891756,0.060795676545676545,0.1798107386574255,false,4
6065,0.3155956566574022,0.01,0.12510737952517792,0.18453874459983355,0.2261152145376089,false,2
6066,0.4091512267763937,0.1,0.21829448315110195,0.28187164156140787,0.2766936037972197,false,2
6069,0.33958120433136707,0.08,0.21995523580555146,0.22274257278669043,0.312731126733268,false,4
6070,0.27206769983922535,0.07,0.06020919583083815,0.24369311184031794,0.21355520697810373,false,3
6071,0.3448027759040192,0.43,0.39238212420760504,0.44779816172862413,0.34693260646990826,false,4
6073,0.2821260905528229,0.63,0.6430171879624359,0.53114656606001,0.3862531183683307,false,4
6074,0.31101803865826294,0.28,0.2236253707276943,0.2639332104701417,0.29165668959440444,false,5
6075,0.30829237861234904,0.11,0.17920483461343117,0.13798595357801705,0.25590490401051064,false,3
6076,0.3090636702179092,0.15,0.20347055462702615,0.1847850450754166,0.24624818075512875,false,1
6077,0.34080178069266975,0.27,0.36016546439239655,0.3957855784417808,0.31105806345254106,false,1
6078,0.3059492938265821,0.15,0.22762768178049536,0.21533778771520168,0.29933224630124516,false,1
6079,0.3238567233458511,0.29,0.17467789599097458,0.27603709209132826,0.24350118559731035,false,2
6080,0.5374661419056622,0.36,0.38722566316887835,0.28475533920843515,0.3318461891354683,false,4
6083,0.41635614806001486,0.04,0.2564566823931054,0.20046379388302388,0.3921809911974811,false,3
6084,0.4291138218863211,0.3,0.42786458135452227,0.3704941072804227,0.40273618695436514,false,3
6086,0.5374661419056622,0.36,0.38722566316887835,0.28475533920843515,0.3318461891354683,false,4
6088,0.3458346760090839,0.22,0.34313717268664023,0.29871188536547527,0.2781607955237196,false,5
6089,0.3287988206498687,0.75,0.29113513787811923,0.29996835149803935,0.33621741448812276,false,2
6090,0.4031740486835057,0.24,0.20440832979256787,0.2253785600842715,0.24618324652212895,false,5
6092,0.3339087492657899,0.35,0.29831850918578606,0.30728983458544373,0.34580430097934334,false,2
6094,0.44828845800449063,0.21,0.27585215815551317,0.3656930538604374,0.43527529260947756,false,1
6095,0.28313557727207656,0.02,0.09209278676811385,0.20777827494178835,0.2526170239319668,false,2
6098,0.3059492938265821,0.15,0.22762768178049536,0.21533778771520168,0.29933224630124516,false,1
6099,0.3238567233458511,0.29,0.17467789599097458,0.27603709209132826,0.24350118559731035,false,2
6100,0.7460980165632939,0.68,0.7409762583599326,0.7160571209643927,0.7431822989410346,false,4
6101,0.30286612153550807,0.09,0.20633492742671203,0.17820891873103148,0.21836239262218346,false,1
6102,0.3791379651888159,0.11,0.07936928621045154,0.24235335174687608,0.2565734244985742,false,5
6105,0.37185723512910246,0.46,0.24191155225835168,0.31096977627532696,0.3279761001071979,false,2
6106,0.35139135342583916,0.02,0.15700125180208874,0.12179462001505913,0.23573612991121132,false,3
6107,0.3614474469276426,0.27,0.43282987560702024,0.3988318333541223,0.401833766233482,false,4
6108,0.35139135342583916,0.02,0.15700125180208874,0.12179462001505913,0.23573612991121132,false,3
6110,0.3090636702179092,0.15,0.20347055462702615,0.1847850450754166,0.24624818075512875,false,1
6111,0.6436316105818745,0.5,0.730776801270269,0.5472685510523037,0.6810515355765973,false,4
6112,0.32468056896640124,0.07,0.1859896821448319,0.2377571674000848,0.3249742652955295,false,5
6113,0.5380711118831082,0.28,0.1335370627804523,0.40122813201018687,0.42516803062854164,false,5
6114,0.4464541519502251,0.37,0.40563132478805486,0.3705482496444658,0.49247836704268644,false,5
6115,0.33433149155605324,0.1,0.14205781058203815,0.24204995570069834,0.23359705618942778,false,1
6117,0.496969357299414,0.35,0.3429658860411414,0.3093273019655043,0.5205735876686625,false,4
6119,0.4204599260052658,0.11,0.39508311596055,0.30967112560355564,0.4252630762203954,false,3
6120,0.49312991818218227,0.4,0.48869947310902845,0.471622488369031,0.44390291179888924,false,3
6121,0.5380644183046496,0.2575,0.5861636021297675,0.4368597634701045,0.5160582133491612,false,3
6122,0.539261033629401,0.4475,0.46847059554596765,0.48709884961554606,0.5136056316504254,false,4
6123,0.49661243269088046,0.53,0.5640528741650452,0.5611757841870102,0.6135719965419038,false,2
6124,0.3690054333855893,0.17,0.2046260440418872,0.26629403023106624,0.33662045070163576,false,2
6126,0.3074603836631611,0.01,0.27466361684583834,0.226700754679417,0.2916186253312958,false,3
6129,0.3074603836631611,0.01,0.27466361684583834,0.226700754679417,0.2916186253312958,false,3
6130,0.4608295901461116,0.13,0.14115530263090015,0.2746940647005569,0.2928173058278153,false,4
6131,0.38763179431047,0.15,0.3586368444906919,0.24045230589217706,0.3927969368740667,false,3
6132,0.406707399841634,0.1,0.1925904752438971,0.29575595322184556,0.33717326632100847,false,5
6133,0.3597065056531552,0.29,0.5190066349211789,0.4925258740312064,0.5011173935218775,false,1
6134,0.5084929457117229,0.3,0.43603106304251144,0.3004099775151312,0.4430606643990469,false,4
6135,0.5684213831077772,0.36,0.3780462207867508,0.42497892589651215,0.5354982782293767,false,2
6136,0.3519280205559892,0.08,0.2507261810740742,0.18069258961243423,0.3126579539895138,false,3
6137,0.6250626662936751,0.48,0.720142292922928,0.6249777627069935,0.676543331128443,false,5
6138,0.41218495259125393,0.63,0.5187484923272059,0.5557652900117553,0.5026669044838511,false,1
6139,0.5020925393385396,0.32,0.37107929943422624,0.32003844392135244,0.5171631696340797,false,4
6140,0.4706276844580438,0.28,0.46061650566928614,0.42349536938944754,0.4495748867096684,false,1
6141,0.442027069574907,0.34,0.20466990161954496,0.361419888374242,0.43836265468650837,false,3
6142,0.4199932677969026,0.24,0.5983560152212086,0.4475343210115419,0.5053791341872942,false,5
6143,0.5100323543729368,0.5,0.46017569899922833,0.6476916770938468,0.5614928301333982,false,1
6144,0.3623638595998678,0.1,0.2347808254646546,0.253542491762092,0.27753311183911655,false,2
6145,0.3888372470642172,0.21,0.32060661215723935,0.2597376697262146,0.3772244175540432,false,4
6146,0.6035287138633695,0.48,0.7014057280106157,0.5162180927510992,0.6561369338073053,false,5
6149,0.37220797910239,0.26,0.31712692185781954,0.39433609175608786,0.43002486381021426,false,5
6150,0.363161339187849,0.41,0.4113448701732076,0.360095849276847,0.3910333113802852,false,5
6151,0.2616759996194764,0.14,0.051785763018551825,0.293976500129154,0.2827041902516753,false,1
6152,0.2394669720255151,0.5432142857142856,0.4164296409736001,0.334694481846849,0.4198805993123599,false,5
6153,0.5830476793846892,0.31,0.5215756468072892,0.4793893454090696,0.6350893259650775,false,3
6154,0.5582318623987653,0.29,0.5415579035148488,0.4004356286085777,0.5997847415027122,false,4
6155,0.27847590158827445,0.37,0.5249445527944628,0.3405268457869869,0.3661926795511273,false,1
6156,0.8433809873337187,0.69,0.7614455831539315,0.7840993125625053,0.7804588409914035,false,5
6157,0.3647169583598525,0.35,0.3289752021163443,0.4386841505695526,0.440519152214678,false,1
6158,0.5833392142800321,0.51,0.6485032907442665,0.5089192013241566,0.6472911139786596,false,4
6159,0.9217413000801223,0.58,0.6962656944440145,0.6483324189893555,0.7524101176712726,false,3
6160,0.6200800484636935,0.52,0.6389278323765908,0.6789900023092909,0.6435474457099659,false,1
6161,0.5971569949195585,0.28,0.2835673593311285,0.536260149815945,0.5488502582427067,false,2
6162,0.3666581460673737,0.33,0.39592648874381875,0.39833750132257,0.43102749664357537,false,3
6163,0.31396067268004674,0.17,0.3126048140795946,0.24588820436669878,0.2948664154517759,false,5
6164,0.32233165130837527,0.12,0.16382943508669748,0.1371793790228212,0.25253687515259554,false,3
6165,0.6476590501523708,0.54,0.4609771346523619,0.6606861319570612,0.704079432087551,false,3
6166,0.4365046872035649,0.37,0.3508294652630277,0.4237831503961722,0.41591266377529085,false,5
6167,0.3102923050618159,0.61,0.7129443776665162,0.6128011477324585,0.5470378104216547,false,3
6168,0.7205421606669435,0.53,0.7317811369854683,0.7142537626446948,0.7672448497477391,false,1
6170,0.36321643692976147,0.1,0.1601309292723446,0.22005632354048973,0.26481499114067286,false,1
6171,0.42450011065177473,0.08,0.23515679122620697,0.13362672314355753,0.4157363682189109,false,4
6172,0.36074331730845066,0.12,0.15690484375458585,0.2733384555874077,0.330181422490604,false,5
6173,0.40519469761985116,0.13,0.0906279024210903,0.13538361314038555,0.23564800410496295,false,4
6175,0.4175823822939065,0.04,0.10523152466110419,0.11602772925403103,0.2448659135952424,false,3
6176,0.40389743156046803,0.06,0.28795950361908873,0.2633649784557735,0.33452674004480154,false,5
6178,0.4529037471761053,0.09,0.12139073165586273,0.3217416107978157,0.3294845820941352,false,2
6179,0.510540721588637,0.08,0.35338931645012667,0.32993294578506605,0.43459244316080176,false,5
6180,0.43500466174300434,0.26,0.2386006217709951,0.309720418839057,0.3997821500412571,false,5
6181,0.4913618411468206,0.18,0.28771454780761707,0.30871978956248886,0.44934425425406355,false,4
6183,0.4744037445595598,0.17,0.02817725302343954,0.3383459509981531,0.197133753291654,false,2
6184,0.42450011065177473,0.08,0.23515679122620697,0.13362672314355753,0.4157363682189109,false,4
6185,0.3758688626955688,0.13,0.22529180444006183,0.2023303828180763,0.28679965546017433,false,4
6186,0.37069895604074454,0.07,0.07427675300727929,0.07027518067363606,0.23868703471271968,false,4
6187,0.5234823183048058,0.24,0.2959035657172576,0.32840630413929106,0.5144626527772548,false,4
6188,0.5377464348658431,0.44,0.6157464893303094,0.47875127466048184,0.6564225199306087,false,4
6190,0.31970706335935556,0.23,0.306720161423976,0.3046489925802707,0.3431080106935407,false,5
6191,0.30575419091889156,0.41,0.25023529701916003,0.25255815485398647,0.28740448627765636,false,5
6192,0.40870823979314086,0.25,0.46111081548576743,0.3950384693251586,0.43356276084273626,false,2
6193,0.37966729366129526,0.04,0.1918889984113097,0.16954122320259166,0.2595147826927341,false,3
6194,0.3525516918480309,0.1,0.05668418220755707,0.16389056514520914,0.24397069767046153,false,4
6195,0.36543590577009283,0.27,0.5568138597832792,0.3999788923626014,0.47530313870481083,false,2
6196,0.36831813650244566,0.07,0.25991852589330977,0.22670568290760643,0.26343266719426905,false,5
6197,0.7381307756000588,0.71,0.8964619732697284,0.8026523522408641,0.7571555947127309,false,1
6198,0.35389537013515543,0.07,0.05195193494141122,0.12359408634193382,0.20905396987066635,false,3
6199,0.46706733398806743,0.39,0.5602391475697354,0.520653983181875,0.554548902922305,false,5
6200,0.4099320896342972,0.09,0.39202406382520244,0.33789969683335097,0.399231197709263,false,1
6201,0.6308539782664744,0.71,0.6976899036312412,0.7512919140497644,0.6672001566339256,false,3
6202,0.6990024181938054,0.78,0.823196210542168,0.7963812737893262,0.7540843975107232,false,4
6203,0.3134699345866217,0.18,0.09631483436758052,0.21944901089580424,0.23643091017645423,false,3
6207,0.5173452109845896,0.22,0.5340424156842409,0.47098330261272214,0.5160242792076213,false,5
6208,0.5157710720190665,0.27,0.4238501639872313,0.4294619294540742,0.429087487713881,false,5
6209,0.33072196309326335,0.11,0.2270634805470239,0.27368422942187626,0.3339110484874008,false,5
6214,0.5077464422414917,0.18,0.4533713086236934,0.6143320199927412,0.5885967217879855,false,1
6215,0.6631632479347247,0.8,0.6961387077316173,0.7350939558684896,0.6968427234260112,false,2
6216,0.7549840910812451,0.64,0.7642574891523952,0.7020637061355857,0.7763313737733456,false,5
6217,0.4019303185483725,0.43,0.6142825792604162,0.474391979154563,0.4555158446147376,false,3
6218,0.4191620488652535,0.49,0.6291298252964543,0.4889330392647118,0.46937341619268047,false,1
6219,0.45582073202039974,0.31,0.59380560557403,0.5813630010400466,0.6099420128903652,false,1
6220,0.3897646111361879,0.29,0.29010102208285105,0.4327464919015081,0.41888863545708777,false,5
6221,0.30335573283127265,0.69,0.31050466554776,0.41362319116827784,0.3640088241523809,false,2
6222,0.43114568716505663,0.1,0.17152423533789782,0.20071632095693012,0.2617034995819914,false,1
6223,0.38691471355860635,0.16,0.3882816477187384,0.38860907604910966,0.40381184926862057,false,2
6224,0.45135956275318806,0.26,0.40121712838361573,0.3567046524653588,0.3509770336683924,false,1
6225,0.48378393715838264,0.35,0.4656907939271729,0.4950170683379261,0.46926043040074616,false,3
6226,0.3175998425319222,0.31,0.47445669280738717,0.42483597405813467,0.3842871720506927,false,3
6227,0.41048809536463354,0.24,0.4554189352725202,0.40388151007608514,0.38988667289193824,false,5
6228,0.5712359891108998,0.49,0.3480787485169521,0.45250062543733754,0.49614294968622275,false,4
6229,0.3083761436044803,0.18,0.03358625336400437,0.2793242657501349,0.2441237545222357,false,2
6230,0.3176603149481455,0.09,0.11170803290401417,0.18928573631129492,0.2382356887739162,false,4
6232,0.5025647501630629,0.1,0.504605735653357,0.6220467158419358,0.5848754710555074,false,1
6233,0.4631523346390353,0.25,0.504605735653357,0.6195770829631096,0.5848754710555074,false,1
6234,0.5956285079713399,0.49,0.6247365039171897,0.6326822332156555,0.6073312745365418,false,1
6235,0.6547815108984818,0.67,0.6671004942262596,0.635979913720741,0.6525790615524268,false,5
6236,0.39013739426617694,0.24,0.32300878157025337,0.3222366347134954,0.35039187976562647,false,2
6237,0.7902014631018751,0.71,0.8298330270410664,0.6973128388778745,0.7499597391813354,false,2
6238,0.38064406024102004,0.12,0.32838936445418654,0.2735214394590262,0.3479773082342084,false,4
6239,0.4631523346390353,0.25,0.504605735653357,0.6195770829631096,0.5848754710555074,false,1
6240,0.4717654399647039,0.18,0.6222550022848746,0.4419501852871855,0.657583306707409,false,4
6241,0.4554120147093489,0.18,0.20651766820387601,0.2810494199593866,0.4156709341146209,false,3
6242,0.765432151888319,0.33,0.7328402076518441,0.6654255712013852,0.7017131178945024,false,4
6248,0.7078801784588954,0.47,0.41631398340647047,0.6297511616377677,0.6832567470039494,false,5
6249,0.2893625863953478,0.01,0.04152747436577304,0.19172649915025705,0.23529691351694348,false,2
6252,0.4105367431248253,0.28,0.3455241567214401,0.39186687406731574,0.5019751815719422,false,3
6253,0.5916042375295208,0.47,0.5088817281050935,0.5731998075918966,0.6316082298131521,false,2
6254,0.4345940396000591,0.28,0.3624979183639689,0.36181780911143796,0.40428509633803766,false,1
6255,0.7030995486708725,0.52,0.30282774754542263,0.6011319648551992,0.7009207164335025,false,5
6256,0.3116584114657444,0.29,0.5836575302081277,0.5439681636724266,0.4201046269229561,false,4
6257,0.5364576493370207,0.63,0.6118209751668924,0.66173438454284,0.6248469955277921,false,1
6258,0.4876019348938047,0.55,0.6011146583142521,0.5609825383529364,0.6128455779233555,false,4
6259,0.43175996117689835,0.31,0.4316984538196754,0.43998538823143846,0.4506625979349672,false,3
6260,0.5520744626703921,0.3,0.4664282894110248,0.539130913302059,0.5586573597106479,false,5
6261,0.34238810439918466,0.08,0.34490547141364497,0.1768536577381078,0.3900039865945728,false,3
6262,0.3973868039373264,0.21,0.24248146880013577,0.31343108771931694,0.31368203782330767,false,2
6263,0.4359747593891916,0.27,0.44513158828472776,0.4440430935445219,0.4843253016268874,false,1
6264,0.31791306276746806,0.08,0.19187974488371468,0.16926670792649737,0.22866369155992175,false,3
6265,0.3823879707814846,0.14,0.26961387878140436,0.2424593597709171,0.2768772488980085,false,1
6266,0.49395854056166905,0.27,0.33298247725543423,0.4102373507685366,0.43405184388467105,false,1
6267,0.5159558514671789,0.31,0.46603290256376056,0.45056216273492955,0.5993040523646934,false,2
6268,0.49830113918388924,0.22,0.17932721234353638,0.3953707673978222,0.3537278870355113,false,3
6269,0.5234842805307747,0.33,0.3152784401703048,0.4402345953211645,0.529881747515283,false,3
6270,0.44085170947972385,0.26,0.24266650398018344,0.21492717560209662,0.3661295635277316,false,3
6271,0.4280612327999632,0.23,0.21753131380863486,0.287834960659121,0.40431377693349313,false,1
6273,0.3379409847708965,0.21,0.14227514904278052,0.2560349307713841,0.29381756957496974,false,5
6274,0.2776493991494251,0.24,0.16105978437434568,0.24424723639712956,0.2691329986761618,false,1
6275,0.6010001766979867,0.49,0.568106156235065,0.5741016934770518,0.7460620393280039,false,5
6276,0.48521029040481967,0.23,0.2263474858615006,0.32716249205991266,0.2461561336283352,false,5
6277,0.4706329396689483,0.26,0.333572773546929,0.3683749730357495,0.42155708585028223,false,5
6279,0.45835853235968893,0.08,0.055985845965046244,0.1847947682023716,0.21282534765687805,false,3
6280,0.5345134768914093,0.45,0.5588919382508186,0.5936607620049371,0.578328110668009,false,3
6281,0.427940527044454,0.31,0.09517169119402748,0.3816503211283688,0.3402886152464694,false,1
6283,0.49963385686105793,0.32,0.38234444600254086,0.45997653305743597,0.6495531711119185,false,3
6284,0.5118114420236983,0.01,0.11115798081682725,0.205801062215072,0.28931583261169375,false,2
6285,0.3586025197126281,0.14,0.4284075811780192,0.28060104900048927,0.31498592642836304,false,5
6286,0.3476411243529525,0.28,0.2620568216333333,0.30856637242384694,0.36281247044718196,false,1
6287,0.3940240845987368,0.15,0.28965242053306484,0.33455638064133114,0.35364002487110086,false,1
6288,0.49004245315670525,0.31,0.2857269255788034,0.5514121844591746,0.5688924870862201,false,1
6289,0.42699986778834376,0.37,0.2759435167738821,0.39580147325839454,0.43696157295467464,false,4
6290,0.5344983714163211,0.22,0.11905080111001645,0.34603773066244037,0.42396570742147444,false,4
6291,0.5132282945615807,0.29,0.3013850566510815,0.3956375830405381,0.49831956366087793,false,5
6292,0.4440778607383252,0.14,0.0760318909927384,0.2130391492859872,0.29024810869687234,false,2
6293,0.4160880523281143,0.15,0.18572443650035975,0.18299752376676875,0.34613109604818554,false,3
6294,0.43424788750074905,0.09,0.1979842889462729,0.18890849263237,0.34196205039665495,false,3
6295,0.43424788750074905,0.09,0.1979842889462729,0.18890849263237,0.34196205039665495,false,3
6296,0.37094944999740126,0.22,0.22136383967324574,0.3065885379941032,0.33943361040261816,false,1
6297,0.38493593896375405,0.32,0.32517720606945855,0.40299462896167254,0.4376417835417257,false,5
6298,0.5300577293660984,0.33,0.3191062672696439,0.47895453986080916,0.5277775976504124,false,2
6299,0.3765457156539374,0.2,0.28372912748942986,0.3725116240244006,0.439344726144734,false,1
6300,0.3037177591468282,0.56,0.17443731171204846,0.30419587603043047,0.24068959982831306,false,3
6301,0.6077966444421714,0.29,0.516942957076066,0.45120384306254363,0.46360674945991037,false,5
6302,0.4924332411445328,0.05,0.22328821024464132,0.11687851418017825,0.3042058036484522,false,4
6303,0.2951287095565841,0.22,0.261285470290911,0.2608058634691762,0.3080004043305279,false,4
6304,0.4843593685320775,0.28,0.2818807962258282,0.413057871152618,0.5212365526504265,false,4
6305,0.4168226873699075,0.3,0.23420943000370661,0.3586621150392435,0.43411183794366254,false,4
6306,0.43314716172785317,0.3,0.22529587698047177,0.4145771737748305,0.3516708194180833,false,4
6307,0.46746460118290944,0.26,0.46580593416214383,0.48541717183462774,0.5640893748634351,false,2
6308,0.3607005567042507,0.26,0.3626147564674687,0.2687838344573957,0.2909864506873355,false,2
6309,0.7314489914965432,0.46,0.4862021463584053,0.6772502797816443,0.7596324738728764,false,3
6310,0.7551689975042605,0.6,0.7744553119460821,0.7044787522505013,0.6982612121721589,false,4
6311,0.37753858564929693,0.32,0.2245442455299655,0.34335866014671124,0.34936901928732145,false,2
6313,0.42614788212631505,0.2,0.14978036791602595,0.32105756808255115,0.3728598055580317,false,1
6314,0.2743766122510002,0.31666666666666665,0.1649068244774174,0.3119063240847641,0.2791902761948078,false,1
6315,0.39569640097586467,0.14,0.1371510997424451,0.33303160422175565,0.35663831395271856,false,5
6316,0.8903905482097764,0.84,0.9500794225115057,0.8720476917781691,0.8328964301939914,false,1
6317,0.2795868822172956,0.57,0.5541668954705692,0.5488508819633686,0.4669712551998424,false,3
6318,0.6705491973805779,0.53,0.4800327995761175,0.5909192080397101,0.5227194476888181,false,1
6320,0.4701820614974335,0.29,0.4696070133057998,0.2902574739501983,0.4999516322107039,false,4
6321,0.7125766899425404,0.63,0.8028916795436102,0.791776166772684,0.6692063737537979,false,4
6322,0.483716117801794,0.38,0.7778280437596675,0.5757697073941336,0.6702188180269576,false,5
6323,0.529921904662129,0.475,0.6091750213881819,0.5647884798779852,0.5835083040065315,false,5
6324,0.28042792162015895,0.32,0.5163400856664986,0.2515966076061637,0.30716626514545003,false,1
6325,0.41975504255517987,0.623,0.5381404985603755,0.546165917510391,0.4615815068846146,false,1
6326,0.5530199624626618,0.5271428571428571,0.5430602673369087,0.5784082022825507,0.5848903128043099,false,1
6327,0.39312909517102596,0.48,0.506604060173685,0.514067269081856,0.572583575350809,false,3
6328,0.5435311966159133,0.375,0.34555693511553476,0.469587061062693,0.5465574461728052,false,2
6329,0.4745735157542431,0.43,0.5343174662952125,0.44661032346119056,0.47722408622886686,false,1
6330,0.461504991802425,0.34,0.2877680605353542,0.45089609061333213,0.3816794048324882,false,4
6331,0.4425052750588707,0.22,0.24987838517884922,0.3465088294535766,0.40719356459252914,false,3
6332,0.3609737320052168,0.04,0.05459875363544292,0.07974463871387076,0.21588461407927695,false,3
6333,0.44814882689322433,0.16,0.246512064149589,0.20974543575507362,0.4594881174017845,false,4
6334,0.4609981819922902,0.25,0.47862541847506423,0.3971962383659344,0.5041646280098824,false,3
6336,0.39748141016848837,0.13,0.22310264440285135,0.28623365605716855,0.3491988128503846,false,5
6337,0.4114205151277495,0.22,0.23238672454844353,0.33607072512957736,0.3404586424559893,false,2
6338,0.31811071849258665,0.2,0.3989046427372927,0.3174530748999223,0.37055107352805366,false,1
6340,0.5240651935829449,0.36,0.661413893748674,0.606443329994346,0.5544123777192995,false,1
6341,0.3602559474581298,0.19,0.39167435218524577,0.28960799519481484,0.3052107472805387,false,1
6342,0.3976003363022586,0.33,0.3128000884263721,0.46969419629597714,0.49044345524485516,false,4
6343,0.417757033684861,0.23,0.29891922535010546,0.32096684055162505,0.39102915515765563,false,5
6344,0.5484917257571312,0.43,0.6364161749373465,0.5398857847907803,0.6041742804242336,false,2
6348,0.3760287914616327,0.11,0.10389331035602263,0.21735868093224447,0.20023525916480947,false,1
6349,0.446104127488483,0.15,0.20859370760357396,0.3046009309209666,0.3671322853069399,false,3
6352,0.43741885461155117,0.18,0.30409449332853117,0.3305382391824889,0.34842455510606335,false,5
6353,0.45645276934545637,0.42,0.5426523043686461,0.4542529923390382,0.5450765181643491,false,2
6354,0.4845899436152346,0.45,0.47896412324963145,0.49381669731384337,0.45992922274662623,false,4
6355,0.4737349233995161,0.21,0.3438632928294652,0.38287744088241665,0.4985368012612152,false,1
6356,0.48291518596012584,0.36,0.4182895939693822,0.4224718383172369,0.5076957055752652,false,1
6357,0.4583674834928961,0.36,0.3878944862735079,0.39354967962870296,0.44382539133281,false,3
6358,0.4469163012899993,0.73,0.6136761524356629,0.5155766930341467,0.5382968423229447,false,2
6359,0.5567448913846959,0.38,0.2970300062955251,0.541845113395961,0.45319954702131815,false,5
6360,0.5558042540564265,0.35,0.7873399205313436,0.553143923140879,0.6715180150094604,false,3
6362,0.4240704749264371,0.32,0.34050660341945316,0.4253096013516127,0.4253474427045933,false,1
6363,0.3288626155831244,0.07,0.18457384361032286,0.24415999095101765,0.26710113971656513,false,2
6364,0.3496851021611781,0.22,0.20445376535099793,0.2398603539068937,0.25115120601081015,false,5
6365,0.4544477018195469,0.12,0.6291686189348479,0.4872178745601351,0.585171725672479,false,5
6366,0.2509431550212606,0.11083333333333333,0.26932749578176307,0.25116058934798363,0.28139427441612297,false,1
6367,0.8871657400371145,0.5,0.66989805164864,0.7399763073073642,0.7537940935434948,false,1
6370,0.4389485353252758,0.42,0.4437283962362798,0.4345071904496993,0.48607747073016644,false,4
6371,0.6004782953917956,0.22,0.30411104823695667,0.5424109049388322,0.6330630987090693,false,1
6372,0.3635527200424743,0.1,0.22588773996449385,0.26061254292368546,0.3062835612065546,false,1
6373,0.41743083061806263,0.12,0.18447271467453924,0.4339078699365413,0.44261545271337166,false,1
6375,0.30090856969485635,0.06,0.11274952075715734,0.17330503669836061,0.24254586984537987,false,1
6376,0.4863415020102219,0.46,0.508612234506979,0.47571302981962743,0.4434025408742348,false,2
6377,0.41830943306608276,0.18,0.32968922128019373,0.35274817547362686,0.35472585257777983,false,2
6378,0.4766493406442395,0.18,0.3357648524091286,0.2767644319606348,0.42598322873391814,false,3
6379,0.5119741539010503,0.31,0.3570611850609616,0.36251155202531704,0.3677560038929404,false,5
6380,0.441775416506963,0.18,0.37321517146615624,0.27432113017844434,0.40607854529004295,false,4
6381,0.32812313305672897,0.1,0.1878205779634497,0.22466451327752682,0.30704302860268085,false,5
6383,0.35443015402903516,0.24,0.43988672116505495,0.24827694681566664,0.2696372092927018,false,1
6384,0.5007270018221777,0.32,0.4080164370395969,0.4404396646147908,0.5005801793762188,false,3
6385,0.20039888450658114,0.01,0.08563529234044082,0.06424969204771834,0.21457762963225818,false,4
6386,0.35443015402903516,0.24,0.43988672116505495,0.24827694681566664,0.2696372092927018,false,1
6387,0.2537587102735386,0.07,0.21130386238736631,0.22333616955540478,0.28139427441612297,false,1
6388,0.3584184829416535,0.19,0.32365984312834456,0.21841369127791885,0.22492312782421703,false,2
6389,0.49306446359577183,0.27,0.5221324859539009,0.47834269591123635,0.5610503659933913,false,4
6390,0.4534558344794771,0.35,0.5499147196155306,0.4749330737906565,0.50726577125554,false,3
6391,0.44941148944174547,0.24,0.42466444810311893,0.36848026023093455,0.4102534999313276,false,5
6392,0.5003939224643069,0.34,0.4921297607029248,0.4057599406548375,0.4315736675306872,false,3
6393,0.3694198442729407,0.17,0.41278075941400705,0.3044024503007221,0.3639923019706544,false,2
6394,0.4812987657154772,0.29,0.3323630960995094,0.3766593136767045,0.505284788310136,false,3
6395,0.4586919251689547,0.03,0.11861526625224497,0.21110752885537898,0.2740828547759052,false,1
6396,0.20039888450658114,0.01,0.08563529234044082,0.06424969204771834,0.21457762963225818,false,4
6397,0.49728357203692986,0.12,0.5388219838783569,0.4505897378131746,0.6217443730456973,false,3
6398,0.39070466081506444,0.35,0.4288426802514458,0.34950231937576526,0.36807132968495343,false,2
6399,0.38815220031938774,0.25,0.2899719546722215,0.363967142742821,0.325093577162248,false,3
6404,0.32104797174180727,0.09,0.06354039258155891,0.062269230511490574,0.22963466591675097,false,4
6405,0.38692195758454895,0.06,0.16099492457316406,0.18179394097507642,0.24962732971913235,false,3
6406,0.37497229694814155,0.13,0.1819821822064738,0.18579778446769354,0.2190910068887253,false,3
6407,0.27368651640261504,0.2,0.15839008334460283,0.31909780485887657,0.27156788303510165,false,4
6408,0.4963440929547168,0.25,0.27167529376976973,0.3810463599058655,0.503710578129315,false,1
6409,0.4219650171446678,0.36,0.6850498422214762,0.5163489481636002,0.5784920505456855,false,5
6410,0.3444031206532587,0.35,0.2911499764647029,0.2257156699465304,0.26430356349546313,false,1
6411,0.3159687233198949,0.11,0.13681922010910996,0.19609768329334007,0.2432094057812353,false,3
6412,0.5711659094879343,0.32,0.24109644885004658,0.30146921371021085,0.4711483207617917,false,3
6413,0.5856115889133601,0.55,0.6107524208892764,0.6127288664494543,0.6228780566170263,false,4
6415,0.6313852947006203,0.48,0.5945470680487033,0.6298006940413994,0.6663407816391866,false,5
6416,0.5246496227710654,0.52,0.5328261306294586,0.5748936753904701,0.5893801220495413,false,4
6417,0.6624833714854172,0.62,0.8325850063161077,0.7101280076119213,0.7679667101301868,false,1
6418,0.4245711669324421,0.12,0.10378100934979274,0.22896314848323152,0.2579273077925132,false,1
6419,0.4560693432739575,0.39,0.4373786785282427,0.4206514404210242,0.48306783853761515,false,2
6420,0.2932785886191681,0.08,0.10293460669900367,0.08516986240883298,0.27154971823610513,false,4
6421,0.4501347397735602,0.26,0.320848843652986,0.3297295513835796,0.3745107328559653,false,3
6422,0.3152195526948107,0.03,0.1692668355049102,0.16783215984222177,0.2490311967935387,false,4
6423,0.4337818748008877,0.14,0.13586597753593624,0.3032816803071288,0.39747384415548065,false,3
6424,0.3997326783060481,0.14,0.2951133841204897,0.3469301293117052,0.3489745674093819,false,5
6425,0.3935667966847485,0.25,0.34464130191000175,0.31416103370948906,0.36780567597395947,false,4
6426,0.36801864877283225,0.09,0.07379338750660769,0.15244065493330203,0.2788634870086274,false,4
6428,0.32913822957423,0.19,0.1200355405065723,0.26150109848157643,0.26969099298888827,false,2
6429,0.3872617334526358,0.1,0.16004016404447707,0.24728274418933358,0.2432802483285564,false,5
6430,0.3665631019980725,0.14,0.10872960900617927,0.2754507911135171,0.3230810609730334,false,1
6431,0.5952439955891082,0.35,0.5445700202609003,0.5238523708457721,0.5037190482066408,false,5
6432,0.4995172721520806,0.29,0.3982620152331036,0.39895488908120647,0.43748748574610946,false,5
6433,0.42676908871142555,0.18,0.2952884055648923,0.3156104773015283,0.3244131990069885,false,3
6434,0.4001833721435661,0.79,0.6932754806755665,0.7245893971312165,0.45927474058995865,false,3
6435,0.3809836264866831,0.15,0.20600334773412257,0.23618628818497572,0.34362326785136443,false,4
6436,0.4908107209141837,0.34,0.35528012935893305,0.4330617581229679,0.4450259069945644,false,2
6437,0.3736171246058252,0.14,0.27123528362774707,0.3374786370931613,0.36601012203618966,false,1
6438,0.3441731520811014,0.21,0.19563714563659926,0.21871060802715767,0.23427009540997085,false,5
6439,0.3625616374695021,0.19,0.3421665839874755,0.277028255558559,0.2906612289909538,false,5
6440,0.37250356946063906,0.14,0.2444856508525002,0.14510822403430762,0.31643121302377514,false,4
6441,0.32329018712140367,0.11,0.18998832948268232,0.21497124954535474,0.26402831636526997,false,2
6442,0.4040204610081353,0.04,0.15982044802250214,0.3188530974909527,0.3455632775923007,false,1
6443,0.29794980155382855,0.16,0.08414810201962244,0.2413196550435283,0.2374206860598858,false,5
6444,0.30090856969485635,0.06,0.11274952075715734,0.17330503669836061,0.24254586984537987,false,1
6445,0.3626085887714893,0.13,0.3336580689354931,0.20549447074594773,0.25697065639522276,false,3
6446,0.194593796302588,0.56,0.5669245627046615,0.38522414290902135,0.3640088241523809,false,2
6449,0.9196407992477482,0.5,0.5750584368639288,0.7322023711454019,0.7565479407755208,false,5
6450,0.3670328476456044,0.19,0.18707596089302275,0.2749041411245939,0.30347779610116854,false,1
6451,0.44273138562851977,0.07,0.1344144662969878,0.2496292451420612,0.23330650292476565,false,5
6452,0.2875497769316462,0.0,0.14149872260215363,0.19688710140318716,0.24602227954526704,false,2
6453,0.2641639445758635,0.01,0.1166694716699336,0.21827143790355186,0.22868339007991365,false,2
6454,0.632706747968321,0.76,0.7518863135600998,0.7220226217029999,0.6953687338455788,false,1
6456,0.43546145900627087,0.2,0.1850334780951715,0.35396906772362874,0.44393312187608513,false,1
6457,0.4057179603925843,0.49,0.5394371460308797,0.42320097476063806,0.44671786654816065,false,5
6458,0.3915766057940784,0.18,0.2042334360218197,0.19122387401470217,0.2805186439023432,false,4
6459,0.3848974321054617,0.14,0.32672797002502196,0.15363308715708102,0.3204484742289573,false,4
6460,0.39236137315478836,0.07,0.22815510802367903,0.26674482167481584,0.33752978880151724,false,5
6461,0.456435259943,0.19,0.18339991304006378,0.2825859775071403,0.3454228180027153,false,2
6462,0.7300138160964667,0.68,0.5754920183415432,0.7334308590122318,0.775140809552392,false,4
6463,0.7589019035221383,0.48,0.4876083050093532,0.6955521269666899,0.7106098948180136,false,1
6464,0.7879248132999975,0.46,0.3414042987996224,0.6018327212849647,0.7043489500635316,false,2
6465,0.885713521621333,0.76,0.38756977417217664,0.7108311057688006,0.7397604732854773,false,5
6466,0.8609013823652371,0.41,0.23956572636153708,0.5525932310087053,0.5547997704820745,false,2
6467,0.8351402487791991,0.49,0.5509565843405868,0.7135764214715452,0.6774074726261791,false,4
6468,0.32325218690368096,0.34,0.42383880845162625,0.36125049173772594,0.5205297830004532,false,4
6469,0.8451467900291372,0.23,0.31667562239721736,0.4424325375345488,0.7070160110653461,false,3
6470,0.9579899102099453,0.49,0.5840523193251476,0.6934471556642984,0.7839943357443173,false,2
6471,0.741419968741472,0.67,0.8747515952197652,0.7423507455707518,0.7246118459424954,false,1
6472,0.8383895442071315,0.49,0.750018497940052,0.7845428796275772,0.7923219818857612,false,1
6475,0.45099198153583736,0.09,0.27533246931283484,0.3194419728116916,0.42080095685842833,false,2
6477,0.42105815072821406,0.23,0.34601106674798504,0.3700576512092421,0.4037243204152178,false,2
6480,0.5289849816539518,0.39,0.6079452114059215,0.543988070857927,0.6177713686111348,false,4
6481,0.38699484355161795,0.16,0.4105784443306408,0.21150304512643886,0.27089921575421416,false,1
6482,0.29117407031536946,0.52,0.41040231883896233,0.2914665102028337,0.30376009141785265,false,1
6483,0.4246163577786501,0.26,0.29500051554226353,0.27010269067657083,0.3823462821204513,false,3
6486,0.34062771620037624,0.07,0.06050515615541363,0.1843799329625066,0.265253536484994,false,5
6487,0.8375251514283468,0.67,0.8365378534476955,0.81873716386884,0.8087515221847402,false,4
6489,0.42105815072821406,0.23,0.34601106674798504,0.3700576512092421,0.4037243204152178,false,2
6491,0.2932596315132894,0.23,0.2975822372840263,0.25131070812863354,0.26040115570739564,false,3
6492,0.7566371672355251,0.73,0.8395820323812397,0.7684094318372985,0.7747798758247243,false,4
6493,0.44877858509610724,0.2,0.45278567405286113,0.3497998181467485,0.42235096417186013,false,2
6494,0.4562503476617846,0.2,0.38973488797851874,0.36929960499934306,0.44453287367483413,false,3
6495,0.5203097905967736,0.24,0.5366652779635932,0.43333456561846373,0.45422493950428966,false,5
6496,0.27380706941149197,0.07,0.2873665295705156,0.2005240202638336,0.28266321138099676,false,4
6497,0.4642779981731538,0.22,0.46123534813474104,0.44932454932087823,0.4798687338129764,false,3
6498,0.4073271767369499,0.1,0.2573827366070502,0.2621680400287736,0.28318953970427546,false,5
6499,0.3138626271209108,0.04,0.12547930508209196,0.16815371959872333,0.23756888019438802,false,1
6501,0.5010457332757704,0.37,0.40407743507195204,0.4275456864447058,0.5450938510231118,false,4
6502,0.34425202849330927,0.35,0.36759738049650514,0.2696674652338175,0.31765677890163035,false,2
6503,0.4543528362768293,0.13,0.14918023992154608,0.25192838335205303,0.30970509466599583,false,2
6504,0.46539236646563364,0.27166666666666667,0.34867977735448036,0.286106846176699,0.5457943830792183,false,4
6505,0.5052181994272278,0.2,0.24629849973509188,0.36646686453104543,0.5153685812069319,false,3
6506,0.4426046362269006,0.21,0.1492425539450306,0.22293988243384955,0.3677862596703197,false,3
6507,0.44504724469727774,0.88,0.5162177460265512,0.5102140911333704,0.44714435335241226,false,1
6508,0.44279513536829035,0.47,0.4426145008981815,0.34758541258814807,0.3829408261616737,false,1
6509,0.28371852031385286,0.48,0.46759295526528566,0.5097731452722281,0.2974266380061998,false,4
6510,0.4831803587724354,0.43,0.6063285502854057,0.5936334516469375,0.5895113522129427,false,5
6511,0.3988549131835615,0.02,0.379933625405517,0.2143244964130698,0.4190261968247626,false,3
6512,0.4508528632853527,0.22,0.4015684912133654,0.43291677147437335,0.44711448987276553,false,3
6513,0.5312792133766532,0.23,0.6161562826666918,0.4751592855030296,0.6113263457800063,false,5
6514,0.3801444588557322,0.15,0.316246366254345,0.3405446193676984,0.36281058265463484,false,5
6515,0.3883866656690085,0.25,0.17361305400534813,0.31394833593086174,0.284330413410829,false,1
6516,0.6392684989107263,0.35,0.4111380223231322,0.6476257215225774,0.6479147861086404,false,5
6517,0.3470779304824544,0.15,0.12993269891424108,0.2010948975538147,0.2498605611719274,false,3
6518,0.36043760110637096,0.09,0.14444133534523382,0.21650508755398573,0.2364934729675252,false,3
6519,0.32013225909112936,0.08,0.35816247917120897,0.20145312186665879,0.3610808863819128,false,3
6520,0.30017071041060267,0.0,0.25791734587204435,0.1975179040402315,0.2916186253312958,false,3
6521,0.36901774495357065,0.11,0.1657652238216391,0.10680203350339892,0.2638624520410303,false,3
6522,0.31821995841846795,0.05,0.12617575687741342,0.18131799795588507,0.30944058320094214,false,3
6523,0.3347400839405634,0.28,0.2072634070024558,0.251915431400924,0.29810944078587215,false,2
6524,0.3134250321030732,0.08,0.19518228108051294,0.271499296654012,0.3296440658371572,false,5
6525,0.3134250321030732,0.08,0.19518228108051294,0.271499296654012,0.3296440658371572,false,5
6527,0.322434261502475,0.21,0.36409063229042243,0.3512456157504765,0.3966918929453747,false,5
6528,0.4322687822534727,0.31,0.2227689462897603,0.3531372595026969,0.39176175276478287,false,3
6529,0.7288210582694512,0.5,0.2839774408549262,0.6597928401458821,0.6958763303093335,false,2
6530,0.3356155427830643,0.06,0.14097899341602466,0.19944554880154466,0.2214788788798129,false,5
6531,0.35970952145340424,0.26,0.27395516727985686,0.40162486604513636,0.3045965226040008,false,4
6532,0.35085916294652175,0.19285714285714284,0.2939648459030162,0.3327947700485055,0.3110408754122223,false,4
6533,0.36263900970446006,0.06,0.20131588680348828,0.22983907505329765,0.26994299555172907,false,2
6534,0.35314482825475635,0.21,0.4524841285069129,0.3100262864072811,0.3122379266936456,false,2
6535,0.2968471488518186,0.18,0.21947430899018583,0.2155161142610805,0.2634130999163216,false,1
6537,0.4355378563569292,0.28,0.4120849248169505,0.36007377573904825,0.45024769059938224,false,4
6538,0.352311516015052,0.12,0.12420807370348592,0.23828875048002968,0.3182427914412913,false,5
6539,0.30316399253902315,0.05,0.11991994023128286,0.10204041791541789,0.3390931074799424,false,4
6540,0.33605546181637497,0.06,0.10597285720982919,0.17983013916616272,0.23091925889910783,false,1
6543,0.336631045393225,0.0,0.1477998361765448,0.04389331271639625,0.27181015075469894,false,4
6544,0.31955269751827714,0.01,0.17507075023452193,0.05152852582200409,0.27181015075469894,false,4
6545,0.4477004770207857,0.16,0.2819149315222737,0.45851438006160655,0.4293990941714497,false,1
6546,0.4477004770207857,0.16,0.2819149315222737,0.45851438006160655,0.4293990941714497,false,1
6547,0.4583821407115907,0.17,0.20155112594433985,0.27701353893393155,0.30654380142696286,false,2
6548,0.2828454292174599,0.016666666666666666,0.15761526049411798,0.08975366021679992,0.19230253534955932,false,3
6549,0.3268868663299758,0.14,0.20897499779291726,0.2469020335749937,0.2574208129462349,false,5
6551,0.37739272368942,0.26,0.38330650714389536,0.4222018565651366,0.3201425475609786,false,3
6552,0.32144120522026626,0.06,0.10028317000414563,0.04921613300492611,0.26863926380453024,false,4
6553,0.3822291855188132,0.27,0.2509962501601615,0.2574647981607404,0.256334920659886,false,2
6554,0.407744978622404,0.3,0.45481561055874253,0.36904056534260815,0.39795166168497664,false,1
6555,0.42993566173697345,0.38,0.34881302796931635,0.3775909962618816,0.4222352358067424,false,3
6556,0.682320982580049,0.44,0.6188143007404705,0.6192859875843293,0.692848451917343,false,2
6557,0.45824860587847466,0.21,0.5746458353234399,0.4934075118537114,0.5603745033410994,false,1
6558,0.45609083438331915,0.26,0.4570970169441226,0.40939316548056437,0.5014741629364577,false,3
6559,0.5495817068445167,0.42,0.6144320482088689,0.5695896872402454,0.6117310832236166,false,2
6563,0.5101202920368704,0.3,0.2125844751184037,0.39616641149036347,0.45273907623137766,false,1
6565,0.6283239975329199,0.69,0.8105050908758928,0.7139764087323064,0.7185565665018944,false,5
6566,0.4384255032738664,0.13,0.19809831351217133,0.20610030233172888,0.3738283660231765,false,3
6567,0.4371334770060684,0.19,0.4423403759708576,0.39388237298564005,0.3503448136262237,false,2
6568,0.5543538776982082,0.34,0.5354703898918838,0.5158908254324323,0.550975681905354,false,3
6569,0.44464909550569626,0.365,0.239892337550137,0.4450423882989085,0.4748567012473741,false,3
6570,0.3881325769397282,0.28,0.37227693838310966,0.36542872991774494,0.3514220770225156,false,4
6571,0.3872487202927341,0.65,0.5504487604639494,0.4751764156451588,0.46711983693877446,false,2
6572,0.4307499598005725,0.35,0.34444317248384865,0.3830551110414987,0.4927677260581289,false,4
6573,0.6051373614938432,0.42,0.5509026134981968,0.5317950374037997,0.6156787837490167,false,2
6574,0.5881491236635691,0.36,0.4105286131726475,0.44780717396575315,0.6066132690025043,false,4
6575,0.39163183453695827,0.29,0.22118146637262528,0.2753022613515988,0.3231216821459372,false,1
6576,0.3807720240871642,0.23,0.34525717284086227,0.3984844934398843,0.3963517524206127,false,5
6577,0.36929495014217967,0.02,0.2851892414962843,0.2941641770207191,0.33791713997672645,false,2
6578,0.36929495014217967,0.02,0.2851892414962843,0.2941641770207191,0.33791713997672645,false,2
6579,0.42418996596303776,0.36,0.25436229038155006,0.33039013085926494,0.5053232620499198,false,4
6580,0.39874284622871425,0.53,0.5650811778122499,0.4892109875086932,0.4857144717507986,false,1
6581,0.28412667743683867,0.49,0.3679120210362526,0.27034339447456956,0.27987267775579583,false,1
6582,0.6926681238813001,0.33,0.5085600537298772,0.6079643347100064,0.7146563746507568,false,1
6583,0.6644166951029095,0.65,0.8367255979302789,0.6570021037297715,0.6982503233278068,false,3
6585,0.26242788381952376,0.025,0.14666087614752354,0.21251444252823382,0.24855174599545624,false,1
6586,0.25469591499007976,0.06,0.13214388393656856,0.25175726274577803,0.24895613423078522,false,2
6588,0.3180013176504332,0.14,0.13719302853092508,0.2759867393646173,0.27410142264306014,false,2
6589,0.32325662215682244,0.11,0.10575437523085852,0.22050011441335474,0.3330478437300683,false,3
6591,0.350836340418749,0.12,0.23946692120015234,0.343498301464849,0.3767209324521325,false,5
6592,0.34437224929994226,0.17,0.2532537338233738,0.3023004448581062,0.29088928535457664,false,1
6593,0.44091124807784204,0.32,0.4203465900114762,0.36344473862163745,0.4037523142507418,false,3
6594,0.36184025879274767,0.11,0.22868814656744488,0.31691610605786147,0.32502068468448003,false,1
6595,0.5869854252598304,0.19,0.21707556941488887,0.4239217303265789,0.4923019245462128,false,1
6596,0.5499009193417043,0.41,0.6159474910826769,0.5351689108358054,0.5160683360202208,false,5
6597,0.6065268128160616,0.34,0.5459981329478646,0.3899682870234343,0.5961394611978873,false,4
6598,0.4307499598005725,0.35,0.34444317248384865,0.3830551110414987,0.4927677260581289,false,4
6599,0.31081290506868164,0.24,0.20172140141518305,0.26694394262481386,0.25307044751576424,false,2
6600,0.39874284622871425,0.53,0.5650811778122499,0.4892109875086932,0.4857144717507986,false,1
6601,0.4190276248412725,0.13,0.18172785691394813,0.2270906670526266,0.27292393747421906,false,1
6602,0.4578683352604609,0.26666666666666666,0.38157309151699725,0.3839006229191614,0.45889169707650934,false,3
6603,0.5963087700308326,0.3,0.31160181907614826,0.5349401077073379,0.45867965507578984,false,2
6606,0.4283426631716928,0.3,0.49280098232464814,0.47847783561548285,0.47441790895016617,false,4
6607,0.3958901754593233,0.21,0.18613516587311071,0.3262567237815033,0.2922438699038711,false,4
6608,0.37467966669273184,0.28,0.14225502812314006,0.3679025137069354,0.33845845866387314,false,1
6609,0.34654050127222114,0.28,0.3321815094634282,0.35812228508602845,0.3652760299052521,false,5
6610,0.26212646656131344,0.11,0.029766538362693308,0.20804045192346085,0.18631599621959072,false,5
6611,0.2910901981817824,0.07,0.11207497651687826,0.2377885473229469,0.2565469671714346,false,1
6612,0.297577720353988,0.29,0.39463770720900454,0.22378190810704154,0.2612205234461202,false,5
6613,0.3894522696686674,0.1,0.24250403599764392,0.3770113020874144,0.38452488169339166,false,1
6615,0.41319574779424334,0.12,0.23712652615541951,0.1914851745691529,0.2651111777503479,false,4
6616,0.27230679393872304,0.145,0.1897001700915023,0.27513305789711917,0.31503994596448015,false,1
6617,0.28999881841542463,0.05,0.18535743034497032,0.25369646640900667,0.3427163241683167,false,2
6619,0.44766670885415444,0.13,0.24042262571755144,0.21517047844007936,0.270687471777237,false,3
6622,0.26952531184750134,0.01,0.02544464600047076,0.15663356696737163,0.16553736965671012,false,1
6623,0.321188500652571,0.19,0.17271602409441353,0.267132433328379,0.2968169923934525,false,1
6630,0.5294280376029861,0.28,0.38591951378625916,0.3769117744559321,0.4967717405407807,false,4
6631,0.517135297847912,0.4,0.5326781685152576,0.5238361972682268,0.48362219479316915,false,2
6632,0.34016346863629937,0.16,0.21089392623065387,0.2214175277191079,0.2836980464538492,false,3
6633,0.3106110960658527,0.15,0.16975668963081508,0.2183782848589011,0.26040115570739564,false,3
6634,0.3579088256927125,0.19,0.33769450088324743,0.36943556288868334,0.4215756783924323,false,3
6635,0.252965584448717,0.3176666666666667,0.30151434637624003,0.4545282731830099,0.2501430084523464,false,4
6636,0.3803596698624697,0.18,0.0824111343138861,0.24877687651115632,0.25125900618850217,false,1
6637,0.30706078904115414,0.03,0.24171632921021124,0.2271048244164975,0.2599670331481862,false,5
6639,0.2541561018192783,0.0,0.07257678988245395,0.022765962108067375,0.23255979078480624,false,4
6641,0.3649212574641302,0.33,0.3604834614893147,0.385596303084624,0.41180594369443174,false,3
6642,0.34457645924674607,0.14,0.12984881131904238,0.23130801971794038,0.23207341483931698,false,5
6643,0.3583636306325785,0.31,0.25215387634955644,0.2487095316249074,0.2674685040996101,false,5
6644,0.36910956240310616,0.25,0.0938542289537154,0.10580196014519273,0.2452781591738992,false,4
6645,0.31273023477182327,0.36,0.31629214897346547,0.29935174345071436,0.2508222086890903,false,5
6646,0.34457645924674607,0.14,0.12984881131904238,0.23130801971794038,0.23207341483931698,false,5
6647,0.33050390596303747,0.51,0.36709853772475715,0.4619372719685949,0.28617780233591433,false,4
6648,0.35484394151902954,0.12,0.1038816537803147,0.15823588542044636,0.2615249785302324,false,3
6666,0.3489145590390119,0.05,0.19905380883377793,0.2604767192021644,0.2856603428489278,false,5
6667,0.46485944655177386,0.29,0.1573517692177057,0.448270623375166,0.4159665479147122,false,5
6669,0.29393892410905076,0.04,0.10229573172485666,0.2040771438893625,0.2486433857789882,false,5
6670,0.25482641283356294,0.04,0.11125707369688205,0.18730916641120232,0.24087843135775963,false,2
6671,0.4770351685196906,0.21,0.30840061628986365,0.3797768531997404,0.4053055950448627,false,3
6679,0.22941158664872943,0.0075,0.10720221719296197,0.08990670773249645,0.2739421324863699,false,3
6680,0.19262985244626246,0.298,0.07219121144168351,0.24913320504356007,0.27188772045966025,false,2
6681,0.22799827949784054,0.165,0.09707506362259208,0.25064281876313793,0.27188772045966025,false,2
6682,0.34284660870860767,0.05,0.041785702577376245,0.04789206195065862,0.21595762151536416,false,4
6684,0.3279323017204142,0.26,0.24005291662637818,0.4469734986767613,0.4516068170766679,false,1
6685,0.7125499670868358,0.55,0.5387057737665598,0.6182722362397398,0.7048404619822795,false,4
6686,0.45708515119997384,0.18,0.1757007000230997,0.29075169058497397,0.3255515731005723,false,2
6687,0.523933943366483,0.2,0.31351108973121705,0.3638934459727466,0.5783591301374277,false,4
6688,0.385162427499096,0.52,0.44169138380297013,0.48076392969110104,0.4659597443925237,false,1
6689,0.36934841363373344,0.07,0.23142969108989955,0.20555255536953765,0.24426163300856252,false,1
6692,0.3760483124666612,0.22,0.177226993230094,0.2330492387445683,0.23071727437351847,false,2
6696,0.21909868293068713,0.01,0.03568482489202625,0.02836336625881835,0.22056384121653513,false,3
6698,0.36919866070552965,0.09,0.14319814441301804,0.14397858407619346,0.3098059104462106,false,3
6700,0.374628473114756,0.39,0.4545834800124242,0.4637083111402267,0.38769440569628566,false,1
6701,0.3435668805247095,0.06,0.30235050000678065,0.3234864445376671,0.36516585513101385,false,5
6702,0.3435668805247095,0.06,0.30235050000678065,0.3234864445376671,0.36516585513101385,false,5
6703,0.38087107650052565,0.21,0.4849733670277481,0.37471114406425143,0.42919654349926467,false,2
6704,0.43896766499936,0.14,0.18848818799983857,0.2696667483279084,0.30599155189965843,false,1
6705,0.4639604131759043,0.15,0.1770073412057102,0.19789028883723625,0.35163929255377613,false,3
6706,0.3839763839356881,0.24,0.364203252386379,0.4013645091510652,0.39963430940948785,false,2
6707,0.49260204842512223,0.39,0.6378482286459883,0.5204940590079105,0.5684087106197385,false,5
6708,0.47248300676490773,0.35,0.46922713979786795,0.507893318944892,0.49539154820316916,false,5
6710,0.3734229152882784,0.22,0.3764772411362887,0.38659323732593004,0.3882831487261182,false,3
6711,0.3535053004375082,0.15,0.32089904483945786,0.3150862143386687,0.3366523866681399,false,2
6712,0.4058628335435566,0.11,0.32537706324740145,0.37431065657490437,0.4173137729018692,false,1
6713,0.38770798081074165,0.14,0.2768612755919766,0.2616992284075346,0.28866754923590526,false,5
6714,0.38715036429787664,0.08,0.19664160281157814,0.25052520361789027,0.2500004124856635,false,2
6715,0.4366568224314559,0.32,0.15523010287981817,0.28677000463310887,0.26519610975554136,false,1
6716,0.27457565873841816,0.4,0.16857514780377938,0.4270299153743116,0.24576733761624614,false,3
6718,0.3815992792661729,0.19,0.23610220823396907,0.24782994762744154,0.27034093140485466,false,2
6719,0.26470954634891025,0.4,0.19303048073572504,0.24104801488792432,0.29279607262365226,false,5
6720,0.3068764850657138,0.4075,0.22615235040254208,0.2788101955136162,0.23134815658652821,false,3
6721,0.3778751011232064,0.16,0.164887980163166,0.2404125957536578,0.3303084953231888,false,4
6722,0.6680040944899168,0.27,0.2737702969801587,0.36514578325278096,0.33508730320903235,false,5
6723,0.9999481884458902,0.98,0.9111941534013945,0.8689377748438233,0.8275910750919961,false,5
6724,0.3177760062519066,0.14,0.294533729539851,0.24611929317336181,0.32895731832029135,false,4
6725,0.4472743728706398,0.58,0.47199755585246733,0.5199178633493354,0.544760623714503,false,3
6726,0.3262040683116159,0.05,0.21329080766263286,0.19585904730443793,0.26601960927234547,false,2
6727,0.4879579459180689,0.4,0.6332839396446505,0.4718002886837109,0.5918080921204459,false,2
6728,0.3714609615348198,0.19,0.17993775606538281,0.3312385424065226,0.34025145864531114,false,5
6729,0.30719462227441235,0.15,0.19976045017123298,0.20288390648518398,0.21323313737530453,false,3
6730,0.6499360535388005,0.33,0.21858100169672356,0.36345951905345053,0.5967923486079693,false,3
6731,0.46767832227862394,0.16,0.3636096074194608,0.29596040111488153,0.46201256904876753,false,3
6732,0.6360481370691664,0.27,0.3548283449618398,0.49936494720753516,0.5739166879467703,false,2
6733,0.44758896047669305,0.35,0.525671823080278,0.3887204559410085,0.49503472548033917,false,5
6734,0.3445591134638275,0.09,0.10717756948863791,0.2602818212210809,0.3147330556593047,false,2
6737,0.46658058751486814,0.46,0.6507180164539281,0.7692706698974071,0.6357804137709615,false,4
6738,0.4820547544608239,0.35,0.6342739242560962,0.6306718588416345,0.5933214963209441,false,3
6739,0.434772196946203,0.43,0.3946277625323545,0.3932153747039668,0.43800239076436615,false,4
6740,0.3755151039412175,0.11,0.43835924594029896,0.20756654136944555,0.38176181105814955,false,4
6741,0.4195039809767102,0.2,0.3047478431743983,0.3094936531279516,0.37646417679835575,false,5
6742,0.4342399803672984,0.3,0.45202090612928014,0.37907073303828975,0.37044781555070977,false,2
6743,0.5634745159372841,0.52,0.612294792655622,0.6238606704502014,0.6601092748270607,false,2
6744,0.4244852459817811,0.17,0.41962551371748014,0.4117045166486477,0.49653126200603886,false,1
6745,0.28512380622047223,0.18783333333333335,0.2131770100023096,0.1435700926302895,0.18112810606524682,false,1
6746,0.3147655630437262,0.07,0.21717089218814026,0.20033584609879043,0.25387382977224937,false,3
6747,0.40253208864983947,0.22,0.32721604129532395,0.2593658019550407,0.34941440162099996,false,3
6749,0.3160446579938175,0.13,0.04904994316911574,0.15834510648369343,0.25179675216395736,false,4
6750,0.6452337019484243,0.35,0.3136555950636402,0.5756145184387571,0.6575558453576151,false,5
6751,0.41905824209036324,0.24,0.565368458586063,0.42891326621845993,0.4418074953062863,false,1
6752,0.33016519950172823,0.07,0.1525519573474765,0.11430648082663229,0.24973765621314367,false,3
6753,0.3255077269281052,0.02,0.1779444308939577,0.15109183965506814,0.22206786659514602,false,5
6754,0.3632271832095599,0.24,0.19953008739249964,0.363540651719529,0.4000420502084205,false,2
6755,0.5092360046161525,0.42,0.37871856426623723,0.5519167762849059,0.5332454674471495,false,2
6756,0.33114593254789815,0.23,0.14933641906765055,0.278593394167676,0.31366696191375903,false,3
6760,0.3490983276278294,0.27,0.06529903077663282,0.34699581829069875,0.3123245415211185,false,1
6763,0.41046728769411583,0.07,0.20315558481934917,0.2794723506077481,0.2758588850401363,false,5
6764,0.40086071870905815,0.12,0.10733174733849689,0.26806439191724984,0.26361132502244605,false,2
6765,0.3815820896962236,0.38,0.32672424165120445,0.345126190962037,0.3379462529277093,false,4
6766,0.35196686136490063,0.26,0.4858674643795383,0.324363492934566,0.4906898154057293,false,3
6769,0.3456074906844433,0.16,0.14759499362456308,0.2639575700454242,0.20356239141438712,false,3
6770,0.29863203397448196,0.58,0.42259620373797147,0.3022536549733274,0.2993413001402358,false,2
6771,0.48532845566511323,0.42,0.19943728478712947,0.42626451061613935,0.5832127450231153,false,4
6775,0.33246944115380833,0.24,0.3308528894057457,0.3125909066592996,0.39239064565121107,false,2
6777,0.3629590899255182,0.02,0.2818797561203669,0.17583856560538932,0.3132040847461321,false,3
6778,0.49799460158504927,0.46,0.42616270426741865,0.452735319444917,0.5700761547751079,false,4
6779,0.5390515294009285,0.64,0.6464969920076479,0.6777043724182933,0.7028492374476111,false,2
6780,0.4161706468258806,0.32,0.4569392540336237,0.4234535007825599,0.47540516763466006,false,5
6781,0.49803588603486426,0.28,0.37291650498778556,0.37736346418811734,0.47967110283059594,false,3
6783,0.35637395416439616,0.41,0.4374956553268063,0.314944097081616,0.364366986412464,false,1
6784,0.3857388732149369,0.26,0.31113936222803273,0.3382345949026995,0.316007671404497,false,1
6785,0.4648870107437199,0.38,0.5728037017613493,0.4780966782909998,0.4225017594588987,false,3
6786,0.4274237926390834,0.35,0.5642920668776941,0.4469950253325488,0.46500288780278043,false,3
6787,0.44826396521696477,0.28,0.18752130016298635,0.3241225286539568,0.4454320289008673,false,4
6788,0.3817355582228378,0.35194444444444445,0.3861219950976333,0.48353754306471153,0.36221981533899894,false,4
6789,0.7534945633319171,0.45,0.4097661965149919,0.6588895615414414,0.7148674694157819,false,5
6790,0.35938380539075415,0.23,0.24434369613615675,0.35098420471983066,0.3690294894083504,false,5
6791,0.496613338258269,0.33,0.5147931003761864,0.46033198129809044,0.5059773615161913,false,2
6792,0.372636140656213,0.07,0.13029509500654382,0.26313616366507486,0.31297654332989594,false,1
6793,0.3078382963370069,0.14,0.3069528570904015,0.26917972160815196,0.36357141618600497,false,3
6794,0.5326908052936953,0.47,0.5965196145884697,0.5821316059808488,0.5356454497777285,false,4
6795,0.8471357697665112,0.76,0.7551522653874707,0.7679669018269127,0.7763946419617003,false,1
6796,0.3450743407968882,0.26,0.3000480965551623,0.3546433357936119,0.344858389973721,false,1
6797,0.42408398339804126,0.14,0.21804146817639608,0.27639323619845585,0.299376288082033,false,2
6798,0.6599217513260528,0.74,0.6892208971785709,0.8205731839102007,0.751565278820161,false,4
6799,0.7480824483341075,0.75,0.47653110891908007,0.708946630245502,0.6802882826651019,false,5
6800,0.4472972554320145,0.59,0.544801888587617,0.4928960712656301,0.5137698566824183,false,2
6801,0.4439403891105132,0.19,0.16870367584233137,0.27504571648943155,0.3499581285730085,false,3
6802,0.4040095038935406,0.21,0.3659199620243276,0.3419675800073664,0.3612493187672619,false,1
6803,0.3947426193837077,0.3,0.6286414774610983,0.3578499165573211,0.468293229623963,false,3
6804,0.4436873249880167,0.29,0.45588432293603776,0.45186951721386337,0.4609984244413511,false,5
6805,0.4364630958279599,0.29,0.27808193116149355,0.3542506581095202,0.30990517493816633,false,4
6806,0.4750761756505424,0.28,0.3322403988489095,0.41239010395025255,0.289095642691381,false,1
6807,0.3963739624120635,0.03,0.2995941512588221,0.13806588249641646,0.37579573523377147,false,4
6809,0.2843311765867197,0.08,0.05035012256201356,0.17952109959413337,0.1779342458385596,false,1
6810,0.29497198882349424,0.08,0.14023933004031688,0.1874050663310699,0.2472599269885423,false,2
6811,0.3025871286337169,0.11,0.1813285927220378,0.2032052068195378,0.2605498704696909,false,2
6812,0.33198690061099795,0.13,0.2656449362683007,0.1955190468756958,0.26040115570739564,false,3
6813,0.4012564455984144,0.21,0.3144812608196624,0.2904678652732075,0.33028609035100237,false,5
6814,0.4043828975987823,0.04,0.1945248815640821,0.08702202630530805,0.2773622109446576,false,4
6815,0.42080017651769486,0.09,0.3155649985195292,0.2448708721363668,0.35898645666070517,false,3
6816,0.5170518139796374,0.62,0.7018381227765691,0.6898499309334156,0.6768255048122077,false,3
6818,0.4779054716542921,0.31,0.5208593893163636,0.5938165474826648,0.6041198744140437,false,1
6820,0.39401061044584806,0.09,0.21769715986046,0.35452823390640603,0.3607337151554359,false,2
6821,0.4936504300650349,0.22,0.2892792957092576,0.21056685943354747,0.5007205900140566,false,4
6822,0.3870400654151831,0.27,0.10551217345511493,0.22099213821785668,0.23719497705864703,false,4
6824,0.3747947115910795,0.14,0.12410484711343854,0.259851479290859,0.2709705984744152,false,2
6825,0.41095804961332094,0.5,0.3057316076894238,0.42592073302284655,0.4324324903152655,false,3
6826,0.53819829904963,0.35,0.38050815561751744,0.42369620828763016,0.5062262445808853,false,2
6827,0.4661824462601834,0.32,0.4587039198499866,0.4385842033000881,0.4215336152823582,false,3
6828,0.4523163598500814,0.43,0.31706524743274506,0.4327149426516791,0.5161211089498867,false,2
6829,0.8118427130105846,0.73,0.8960476306052849,0.7897790542280427,0.8116992855465693,false,3
6830,0.37874106210114517,0.3116666666666667,0.38117672731967966,0.36820344913390485,0.4279590000578587,false,5
6831,0.518234546180966,0.39,0.34497564078247933,0.2996721703040395,0.3782320794229614,false,4
6832,0.38455014362037104,0.18,0.31767474452924305,0.3397320880130965,0.3601490826469283,false,2
6833,0.47463111506797717,0.3,0.23848470468712818,0.3423911262945177,0.3343874824545226,false,2
6834,0.48798668530148986,0.11,0.2786616971485184,0.398925583563132,0.4396928939856631,false,2
6835,0.3717863652318719,0.27,0.23034700450729517,0.3211543108968813,0.33740715467585203,false,2
6836,0.4808204151346081,0.28,0.21528880515090382,0.40781224807835514,0.4551627659495708,false,5
6837,0.35104445411246066,0.09,0.24394841418856458,0.27966518402626567,0.3440358273064128,false,1
6838,0.39046416225889397,0.27,0.395473878048372,0.33574759813701377,0.41505644852724605,false,4
6839,0.5153993521733888,0.3,0.2230882712143062,0.4012962833084765,0.5433308234491439,false,5
6840,0.2643066687710119,0.27,0.1632162728925608,0.23435608752683734,0.18930599855422597,false,3
6842,0.3418159540015308,0.12,0.1839035795275713,0.1946449920215816,0.24785017335662354,false,3
6843,0.26377730428623974,0.07,0.029901839872931893,0.18326176286210036,0.16956329654941385,false,1
6844,0.4189848916096204,0.08,0.19043100674344565,0.21461726531010758,0.3272651134013226,false,4
6845,0.2986316126826619,0.04,0.10406204509182898,0.15068594587243087,0.24574419822532317,false,5
6846,0.8627331751913223,0.49,0.749138852068714,0.6560146536433331,0.7322054468413324,false,4
6847,0.8613920019151204,0.44,0.754587072337133,0.6485848008164216,0.7202004014614529,false,4
6848,0.5429661603830997,0.27,0.3754645658377812,0.4656525872058909,0.4973132690170693,false,5
6849,0.5499893189853717,0.39,0.3247293417252358,0.45638264775675147,0.5766454816417693,false,2
6850,0.7016926881735076,0.74,0.7973547344130858,0.7793588094542848,0.7853217925237381,false,5
6851,0.5180751755457943,0.24600000000000002,0.4319797245345954,0.25532565507964117,0.5011635561721639,false,4
6852,0.5471377378002205,0.64,0.6134755041936691,0.5749854505429428,0.6065812409008166,false,2
6853,0.4111417901839589,0.12,0.29177763774436005,0.33085408900833757,0.37134255541065575,false,2
6855,0.5047471294095589,0.28,0.47151231537992633,0.37011631409171286,0.5903605998993167,false,4
6856,0.3880507391758862,0.11,0.1597643605508595,0.19218978702632478,0.3519583210872736,false,3
6857,0.3880507391758862,0.11,0.1597643605508595,0.19218978702632478,0.3519583210872736,false,3
6858,0.42270472324615865,0.32,0.453440066710056,0.42105603200914893,0.3466933969548355,false,3
6859,0.4552918775566256,0.39,0.1758402432726027,0.3699166766651933,0.4120973138672679,false,3
6860,0.584795976475022,0.39,0.5380908916422791,0.4876809122797529,0.6324799814666026,false,4
6861,0.634002243384419,0.64,0.7911235203427032,0.7170968758826981,0.6886706185257877,false,3
6862,0.3845018522622416,0.0,0.3036878269970394,0.3162312612876348,0.35039187976562647,false,2
6863,0.3935459888446654,0.18,0.4110384509868076,0.21891336320198548,0.36534298347944744,false,4
6864,0.30579769283684427,0.14,0.0879035137456157,0.2113084674545856,0.23752335586465465,false,5
6865,0.28859239121863867,0.10099999999999999,0.08407480897584695,0.24593311667268222,0.26285714215020767,false,1
6866,0.30138967815065837,0.12,0.28055661718992997,0.1998743803381085,0.19980175711201345,false,3
6867,0.37522610377524346,0.3,0.31025651729388315,0.4465192973480388,0.4974667363526515,false,1
6868,0.42088235355853465,0.34,0.3945987888149272,0.45133862598529784,0.45985516140399807,false,4
6869,0.39971930733076694,0.22,0.38598317607763216,0.310490007162152,0.3567963789997056,false,4
6870,0.27692514786534533,0.67,0.4193974299890762,0.5003556302395747,0.25611642362308884,false,4
6871,0.31899093426895614,0.46,0.28326777943193354,0.38210931747336896,0.2946280482141152,false,4
6872,0.5481722265336594,0.6,0.6655308628199489,0.484878322608241,0.6551943282628906,false,4
6873,0.285294800530329,0.04,0.10851690922853677,0.20323463743342818,0.23475241613615883,false,1
6874,0.3963134160448031,0.42,0.4585553740271206,0.42408128648508575,0.4973433819095119,false,4
6875,0.3963134160448031,0.42,0.4585553740271206,0.42408128648508575,0.4973433819095119,false,4
6876,0.26862330824057556,0.2,0.16580246788106287,0.32402063122353963,0.3909675887128859,false,2
6877,0.34537151501114643,0.22,0.20634310014692822,0.2739798282040481,0.28011411810703946,false,5
6879,0.44812038821911165,0.41,0.5405945545066821,0.44629077786099425,0.5459272497120664,false,4
6880,0.47359505196307716,0.16,0.36422374258233986,0.3134835366831922,0.44638726697300446,false,3
6881,0.23194364483485944,0.24,0.17917660294488402,0.32352872465970156,0.3784944845918218,false,3
6882,0.325653441694939,0.07,0.16064493080495856,0.16535129001680346,0.3168794007297909,false,3
6883,0.29196353543437625,0.08,0.03536211838800987,0.1629818640510411,0.20105374039116336,false,5
6884,0.5445318459226891,0.35,0.5851724877058415,0.42410921198347507,0.6299837703351205,false,4
6888,0.2387101266742027,0.13266666666666665,0.19727506944460738,0.268297344933421,0.27987267775579583,false,1
6889,0.3017064831225061,0.06,0.059773873148004864,0.13557596831264812,0.21725349716404288,false,3
6890,0.5082448831610339,0.33,0.6371765188849428,0.6123339415082523,0.6049455714982664,false,4
6891,0.6351663088166052,0.42,0.47707442199776245,0.517756082798063,0.6456019300601937,false,3
6893,0.8542229918773029,0.66,0.9364387047781093,0.7947559370389,0.804484779349908,false,2
6894,0.5462805888564692,0.27,0.3544472435175941,0.33015446546101584,0.5138985127463408,false,4
6895,0.6018603860784602,0.27,0.3568150969751257,0.5233122782760771,0.6395618506997929,false,5
6896,0.5860152899041038,0.29,0.2659836194813729,0.4787583020355913,0.6312983014470114,false,2
6897,0.4698034188134329,0.48,0.6175082740748735,0.49212029199189267,0.5133824891408361,false,1
6898,0.47342665768700776,0.22,0.1815535367578999,0.3613839196627559,0.3136484408430735,false,1
6899,0.5396522402570703,0.44,0.5986120624508154,0.5380282458861242,0.6100851821814248,false,5
6900,0.5380373424374347,0.36,0.3467348689005722,0.47640699883226467,0.5911550597490505,false,3
6901,0.36113927233654,0.12,0.37345809051197193,0.36079683709983973,0.42871724096180375,false,5
6902,0.35237755135456467,0.15,0.2902842246874492,0.26847924641490917,0.3270759277042482,false,2
6903,0.3526117552222076,0.04,0.2273253826563542,0.15737761473242376,0.27296296041815116,false,3
6904,0.379561421749945,0.72,0.7646224960807053,0.5333188911736824,0.5795489512833667,false,5
6906,0.4024840726188048,0.3,0.42715367501467816,0.471148727471328,0.42625753266804856,false,1
6907,0.380788638752112,0.35,0.5133144501941376,0.43412895141009145,0.4217689602256019,false,3
6909,0.31952642552583344,0.1,0.2783126843717495,0.17591264854426622,0.32489859523326026,false,4
6910,0.3982883808088234,0.28,0.1755599936176969,0.20897574686275466,0.31000938408569795,false,3
6911,0.39734075956829185,0.06,0.2848970013482934,0.26814915778737064,0.3104835934238552,false,3
6912,0.6712971458515624,0.47,0.6837795127380074,0.6116338913717269,0.6833868944943642,false,5
6913,0.33063824323394114,0.0,0.24120192468589802,0.21033443734499968,0.30385120394720366,false,1
6914,0.454517919143251,0.67,0.6415307277836071,0.60449048972428,0.6132695394804245,false,5
6915,0.5802102290663488,0.44,0.3712354138098129,0.557222219565032,0.4810360455312448,false,1
6916,0.3537262033422627,0.1,0.24406917834543151,0.17334164869787938,0.22852241747350044,false,4
6917,0.2915150150816573,0.13,0.19882205585368282,0.17588196262099845,0.21479602573592413,false,3
6918,0.3107831359705069,0.04,0.19858149590693122,0.15577426901948202,0.29500857952469656,false,4
6919,0.36792745474546584,0.24,0.2900151841584582,0.3343157873645787,0.34064772421539863,false,5
6920,0.5071123504868322,0.24,0.5653794716172984,0.5133871271220197,0.6206581034201708,false,2
6921,0.4956895384136279,0.29,0.46619038285163933,0.4272354151680744,0.49707019608480807,false,5
6922,0.34522059601207394,0.04,0.12767391983978846,0.2312602960390233,0.23304911509738716,false,2
6923,0.33168611479862475,0.04,0.0893646571996342,0.20164235883294798,0.24124529279137302,false,2
6924,0.3476028380469935,0.09,0.2034918346297416,0.21617538639039446,0.3151025370115225,false,2
6925,0.32392565789490485,0.06,0.09476270072658245,0.17838613200053222,0.24880262155905533,false,1
6926,0.3429273789760197,0.08,0.13117343896971306,0.19007399978841402,0.22134341564762486,false,3
6927,0.48562223785903563,0.44,0.24983087899313364,0.4734630865535581,0.43362943521001157,false,5
6928,0.7893798589478513,0.59,0.7417883427105633,0.6494938554641847,0.7157176681193649,false,3
6929,0.3931983981890733,0.19,0.35375819870447356,0.38548096662473463,0.3369525566117099,false,1
6931,0.45751254919399814,0.59,0.3718966493438393,0.47141907155311313,0.4527532184047875,false,1
6932,0.30223632155552554,0.0,0.2214791946648336,0.22167788290997456,0.2889304250605816,false,5
6933,0.38881580286876477,0.33,0.2744099920176158,0.2605093448433231,0.36720499635648557,false,4
6934,0.3135243421629947,0.15,0.23320509485437863,0.295334502697251,0.30313535939030134,false,5
6935,0.41541139237089325,0.18,0.3259587609994926,0.3402217860334084,0.35425291171174245,false,1
6936,0.7470318603299043,0.47,0.7000956426083782,0.5670286913033497,0.7708222007292768,false,4
6937,0.49067890602717384,0.52,0.48010374518767895,0.4961171196913004,0.4023528639788791,false,5
6938,0.4912134015134793,0.4,0.5184101904774864,0.537756834337245,0.5231065278468526,false,1
6939,0.427659509597043,0.23,0.20291565260635316,0.25057848998068255,0.31018329708554027,false,1
6940,0.4092997336873769,0.39,0.5204322347818104,0.4457083432940273,0.5085130030796015,false,2
6941,0.29948809823162337,0.0,0.15826793476293566,0.01174386845039019,0.2195273024647825,false,4
6943,0.35269124169854654,0.07,0.10739664797955288,0.19461605189920936,0.245043451688994,false,5
6944,0.37450848500005757,0.16,0.32300878157025337,0.3204777670914342,0.35039187976562647,false,2
6946,0.3649532899513869,0.07,0.04821830257180082,0.15382178607261904,0.22009500289929235,false,1
6947,0.5971364661449972,0.43,0.5848075554380425,0.57381420078266,0.6820642779254558,false,5
6948,0.3561223901986832,0.19,0.22056872923251827,0.253324807387907,0.25872983410049877,false,5
6949,0.4112022109890934,0.11,0.4215195012568105,0.27467970551550275,0.39325038400609624,false,4
6950,0.41533102001970096,0.13,0.38495297789407634,0.4100526690824068,0.39249123967556554,false,5
6952,0.5942076544019169,0.37,0.3269325081263959,0.4697873583166902,0.5857203241424075,false,3
6953,0.3251710370814525,0.25,0.1751596114504943,0.31323855179909915,0.3229971148545263,false,1
6954,0.8197808908072307,0.26,0.7318826704058533,0.533179405068989,0.7025036197515959,false,5
6955,0.39017352714615605,0.75,0.5987579928880085,0.4434076007284218,0.41244385075622764,false,5
6956,0.67307935212918,0.47,0.5110703609033279,0.6178205270892962,0.6957772072338975,false,4
6958,0.2591534981961428,0.09,0.3132249412374939,0.28770864678687397,0.2537013783394423,false,4
6959,0.33011860935240117,0.04,0.07998843692880708,0.07289237991540623,0.2473686497236842,false,4
6960,0.37941623128616764,0.11,0.29916910906916594,0.25378270271037306,0.3080571146180134,false,4
6961,0.3911928624163121,0.16,0.3586305604960909,0.24749253863833384,0.30533425923811364,false,5
6962,0.33211871364996604,0.36,0.2953279094042084,0.288357324312782,0.33841983988613256,false,2
6963,0.6591664642721067,0.56,0.6773663338128435,0.6572427281427226,0.642971104246199,false,1
6964,0.36098305752167337,0.26,0.25185639434543977,0.20513298641116998,0.32056137155272313,false,4
6966,0.29236240069263414,0.23,0.187594671543274,0.21118419734495916,0.25284183151191836,false,4
6967,0.3384606175740586,0.27,0.24547928432928448,0.31250267006385424,0.4090700123100567,false,4
6968,0.33082991017043384,0.1,0.08650550679030365,0.15676235790652263,0.25645589440311334,false,4
6969,0.4498929939199851,0.3275,0.3165375695893853,0.3782633390572364,0.3799434243053241,false,3
6970,0.31823000655373257,0.07,0.19942891718824393,0.09400704156954154,0.2679408189753444,false,4
6971,0.31823000655373257,0.07,0.19942891718824393,0.09400704156954154,0.2679408189753444,false,4
6972,0.4177514179653333,0.34,0.3129302055731187,0.36085773132491,0.40304457045348957,false,2
6973,0.4201862757502127,0.17,0.22456699046926706,0.19714961371617723,0.33007020051872454,false,4
6974,0.4827939357146911,0.46,0.5065073734867735,0.5962092519242447,0.5636978313111709,false,4
6975,0.3210443570090652,0.1,0.1430315398412655,0.18170677080580838,0.25364222589249075,false,4
6976,0.3662517291838868,0.06,0.14517163822778595,0.1693363032418549,0.22465758212037296,false,1
6977,0.6665198505815917,0.59,0.5499899434386595,0.7369988225886391,0.7509234384493778,false,2
6978,0.3589297237178844,0.1,0.22313067565983588,0.17540785774388282,0.2377232442883684,false,3
6979,0.3589297237178844,0.1,0.22313067565983588,0.17540785774388282,0.2377232442883684,false,3
6980,0.4177514179653333,0.34,0.3129302055731187,0.36085773132491,0.40304457045348957,false,2
6981,0.3432212265654297,0.43,0.4696951873357359,0.4513071664538381,0.34218175073408286,false,2
6982,0.3908780888792696,0.03,0.1502316617681635,0.0693537308253437,0.24089799783081842,false,3
6983,0.319643831074446,0.09,0.12302929596287891,0.21281428471835345,0.2226115342461245,false,5
6984,0.41063336599226746,0.12,0.15975808526813504,0.2917012501958141,0.2704088584468988,false,2
6985,0.2895684326905382,0.07,0.07780308048786361,0.17232964228531034,0.21597822616432197,false,2
6986,0.3299391854247574,0.06,0.1286856111488519,0.22260840709856727,0.2246393484699861,false,2
6987,0.3849752810659244,0.29,0.40163573238181643,0.5085649433239948,0.37152723855837283,false,4
6988,0.421022237453374,0.28,0.2762922950452187,0.39223100584335663,0.48080181388517085,false,5
6989,0.42248149887560105,0.53,0.2904414935084707,0.4290461890136811,0.43825426438244797,false,2
6990,0.38041204290979175,0.26,0.3531319355782092,0.41332366157698014,0.34497990632741354,false,5
6991,0.41378257448849526,0.15,0.25789036278063204,0.3067922578628266,0.33516334817236415,false,1
6992,0.4158657199628902,0.32,0.23529171273526303,0.4180946506891654,0.5841899875515705,false,2
6993,0.3221428323701505,0.09,0.10927340296189676,0.23237230624749003,0.22074182294879172,false,5
6994,0.439222645387429,0.3,0.185852078919905,0.37728526504949833,0.3858426911739283,false,1
6995,0.3411508913096057,0.04,0.10216744306227142,0.11451340247855189,0.24177584541178077,false,3
6996,0.32737979229097725,0.01,0.07132322086207404,0.061237677054627515,0.24959756989088983,false,4
6997,0.42222012280275306,0.17,0.16315506450861572,0.3019630933474809,0.2679769300357261,false,3
6998,0.4811046974085072,0.32,0.5406445545275134,0.5196001492956632,0.5325964615174935,false,1
6999,0.46318168231253065,0.79,0.6722481548772459,0.6479715878291882,0.6024297790790626,false,5
7000,0.5884222290039313,0.46,0.6246421665944434,0.5799538898032828,0.5889111744289989,false,3
7002,0.4483491772147623,0.15,0.491206717738056,0.3130328372755588,0.46111137184577666,false,5
7004,0.5203291906492811,0.42,0.3291603558971908,0.5179993929817857,0.6148139029513481,false,3
7005,0.4037876251002195,0.45,0.30624930030643005,0.3456734543938706,0.4588913815833155,false,2
7006,0.30704073882323835,0.26,0.09441651702013631,0.23038547118385427,0.20967886836989538,false,4
7007,0.2799329226856313,0.19,0.06707954862533093,0.1464078512992808,0.1641686650811632,false,3
7008,0.38638511882919063,0.24,0.600314842363955,0.3974849043258569,0.44894567343762304,false,3
7009,0.3877973419663022,0.37,0.47693792266779145,0.30988432557481543,0.4468636469704737,false,4
7010,0.5252824828696874,0.3,0.22085029881232615,0.4514957557638043,0.48328797479592706,false,1
7011,0.41702402029808694,0.25,0.2982484709268771,0.2573553624209899,0.29936830774721906,false,1
7012,0.41936356985966056,0.39,0.45903955467788876,0.40740959185623493,0.47334615061223456,false,4
7013,0.6596507727647124,0.45,0.7047247001338285,0.5254218243173986,0.6325737867744621,false,4
7014,0.36947160258171985,0.23,0.34012664704778733,0.3282183523168296,0.36201997256281054,false,5
7015,0.4358473233126963,0.15,0.2708642825734595,0.2955191329032219,0.30147043880124486,false,1
7016,0.32003334019783974,0.29,0.3748543295514162,0.4222974927614498,0.3032111210586711,false,3
7017,0.4358473233126963,0.15,0.2708642825734595,0.2955191329032219,0.30147043880124486,false,1
7018,0.36964551473351503,0.09,0.19899428031219157,0.284810173388059,0.26315141435372696,false,5
7019,0.35625752828677604,0.12,0.1741978682691508,0.19475992686827312,0.24461568899798752,false,1
7025,0.3556592687558855,0.04,0.1741978682691508,0.18698150460956106,0.23724144663187052,false,1
7028,0.3556592687558855,0.04,0.1741978682691508,0.18698150460956106,0.23724144663187052,false,1
7030,0.4413686903998235,0.25,0.24233366713134322,0.3390972164426745,0.3477526339460459,false,2
7032,0.467065514652533,0.31,0.3452539065918868,0.371070207929277,0.39034615685230767,false,5
7033,0.3455654739902055,0.01,0.11209427633261054,0.1990334251996117,0.23416471413955545,false,2
7034,0.36427411003606275,0.05,0.11232606483484472,0.22036011124833832,0.24037765777805278,false,5
7035,0.3628357381816555,0.1,0.2826752887897032,0.19035337824938345,0.42850891919530065,false,3
7036,0.3628357381816555,0.1,0.2826752887897032,0.19035337824938345,0.42850891919530065,false,3
7037,0.31778678595428483,0.31,0.3662780057150455,0.30503748665837416,0.3417955710557897,false,5
7038,0.5399577074401755,0.33,0.5502947347792457,0.5230511004401829,0.6078039559150339,false,2
7039,0.5409612018245717,0.56,0.6654273077140181,0.5821835779164932,0.5565874104814118,false,1
7040,0.5136584682375789,0.38,0.5077402734013667,0.4552554461626277,0.47185593982261426,false,1
7043,0.32057457775227605,0.22,0.19003343820941976,0.21039588906418819,0.22794294677138655,false,1
7044,0.35420445937449035,0.12,0.35742516390639695,0.2269455023076408,0.3696873536251749,false,3
7045,0.3247477856664679,0.26,0.24372895632546887,0.24573696559933517,0.2764906457582848,false,5
7046,0.23370851502319753,0.16023809523809526,0.31000434017434403,0.25076349291024963,0.27271413578778203,false,1
7047,0.29987149933533713,0.17,0.18233738437265895,0.25349416281771453,0.26689402813690577,false,5
7048,0.29970248418398543,0.17,0.18807904751791335,0.2901350558984073,0.27851631289587425,false,4
7049,0.23370851502319753,0.16023809523809526,0.31000434017434403,0.25076349291024963,0.27271413578778203,false,1
7050,0.285581641941928,0.0,0.020349402303762597,0.16079732020320323,0.16503107606688736,false,5
7051,0.379192651455288,0.3,0.36753325883468424,0.45112406607200145,0.38663872984258285,false,1
7052,0.8258872056079295,0.69,0.8977011898945584,0.7719851767815739,0.761969612131363,false,2
7053,0.8962120071125971,0.74,0.8368561348955265,0.7700143473347648,0.7691140922008806,false,5
7054,0.3991354932848179,0.31,0.43216898660582254,0.33137357746929175,0.4468636469704737,false,4
7055,0.4562899066971949,0.2,0.4582942383079986,0.32360849323448937,0.41181575365560474,false,3
7056,0.46991512894968673,0.29,0.3985197432604152,0.32735060371226693,0.37833425421707423,false,4
7057,0.42078497996979797,0.19,0.4063384331497237,0.29753649297562335,0.4909329720017495,false,4
7058,0.31347479269614426,0.2775,0.18447211929226695,0.19261413895436735,0.23134815658652821,false,3
7059,0.33218357911979646,0.11,0.12265508565938736,0.22775180637401277,0.24124529279137302,false,2
7061,0.556485747300053,0.29,0.4676065803158989,0.5350194288989443,0.523662427056503,false,1
7062,0.4600837252850345,0.2,0.3505155290285656,0.2669527416245459,0.4701692115080195,false,4
7063,0.5135308225869099,0.24,0.22707511345660158,0.3982119288266211,0.4958087064554622,false,3
7064,0.5173593218811338,0.43,0.6141695390083698,0.5502801892805897,0.591533110837843,false,4
7065,0.37080713046296326,0.15,0.372488107164642,0.21691846643830895,0.3953104072680808,false,3
7066,0.5744752097633066,0.55,0.5475343572406858,0.5838572875455715,0.6200939547351195,false,2
7067,0.481678332491837,0.61,0.5676821763861893,0.519865950819963,0.49748470026132596,false,5
7068,0.41400953277847413,0.3,0.24886977128734067,0.29674728906330045,0.2964649769919971,false,2
7069,0.4153723920862467,0.19,0.36506740880800187,0.27132148874586615,0.32117864727760187,false,3
7070,0.40389910205780705,0.44,0.4854972950645769,0.3957214977206425,0.5103567690236946,false,4
7071,0.3080038159795324,0.11,0.21596399668497732,0.23355329429144578,0.23218144795680226,false,5
7072,0.473559113347057,0.4,0.5552372032904613,0.4627934836323307,0.4616154138558899,false,1
7073,0.3890444180528046,0.24,0.2109041111020431,0.3091090752290437,0.3442279497701001,false,1
7074,0.34382177356101595,0.19,0.2367029532324582,0.265793926117555,0.27687845928320926,false,5
7075,0.43666624690678274,0.26,0.320755286112368,0.3806300222694766,0.4146372083304239,false,1
7077,0.49187633428442523,0.28,0.4957511777371788,0.4661156121039889,0.49930985186705823,false,5
7078,0.2838742543852008,0.06,0.0484497846546584,0.047055916305916316,0.23008260788372642,false,4
7079,0.7980607038322204,0.62,0.6859260247802392,0.7038864789811157,0.7470147662840795,false,3
7080,0.42257953351830035,0.29,0.3231426544862278,0.37006861794924567,0.33967867025133786,false,4
7081,0.3281649752828948,0.23,0.1915567776099825,0.2834842625534431,0.34117767680961586,false,2
7082,0.4523141678576534,0.16,0.3522523669909837,0.36813699276245715,0.4089940218012195,false,2
7083,0.3971535503720993,0.15,0.34921081129139125,0.3465988355146722,0.37492409060100057,false,2
7084,0.3085990746085614,0.21,0.3795010529295036,0.26102778363669804,0.2945261517335881,false,4
7085,0.39397740355225425,0.12,0.2818275819178807,0.25958766909572684,0.39590977613011086,false,3
7086,0.4796167879696643,0.33,0.43800580683891804,0.4496227310692899,0.4927583061838477,false,3
7087,0.44436086201585484,0.32333333333333336,0.3926688192988848,0.45019609871185273,0.5315385023177491,false,4
7088,0.6080374053681689,0.31,0.5934812510127097,0.5081043502831436,0.6193104892801798,false,4
7089,0.35183071499921803,0.04,0.16426611836588415,0.08487137608693335,0.24425405015196075,false,4
7090,0.38250498775518105,0.13,0.048034734847140555,0.09596331908831911,0.23857663579561925,false,4
7091,0.29187600494978755,0.05,0.12790869186579026,0.050321986578952524,0.22996025230696276,false,4
7092,0.3944328097267289,0.12,0.26643391890293705,0.20770157138938955,0.20941350402679143,false,2
7093,0.3260743791695463,0.23,0.23058565316059265,0.1995822808827881,0.24081982156981654,false,1
7094,0.3308314105855547,0.2,0.2860631715316572,0.27937552308741653,0.298970765443565,false,1
7095,0.6806550349601197,0.5,0.4745759004266267,0.616485369351446,0.7058170249800536,false,2
7096,0.4326280860279578,0.14,0.37994074190377536,0.36850603614662075,0.413701797496425,false,2
7097,0.2821664081460682,0.03,0.07335774994124335,0.10666227911634679,0.15480296944219582,false,3
7098,0.4108094266505804,0.22,0.2173534024160119,0.29920172640486214,0.37926834775970886,false,1
7099,0.40114121034276273,0.49,0.44900733995627373,0.4269245231403579,0.4271614028311145,false,4
7100,0.3369697990377561,0.12,0.11975517170111588,0.1548403260352242,0.22866369155992175,false,3
7101,0.39815580840917186,0.26,0.33892096210214173,0.32342649318112643,0.33237593259882703,false,2
7102,0.4434012974742348,0.15,0.3539506596643507,0.4088721655834189,0.47106015844301474,false,5
7103,0.8565102795303998,0.79,0.834887709181231,0.7839277516718708,0.7951358705874552,false,4
7104,0.4305224054251524,0.34,0.3175208767700477,0.34905731723114175,0.2742597083096043,false,2
7105,0.29575188115749346,0.09,0.10676219369284415,0.19315001955754874,0.22881669024745263,false,1
7106,0.45093009861249667,0.38,0.28601347431065594,0.3909674942923473,0.42805806450323064,false,3
7107,0.3977823175753901,0.18,0.28845802303877255,0.23555351234466523,0.3508991625547831,false,3
7108,0.31347530448511596,0.42,0.5673204104901045,0.3807882112627584,0.48194507661350733,false,2
7110,0.5445448753219975,0.64,0.47097257593713965,0.5572948786963736,0.6140340413715418,false,2
7111,0.5264835550191955,0.69,0.7738922785308757,0.5363548229705316,0.565634656167359,false,5
7112,0.32452112036245206,0.19,0.34058571104786145,0.35021933975884556,0.3611510714082433,false,5
7113,0.4680880397427177,0.16,0.1651290065356451,0.3841874433960983,0.41733395931057227,false,1
7114,0.8663001164669977,0.54,0.6362916767429686,0.7491507494053029,0.8160122135334607,false,1
7115,0.6019404507562718,0.41,0.7187104622003161,0.6012127294156073,0.6108027325273025,false,1
7116,0.39591583252897106,0.36,0.30225149180978544,0.2857873465810823,0.37466860976145605,false,4
7118,0.3761855759983215,0.13,0.21975972404188196,0.1545878528849892,0.3831407687342891,false,4
7119,0.2984741259274203,0.29,0.22149657776737228,0.3204188128291221,0.2575179481234351,false,4
7120,0.43021049724837573,0.23,0.4415361650419682,0.3918104465278016,0.4135063541452773,false,1
7123,0.34140219099886837,0.07,0.1377258685105414,0.2056697657482344,0.23769533880466298,false,5
7125,0.5028643856280015,0.5785714285714286,0.5119592726504831,0.47924091493619797,0.4301952437651942,false,1
7126,0.4386898541252707,0.5,0.5568155932974015,0.5889729957938206,0.49830008473343085,false,4
7127,0.382438041663645,0.4,0.5442808903077331,0.4612138375743888,0.47831806469004307,false,5
7128,0.35074256980029583,0.11,0.32177095721319304,0.32782906471625994,0.37942893593584015,false,5
7129,0.45166636923190145,0.13,0.3668784424255817,0.32977959150360275,0.36313993553194,false,3
7130,0.74947569754231,0.74,0.8089210301012878,0.774728962351599,0.7280930066500296,false,1
7131,0.48292614961101443,0.41,0.47754772052240985,0.5210631909908575,0.5095808769699092,false,4
7132,0.47198377081325515,0.55,0.5567795096880176,0.561872927371348,0.5594337898527764,false,2
7133,0.4757674448094726,0.12,0.31963975931071237,0.23666893544346881,0.44418062030062294,false,4
7134,0.47495226706972765,0.26,0.48219997594645303,0.4427041715122232,0.49846642331657154,false,2
7135,0.42316503891540996,0.44,0.5497479847236181,0.4744095429918178,0.43496935011375515,false,1
7136,0.49046384434712176,0.42,0.32557052480831483,0.46652887258042774,0.49847269826750035,false,4
7137,0.38101644781420047,0.18,0.14484365926037507,0.22005718992842876,0.23101243028564586,false,1
7138,0.2922466913608533,0.55,0.3303392821815303,0.446662052244656,0.27936621668093364,false,3
7139,0.27045116018908655,0.07083333333333333,0.1713375808770485,0.2277708873935236,0.28221607163316415,false,1
7140,0.5238640712461826,0.37,0.582846591662059,0.4666537886920012,0.4265490718262647,false,3
7141,0.5594022931186998,0.27,0.5887529535332372,0.5280085747967326,0.5675681785781144,false,5
7142,0.27823083733914905,0.6,0.5508490910783931,0.47267517859714675,0.267083103733304,false,4
7143,0.5051111564211364,0.36,0.40302416393487855,0.605500156403762,0.588454572401093,false,3
7144,0.2895703036653612,0.04,0.13783870549196658,0.3039342811037151,0.275930858489112,false,2
7145,0.3534266432990236,0.12,0.2344557253871192,0.286715093340369,0.2893764902657879,false,2
7146,0.3923356940039692,0.22,0.11963650783569457,0.1282415514768456,0.24013513448836696,false,4
7147,0.6330483109866942,0.43,0.6475924791902616,0.48777906078367794,0.6190774917611073,false,3
7148,0.4366150499762062,0.17,0.2849285117832327,0.30990485378373445,0.4248805562762457,false,4
7149,0.7658310866756344,0.59,0.5846041540423126,0.7227022554870379,0.7331212661033976,false,3
7151,0.469800556860621,0.56,0.6158846029614501,0.5468451044457866,0.5253104377485901,false,5
7152,0.5892200346514251,0.41,0.3249894569361614,0.552359505800534,0.572878476381937,false,5
7153,0.4079249281570319,0.29,0.4609242889652284,0.4321938770727495,0.49339719818264155,false,4
7154,0.5331030249656012,0.5366666666666666,0.682657551731094,0.6022852147469373,0.5496460184086612,false,3
7155,0.516202550662693,0.27,0.3088820458189415,0.36197618684286725,0.5011617700264317,false,3
7156,0.43992069076355445,0.4,0.5317312938037025,0.510978126591312,0.5274341965279087,false,4
7157,0.37110596241087257,0.13,0.15737039341364567,0.25418618771846446,0.2717752896799578,false,5
7158,0.5773536408770598,0.25,0.5771826909479849,0.4628855619009314,0.5063477843624348,false,5
7159,0.4731039677860684,0.25,0.2791864691245807,0.38448527704280167,0.3673574157940741,false,2
7161,0.2833498687149433,0.326,0.3392234553459458,0.2637244303264516,0.26238914704235916,false,2
7162,0.4789150753627104,0.34,0.49996459270126603,0.4416730328487028,0.4547603302633341,false,1
7163,0.634411582692037,0.35,0.3959203896355004,0.5350472988774627,0.692407415566841,false,3
7164,0.5597631925046271,0.35,0.5704836777300888,0.4513978662189115,0.5503872108537573,false,2
7166,0.38837968955398083,0.2,0.28199297992892,0.26922599737885483,0.3668260317628386,false,3
7167,0.6010878904794734,0.3,0.36123625253008845,0.5222515566457784,0.4995484697462363,false,1
7168,0.38331520254226165,0.06,0.11388902156474424,0.20077629838685385,0.24707191967204026,false,1
7169,0.4072734360338322,0.32,0.21389732444702947,0.3166415635030216,0.3904008011867934,false,3
7171,0.5351102501921716,0.38,0.33071592047178416,0.5463353297638295,0.536607885895001,false,5
7172,0.2895703036653612,0.04,0.13783870549196658,0.3039342811037151,0.275930858489112,false,2
7173,0.5827342217871241,0.35,0.5917028506437075,0.6023700194454258,0.6825250327464658,false,5
7174,0.7060503227900758,0.62,0.8258237122515546,0.7955739903770188,0.7586634210700544,false,1
7175,0.44030322437176755,0.33,0.49175494588059365,0.4540281039780652,0.4920266150712093,false,4
7176,0.5353207591726756,0.29,0.6003165705811483,0.4921771845209228,0.6173394620521496,false,2
7180,0.27929807088834807,0.11,0.25275905442427016,0.3294600913394191,0.2619286449872527,false,3
7182,0.4557228584517977,0.42,0.32453047831484083,0.5299921720953811,0.5588017848718695,false,1
7183,0.39298487054386705,0.13,0.23898482172696775,0.1993692243847446,0.38633156150885173,false,4
7184,0.24196095912691246,0.635,0.3738939048514941,0.42190267462194975,0.282387463781238,false,3
7185,0.3013187484292665,0.02,0.06810491318860391,0.14251600623863792,0.21185485776654658,false,2
7186,0.6469842428624569,0.76,0.6633572415013189,0.6370444125127327,0.6669088676469702,false,5
7188,0.32425446044294715,0.23,0.3525807800960932,0.2577905595293894,0.232964952791223,false,5
7189,0.35154697244408717,0.15,0.3707490683959077,0.3558160169021509,0.30400734181143213,false,3
7190,0.4574596136746964,0.75,0.6506758554785688,0.6787586432106592,0.6260709670190373,false,1
7191,0.3330485984017636,0.21,0.35378347911449143,0.3103054636949055,0.35090552477340464,false,5
7192,0.5972100513704758,0.36,0.33978618993846127,0.5246953689110068,0.5566702032152187,false,5
7193,0.3326946827803372,0.14,0.19826942955467633,0.20499362891085557,0.2655471896908508,false,1
7194,0.5713089571899914,0.39,0.31610639484453423,0.5115086464605254,0.6462170511135631,false,3
7195,0.4997831726650389,0.34,0.5046058707006593,0.4660761441435979,0.42670720834303894,false,5
7196,0.511283448755305,0.22,0.3079521340440875,0.3692383167091338,0.5115444456730932,false,3
7197,0.5437911819194,0.43,0.5345361276726112,0.5013612240730361,0.6653173508666259,false,4
7198,0.46019794382177215,0.32,0.4482018585883582,0.4298262210684367,0.45875234036270773,false,1
7199,0.40255621991790447,0.09,0.21032550368616973,0.24365967205350725,0.2570862352682018,false,5
7200,0.48055378501082996,0.34,0.3842546818359678,0.4286921705370432,0.4542193653497683,false,4
7201,0.356854110034815,0.15,0.1781724057772165,0.2955823171322698,0.36807483835848603,false,2
7202,0.2875147821783216,0.18,0.1545675204539649,0.285382676203225,0.31503994596448015,false,1
7204,0.30414540393315254,0.22,0.21377972777197463,0.3272219222452307,0.38753142256480677,false,3
7205,0.2625874965756858,0.21,0.1130485855434506,0.23433384171215604,0.18225157945361653,false,1
7206,0.28341794111360613,0.03,0.02178066194802073,0.12754057386251477,0.16854738746146014,false,1
7207,0.5422904376823986,0.36,0.32154154984256367,0.4961939128632764,0.6226475010260295,false,3
7208,0.479264507286972,0.24,0.373702133791778,0.47483549538535696,0.46778738151066807,false,5
7209,0.40472861606345045,0.12,0.23487682954971906,0.38626821453425025,0.40328412244498424,false,1
7210,0.33183475770458737,0.31,0.1060084049670227,0.233705495157129,0.2393261695795279,false,4
7211,0.7361185285261214,0.49,0.6317911894439516,0.5842989392077144,0.6230290940229908,false,4
7212,0.29984919691469597,0.15,0.2471755401362054,0.23798165112969774,0.2856238852334286,false,5
7214,0.25613946438447716,0.29,0.43992474988570507,0.26466726269681784,0.34359895293065146,false,5
7215,0.2772709315736156,0.05,0.1222328443562917,0.09059469739926394,0.19241358626282803,false,4
7216,0.45258964494739345,0.48,0.5386056927761278,0.5071312715253247,0.4652341834727807,false,4
7217,0.7357382726253434,0.46,0.4808535988162352,0.62746746351752,0.689351578721765,false,5
7219,0.4467532560629363,0.22,0.512767822574235,0.27358737569501423,0.44533798830126764,false,4
7221,0.38415829881504165,0.15,0.27606150844755795,0.2112563093081669,0.28272039229060825,false,4
7223,0.27256479589181964,0.13,0.1705194035860836,0.26751159271759284,0.28617756274350303,false,4
7226,0.45935360133167763,0.19,0.36078968170032805,0.38228623867059364,0.44294521228655453,false,3
7228,0.3827311626801947,0.08,0.1974598656006841,0.29941542074153416,0.30052077797612514,false,2
7229,0.34764449266131325,0.16,0.2157663212891598,0.11965443519104844,0.2918590229823607,false,4
7230,0.3788346662668339,0.08,0.24823701390635183,0.27685484111644654,0.2758829441765238,false,5
7231,0.4193254284796432,0.24,0.2540402212040439,0.2633929892586761,0.27342109485353844,false,4
7233,0.5110565570894281,0.32,0.6196063973808406,0.43050444500419505,0.5687065995219481,false,4
7234,0.3575733422707936,0.05,0.15490016314594685,0.231088573265885,0.2613084561496015,false,5
7235,0.2508175419826763,0.16,0.2589705747256543,0.32378136900493504,0.27581103962619063,false,3
7236,0.4326682466723926,0.5,0.5865637479687659,0.4447212813625342,0.5192789533058121,false,2
7237,0.40790896345508687,0.36,0.28366804056578504,0.5197095763219979,0.5819011206677384,false,1
7238,0.4396454956434168,0.07,0.15326607362281489,0.15988297940659404,0.2619253039903916,false,3
7240,0.5118819051772402,0.25,0.41355557104979185,0.544880368078635,0.5899164835195831,false,1
7241,0.44849539948363587,0.4,0.33797457456599234,0.43753388362585677,0.44952721699860243,false,5
7242,0.421475609699291,0.28,0.4130912111235523,0.38678634814077817,0.4122143750237189,false,2
7243,0.32774060907734215,0.06,0.027107027125140494,0.11918987218921431,0.21458067211055795,false,4
7244,0.45169189146686306,0.12,0.24572660831408571,0.2704945921274029,0.2516392166943324,false,5
7245,0.38991049196788086,0.08,0.14161565351785713,0.2942376199677395,0.34145972162418275,false,1
7246,0.38315004252949136,0.07,0.10454905593068319,0.24763121019442963,0.2441169015686224,false,2
7248,0.3818546472405673,0.16,0.1043463619770842,0.31980871789888815,0.2775961742720434,false,4
7249,0.39983868561704167,0.06,0.17181641308714282,0.25064706250912744,0.2821430579087435,false,2
7251,0.45531105010724143,0.26666666666666666,0.4258549023256449,0.325820411547853,0.4914986721188658,false,4
7252,0.510540721588637,0.08,0.35338931645012667,0.32993294578506605,0.43459244316080176,false,5
7253,0.3842208089907376,0.23,0.30572170288161354,0.2985711217576226,0.35792691088848605,false,5
7254,0.3557419650139717,0.41,0.2821896756997191,0.588311795991402,0.28947577977226596,false,1
7255,0.42176890649176796,0.26,0.32602788444451514,0.3132353513423206,0.3576298280700003,false,4
7256,0.4839107691606177,0.27,0.260228683778944,0.40935373213029863,0.389935541079741,false,2
7258,0.45169189146686306,0.12,0.24572660831408571,0.2704945921274029,0.2516392166943324,false,5
7259,0.40668650993925365,0.26,0.2025103582451768,0.2870661249530454,0.3879316830611701,false,3
7260,0.436503630437308,0.33,0.607030932050526,0.3878352574381612,0.5174456431767405,false,2
7261,0.46266120668344196,0.4,0.08979626698251124,0.3934163943926297,0.4071394532048171,false,3
7262,0.4536499297908432,0.13,0.1603778584195544,0.2780894483917651,0.3020071335341794,false,1
7263,0.5480471059293681,0.42,0.4900924380239396,0.5324959167976272,0.6605410402765645,false,3
7264,0.6226481031401699,0.37,0.3541060520818981,0.6143595899712205,0.6526888063785243,false,1
7265,0.4545267934488023,0.23,0.3226590962950652,0.23093859969990668,0.4869597855733748,false,4
7266,0.4663560714100937,0.42,0.42018955633411437,0.4220527015969353,0.5239562021992735,false,4
7267,0.4139994052304143,0.07,0.11213210306399089,0.2579650508836409,0.3095873288070883,false,2
7268,0.33508931833569383,0.13,0.2300037123335232,0.18333704104091272,0.2680314409558738,false,4
7269,0.36535714535186437,0.23,0.04327547713507655,0.12280869576186912,0.21936961329345114,false,4
7270,0.7412791041391286,0.12,0.24706021188059843,0.3102947080022952,0.5842149981822273,false,5
7271,0.34126402458867783,0.6,0.49906957839217236,0.5292041102373596,0.44837737219277024,false,3
7272,0.25262505452407097,0.19,0.2171735494496149,0.19907093998138747,0.2469484581736086,false,2
7273,0.8414646545423476,0.25,0.34887701327256837,0.4096349645688849,0.4953637701127031,false,3
7274,0.7493952080966345,0.08,0.14306697429047904,0.1658210210412223,0.3408431378485732,false,4
7275,0.5192055710715985,0.19,0.27642221675351525,0.3758685127002941,0.5447123009034595,false,3
7276,0.5172395698022461,0.11,0.4089264719399553,0.3270194701669159,0.5859129518472257,false,4
7277,0.7421721106045125,0.06,0.103049567472488,0.14287768986259697,0.3408431378485732,false,4
7279,0.44013543573159764,0.3,0.3195467915345648,0.3824409498429682,0.3732997722528825,false,2
7281,0.5242185342564604,0.14,0.32025921479434255,0.4843899410828516,0.5057362737960487,false,2
7282,0.5596670343783273,0.3,0.29848335984459395,0.44109251442053526,0.6022071375201722,false,3
7283,0.8762333553847604,0.66,0.7190545361413619,0.7520779304655175,0.7755381285896833,false,4
7284,0.23752034792144194,0.5135714285714286,0.39665493318997097,0.5661646744561033,0.2501430084523464,false,4
7285,0.23869925244410392,0.03,0.056788770326165285,0.04315044111206968,0.2226594034887138,false,3
7286,0.2895278978052778,0.03,0.15469553791305846,0.12531649076327867,0.26736867992154595,false,4
7287,0.29677857505853533,0.12,0.29759840595872944,0.2106020446556408,0.23383760731223008,false,5
7289,0.3684068287454199,0.06,0.19907779936124262,0.09593457907331748,0.3013668412710587,false,4
7290,0.3972728189283062,0.29,0.533997437318613,0.41673952610758586,0.4872443993258947,false,3
7291,0.29869062638680866,0.1,0.1701326852507626,0.1691960749948366,0.29396477836558516,false,4
7292,0.4169299908275434,0.23,0.23989019474930237,0.35210787905199553,0.369691403988067,false,2
7293,0.3858626714393525,0.37,0.5884021682395363,0.4899405498725735,0.5789125549634626,false,2
7294,0.3703084670169521,0.08,0.2117884785130432,0.22017863893755532,0.2995294419312073,false,2
7295,0.25786620463915866,0.2733333333333334,0.2105343149609202,0.2498142366252375,0.2961656374375395,false,4
7296,0.43912711915464725,0.22,0.3794689630920076,0.30937931044714495,0.4006312410448526,false,3
7297,0.32991162969544263,0.13,0.1650407414238536,0.1997464473878948,0.3390931074799424,false,4
7298,0.41217519666563796,0.4,0.4910822718112996,0.3453720529945676,0.3616581825549979,false,5
7299,0.43912711915464725,0.22,0.3794689630920076,0.30937931044714495,0.4006312410448526,false,3
7300,0.29986144414342325,0.16,0.2651722490224501,0.20267509778779466,0.2743373418546873,false,1
7301,0.4824212616330186,0.46,0.61500095320893,0.55209218466442,0.5160282088466756,false,3
7302,0.4217604456948914,0.27,0.3916810057762546,0.3990114567016069,0.3753054766451982,false,5
7303,0.6039780128208331,0.46,0.6819905075886763,0.6295559608109008,0.7178325455940984,false,1
7304,0.8197757156971106,0.69,0.6918017860608723,0.7548914827656777,0.816463681805718,false,1
7305,0.9249364818959666,0.74,0.6724999874906729,0.7561290183367833,0.8108630150318392,false,2
7306,0.6155930100562714,0.45,0.5004729788358947,0.535279157865356,0.5619893029158469,false,3
7307,0.36421668177004585,0.01,0.3461170187427201,0.31596558558827326,0.34245299890056957,false,2
7308,0.44919111178898985,0.38,0.4964906756248069,0.35916445241410755,0.42535832265203155,false,4
7312,0.5240281572778718,0.32,0.45684108577906646,0.5173213086960385,0.5792214380812296,false,2
7319,0.48054637544271145,0.1,0.21714204353109143,0.34333329394153095,0.34840437718835904,false,5
7320,0.48784044057578335,0.17,0.4068052906557891,0.39736488732078507,0.3993331342202787,false,1
7321,0.7817835767428765,0.49,0.35659764299159546,0.5686424067848135,0.7883052259473817,false,5
7322,0.37716540901523143,0.3,0.34194984376773524,0.3821124672576832,0.36422361780565277,false,2
7323,0.7790566425721999,0.94,0.9748718802410631,0.9195107958502655,0.8505538733330756,false,4
7325,0.7305411140989768,0.45,0.47092657964726153,0.6491029517567058,0.7682714425839035,false,3
7326,0.42597979515322215,0.1,0.11973569679950163,0.1184997051838631,0.23669144095584183,false,3
7327,0.42995007773480054,0.06,0.15371655853439492,0.20997907622941148,0.28230731167666084,false,1
7328,0.4986016039953094,0.18,0.3849932758694581,0.424022908212233,0.4232684057800688,false,2
7330,0.7511120795659293,0.64,0.7530072951113048,0.6967115317645987,0.76442382403208,false,1
7332,0.39378998627224576,0.27,0.46907063016649087,0.3696274976413808,0.4593698518245041,false,3
7334,0.4589521469295763,0.22,0.4700949855195884,0.44234142068940935,0.5316559017981709,false,3
7337,0.39378998627224576,0.27,0.46907063016649087,0.3696274976413808,0.4593698518245041,false,3
7338,0.2755110868672402,0.01,0.051271137784572186,0.21369823674012117,0.24343647641756277,false,2
7339,0.4110187942210705,0.58,0.4861607291534721,0.4786056027454009,0.43001830040194206,false,3
7340,0.5345221305829876,0.48,0.48322579443726443,0.5084140418347826,0.514925092229111,false,5
7342,0.736744148151705,0.82,0.9247531206807773,0.8066404660762277,0.8532816885421001,false,3
7343,0.5142159510072338,0.4,0.48347602231306414,0.47216340272720125,0.42893115896922585,false,2
7344,0.5685541010561971,0.32,0.6545191435348939,0.5911226546485069,0.6291663440363344,false,2
7346,0.4493156096852639,0.39,0.49286746326884273,0.4862496946761784,0.5032562138347745,false,5
7347,0.5095667741163016,0.43,0.6171076595845798,0.56951212197317,0.6037629645641576,false,3
7348,0.6879813529412663,0.67,0.6727864021480103,0.7831760003764017,0.7229536845877453,false,1
7349,0.5847142872094551,0.28,0.13057901473647726,0.42364510134034467,0.6167577078715771,false,3
7350,0.4453398374946599,0.37,0.6514942448381895,0.48940368469943024,0.5135501970069468,false,3
7351,0.5145943750846365,0.29,0.40868997357552933,0.3457802647350793,0.497182798405475,false,3
7352,0.5675116681986887,0.55,0.6500901604215134,0.6787593770250825,0.6670843239262125,false,2
7353,0.4710783346225417,0.26,0.48134528705968765,0.4223425938610718,0.4760464793968605,false,2
7354,0.44582148475662825,0.24,0.23804058395456607,0.3060898336499148,0.3980257415703428,false,5
7355,0.505353763130934,0.59,0.6018505710154727,0.5826886495075875,0.5793816497831467,false,1
7356,0.426552135457307,0.14,0.373246068066027,0.3587854262530412,0.3420780836077348,false,5
7357,0.3961376145227952,0.19,0.17016884198313298,0.3726098427521763,0.31572315895487935,false,1
7358,0.5357504400391692,0.58,0.4847856286896158,0.5307642379651798,0.5623967411814242,false,3
7359,0.4801105924334516,0.21,0.31780530663371587,0.29871576099208513,0.46942011004146844,false,4
7360,0.45031031384505704,0.13,0.22446704203866946,0.2086913072210623,0.3767373738146131,false,3
7361,0.505288202314438,0.34,0.42475421249059286,0.4024973626509679,0.49964145227055695,false,3
7362,0.4152912036635961,0.39,0.3632406600314229,0.422410109690465,0.37186030430990713,false,4
7363,0.5294405607745635,0.48,0.6116378112892416,0.5919836993997842,0.5903981090905568,false,3
7364,0.45914884114305055,0.19,0.2581297219720882,0.4188690660563348,0.4350733913141057,false,5
7365,0.4564961719656552,0.04,0.13820176236304774,0.07878986707736707,0.31575950164648064,false,4
7366,0.505353763130934,0.59,0.6018505710154727,0.5826886495075875,0.5793816497831467,false,1
7367,0.3550806639677813,0.21,0.1693315765790083,0.2945595733621917,0.35267585573400995,false,5
7368,0.5977903109334876,0.36,0.5378491383531993,0.6692614845804559,0.7222090130980806,false,1
7369,0.6219366497042319,0.27,0.2556490605856291,0.595670622525192,0.7372147332895286,false,5
7370,0.6045114819877162,0.4,0.5076957952566071,0.48711873314985893,0.54944018450845,false,3
7371,0.44683921411436406,0.21,0.20777538487621983,0.3227887868372809,0.3305227997582646,false,1
7372,0.4436194554817901,0.28,0.2631321009143364,0.45497639669957657,0.49068589953728736,false,1
7373,0.46147788981874055,0.26,0.32763785814603313,0.4260786495862709,0.4916474634568471,false,3
7374,0.42930655397601425,0.3,0.41957940803875626,0.455690907722359,0.5022601630144427,false,5
7375,0.4260279427782447,0.14,0.3240755267121474,0.30249375231055536,0.3869874376754474,false,3
7376,0.5715788353111559,0.28,0.1572934934068419,0.42326803382048905,0.6030912239389159,false,5
7377,0.46750260335818467,0.27,0.27485199768423085,0.37010175563383796,0.4530691624827693,false,3
7378,0.46750260335818467,0.27,0.27485199768423085,0.37010175563383796,0.4530691624827693,false,3
7379,0.536180886493938,0.2,0.34376009928938867,0.31826208931104444,0.5425793092457162,false,4
7380,0.48048551103360576,0.44,0.45465114769981757,0.5095194102283701,0.47591069233393907,false,1
7381,0.4704793399180241,0.12,0.23106166954215523,0.35712169740054284,0.412142664143211,false,1
7382,0.5085448236899445,0.25,0.5177233204243614,0.5283673191384373,0.5281234105009018,false,2
7383,0.5835771326872732,0.25,0.32555059953956517,0.3667287836624488,0.5709664865501061,false,3
7384,0.508199205827817,0.3066666666666667,0.47151392844417894,0.3857027780233137,0.5691821280873602,false,4
7385,0.49159023746168706,0.33,0.3422227669929852,0.40610788961134003,0.4652569709135325,false,3
7387,0.30190482358123355,0.4,0.4052933542873894,0.4823987471255624,0.37544067427243494,false,3
7388,0.3278574367899282,0.21,0.1748172594079867,0.19117473774904528,0.23995640601214446,false,1
7389,0.2755110868672402,0.01,0.051271137784572186,0.21369823674012117,0.24343647641756277,false,2
7390,0.7178875676178831,0.64,0.7445011300418809,0.7081758606626248,0.702366725153447,false,5
7391,0.5537675125395616,0.36,0.5707577654179977,0.5538795923863039,0.5841682728910009,false,2
7393,0.6553871250619908,0.56,0.59132700917619,0.6473107560987631,0.6376308287497441,false,1
7394,0.6680788595619632,0.42,0.3770418255181275,0.5706266263848151,0.6921888144377927,false,4
7395,0.5249893662543592,0.35,0.4925895402532159,0.6100296640263573,0.6096930140779432,false,1
7396,0.742242802960265,0.77,0.8054807478371487,0.8287009315561926,0.7814159487331385,false,3
7397,0.7613490227330254,0.42,0.5928463322080763,0.666197482496266,0.7494144135457826,false,1
7398,0.33764906852054916,0.08,0.33939196572181574,0.22589627558259365,0.388234155180164,false,3
7399,0.5329211306982211,0.39,0.6176085148375953,0.5593262857209165,0.5927120965561644,false,1
7400,0.4994751864296742,0.38,0.32790222714200606,0.463986197095166,0.5155582989123717,false,4
7401,0.46689256790140293,0.45,0.44376119265968905,0.4742582242373754,0.5508444777665198,false,5
7403,0.4553910827900245,0.4,0.4593356407807925,0.40353161550219263,0.5753089695811154,false,3
7404,0.39197213659482816,0.34,0.45382508104961106,0.3638944136960107,0.3832353301794607,false,5
7405,0.6158443120450053,0.44,0.709670122490106,0.5484999675349006,0.6431032827985833,false,5
7406,0.3480302425745615,0.05,0.07604804130264438,0.05280522255522256,0.24073926831468292,false,4
7407,0.3480302425745615,0.05,0.07604804130264438,0.05280522255522256,0.24073926831468292,false,4
7409,0.41300693402070726,0.18,0.442101993114081,0.4180408721200036,0.4722486918942355,false,4
7413,0.4094065807932382,0.32,0.46330732120985957,0.41842588349174664,0.4283857103832659,false,5
7415,0.9243118469333274,0.9,0.9226529444561504,0.9202864597476825,0.8131964406521011,false,3
7416,0.5978277678986618,0.47,0.7141197819902636,0.6216350998458849,0.667031824981766,false,5
7417,0.4385706915425942,0.25,0.24101241158347167,0.20953983149479685,0.3298469466737251,false,4
7418,0.6245700733268105,0.42,0.40854855124894784,0.5962969010609477,0.6782348872797314,false,1
7419,0.3526924813284704,0.12391666666666667,0.32018329981224036,0.37995204409847766,0.3132040847461321,false,3
7421,0.5052852816854059,0.18,0.2407749412544876,0.4100109255800944,0.4504341965717606,false,2
7422,0.5085759104726092,0.29,0.39821883280046877,0.3476730773170935,0.5737919698077708,false,4
7423,0.1884847202040913,0.16,0.17588518679087636,0.14446357855308542,0.29797255005873774,false,3
7424,0.6979194483466865,0.36,0.5169211786242125,0.4728139107493664,0.6770349973965457,false,4
7431,0.3935141130971114,0.27,0.541369407914035,0.4398749491740073,0.5332982623555139,false,1
7432,0.34646133676316293,0.58,0.4304459044398517,0.5491308251380801,0.4096932498560483,false,4
7433,0.3943722741215163,0.27,0.2114412244082933,0.3628523628116469,0.3476110562656555,false,3
7434,0.4299026938431583,0.17,0.2302356306307975,0.38864243014894223,0.37452454717436573,false,2
7435,0.3415457445011791,0.06,0.14439968406353934,0.08414817984303279,0.24841499762443803,false,4
7436,0.33283195151816325,0.06,0.1661861124614373,0.2487830882957775,0.28221607163316415,false,1
7437,0.3169252913713089,0.14,0.16602071162401164,0.27155856160216163,0.291851036957591,false,1
7438,0.5735124174518408,0.31,0.2906219492149051,0.41726544565991475,0.5835818029649765,false,2
7439,0.5733846466740896,0.29,0.3523535831830306,0.4156952381712527,0.66290513040263,false,4
7440,0.5783860016160309,0.33,0.4688279960997551,0.46639076554640296,0.5094517927941523,false,1
7441,0.44806584331605637,0.32,0.34027147062333474,0.3855264041058778,0.381381573637671,false,3
7442,0.4905689315173438,0.23,0.19873623328432571,0.41213838872593095,0.41955960050352425,false,2
7443,0.6180814934081177,0.41,0.4550179212864855,0.5631821623902387,0.6472596811049857,false,3
7444,0.2761093334980969,0.54,0.5949030044207683,0.5464719121478578,0.4366629856442067,false,3
7445,0.45703161507062023,0.19,0.31762332550839084,0.23014425447344844,0.3260874933727566,false,1
7447,0.4703732012749621,0.2,0.29422265791496005,0.3487306030602049,0.33723819120346493,false,1
7448,0.42375723864147335,0.08,0.18783841237199367,0.16668684779102663,0.2653518483410627,false,3
7450,0.663192241107766,0.61,0.16267281501735298,0.6629662184799342,0.5284621071489398,false,4
7451,0.48838726098896257,0.07,0.26347721443727196,0.38956158846855,0.40278343130427624,false,5
7452,0.7238925247832865,0.28,0.4531858001637501,0.48475710608490064,0.6739873198971957,false,4
7453,0.5770680953984554,0.4,0.4083816414204436,0.5305416532172672,0.5872140301130611,false,1
7455,0.4289135353175842,0.16,0.414546119106495,0.40422228480602695,0.4177938977201743,false,1
7456,0.45111635842357956,0.16,0.2285771159305711,0.4117561465404813,0.44177205030266736,false,2
7457,0.2814869563706637,0.06,0.18079725217772083,0.23384516171564879,0.25293518114225483,false,2
7461,0.5896487051776635,0.69,0.7087654029358452,0.7132236900440363,0.6967364426530059,false,2
7462,0.5417263607231954,0.32,0.42735721862856896,0.44782620195997147,0.5428936765254374,false,3
7464,0.4423532897059535,0.21,0.3099164528128514,0.24274190783336658,0.30622468368374894,false,1
7465,0.2981942947056852,0.03,0.04787180717269973,0.16892069497866188,0.2304877272930698,false,2
7466,0.4243609654122443,0.12,0.21411375235315303,0.20132592405601735,0.28837911099071856,false,3
7469,0.5268981409652,0.11,0.39934913035807945,0.30269552358116586,0.5238425361418385,false,4
7472,0.3117493565612263,0.15,0.1915967616426823,0.22653399754065454,0.2613084561496015,false,5
7474,0.6484545370530205,0.66,0.6532180589699714,0.7533147592967673,0.7329434770004074,false,4
7475,0.6206603408188539,0.34,0.19345261880587672,0.5567076187018908,0.6204296215273678,false,2
7478,0.4779962390567656,0.34,0.4993158035700188,0.4150573504754808,0.4578056885366983,false,5
7479,0.8099560120970191,0.53,0.2434225982389053,0.6357958251543774,0.6600312811970472,false,4
7483,0.4511303958246384,0.14,0.1972904152783257,0.20304974710490428,0.3365670785291257,false,4
7484,0.8413729630267522,0.54,0.48913156114458717,0.7055583429482266,0.6831676596148306,false,5
7487,0.2917568276598138,0.1,0.15911104364934744,0.3090397626679253,0.34670912035713447,false,1
7488,0.35716886763536926,0.11,0.18090885471538665,0.16172016480550602,0.2583680094140414,false,4
7493,0.6580495601737221,0.59,0.6335057902298947,0.7403943400824186,0.7376954721101803,false,1
7494,0.48823711064548075,0.24,0.5207852124873648,0.47125375371772443,0.4905369342471549,false,1
7495,0.4755371296645506,0.11,0.07927079811380126,0.1882034402250435,0.2392516222192219,false,1
7496,0.8640150962531898,0.57,0.7675973033712252,0.7092010162046908,0.7882316521003585,false,2
7498,0.5336780172567417,0.35,0.4692981316353095,0.6064711058059613,0.6101808552999258,false,1
7501,0.4198768665337969,0.13,0.40238354676452437,0.34859815791654464,0.4190261968247626,false,3
7504,0.28250559615716586,0.01,0.06436660984156513,0.10487383708385548,0.18512522095114858,false,3
7507,0.5223386318368111,0.13,0.06976096433066004,0.20162061590227232,0.31622042906895936,false,4
7508,0.7207384576687323,0.45,0.45749085825481917,0.48728631845283565,0.6384270050198603,false,2
7509,0.5090543341292907,0.24,0.29245909169369716,0.3696285834369729,0.4027730342636366,false,3
7510,0.4578862436255465,0.17,0.32419535696870105,0.37461218137785557,0.3773563515775158,false,5
7511,0.5261168262953588,0.56,0.5247281181143725,0.5434157434839643,0.5971548141935484,false,2
7512,0.5023356791564462,0.29,0.21275020652810295,0.4774976886725495,0.4314168469991332,false,5
7513,0.3850219454618918,0.18,0.1259235349606202,0.20199949643913168,0.239918509005384,false,5
7514,0.3960060261977537,0.05,0.14251738545203832,0.18424616864546742,0.23781229399892354,false,1
7515,0.4475872021851368,0.12,0.09415192308519135,0.17724503098272026,0.29008047456642516,false,1
7516,0.4010826757965623,0.08,0.1817056339551081,0.24088503198279468,0.25359221303760304,false,2
7517,0.5173460923933093,0.38,0.23713690923820283,0.40641830396828865,0.3691927649170738,false,3
7518,0.5175679640088082,0.35,0.2659795418100853,0.3524440146648901,0.39126843682920315,false,5
7519,0.41597144457902646,0.06,0.12428264274009465,0.07385281007504013,0.22193797889436745,false,3
7520,0.4337147856526344,0.23,0.08086968828105254,0.25616031579566817,0.22091637979508075,false,2
7521,0.9608587212763042,0.75,0.9820736416816525,0.8766280288579236,0.8059498976603965,false,1
7522,0.9489864402728092,0.8,0.9820736416816525,0.9062421288121992,0.8059498976603965,false,1
7528,0.3477932724570183,0.93,0.3338836562766545,0.3208934293413319,0.33292576743938995,false,2
7530,0.36402313889808435,0.06,0.20506316472410802,0.13495614499449637,0.32242390350982364,false,4
7531,0.565834241096446,0.25,0.3887157642642791,0.5032213955984188,0.558403493461036,false,5
7532,0.4467681057458546,0.4,0.5115612176899164,0.46596852399158684,0.5006805251084879,false,1
7534,0.45285006422846913,0.36,0.3843903309378531,0.4592280075179913,0.5388063351673025,false,2
7535,0.5197545956626285,0.35,0.06496899243354402,0.481973384452418,0.515297107828249,false,1
7536,0.4662407030969472,0.36,0.5063294522276687,0.4982386751480219,0.521178308869365,false,3
7538,0.2765761967180992,0.16,0.13314812461558706,0.17017529896574016,0.27156788303510165,false,4
7539,0.31505945287184906,0.19,0.11854618336334692,0.19128537561509698,0.27911436591899524,false,4
7540,0.31505945287184906,0.19,0.11854618336334692,0.19128537561509698,0.27911436591899524,false,4
7541,0.4544657694720943,0.36,0.2847330568938852,0.3255547752448021,0.3797694168752198,false,3
7543,0.4553525745354013,0.15,0.44491044694347487,0.21174161286554863,0.4976254348581611,false,4
7544,0.40486028861061446,0.11,0.21734827606189622,0.19783293066576718,0.2847704739376406,false,3
7545,0.40486028861061446,0.11,0.21734827606189622,0.19783293066576718,0.2847704739376406,false,3
7547,0.43240514132304775,0.22,0.40696875609444383,0.27856847092686315,0.431448193157979,false,3
7549,0.6596381436634929,0.56,0.4381779791024451,0.6171247207494862,0.7224689997863311,false,1
7550,0.4304327482090847,0.13,0.18819906044025592,0.271985448982774,0.26739906860971524,false,5
7551,0.4956015450925583,0.19,0.2412556276724212,0.4523933586618532,0.3722648883850096,false,2
7552,0.47103439294161603,0.485,0.3979897691158626,0.4607004962249648,0.3820658223762031,false,5
7553,0.7542757484353695,0.66,0.7191414842836349,0.6770180585770279,0.7583852284152774,false,4
7554,0.5479675192688964,0.43,0.5004476484678188,0.5115547029884346,0.504760802283922,false,4
7555,0.494682518498074,0.37633333333333335,0.5433905780942854,0.4726016034888731,0.5102575449428004,false,5
7558,0.3438288860084191,0.08,0.2636522995805776,0.1407208841485518,0.33119654429908685,false,4
7566,0.6461269911998023,0.74,0.7722205570834678,0.7219675908603059,0.7456843816503165,false,5
7568,0.730366760336311,0.5,0.9026241060866051,0.6831158607589974,0.6939880827088033,false,3
7569,0.7221326044467211,0.7,0.8247045366510289,0.7314387127139739,0.7247300286506029,false,1
7570,0.48023184156696425,0.18,0.4056334596481918,0.27242959995588234,0.4882677212869209,false,4
7571,0.5239338697663687,0.3,0.3385663669935259,0.5657903953310695,0.5749181380236643,false,1
7572,0.6190216376811948,0.36,0.6640828056856968,0.563594870189514,0.6503007790230064,false,4
7573,0.44530365623526585,0.14,0.2843474578364748,0.262346271975853,0.2879467463753361,false,5
7575,0.37658227460721877,0.24,0.4047830402667721,0.3886079964763973,0.3914865309243916,false,1
7577,0.3568827621490949,0.3,0.3954198380216539,0.4868635478891403,0.4490748403660966,false,1
7579,0.4377620162548689,0.12,0.19980123089606042,0.22317766276979514,0.3695039557333033,false,3
7580,0.4849547984248829,0.15,0.21327463043927444,0.4133670625830511,0.3864737778633185,false,2
7581,0.4936917452031485,0.22333333333333336,0.4475526391729988,0.4874431952119454,0.4954534569923282,false,1
7583,0.42547321656422143,0.08,0.1279688902366449,0.13205721916971916,0.25555770115741394,false,4
7584,0.6485842674771275,0.53,0.7905787371964588,0.7383178467469979,0.7505576193426925,false,2
7585,0.5413050601343112,0.14,0.06422307771128459,0.40882585573816577,0.3817473744927827,false,4
7586,0.5359053353795786,0.14,0.19915128450130634,0.4137272729308395,0.48968872773740246,false,5
7587,0.5413050601343112,0.14,0.06422307771128459,0.40882585573816577,0.3817473744927827,false,4
7588,0.491988102094793,0.34,0.1791155591621384,0.4054740842963335,0.3922598274647955,false,5
7589,0.5413050601343112,0.14,0.06422307771128459,0.40882585573816577,0.3817473744927827,false,4
7590,0.5335821188624317,0.16,0.0761580050007275,0.42791411420742265,0.3936565672157143,false,4
7591,0.5346311807774401,0.16,0.0761580050007275,0.42658930094878583,0.3936565672157143,false,4
7592,0.48190479241554585,0.41,0.4433845313171088,0.47555006450643666,0.524785922432893,false,5
7593,0.46506320371930226,0.46,0.42958157797570806,0.544827891519368,0.5461330538073697,false,3
7594,0.8185678199008251,0.7,0.4833594273635759,0.7108289327656305,0.7245616167117197,false,3
7596,0.5391487151040578,0.36,0.5052568041914494,0.49635029448853013,0.6215266388559022,false,3
7597,0.3939661715230637,0.27,0.2127258986893856,0.3113016036958112,0.3639114138785202,false,3
7601,0.41809366921710583,0.2,0.39427873390232915,0.40604290312553887,0.4115031704585803,false,5
7602,0.41809366921710583,0.2,0.39427873390232915,0.40604290312553887,0.4115031704585803,false,5
7603,0.42004559868582625,0.22,0.19327637863213895,0.35948982492172954,0.3433772396465554,false,2
7604,0.4416463586943538,0.27,0.37044206042594513,0.4667007305074963,0.4604675457697126,false,5
7605,0.357749006548974,0.02,0.1146849633033766,0.11797750349547616,0.25911995340603505,false,3
7606,0.4535707236655612,0.33,0.4640921172178168,0.4683602624863882,0.4373072995484908,false,4
7609,0.5298411318042504,0.7876504329004328,0.6829211416359005,0.6184588027352411,0.6093274497877095,false,3
7612,0.23751922920633697,0.03333333333333333,0.10810287650021741,0.22225925894744336,0.20349890991262626,false,5
7614,0.4395990295790726,0.16,0.1476391381832506,0.4179531220482462,0.38537762538907405,false,5
7617,0.5145593109700503,0.2785,0.6068046111336926,0.572025589998332,0.6388243469496513,false,2
7618,0.40006272826185435,0.06,0.0863641250389946,0.18913271046399455,0.2386633690153071,false,1
7619,0.3983756111426668,0.04,0.13864917174956864,0.03981308968808969,0.2394053289649523,false,4
7621,0.4236718138384586,0.06,0.15888967947834867,0.23290921570946868,0.2970438049166529,false,5
7622,0.4269193282287853,0.2,0.2421985626534141,0.3193237551780222,0.2604721106406354,false,2
7623,0.5183185155490927,0.28,0.3883467837343982,0.46990568470712496,0.506432304006248,false,1
7626,0.32031160746945736,0.12,0.20632865355737195,0.22835832444625442,0.26813986990879624,false,5
7628,0.4294154448813232,0.07,0.08085904250656598,0.09036733691145457,0.22318546410611648,false,4
7629,0.40916560220879067,0.06,0.13810561666683724,0.08455219087969984,0.24541759287348514,false,3
7632,0.4305761069087149,0.12,0.16420944560459108,0.2513775534258458,0.28627952109996274,false,1
7633,0.400514969861642,0.02,0.09001967127141274,0.2582302648485949,0.24811398213375804,false,2
7634,0.383578254125997,0.14,0.2931398775195717,0.22972689012519648,0.268462235927721,false,1
7635,0.43674393043854187,0.15,0.11303448297884577,0.2373464012161657,0.25702845237070027,false,1
7636,0.5399277897490748,0.44,0.35436987051973157,0.4841247882977037,0.5188871946144036,false,5
7638,0.4088197757423239,0.17,0.1686187131596061,0.195226193297325,0.27604503385649365,false,4
7641,0.3543302798190827,0.07,0.13677475603684555,0.1632260876294567,0.23074404265031354,false,1
7642,0.5069522182734376,0.2,0.4151270962695492,0.25253687763997856,0.5936617263748607,false,4
7643,0.5092022043450551,0.35,0.34880162313342117,0.4575665333455561,0.4794965146333451,false,2
7645,0.4162802968027424,0.14,0.17354608687116765,0.2585737128845047,0.25904370881885225,false,2
7652,0.45753008071104456,0.76,0.7665842285135944,0.5836046640317294,0.6506115049977674,false,5
7653,0.5387043189869706,0.29,0.4963056219191434,0.3194571499836592,0.5974872822639319,false,4
7654,0.7755564997414238,0.64,0.5937306346723948,0.736968814168669,0.7192994593299827,false,2
7655,0.9155969231664007,0.61,0.5685518098824971,0.7751743277160291,0.7903010692362877,false,3
7656,0.4099108286870012,0.25,0.22977680034557366,0.3577183368728376,0.3630655172520489,false,3
7657,0.39994354667526855,0.21,0.3905004319986118,0.3832784495737597,0.41574929375635195,false,5
7658,0.40599984800283295,0.21,0.29050782579697904,0.3945463195155522,0.3715590823786268,false,5
7659,0.5568095218700664,0.35,0.5449300119976159,0.4821863935207034,0.5974126291471824,false,3
7660,0.49706378084344416,0.47422222222222216,0.5245837891031493,0.5806335763763537,0.622175372453998,false,5
7661,0.36668173660636955,0.09,0.26938948359663095,0.15554894206296488,0.3538831122710683,false,3
7662,0.36668173660636955,0.09,0.26938948359663095,0.15554894206296488,0.3538831122710683,false,3
7663,0.4066117445414159,0.19,0.22057222919528804,0.317822216908466,0.37148939088384575,false,3
7664,0.42199290747194723,0.24,0.26190483114848456,0.4108113946133627,0.33412680580413817,false,2
7665,0.31228852902769144,0.05,0.09687068994227213,0.10665378004552839,0.20236077825418275,false,3
7666,0.43592843732654696,0.22,0.2309016419301771,0.29228836833307825,0.3050330740399587,false,5
7667,0.43755011193678284,0.54,0.5415449572054329,0.5817518932458388,0.5223782852076814,false,4
7668,0.5168830771147264,0.45,0.7014888569544855,0.4701250511180787,0.5831203926095495,false,2
7669,0.5890587733851043,0.44,0.6827629286266909,0.6074443222264626,0.6318101775774112,false,5
7671,0.44430719868488444,0.71,0.7403741857180264,0.5500126043663828,0.5841189265988118,false,5
7673,0.445504676242018,0.23,0.2789968677786929,0.30668240448506195,0.3740635939373167,false,3
7674,0.445504676242018,0.23,0.2789968677786929,0.30668240448506195,0.3740635939373167,false,3
7675,0.41852723490266597,0.03,0.16592729942750262,0.24418231619389438,0.3267650641906425,false,5
7676,0.4365773362604049,0.12,0.1654361744573369,0.17604007461294785,0.40307502977375076,false,4
7678,0.5244124821919711,0.26,0.6571668736104896,0.39018805890401154,0.5537778559678511,false,4
7679,0.42012339759301837,0.46,0.40214608157563153,0.4228909810787407,0.43085887400684697,false,3
7680,0.45285006422846913,0.36,0.3843903309378531,0.4592280075179913,0.5388063351673025,false,2
7681,0.5197545956626285,0.35,0.06496899243354402,0.481973384452418,0.515297107828249,false,1
7683,0.6688969367674144,0.69,0.7909636370709648,0.6593687234232766,0.6418021635893861,false,2
7684,0.42479339618936723,0.18,0.2088667497281064,0.26992660777546323,0.28765745253805675,false,2
7686,0.418777862602784,0.02,0.19095730651584392,0.11621163241064135,0.2974725830175605,false,4
7689,0.42052905061071794,0.03,0.1871990181294523,0.11273342988668235,0.2729290171343434,false,3
7691,0.5145152879195214,0.41,0.53333345100265,0.5635492999657744,0.5975630579798746,false,2
7692,0.44987728325971105,0.1,0.22746521205975895,0.3011433582407439,0.3065871125683241,false,2
7694,0.5070061267196249,0.37,0.3120509700641998,0.4273633966707041,0.4898237580820269,false,2
7695,0.418777862602784,0.02,0.19095730651584392,0.11621163241064135,0.2974725830175605,false,4
7696,0.6653092301344876,0.57,0.7129903669304888,0.691924012465097,0.7246907176448067,false,5
7697,0.42075531849188147,0.17,0.22934752601543815,0.26468933484523427,0.28765745253805675,false,2
7699,0.5081829357498955,0.26,0.5464524450618015,0.43408339423854037,0.5170005755783667,false,3
7702,0.3300949998340358,0.16,0.07876903150752748,0.18957742016496396,0.2479591865144432,false,1
7703,0.3850219454618918,0.18,0.1259235349606202,0.20199949643913168,0.239918509005384,false,5
7705,0.443076425292597,0.34,0.47294518682853287,0.4977711630579,0.5601864904110336,false,3
7706,0.5910117312451082,0.34,0.33913061012469137,0.4417257687647308,0.5412778624329643,false,1
7707,0.4612062264769883,0.22,0.28182490776570274,0.3825132384846471,0.4643672988239572,false,2
7708,0.589935792409689,0.32,0.6059882867028268,0.47983944504111675,0.6312405972704426,false,5
7709,0.45105120449537894,0.33,0.5960842171596775,0.4630235276316764,0.43953904723141857,false,4
7710,0.41475778483850523,0.16,0.2223782136973377,0.23820909497245588,0.26514882075893953,false,3
7713,0.3335687745495992,0.43,0.3645051520360195,0.35790455914359853,0.3831089279395454,false,4
7715,0.7585950586425056,0.56,0.551734341604868,0.6852042739579338,0.7739610015161563,false,4
7716,0.4472479123255729,0.32,0.4374195823868413,0.38329438476645694,0.4401475560433555,false,5
7718,0.2917568276598138,0.1,0.15911104364934744,0.3090397626679253,0.34670912035713447,false,1
7722,0.5070543715099065,0.22,0.341901734069276,0.375582288424444,0.45241570152782595,false,3
7723,0.4752090087956179,0.45,0.5170929443025282,0.45093126846767434,0.5039187482248757,false,4
7726,0.48911169488545936,0.58,0.6102483171021069,0.605322946327358,0.5856720600607962,false,1
7727,0.5072122575956237,0.42,0.561264079625402,0.5744160738542243,0.5434723111344578,false,4
7728,0.43653198384964287,0.18,0.2844859270425931,0.3575307650650146,0.4023789983706069,false,1
7729,0.3490577167315237,0.32,0.23889909625924713,0.3163766170943777,0.3571547959386144,false,3
7730,0.3184270360763226,0.04,0.15499092814569493,0.22378995250600003,0.3249742652955295,false,5
7732,0.3560961388912921,0.15,0.28223143481865165,0.25535265096848075,0.295805501171962,false,4
7734,0.4088197757423239,0.17,0.1686187131596061,0.195226193297325,0.27604503385649365,false,4
7737,0.29693997051686527,0.12,0.11039229246892898,0.18560585374967997,0.22029683185939727,false,1
7738,0.5067841699362678,0.32,0.4463125698199599,0.4149999626943477,0.5511956551477303,false,3
7741,0.3438288860084191,0.08,0.2636522995805776,0.1407208841485518,0.33119654429908685,false,4
7742,0.4779962390567656,0.34,0.4993158035700188,0.4150573504754808,0.4578056885366983,false,5
7743,0.6326995495504563,0.27,0.4428417333472826,0.42005568513403163,0.672487764608825,false,3
7744,0.6066576308438145,0.42,0.6645454401603165,0.6105025986325611,0.6371236149014419,false,3
7747,0.2506187779036557,0.0,0.06635222508835927,0.05213501666462192,0.23865936682034455,false,4
7748,0.4400116996919666,0.28,0.4458077497779583,0.32404752683026694,0.431448193157979,false,3
7749,0.4120391217326988,0.18,0.2511318289263702,0.22810795088219168,0.2575308079299449,false,3
7750,0.8623316891077775,0.63,0.6629047619880487,0.8203358867551076,0.8230243177929462,false,1
7754,0.33489202755901915,0.07,0.2883679868292615,0.22420886533902784,0.296918138843205,false,5
7755,0.6255962257481887,0.36,0.25883872929970986,0.4665856166048936,0.5963975403174887,false,1
7756,0.5505687535628835,0.45,0.6404307390392626,0.6047847494548354,0.5908718186509275,false,5
7757,0.592710255566455,0.62,0.6404539390924953,0.6288812515941955,0.6033944514699777,false,1
7758,0.4741355887074753,0.12,0.3261886227921479,0.3015000176150101,0.4836617760516475,false,3
7759,0.4670228378283545,0.33,0.3466478365580471,0.3715497687027342,0.35224762346644706,false,5
7760,0.4579086274196882,0.18,0.18097193713838158,0.37327997199596263,0.3836343069017523,false,2
7761,0.4636751921258891,0.28,0.3088295127480148,0.35709739907112265,0.35224762346644706,false,5
7770,0.4412124999661689,0.21,0.26913994810694764,0.2896899672243843,0.3050330740399587,false,5
7773,0.40714141453978103,0.28,0.35185941147244587,0.3664448593226413,0.36705474841372077,false,1
7774,0.524311958563579,0.15,0.2956928592134164,0.47141752631012346,0.4393516971855822,false,5
7775,0.4292863699924145,0.21,0.3263189526054542,0.35434269851755446,0.37853941701913163,false,1
7776,0.4854041562554235,0.268,0.5465449435545775,0.4553479694670894,0.5488570563074302,false,1
7777,0.34015651713672534,0.04,0.19372848842287727,0.25728099108075214,0.31169338328038076,false,5
7783,0.5249415091696424,0.35,0.5020280374892352,0.3429450920811215,0.5298625098330912,false,4
7784,0.3543302798190827,0.07,0.13677475603684555,0.1632260876294567,0.23074404265031354,false,1
7785,0.5155343400131545,0.58,0.4084500422784699,0.5275190059150948,0.669034291220612,false,1
7789,0.338221099605822,0.09,0.07998843692880708,0.10980495688951572,0.2473686497236842,false,4
7791,0.5163744963462285,0.4,0.5125982349533176,0.5168693150059436,0.5620581934456914,false,2
7792,0.5163744963462285,0.4,0.5125982349533176,0.5168693150059436,0.5620581934456914,false,2
7793,0.6034373557055653,0.19,0.24784873176251357,0.4243157020474698,0.4005005903507024,false,5
7794,0.5986869979663968,0.27,0.33716602919038785,0.46248110445631996,0.4656784326001529,false,5
7795,0.6225669519431373,0.19,0.40494083696410377,0.3968927849483142,0.4926444646655887,false,3
7797,0.44074714017555233,0.18,0.3568072227185807,0.3375912043821755,0.38324745045728176,false,3
7798,0.3317625368054038,0.04,0.12913456550479901,0.127754757489046,0.2356988653250711,false,3
7799,0.37447158643432965,0.05,0.1100972412163329,0.19446522724582976,0.24493328084769717,false,1
7803,0.5404083018045153,0.26,0.3972989993877175,0.3399301116544233,0.5056508152811136,false,5
7805,0.8222967817999215,0.76,0.5636695674717317,0.834718771335603,0.813214107902488,false,4
7806,0.4044892483296898,0.48,0.5317269552439108,0.4570817545922691,0.4280344496978201,false,4
7807,0.4197684325961749,0.24,0.2140729815885179,0.25482326825744506,0.3837705944111317,false,4
7808,0.626807667408013,0.52,0.628733839997488,0.5585288411433343,0.6113996388273677,false,2
7809,0.3849805091668429,0.33,0.4326768132706798,0.3902096933843807,0.39226962165020146,false,5
7810,0.9993307215469243,0.95,0.9845719997732928,0.9283843926615356,0.8965725571499382,false,4
7812,0.5293872757801955,0.64,0.5134682531636117,0.5863066874809797,0.5528984433192194,false,3
7814,0.8790041923523997,0.49,0.7511897378389887,0.5951766275675162,0.6820244022972342,false,4
7815,0.3756758310232897,0.18,0.3139257062098494,0.22701994052179159,0.29316581626740806,false,1
7816,0.5781216554289333,0.25,0.5961431712379094,0.5924148737545353,0.6516354679522178,false,5
7818,0.4890510556920782,0.4,0.5322045878906312,0.5157928991428452,0.5282440954411445,false,3
7819,0.3938499629200333,0.34,0.38131393972887523,0.34261835057727485,0.3523699973555989,false,1
7820,0.405096414198093,0.37,0.3733232508800389,0.36399958794794185,0.37420917031813183,false,3
7821,0.4304586021774363,0.15,0.1059676653203428,0.26491162210726477,0.38138759302211833,false,3
7822,0.42374875647952026,0.25,0.41740964174537465,0.41213151065806114,0.4720969155226576,false,2
7823,0.6276857847605251,0.46,0.4343573850298593,0.500468713619223,0.542506218000175,false,2
7824,0.4747523082786447,0.11,0.2805087192896364,0.37306428498300437,0.3872939330610819,false,1
7825,0.4568677054674741,0.52,0.22092742107612975,0.4871841837687023,0.4510603969609645,false,5
7826,0.3884572197881643,0.23,0.44679247547316386,0.3448154955265096,0.4365298764924037,false,4
7827,0.55210876010291,0.57,0.7049753909668741,0.6334182313707919,0.6106618212328999,false,2
7828,0.6676344649840824,0.44,0.5929727541556613,0.594534841013721,0.6545520539984776,false,5
7829,0.7434531196442667,0.36,0.5478023105800356,0.5119647592164406,0.6676541380915544,false,3
7830,0.44162234373618503,0.28,0.26099395891136945,0.5201264609456426,0.5132691320930584,false,2
7831,0.8416585999082306,0.46,0.7362742440461368,0.75049257871718,0.7870557012354485,false,1
7832,0.8025094914458497,0.54,0.7383177047317993,0.6889546395894743,0.7404817418327796,false,3
7833,0.47495482621519125,0.31,0.21711295567091923,0.46717226241401727,0.5605919090919799,false,5
7834,0.48255101825642494,0.23,0.38733313061143587,0.42402581033624726,0.42059334451403496,false,1
7835,0.5230706452194968,0.44,0.6510844668078245,0.5849713092611998,0.6264450136397441,false,5
7836,0.5846742299078481,0.29,0.19689857107912187,0.49643121037307375,0.505773694012969,false,2
7837,0.5482128323847941,0.39,0.2418088246260907,0.3201092140299638,0.420983492190276,false,4
7838,0.4631200515518117,0.35,0.3552296388389422,0.38044218226791876,0.3857552331393228,false,5
7839,0.30741160703844755,0.18,0.1040553717197607,0.2089491814069958,0.24876871293616473,false,5
7840,0.48749630762976076,0.32,0.3675208209576651,0.4099048532554441,0.4450410137882246,false,3
7841,0.30371263230276274,0.2,0.07607151151062165,0.23378891916835165,0.21011180464202064,false,2
7842,0.3211584447552105,0.23,0.0979994796073211,0.2136670600298781,0.22685447171245884,false,4
7843,0.4725613688544138,0.14,0.34592397637833594,0.1778706192358366,0.46243522002390286,false,4
7844,0.42397079449671193,0.34,0.3056180397006563,0.3715942701574266,0.39229404744222063,false,5
7845,0.5923872694717204,0.5,0.5045478224926784,0.6289317022274806,0.5448251520979839,false,5
7846,0.3211584447552105,0.23,0.0979994796073211,0.2136670600298781,0.22685447171245884,false,4
7847,0.39079203528839224,0.15,0.2342268757897564,0.23252816138110258,0.29080495213228835,false,4
7849,0.347329216558428,0.05,0.24409250819294026,0.28175987087331944,0.33841983988613256,false,2
7850,0.3946045632743802,0.18,0.2780194043401601,0.20856043803547675,0.39551206127026106,false,4
7851,0.4376356346408025,0.32,0.25883497552790574,0.398164183900307,0.37382269784362804,false,4
7853,0.4015850630862179,0.21,0.3798173320578811,0.20975643240058872,0.4349601568877757,false,4
7854,0.31586079089822433,0.23,0.2872884194568936,0.3009291288309663,0.3067658305843156,false,4
7855,0.4001305338359006,0.4,0.3807091148137314,0.3584797092293052,0.36681237850244536,false,4
7856,0.38628974414263634,0.28,0.19766609297778995,0.3282891009299947,0.281914308399278,false,5
7857,0.4203144207681812,0.13,0.08470120434761869,0.2118580446389089,0.3162537339451737,false,1
7858,0.8699065380873682,0.54,0.43678650390885343,0.6678832735158134,0.6858550915317807,false,4
7860,0.35168105597875715,0.03,0.10408256735025098,0.09557807903063904,0.22866369155992175,false,3
7861,0.40564459467153713,0.26,0.45957438214563345,0.4882941536265043,0.429014590474805,false,3
7862,0.3339776769646793,0.15,0.21348676115356954,0.19933071040978356,0.34516179384086526,false,3
7863,0.5656740920161506,0.58,0.46241403425862365,0.5437120065091426,0.6369523772647069,false,4
7864,0.5036835478776223,0.3,0.387839158491682,0.4758488677845479,0.5359278875739478,false,1
7865,0.5515696222856266,0.38,0.5304125166081958,0.6058773390969533,0.6256950088681842,false,1
7866,0.4868401848654984,0.39,0.550683789426946,0.5359796603612882,0.5689449395236303,false,4
7867,0.5166465122117007,0.43,0.5771543778694845,0.5624902742689774,0.5238801722888369,false,1
7868,0.3811688067254155,0.29,0.30317350538275784,0.27299551332740185,0.36182689873580787,false,4
7869,0.35622296705580103,0.7078809523809523,0.3302153547555567,0.3180763824914218,0.3301694348147506,false,1
7870,0.4050235745131149,0.35,0.5103051223240189,0.4140751385557129,0.5118050943844986,false,4
7871,0.31054849862810124,0.05,0.06306011926356879,0.06561282467532466,0.17438638683346477,false,4
7872,0.41829954461743735,0.2,0.29588611583013213,0.3946329108266168,0.4068101302358279,false,1
7873,0.3694979681989276,0.12,0.3434175207135127,0.3452115228182906,0.354831534616131,false,1
7874,0.3904091694049158,0.11,0.3403875148654388,0.3781483000344606,0.3753336728690636,false,2
7875,0.4075719861351567,0.11,0.07996438637261628,0.1045120653714004,0.24688098005730358,false,4
7876,0.4815649148550979,0.19,0.29501172604626497,0.37074247961659446,0.4338254057268389,false,5
7877,0.34860567143360155,0.03,0.22070231889635444,0.2614119128587185,0.2900020066511006,false,5
7878,0.43202080488063416,0.19,0.30008551859085913,0.3578904453483811,0.3720271744563214,false,2
7879,0.2965621402655452,0.08,0.23483865297011203,0.19433036965112788,0.2916186253312958,false,3
7880,0.31076072598808724,0.1,0.18936242624211966,0.20848923753354398,0.2613084561496015,false,5
7881,0.3652200872730554,0.15,0.30376884350034206,0.3172725951270144,0.33454462853533173,false,2
7882,0.3409386229797016,0.13,0.12042413107438128,0.16486436020339404,0.23205807820428215,false,1
7883,0.3862865363887885,0.09,0.13598447591101834,0.27153677442963053,0.24600177805410078,false,2
7885,0.3617710232143484,0.33,0.38576010471829997,0.4035021605549219,0.3891106281448744,false,1
7886,0.5317164294310058,0.44,0.6323608601961206,0.6597609029297747,0.6342366972539847,false,1
7887,0.35206073494616247,0.04,0.27844214506201814,0.19860350064955465,0.3953104072680808,false,3
7888,0.6244439716462495,0.32,0.40252589957974144,0.4752796068938466,0.46033197764903777,false,5
7889,0.3323896713053706,0.4,0.28661164338585293,0.23610978479961178,0.25659735693866964,false,1
7890,0.35045634214553206,0.065,0.25029715979334216,0.22454355689109295,0.2964795878302737,false,3
7891,0.39918756863223154,0.58,0.4954881713968554,0.3843527238283337,0.42919654349926467,false,2
7892,0.45284565257369763,0.27,0.4561012114615029,0.5299963919728128,0.4765364841781033,false,5
7893,0.4131822072760858,0.25,0.12299068564111498,0.16908121067099396,0.2672290644622147,false,4
7894,0.3942944056261675,0.25,0.3443914449559912,0.26548905776662707,0.34470841154993076,false,3
7895,0.3954537424754423,0.17,0.33766911738812616,0.4113126171522116,0.3745768543224442,false,2
7896,0.29365480924951914,0.04,0.09039946133772118,0.15672321068516396,0.21864814620871012,false,5
7897,0.3833531316823908,0.13,0.395767552927241,0.2694339006260789,0.3769151400962205,false,3
7899,0.5341080687679954,0.3,0.49346103528488616,0.3974719104198996,0.5616895763854123,false,4
7900,0.44461555744498593,0.04,0.1316561338782344,0.22711437415891544,0.34050144779988717,false,5
7901,0.42720510240171244,0.05,0.2259828570572996,0.243676265490922,0.2924661592734488,false,1
7902,0.4241756754488986,0.13,0.21126770673083903,0.23978313587235214,0.3986012268406594,false,3
7903,0.4865034293249881,0.56,0.710295628478533,0.4830808281823036,0.6426756659323324,false,2
7904,0.4601107642437028,0.23,0.29345829430570214,0.3135872866560503,0.35974428830353383,false,2
7905,0.44651484996398594,0.08,0.25006763761230577,0.29622325624944457,0.34050144779988717,false,5
7906,0.3049028808559801,0.18,0.19862247773506772,0.18735937078179887,0.26988490227691225,false,1
7907,0.3615757509742471,0.06,0.11917120336932001,0.24331220965219363,0.2707138221812096,false,5
7910,0.3945731727679388,0.35416666666666663,0.43881351706069693,0.4043725060396392,0.4279590000578587,false,5
7911,0.7250249419235318,0.44,0.5382303637225859,0.5369512891163457,0.6790187755001944,false,2
7912,0.5351419605726381,0.25,0.45507514441390673,0.45831504994166394,0.5593783218371619,false,5
7913,0.3543872471024352,0.09,0.13663166716855601,0.24113038185511748,0.2660125512795138,false,1
7915,0.3338427012729591,0.23,0.2345988110977394,0.25511503726175233,0.3266929328938108,false,1
7916,0.4045570157210711,0.27,0.23299757449090958,0.36013603211190703,0.3672314884110704,false,2
7917,0.3185096314837349,0.13,0.11495050143842722,0.2072610626986571,0.23980417559075984,false,2
7918,0.4851273588489394,0.37,0.32865553194107533,0.4306207004709988,0.3654313683116685,false,2
7919,0.394769122643271,0.4,0.25673379423890913,0.38558427389872896,0.4350888838614723,false,2
7920,0.4502259294954027,0.32,0.4824760539117097,0.4255159709136728,0.3421277968393098,false,5
7921,0.36365901734084644,0.15,0.2507124544741757,0.2474173263653933,0.25452741550462243,false,5
7922,0.456716665808423,0.33,0.40529535566006797,0.3595324830735875,0.39593841105082794,false,5
7923,0.44790574537938255,0.25,0.4026730262761609,0.3975905886447649,0.4619923288362042,false,2
7924,0.42465022959898246,0.22,0.42400297386523295,0.3135692967276096,0.36900382376152874,false,3
7925,0.4252748276041078,0.09,0.10787618427618001,0.20384319831084144,0.22686493883608294,false,1
7926,0.30515710052413353,0.13,0.2214791946648336,0.22128042458441172,0.2889304250605816,false,5
7927,0.4192094947295753,0.05,0.13102774381793347,0.07245726580464543,0.21776205789335265,false,3
7928,0.39295378152819277,0.25,0.33651721244530763,0.321883329327341,0.26898652878507384,false,4
7929,0.4463098276054793,0.47,0.390425716928245,0.3962924143574859,0.4025323215951828,false,1
7930,0.29643063116655904,0.4955,0.2772758103137278,0.24963622750946232,0.26259389196081395,false,1
7931,0.33372204108008374,0.14,0.2404298146175993,0.22330689048078592,0.26813986990879624,false,5
7932,0.32205693338605607,0.11,0.14385314379231257,0.20175816136376998,0.24880262155905533,false,1
7933,0.5319320157395083,0.22,0.33641954575782207,0.3549638634328127,0.5326850147985037,false,3
7934,0.3527719187273235,0.14,0.19337888998379912,0.23747793439850143,0.3142285078585326,false,2
7935,0.35030884583188726,0.04,0.09976583530382911,0.28361538398938413,0.3637101027418572,false,1
7937,0.6013722356423213,0.44,0.7367457624971688,0.4888220158367604,0.6245514899694405,false,4
7938,0.5290210629172087,0.38,0.5093591320377119,0.45349154141283354,0.6060498163159785,false,3
7939,0.32196831547544097,0.03,0.1741667147145595,0.07844319244996491,0.2567419583177001,false,4
7940,0.3274555120783271,0.24,0.23748183352933358,0.33355218163439915,0.3314349291413832,false,2
7941,0.5120450328915812,0.25,0.3733890810127667,0.38738528843107184,0.438117454726887,false,3
7943,0.2860140614511918,0.03,0.06913775444910449,0.046085962648462646,0.22359168012686104,false,4
7944,0.49408458899832,0.34,0.3076887866160149,0.49846999605118575,0.5126052282537716,false,2
7945,0.3854327734752995,0.21,0.3528877324046047,0.3460047271321621,0.4477772792944062,false,3
7946,0.36684454189318555,0.15,0.34622162098727743,0.34913264988010745,0.41873178095985575,false,4
7947,0.4119039847430551,0.14,0.3129283676461337,0.24092037161961347,0.36134726761005276,false,3
7948,0.3816835061516102,0.43,0.42042628600098203,0.4656954495472606,0.44969465216822924,false,1
7949,0.6713989991602878,0.43,0.8389318360963015,0.7406727083984157,0.7776397165366395,false,5
7950,0.28766438506743114,0.11,0.07313807992134716,0.1270465560841612,0.25204842109733666,false,3
7951,0.41549432589656826,0.25,0.2001468175610254,0.33494590741775554,0.3425227516785214,false,2
7952,0.41315652782194495,0.1,0.22114042168300066,0.21379475953487026,0.337713602556745,false,3
7953,0.3087679776008558,0.26,0.20359607000424784,0.33638925530862707,0.3661659049794357,false,3
7954,0.36647193715658555,0.01,0.29630248099453993,0.2599635627800496,0.3474179807076218,false,1
7955,0.38111170171822384,0.1,0.2905782703379321,0.28014057046601937,0.3074254075830171,false,2
7956,0.2911422653625774,0.18,0.3183513023007883,0.2167512599285819,0.30683199955689944,false,4
7957,0.40696463227848695,0.21,0.17666538459827621,0.28719727074022794,0.34109254312007453,false,1
7958,0.40696463227848695,0.21,0.17666538459827621,0.28719727074022794,0.34109254312007453,false,1
7959,0.36854837545014724,0.21,0.10713866708937442,0.2905023208609421,0.46266086282810825,false,3
7960,0.4515376404055298,0.39,0.47485403261497794,0.5260537232490442,0.4678011405979387,false,1
7961,0.9984489670336375,0.82,0.7869411540322313,0.8573306359810328,0.8562070646830727,false,3
7962,0.31665070906874376,0.04,0.0714628507299194,0.18272966524515344,0.22611637231253975,false,1
7963,0.5305574221989361,0.29,0.6490080002943219,0.6467931350424447,0.6411921154875865,false,4
7964,0.4017457026836036,0.07,0.14354113333570423,0.2083088361129061,0.2432447066295872,false,1
7967,0.6917407662110494,0.19,0.29120139479478696,0.38169607156575375,0.5970326278466415,false,2
7968,0.6516967869631203,0.29,0.3383407476424992,0.49265313014777606,0.5539389681823651,false,1
7969,0.5394197561967186,0.35,0.4546427506046335,0.54186347349535,0.48172706757846245,false,1
7970,0.5608880873725115,0.31,0.23626101564876298,0.52369989428674,0.5804145627618242,false,2
7971,0.5857872759562893,0.59,0.6424664794171907,0.6481752013908539,0.7062266514855922,false,3
7972,0.6470041323888388,0.44,0.5901850004013497,0.5229330545854323,0.4868755688820377,false,5
7973,0.763564311833137,0.63,0.8223742487953982,0.7472576481587577,0.744687383323327,false,4
7974,0.42495227735694374,0.22,0.42739786412963987,0.44776062316569337,0.4826906469235549,false,1
7975,0.4158760605745573,0.24,0.40907733564396975,0.385548153506041,0.43563968791281893,false,2
7976,0.34779874186820486,0.01,0.09346998779625225,0.17712470566392205,0.2522157841733915,false,1
7977,0.4449155092332352,0.18,0.25975815178303274,0.2871259961802071,0.28198079643539753,false,5
7979,0.41209490181791114,0.11,0.3293415970160532,0.35150408573191866,0.3632177166790753,false,2
7980,0.37408008957967864,0.07,0.2940713117064063,0.30214205967536245,0.32749651605901897,false,1
7981,0.37013554868855086,0.14,0.21240036401201048,0.3209706092941393,0.30165799718149316,false,5
7982,0.3761479881172329,0.26,0.1400106038518413,0.2116613969180936,0.27703735652874684,false,4
7983,0.5878962023765483,0.6,0.6628061228114369,0.6165874355644472,0.6614866222256398,false,3
7984,0.3393224516960962,0.22,0.16484605586873607,0.21184455538441616,0.2401478676560573,false,4
7985,0.30602062332284347,0.21,0.20185843493158906,0.20799107039725104,0.248511831015541,false,2
7986,0.3487733772116811,0.31,0.41134552323463497,0.30366595111544803,0.3284250010988648,false,4
7987,0.3665873076135044,0.18,0.12299971950379797,0.1523491189556693,0.22178871878189663,false,4
7988,0.3567600161389851,0.09,0.19762931995556401,0.2800016485616922,0.3197970699665134,false,5
7989,0.3096053937324511,0.2675,0.26665309179278385,0.24765942312172853,0.2384403906433056,false,3
7990,0.26308382315599566,0.39,0.28070267721662606,0.352798835290449,0.33910426854639064,false,1
7991,0.24557014771368949,0.0075,0.13865285352495188,0.24593528901038247,0.27032784460716025,false,5
7992,0.3052304584535921,0.22,0.2914805658602029,0.2594459713844673,0.3338874102644415,false,5
7993,0.27919982263142373,0.0,0.04504490693636288,0.1512046827141614,0.20782069437507752,false,2
7994,0.33080666624243077,0.11,0.28816561501290805,0.24980433040091232,0.248511831015541,false,2
7995,0.2562522759280072,0.21,0.3578117924532613,0.28030905097503533,0.42804851264359467,false,3
7996,0.7615617632117935,0.48,0.7012706783403695,0.6893183826243698,0.732744440152547,false,1
7997,0.5780969093778038,0.45,0.5324109505021075,0.40256102952058825,0.5688639124773239,false,4
7998,0.3804708297696407,0.06,0.14346128047762136,0.11083401459902509,0.23310387093038445,false,3
7999,0.33591223925684477,0.42,0.29611097385342117,0.25429518443406596,0.2553856378338571,false,5
8000,0.360598564188025,0.14,0.1734667496783938,0.24680421288206283,0.2491441301155706,false,2
8001,0.33722309562488056,0.41,0.34436757457282574,0.19818254883983233,0.22734734294614173,false,1
8002,0.6939103809289267,0.36,0.27774358306918767,0.5432790837502894,0.6059172913383373,false,1
8003,0.41084578403107186,0.55,0.5082571182975357,0.555884863796172,0.512596970690192,false,1
8004,0.31967019885425363,0.14,0.2317027218443654,0.10856812011088325,0.2918590229823607,false,4
8005,0.41715677502387954,0.15,0.20301777506372615,0.28832527231350796,0.2923823806457466,false,3
8006,0.37090240975691824,0.44,0.5351804786762736,0.41804715353355865,0.3866333335050142,false,3
8007,0.5739421926670887,0.52,0.7104910483755167,0.5873054527851147,0.6953982747927923,false,5
8008,0.43299629183037275,0.49,0.3488857841234773,0.44048619380368675,0.3637563565942942,false,4
8009,0.5332797775394701,0.44,0.47335799785929333,0.61241523137255,0.5447750331721429,false,5
8010,0.45589789486636884,0.16,0.1667212332448195,0.2811577529840717,0.283691289787978,false,1
8011,0.37363678439796166,0.23,0.12201411564607477,0.24432573060242427,0.24923043147217494,false,2
8012,0.3676459922813449,0.13,0.23259265326795175,0.28183187171228485,0.2849891889615791,false,1
8014,0.32589533120431113,0.1,0.13531981451587666,0.21903004746192628,0.2553856378338571,false,5
8016,0.3253025885130531,0.14,0.17374420258721984,0.2118880082619831,0.28647626993844444,false,1
8017,0.4883451238980173,0.2,0.06510948810245569,0.3835152652157629,0.4550402529615703,false,3
8019,0.301928014652003,0.08,0.2870781931737944,0.18303152609194823,0.26248150732137093,false,3
8020,0.24539926893887704,0.3704047619047619,0.4328051960768128,0.3914733532767039,0.2783445170020807,false,3
8021,0.3435272645190099,0.28,0.39329692221353085,0.33256803025520887,0.3774978810165451,false,5
8026,0.44157024974485853,0.16,0.2545086946957374,0.26754714194367835,0.335146363064773,false,3
8027,0.39216839437436013,0.29,0.3793498953864842,0.3465338665251006,0.353731316879087,false,5
8028,0.37924242190166535,0.01,0.24142989827448263,0.31785754472467004,0.3426801234854665,false,2
8029,0.49371264933563,0.29,0.46828290352948765,0.37909586456587496,0.46649243740267354,false,5
8031,0.4377492866646902,0.31,0.1406840017915801,0.3274016226652576,0.385020026796882,false,2
8032,0.2969737558935725,0.07,0.1578416900278805,0.20685176156265633,0.2599670331481862,false,5
8033,0.614044283729524,0.46,0.8133079962680582,0.60399956943632,0.7007594656719236,false,3
8034,0.3094229221509974,0.22,0.18223400054860842,0.23639309633665184,0.2843521998010825,false,5
8035,0.3562570409714202,0.03,0.3295252084667958,0.2874226865588312,0.3355464974995567,false,2
8036,0.2290552827770602,0.10666666666666666,0.082877427722836,0.2692002845632622,0.27188772045966025,false,2
8037,0.3845018522622416,0.0,0.3036878269970394,0.3162312612876348,0.35039187976562647,false,2
8038,0.3947838306020945,0.11,0.18481370157628416,0.25749289067689934,0.27720411634850584,false,2
8039,0.3807446466153078,0.29,0.2585144590496296,0.3175019512618591,0.31000395423126575,false,2
8040,0.40526359855063326,0.21,0.3099607692198762,0.3380515783894258,0.3132040847461321,false,3
8041,0.543640689649669,0.4,0.5676712403810851,0.4570481257850973,0.5919669897050874,false,4
8042,0.27630386748228647,0.22,0.0686705408458871,0.19036426024712638,0.2382356887739162,false,4
8043,0.3705023945234166,0.11,0.10145321400980294,0.2354073737994094,0.2251710779189349,false,2
8045,0.2813128444428742,0.03,0.11347828413111442,0.12327164835121168,0.18652048672543142,false,3
8046,0.5111690144845075,0.565,0.7224836392150171,0.5917898940462922,0.6384866645876134,false,3
8047,0.336963666295663,0.23,0.5997177155685416,0.3567200218633603,0.48194507661350733,false,2
8048,0.4244607387589106,0.25,0.29730457827709905,0.36437094470136977,0.3641647588686299,false,2
8049,0.3702406970630136,0.11,0.40693736827382293,0.3468264259634493,0.3589823926823302,false,5
8050,0.33555782329865314,0.14,0.1666162036328025,0.2501745220583938,0.2653535383594128,false,5
8051,0.3177490836366781,0.2,0.2874780381156706,0.254606959889382,0.26538326956953506,false,5
8052,0.38817801347684644,0.54,0.4051727294695675,0.5974574723345042,0.4346109795664425,false,4
8053,0.32602468675071755,0.29,0.22455662296770218,0.28044547319120444,0.33378647956613744,false,2
8054,0.44186963900297827,0.36,0.4961188302175441,0.4237586315459451,0.42873651807396745,false,5
8055,0.28045524751539647,0.13,0.02580549648938157,0.19708916953489616,0.15866469239906678,false,5
8056,0.29720003890409324,0.06,0.10035027459664041,0.1848326323083327,0.22507810796444325,false,2
8057,0.6171423196666371,0.46,0.6066646913848605,0.6383524968313378,0.6415904680044269,false,2
8058,0.6326552612073384,0.53,0.6660089507686738,0.6485327002460346,0.663157733240511,false,2
8059,0.6033976542063904,0.32,0.6359170693848742,0.5221728847603508,0.647356467510886,false,3
8060,0.6429517323892024,0.37,0.7332633579293151,0.6548361217467815,0.6905439958022793,false,2
8061,0.6460120743644471,0.57,0.6671004942262596,0.6279724483437998,0.6558247790188687,false,5
8062,0.7275791476625525,0.53,0.5754363359447552,0.6725215751299103,0.7059464268424009,false,4
8063,0.49273915469782936,0.16,0.2924488669381232,0.4998405544010779,0.5408900026934467,false,5
8064,0.6109021545901446,0.59,0.574818071324749,0.7852465914128851,0.7398747907318943,false,1
8065,0.6217910111763666,0.45,0.5000612807978094,0.42645989823872965,0.6286160080708018,false,4
8066,0.30196737378563404,0.32,0.23131697310861998,0.23039223653390256,0.25387382977224937,false,3
8068,0.34148769858592093,0.17,0.13818847536566098,0.2249103113618981,0.3549293536717435,false,4
8069,0.32842614393031155,0.22,0.2724623183322157,0.34550610314109353,0.3970109987011125,false,5
8070,0.346534824127094,0.28,0.379746724799733,0.3734649947846346,0.3708561441641958,false,5
8072,0.3778535213583016,0.33,0.29900299924920215,0.3868858385544572,0.3527125050982208,false,1
8079,0.3785059321754428,0.14,0.155650160947488,0.24897539597914992,0.3448852817863119,false,4
8080,0.3127129005079281,0.31,0.38458848757632497,0.2924817055299286,0.24574858566289054,false,4
8081,0.48624753727527853,0.8683333333333334,0.6032151889289994,0.6679067798564284,0.6149207255624943,false,4
8082,0.8164291999594141,0.46,0.7109379010451837,0.7428832820208587,0.763685814037656,false,1
8083,0.5426799235141128,0.41,0.6300246980794726,0.6254328260628594,0.5885967217879855,false,1
8084,0.592285907505698,0.17,0.630842719385705,0.5098058034999429,0.6455195783927969,false,4
8085,0.4892618939736766,0.23,0.5640528741650452,0.5601278490793983,0.6135719965419038,false,2
8086,0.2847077480376422,0.06833333333333334,0.1011496647563415,0.1795458552100405,0.1884586973155109,false,1
8087,0.4115615431588868,0.23,0.3116730777611122,0.15178108492814377,0.33305941378663334,false,4
8088,0.39598057119746294,0.23,0.17818116781066165,0.19720384738172803,0.23772581469331147,false,3
8089,0.7996159641108964,0.49,0.7229610850803575,0.6725787086866386,0.7801659523741986,false,2
8090,0.6301184700411284,0.5,0.7446107141167853,0.5293808829897164,0.6359492212035536,false,4
8091,0.3854801725589142,0.25,0.4121367805968624,0.3435387929190077,0.3570390213978504,false,1
8092,0.37116567320082006,0.25,0.42124382992928705,0.34378056623404474,0.3845774003895931,false,1
8093,0.4323947605029306,0.29,0.2998707656114207,0.33485095739645176,0.37836084832649375,false,1
8094,0.4590761371075874,0.19,0.41385444671204935,0.4461847215412053,0.4744093808610297,false,5
8095,0.4205523449605903,0.22,0.2585307431989494,0.30369009856966644,0.31944650116643014,false,2
8096,0.6547402746953358,0.34,0.5416956162719474,0.6054671498813713,0.6138635097972147,false,1
8097,0.4092147276505979,0.26,0.41540890266996744,0.47067533207414336,0.4868734646700135,false,1
8098,0.3183713111999165,0.01,0.33367747040591755,0.3187151736193059,0.30162153712526774,false,5
8099,0.34999538519527523,0.34,0.3879094783106113,0.3936482870982534,0.3297998076460853,false,4
8100,0.3533956082512629,0.15,0.14882489012804329,0.23563950999980401,0.36851451906782,false,4
8102,0.7322091607688632,0.51,0.6118470281385793,0.6369609461928207,0.7456694153084722,false,5
8103,0.3975179255638394,0.21,0.1818215815306382,0.2595000150808676,0.2514725033831097,false,5
8104,0.2902707164281674,0.55,0.5347744633534197,0.5565803233820125,0.4737128758501554,false,3
8105,0.3758960307776779,0.1,0.20043708429295276,0.15579115635884677,0.25700730122825066,false,3
8106,0.29653936024409705,0.04,0.10921516217417876,0.2184577358329644,0.2637221902853436,false,1
8107,0.29653936024409705,0.04,0.10921516217417876,0.2184577358329644,0.2637221902853436,false,1
8108,0.2666818289560221,0.13,0.09673434269506143,0.238750463931169,0.27325187397077155,false,5
8109,0.3181968157640611,0.37,0.5422353283587021,0.38023468902886615,0.335551634250876,false,3
8111,0.44993321521328117,0.19,0.24659915466257637,0.32207852123479513,0.3587902212923514,false,1
8112,0.4086574140216124,0.44,0.26316666637743064,0.2702424064185955,0.4125524051727508,false,5
8113,0.4322113828913347,0.27,0.26149488329995696,0.31871939115683345,0.35629087843623336,false,3
8114,0.4299384988714805,0.05,0.08280787471816738,0.24600771573280117,0.31336084942206033,false,2
8115,0.40960676419229364,0.18,0.16538602279969664,0.17540379222171015,0.27681332075950005,false,4
8116,0.4279090637619501,0.21,0.2646065071386942,0.3127564369755839,0.38563429117451103,false,3
8117,0.5245415458357956,0.22,0.37359686600031267,0.3769147484585871,0.5458379675107615,false,3
8118,0.40960676419229364,0.18,0.16538602279969664,0.17540379222171015,0.27681332075950005,false,4
8119,0.3867819546162267,0.52,0.5520810433097305,0.43131735324770043,0.34913508953701555,false,4
8120,0.304406331190713,0.11,0.17574873778017513,0.21126674681838867,0.2688951839062526,false,1
8121,0.3770952825035081,0.09,0.09519657437207404,0.13682919971039165,0.2407018441104781,false,4
8122,0.6565029374928592,0.3,0.6775099446043705,0.584965937483274,0.6860858927227838,false,4
8123,0.359050026372876,0.06,0.3082389902275078,0.31774624883218855,0.3638039443944652,false,2
8124,0.37840421542474295,0.23,0.2410354564661733,0.3032520456589072,0.44569312042735104,false,3
8125,0.4202408314930327,0.07,0.12938601073523778,0.057524753024753024,0.25897786188720395,false,4
8126,0.423387452972819,0.11,0.35065159731948403,0.3240396743297169,0.36937696987567953,false,3
8127,0.36458615543058326,0.13,0.2960915686640598,0.22926753383215026,0.35522358544336646,false,3
8128,0.40505278559806357,0.23,0.28264225222136785,0.3247497574537821,0.3646943828834563,false,2
8129,0.256300709141738,0.09,0.06142931085525827,0.23128517940629625,0.2281439229987611,false,5
8130,0.35821061828390405,0.16,0.2980372731737518,0.26495823366106563,0.4034230116777798,false,3
8131,0.48725267065183386,0.26,0.3002288976766127,0.40373091004329986,0.45713149171280953,false,2
8132,0.418409711024326,0.19,0.26354797905430366,0.20736755738671372,0.3176515989783322,false,4
8133,0.38967157356595317,0.04,0.17969554931233184,0.234210834214547,0.25255508100754703,false,5
8134,0.28869403391551135,0.05,0.11989089100399038,0.17696992257956373,0.23378155649778803,false,2
8135,0.372504641020577,0.16,0.20802454855254748,0.1717097652164619,0.2562498484030953,false,4
8137,0.3493231254465579,0.16,0.24057016333758036,0.18520469292094904,0.3301685508954482,false,3
8138,0.3167388138939758,0.12,0.2633737555882491,0.2631555830334511,0.2803590365679803,false,1
8139,0.3199280501822882,0.06,0.26185725955256983,0.1847677867362421,0.2916186253312958,false,3
8145,0.6224466555825062,0.47,0.2150900940648831,0.5069464717413132,0.5560160022310855,false,3
8146,0.3515373229496857,0.05,0.029810306418367592,0.11992174941072004,0.15647546977131946,false,4
8147,0.3674282209455684,0.1,0.15665191468309633,0.11822454302702987,0.22737086286568894,false,3
8148,0.4388043901570555,0.39,0.41542675813863555,0.3522314924562333,0.4327970082219797,false,4
8149,0.36925658181602816,0.49,0.49577311671794017,0.4290296558379484,0.438223691727208,false,3
8150,0.3942106864314037,0.3,0.20759531127996847,0.3298592321734538,0.34212267837253013,false,5
8151,0.8210953269432874,0.85,0.8550622463117571,0.8506982950002314,0.7778764430381445,false,4
8152,0.371934268821879,0.18,0.2572271090095374,0.31325447333709255,0.34036817989106954,false,5
8153,0.41694229530753585,0.13,0.23976067801263953,0.2578088284823153,0.3670744724841399,false,3
8154,0.2595621577761718,0.07,0.04252947798483394,0.16715202135994564,0.21742735271504185,false,5
8155,0.33613424467365793,0.07,0.17007872729123716,0.22579171215696917,0.23044351779091632,false,2
8156,0.2751366815662668,0.06,0.12238237851903222,0.19971844179074869,0.23327087292726123,false,2
8157,0.23373870096716554,0.54,0.6262222601510051,0.5557983840811134,0.48820787257448794,false,1
8158,0.3104374428274921,0.13,0.2716144796337572,0.1847993130880128,0.27453099959839383,false,4
8159,0.3000362220656785,0.15,0.2721859805718142,0.22159416926242861,0.27799636209324036,false,2
8161,0.32063075874338426,0.02,0.12114051804592847,0.2264367790150063,0.28863599831912706,false,2
8163,0.2845243380141845,0.15,0.17634004383473317,0.19558104211342203,0.22805160799153354,false,2
8164,0.7051949756285771,0.75,0.8856487886925619,0.7795379668016733,0.7790514910956685,false,4
8165,0.32313835948531283,0.08,0.1973126395254933,0.2023483440624438,0.2458517731369136,false,1
8167,0.3483113500242746,0.36,0.45814681211599917,0.40546025698869537,0.3570668756442035,false,1
8168,0.2600380046473382,0.11833333333333332,0.04957465008567444,0.17911942329336064,0.21742735271504185,false,5
8169,0.22751211979804548,0.02,0.26764202549949545,0.10494570116964134,0.2867994518045502,false,3
8170,0.23305794715018804,0.13190476190476189,0.3900155135287326,0.2570225607995682,0.27188772045966025,false,2
8171,0.27674228972153503,0.08,0.12682398776632098,0.22502170947278916,0.2311674131696759,false,2
8172,0.23011335219320403,0.15857142857142859,0.3900155135287326,0.26352739973884853,0.27188772045966025,false,2
8173,0.38895170577300725,0.37,0.39969848466771374,0.485533066731493,0.4440312728158488,false,3
8174,0.38895170577300725,0.37,0.39969848466771374,0.485533066731493,0.4440312728158488,false,3
8175,0.4026788346778094,0.08,0.20159120136740788,0.36569782258498873,0.45220338765172796,false,1
8176,0.4758793621618045,0.22,0.43933298914128,0.4518486893158796,0.450900857558942,false,5
8177,0.4008320841002697,0.14,0.4812475337784354,0.26660419130730184,0.3973372973473882,false,3
8178,0.1884848251167766,0.74,0.3024847597731467,0.34833234194248375,0.26581579778967823,false,3
8179,0.470746784286366,0.06,0.1905181606241334,0.17624600317982664,0.4479646151690234,false,4
8180,0.37805431595740774,0.33,0.383380770255665,0.4053528690920918,0.4301446397266798,false,2
8181,0.39447594885169246,0.23,0.26584424501079273,0.23256288259458305,0.35549673611521904,false,4
8182,0.44238250292901904,0.23,0.5462192642450543,0.3509578960345589,0.4736748980283219,false,3
8183,0.39776020714087434,0.26,0.3997057254935608,0.35311463662302167,0.38215749179643393,false,2
8184,0.3670987520982133,0.36,0.3783698497565925,0.3248244082079323,0.37381930706036115,false,2
8185,0.373340203989087,0.17,0.22334283114974157,0.1964087431830146,0.27114199468370964,false,4
8187,0.594638408412232,0.43,0.4437978366423963,0.445271264409148,0.5992806627601477,false,3
8188,0.37287432653280983,0.41,0.44184558658809736,0.3520433582731993,0.4076927897246866,false,2
8189,0.43366066440484585,0.4,0.44284752292490065,0.4415431012633313,0.40878230592156173,false,3
8190,0.5301086180878759,0.38,0.45770245589751224,0.4999058643333527,0.5848899357326856,false,5
8191,0.3595410142361761,0.13,0.2321325700220736,0.20122094499068185,0.2918672492710749,false,4
8193,0.36600466174913876,0.11,0.2497427128313731,0.29715398692822625,0.3236448070321869,false,2
8194,0.5830039980782487,0.34,0.4670736261580716,0.41484864216307704,0.6149330608151158,false,4
8195,0.6857641493701039,0.52,0.8068238815120843,0.7230797349501746,0.789984186050185,false,2
8196,0.3928999093778367,0.5,0.5772350540059246,0.5646816212053389,0.47732177511556784,false,1
8197,0.4238944745983751,0.2,0.23571135667905968,0.2801413526441838,0.23998965158993826,false,3
8198,0.5237457236320958,0.4,0.5698065424050829,0.564973766877289,0.58463393017933,false,5
8199,0.635860225251664,0.49,0.3886337321273832,0.5645926820314285,0.6881688614175898,false,4
8200,0.4918127920250729,0.2708333333333333,0.48738880497445564,0.3707958934992913,0.515188689986541,false,4
8201,0.653256543326778,0.75,0.8285854789028321,0.7146232049684061,0.6716318657412297,false,4
8202,0.535236301456595,0.34,0.42005883246558656,0.45213463316478913,0.5124022395531843,false,1
8203,0.6203997191405347,0.48,0.7354956402562518,0.48183510445952393,0.6256466748413432,false,4
8204,0.29851931476733157,0.01,0.06432010486481977,0.04085939973768921,0.15410035348403853,false,4
8205,0.557553477432461,0.33,0.2996780171828813,0.4425570923314733,0.5580628068312418,false,5
8206,0.5621251070577068,0.3,0.26638660360365796,0.44572113931107554,0.5513484356828675,false,5
8207,0.33259444782721626,0.19,0.5107329598742439,0.3325129563633819,0.3262109694164139,false,4
8208,0.32925058725355166,0.05,0.17655638182858407,0.1480264032881059,0.25068080271446497,false,3
8210,0.3528393798646533,0.31,0.14275756368150327,0.3163670396994642,0.30505088246394413,false,2
8211,0.32848038096599924,0.1,0.23599710592291742,0.24384482166964852,0.3391800126549787,false,2
8212,0.3450127645563826,0.13,0.2984009303219195,0.2846314752927169,0.3518222709820401,false,2
8213,0.33241212384542046,0.13,0.1692421384182391,0.24021108496200255,0.2570097165474247,false,5
8214,0.32345685541473046,0.17,0.17560483169103322,0.21015011638115397,0.2356988653250711,false,3
8215,0.3255312736444148,0.13,0.15333660964685955,0.10554238163796986,0.27938771843199905,false,4
8216,0.32954084021370117,0.09,0.17771625917867698,0.20336874180047956,0.24092237251430407,false,1
8217,0.3376679940734221,0.07,0.11270234151292037,0.16884113712718934,0.22554921486581492,false,5
8218,0.30669619005209214,0.2,0.3711696412246087,0.22500167713169927,0.25488207831307297,false,5
8219,0.2949734948315563,0.22,0.11100939267046851,0.17563574211735972,0.2270327056651127,false,4
8220,0.3229591817157678,0.07,0.31034002091287505,0.24570704140630611,0.33179290757552343,false,4
8221,0.5079436554525557,0.27,0.20337399938325415,0.3952251004336971,0.41831686383978556,false,4
8222,0.47225573522596104,0.32,0.3280490366159704,0.3237021184439916,0.4933320042198082,false,4
8223,0.3973065203726636,0.23,0.3395580135371618,0.36636987906439217,0.3772279565112125,false,2
8224,0.24614442996834549,0.02,0.1596327293612756,0.07919487554188072,0.2784379782290829,false,3
8225,0.6381463052436708,0.3,0.4528575983008111,0.5754156807162576,0.6490448371287667,false,1
8226,0.5451866451307544,0.44,0.39602945948661133,0.5297957484147249,0.6010529143954395,false,4
8227,0.5833383996280415,0.24,0.5235527314145031,0.5054546726412836,0.6191641896826762,false,2
8228,0.6644886282740042,0.36,0.4385844750888521,0.5869746299335873,0.7242236640261028,false,5
8229,0.601151443093798,0.39,0.5380873778432896,0.5423869051015738,0.6188577614242751,false,4
8230,0.6317864272979984,0.32,0.6975476589078032,0.5749362610002335,0.6662545037576851,false,4
8231,0.6502050574051884,0.37,0.5832728626186255,0.7097463695469183,0.7086043360543673,false,1
8232,0.38076663761501045,0.65,0.6336849221538229,0.6004250769389958,0.5334387949150928,false,1
8233,0.24958086147714292,0.10857142857142858,0.13430958032047713,0.2752988218474576,0.303599560465519,false,3
8234,0.41535190810939315,0.36,0.47172836616994107,0.3958205902674144,0.5628453489057337,false,5
8236,0.35589375502037507,0.37,0.2074242591669376,0.3451822439999652,0.3790981031100804,false,5
8237,0.4341642285136998,0.48,0.4984457262366906,0.46340450647249026,0.5187997572440128,false,3
8238,0.2725105619529968,0.09666666666666668,0.08948141052582667,0.18884040629919224,0.23420613130726817,false,5
8239,0.4009884605084591,0.13,0.21955535720947325,0.3584159593374374,0.30367382007891947,false,1
8240,0.40945806990614936,0.4,0.37658233580292483,0.3903916846995697,0.46607865881316624,false,5
8241,0.40857780156667767,0.38,0.31348795393979234,0.4244713251395033,0.41036430200188795,false,1
8242,0.49672975844340583,0.28,0.45824805296480237,0.41831249804683984,0.46033583965293334,false,4
8244,0.31867725401578967,0.08,0.08666612244611978,0.21620832761917388,0.22770482775873768,false,2
8245,0.36801864877283225,0.09,0.07379338750660769,0.15244065493330203,0.2788634870086274,false,4
8246,0.44741564563807673,0.41,0.5562639066737907,0.45206728441494165,0.5283587814226385,false,4
8247,0.3858998570435897,0.13,0.20189584303813557,0.24296104851267472,0.2786661451877866,false,4
8248,0.3805272582574129,0.1,0.18423539669428307,0.2575944483150487,0.26793891897055316,false,5
8249,0.27653686996021737,0.3,0.40271451386588486,0.43297474280965,0.25336931186010064,false,4
8250,0.5124374287856907,0.27,0.4079971266036459,0.40159663382152616,0.4623301834975134,false,4
8251,0.4483012755481389,0.31,0.2672456771426039,0.39671036873535953,0.35951115922330534,false,4
8252,0.26802134186438453,0.0,0.036615331305259353,0.057166263195868455,0.1812475895178822,false,3
8253,0.2802558472117386,0.0,0.02178066194802073,0.127477174360154,0.16854738746146014,false,1
8254,0.3119893012727515,0.1,0.15083987055406545,0.2542792488363491,0.31312031553445197,false,2
8255,0.4207940839418049,0.17,0.31777523922278605,0.2709483949926104,0.42988862879618134,false,3
8256,0.4586341544280647,0.48,0.49942170775171424,0.4542167084147557,0.5127838659846782,false,3
8257,0.5865986425794907,0.55,0.4683724401587737,0.6340925512515742,0.6074234981312492,false,1
8259,0.2606949270847706,0.01,0.020583482097411128,0.12072223261349878,0.15224118443994908,false,5
8260,0.3028621643267124,0.03,0.11063514666403906,0.05552376289431242,0.27150293991873015,false,4
8261,0.4194561036637922,0.04,0.2527590555324965,0.1291728267647385,0.2900160061775603,false,4
8262,0.43154625465460966,0.17,0.32890613632525373,0.32694375221760824,0.3653731909289492,false,2
8263,0.2973303243142216,0.22,0.12243509150944795,0.22005685813154852,0.2382356887739162,false,4
8264,0.43000985747600434,0.13,0.271133836744936,0.34051636674702457,0.3702916064777983,false,5
8265,0.39367981106436334,0.18,0.3753558823559707,0.3361926316539476,0.35393079481202805,false,5
8266,0.39367981106436334,0.18,0.3753558823559707,0.3361926316539476,0.35393079481202805,false,5
8267,0.3987573596714181,0.29,0.3561364604100701,0.4202239459503157,0.41687019303382955,false,1
8268,0.35931702317938885,0.14,0.38535452399880404,0.3654242319285573,0.3874908434099703,false,5
8269,0.43000985747600434,0.13,0.271133836744936,0.34051636674702457,0.3702916064777983,false,5
8270,0.3987573596714181,0.29,0.3561364604100701,0.4202239459503157,0.41687019303382955,false,1
8271,0.3707106109614621,0.15,0.36853128359687776,0.19436516135223558,0.3779424619809095,false,4
8272,0.40779477077959553,0.32,0.27710820019384685,0.3682054184025697,0.5084690046659658,false,1
8273,0.6651616593721158,0.56,0.47179840607926526,0.6829469592599966,0.700055230684903,false,5
8274,0.3969553823271957,0.35,0.4364174615588188,0.4900491899914863,0.41727020832304934,false,1
8275,0.6629575839443002,0.8,0.7671057032590802,0.7474414119971614,0.7466307049501739,false,5
8276,0.4201027170854394,0.24,0.40713801962674345,0.39038240646902495,0.4540865442941496,false,1
8277,0.4618192981693407,0.24,0.5846782922470897,0.509217059413436,0.6049455714982664,false,4
8278,0.4201027170854394,0.24,0.40713801962674345,0.39038240646902495,0.4540865442941496,false,1
8279,0.2807491218923114,0.27,0.36443829635860514,0.32165817185474244,0.2986717713592947,false,1
8280,0.4083571724176762,0.7741071428571428,0.4053685902574514,0.5360767006694959,0.4221772592469542,false,3
8281,0.32406986949499783,0.01,0.2168066596223104,0.20482242427398994,0.26568439790005943,false,1
8282,0.353610113980993,0.27,0.377169800443107,0.3850511269703386,0.32454746506126425,false,1
8283,0.3406368426366183,0.33,0.450280521123025,0.4176262991133094,0.38288944915427064,false,4
8284,0.4141273523120587,0.17,0.29691340126767823,0.33392996546777665,0.3371156997904353,false,2
8285,0.5303115877772877,0.31,0.2702113883804296,0.3788565361474074,0.38927561487676793,false,1
8286,0.47776365462883474,0.18,0.3010271709832039,0.3990467814775574,0.4750124087995842,false,5
8287,0.6663598940898745,0.54,0.5030970221262681,0.6706214519916527,0.7126241361569468,false,3
8288,0.7109389426249532,0.53,0.6235258572026987,0.6599563832195703,0.723639230765635,false,3
8289,0.8442537756071314,0.8,0.8863755769104508,0.8692323376867247,0.8171238847547806,false,5
8290,0.5005192953267099,0.15,0.40491131241499134,0.4410846870121164,0.5274746766723573,false,2
8291,0.4939252212323479,0.15,0.31810076387183694,0.238471595385179,0.5019157055922008,false,4
8292,0.6109853622959848,0.19,0.25001065315829074,0.45372533532249937,0.574596603940362,false,5
8293,0.5965591082238964,0.28,0.3041810889082249,0.4190911086610456,0.5168532730725988,false,3
8294,0.5607418310716055,0.42,0.4969289308300437,0.6275682226069895,0.5885967217879855,false,1
8295,0.3861574526186402,0.0,0.26147210467952164,0.2560921706606657,0.3335324435182028,false,1
8296,0.42648673203171866,0.17,0.30106991792553867,0.3433895586584773,0.3635845950556521,false,2
8297,0.5075509036118191,0.68,0.48544974066895424,0.635245679703092,0.5042952398328261,false,2
8298,0.38480333323017973,0.13,0.051844436532154536,0.2626218703367857,0.2546490368362919,false,2
8299,0.6349134792808062,0.55,0.6910996198555058,0.552386703807284,0.6321088493781394,false,2
8300,0.38979458729862165,0.45002380952380955,0.44692700422831605,0.5203704210960665,0.39350186338029447,false,4
8301,0.6832614921690984,0.96,0.8710138198247481,0.8669716861368235,0.786021780569464,false,1
8302,0.561303520905504,0.51,0.6026554993077513,0.55972723699843,0.5205598669138715,false,1
8303,0.42224152454848,0.28,0.5435210266432491,0.5351435141854731,0.5238257646891914,false,5
8304,0.537798126862373,0.52,0.5996468675830177,0.5721745394675766,0.6429087979993405,false,4
8305,0.425100922864848,0.33,0.3926844938715429,0.37882805102733036,0.5173312139171724,false,3
8306,0.4304914424630679,0.07,0.13222050963141155,0.4055511595397845,0.46642960350780416,false,2
8307,0.37079841789257384,0.12,0.3241586176218916,0.19421693493984515,0.3432138292318887,false,4
8308,0.35129024704665107,0.22,0.48768764849602264,0.4170356989006158,0.5012026507774464,false,2
8309,0.4085908995062912,0.34,0.45422515051821505,0.4642169639802923,0.49504646943490693,false,5
8310,0.3247663355784603,0.02,0.060690547971711695,0.043790175102675105,0.2323894505388072,false,4
8311,0.3400799715200241,0.3,0.4167948874966111,0.30483844945271504,0.3272994733692953,false,2
8312,0.329811771310178,0.17,0.09915595177055964,0.22522913705160152,0.22365160417063376,false,2
8313,0.32070953647416783,0.31,0.43152851342721293,0.31584981470076073,0.30048741579108673,false,2
8314,0.3736144240375502,0.21,0.27035135458300064,0.3303664413914414,0.3498753979375587,false,1
8315,0.3757677639629092,0.23,0.438295874069202,0.3139041295036767,0.42099182665366425,false,3
8316,0.2872260821344593,0.37,0.2737168141736134,0.23427679331942347,0.2435122069333693,false,5
8318,0.36904432399742587,0.39,0.4903998239574058,0.3977868918476806,0.4075569724662411,false,1
8319,0.42091875711347126,0.66,0.45523094546228376,0.4185713649283988,0.391760669006655,false,2
8320,0.7446869770999558,0.53,0.817968137884607,0.6272510208668381,0.7590048031199234,false,5
8321,0.5201664958227449,0.43,0.5804897413678349,0.48948486358042986,0.5409443974545883,false,2
8322,0.6156773715527314,0.65,0.7090167467442468,0.752778121003421,0.6616627294127212,false,4
8323,0.7608975211772017,0.74,0.6816037903907864,0.7833596095591163,0.7897505639463364,false,1
8324,0.3023504856916084,0.13,0.10737291356855146,0.16914444646692187,0.2057758259284462,false,3
8325,0.3667010381756377,0.3,0.30695008618147845,0.33573116270742703,0.3392040441338093,false,4
8326,0.39033179497495124,0.08,0.2571947926325886,0.11082783612817501,0.33800113015304467,false,3
8327,0.34016718107539823,0.09,0.12365010121110274,0.15840775496610607,0.24080350921708335,false,3
8328,0.28898893670103126,0.07,0.1657183004315497,0.1932461819567889,0.2401868889900412,false,2
8329,0.20758058444600622,0.10333333333333332,0.40111089847621784,0.2672364892201754,0.2703257617547057,false,2
8330,0.3947755069888307,0.26,0.3681554331182858,0.2942457178872041,0.35295314422046026,false,4
8331,0.3103835405103455,0.3,0.3820307245097975,0.2840548709735123,0.269867082893858,false,3
8332,0.2587103988510821,0.54,0.2509728774664751,0.2752694984712306,0.23517002689260194,false,5
8333,0.3091134536854225,0.28,0.2504129011847433,0.2662574954327661,0.24068959982831306,false,3
8334,0.38264448610589225,0.24,0.3105496429110018,0.25170583696059706,0.3612060657295772,false,4
8335,0.45630270328077566,0.84,0.5996214399241153,0.6720420930601443,0.6049455714982664,false,4
8336,0.38940678095911285,0.26,0.40675049895213355,0.3358675150489756,0.4613826945139776,false,3
8337,0.4150712469149331,0.16,0.22537089393920726,0.21570431303919155,0.4280089977543696,false,4
8338,0.4150712469149331,0.16,0.22537089393920726,0.21570431303919155,0.4280089977543696,false,4
8340,0.4213820198055798,0.28,0.4570292465210048,0.3769837130496995,0.4051463654150184,false,4
8341,0.45526689348209115,0.39,0.5244624919334918,0.45879336302922086,0.49005674174617014,false,2
8342,0.40797002777520264,0.11,0.4030808011472912,0.3643459482024754,0.3696466873932604,false,1
8343,0.47652417777057327,0.24,0.2815658598908006,0.3997455720731616,0.39784374560687213,false,5
8344,0.48684532876118936,0.22,0.20558176851316504,0.4476975310576096,0.4135289626841934,false,2
8345,0.477151616455327,0.13,0.12326214130729805,0.3079293032792266,0.3255421155682276,false,1
8346,0.5458462923256339,0.26,0.1444989470186468,0.4027722676617773,0.5784124545195006,false,5
8347,0.5341519138050612,0.34,0.6093222790127235,0.5363897068710048,0.6298492054666128,false,2
8348,0.5567258865841727,0.44,0.6764751411327863,0.5655933576442475,0.6948440708058501,false,4
8349,0.3936020731467708,0.26,0.28200955153731666,0.3666969552871464,0.36070527453867895,false,1
8350,0.35883738658124087,0.31,0.18314732837898767,0.28737103021247756,0.32378363127593424,false,4
8351,0.4949941642001519,0.4,0.445365520483698,0.542474461905419,0.6432267310826515,false,3
8352,0.35538435868069257,0.23,0.1832002361992731,0.22204375126376472,0.30863230735507247,false,3
8353,0.5040627535325898,0.55,0.5283768632331215,0.5522552532794129,0.5577889904762411,false,4
8354,0.4879249690005399,0.46,0.5002496998806338,0.5040007272885348,0.5187082713558194,false,2
8355,0.5863346944273342,0.55,0.4614618487761438,0.5905142704296064,0.6014499052162894,false,5
8356,0.4465149968842993,0.31,0.11026769931928777,0.3187649891530855,0.2929651895794395,false,1
8357,0.3588101534767433,0.15,0.20503024898715888,0.2563776144903999,0.26827340317721887,false,2
8358,0.47907407148107506,0.33,0.4680748665741441,0.4540042490673615,0.5471552999367815,false,4
8359,0.301277508582543,0.34,0.2693449892692545,0.21944308709265442,0.232964952791223,false,5
8360,0.4343514182985607,0.2,0.3523347549960526,0.2896199917832668,0.42353626916356124,false,3
8361,0.5522776774970729,0.46,0.47169844924835774,0.6054009123336169,0.5874152793303087,false,4
8362,0.4975104921891217,0.42,0.5215439937645503,0.4407543344842878,0.49009320690085034,false,4
8363,0.34295534544931316,0.04,0.1485474147822399,0.2625856064669683,0.3075417923594423,false,1
8364,0.36748257739108803,0.2,0.47893298177545585,0.3587461763590927,0.39290731142558694,false,5
8365,0.36868548826430875,0.8846666666666667,0.4934356766382652,0.3957961197525704,0.36103531021042545,false,2
8366,0.5197736528474567,0.47,0.4680057698596019,0.47011733413530427,0.5598209485876433,false,2
8367,0.8292224421126421,0.55,0.7915108912870422,0.7406209419699747,0.8207767043489722,false,3
8368,0.611213223751435,0.34,0.17699299553706904,0.643409025312636,0.6163450762336542,false,3
8369,0.5160361760656773,0.51,0.6817663523785505,0.5642187067842891,0.6287139926931833,false,2
8370,0.3592064177868992,0.15,0.27112494515746377,0.26417050997036073,0.294524485705252,false,5
8371,0.4407227112573353,0.35,0.4117602848676285,0.39256743133131344,0.43768644951879554,false,2
8372,0.6425869036691116,0.42,0.4974481291124502,0.4739191225599979,0.6994035950036602,false,4
8373,0.4314383814146743,0.33,0.42415863191915754,0.33462015895564035,0.377195622029828,false,3
8374,0.35166909714543104,0.14,0.10604065335770663,0.27184175307412545,0.28410181778031784,false,1
8375,0.4833112828297304,0.29,0.5042375797813773,0.37574414407458057,0.4973668753065537,false,4
8376,0.43176182559065,0.35,0.572248955680379,0.4202739683796111,0.5080127756051721,false,4
8377,0.36436955821360306,0.17,0.3386011494650568,0.36807278969913576,0.3778349500644155,false,5
8378,0.34686140358645234,0.44,0.6001927631690088,0.39824648154426556,0.3938620634122929,false,5
8383,0.36625919552151537,0.11,0.31239699181777353,0.19758720785917283,0.3371410693047416,false,3
8384,0.3577845544661168,0.07,0.1838993856182731,0.2428063450181752,0.27408435894616273,false,2
8385,0.41989367599149696,0.09,0.1678196089533475,0.2155044057107996,0.42254562490325087,false,4
8386,0.35080038450123296,0.1,0.24971700378174108,0.3241811005665244,0.30848379609621296,false,1
8390,0.32518018411609956,0.24,0.2722063950159697,0.3052048643107446,0.3437840350819849,false,1
8391,0.481356807766865,0.36,0.45280232314011054,0.49575519095500975,0.4923749544386882,false,1
8392,0.41332924459374826,0.34,0.37280584557649005,0.39004976492889837,0.4245882787350337,false,5
8393,0.3922155907345577,0.29,0.4964839600723666,0.3835177289975823,0.40706311473244816,false,2
8394,0.5935308846102237,0.55,0.429677595446901,0.6018180905458512,0.6097372514982267,false,2
8396,0.4006701223285616,0.185,0.26460335537376867,0.3365576951832771,0.36574530940142275,false,2
8397,0.4132514773558107,0.455,0.4108995514914643,0.4472761337715852,0.399231197709263,false,1
8399,0.40246042895960665,0.13,0.38101720304212777,0.4063049409629958,0.5077636925346796,false,5
8400,0.27687644186497556,0.07,0.10804335563425149,0.20092783711673026,0.2588646917512255,false,4
8401,0.40376650837642325,0.28,0.44006810599817,0.45343450552853,0.49599301474899843,false,1
8403,0.2619837349905078,0.02,0.022114292464028643,0.20441049639677164,0.16503107606688736,false,5
8405,0.4100727625582252,0.43,0.3193901122765024,0.3209323427095485,0.3390716138933478,false,5
8406,0.3254979065767108,0.24,0.2572660802059121,0.24391509180777352,0.2511429192118496,false,2
8407,0.39277379467166174,0.35,0.4097547165959053,0.4820113143701945,0.480618000870347,false,4
8408,0.2986422471771681,0.03,0.08287275002003322,0.08386100217478937,0.2382356887739162,false,4
8409,0.4386083314302497,0.27,0.28294460282497946,0.3994776620429711,0.36763093122232066,false,3
8410,0.40375758199778383,0.08,0.46948633293039344,0.3517726382406331,0.4018332348834589,false,5
8411,0.4635269126947973,0.18,0.30704269293154696,0.4165467723809485,0.3749554823072126,false,5
8412,0.652384347403526,0.45,0.2210172750556281,0.5429040257884261,0.5926609353948342,false,3
8413,0.36739095158887397,0.13,0.20014108367548727,0.2940053284732341,0.3490966572693369,false,1
8414,0.514248040129641,0.54,0.6237972638522897,0.5239532865301482,0.5142354004183167,false,5
8415,0.3604262358698253,0.16,0.1886244267610137,0.2403446687513145,0.3070129738364052,false,3
8416,0.5880132054133216,0.36,0.31729233505469384,0.3348146703665008,0.5683084095740548,false,4
8417,0.35669257225897166,0.3,0.4487941222873976,0.31679559470917995,0.2941739502341021,false,4
8418,0.35883738658124087,0.31,0.18314732837898767,0.28737103021247756,0.32378363127593424,false,4
8419,0.39527760130001643,0.23,0.5409359098455496,0.3520718284258911,0.4311518480972763,false,4
8420,0.36948688409809954,0.73,0.6878149905273484,0.5674885774176474,0.5134203021187913,false,1
8421,0.4024136625159075,0.07,0.16278361324606233,0.27267144008845656,0.3017551022047243,false,2
8422,0.3583427795364423,0.2,0.23809973612295598,0.32207036887944457,0.3526664874406303,false,1
8423,0.4411025014401696,0.4,0.5057324826417153,0.4362962004365856,0.451033403399935,false,2
8424,0.4024136625159075,0.07,0.16278361324606233,0.27267144008845656,0.3017551022047243,false,2
8425,0.44132929919878033,0.22,0.41112088910636624,0.37821807215323255,0.42136339655168387,false,1
8426,0.44037006402435946,0.31,0.44887721345497633,0.45981580610683354,0.4741053830068602,false,1
8427,0.4308848821886017,0.18,0.12295534190062173,0.24470058244595436,0.35881664369567395,false,3
8428,0.45044969374788446,0.25,0.5050939869992386,0.4086957856622213,0.48065130034876763,false,2
8429,0.4266119330058323,0.32,0.24750614408071497,0.4026150041201346,0.44562943635525726,false,3
8430,0.47894447377061616,0.2,0.13056224363409535,0.3084567420163536,0.4984505385760075,false,3
8431,0.4237003669882996,0.18,0.12157794761392854,0.26768308339322655,0.34889535926656,false,1
8432,0.41460872441909885,0.19,0.41382189447087053,0.34880318086591233,0.36088100345753116,false,5
8433,0.41693085159569215,0.2,0.16282889445663226,0.26339443424401465,0.31000938408569795,false,3
8434,0.3359736536226329,0.44,0.3454147224030117,0.4225593062448383,0.4196748178353265,false,1
8435,0.3407808164845604,0.13,0.12475671950287649,0.2647486942816311,0.28935150739873944,false,4
8436,0.4473673094772934,0.18,0.1815886600415519,0.3758450672136784,0.40533241115224816,false,1
8437,0.44303678811185143,0.22,0.43731487294453214,0.4331495927727324,0.48666206977487314,false,5
8438,0.4945452556398097,0.35,0.33305608238935636,0.4769184878215533,0.42516736041376535,false,3
8439,0.39694850123406367,0.31,0.23638627744923618,0.34581077951036127,0.4070664114679729,false,5
8440,0.39694850123406367,0.31,0.23638627744923618,0.34581077951036127,0.4070664114679729,false,5
8441,0.3892330001225466,0.04,0.10865600376518973,0.2666785705462819,0.3536413632578392,false,1
8442,0.3534830192179298,0.36,0.268119262371627,0.3973849729815461,0.3940816763604512,false,5
8443,0.3922338946279015,0.15,0.22720179762462356,0.3245140346404564,0.3157212530347405,false,2
8444,0.2765533277664888,0.04,0.16859578371379838,0.18288528479242985,0.24084015332715963,false,3
8445,0.530763823290566,0.28,0.43128815258805586,0.4644752066713413,0.3972366521674621,false,2
8446,0.40643388678503206,0.15,0.36500676359123163,0.3908987634079668,0.40885688315594737,false,5
8447,0.37030605050970383,0.18,0.2584859053410657,0.313023123364042,0.34467210181215946,false,1
8448,0.4853671911090088,0.58,0.62954674203079,0.7034319396776784,0.6138782496023462,false,4
8449,0.5514465759674956,0.21,0.21765764002758922,0.4302715234407959,0.49342280953385037,false,1
8450,0.4368535307079016,0.14,0.4050621320767235,0.41463704398653783,0.4596759141148788,false,5
8451,0.38404240214196883,0.25,0.38394270751043413,0.24448654391579208,0.3884668641035047,false,4
8452,0.38384403178677484,0.11,0.2655236869507113,0.3350661871874149,0.40091665128211573,false,2
8453,0.480788286989439,0.46,0.5881506380988227,0.5773369219625138,0.5573987959935293,false,4
8454,0.4475637874657976,0.13,0.11829048904567874,0.12137660556826999,0.40555065081410174,false,4
8455,0.5579703992906323,0.39,0.620095065322235,0.6168048687801707,0.6575108401000315,false,2
8456,0.3569553249423669,0.29,0.3779869866910404,0.3860678404011374,0.41428437474166946,false,4
8457,0.5573825126166265,0.23,0.23386189418078707,0.37807541660713156,0.3929238862663254,false,2
8458,0.35334188533842037,0.29,0.15296319675862277,0.24955725211732077,0.26948869495637484,false,4
8459,0.4629627683682565,0.19,0.3231869649549766,0.3691769526871622,0.4291691812842624,false,2
8460,0.3503045570675881,0.26,0.41901029843489884,0.29176928345848624,0.3772244175540432,false,4
8461,0.4735857118567117,0.48,0.5481261652302565,0.544056833066043,0.5439608633602084,false,4
8462,0.3446472695961296,0.07,0.09754954931199394,0.2752423269769107,0.3004197494185501,false,5
8463,0.4196738962143681,0.19,0.39639180217298,0.2960603061098502,0.5112601603627289,false,4
8464,0.34998568642062633,0.48,0.5087941569309833,0.3807971310639698,0.3099679328425404,false,5
8465,0.435913852094977,0.16,0.15572122630654056,0.34476759841681287,0.2751351095776559,false,1
8466,0.429846352820823,0.47,0.7073202519517214,0.4911047187609482,0.5075443842227738,false,3
8467,0.3953849667121599,0.44,0.4486149662091604,0.4648994894249012,0.5329521104139914,false,5
8468,0.35156055249260304,0.35,0.505605950806507,0.4303179430433685,0.44334994758521923,false,4
8469,0.36268769084861324,0.21,0.4512565362938795,0.5057418039198385,0.3316940418436539,false,4
8471,0.42388465668837405,0.29,0.2752234731858513,0.27997727618217416,0.32627808847614376,false,4
8472,0.4277059991790144,0.34,0.5410268635583212,0.3924927986065416,0.4923350221751006,false,5
8474,0.430376917263705,0.22,0.18911639568584146,0.31101714651266704,0.35588084421097316,false,2
8475,0.36276408254642356,0.23,0.18591366449490376,0.3005456846021122,0.382076156322146,false,4
8476,0.45604208778808925,0.23,0.2309745478149491,0.39864400462305666,0.36661957218717517,false,5
8479,0.3084419915069593,0.18,0.15295714471272964,0.20385612519345575,0.27348580390916616,false,1
8482,0.4434407659995169,0.12,0.08077880741759022,0.2833996469159168,0.34727772754172925,false,5
8484,0.4040088977255831,0.3,0.3828588206650987,0.4282970261625188,0.4221772592469542,false,3
8486,0.8598770117024119,0.45,0.4389569197551058,0.5722281568858469,0.7093344910655004,false,3
8487,0.4390026436367032,0.27,0.1611283124454148,0.33947077454296726,0.5152194499638821,false,1
8488,0.27493260080941173,0.04,0.10257820451306446,0.24284943384123409,0.2596445196146548,false,2
8489,0.4028297630381609,0.32,0.43907592692929365,0.34755363844509163,0.38850040799605545,false,5
8491,0.4823172113856212,0.21,0.4570977061181376,0.44863150481749764,0.5059773615161913,false,2
8492,0.4691487480430572,0.23,0.41853314743503944,0.3785479455622781,0.4910222363474748,false,3
8494,0.4195669260966811,0.09,0.1797394837472496,0.26710737856894345,0.3064279637736649,false,2
8495,0.3634145529795326,0.1,0.33456932023079694,0.2802261614621727,0.3014204638991928,false,2
8497,0.3438682805300425,0.12,0.07151446893117332,0.15797112053192613,0.24443648597860837,false,4
8498,0.3973521319536602,0.55,0.5418151616498574,0.5988637703772973,0.5136023347719351,false,1
8500,0.3587503481907536,0.16,0.19334177161194527,0.2494560692117474,0.30934242848936244,false,2
8501,0.36328885133393485,0.1,0.09373765943011189,0.137398339975283,0.21627987569195006,false,3
8502,0.4263879227938078,0.1,0.21365803083119986,0.3688255071427981,0.3696961411850749,false,5
8503,0.36283775664526075,0.15,0.3198702009368433,0.21644134829339629,0.36112409048151173,false,3
8504,0.36283775664526075,0.15,0.3198702009368433,0.21644134829339629,0.36112409048151173,false,3
8505,0.4212576948402489,0.21,0.14068006669867536,0.2508884762757844,0.31581964085171277,false,4
8506,0.4574653678897603,0.25,0.5191928671076091,0.3332290226196512,0.4454263038307046,false,4
8507,0.39977811565047955,0.23,0.5117653834177247,0.4490557985327703,0.45923100523329596,false,1
8508,0.4057460351806371,0.21,0.2364868105162539,0.3711147943816618,0.36295004988412205,false,3
8509,0.40551129280770065,0.29,0.6433974843593017,0.459856019329089,0.4835399484641473,false,3
8510,0.3618302742621896,0.38,0.24937113121422927,0.428425287452422,0.32047606514797544,false,3
8511,0.3831624847163794,0.06,0.15714471336431363,0.275471718835258,0.2892451511434346,false,2
8512,0.3804747758695357,0.23,0.5898785906964358,0.4887881042004674,0.47793546298749173,false,1
8513,0.40314774621574656,0.09,0.26173878392937866,0.31083705125662975,0.33386951765170403,false,2
8514,0.3112080068592703,0.13,0.13522915849620906,0.21613714209216717,0.2267520373412984,false,5
8515,0.35104445411246066,0.09,0.24394841418856458,0.27966518402626567,0.3440358273064128,false,1
8517,0.419462458560322,0.09,0.1886166869324533,0.39635740655527324,0.401066693525886,false,5
8519,0.3786574372703759,0.21,0.12508724006547114,0.25481779678957134,0.31069163300600305,false,3
8520,0.37381863626947787,0.23,0.15326223945906498,0.23266660512152237,0.3130019118066236,false,3
8521,0.5634148749262664,0.4075,0.6088081276002506,0.5246229929706749,0.5403783856219162,false,5
8522,0.464473767727779,0.49,0.6490255329347004,0.5786937032223508,0.582578203049805,false,1
8523,0.5401952130071354,0.46,0.3583481744156828,0.5651073309139573,0.47675446304434344,false,2
8524,0.42793000800546754,0.06,0.1965058479369732,0.3624255809353063,0.37069355975664686,false,2
8526,0.5562615314759617,0.39,0.5608369443715785,0.5220395761480023,0.6160298322452139,false,2
8529,0.6063260838418822,0.54,0.5234004961797247,0.5959883552180015,0.6674283583877908,false,2
8530,0.42956966151913434,0.32,0.2560188616766139,0.3905107317456936,0.44241756204780136,false,3
8531,0.3544575732588761,0.16,0.21572347479980933,0.30154692812779466,0.3334643300192173,false,3
8532,0.3544575732588761,0.16,0.21572347479980933,0.30154692812779466,0.3334643300192173,false,3
8533,0.3869997633525711,0.24,0.37078504305038257,0.35526413313128435,0.37888432393634647,false,2
8534,0.381525301767193,0.07,0.21065512067366365,0.2853313103829282,0.28117976611386536,false,2
8535,0.381525301767193,0.07,0.21065512067366365,0.2853313103829282,0.28117976611386536,false,2
8536,0.3817074109839964,0.1,0.18740116547263957,0.1210416395609894,0.3227184763089125,false,4
8537,0.3818196121542258,0.06,0.15056742708410273,0.1236773264145555,0.2929370246266066,false,4
8538,0.38066346546984015,0.06,0.12430115971516875,0.17050740904705391,0.3371410693047416,false,3
8539,0.49993989180396026,0.18,0.5860544108644584,0.5610058668320538,0.6135719965419038,false,2
8540,0.39000118353289565,0.1,0.15225198507876994,0.13073801440105787,0.41364440242206096,false,4
8541,0.3501062211243832,0.22,0.11855154495173015,0.2180000243922458,0.25561447264169623,false,4
8542,0.3546466913117066,0.14,0.258784628484252,0.2887398932242642,0.35996072610390795,false,2
8543,0.3541159870431823,0.11,0.20684415394561326,0.1821785901139435,0.3307451455147036,false,3
8544,0.6425869036691116,0.42,0.4974481291124502,0.4739191225599979,0.6994035950036602,false,4
8545,0.35773794500435036,0.03,0.17645562126200925,0.10131581803272978,0.24980281795180106,false,4
8546,0.3606988838025703,0.25,0.6208783843924762,0.4493259943960407,0.4502381810478368,false,4
8547,0.3350392472312217,0.05,0.07929441138241528,0.19932711844644765,0.2214788788798129,false,5
8548,0.4643154271463776,0.37,0.248047347955826,0.4483878915766819,0.4204348793452236,false,2
8549,0.3831624847163794,0.06,0.15714471336431363,0.275471718835258,0.2892451511434346,false,2
8550,0.3801337052221238,0.3,0.49224596367331414,0.3798277530400149,0.3774806726039879,false,5
8551,0.5403779038440736,0.55,0.5176319598436531,0.5739859977562556,0.5932407674336518,false,2
8552,0.2732750575490529,0.44,0.3802266037747835,0.5335561680127499,0.33641241974635433,false,4
8553,0.36731744835986535,0.13,0.2195240232013559,0.3344735662051892,0.3382923081193184,false,1
8554,0.585086674434719,0.27,0.4718494559372334,0.5139903958076018,0.5838463060728664,false,5
8555,0.5880129026672392,0.57,0.8022444941104232,0.6501861648594047,0.6766226120522436,false,4
8556,0.42619895773439154,0.23,0.29683235785048495,0.29780737639319194,0.3055672621122837,false,1
8557,0.3359266022392302,0.28,0.27607877240989975,0.29064245182921655,0.3309767833136975,false,4
8558,0.4932863621829289,0.27,0.3952746354634001,0.44660030841711795,0.47495567513846054,false,5
8559,0.4264301272525642,0.14,0.25408384421248115,0.35065909560508024,0.43709997845580784,false,2
8561,0.4515794786322774,0.31,0.2591766448200358,0.3152056368846408,0.32546743261705735,false,4
8562,0.5190779167532532,0.21,0.26439915939964276,0.5052845143333693,0.508249281077488,false,2
8563,0.5828282989941534,0.59,0.6820826767429038,0.6485163961346708,0.6242582107099724,false,1
8564,0.377778648883337,0.86,0.673887436269853,0.5981587051290691,0.48655667181712126,false,3
8565,0.3799874057286094,0.77,0.673887436269853,0.5679641894787141,0.48655667181712126,false,3
8566,0.40191445720615504,0.29,0.3424227018138851,0.46796322190608264,0.44896793705649707,false,1
8567,0.3255951076061411,0.14,0.24716545586991795,0.20552024991696682,0.21956714007061576,false,5
8568,0.7811138585070225,0.56,0.4588709858951227,0.7295260111485034,0.7548597086075098,false,2
8569,0.46324856426640687,0.27,0.40193885665741286,0.388754165061552,0.44016243823732504,false,5
8570,0.465221287862707,0.37,0.5324970706198066,0.3847849229193857,0.3963071465262072,false,4
8571,0.4031852426218076,0.12,0.40238354676452437,0.31857304675141324,0.4190261968247626,false,3
8572,0.4872871892186378,0.3,0.742503295765673,0.464689150139581,0.5031583767684118,false,4
8573,0.35884618056090295,0.27,0.3114241318603466,0.3031267402591705,0.36172811958332657,false,3
8574,0.3336016747906556,0.0,0.1745755617377136,0.24356621205282739,0.2870034882857678,false,5
8575,0.37288658062615754,0.09,0.2743034635900312,0.2053342196855451,0.34025604337241266,false,3
8577,0.47670859794712117,0.31666666666666665,0.2960985474832113,0.415510920453905,0.44945352728419624,false,3
8578,0.44737229984167864,0.25,0.4343183715133477,0.411176886775092,0.46367767705865776,false,1
8579,0.349505575969922,0.21,0.3160596263966444,0.26322398852119344,0.33547237724844686,false,1
8580,0.44815773561427613,0.18,0.3120074330606081,0.3361808679299893,0.42500434622812905,false,3
8582,0.37239207178009054,0.22,0.5532367170780601,0.4663543382319425,0.4899546024348882,false,5
8583,0.4476750908613202,0.58,0.5791216494932585,0.49942791784228824,0.5137698566824183,false,2
8584,0.4660146815721189,0.33,0.5119665129463161,0.46479042201298043,0.4835668281888452,false,1
8585,0.42250654902229356,0.6,0.4554082028925391,0.4410610051949918,0.3962038189628146,false,2
8586,0.4095674120099135,0.29,0.3045984676900759,0.35772146183943043,0.40743306415356567,false,1
8588,0.3108552012426664,0.09,0.10111853086380733,0.23083950755762228,0.24193435084917514,false,4
8589,0.4584948788681338,0.47,0.45999299597571064,0.4934733429138182,0.5268392259069847,false,4
8590,0.4121961702256373,0.5,0.6046060496704933,0.4388472682370934,0.49801932295589363,false,2
8591,0.2752697441351655,0.06,0.11790604995384174,0.21635456405048994,0.29003838949780747,false,5
8592,0.36560392604019093,0.08,0.13956974793930155,0.3313405765370583,0.34579804999049374,false,5
8593,0.4122687660331205,0.03,0.14762056190950862,0.3290386988213539,0.3833877649381048,false,5
8594,0.3704092252518635,0.18,0.460258980665069,0.3754970689713801,0.4018332348834589,false,5
8595,0.4261783113528416,0.43,0.6836576625708007,0.5076724987006809,0.5334824975842921,false,3
8596,0.5604950383701869,0.47,0.6642255072293621,0.6523916965118614,0.6215986508211337,false,1
8597,0.545986882578542,0.17,0.3673031686792956,0.4845161497680486,0.5216521556572759,false,5
8598,0.6857829831311238,0.76,0.8591704298714831,0.7982688400068051,0.7479371510276166,false,1
8600,0.43157718140263335,0.2,0.27271847669165594,0.3649125628658186,0.3507895989184199,false,2
8601,0.3825033973870159,0.23,0.27270821189508876,0.3366980482459275,0.3842932445541741,false,2
8602,0.34998568642062633,0.48,0.5087941569309833,0.3807971310639698,0.3099679328425404,false,5
8603,0.3543589494828085,0.87,0.5087941569309833,0.3881143429317239,0.3154347731800669,false,5
8604,0.6622433079894291,0.67,0.646526676437377,0.7131700640765356,0.6695468426516603,false,1
8605,0.42022778063347177,0.51,0.5646965495297925,0.6229513651042603,0.4806836787278769,false,4
8607,0.4309967690045642,0.31,0.370636328484436,0.3810030264169619,0.4401454758631943,false,1
8609,0.27218623046322654,0.23,0.1837318004650066,0.27062322103601877,0.2712026335911051,false,5
8610,0.43388068483513703,0.31,0.24291422274184532,0.36587958076029364,0.38997548467263726,false,2
8613,0.42980184203586613,0.38,0.5438396501568489,0.557379855354633,0.4864669442709686,false,4
8614,0.49745597817695736,0.38,0.6300246980794726,0.6244091704831469,0.5885967217879855,false,1
8615,0.5125034627720694,0.34,0.494626152127664,0.419366194531639,0.48641318510047615,false,4
8616,0.33159995463553416,0.15,0.19699532127969613,0.18313900901729846,0.30091070895057215,false,4
8617,0.40575048485608317,0.39,0.3427069210677496,0.3342069559989575,0.36866225583135337,false,1
8618,0.3283482464303135,0.16,0.28162950857345986,0.29418698435856006,0.327145331005102,false,3
8619,0.42846583337323635,0.33,0.45773518959361303,0.41562051646974885,0.39866876004585106,false,5
8620,0.47818783606283244,0.05,0.3277945876994327,0.4149212063938286,0.4765146336599015,false,1
8621,0.43444121581507206,0.27,0.20034546624954586,0.30005634983989876,0.28191985039219786,false,2
8622,0.5907697743397489,0.82,0.6494288128374416,0.6911864117608837,0.6371236149014419,false,3
8623,0.27284070240638814,0.56,0.5410190612105753,0.5168760643102364,0.3611827643915754,false,3
8624,0.4248064109220273,0.17,0.1964950676083442,0.33363095603009724,0.3737546816160567,false,5
8625,0.37838411299045593,0.41,0.0811131768400498,0.380263173724958,0.4093609187485787,false,5
8626,0.5376811036887069,0.23,0.3162877601690459,0.3386085567379096,0.47919506390443817,false,3
8627,0.4191214697676229,0.26,0.35075869601170373,0.34409416575376844,0.5005181040455886,false,4
8628,0.7659904816431252,0.51,0.8677716331422467,0.6426066300241053,0.7625980638331658,false,1
8629,0.3962330794493569,0.28,0.20918120710792504,0.3938100365799198,0.43686786327312144,false,1
8631,0.4282477365184389,0.24,0.22037006834742473,0.29419161421318557,0.41389059159806496,false,2
8632,0.4323040551422276,0.24,0.22037006834742473,0.29642075047438043,0.41389059159806496,false,2
8634,0.41772355436494807,0.2,0.2094846671335906,0.2494156504816889,0.35844264883050314,false,3
8635,0.38302545997931714,0.54,0.5663003852470536,0.5583078492344726,0.4615749352585163,false,3
8636,0.36028582821987776,0.26,0.4080179795476311,0.34533000553181425,0.34859711982613795,false,5
8638,0.3703363445452575,0.01,0.17726912060129407,0.22378228456056892,0.2529547911731969,false,2
8639,0.3544840048273389,0.24,0.18808494368477954,0.24529741723514126,0.23457994790165135,false,3
8640,0.31085938482021347,0.24,0.21458326643998954,0.20261988090173413,0.232964952791223,false,5
8641,0.31867725401578967,0.08,0.08666612244611978,0.21620832761917388,0.22770482775873768,false,2
8644,0.4139994052304143,0.07,0.11213210306399089,0.2579650508836409,0.3095873288070883,false,2
8645,0.3571451912436112,0.06,0.10414487424142947,0.20142874336836003,0.19341902776221054,false,1
8646,0.7469674562423079,0.65,0.8742845532111279,0.7496339681149946,0.7924339281798538,false,1
8647,0.656539974844773,0.37,0.6725564587558798,0.5889191109410413,0.7113197175665824,false,2
8648,0.6716654751491262,0.4,0.516358953856789,0.6321240463700396,0.7165304007591979,false,1
8649,0.6237341875002173,0.4,0.3102813921206496,0.4682558404882369,0.43649630278322493,false,1
8650,0.36756212541556443,0.09,0.12135497324766005,0.10326015958649645,0.24002971286357763,false,3
8651,0.39915755996681146,0.23,0.20325200622661652,0.28387303935049085,0.41106174587671984,false,4
8652,0.6994956389676907,0.65,0.6776294389128912,0.7410056684590686,0.7404005278510768,false,2
8653,0.27162962035118227,0.14,0.28783560731270863,0.23066062156174486,0.28221607163316415,false,1
8654,0.439520218859385,0.1,0.25724115810131565,0.3523422319111603,0.3922624665851977,false,2
8655,0.3936301075211948,0.228,0.26497246680907555,0.3921754656379432,0.3753336728690636,false,2
8656,0.3908019071865946,0.29,0.044152951227241055,0.2558096278428731,0.24200269389108914,false,5
8657,0.27599077157824864,0.02,0.052624292367725964,0.1839260180880504,0.1788246397983582,false,1
8658,0.6997248636773015,0.83,0.8745147915472664,0.8751582063945306,0.740275424824242,false,4
8661,0.3675641287441753,0.12,0.2312060938176612,0.2791553859006448,0.3203879391272076,false,1
8662,0.3920459735501674,0.15,0.13135884503463724,0.2714538983543249,0.346690896157069,false,4
8663,0.42228287619506755,0.06,0.3909690658185491,0.4012793542620946,0.45429220218994254,false,5
8664,0.26147908668057135,0.9,0.4809334244592274,0.5592464700169801,0.2638457622686655,false,3
8665,0.3343890523271351,0.01,0.1168782377182123,0.2172957550991601,0.248511831015541,false,2
8666,0.26128297268479267,0.08,0.11089531732055533,0.11630289939248918,0.23729782985767908,false,4
8667,0.27929807088834807,0.11,0.25275905442427016,0.3294600913394191,0.2619286449872527,false,3
8668,0.4025910891651341,0.32,0.41702017322634527,0.42379919949333666,0.4380333918474829,false,2
8670,0.3334929569961929,0.12,0.23415727659952731,0.22479284676638261,0.26376887694879814,false,5
8671,0.2977552769601638,0.0275,0.2590206345924948,0.1561282300032336,0.2512295011205439,false,3
8672,0.4374603083195823,0.43,0.3192976584594849,0.42258058644553126,0.40649597053606246,false,4
8673,0.45405483625359605,0.3,0.3617764852710819,0.4230601857275367,0.47135970861066495,false,3
8674,0.45908644466292137,0.11,0.2911291192009456,0.33937086871734273,0.3421635612664259,false,2
8675,0.6801884906023702,0.78,0.8747019734538632,0.7614937283409994,0.7392296323514088,false,2
8676,0.3680501357016881,0.32,0.24576521336974044,0.2593177453538467,0.29085788112204286,false,1
8677,0.3789986165573949,0.2,0.26249125522699374,0.2968479962093759,0.3015968276035293,false,1
8678,0.45908644466292137,0.11,0.2911291192009456,0.33937086871734273,0.3421635612664259,false,2
8679,0.27766704171474627,0.15,0.11676332007884425,0.23465789901487472,0.2556333745299557,false,2
8680,0.31192787762654633,0.03,0.1696703972130967,0.2347127018047639,0.26418694059003467,false,5
8681,0.3826540606339758,0.41,0.5014333024373477,0.39113436899644044,0.40158991096245444,false,5
8682,0.37923245390846655,0.72,0.27328726054850416,0.27735581767446726,0.2728191115201445,false,5
8683,0.4239673273739672,0.34,0.37467315183464417,0.4586640047214021,0.4614094872720426,false,5
8684,0.39840939225889205,0.34,0.23236754184985398,0.41152906416253116,0.383610479781242,false,2
8685,0.42982861256346094,0.24,0.4216670720038051,0.3618260838403189,0.47350927451580893,false,3
8686,0.3995714504933176,0.155,0.3997285762547185,0.3201551102621151,0.32572983088064267,false,4
8687,0.293093433263175,0.01,0.08468044481956691,0.07555693917570211,0.21203413542227934,false,3
8688,0.2956329053166903,0.12,0.13659708585492866,0.20116328075263418,0.24500915099408016,false,1
8689,0.40184123706611086,0.26216666666666666,0.3291743086592277,0.40135251933514643,0.3479773082342084,false,4
8691,0.356017242928574,0.1,0.13962993498850962,0.32660277560599704,0.36474632341767294,false,1
8692,0.4281582185407772,0.46,0.5235449233224151,0.5263239831929598,0.5292447056912399,false,5
8693,0.29056405151732934,0.37,0.3116724408188916,0.2984194778663098,0.2664323763714987,false,5
8694,0.3750812256181353,0.1,0.183833129071369,0.21172848725825935,0.2128523716967214,false,2
8695,0.3263284495035304,0.12,0.10796307877565389,0.18002162804472135,0.20000360115163013,false,2
8699,0.7401164782310662,0.82,0.821207123872555,0.7700822360878974,0.7885181300956787,false,2
8702,0.44042301979282844,0.28,0.22430700596995068,0.35966352978160876,0.39476913416779935,false,1
8703,0.41286693242727174,0.32,0.08620663294389758,0.32119570146566273,0.2536355465821125,false,4
8704,0.3972450636987911,0.18,0.36843568095777374,0.3061985230369904,0.3745122304936334,false,4
8705,0.4494037862854548,0.21,0.34367028699064417,0.4738260442600318,0.5007607121147875,false,1
8706,0.36292986265653665,0.12,0.25623172211925527,0.34684163756194203,0.41267700524034917,false,1
8711,0.4358133260105736,0.55,0.5466840762259524,0.5748893749686149,0.4124207778821511,false,4
8712,0.4071808704421697,0.19,0.5100648702363515,0.3021247288526026,0.48524855192978855,false,4
8713,0.39220369601618893,0.29,0.4258941959605247,0.3497190951763615,0.3376031661633092,false,3
8714,0.23702099970832535,0.6726666666666666,0.32984139579106037,0.5257969227764253,0.28575288834524587,false,4
8715,0.3641292871108438,0.04,0.130955430488763,0.24071493718801848,0.24301381008912787,false,2
8717,0.2812686579483871,0.01,0.05486827435005158,0.012311688311688312,0.16763363662950612,false,4
8718,0.34885612690114703,0.02,0.22070231889635444,0.2565927063575966,0.2900020066511006,false,5
8719,0.436897831533535,0.42,0.617653462457479,0.5131013087069672,0.5415499796103782,false,3
8720,0.3405713873993705,0.29,0.513936408405342,0.41522169913389506,0.4275483257610923,false,2
8721,0.428264195180975,0.13,0.1792842348578578,0.25158573517277366,0.36073055964786643,false,1
8722,0.3446208014096013,0.07,0.12596762016561527,0.26249886943885115,0.2592132464547128,false,5
8723,0.41679665164977353,0.21,0.22169732424279845,0.2593710650822981,0.28803748369730164,false,4
8724,0.31035112017376093,0.06,0.07045282003071353,0.1487728589795875,0.21235210759265255,false,2
8727,0.7283590874763687,0.54,0.5981816130337643,0.6365160089371552,0.7438114070905667,false,4
8729,0.3824480508923496,0.03,0.278418235873842,0.1704384722254789,0.3132040847461321,false,3
8734,0.498410469991817,0.28,0.47492614855035076,0.4645787057746525,0.5500639926420678,false,4
8736,0.5079080922832576,0.23,0.3752642430663302,0.38800326647801225,0.5654322979708913,false,3
8737,0.4035926063904458,0.28,0.30439631923047705,0.3754479189744865,0.399263461235383,false,1
8739,0.3152697030516638,0.22,0.39577309654196347,0.392757986940667,0.3536242419413354,false,1
8740,0.3163725255957838,0.09,0.11714235354415319,0.12440321181226756,0.30091070895057215,false,4
8742,0.6319262823262137,0.67,0.7204848473669822,0.6993509661094897,0.7287412827265227,false,5
8743,0.39660262205443075,0.28,0.3935074271442336,0.4142852484546756,0.6253960602199546,false,4
8746,0.43522231331261313,0.07,0.2920933402944643,0.3767009158138104,0.42408366073467235,false,2
8747,0.3961816529045609,0.3,0.42300735388384286,0.3151491826719386,0.3698891483567204,false,5
8748,0.4319055712044782,0.22,0.297517672646845,0.3899734786580922,0.36029079816490517,false,2
8749,0.38647826779163175,0.3,0.22179411614196237,0.2635970953650338,0.23772581469331147,false,3
8750,0.4794443577282079,0.17,0.3309745137235587,0.1541471036560046,0.41763019522971245,false,4
8751,0.6959024751077096,0.56,0.7864670620830259,0.7328729195375656,0.6586692924383365,false,1
8752,0.2950356443387192,0.91,0.4390004947716332,0.40084193629701986,0.28404784877068234,false,1
8753,0.3727251459478776,0.26,0.40100519736933227,0.38847467369246963,0.44463669587283133,false,5
8754,0.5950900564968189,0.48,0.5818919324033257,0.5855675797674339,0.6245628097233099,false,5
8755,0.7563237315832516,0.73,0.6243700439578616,0.7357195646411896,0.7167636225894491,false,5
8756,0.33248013965431794,0.11,0.1810079168630559,0.24607242206027002,0.24696507300662093,false,2
8757,0.33372204108008374,0.14,0.2404298146175993,0.22330689048078592,0.26813986990879624,false,5
8758,0.38264189704808454,0.31,0.34255388062786696,0.29502479387853153,0.32953184071043856,false,5
8759,0.38264189704808454,0.31,0.34255388062786696,0.29502479387853153,0.32953184071043856,false,5
8760,0.3333511349271671,0.15,0.22415161061340122,0.24099036196413037,0.28409105957464675,false,4
8761,0.31819903600883415,0.3,0.19440129325590874,0.3414206027265816,0.2175730254295192,false,3
8762,0.2801416974097412,0.19,0.3696041945968913,0.2672853678614127,0.3079517806328147,false,4
8765,0.2817802906707502,0.3575,0.465511778190923,0.3284835386850423,0.3505050150557928,false,1
8766,0.4725688155286162,0.33,0.5747036569528131,0.4164277802977775,0.5749756654376718,false,4
8767,0.32586089765920223,0.3,0.18352704957823476,0.30421816947179253,0.3655652803277957,false,2
8768,0.509045373571062,0.47,0.41981953487754403,0.4557762830928887,0.5430151372036404,false,4
8769,0.433065475960574,0.21,0.2150131849904763,0.3393092692257673,0.3291681985008292,false,5
8770,0.4147808034759033,0.51,0.6007185073367113,0.5559493359095634,0.4960717378162813,false,3
8771,0.41155916122768144,0.12,0.14803542410227266,0.15432090069373355,0.25082255606624465,false,4
8772,0.401184866028487,0.26,0.3237327692057829,0.2707700157084058,0.41635788211618463,false,4
8773,0.34686786982584766,0.13,0.24957565447551094,0.174179218324631,0.2321997409632754,false,1
8774,0.34686786982584766,0.13,0.24957565447551094,0.174179218324631,0.2321997409632754,false,1
8775,0.26601095558852106,0.16,0.2966412528338436,0.23247393398672275,0.25847311007899826,false,2
8777,0.3970950639824312,0.55,0.4079569019630921,0.47049379167774263,0.4361747401348908,false,5
8778,0.6398676684742914,0.46,0.47031121052519886,0.5979874144460227,0.6390778626724253,false,1
8781,0.24923444455239543,0.5809047619047619,0.38298876831529144,0.40546643580661595,0.31218510582638537,false,3
8782,0.3638039518706186,0.04,0.05092816365362114,0.1625057438311721,0.2242647084001918,false,1
8784,0.2644633637078373,0.13,0.3378310427777618,0.2562801140208261,0.302933371782765,false,4
8785,0.3482472719352796,0.37,0.33578952309387944,0.2994150423230078,0.24991913295332857,false,5
8787,0.373529575799678,0.33,0.3804075601609282,0.4193347559310267,0.3858516893734243,false,1
8788,0.4202087486202374,0.21,0.32696720772900667,0.3019630394293642,0.35538105789415636,false,1
8789,0.37524630860189806,0.19,0.4180448774555455,0.3930250290066092,0.48171731439304066,false,2
8790,0.3174782491253523,0.31,0.2297432448641615,0.3654402052966821,0.45671044845529374,false,1
8794,0.5048378223972002,0.38,0.594792283434458,0.5751294025611395,0.6298812373215029,false,4
8795,0.2673194062036728,0.23250000000000004,0.23299390871633427,0.18057211050355496,0.2701093976130939,false,5
8799,0.3826299667936142,0.53,0.35259682080233273,0.3684937835181099,0.37834069144133864,false,5
8801,0.3152873580167544,0.17,0.11948245145825796,0.18789977137833788,0.2167400462013123,false,1
8802,0.35330450946106134,0.72,0.3860824648673218,0.4193702108470386,0.2620508729468867,false,3
8804,0.3648134828598195,0.19,0.33172869872390554,0.38010945908986976,0.4010264955414061,false,2
8805,0.3273207241889144,0.0,0.16998449487624945,0.03554638296486123,0.27181015075469894,false,4
8806,0.3965712279130739,0.09,0.16348636599109373,0.29693772918868017,0.3454241050078356,false,2
8809,0.3313888416079105,0.21,0.19963205938384518,0.30393597023536273,0.26112742473134615,false,4
8811,0.37367183652392616,0.13,0.28897339382686205,0.2370603799038564,0.3591741160357023,false,4
8812,0.35551571372954627,0.09,0.43755949857128623,0.2986812318526639,0.3355464974995567,false,2
8813,0.5099370978883313,0.28,0.41390946326375816,0.3651754738002447,0.31089435568331547,false,2
8814,0.5099370978883313,0.28,0.41390946326375816,0.3651754738002447,0.31089435568331547,false,2
8815,0.33843822245347055,0.13,0.2556856571558936,0.20351666127350312,0.2431958594802748,false,3
8816,0.33658783975661927,0.08,0.16728563053342008,0.23333790906944532,0.24411343656918577,false,5
8819,0.34546650257549444,0.28,0.273675618922616,0.2863347543361616,0.33841983988613256,false,2
8820,0.6234554534061659,0.74,0.8204501772709902,0.8047735014994355,0.7044379791304481,false,4
8821,0.5142434216792376,0.31,0.30129912532397013,0.4216191457357613,0.560624882679515,false,3
8822,0.24291492133713619,0.1,0.20120179264839358,0.1934891636867171,0.20909153526759708,false,5
8823,0.3342222531506509,0.22,0.1714387886288785,0.29721488262060475,0.3437840350819849,false,1
8824,0.3445559658538859,0.09,0.20909451889793662,0.26301532868460575,0.30421359003746334,false,5
8825,0.31230588225959693,0.12,0.2568881049824494,0.2539387534136568,0.22874456213339175,false,5
8826,0.2861529235926998,0.0,0.107237461642995,0.17913843355049028,0.23182437024586716,false,2
8828,0.43184487395224386,0.54,0.1813596640606951,0.3659082960619637,0.3918292108295439,false,1
8829,0.39157786046951065,0.15,0.3710422736562756,0.3358506663845923,0.3925972495109481,false,3
8832,0.3811347847469964,0.28,0.46147240778067944,0.4937047528381084,0.4667289537022584,false,1
8834,0.22533367750600533,0.11,0.07582277331129572,0.190535948712802,0.19330807386361443,false,1
8835,0.2347177513277515,0.04,0.307194890601955,0.2500697721905789,0.27188772045966025,false,2
8836,0.3807144219200186,0.31,0.3351884452393627,0.3732364801774169,0.3879051419379971,false,1
8837,0.26425141383202416,0.06,0.16510526799124284,0.24838758750098386,0.252370228546515,false,2
8838,0.3604415175805885,0.1,0.1692910516219647,0.14870719214196443,0.2617762543626558,false,3
8840,0.3420115116432723,0.54,0.36450400299447705,0.33811517128810115,0.3729241958780529,false,5
8841,0.3589757013456478,0.09,0.3309381521863898,0.17960835618304866,0.386325583882967,false,3
8842,0.31834830895240285,0.11,0.11377902642949295,0.11884848949757103,0.19621667921543007,false,3
8843,0.3396047706826452,0.16,0.38207977464684006,0.36084279898054006,0.36239835729887054,false,1
8844,0.36827382866177516,0.25,0.22627292713090447,0.24756508366103597,0.2544958092379541,false,2
8846,0.2570790907212069,0.32,0.11331375124751747,0.23917798662748552,0.27930079216258463,false,2
8848,0.5359082082699939,0.52,0.4161411364429562,0.5783687341737709,0.5367082120936425,false,2
8850,0.358574917450175,0.27,0.2911475581556982,0.35793730927623524,0.3079330904503565,false,4
8851,0.5825329666878439,0.6,0.7019729254299697,0.5959068079986525,0.646735259394826,false,4
8852,0.2908374560214596,0.01,0.13321667133788562,0.13714154112536567,0.21479602573592413,false,3
8854,0.3083742051097533,0.8,0.2491673264693345,0.36915724394380045,0.25387382977224937,false,3
8856,0.27709102315979767,0.72,0.4767557970400425,0.5394077825506279,0.28932221339183767,false,4
8857,0.3556401360034441,0.04,0.13562525686666393,0.2316162009108295,0.2660125512795138,false,1
8858,0.3809791799336799,0.3,0.281666467735009,0.28771779565888095,0.31429194282149947,false,2
8859,0.3517287486546555,0.13,0.1213996401433209,0.15782259249752087,0.2283575560543874,false,3
8860,0.3573980312620325,0.08,0.12946474943029887,0.0966458530504583,0.26149231722860944,false,4
8861,0.3657033702070756,0.26,0.16435845139421662,0.2903478467912355,0.2842027349126363,false,1
8862,0.39336261611742973,0.38,0.5707249062662754,0.5340306263647786,0.5450298606744082,false,1
8863,0.3288737531217259,0.18,0.25526917705340896,0.26554410206230034,0.2738173380004958,false,5
8864,0.4962913703943539,0.21,0.27375275417743533,0.4228311376918412,0.4656225037804271,false,1
8865,0.261374457619588,0.28,0.2525035719095826,0.2843586680519342,0.28932221339183767,false,4
8866,0.46958820932724094,0.3,0.47527197727665343,0.402274818780159,0.5002048443254666,false,2
8868,0.3767498529013291,0.13,0.2773432319448679,0.2777379242402005,0.31501011691281716,false,1
8869,0.39937570551453594,0.34,0.4772106586353939,0.3486645616053626,0.36807132968495343,false,2
8870,0.287903990441242,0.18,0.2938090533088623,0.24026400371923606,0.24602227954526704,false,2
8872,0.38414317148012944,0.23,0.17294067191513438,0.22347691605673886,0.25112780233099946,false,1
8873,0.4037628572417056,0.27,0.393781027964494,0.3507860911357196,0.5133887357990414,false,3
8874,0.2991912814650823,0.03,0.062263126508784496,0.20675674952391762,0.2436354914592417,false,2
8875,0.4269572585693923,0.09,0.32068279790188026,0.29617133509407767,0.35527730839679156,false,5
8876,0.4234840774331125,0.17,0.12037246471516219,0.20031198757367552,0.23747897038160493,false,3
8877,0.27072212930005435,0.15,0.19526983853679622,0.2069423112140507,0.2484406527088471,false,2
8878,0.8442485308595361,0.53,0.6126725580143948,0.5473794290088996,0.5668360578123459,false,2
8879,0.3134023237095987,0.11,0.26758665813298055,0.2676547619755084,0.2756172012026475,false,5
8880,0.36489695032146535,0.08,0.3921018825761124,0.35558125888764763,0.3842665310114069,false,4
8882,0.3685887613783846,0.11,0.1684857614720882,0.20802143597553077,0.3268830374537818,false,1
8883,0.36489695032146535,0.08,0.3921018825761124,0.35558125888764763,0.3842665310114069,false,4
8885,0.3972952268376088,0.13,0.08876496821126165,0.13086134313182363,0.2761719356426639,false,4
8886,0.4181269070317493,0.17,0.257632297921812,0.18733748424833224,0.33296345034649616,false,4
8887,0.4434242269882256,0.44,0.2609627423579112,0.4074771480592662,0.4077268613672576,false,5
8889,0.21318470874847095,0.5371666666666666,0.43769136702801076,0.29179761133088467,0.28483446749081875,false,1
8890,0.48129831885935187,0.69,0.7072949571399891,0.6807746365218081,0.6296567645034398,false,1
8891,0.33301308093935544,0.24,0.4134822853283043,0.20183365558721458,0.2306719301175054,false,1
8894,0.38446076658307343,0.04,0.10105243907030019,0.042510692540387744,0.20937439929479879,false,3
8896,0.4943127076767643,0.31,0.4971402459221289,0.3823975679670696,0.5070107439022947,false,2
8897,0.4211976416523697,0.3,0.39690668694723963,0.3874171853947274,0.4092095575347416,false,5
8898,0.4618161537632118,0.23,0.34730303086295156,0.4498123300702913,0.47345545379997217,false,1
8899,0.4180710105858891,0.45,0.5121646430086811,0.4799095324747825,0.4682401449265546,false,5
8900,0.4878548969748928,0.38,0.6613774862991538,0.4661688694572085,0.5347290598279316,false,3
8901,0.6455733561724839,0.56,0.8044747251474333,0.6742814933002008,0.6966694194057963,false,1
8906,0.30941063661534157,0.24,0.27357735980498055,0.21542163812166934,0.2626161535215294,false,1
8908,0.45005031828792796,0.32,0.3398841538602415,0.46586442259376376,0.4493427380354209,false,1
8909,0.5289845695472473,0.21,0.350563100236984,0.4476858391605957,0.545954810979246,false,2
8910,0.3819812595569391,0.04,0.12149860165316803,0.08100112618862619,0.252268373985069,false,4
8911,0.5730550630915973,0.45,0.4629699470787376,0.487086735526137,0.6371884878420384,false,4
8912,0.4366352802321053,0.12,0.28023939141652415,0.19429276607895019,0.4267859293889268,false,4
8914,0.5198591699754985,0.19,0.20831431760690908,0.34019166604878565,0.39074806463616685,false,2
8915,0.46368589029851504,0.12,0.20030198507657582,0.3092278017217804,0.37429834632666253,false,1
8916,0.37906464469526274,0.33,0.45815151981413704,0.4196301486480192,0.4193068007244433,false,1
8918,0.5305602469958074,0.40666666666666673,0.5099015813819293,0.4777510955776257,0.5720349804342398,false,3
8919,0.4500281148678357,0.23,0.267245608333827,0.25970833595127524,0.37537916791061804,false,2
8920,0.43079235383921555,0.22,0.47160496961145,0.41685508236883545,0.44189225057648845,false,2
8921,0.49432459786514166,0.18,0.13397235404913088,0.30747962624710096,0.3674686341523922,false,2
8923,0.4019663379269992,0.11,0.40536579688434227,0.45714043599764254,0.4704333843900981,false,1
8924,0.4140077640441979,0.31,0.37152899091172675,0.43654210967057755,0.4648771930449711,false,1
8925,0.415244141351972,0.24,0.32902195506570137,0.39535775615161384,0.40178445665531193,false,3
8926,0.36490398635750726,0.1,0.2528999672866343,0.3126617176338482,0.33563901480480485,false,5
8927,0.4347824723127938,0.13,0.09601358510822058,0.15896769306115283,0.2475163012197694,false,4
8928,0.4413433041166661,0.19,0.21931670021153507,0.3432535262270384,0.31709250521588617,false,2
8929,0.27956657509484945,0.146,0.17372122530669,0.24408895091883084,0.26273797563128465,false,2
8930,0.3304005897783177,0.23,0.2186755777376005,0.3140894599086914,0.3399845533600264,false,5
8931,0.30508603879498153,0.06,0.12950552658457598,0.12382292868131203,0.24888900677627604,false,3
8933,0.41180465229071966,0.19,0.31306136607743457,0.27288280509663443,0.3866380673081161,false,4
8934,0.48020180987463806,0.54,0.6801170387619629,0.6010394125119815,0.5652492256781202,false,4
8935,0.37141763666825783,0.19,0.24008601292524556,0.33966762395498273,0.39860273935920915,false,3
8936,0.35534446312666057,0.1,0.17195390151593534,0.24794172698902506,0.27754201300317927,false,5
8937,0.39145546971010925,0.26,0.3790437864151817,0.3708232267142468,0.3604408140548412,false,3
8938,0.39145546971010925,0.26,0.3790437864151817,0.3708232267142468,0.3604408140548412,false,3
8945,0.2812686579483871,0.01,0.05486827435005158,0.012311688311688312,0.16763363662950612,false,4
8947,0.23214563141973482,0.02,0.11839364855850269,0.10867796874320733,0.30514575491264734,false,3
8949,0.3316472233570036,0.14,0.17598430356899314,0.13400914148630869,0.24303203944374416,false,4
8950,0.37973616864893983,0.22,0.32848412003152905,0.31328096462137045,0.3761752894786797,false,4
8951,0.3798748535132765,0.19,0.20176998889787515,0.27959140400792876,0.3425717948112626,false,4
8953,0.4757981148596591,0.38,0.4045226676975528,0.466655115481872,0.4880222974828219,false,1
8954,0.4714393775647092,0.25666666666666665,0.5194808795878985,0.4539863352215925,0.5803530469540363,false,1
8957,0.38561961752102225,0.32,0.525693320030648,0.4044581800619485,0.4970373808119199,false,2
8958,0.41135001038064334,0.14,0.22590347232811037,0.31777074449302956,0.384521254926651,false,2
8959,0.3196000714062991,0.25,0.17950471482162964,0.2448316639689496,0.26040115570739564,false,3
8960,0.2738733990901693,0.77,0.4341501933437652,0.31173185901596473,0.2946543527883022,false,2
8961,0.46754646504435443,0.26,0.4131821495750722,0.41412226701542076,0.4951140168391061,false,3
8963,0.27342116066477823,0.6075,0.524356814391813,0.27768188213232026,0.3227507351792598,false,2
8964,0.5620650544165793,0.29,0.3485467095758758,0.5063807549781685,0.5544829056556736,false,5
8965,0.4485931731170182,0.17,0.28761603232774746,0.2924201072505304,0.37713955508819613,false,2
8966,0.49432459786514166,0.18,0.13397235404913088,0.30747962624710096,0.3674686341523922,false,2
8968,0.41297432287809793,0.16,0.24447219165012063,0.30870716286164734,0.3886106735178368,false,3
8969,0.4197105640420885,0.15,0.3462597055877421,0.3359105599311226,0.3886106735178368,false,3
8970,0.41630196883268183,0.09,0.2945949595854992,0.3094849665760538,0.3886106735178368,false,3
8971,0.6621510537961467,0.44,0.5114870406803651,0.5600524063784207,0.6416459185524416,false,2
8972,0.44164257514930894,0.23,0.38743979656144206,0.3569347437843485,0.4125704855880073,false,3
8973,0.6242220361719021,0.4,0.5233664449445063,0.5105325519077759,0.4701994308494448,false,3
8974,0.33218032051326674,0.26,0.26466411642529,0.28853695365856646,0.28221607163316415,false,1
8975,0.2509169622006226,0.07,0.1049452130999293,0.1228505618294024,0.21347708114917566,false,3
8977,0.36452934313777574,0.36,0.2346076212714488,0.30171301291676716,0.3166926203342409,false,1
8978,0.4046940366914962,0.36,0.30510080545635604,0.3620525794685414,0.3955821918350309,false,3
8979,0.5353020453854691,0.36,0.3328132697597519,0.4996493510268787,0.5653314076140322,false,1
8980,0.30492968147597094,0.02,0.10637346522646252,0.17034313775346624,0.20758031396623522,false,5
8981,0.2693844881148473,0.07,0.05796129223061808,0.04071724255276887,0.21881076390073398,false,4
8982,0.24856662623033254,0.085,0.055939593725571744,0.16884392330776724,0.21090713179851045,false,3
8983,0.21541330561756183,0.01,0.07998348257170858,0.05434019730269729,0.21457762963225818,false,4
8984,0.40308631193781574,0.28,0.43836899518168027,0.39353679805910774,0.39553495258370114,false,2
8985,0.45611393435409264,0.58,0.5241565851635495,0.48052755689501686,0.5053791341872942,false,5
8986,0.32105359667106137,0.02,0.16745992406473217,0.19454048337825428,0.24880262155905533,false,1
8987,0.4193839496521329,0.18,0.3550679188176055,0.42017646407767034,0.4517033859953858,false,1
8988,0.45474009933461723,0.4,0.5318787253439945,0.5115053598072445,0.49796385193551934,false,3
8989,0.3096291293746243,0.04,0.11288165918163286,0.21807884412354336,0.23163929549371945,false,2
8990,0.46742532971861817,0.24,0.43748676699063355,0.4346482975415873,0.4559281347867318,false,4
8991,0.531229836609953,0.36,0.4491218451108231,0.5076094506995431,0.5936270899435118,false,3
8992,0.24466514153417096,0.04,0.06022706432805779,0.20183474626420453,0.24442829919008344,false,2
8993,0.3828437773106948,0.1,0.1034446146916628,0.09246357808857807,0.21834117978082176,false,4
8995,0.484371906943868,0.46,0.27127512447240126,0.4922386897514037,0.5339788714552614,false,3
9000,0.4899520648609731,0.27666666666666667,0.34057512489738445,0.4433889701795484,0.5172876583869161,false,1
9001,0.5009592365693264,0.5,0.4388088263934228,0.5257448288548509,0.5106168402859741,false,4
9002,0.2807791114749041,0.02,0.1207128036638632,0.17102352065453424,0.23693461306082486,false,5
9003,0.27080247885213404,0.3,0.41001822723927933,0.3035492634945034,0.25008652216458993,false,4
9004,0.7443522098150498,0.47,0.7573866967086197,0.7204990977634084,0.7848053065176458,false,1
9005,0.48131678341376216,0.48,0.5632498306205764,0.573144842102696,0.5892727500997149,false,5
9006,0.4625873281007001,0.38,0.5009749636327868,0.46949296228637033,0.49674287842784104,false,3
9008,0.5304919047741948,0.45,0.5163565903490924,0.45832161864156257,0.5936033918500568,false,4
9009,0.4412753756214609,0.33,0.5458744519153246,0.4523363764970739,0.4191574485678769,false,2
9012,0.3445520250953918,0.02,0.12109332628324534,0.09989091534265074,0.2283575560543874,false,3
9014,0.38030341141439217,0.27,0.38316932374440227,0.2107436270944398,0.3317689611084128,false,4
9015,0.2620614264456989,0.16,0.07836393142416292,0.22096410962285082,0.2717638552897897,false,5
9017,0.3847603682612821,0.21,0.2193294663363323,0.2886431887917974,0.296146408785721,false,4
9018,0.34197047785142226,0.08,0.09720008177962784,0.21843430671298802,0.2226115342461245,false,5
9019,0.3296066019166696,0.18,0.18548225616991737,0.19153506976633802,0.23830083456579773,false,1
9021,0.47559960138862656,0.28,0.2611276717728447,0.4242781228673425,0.40558676648842473,false,2
9022,0.3329618695063134,0.12,0.16351517906726407,0.25911097206991124,0.26081466140496834,false,5
9023,0.41526009098987127,0.13,0.31102505502835326,0.40287801468647105,0.45056126349087794,false,1
9027,0.3439840590294478,0.07,0.1389084246870319,0.23285958830093176,0.25574377320316644,false,5
9028,0.45611393435409264,0.58,0.5241565851635495,0.48052755689501686,0.5053791341872942,false,5
9029,0.5029576715587629,0.275,0.21746065328639347,0.4143043550792729,0.41767272075551765,false,5
9030,0.3191716072553262,0.12,0.21407677350384322,0.19394081886405531,0.22734734294614173,false,1
9031,0.39631293139339274,0.17,0.22263517506987768,0.19696099236049103,0.26811019953730497,false,4
9032,0.2998466275145185,0.09,0.18624018741801177,0.24232462774631774,0.2511429192118496,false,2
9033,0.3890946699523119,0.76,0.6142959649524843,0.5212330627025682,0.526774686840438,false,2
9034,0.3463382379943115,0.05,0.0687180453498586,0.10326107810318338,0.2200197919910911,false,4
9035,0.3200388736409164,0.13,0.2256288165630824,0.2526786719206679,0.25859727060301835,false,5
9037,0.312059889541336,0.13,0.2071102174364862,0.23165494560227995,0.24068959982831306,false,3
9039,0.37395491604464864,0.13,0.5381011819051589,0.5031615248981715,0.4675212079333814,false,1
9043,0.29828983101120743,0.49,0.18213823485581287,0.34552614761492983,0.2414736891333972,false,4
9044,0.3613054800316849,0.29,0.24123533101729586,0.3567043708599643,0.3484310414838548,false,1
9045,0.39660262205443075,0.28,0.3935074271442336,0.4142852484546756,0.6253960602199546,false,4
9046,0.3336754235537399,0.15,0.2980787139650253,0.17983515172048453,0.3610926376919626,false,4
9049,0.34238002888500574,0.17,0.27255512637711665,0.25740847462449484,0.2916186253312958,false,3
9050,0.44158392898143195,0.35,0.3341804760440025,0.38940344369443614,0.4731662396510727,false,2
9051,0.231156654776566,0.04583333333333334,0.3326808178292506,0.17933449360443704,0.2783445170020807,false,3
9052,0.29575188115749346,0.09,0.10676219369284415,0.19315001955754874,0.22881669024745263,false,1
9053,0.3765273075692753,0.29,0.3034569092415521,0.26150328863868855,0.34516632893794813,false,3
9054,0.3911344610254383,0.83,0.34362946244512405,0.4597966893796665,0.33012549510884664,false,4
9056,0.6164866978985188,0.44,0.46704670792990194,0.5624491062331816,0.6177405657634402,false,5
9057,0.40856446706062244,0.44,0.6503900186246762,0.4694581323365824,0.48339528268460974,false,2
9058,0.32309284190971965,0.17,0.2842302722028662,0.1315848852944441,0.264284804974819,false,4
9059,0.32305944783760726,0.04,0.0634935239699595,0.050225442857795795,0.18956546714824402,false,4
9061,0.3699543380378887,0.33,0.297139034197689,0.445764114236104,0.45251708239828503,false,1
9063,0.42371583994805934,0.37,0.41618386318249045,0.43433486220409756,0.5165875742465845,false,4
9064,0.42410663820341504,0.19,0.3482267645803476,0.4267755269957025,0.4502741319647726,false,5
9065,0.38541675618266996,0.38,0.34008466803539295,0.37484491377569124,0.5040181528696058,false,5
9067,0.27767357658274394,0.18,0.3191637243943354,0.2515918371275036,0.28221607163316415,false,1
9068,0.27767357658274394,0.18,0.3191637243943354,0.2515918371275036,0.28221607163316415,false,1
9069,0.28249542823492857,0.14,0.24848540448634707,0.24901085684251303,0.2820386503294533,false,3
9071,0.596687655045258,0.58,0.6059161415158966,0.5878905134918991,0.5901082821970315,false,5
9073,0.455402132723103,0.35,0.26337207631218973,0.4005904887480696,0.43391346227171446,false,2
9074,0.3374320117689662,0.26,0.19698811247882594,0.2977737816305376,0.26160629567136556,false,5
9075,0.38256074011481017,0.17,0.262651035642741,0.26218386000158644,0.3565421814021649,false,3
9076,0.46786917636890785,0.38,0.4381268063340879,0.4123017577806675,0.4808069368066299,false,3
9077,0.6443065189061822,0.46,0.6946504440631722,0.6002030615153441,0.6556848797167162,false,3
9078,0.3895239521811964,0.25,0.37157643731788914,0.2950050727939743,0.46654682791118585,false,4
9079,0.34568787867461476,0.28,0.3914101449811579,0.26537183626618815,0.29612311586962337,false,1
9080,0.3606247956333726,0.09,0.09748200637832272,0.12478191160755805,0.2132420790019368,false,3
9081,0.4203423570809335,0.25,0.2522201976293171,0.29658889282849754,0.31950677630822893,false,2
9086,0.48620807972649066,0.36,0.4258922293819925,0.5182627409084222,0.4810969373763684,false,1
9087,0.329641900854791,0.19,0.35122770804054143,0.26927527837684445,0.3369355691210951,false,5
9088,0.4731309141828906,0.25,0.46990529128240693,0.4278572430097915,0.45903291403014607,false,2
9089,0.6654030255645487,0.48,0.6382944882093153,0.7217092796947463,0.7315448272110648,false,2
9090,0.46619840403235285,0.41,0.47418191258001857,0.4380428168044236,0.48203775535777377,false,2
9091,0.4635007068077546,0.12,0.28808394098738377,0.3448329794132659,0.36619495481969355,false,1
9092,0.42604704392945897,0.21,0.45408606367974585,0.4027097503707693,0.44207350651130406,false,2
9093,0.4337658738925006,0.52,0.507720960054881,0.4236644618570753,0.436673150225663,false,1
9094,0.5088678854139904,0.13,0.21461101694333748,0.36238975688479164,0.3632913177256268,false,2
9095,0.4428508386799686,0.29,0.30132077328518664,0.3770037266778711,0.36144257670436,false,2
9096,0.5524914829539793,0.44,0.6562916473914985,0.4594648001373556,0.5647476251438158,false,2
9097,0.3487255309750986,0.13,0.1902215036508513,0.17780281617354593,0.22982753391808708,false,3
9098,0.4103568989793065,0.13,0.2394048136609161,0.24655235249244442,0.2557405711313489,false,5
9099,0.30270450569488516,0.04,0.08178711566381477,0.0779789939592571,0.23762198812720484,false,4
9100,0.3717818317615468,0.42,0.22709605707740016,0.3660030496333582,0.28500949056441005,false,4
9101,0.3310997483628091,0.13,0.3629134891149217,0.28141630376518423,0.33841983988613256,false,2
9102,0.3310997483628091,0.13,0.3629134891149217,0.28141630376518423,0.33841983988613256,false,2
9103,0.5135251619097007,0.33,0.439916512337819,0.40273804758012743,0.5693012538900789,false,4
9107,0.343395470483835,0.22,0.2042917612354282,0.3048002131083473,0.28939224052707824,false,5
9108,0.33616773259500105,0.15,0.19889661914539625,0.2858972248697539,0.34112196864471456,false,2
9109,0.31772629722225854,0.06,0.12740042070979046,0.22992273630425,0.24190616989162547,false,1
9112,0.613589317811783,0.29,0.39937667517011427,0.5326165357270917,0.5999132977554519,false,5
9113,0.8255003201769323,0.72,0.4612556814825757,0.7340180990819835,0.7463718725101289,false,2
9114,0.5550864903340085,0.38,0.3521426397271499,0.5475581339825338,0.5051217548136231,false,5
9115,0.4073900062420893,0.22,0.30128608443597926,0.32008724666003274,0.42416103578554143,false,3
9117,0.43837317352511673,0.1,0.11780951059176818,0.25327606200712965,0.2784220128309076,false,2
9118,0.32447331692497383,0.1,0.20834389069932027,0.2126225893286023,0.2341631518534872,false,2
9119,0.30862249410611114,0.1,0.09464840376857377,0.2001207599394731,0.23696492692379742,false,1
9121,0.3257760973461966,0.17,0.3002046353009264,0.14308817891344985,0.28158012757202777,false,4
9122,0.3381724072723795,0.3,0.1157964253672756,0.32082999782900656,0.45547293005017553,false,5
9123,0.2620301775553497,0.03,0.23237397933556853,0.2564121404971271,0.27666690130055144,false,5
9124,0.4597858924298744,0.27399999999999997,0.51573015464683,0.4611243692020355,0.4781139549287505,false,1
9125,0.2488173051808445,0.275,0.1566264213639329,0.1553373175027587,0.19387875664497084,false,4
9126,0.3803706971402026,0.23,0.34519461297371445,0.34154554907429335,0.36031633208581787,false,5
9127,0.36684544605236075,0.18,0.11129659903680789,0.1832397385385625,0.23109114757102703,false,3
9128,0.29273815475005605,0.19,0.2650116239941818,0.21214148653677614,0.24814449323046764,false,2
9129,0.5667272510520152,0.28,0.2077071905929267,0.42145617399806024,0.4171057077349638,false,1
9130,0.2989726851281957,0.18,0.3650479191574101,0.2282772679878569,0.2599670331481862,false,5
9131,0.35668901735497527,0.14,0.09286917000789637,0.26489759249049283,0.23126267846983847,false,2
9132,0.4541341902949348,0.52,0.607258642680832,0.5941360179459053,0.6011782432220057,false,4
9133,0.33267359495580895,0.23,0.3766271207068325,0.28663683857655686,0.3010278773461613,false,5
9138,0.5110295348923675,0.24,0.43959850018857693,0.48151121430025695,0.5236508498297139,false,5
9139,0.5270969370455041,0.42,0.2823287996298394,0.53952842203089,0.5050177799882852,false,1
9140,0.3587820324162753,0.12,0.38407310061983335,0.25726058696588905,0.3346605172064252,false,5
9141,0.3621112472772664,0.2,0.3453917202803323,0.3528308646808149,0.37662911478975086,false,5
9142,0.3192119272506385,0.19,0.27108110776198113,0.30094750251426694,0.2883168344950985,false,5
9143,0.35034935257039035,0.27,0.23976482184246525,0.334985420143922,0.3079571932418103,false,3
9144,0.33104101055796176,0.16,0.27126534531191704,0.2934361283628329,0.2984433516630518,false,4
9146,0.4872124724526354,0.45,0.5633167354622796,0.6375249859247784,0.6097909224102631,false,1
9147,0.47285544378947847,0.21,0.186566822931623,0.3978945189549151,0.4087865969384602,false,5
9148,0.4461851961925315,0.19,0.32418267122111566,0.3912808241542872,0.4273448815627238,false,5
9149,0.47285544378947847,0.21,0.186566822931623,0.3978945189549151,0.4087865969384602,false,5
9150,0.3786646284244408,0.19,0.2260583484200733,0.30258873123672614,0.3595948478880076,false,1
9153,0.4757532071570854,0.27,0.45513028271589445,0.44408553888192065,0.5318219520358727,false,2
9156,0.4801058196957616,0.34,0.5669978799199525,0.48162443082279294,0.5175086667720137,false,3
9158,0.36479850264088776,0.29,0.16136186582209877,0.2572283998464053,0.24833568838838285,false,4
9159,0.34611711798702327,0.02,0.09663812975063343,0.09637616172101601,0.2236585532042725,false,3
9163,0.347486446452449,0.03,0.1049401490150726,0.09526540136799146,0.22491091508826552,false,3
9164,0.47660828806308286,0.36,0.5859755698790057,0.41782091021173307,0.6146442759956656,false,4
9165,0.46832857986821996,0.11,0.3490584126186401,0.46224948828068074,0.47355879311466914,false,5
9166,0.4898332106042752,0.2,0.27614439646071315,0.40394919931796397,0.39017519653219324,false,2
9167,0.2778490826606292,0.03,0.05613294737776901,0.17756102427269152,0.232964952791223,false,5
9168,0.23275266198530212,0.863,0.5399113940662931,0.4859617189441105,0.3247645482327203,false,4
9169,0.2474823459166653,0.3901666666666667,0.1693280698742354,0.30604632032377777,0.24576733761624614,false,3
9171,0.35115513766605394,0.13,0.28042598392394613,0.23384196274417626,0.36321046272990154,false,3
9172,0.23551167670066822,0.44833333333333336,0.12673906510607982,0.2612390861290481,0.2703257617547057,false,2
9174,0.3553374661070514,0.5923809523809525,0.3338836562766545,0.3152239815766581,0.33292576743938995,false,2
9175,0.37225509672965246,0.18,0.162784785469873,0.2000863854712539,0.32167100316076025,false,4
9177,0.4043598958478412,0.15,0.1749207589780197,0.14283412420912417,0.2833818933908771,false,4
9178,0.39982611586366157,0.31,0.3536577049866914,0.37040618381446555,0.48411027250347444,false,4
9181,0.32024646689773334,0.14,0.29084713412214086,0.2865682204689224,0.33841983988613256,false,2
9182,0.2915137096722592,0.09,0.07655229062748727,0.194129543146936,0.21036124855306562,false,1
9184,0.41583908073490006,0.32,0.459220307315825,0.4705216063874904,0.44281491283703595,false,1
9185,0.4150146501082739,0.34,0.37842526649428165,0.5379237809118127,0.5695365461367083,false,1
9187,0.5401748153406386,0.21,0.161195221290837,0.4631949802905308,0.5514959368933596,false,5
9188,0.4042095045114842,0.36,0.30630804569743636,0.4099947790503532,0.41058578538135043,false,1
9189,0.6649593895473918,0.48,0.7075633915555364,0.6014153742805557,0.7467647403593214,false,3
9190,0.6042598214201567,0.59,0.6999553255906228,0.6975035867736962,0.6728575728547584,false,3
9204,0.44530309672338275,0.37,0.3457127538953809,0.5065622324139983,0.4532241335404625,false,3
9205,0.35065879553557094,0.28,0.5564762579851316,0.4744416459572724,0.4248076146071408,false,1
9206,0.4242504997035456,0.26,0.20636971914824015,0.3551770907031462,0.37096868003763855,false,2
9207,0.46176419753849196,0.35,0.5265885156823301,0.4159946765023641,0.530414725449402,false,1
9208,0.4101036348575872,0.16,0.2273540612859044,0.2714053285445963,0.3204485440568993,false,3
9209,0.3393618877614595,0.59,0.33447482962408387,0.47138272166512984,0.3946547936992285,false,3
9210,0.39705604711950254,0.05,0.11930701119533324,0.08686153214453919,0.230761210782075,false,3
9212,0.3775034751826494,0.08,0.13410573106934442,0.28034755433666286,0.28418961878988674,false,2
9213,0.5518315445103196,0.5,0.7086960714062879,0.6669092306801264,0.6318148687460893,false,1
9214,0.5428745512052522,0.4,0.44936032396526915,0.5307330685983107,0.47562384314189926,false,1
9216,0.3198646418130143,0.12,0.2252586889249076,0.13863655861682175,0.2626452594533764,false,4
9217,0.5310908011252982,0.45,0.513568562315261,0.4712040383793979,0.551246689235168,false,3
9218,0.5812813103292651,0.38,0.676176028812521,0.4818208771086441,0.6449244881252575,false,5
9219,0.33293032170672654,0.31,0.28056916075015403,0.2802034619107117,0.3186112904882256,false,5
9220,0.30270930658439055,0.01,0.1930518061866917,0.22019806313842222,0.28221607163316415,false,1
9221,0.4296659641727251,0.17,0.30123630614183494,0.32909820230806014,0.3848891722702294,false,2
9222,0.28756710445840683,0.01,0.08966335007012165,0.17890212028882174,0.23182437024586716,false,2
9224,0.27624137763982864,0.08,0.01820376543807441,0.24023536550264982,0.15683480742325148,false,2
9225,0.3747726087019752,0.5,0.555664348536228,0.5014979891859199,0.42472071996962574,false,1
9226,0.34756022665535097,0.02,0.0757377861504941,0.18706437242944443,0.1952989661861693,false,2
9227,0.2347177513277515,0.04,0.307194890601955,0.2500697721905789,0.27188772045966025,false,2
9228,0.4864627398827003,0.29,0.16573315509653072,0.35109432910289184,0.41717970126677895,false,2
9229,0.40146242476067695,0.12,0.47330710642870905,0.36585863464003765,0.37660219091545666,false,5
9230,0.32984786353565015,0.14,0.3141409301391766,0.33235264541414916,0.34563912706251765,false,1
9231,0.40827046004244927,0.1,0.10775657946321185,0.2419291284234551,0.23521711979373042,false,1
9234,0.4451841198453721,0.15,0.185104805257085,0.2902271257616885,0.3148507687331813,false,2
9235,0.4992128425414482,0.23,0.37894835961059864,0.4782362691220588,0.5323673077686666,false,5
9236,0.6011046322976983,0.43,0.7023885489921875,0.6199930114582464,0.6676887316191386,false,2
9237,0.5850473219853652,0.66,0.7213915069710891,0.6793192900998872,0.6509629876866948,false,1
9238,0.4811748504139088,0.36,0.4133662216164646,0.3825640552933928,0.4817213824207259,false,3
9239,0.5417548527546944,0.34,0.6171789368614529,0.5347256925419399,0.6137764295610807,false,2
9240,0.4600441682202886,0.26,0.6415307277836071,0.5749567325760645,0.6132695394804245,false,5
9241,0.38423508498321424,0.68,0.3654317970780364,0.38986872817817114,0.3369525566117099,false,1
9242,0.5678677645133564,0.42,0.42667570550766637,0.5626720735154637,0.586682953060804,false,2
9244,0.3849752810659244,0.29,0.40163573238181643,0.5085649433239948,0.37152723855837283,false,4
9245,0.3960217747719508,0.27,0.2818915803346524,0.35899263307607443,0.3283622669026922,false,1
9247,0.29022171751217385,0.2,0.06197448081774263,0.1607593743994,0.1643243830977719,false,4
9248,0.4476234875397527,0.09,0.18746783529282496,0.30702120987960135,0.2929047106274309,false,1
9249,0.6546259482434834,0.56,0.8914847443774013,0.6590297054176362,0.8758901351474723,false,4
9250,0.36404272827368783,0.13,0.05945364648421622,0.19479867678980628,0.20250283686907514,false,1
9251,0.34905229078077593,0.18,0.3154923958766254,0.23251277568842205,0.25315542757334003,false,2
9252,0.37000851263802226,0.14,0.18775579374383508,0.28611837990302363,0.3665431761203557,false,2
9253,0.49265833713592894,0.41,0.5428566517525963,0.4455934694233828,0.5051465114933874,false,5
9254,0.4997763218465915,0.23,0.09061635265594942,0.32735247532295986,0.34222205957537155,false,5
9256,0.5011576575336697,0.38,0.5107148206751202,0.48369851636775346,0.5411528993144029,false,5
9257,0.8333820146606223,0.68,0.8538996172884993,0.7307971101623079,0.823449400348294,false,3
9258,0.3122403178035843,0.06,0.08574619032970353,0.2043101900510376,0.2261700891450779,false,5
9259,0.45380000306773494,0.41,0.3783062393975564,0.4250468123921397,0.46985261344094037,false,3
9261,0.3050451976203061,0.03,0.12565508965950278,0.18555087185468003,0.2523384911433222,false,1
9262,0.5120911893683163,0.48,0.5453882202617688,0.5517882070408641,0.5552826980755389,false,3
9264,0.5528553377615437,0.36,0.36758171916640586,0.5051347968249735,0.5458331919825264,false,5
9266,0.4284019295171711,0.28,0.2812495757162984,0.4643511629771613,0.52325419398022,false,2
9267,0.44739237731548553,0.2,0.34415612716588634,0.32628712110895125,0.41131683911829153,false,3
9268,0.3782038225095337,0.34,0.4607627823266769,0.4737338813935258,0.42718183190047204,false,1
9269,0.48619553903451607,0.37,0.2644215828121259,0.35685464231544545,0.35620131728404025,false,5
9270,0.3039818164663119,0.13,0.2728268389062206,0.26084275597387657,0.29045593475562964,false,1
9271,0.47404881508667873,0.15,0.15842541759137937,0.2824845026834191,0.3411405290160946,false,4
9273,0.450330049991886,0.16,0.3941609597246793,0.41939369548051075,0.4899348643753708,false,1
9275,0.4464065419035562,0.55,0.6350840579223634,0.6063498769889442,0.5502649167417685,false,4
9276,0.46742894800398144,0.3475,0.5218208123602561,0.42947382968526077,0.5311428674910994,false,3
9277,0.5099506642240793,0.55,0.6798216762081775,0.4507325424739498,0.5577866134410729,false,1
9278,0.3521556914810193,0.36,0.5890920030919896,0.37674570678959346,0.4096361496574083,false,1
9279,0.4332600316475533,0.24,0.5741439678094199,0.44366731870949705,0.5317710222982528,false,2
9280,0.45228949580428035,0.3,0.3908208680711574,0.3946642458243973,0.4237174366481813,false,2
9282,0.3858262411548235,0.29,0.33229984046033306,0.3890829869046123,0.33047136942815547,false,2
9283,0.6804252640474151,0.3,0.32927992095472475,0.5973033588606368,0.6440937377832684,false,1
9289,0.23551167670066822,0.44833333333333336,0.12673906510607982,0.2612390861290481,0.2703257617547057,false,2
9292,0.27523038995760996,0.68,0.6288686500831553,0.2512204004002711,0.29279607262365226,false,5
9294,0.2962193307552736,0.07,0.17515932830090072,0.22527557555535271,0.3126966400687924,false,2
9295,0.3519043013887611,0.09,0.16136969060057355,0.21642005401335834,0.23769533880466298,false,5
9296,0.3115340681556396,0.19,0.16167421277648655,0.2430899553353936,0.3295223913808635,false,3
9297,0.3502717740898271,0.04,0.0719638067640156,0.08949764124764124,0.1977094469536853,false,4
9298,0.29983364957556774,0.14,0.18173910392018378,0.21795680343544022,0.26813986990879624,false,5
9299,0.34713411290352675,0.15,0.24461308649423347,0.3061900454201054,0.32584487699115555,false,1
9300,0.38575681430638026,0.24,0.3364804353855944,0.27791170625001177,0.30420922663947514,false,2
9301,0.4292872572935553,0.3,0.3428500395936249,0.31276340582751083,0.36499400328514975,false,1
9302,0.5605329173167649,0.55,0.46096306671865817,0.6357639292828905,0.6358951719451831,false,5
9303,0.5605329173167649,0.55,0.46096306671865817,0.6357639292828905,0.6358951719451831,false,5
9305,0.3257310918104376,0.44,0.529443728112576,0.3570915181674855,0.3171725245937472,false,5
9306,0.4539905169845481,0.38,0.49437540102154376,0.466239263160282,0.4944920912246167,false,2
9307,0.3694750406982714,0.19,0.3735290132892935,0.3393672813741847,0.397941327295781,false,2
9308,0.41647808684318055,0.28,0.24070869736670358,0.27371407958534233,0.2914131216512775,false,1
9309,0.7965875913702086,0.52,0.5365512881594076,0.602053533346648,0.7231469310702036,false,4
9310,0.6996640630080975,0.78,0.839429097564927,0.8154134628595807,0.7728460207094147,false,1
9311,0.39980363858929974,0.11,0.04941495857952065,0.1920856018981019,0.32478925248199614,false,4
9312,0.8742214642971611,0.74,0.7613740477757889,0.6765874685284651,0.7524427958556835,false,5
9313,0.4733591444567303,0.18,0.2812790004020073,0.41053402270045697,0.5607669595731007,false,5
9314,0.35851781520304804,0.1,0.11754046229417672,0.2891723755494536,0.27040826939368656,false,1
9315,0.6872088754189084,0.62,0.7680146510041764,0.6455925742083912,0.716331050325668,false,5
9316,0.6382572114878525,0.58,0.7641097592254474,0.683600049530812,0.7272968486798118,false,2
9317,0.33951577016850715,0.05,0.09506816605774912,0.06089062897886428,0.2382444819915345,false,4
9318,0.37101333266755837,0.37,0.5473430038610986,0.5016510937819951,0.45499100453266017,false,1
9319,0.605687455405649,0.51,0.6072175321375892,0.5919411568531743,0.6343396870973385,false,2
9321,0.643259513251821,0.68,0.7418727623842883,0.7133044124517542,0.6983295952758298,false,5
9322,0.39069727277439825,0.18,0.3202161048399358,0.328905599625318,0.3480751255345425,false,5
9323,0.4819448692072672,0.19,0.31446053337808505,0.42965450301999647,0.43742542773616033,false,2
9324,0.4262990432898847,0.03,0.23726582358564977,0.30095155132512696,0.34978114672641825,false,1
9328,0.4319837039151581,0.22,0.4363868498682045,0.40961545265378624,0.44749299348811256,false,1
9329,0.3594954886986263,0.09,0.2566408224197305,0.27730550675574983,0.2900133636597289,false,1
9330,0.33951639232335074,0.12,0.16766801539454015,0.23306340876685616,0.2379281914971099,false,2
9331,0.32912059897978874,0.06,0.2675589713222231,0.25983705726128176,0.27841744648289163,false,1
9333,0.4903735987304137,0.26,0.26195305713949335,0.29445383687867643,0.3488572481660668,false,3
9336,0.3508359053307575,0.14,0.24477542271997704,0.2336078511987955,0.2948564132581823,false,4
9337,0.3214245306089345,0.01,0.2673322481433314,0.13638927290030226,0.29132813851129785,false,4
9338,0.3386979507616855,0.09,0.2806768378847767,0.2292467290262977,0.2379281914971099,false,2
9339,0.5208022530215841,0.18,0.32515382464461395,0.3435628373652843,0.4368353520842802,false,1
9340,0.31894870174437745,0.16,0.2053613649933874,0.20262377669265322,0.2613084561496015,false,5
9341,0.3195882545918613,0.14,0.3597189431935124,0.18863314418957003,0.3077216094192557,false,4
9342,0.35735784804765747,0.15,0.31969733637081893,0.26779492002074967,0.294524485705252,false,5
9343,0.34504426593854437,0.06,0.09800207600987376,0.18250724914661606,0.2475839541697243,false,5
9345,0.32994226220113987,0.14,0.16362540156577998,0.3056850020252901,0.28900880454325467,false,4
9347,0.40536135316592753,0.01,0.09020892310662468,0.05177549237364316,0.22385209107309842,false,3
9348,0.3508359053307575,0.14,0.24477542271997704,0.2336078511987955,0.2948564132581823,false,4
9349,0.36930520780230924,0.42,0.41566861607321154,0.518302410376473,0.406330875952796,false,4
9350,0.3823186146532664,0.15,0.2534489425765778,0.2886565762357899,0.31903465048276897,false,2
9351,0.30431845604266744,0.05466666666666667,0.13445471984966312,0.1842852366685007,0.2311312038021234,false,2
9352,0.31533333258533575,0.01,0.1540391025034303,0.21091427372193977,0.2613084561496015,false,5
9355,0.36626963263075923,0.12,0.17276314852560706,0.268129307375105,0.3153788037430112,false,2
9356,0.34000872903620366,0.12,0.14193253296524977,0.2464834032379085,0.2379281914971099,false,2
9357,0.4035972031296596,0.39,0.5300792399980647,0.4850176510457754,0.5231541681156775,false,5
9358,0.41108693799842677,0.41,0.5288633672753871,0.45908913554744113,0.5572536374668826,false,2
9359,0.41689720944119396,0.16,0.1184485333057432,0.1842720604146609,0.25300054224303836,false,1
9360,0.5166197177586728,0.23,0.1726024337026733,0.33527978218313126,0.35824725738759716,false,3
9361,0.3910391519209178,0.35,0.47705308609328334,0.47990791309351977,0.5011792112109897,false,1
9362,0.3205828256640548,0.29,0.2089034744690354,0.1867188514473815,0.2632908406384234,false,4
9363,0.45916105772946164,0.38,0.4942173099949024,0.4588258946628532,0.4805567500845203,false,1
9364,0.3961131784908029,0.33,0.4828473616384539,0.3739418107423836,0.4155873012372244,false,2
9365,0.38531168951821015,0.28,0.2110452599351345,0.31285497161151715,0.37802935019316947,false,4
9366,0.35359841045093765,0.29,0.28171197659583463,0.2764740874833879,0.30504641585956754,false,3
9370,0.35278891064182294,0.28,0.24331037570569494,0.32007033204174157,0.33403607008752173,false,1
9371,0.529611943435834,0.38,0.29588553844590393,0.4723684225804018,0.4658702489096248,false,1
9373,0.44023136264474455,0.3,0.18656048923034513,0.3379344249839016,0.3345474999909145,false,4
9374,0.42370091724113695,0.12,0.12951688743282844,0.19266039844505603,0.2733000356957011,false,1
9375,0.43182493173191816,0.04,0.07024617557275858,0.17939107514924885,0.26967305514765755,false,1
9376,0.3020378412939608,0.28,0.29903793287009806,0.40282213567792036,0.29946511951667815,false,4
9378,0.4940615371734963,0.44,0.4987758269591369,0.5212693621962459,0.5459829609242989,false,5
9379,0.3953259549569145,0.09,0.1567018207859365,0.23938609894550933,0.2720508032393388,false,5
9380,0.4837162915707005,0.23,0.1631596239277386,0.41357109696833616,0.43219392054158307,false,2
9384,0.44331295849514946,0.38,0.4660105765687983,0.38687669385352513,0.4131811168249602,false,5
9388,0.344472890633598,0.2,0.3874649443677048,0.30507128739423645,0.3407751495658554,false,4
9389,0.4856262490447938,0.2771666666666667,0.36863774043937864,0.3361906737600855,0.4944354634276131,false,3
9390,0.5163811247028038,0.41,0.4812419164332516,0.5891526721661466,0.5764058060674306,false,5
9392,0.6385027452076124,0.54,0.6814064687330156,0.5806586104050838,0.679663606447259,false,3
9393,0.6359993364145512,0.55,0.7723043987396988,0.571413669143899,0.6448059110443537,false,5
9394,0.3577810818974245,0.38,0.18610650668320183,0.3087186076124665,0.296462407234735,false,3
9395,0.4021377166795799,0.24,0.26534546409257503,0.1549248229840335,0.2998494678446615,false,4
9396,0.43084630333383755,0.12,0.1263493933917453,0.20861187756051852,0.27225877966120804,false,1
9397,0.728338904703503,0.69,0.8042943508351982,0.7402736047157731,0.8021326611727826,false,5
9398,0.5179319222938463,0.41666666666666674,0.37235207584988717,0.454639251565124,0.4958318109101406,false,3
9399,0.5077987765812778,0.42,0.4173915406404823,0.417928369017227,0.5217284762743586,false,4
9400,0.3042314534663464,0.08,0.16696743864457825,0.1804806941026457,0.2311312038021234,false,2
9401,0.3042314534663464,0.08,0.16696743864457825,0.1804806941026457,0.2311312038021234,false,2
9402,0.6624873216673102,0.76,0.8993035373996243,0.7541297635389249,0.7319030333364807,false,3
9403,0.32970495449875087,0.17,0.2546929174011221,0.24187115946355062,0.2570255968775158,false,3
9404,0.4830857249501785,0.425,0.48056408269038003,0.34050916398441317,0.4155257126123554,false,4
9405,0.48680721329313686,0.30714285714285716,0.37840719682098994,0.3624438354074101,0.47055104751824145,false,4
9406,0.2881745330342089,0.67,0.4517294988287781,0.5213249619529257,0.29350444878343507,false,3
9407,0.3459266263159201,0.14,0.2142088235010219,0.21706239944869124,0.2979260379922774,false,2
9408,0.918970210393632,0.65,0.8206783714604831,0.7432077279232161,0.7776078849928099,false,4
9409,0.8876986868912575,0.55,0.825452422190364,0.7106128783672243,0.7423164993073946,false,2
9410,0.44054376057072353,0.42,0.6020683267014693,0.6313435499292531,0.6033016884986078,false,1
9411,0.7013318502135248,0.63,0.6303075100312394,0.6885797619159493,0.7368879004522116,false,2
9412,0.560019957174916,0.19,0.27511885534954394,0.4938612239156515,0.4899594665103099,false,2
9413,0.5702413605653658,0.35,0.5094814276758016,0.502828223193761,0.5575904239789997,false,3
9414,0.8255409535020919,0.48,0.7690010950168397,0.7004798735319501,0.7290127105890372,false,2
9415,0.6726960698277257,0.26,0.3369696043466266,0.5170889844944998,0.41656891212999725,false,5
9416,0.7615304782912297,0.64,0.8283892821051114,0.727281642658011,0.7239274134263215,false,2
9417,0.35650832901374785,0.31,0.18547657899351447,0.3579190649693104,0.3998395558918076,false,3
9418,0.4575656097107098,0.44,0.5562183004036507,0.5688151895561223,0.5919665872462161,false,3
9420,0.6946683767748794,0.89,0.8811766813341888,0.7423747374562852,0.7260990519846477,false,2
9421,0.5426435639239902,0.34,0.5896936721915489,0.4937322378218464,0.5418733089125285,false,1
9422,0.5330238303325666,0.44,0.5482560198078769,0.5207860613960935,0.5588715283520997,false,2
9423,0.6089664456141362,0.5,0.6603973046153516,0.6280942616629355,0.6982681531093092,false,3
9424,0.7533525215733177,0.36,0.2668217505966881,0.3664263800999481,0.5711997341304613,false,4
9425,0.655572496901811,0.32,0.5587238212986269,0.5027680465387574,0.6414398631378126,false,4
9426,0.7725376092505571,0.5,0.7426569936129503,0.7003528535824982,0.7037008507464283,false,1
9427,0.9979640025224635,0.37,0.3810183624215631,0.48059974717573484,0.7001410943352013,false,5
9428,0.5738647464972203,0.31,0.4478012631048089,0.4460305113289481,0.5671326822043943,false,2
9429,0.4327542050193583,0.18,0.335287047949812,0.345883722637012,0.46082153457555664,false,4
9430,0.5152288946082763,0.3,0.5515752429590135,0.5978949710761301,0.5321727935876509,false,1
9431,0.416045253876567,0.12,0.11430981081197551,0.24858781339569294,0.26997863115779275,false,5
9432,0.4327542050193583,0.18,0.335287047949812,0.345883722637012,0.46082153457555664,false,4
9433,0.6561819937615937,0.64,0.8693809468564527,0.7331095219895128,0.7001833927126717,false,1
9434,0.4599346550982248,0.2,0.3333267259585445,0.36224351274711464,0.4636819466720444,false,1
9435,0.39545337231698985,0.46,0.5477557631949836,0.46413790597498683,0.49184291563038063,false,4
9437,0.6188572266141636,0.44,0.5297456887934252,0.6124885417894004,0.6317939044285911,false,5
9438,0.6000010790936113,0.42,0.25497880804037565,0.5367057448068142,0.6166042492206718,false,2
9439,0.6267937954312304,0.53,0.6960145329592408,0.6657767012111967,0.6978667100528841,false,3
9440,0.502738408068968,0.25,0.2713308824672542,0.4181661509374369,0.4970994169122952,false,1
9441,0.5756631737195593,0.66,0.9082573263589729,0.7543040730757846,0.7217470337860323,false,4
9442,0.4206475884191254,0.22,0.39602526287062934,0.3731588452695189,0.42147186422814287,false,1
9443,0.39121988428458204,0.29,0.4262500053591971,0.33792037381810813,0.42506763316185453,false,4
9444,0.5469737023431692,0.34,0.5744430141649937,0.6050042652973002,0.6128213410861291,false,1
9445,0.4843937531640363,0.38,0.3436922110824274,0.42798026455570726,0.5265830577598624,false,3
9446,0.36596268445689406,0.15,0.138848499941502,0.3126927663544042,0.30326488398116136,false,2
9447,0.5063437831841338,0.51,0.5505917466347966,0.4852614953025826,0.7089607531905942,false,2
9448,0.8897331847834947,0.5,0.3469494473357435,0.5865679657835245,0.7613820347625077,false,4
9449,0.6513965301081843,0.23,0.19253038894673866,0.49692300791739874,0.5008984238456659,false,2
9450,0.656744860670983,0.31,0.2820810843063135,0.49539238052742696,0.5404661255007871,false,2
9451,0.956550941154031,0.73,0.7860134918610886,0.6936283577645515,0.7711483403869508,false,3
9452,0.4061270349752194,0.25,0.5722336718300224,0.4915607129765403,0.544928478981725,false,2
9453,0.5181123373170992,0.33,0.49144740301145406,0.47637564542028393,0.5678647466960686,false,3
9454,0.450299023953812,0.44,0.48545249999819046,0.47482662293060857,0.4547210741130934,false,2
9455,0.3526450949014063,0.16,0.4687761975596492,0.3062352262989536,0.34444424870966417,false,2
9457,0.33866746587948504,0.12,0.2234729377107314,0.3151984853076953,0.34286825149407213,false,1
9458,0.5881342454612392,0.3,0.5648003978845316,0.523149329844985,0.6268654878261208,false,2
9459,0.2952256761452338,0.16,0.15073606505124865,0.30402863484003273,0.2994328593185539,false,3
9460,0.458510425174989,0.39,0.39854804281438494,0.4535931829126321,0.5128853581304493,false,3
9461,0.2963677681024583,0.05,0.3412479816432549,0.29253452317779627,0.33738240951920345,false,1
9462,0.43193201521368446,0.3,0.5194994181491381,0.3347789762252374,0.5201390623436492,false,4
9463,0.45614752710179896,0.3,0.3770275659244921,0.40388155887370275,0.5350834066777536,false,4
9464,0.37158372488425984,0.13,0.09928066134340767,0.28736682604550684,0.3110808892240835,false,1
9465,0.5468403272618431,0.345,0.6951916761234264,0.4625160101791817,0.5610212032998587,false,3
9466,0.2517677331122766,0.07,0.022898965414580905,0.19320789239810804,0.16503107606688736,false,5
9467,0.24378472044585084,0.05,0.1374551233451564,0.22441628965635763,0.2026299079037512,false,5
9468,0.24437740223107188,0.6231111111111111,0.4511932929634713,0.28933522580724885,0.26033983376584924,false,2
9469,0.4397836509091633,0.1,0.0886607319400764,0.3037194168357385,0.30194655514844426,false,1
9470,0.6722676799032662,0.53,0.8006520107497218,0.5900784540021382,0.6716812884279402,false,4
9471,0.4312870386129313,0.41,0.5993531093382273,0.46319974612623105,0.5318221379410601,false,2
9472,0.4662276767279115,0.14,0.5069472311998021,0.24487390052328117,0.5142372009350883,false,4
9473,0.36561147528609805,0.22,0.16501430881629586,0.22704164030619467,0.39398140187077896,false,4
9474,0.44205627066214487,0.27,0.2722548020708491,0.2752072555042793,0.5107876646336085,false,4
9475,0.4218637931881645,0.24,0.3394036033191062,0.371674931458913,0.35751055248993674,false,4
9476,0.35457921576795665,0.5478333333333334,0.2900686123487055,0.30198500376824416,0.32419085468521613,false,2
9477,0.3018808988019243,0.13,0.15353904749307437,0.19363410963710517,0.2430376720348467,false,2
9478,0.36793975961980674,0.11,0.24303750403267016,0.33221975374430107,0.36153538841367505,false,5
9479,0.2561847207441244,0.31,0.11331375124751747,0.23879794818097833,0.27930079216258463,false,2
9481,0.8307948299611823,0.89,0.8051348136758415,0.7983186680726664,0.8046055558983471,false,1
9482,0.5102350129896348,0.21,0.33100403331406525,0.298224588281142,0.42673106269997224,false,4
9483,0.2079658023097374,0.11,0.17956027357255402,0.19907380352454318,0.1811244274955697,false,5
9484,0.40080661805801276,0.5,0.39700897118708345,0.37027416101700156,0.47747639012408555,false,4
9485,0.5317223668989286,0.27,0.38541215856411665,0.3777761093581983,0.5533248262600624,false,3
9486,0.3316547131028116,0.16,0.14266880248886216,0.27687818579897283,0.3139329726296808,false,5
9487,0.3441812078860697,0.09,0.3335304798371384,0.24390884962670828,0.33242416568326755,false,3
9488,0.5030981877433888,0.21,0.29710369414805005,0.39273510134506834,0.4215394055518292,false,1
9489,0.49469851364136824,0.3,0.5264511544191661,0.5202936235658785,0.5614297675413126,false,5
9490,0.6455251164024043,0.71,0.38273667875394085,0.5962165016793788,0.5908106679204392,false,1
9491,0.44073370780162124,0.56,0.5848305343487751,0.4773613253881763,0.5463204141789534,false,3
9492,0.42973928106013676,0.47,0.5767185889987206,0.5023016719976924,0.5152163865660042,false,4
9493,0.44073370780162124,0.56,0.5848305343487751,0.4773613253881763,0.5463204141789534,false,3
9494,0.4267800529573234,0.16,0.375748562349519,0.40694906041109524,0.44264041580008007,false,2
9495,0.49616499938563313,0.22,0.32243234429909423,0.4680883459735231,0.5047540298407462,false,2
9496,0.3125533631103253,0.21,0.17809128697506893,0.35657969044619053,0.39387283932494505,false,1
9497,0.39513405750766506,0.05,0.3048987801543292,0.24714564067432931,0.4172219848132396,false,3
9499,0.5262122736526113,0.25,0.28050870245099335,0.47190687005990306,0.4625179685597577,false,2
9500,0.383113917539016,0.14,0.28158735099382265,0.38395548571740595,0.4726869021016174,false,2
9504,0.9054381087380343,0.91,0.8814808278745556,0.8808879197263608,0.861799387933242,false,2
9505,0.45810035523867493,0.2,0.10756953785028445,0.2585592500736851,0.4079392117778007,false,4
9506,0.7602368367943501,0.65,0.8011460175671619,0.7606014009137216,0.7009477000448923,false,1
9507,0.5812109927320575,0.41,0.5692209619110643,0.5717310007761539,0.635736383520494,false,1
9508,0.5132648883096412,0.41,0.4796793580585117,0.42813717041360155,0.5733947945625781,false,3
9509,0.549692466648881,0.19,0.21729408479279877,0.3189558120136438,0.4485825996534978,false,3
9510,0.5057922557387637,0.62,0.680739822630996,0.6940950624630317,0.5887266719090016,false,1
9513,0.47233646167998206,0.53,0.6482733889046495,0.5995545312675588,0.5684378298866126,false,3
9515,0.36381636598051903,0.2,0.35630878030159074,0.29664833520844935,0.46630865854895837,false,4
9519,0.5340023535505437,0.56,0.41197650079102255,0.5870202753718629,0.5582453925962044,false,2
9520,0.3213242002428083,0.33,0.2703591906034579,0.3638843080145044,0.3327461838776716,false,3
9521,0.38531168951821015,0.28,0.2110452599351345,0.31285497161151715,0.37802935019316947,false,4
9522,0.6569952181929768,0.54,0.6343611674029024,0.5667736864248508,0.7337679789123551,false,4
9523,0.5764803375029696,0.7,0.6438269812658765,0.6464460034030859,0.6283961707087509,false,2
9524,0.533364256809966,0.3,0.27088843491981607,0.34152420264758354,0.4345141503085284,false,1
9525,0.4994058174253092,0.22,0.2397106391954399,0.3062290953323983,0.3702795328582341,false,4
9526,0.5958156379640865,0.5,0.5675333483224757,0.6177569622699345,0.639721818257989,false,2
9527,0.8231666857843414,0.69,0.8240807039035178,0.7625235330118175,0.7774047025731339,false,5
9528,0.5472816200519394,0.33,0.43245585494352184,0.533567687333631,0.5715942027062199,false,1
9529,0.45367587080717553,0.15,0.1395888482933983,0.23089933719531242,0.44735116643978884,false,4
9530,0.5630156618667643,0.35,0.32550243272707235,0.48097693555761817,0.5999684177592957,false,5
9532,0.571345893007072,0.56,0.5666667306108863,0.6131974275286197,0.5925855676248198,false,2
9533,0.513449997897884,0.06,0.3173273046226091,0.3003777985714555,0.45703674796006893,false,3
9534,0.50340239601157,0.18,0.30237337502608086,0.3994041773460754,0.4275721566503853,false,2
9535,0.419063836970578,0.19,0.291540599137989,0.3633180349798713,0.36951730063051996,false,2
9536,0.38387930030715106,0.39,0.42516892265750444,0.38309566699992254,0.41023732141029706,false,3
9537,0.28841193961993683,0.26,0.412367750865441,0.3114077876839522,0.2991060902790456,false,3
9538,0.48643046111298743,0.42,0.5541286788119354,0.5412254947940623,0.570425033953335,false,2
9539,0.5496714537616886,0.4,0.3880268448319681,0.4969723574046029,0.6728164674369356,false,3
9541,0.7085238617527778,0.6,0.892691408038863,0.6594279797419645,0.7615073637143108,false,2
9542,0.3722022410172832,0.27,0.16321328330963883,0.28347918786020765,0.3227197435496818,false,1
9543,0.4824649858741823,0.49,0.5380034625668285,0.5931389455138639,0.5450903727617336,false,3
9545,0.3697058410079298,0.24,0.29218446509103246,0.3574081364610337,0.3364811896599816,false,2
9547,0.3826740974238995,0.35,0.35766520912780053,0.2921060647168299,0.36780567597395947,false,4
9548,0.2079658023097374,0.11,0.17956027357255402,0.19907380352454318,0.1811244274955697,false,5
9549,0.49020439941636845,0.72,0.7128795808297522,0.6445268510868215,0.5778497868342982,false,1
9550,0.4384591955121386,0.36,0.3763844146741638,0.39348605582154333,0.480679791635294,false,4
9551,0.4402123025890094,0.23,0.46264598096326126,0.36010221154027805,0.4410580605488967,false,3
9552,0.4384591955121386,0.36,0.3763844146741638,0.39348605582154333,0.480679791635294,false,4
9553,0.513912950440914,0.35,0.45408382764924937,0.5074481183700263,0.5952217194822961,false,2
9554,0.7556362748794683,0.71,0.8198964982544845,0.71759003863491,0.6702171399390993,false,5
9555,0.6240396059963568,0.48,0.4711669286529611,0.5927563434396286,0.6997405400011909,false,3
9556,0.5007618043567876,0.42,0.4474509537174931,0.552462750765374,0.5801358939824008,false,1
9557,0.5498015172145101,0.38,0.34018551707728567,0.5211245721152267,0.5330154333211775,false,5
9558,0.5481730342378462,0.66,0.7541411184315108,0.7310662454169402,0.6287565189505747,false,4
9559,0.37974794947529944,0.32,0.5048491888570812,0.42933404213700527,0.5034384748437442,false,5
9560,0.4653864346691729,0.11,0.41699825647418515,0.3783943320550389,0.45056126349087794,false,1
9561,0.47524441669247486,0.41,0.46464180278058803,0.46395041985697394,0.5226810509920857,false,4
9562,0.4463304922284528,0.15,0.5139287638966761,0.21711562437166484,0.46795170786524526,false,4
9563,0.4444372005644838,0.16,0.41158624916409164,0.4168207267137054,0.42446625626197415,false,5
9564,0.35382464774705774,0.3,0.3369953332476479,0.36083910137401504,0.38333754328536407,false,4
9565,0.9158907612312307,0.88,0.9453566740198105,0.8872666520430852,0.8118270003484933,false,4
9566,0.6662498690418374,0.51,0.6494241709015955,0.5133989763842822,0.5974810282066378,false,3
9567,0.3683529623118997,0.22,0.12926586332656545,0.2454600194619168,0.27360389947582775,false,1
9568,0.31533333258533575,0.01,0.1540391025034303,0.21091427372193977,0.2613084561496015,false,5
9569,0.3782011540449509,0.23,0.347915500566501,0.24943432960316417,0.32336350445981726,false,1
9570,0.4135368324058278,0.16,0.23876382859096654,0.1907693447333948,0.2706605447218785,false,3
9571,0.3782011540449509,0.23,0.347915500566501,0.24943432960316417,0.32336350445981726,false,1
9572,0.4135368324058278,0.16,0.23876382859096654,0.1907693447333948,0.2706605447218785,false,3
9573,0.3256746359607408,0.1,0.2881260225800863,0.21954565752112892,0.248511831015541,false,2
9574,0.34985843497621427,0.24,0.1479144498512398,0.25573065831524916,0.2797066118751471,false,2
9575,0.5930592174012048,0.37,0.24866414499453715,0.42936622356607196,0.5096065573337203,false,4
9576,0.3430280315662423,0.21,0.2648229686923963,0.31642797605958994,0.22449115513517484,false,3
9578,0.364887803323077,0.07,0.1981881122876033,0.13961650005712345,0.2493494014034277,false,3
9580,0.364887803323077,0.07,0.1981881122876033,0.13961650005712345,0.2493494014034277,false,3
9581,0.5483718312991571,0.39,0.2751660498933039,0.5200490150002699,0.5381873874537499,false,4
9582,0.32864320077535936,0.29,0.14009459599447208,0.2785389704249999,0.264024565694565,false,4
9584,0.6235179176796867,0.41,0.6408487840281786,0.6260161996528025,0.6688462081990626,false,2
9585,0.44859795540435454,0.45,0.47845762876887193,0.5123451947785971,0.4841833258221065,false,3
9587,0.3226028495868614,0.11,0.05176398748823907,0.17241568688407857,0.24087470285525756,false,1
9588,0.28093542426666906,0.31,0.3535775808891686,0.2871195877303697,0.26273797563128465,false,2
9589,0.2506592254628398,0.16,0.1483356456106679,0.23621845623342344,0.24895613423078522,false,2
9590,0.3593323079109681,0.03,0.1748325750378659,0.2536510675691294,0.2545747401035787,false,5
9591,0.36410066139230485,0.46,0.5456283294118304,0.4372218720062245,0.49417874180694116,false,5
9592,0.47746251321205446,0.46,0.5279894459535308,0.6156842431164321,0.5841712419024611,false,1
9593,0.40042363505545725,0.18,0.2597755974816754,0.2749910744659428,0.35568734350268405,false,3
9594,0.4272541348503719,0.12,0.23177070330141944,0.215630516621529,0.40939602503376255,false,4
9595,0.8681799971120809,0.7,0.6717876882103475,0.742058168946691,0.7939099976283073,false,3
9596,0.30337877808704,0.21,0.218076360530345,0.22606369327685197,0.2599670331481862,false,5
9597,0.3599656419865267,0.02,0.2160137214142294,0.2127176989305019,0.2731944187383572,false,5
9598,0.5622923683882086,0.41,0.618806495702361,0.6054524503817734,0.6107690549295134,false,1
9599,0.40394402108703886,0.22,0.36743240549418993,0.36282883429870677,0.40267869041083293,false,5
9600,0.30515710052413353,0.13,0.2214791946648336,0.22128042458441172,0.2889304250605816,false,5
9601,0.8612983266885845,0.51,0.5480786949138747,0.6486588055620593,0.7694856326916404,false,3
9602,0.20331871512432764,0.52,0.5731228627210987,0.48653269435850705,0.43790918149202485,false,1
9603,0.3693480234829167,0.29,0.2719919990773414,0.2826301250187715,0.3808850499048052,false,3
9604,0.35520497469435586,0.29,0.3049364766098137,0.25480953908955795,0.26878215396947086,false,2
9605,0.2676508747045644,0.16,0.18294386303482527,0.38149498118798675,0.2966757725699477,false,4
9606,0.2676508747045644,0.16,0.18294386303482527,0.38149498118798675,0.2966757725699477,false,4
9607,0.3027703413059149,0.2,0.3387680336444385,0.26361174780223434,0.29969398482160253,false,4
9608,0.28563850280803676,0.19699999999999998,0.2727635635280635,0.17351094346675114,0.18655249881737226,false,1
9610,0.32053643103992896,0.11,0.2724021386193797,0.21853804795282472,0.26040115570739564,false,3
9611,0.3409653096536087,0.22,0.3495144935584237,0.2991237870082972,0.34580430097934334,false,2
9612,0.2344852150398401,0.02,0.18915991497758908,0.09542406268648561,0.2664969956550249,false,3
9614,0.30842838300989467,0.11,0.14390971182982154,0.29308652969161575,0.32304602838201435,false,1
9616,0.30337877808704,0.21,0.218076360530345,0.22606369327685197,0.2599670331481862,false,5
9617,0.30842838300989467,0.11,0.14390971182982154,0.29308652969161575,0.32304602838201435,false,1
9618,0.39086714142197704,0.35,0.5344807131295667,0.42819703907678863,0.48284736780729354,false,2
9619,0.3477458519932651,0.32,0.4600314256961347,0.36580774381744163,0.3307869746902867,false,3
9620,0.6235117808788756,0.47,0.6643515932915149,0.5404075205021569,0.6189113903388611,false,1
9623,0.365509291909658,0.09,0.12767391983978846,0.23208944343467958,0.23054922670976677,false,2
9625,0.4449705261335327,0.35,0.24301669173988089,0.4314004416559953,0.5243854245962856,false,1
9626,0.590660003100971,0.4,0.3958812340995064,0.6030839373250867,0.594487077063128,false,2
9627,0.5532996359360396,0.69,0.6760153422364672,0.6887076965252088,0.6948440708058501,false,4
9628,0.3620750837596512,0.09,0.12714995478427546,0.174121185821135,0.22693245117515004,false,2
9629,0.5246426401270631,0.59,0.5524899433910794,0.5628142553750102,0.6006360807574341,false,3
9630,0.42714715203146086,0.23,0.19135067293773608,0.38220816931314305,0.373942248961932,false,3
9631,0.304170862454664,0.2,0.13856853917865203,0.2243996175938421,0.25166444834244933,false,5
9632,0.5069746318303856,0.61,0.5860997317054126,0.5514692137482196,0.5734935660188559,false,2
9633,0.3691807357806286,0.25,0.2514570159777299,0.29797392233094533,0.3063647059076353,false,5
9634,0.3363524049829564,0.04,0.26368905338203813,0.2542699812140274,0.29602537395986656,false,5
9635,0.3490762553506267,0.33,0.3066932742416166,0.2532132276724786,0.3973326424239143,false,4
9637,0.3748665344105744,0.14,0.39368672992862275,0.39717176405460686,0.3649835035787367,false,1
9638,0.3123259539214373,0.01,0.1409911164356514,0.1495407772852109,0.23631774397600142,false,5
9639,0.3830376344504925,0.07,0.26005283706631777,0.1894674101698095,0.3430603743244665,false,4
9640,0.3236649784965331,0.09,0.17794033723125505,0.12814944978430332,0.22923499287739932,false,3
9641,0.34096346135839173,0.18,0.3114361326258122,0.33849326457118445,0.34764310950486477,false,1
9642,0.3055978244968657,0.17,0.26700036991272263,0.24136055995892292,0.24068959982831306,false,3
9643,0.45742536550124596,0.27,0.2519045880341126,0.4259362072673072,0.47227975159030794,false,2
9644,0.8981308802632383,0.72,0.5018166498602074,0.8001663754557512,0.8141464041348503,false,5
9645,0.4095185312872208,0.18,0.32755964094191176,0.33388595947270294,0.33454462853533173,false,2
9646,0.40439617554927615,0.4,0.2167740638310783,0.46316995782554776,0.4862394327914533,false,4
9647,0.4687962566056696,0.16,0.34132094444140765,0.4144490414188796,0.4324626014030743,false,5
9648,0.34256510988898947,0.23,0.2684833336727483,0.23314539394810804,0.3181668154143097,false,5
9649,0.421074696159364,0.22,0.29659511289531504,0.3289834267310572,0.38040733891498524,false,5
9650,0.356643468876209,0.28,0.2774449930454622,0.30012920382850716,0.4043370031738997,false,4
9651,0.404142336976313,0.37,0.5293098577322858,0.48676824894656995,0.45824923787685157,false,2
9652,0.3667872795435478,0.14,0.17041598634777078,0.19956740130757225,0.3054007132022577,false,3
9653,0.49855086501004275,0.33,0.5420790131321144,0.5545036618506641,0.5810572890156619,false,5
9654,0.40754692835058415,0.43,0.6026903004329338,0.39654234354639717,0.4912310683091345,false,2
9655,0.3955590486991176,0.2,0.6356254801742223,0.4306708441171158,0.48909438467105254,false,1
9656,0.3448335705210598,0.19,0.17685503977305048,0.19371037280694903,0.20962483266604717,false,2
9657,0.34450012437995803,0.06,0.08241946815098442,0.15993728627600945,0.21047646344691764,false,5
9658,0.36138809565949,0.13,0.15540601551882716,0.22807747421825408,0.2519484099604877,false,5
9659,0.4678534930020953,0.3,0.34500018381443914,0.5275935127594058,0.5463873552294176,false,1
9660,0.5149229712076981,0.52,0.6179501703696781,0.5814839896792275,0.5654971370968965,false,3
9661,0.2965844457870129,0.10800000000000001,0.08543955496515317,0.2132000950169412,0.29089082334403676,false,2
9662,0.3810765058664838,0.03,0.16832853994254451,0.23572612175068436,0.2389866962687716,false,5
9663,0.3690622216512685,0.25,0.3054862948697877,0.3485410111047787,0.39457584381148636,false,3
9664,0.4572174043368225,0.28,0.34806443177141283,0.4583850831062721,0.5118052046903232,false,5
9665,0.3678132665599907,0.07,0.045250662886379064,0.18665106895022315,0.2242647084001918,false,1
9667,0.37970654508926516,0.25,0.5594379895560451,0.4658801852430332,0.5724483507339869,false,4
9668,0.42738759168023394,0.16,0.22786585804189763,0.3737389667084809,0.3827367947573122,false,2
9669,0.5037649725905193,0.39,0.704112525030472,0.626898112488474,0.6329494039266906,false,1
9671,0.4902260333358414,0.42,0.5087549038589442,0.428434624035123,0.47106479908636606,false,3
9673,0.4220931973451093,0.16,0.2186405766752667,0.3533610891396517,0.36766873388357785,false,1
9674,0.2894559973481229,0.0,0.13686859150880454,0.10393099774621513,0.24839343157145313,false,4
9675,0.4349221545562467,0.1,0.18826917585670946,0.32439115509131833,0.3809882655126597,false,1
9676,0.4510148562743214,0.21,0.11734535341305893,0.3048867916224001,0.3344955149491811,false,1
9677,0.38459747221105867,0.22,0.36524779567102933,0.3909135406934727,0.43359086520072065,false,5
9678,0.43463465502389576,0.28,0.4371870802732335,0.42226721562365166,0.46245569483311766,false,1
9679,0.31826972109535456,0.1,0.1972636063189331,0.1770364838380247,0.24913177387117746,false,3
9680,0.4171284989608923,0.19,0.19010540960908073,0.26306282285654586,0.39457021534214975,false,3
9681,0.41079954239989586,0.17,0.22450867443111225,0.2778167359824129,0.36891172992772886,false,3
9682,0.41079954239989586,0.17,0.22450867443111225,0.2778167359824129,0.36891172992772886,false,3
9683,0.4049906517085848,0.23,0.39214159847976787,0.34717530105974054,0.36346152166131324,false,5
9684,0.2573785185975276,0.14,0.12671552352690485,0.2314962981784223,0.24609106684041196,false,4
9685,0.4107038666038862,0.27,0.3481500836563598,0.32857174827058444,0.3229937527944633,false,1
9686,0.41840712471860675,0.1,0.32348116805786137,0.3654971891614076,0.38394621632626097,false,2
9687,0.31014547405927606,0.27,0.17347435054747282,0.2077999344760681,0.28667002651297074,false,4
9688,0.3847660089635389,0.18,0.2677185027888454,0.374642857629383,0.4521505998296599,false,2
9689,0.4494061170867224,0.22,0.2992032061829675,0.40050584098834185,0.4179941476639275,false,2
9690,0.37049295234844054,0.12,0.11140093914898626,0.16258920667520413,0.2555805560528093,false,4
9691,0.3724531484454915,0.28,0.5710585906222858,0.4705379429357803,0.4579397022067673,false,3
9692,0.4288675725208628,0.29,0.39480020235297386,0.38618549376101535,0.4397028655462119,false,3
9693,0.43079853011075464,0.31,0.5501907794401267,0.44043162452482393,0.5057997751835048,false,1
9694,0.5796197417660258,0.37,0.36441733483476435,0.5823367113288015,0.48570240309088686,false,1
9695,0.31984883355176746,0.18,0.2772456488979964,0.31901070603530324,0.3476555668520004,false,2
9696,0.43930720046805005,0.49,0.5099559819975261,0.5438758718128147,0.6029528985947692,false,5
9697,0.5916810361625193,0.28,0.2352005171201407,0.3503367630430404,0.5317658681743429,false,3
9698,0.650043718164328,0.39,0.523108052394345,0.5981009868199384,0.6420493597171003,false,5
9699,0.6213268091892991,0.67,0.7457484046774958,0.6138273693379772,0.6613457207520368,false,5
9700,0.597664012544596,0.53,0.7574606799772399,0.6218430783520796,0.7030351881497023,false,5
9701,0.34863732722950475,0.16,0.25731223995798647,0.2531699136714585,0.3470212559623279,false,3
9702,0.43084667613430455,0.18,0.5717110916329315,0.2712441010786598,0.4561604418751209,false,4
9703,0.654039919660593,0.38,0.35380381630441393,0.5858864831110717,0.6578658403972882,false,2
9704,0.49053480227624985,0.54,0.540938066091834,0.5863121053045502,0.6162225119114567,false,3
9705,0.35851806449784684,0.07,0.2150572693476092,0.31679017917602587,0.3278949254771552,false,2
9706,0.36939739183939657,0.24,0.32831807323949413,0.30907659327547127,0.41688620577842384,false,3
9707,0.35934219874925866,0.15,0.09815665774787893,0.3170265177568049,0.3006337384353212,false,2
9708,0.5358424375699734,0.42,0.4362567401307109,0.5545389084242972,0.5935491496945378,false,2
9709,0.3074873793709061,0.1,0.04175486516470311,0.25330543128614635,0.26544347644121746,false,1
9710,0.3074873793709061,0.1,0.04175486516470311,0.25330543128614635,0.26544347644121746,false,1
9711,0.2845243380141845,0.15,0.17634004383473317,0.19558104211342203,0.22805160799153354,false,2
9712,0.2504878932597604,0.0,0.05152527623950965,0.19111421673436993,0.1737429845201162,false,1
9714,0.2951977999965198,0.05,0.12825629819249176,0.20239139669290865,0.23674239788122056,false,2
9715,0.38702364641676024,0.15,0.18974976299432353,0.22024076669212725,0.2808881177771151,false,3
9716,0.44248095257232506,0.13,0.29726532360786456,0.31785133125233656,0.3849625336678869,false,3
9717,0.39488178672797053,0.14,0.3859226298599362,0.27141432380622965,0.4535073536105367,false,3
9718,0.3624175131552274,0.18,0.12991791620362486,0.1546968987988052,0.26863926380453024,false,4
9719,0.2660155762940601,0.1,0.4110522966616814,0.1781953463255752,0.22273066616937928,false,3
9720,0.26922112169417933,0.05,0.10704055763211809,0.12992673172948113,0.23036617981722607,false,4
9721,0.29113893096439747,0.53,0.44295610413612424,0.5744202985885409,0.27898365908698264,false,4
9722,0.2897344444348246,0.08,0.09819016788385743,0.13639246533480273,0.27150293991873015,false,4
9723,0.2816930242172422,0.05,0.16643166164170495,0.1375429880038899,0.23166623745309173,false,3
9724,0.3215348967311237,0.24,0.1989580916735319,0.25481047911671145,0.3080709664593014,false,4
9726,0.2955225716145579,0.18,0.2026962089759605,0.22663228551634124,0.29789362122640334,false,4
9727,0.2660155762940601,0.1,0.4110522966616814,0.1781953463255752,0.22273066616937928,false,3
9729,0.34433354722506654,0.11,0.16725165255685806,0.2237013231559504,0.28061753743878015,false,1
9730,0.28849019827419575,0.09,0.1568782167157824,0.23019881520144128,0.2436354914592417,false,2
9731,0.8852062453948569,0.51,0.8694995511782557,0.6854045581150937,0.7930099411844095,false,3
9732,0.7106444572487491,0.5,0.610099184884191,0.6670867098347649,0.7415515931781439,false,3
9733,0.3723139517215813,0.17,0.301295668293329,0.35747758482461167,0.3845303089933319,false,5
9734,0.6966495332334572,0.7,0.7787670871919297,0.7733873944282851,0.7378260448378089,false,3
9735,0.27929807088834807,0.11,0.25275905442427016,0.3294600913394191,0.2619286449872527,false,3
9737,0.5103887403982404,0.37,0.6447213686053535,0.5387706931434874,0.5598817182986575,false,2
9738,0.46228030759517175,0.49,0.345543089864669,0.6370211668822447,0.5523798317218495,false,3
9739,0.31879122257626313,0.34,0.6259479018648147,0.28671676866364804,0.2721114176463555,false,2
9740,0.30047727720058054,0.21,0.17759115095452574,0.15665031615701117,0.22996025230696276,false,4
9744,0.30107484293909414,0.1,0.1987007150231899,0.2911131798350426,0.30246106196729783,false,1
9746,0.48044473422862766,0.2,0.3429585613396022,0.3383492184947173,0.3575057386627197,false,2
9747,0.47643517109696304,0.3,0.2683175041668848,0.29731567304384643,0.33783137471137165,false,4
9748,0.510122528647182,0.27,0.3360908740022249,0.3747087168307239,0.3706227631455568,false,1
9749,0.4401399181935483,0.24,0.4643629082332431,0.3641258381932006,0.41457870197653074,false,3
9750,0.4350038274027397,0.08,0.26113651648972475,0.3169759384744507,0.33454462853533173,false,2
9751,0.34044567285898286,0.26,0.19167710149831158,0.1912013707555587,0.21159809303418953,false,4
9752,0.37375174380510806,0.21,0.13710764820860838,0.2592945466185149,0.2695459991030099,false,2
9753,0.3924299730056457,0.12,0.13529954515827783,0.1524908234610953,0.2482713478021035,false,3
9754,0.37375174380510806,0.21,0.13710764820860838,0.2592945466185149,0.2695459991030099,false,2
9755,0.46773217812343565,0.31,0.4150240320026965,0.43966909805213805,0.5449312940107066,false,4
9756,0.33943946308291556,0.2,0.30963802147367825,0.28451879575697553,0.2572917691024017,false,2
9757,0.3399473933798846,0.17,0.11506112895152526,0.20789745467036333,0.24506146725013128,false,5
9758,0.35506533643313465,0.12,0.17114855135019968,0.2389044242516827,0.24206638630761237,false,5
9759,0.3399473933798846,0.17,0.11506112895152526,0.20789745467036333,0.24506146725013128,false,5
9760,0.26040812498278326,0.16,0.3088450652013219,0.2776873847589353,0.3317664433101061,false,2
9761,0.2535166460119801,0.11583333333333334,0.40036912739094055,0.2533901868753744,0.27032784460716025,false,5
9762,0.38593234779997204,0.32,0.4753623532697269,0.3849498972704932,0.47306385741142937,false,2
9763,0.3466619134886739,0.11,0.2034153089578027,0.16000898941839353,0.23005330990291117,false,3
9764,0.5837017585842706,0.6,0.6230358627471471,0.6277797632981261,0.6813223504773588,false,1
9765,0.5400619598167148,0.3,0.3158914475051928,0.4894291835318056,0.5358124959281976,false,1
9766,0.5260661320535494,0.22,0.45395150083626995,0.25363113020184774,0.5727625853717995,false,4
9767,0.5338651613831964,0.18,0.270111607511405,0.45155014702611473,0.5083469109170372,false,1
9768,0.5275054366478013,0.23,0.45395150083626995,0.2773369382826558,0.5727625853717995,false,4
9769,0.5329781067386944,0.38,0.3033233949659619,0.42341422432632797,0.5602728007257396,false,3
9770,0.5033038903933965,0.52,0.41836697476236073,0.5401579490521645,0.5487149871330526,false,3
9775,0.33710802565897724,0.25,0.29391767981958405,0.29922859751899156,0.3539907714704283,false,5
9778,0.3045449322417196,0.36,0.3705583280025068,0.34582579324226864,0.26013495007933685,false,3
9780,0.32028469629706585,0.22,0.18096286263617956,0.1242174532339006,0.2769499985618623,false,4
9781,0.36447262186706403,0.16,0.12205955117938418,0.12483005457734561,0.2347378270735704,false,4
9782,0.31870036851054306,0.08,0.14570170166946497,0.1878641681414293,0.24248723038689762,false,3
9783,0.42973934498921484,0.03,0.11232969668236159,0.17005839512880402,0.25300054224303836,false,1
9784,0.32028469629706585,0.22,0.18096286263617956,0.1242174532339006,0.2769499985618623,false,4
9785,0.4688623819700141,0.42,0.4957938029329598,0.5065564319240319,0.5173246384347515,false,2
9786,0.2558589773673292,0.06,0.24975573050320965,0.24085641058259566,0.24895613423078522,false,2
9795,0.45701566377665964,0.36,0.19632728977934688,0.32139020054988277,0.33050302140842486,false,2
9797,0.541239551775624,0.18,0.19588291015694448,0.37060246323892976,0.43311048255463264,false,5
9802,0.673806243892378,0.75,0.8058303289858794,0.7442516746611593,0.7794818274839653,false,5
9803,0.5679226670065264,0.26,0.1094732517377413,0.2502525726460881,0.2541896417033107,false,5
9805,0.541239551775624,0.18,0.19588291015694448,0.37060246323892976,0.43311048255463264,false,5
9806,0.38121950046665337,0.02,0.1515726831893115,0.07132838647117735,0.23509340724330777,false,3
9808,0.48221442297877054,0.41,0.2720595128312338,0.40525705805984347,0.45570146996932465,false,2
9809,0.8839734654074128,0.66,0.800512107916588,0.6989784625127017,0.7919294850929283,false,3
9811,0.4989967040134246,0.83,0.7332758936781218,0.7275296275606727,0.5543097570451352,false,4
9812,0.4116013761510699,0.28,0.5277659167767293,0.41018305241100145,0.4039122256362894,false,3
9815,0.5889408537710723,0.61,0.6963412022106383,0.7185189967410114,0.7018948556929497,false,1
9816,0.4270554340507908,0.44,0.31785028623566774,0.42113158872528006,0.3642677375191126,false,5
9817,0.5229128881115175,0.33,0.06407148092576581,0.3432349610865164,0.3405145734912431,false,2
9820,0.46407915703222774,0.34,0.6701563281668628,0.5015369125465103,0.5152090139417984,false,2
9822,0.6238011780828457,0.66,0.7229072370684434,0.6681884065260261,0.6184600939537489,false,1
9823,0.6429342688596943,0.54,0.7319357673879655,0.6931679655689915,0.673818311366206,false,3
9824,0.4256369030241631,0.25,0.26714152305017175,0.39522916488512616,0.4667216539495011,false,3
9825,0.31737823748135824,0.2,0.3739175821012218,0.321234200439003,0.3922077809635566,false,3
9826,0.45484114856191454,0.34,0.4821509212985493,0.46180961906674506,0.5744897921907193,false,4
9828,0.3368997127365839,0.15,0.37217561364152923,0.28535651449522825,0.3900039865945728,false,3
9829,0.5258674294767588,0.56,0.5950297980375446,0.5548287486785789,0.5356351340267865,false,4
9831,0.3461363999425112,0.22,0.36057977512819317,0.3401760649572392,0.38129786078387395,false,3
9835,0.316703844918143,0.41,0.3090400658446042,0.2582624884888223,0.27330611227451584,false,2
9838,0.434951647734864,0.27,0.3115911221779331,0.37941692006936173,0.37251577096626487,false,1
9842,0.3954198073340919,0.2,0.32867520807730677,0.37448497833494926,0.3979199525985828,false,2
9843,0.2882965779389246,0.43579365079365073,0.4016535204140876,0.28167212161043176,0.26238914704235916,false,2
9844,0.31376438320895716,0.13,0.34946389084808804,0.24118413437695044,0.26142175449210703,false,3
9845,0.3414517023615124,0.17,0.1329535932336231,0.23428239648492252,0.24723660818228269,false,2
9846,0.24011641000860945,0.24666666666666667,0.3353447405235934,0.31936118628533494,0.2767175873716514,false,4
9847,0.5139005372690172,0.4,0.21585619289220498,0.46348423575803294,0.5084982149568821,false,3
9848,0.34571976708277224,0.39,0.3180769536651815,0.39762451410690713,0.4381996161253312,false,3
9849,0.3702808508946216,0.09,0.23928190707709882,0.11813423351549888,0.24130765836535956,false,3
9850,0.2659438408792871,0.01,0.06530153589495971,0.037780948256593526,0.1952435450080768,false,3
9851,0.3160157478934168,0.31,0.16153860318037935,0.3443117798673559,0.3338849390877492,false,4
9852,0.3270312625528983,0.19,0.21016041162591917,0.27114955445630295,0.24789517761139396,false,1
9853,0.3270312625528983,0.19,0.21016041162591917,0.27114955445630295,0.24789517761139396,false,1
9854,0.39230865849274116,0.38,0.47520327088892533,0.4475872647878598,0.4895760664115795,false,5
9856,0.3444336780280805,0.07,0.25641679575174964,0.13818753062812658,0.30262855503381114,false,4
9858,0.3226772504616974,0.18,0.2569346703466122,0.28047279065493724,0.358480767509228,false,5
9859,0.3396273622051415,0.24,0.14146266562362708,0.21850028272819666,0.21225975184784396,false,1
9860,0.3119340470642174,0.1,0.14497355286008307,0.20749655149035579,0.23051052044809378,false,3
9861,0.44570042316202857,0.15,0.31360211689653766,0.24294607366342574,0.4526434832643936,false,4
9862,0.46920324624420506,0.26,0.31342899248118405,0.44252437248734167,0.4531807783442638,false,5
9863,0.2672587348552041,0.4,0.43277584060481444,0.38416195716048657,0.3181953437790031,false,4
9864,0.32183702002714876,0.26,0.2969293133393685,0.3307627839780182,0.34819011585712956,false,1
9865,0.2940628186926172,0.03,0.25946492031918095,0.201225389442841,0.24814449323046764,false,2
9867,0.3301716254206939,0.2,0.1059156857698898,0.2497814191034937,0.28678129633050353,false,2
9868,0.30287536129179743,0.07,0.20218043219861367,0.26707630609844396,0.3550913324935995,false,5
9870,0.5608823230237557,0.37,0.49038915236055186,0.6064598053614718,0.6074123515553251,false,1
9871,0.4119810477883301,0.11,0.2231641207221966,0.3642123828426719,0.3888617238866887,false,1
9872,0.2914325143261941,0.1,0.1089982202341752,0.25442176823920504,0.28258071595583173,false,5
9873,0.30507959267372137,0.04,0.1504547733913935,0.0647426948051948,0.2626452594533764,false,4
9875,0.4096779988660233,0.14,0.19528434886795518,0.320050713520456,0.401671671401095,false,3
9878,0.29446272730566697,0.37,0.45341420987815734,0.438812376083241,0.34783167270463317,false,4
9879,0.27759618462068814,0.19,0.1493721487274554,0.257853990139286,0.24785278752468587,false,4
9886,0.46670236942487725,0.43,0.49151848777094687,0.48205640298242947,0.5495160974480419,false,2
9887,0.5585311398236261,0.49,0.4783377360865095,0.5641438067358281,0.6269649477505302,false,5
9888,0.3677955147947047,0.17,0.2988110581260298,0.2961354156521546,0.33199021865122336,false,2
9893,0.35272995859803746,0.12,0.20242213906931655,0.31682198279893736,0.4087367972336202,false,2
9894,0.36568317738060346,0.14,0.4077396011038156,0.46296427768560433,0.5016870120682853,false,1
9895,0.3465816229725346,0.15,0.2797074091913574,0.3755545189538466,0.454340518655359,false,5
9896,0.25797794234739474,0.11,0.23555791876107646,0.20944317545199895,0.2838592675912153,false,4
9897,0.25797794234739474,0.11,0.23555791876107646,0.20944317545199895,0.2838592675912153,false,4
9898,0.4402196049757894,0.21,0.34917576532755445,0.41657963391284253,0.4980344382278911,false,2
9899,0.4415690233900154,0.15,0.2991220262292988,0.36914586509263,0.37959919170756623,false,2
9900,0.34645324211984346,0.19,0.2822268798051492,0.20595155620523273,0.2626452594533764,false,4
9901,0.4677378089380461,0.31,0.4959478086554159,0.44404356976710974,0.502301519434874,false,2
9902,0.2927709883080497,0.23,0.18317460000303046,0.19827409691757464,0.2613084561496015,false,5
9903,0.32657770397426755,0.35,0.3780708938123715,0.3520826912823377,0.37418080526682806,false,5
9908,0.3754148825028714,0.21,0.17644153066377352,0.34476487750006135,0.3858651494482781,false,3
9909,0.2469475084334704,0.2125,0.29646527612549717,0.27985757764716157,0.3032418449332498,false,3
9910,0.29287557380651547,0.11,0.17232835760284476,0.2419178344625196,0.26542312245604616,false,5
9911,0.37717268708756296,0.31,0.2777106372114448,0.38947286389991553,0.412925082292687,false,5
9912,0.3242405594616503,0.07,0.11640073819433826,0.22752660196620306,0.23985647786778772,false,2
9915,0.31578191523140386,0.18,0.2503236609786102,0.3601996363009129,0.3613280684262244,false,1
9916,0.45691622176037827,0.13,0.378602643227568,0.42499984621558484,0.47690552743507386,false,2
9917,0.29418412003204697,0.04,0.04144396529839015,0.14994609747401325,0.19327557549505628,false,1
9918,0.2781425343540903,0.06,0.052005150264376104,0.041496881408065615,0.18617766063193564,false,4
9919,0.29418412003204697,0.04,0.04144396529839015,0.14994609747401325,0.19327557549505628,false,1
9920,0.2781425343540903,0.06,0.052005150264376104,0.041496881408065615,0.18617766063193564,false,4
9921,0.29674379223114383,0.42,0.46303693850728883,0.2795284122234466,0.3326637099474292,false,1
9923,0.25650143158768435,0.07166666666666667,0.31913287867818224,0.25095878093025226,0.3152187711315551,false,5
9924,0.25389909892116375,0.06,0.255115267092241,0.13934102501354406,0.3006627096830535,false,3
9925,0.31717848694175577,0.02,0.22180073933506392,0.1515655057340193,0.2627997765659465,false,3
9926,0.45799531324411835,0.24,0.24468477090683768,0.3338733220800416,0.47235117044898334,false,4
9927,0.4177564885275936,0.23,0.4351864513962411,0.29483667344582204,0.4151647745268997,false,3
9929,0.26395828422448825,0.11,0.17162961884363168,0.21367834615795725,0.2612951248626262,false,1
9930,0.3602087515747251,0.13,0.10113014537400337,0.15144362855640803,0.26179165182091313,false,3
9931,0.5245902530061954,0.3583333333333333,0.6201517929865763,0.5265968011340241,0.5486382100452978,false,5
9933,0.37543841102101955,0.04,0.15125467818128194,0.08396779408089314,0.2525633625378339,false,3
9934,0.3242420078406902,0.14,0.3243050265695961,0.16223618842009607,0.29650149226727884,false,4
9935,0.38514533696974035,0.15,0.18070759742906387,0.24926004212443886,0.2644493562658625,false,5
9936,0.25240193987894366,0.14,0.18437815612296482,0.23500350066618492,0.2717638552897897,false,5
9938,0.2570790907212069,0.32,0.11331375124751747,0.23917798662748552,0.27930079216258463,false,2
9939,0.2570790907212069,0.32,0.11331375124751747,0.23917798662748552,0.27930079216258463,false,2
9940,0.43667132020869776,0.18,0.3021950245150949,0.3989187148654494,0.4195500009241252,false,5
9941,0.29833931680085096,0.07,0.15279410038839347,0.11382180254250417,0.23221865664753588,false,3
9942,0.3027422497532573,0.14,0.15017007991013523,0.1739281358255317,0.26040115570739564,false,3
9943,0.29473574956839776,0.16,0.2469831654862486,0.2573412123646637,0.2791494263532632,false,5
9944,0.2609936161987226,0.08880952380952381,0.281941845217187,0.26039817708422247,0.3152187711315551,false,5
9945,0.41317564637933396,0.24,0.15219287179976454,0.2803380215292213,0.2854035639556782,false,2
9946,0.2883618223226433,0.14,0.13210785669210748,0.20038590154233468,0.2633284221794312,false,3
9947,0.3503417911421207,0.13,0.3406620701545011,0.24299234016853485,0.3155003978160476,false,1
9948,0.3438633140417299,0.41,0.29863137577796617,0.46553926938190815,0.49975882016457907,false,3
9950,0.25650143158768435,0.07166666666666667,0.31913287867818224,0.25095878093025226,0.3152187711315551,false,5
9951,0.4275374704363347,0.13,0.21703226866417727,0.17421781946124046,0.3582776373714313,false,4
9952,0.2881593680386243,0.14,0.14131984914572956,0.23176353034592512,0.26542312245604616,false,5
9954,0.371306205759822,0.12,0.19124450796102396,0.1099373726208016,0.22866369155992175,false,3
9955,0.2818336726127266,0.37,0.2669229160087517,0.37907091273662435,0.2857499980858034,false,3
9956,0.29909182117647126,0.31,0.17617624417956332,0.29095429995663546,0.35291745922338563,false,4
9957,0.8013961115888203,0.72,0.9714297773991465,0.7774991571526173,0.8686903379082855,false,1
9958,0.25788218145921277,0.41457142857142854,0.24725294375578064,0.3309312347829472,0.37741440022818123,false,2
9959,0.5070618198447354,0.16,0.24300272545038673,0.44904077041364565,0.43155259725464123,false,5
9960,0.2690721820005343,0.22,0.2802430323178763,0.3544144895029218,0.2838592675912153,false,4
9962,0.8886339413097962,0.61,0.7682805507796412,0.7498219841924564,0.6646661689166086,false,3
9963,0.32589952483895945,0.33,0.1659594194661274,0.30679436637313434,0.40602743204792496,false,2
9964,0.6109781060814117,0.28,0.5387270071262477,0.5262935027844581,0.6183797008827379,false,2
9966,0.4025244906385543,0.1,0.24359521201449236,0.15251643206172014,0.2677379431989656,false,3
9967,0.4887339685137711,0.23,0.16935823203108377,0.3967392244437045,0.3472101341576058,false,2
9969,0.5056799124985702,0.16,0.15230151220282678,0.3854699530952906,0.41377425166140647,false,3
9971,0.59741603674323,0.42,0.6206269600545377,0.48449964537183826,0.6458888832640719,false,4
9973,0.34612201762594164,0.09,0.3146630134340557,0.3717123501013732,0.34377594278547746,false,1
9974,0.36988045744375625,0.17,0.2576155028366301,0.3458632238585523,0.37081513975113833,false,5
9975,0.32765363738132985,0.15,0.2858423340247556,0.24639989950725308,0.25307044751576424,false,2
9976,0.3033462254041964,0.23,0.26146109910653625,0.28117655216409315,0.3078090761727639,false,1
9977,0.4444115166075005,0.32,0.3869283133622146,0.39038498871973026,0.4605676741645431,false,4
9978,0.31061440043839855,0.1,0.04785708748805104,0.18394410307987952,0.2167400462013123,false,1
9979,0.30613157040352873,0.01,0.10329447506138502,0.18133357351911228,0.23674239788122056,false,2
9980,0.3202809463604946,0.07,0.06154228987890689,0.1975788327430438,0.22025147651148216,false,5
9981,0.33516131487856593,0.37,0.5657215717812126,0.36165775226951696,0.3081803367881263,false,4
9982,0.35158985648877655,0.41,0.5362218468028006,0.42776152752524443,0.45923704481975847,false,3
9983,0.38529960457352386,0.2,0.32712092112280605,0.2621156099232726,0.37584106657815985,false,4
9984,0.462957878049041,0.2,0.2833900595694192,0.4038612534301752,0.4512150918620569,false,5
9986,0.37856364989922164,0.18,0.4629171023686201,0.30089587949495317,0.3438380833600495,false,2
9987,0.46385349537944803,0.27,0.4379096055290891,0.3783885189915096,0.5132523671365827,false,3
9988,0.4822588169285477,0.38,0.46019620378055276,0.42943793222152543,0.4542371968670733,false,2
9989,0.27759705278230073,0.11,0.17465334959503273,0.1930490662402955,0.2401868889900412,false,2
9990,0.38189135415467435,0.11,0.2207990637709777,0.30133250415262763,0.35655793234483,false,1
9991,0.3897720465390798,0.15,0.28096561557804356,0.2952842432566057,0.3017551022047243,false,2
9992,0.37791629211230887,0.13,0.13118178667930772,0.2006363845501711,0.3371410693047416,false,3
9993,0.36628424945670696,0.19,0.16170802287721597,0.2548998825789885,0.3371410693047416,false,3
9994,0.497501707711549,0.3,0.4426976702067222,0.4301131397350854,0.4721445951296934,false,3
9995,0.31480149094571436,0.2,0.3287443633124793,0.2640677920359921,0.318230066658135,false,5
9996,0.250195081431767,0.24916666666666665,0.3766266889284269,0.3444761707805437,0.2981899649038106,false,4
9997,0.48333438238893,0.35,0.5944538858823916,0.5031351996323651,0.5439225234566182,false,5
9998,0.46003317611419836,0.17,0.5096011318390223,0.36060222398334174,0.4850789487074997,false,5
9999,0.7897788032484322,0.72,0.7881832832270381,0.7560640318487066,0.7743268307904401,false,2
10000,0.3335199304022786,0.2,0.29209500867723986,0.27320141779326684,0.3476686587115034,false,4
10001,0.387575546187337,0.28,0.39837692685483683,0.39598038176624323,0.46863834496729084,false,3
10002,0.6449936701134619,0.45,0.645038531745215,0.5375116997093643,0.6827072484876497,false,3
10003,0.4885111761966062,0.51,0.5554589904145091,0.5434660763811172,0.5052558164556717,false,2
10004,0.3315467702757868,0.185,0.2712615732916156,0.24733721078299603,0.2964795878302737,false,3
10005,0.36336923337120997,0.12,0.1344879919896963,0.30379657842561963,0.3180093499781468,false,2
10006,0.5620096058150669,0.43,0.6043066389931141,0.5453980433428248,0.7116881733845407,false,4
10007,0.4378597454086859,0.11,0.27724419794077554,0.35430843220847336,0.38570606079183845,false,5
10008,0.3219074091962791,0.16,0.33652457482569553,0.21424439641309637,0.2840780542154495,false,5
10009,0.4627741820726164,0.265,0.4235069233476092,0.3855889745112794,0.4751964207466801,false,3
10010,0.5124896334224299,0.46,0.0556307739657234,0.4557678216704149,0.2733879241782709,false,3
10011,0.9439536276318129,0.6,0.8239481730566698,0.6638744737047145,0.7964245384474046,false,5
10012,0.4083655588973232,0.44,0.5560103176806481,0.5342757798920963,0.6364760999174923,false,1
10013,0.44227058378313844,0.31,0.3570489122637083,0.3968142271652401,0.3689418452253054,false,5
10014,0.47767473928184223,0.31,0.35578360991021324,0.5004809226319055,0.4737373290158298,false,1
10015,0.3620427803381443,0.24,0.20295197705318008,0.24954325209325673,0.3030729611434385,false,1
10016,0.3493191141137054,0.15,0.23446982995291127,0.15727653001048447,0.2373428709112135,false,3
10017,0.3002589253336191,0.17,0.1887317568916794,0.24594781684060568,0.32511200533733364,false,5
10018,0.7467916967230865,0.59,0.6343489613885219,0.7311949285935258,0.779462340443325,false,5
10019,0.40212983862922763,0.08,0.25051962592913657,0.22541661539465935,0.3847786324700376,false,3
10020,0.41917274668101984,0.27,0.30950858515004276,0.3877640339489164,0.4020603323254159,false,1
10021,0.3200761638017961,0.27,0.382501324877067,0.4590837718541833,0.38856036904707414,false,4
10022,0.3191135135174288,0.04,0.09562544598929823,0.1771044709120647,0.21392423151076836,false,2
10025,0.35548979945257875,0.15,0.09935891020080198,0.24047945868096585,0.25214639693534696,false,1
10027,0.41105674389283525,0.29,0.11609354978685789,0.18231450597232843,0.2565448387902301,false,1
10028,0.32742112552190483,0.16,0.21825069411862336,0.2659659334162691,0.24793857405041825,false,5
10030,0.23326722644410985,0.14,0.13789825888462937,0.2615774757506568,0.2386548037591142,false,4
10031,0.3116554145945104,0.17,0.2627791260117206,0.2424997312868921,0.25472521303354684,false,2
10032,0.3357931844853338,0.18,0.15447682406721602,0.2530307057251988,0.2315130666350324,false,2
10033,0.35913709305809594,0.14,0.3442195836322248,0.35918439425584325,0.3740675072640672,false,1
10034,0.3099185003956123,0.04,0.2293757514794616,0.2222089141990502,0.28221607163316415,false,1
10035,0.5411867533773345,0.52,0.3416564948041818,0.4608984361536793,0.5292118462488757,false,2
10036,0.6043009405239929,0.47,0.4501354365058152,0.501384258933839,0.654615791217598,false,3
10037,0.45104888859463943,0.38,0.39546103568574364,0.3261461622277465,0.4688514950229805,false,4
10038,0.3401558811006355,0.12,0.17322388284603996,0.2454846383003576,0.2613084561496015,false,5
10040,0.46629364340171414,0.18,0.3511215213826061,0.21652814172841262,0.4259581152408298,false,4
10042,0.4198401380849868,0.28,0.40823161956806586,0.31356968737217294,0.4657847401855795,false,3
10043,0.3454116882631346,0.42,0.23618086243077238,0.3813356109808398,0.25519729273868613,false,3
10044,0.3107699651666505,0.24,0.27638778480282705,0.25653866912758283,0.3327204142970038,false,5
10045,0.3304180238957657,0.12,0.35492767531176883,0.2924019241482827,0.4093659606316782,false,3
10046,0.26181358803050214,0.01,0.03395765200652471,0.1664887934270899,0.1707704416381041,false,1
10047,0.3453971238503788,0.11,0.10239503357644483,0.2062432955564526,0.2411600223802054,false,2
10048,0.5284891034904216,0.46,0.33161171144497015,0.4641981013460022,0.5777281962617932,false,2
10049,0.4009655828864176,0.23,0.32253457566713606,0.3793298231710553,0.42749889393059065,false,5
10052,0.2936778895736963,0.02,0.017768016778523098,0.02723538961038961,0.15548902853861835,false,4
10053,0.50882320563657,0.27,0.36003610373721373,0.5110776602877861,0.44068829306053203,false,2
10054,0.34300559989310936,0.07,0.253937845404513,0.2523256208967401,0.27290983042087746,false,5
10055,0.3991547146039746,0.29,0.3944500712369281,0.43970832408625343,0.395281969101893,false,3
10057,0.4200681617055207,0.17,0.3600980052650432,0.31925531860676476,0.4338963054565984,false,3
10058,0.3520079826289394,0.38,0.40729044571043765,0.2848777239230076,0.3327204142970038,false,5
10061,0.4010633809677713,0.21,0.47536449567852146,0.3256858148880628,0.45620603307149094,false,4
10062,0.33332268067661625,0.23,0.47467542774042715,0.2994368941129689,0.29461951872255043,false,1
10063,0.32913822957423,0.19,0.1200355405065723,0.26150109848157643,0.26969099298888827,false,2
10064,0.31643744103828625,0.1,0.29343885284152194,0.22098076054153054,0.33286139858124403,false,3
10066,0.36007937186334543,0.025,0.29029719051620007,0.25745158899999593,0.3247428124899843,false,1
10067,0.3539764742914015,0.11,0.3370919089952811,0.2388191429805864,0.3482828274578941,false,3
10068,0.3593368219094958,0.1,0.11953880831921249,0.09956304077535062,0.24282466996024252,false,4
10069,0.4263290762185864,0.2,0.28207822773894664,0.2723398536356491,0.3906426730714266,false,4
10070,0.3269246129736698,0.22,0.24754353132018017,0.2516216681592661,0.2844049953737428,false,2
10071,0.32828748194954666,0.07,0.25098343424836717,0.1623105478542785,0.32895731832029135,false,4
10072,0.2509431550212606,0.11083333333333333,0.26932749578176307,0.25116058934798363,0.28139427441612297,false,1
10073,0.3160446579938175,0.13,0.04904994316911574,0.15834510648369343,0.25179675216395736,false,4
10074,0.6845068030132568,0.55,0.6733874910077736,0.6534145671588175,0.7142234994475896,false,1
10075,0.44594348712471155,0.15,0.237051468138391,0.3639030306224148,0.4264024891915845,false,2
10076,0.3349974889297541,0.17,0.33220989255672145,0.22278911708474028,0.3624574351531455,false,3
10077,0.3255077269281052,0.02,0.1779444308939577,0.15109183965506814,0.22206786659514602,false,5
10078,0.3632271832095599,0.24,0.19953008739249964,0.363540651719529,0.4000420502084205,false,2
10079,0.33114593254789815,0.23,0.14933641906765055,0.278593394167676,0.31366696191375903,false,3
10083,0.3490983276278294,0.27,0.06529903077663282,0.34699581829069875,0.3123245415211185,false,1
10085,0.526419015438034,0.33,0.6658034092849346,0.426363231069046,0.5517297956011731,false,3
10086,0.6887854779203988,0.38,0.1415783333923516,0.5415178814726105,0.5146358684781696,false,5
10087,0.7245160547083975,0.55,0.7562300257879476,0.6887304925800887,0.7102933167376987,false,2
10088,0.34269537980064074,0.02,0.23593895298170478,0.2188193600474625,0.2827873461055579,false,1
10089,0.4214976245969435,0.46857142857142864,0.5396772335044052,0.5261396814949802,0.5155134240458167,false,5
10090,0.38835179404139986,0.12,0.354025991554588,0.35642610828519616,0.3702916064777983,false,5
10091,0.25179836569026565,0.08166666666666668,0.1926349900777756,0.21687651281810869,0.274507123655887,false,1
10092,0.3378101995254766,0.04,0.13618213349464886,0.18761644331412303,0.23738194277273914,false,5
10093,0.25179836569026565,0.08166666666666668,0.1926349900777756,0.21687651281810869,0.274507123655887,false,1
10094,0.3378101995254766,0.04,0.13618213349464886,0.18761644331412303,0.23738194277273914,false,5
10095,0.3929545794153701,0.13,0.16132551069149081,0.22460207961113532,0.41169119577363517,false,4
10096,0.3347459736210123,0.09,0.13353835703003514,0.16635720874711654,0.3009607168331721,false,4
10097,0.34324518833562806,0.04,0.10372692907384241,0.10094189715513249,0.237033542586986,false,4
10098,0.31951494456184093,0.09,0.33623442089533456,0.20983698124012573,0.3680928939046909,false,3
10099,0.2484854749547349,0.19,0.12820363063952478,0.3233736792981477,0.34402753999647,false,4
10100,0.3889798739042473,0.21,0.3980803013755646,0.45181349223201983,0.43377416855743306,false,1
10101,0.3939162589639729,0.09,0.28640496949981153,0.27554885884177965,0.39457584381148636,false,3
10102,0.22093889053333526,0.3975,0.24322212660507891,0.3837365356534154,0.22708556164724455,false,4
10103,0.3889798739042473,0.21,0.3980803013755646,0.45181349223201983,0.43377416855743306,false,1
10104,0.3889798739042473,0.21,0.3980803013755646,0.45181349223201983,0.43377416855743306,false,1
10105,0.37946836639717185,0.04,0.2655976459826093,0.3507510488808474,0.37701852676364656,false,2
10107,0.3235270483781922,0.02,0.09217018295644999,0.1351358677977336,0.21805816198687308,false,5
10108,0.3686822372131799,0.22,0.1713194408129715,0.3327547916909372,0.3455678824404057,false,4
10111,0.4164491913877372,0.2,0.44828431506792676,0.4083064304756055,0.44189067873688526,false,2
10112,0.5751080706826586,0.18,0.35906419378899124,0.2593551586946727,0.5090440450977327,false,4
10113,0.48581413997848816,0.14,0.29176699974759024,0.3100026095500898,0.4397620409060927,false,3
10114,0.4999297726273293,0.54,0.4418879567093207,0.508832619529016,0.5344626499234034,false,4
10115,0.33925222891954376,0.22,0.10566294427220509,0.21211101382395278,0.2269011591829451,false,3
10116,0.3457702746292309,0.05,0.038264525845656275,0.09685787492521236,0.25713241469851217,false,4
10117,0.49116269164320564,0.43,0.5687567636941251,0.46116259953000127,0.5845819953626948,false,2
10118,0.46223160248708767,0.36,0.1479064399985009,0.39965726484496517,0.37716198058430467,false,1
10119,0.7319777299336422,0.65,0.40055263364300203,0.7324720429289393,0.7625446904280994,false,5
10120,0.39985161455839574,0.06,0.20250493321264454,0.09568944791526962,0.24089799783081842,false,3
10121,0.2706548496157443,0.09,0.0852520273457865,0.20035479800025588,0.21725349716404288,false,3
10122,0.7894890514268577,0.56,0.29716139839120603,0.6809465524140954,0.7763506812915685,false,1
10123,0.4925048330103902,0.61,0.6089426460496036,0.6328609014026686,0.6495777088335862,false,4
10124,0.3528471478237094,0.18,0.131590464150353,0.21569514791552602,0.2794483769913696,false,3
10125,0.36912433596425254,0.05,0.09576521926050303,0.24137989334652774,0.25807266249840083,false,2
10127,0.5077007901423253,0.33,0.459351327811869,0.4135577339419366,0.49369402861648565,false,3
10128,0.49024358514064126,0.34,0.2347539379574971,0.41258334955502396,0.5782152931668075,false,5
10129,0.4244144015245738,0.21,0.2209863035119316,0.2332219370422869,0.3451760465493844,false,3
10130,0.4157167671730361,0.16,0.19631537910963706,0.23267434314435081,0.366539990977426,false,4
10131,0.3452711746003467,0.32,0.3076771515136823,0.332757235699357,0.3664241547628291,false,1
10132,0.7608973195842605,0.56,0.8341986736285932,0.6789265790792166,0.6910003280580899,false,5
10133,0.36619374476307676,0.29,0.22559126864796403,0.34005746005020837,0.3031302404077553,false,5
10134,0.39701745134480515,0.045,0.4204740611806784,0.3471485610039562,0.3913318608492333,false,2
10135,0.4408514732675813,0.36,0.2887987301470865,0.3623104245377348,0.33692771939705146,false,1
10136,0.39233627365962065,0.11,0.22618491493197684,0.3519600312236936,0.3709115472282669,false,2
10137,0.37400688959324874,0.06,0.09617365500541256,0.21823184889727923,0.2485356474862919,false,5
10138,0.3923055314303304,0.47,0.3717090741169153,0.4422819432966872,0.3667453342311346,false,1
10139,0.6148880878092754,0.18,0.4107649969808067,0.41242104065697005,0.42824981575866367,false,5
10140,0.45419844038986035,0.32,0.3744241623216956,0.41643578296466655,0.4083562909838731,false,2
10141,0.3570242976921834,0.13,0.11727459209862749,0.11512609818801764,0.24995556142397765,false,4
10142,0.4425452114929626,0.1475,0.32749463725432704,0.3374474830397986,0.5256151167666896,false,4
10143,0.4177930509847118,0.21,0.3984387121059265,0.4137868766425906,0.3601490826469283,false,2
10144,0.3625568365758125,0.2,0.39163382538500846,0.3267336359675756,0.44334994758521923,false,4
10145,0.5371145363631614,0.55,0.5256687926501052,0.4135519993818428,0.7143053439351429,false,2
10146,0.3985421021825906,0.36,0.3888419674416333,0.40117138028092086,0.406299056531566,false,3
10147,0.5050014657661801,0.38,0.34305091283663003,0.5945858804593193,0.7042218847815975,false,2
10148,0.31701266083724255,0.26,0.16119765411339995,0.18787415691034123,0.24005165388147962,false,4
10149,0.43692805872468593,0.21,0.4128929515934652,0.4601821906650382,0.48805973502274297,false,2
10150,0.2879192454488415,0.1,0.1554217811583824,0.06450587241705664,0.18510664776740435,false,4
10151,0.3131664159575457,0.17,0.2576122848263263,0.19204729245338473,0.20692784851702958,false,1
10152,0.3166976912303123,0.02,0.0477253479448441,0.23668497773612315,0.2511089972437576,false,1
10153,0.5408975930440211,0.48,0.3495086741720566,0.4926546736997438,0.527483088339931,false,1
10154,0.5498371093561998,0.44,0.4855569789199484,0.5625975266867453,0.5882699530134189,false,1
10155,0.42968668492395107,0.38,0.3730902707579058,0.5145365080015764,0.519124783968866,false,2
10156,0.39338259903829087,0.18,0.3353342052757072,0.3155997121646573,0.2532992449293983,false,5
10157,0.45789486345870206,0.28,0.4611418083797424,0.4390790122080711,0.5511591850980292,false,3
10158,0.4614662061158307,0.28,0.17622111454474076,0.3799818753756476,0.4670765836863337,false,3
10159,0.2733838121941381,0.12,0.08189286497156036,0.21409841828982135,0.23278613586815997,false,1
10160,0.3785992936018123,0.14,0.2893943571016923,0.3618556256785032,0.34707328807573984,false,5
10161,0.3821656302968172,0.18,0.2961383165588933,0.35084118426773253,0.34707328807573984,false,5
10162,0.8365151568649405,0.66,0.7108155177052617,0.712005163239484,0.7511393177332993,false,3
10163,0.5796263113586781,0.64,0.5051018247151899,0.6974181625253,0.7131658493182662,false,2
10164,0.47300477852148926,0.22,0.10013820202317494,0.374659613204522,0.2733212324372035,false,5
10165,0.3693277280413542,0.31,0.45310106697494545,0.4084124290899264,0.4138289516263998,false,5
10166,0.5041088949352591,0.43,0.46230718931217285,0.468824650506638,0.63909916013819,false,4
10167,0.3688952642148252,0.08,0.1358662221094307,0.21085542695739112,0.2593546252579384,false,1
10168,0.5863448954594419,0.54,0.7428552554566654,0.6615130935928538,0.6876673749451628,false,4
10169,0.42643291524493787,0.38,0.5325343319905284,0.41033782026281784,0.4981687285694548,false,4
10170,0.537818464833105,0.2,0.2100256379060827,0.4650122018757665,0.4701113060723588,false,2
10171,0.41759324993733127,0.36,0.4789104687291731,0.35488191985484474,0.41515930836389525,false,4
10172,0.47932131475145073,0.25,0.13338729113135622,0.27664206194634555,0.27604501691100647,false,1
10173,0.47354275749188185,0.3,0.5803804594106484,0.5027768568568849,0.5302444836396343,false,2
10174,0.44579069118072057,0.46,0.5733503218007924,0.5950573840316633,0.5650007531078596,false,3
10175,0.4048805746004162,0.21,0.3489911022929069,0.361804689688384,0.39848850824381327,false,5
10176,0.33480900999072055,0.09,0.23355348531556516,0.2295930595217497,0.2476054398726516,false,5
10177,0.3628729054952553,0.3,0.32087004355216264,0.42176009262351494,0.3977770602853488,false,1
10178,0.7464992256365017,0.64,0.8075115701471954,0.786074809027988,0.7710147184533499,false,1
10179,0.7517343752450405,0.53,0.5257083436454375,0.6143022528640951,0.7868118288590901,false,4
10180,0.35033187380685665,0.09,0.1897688033525412,0.15848860602313286,0.272794795645336,false,4
10181,0.3385341434238223,0.19,0.19401210642814518,0.2096006194639288,0.23240346554203425,false,2
10182,0.2615938299779156,0.06,0.060556112282532014,0.21895776713183795,0.20783364629849102,false,5
10183,0.9657199218896192,0.68,0.8936297582060876,0.7006740056917381,0.792274216423172,false,1
10184,0.2973041849177314,0.46,0.4854512285356278,0.47604556525590647,0.40257029030689007,false,3
10185,0.40952795641936823,0.24,0.2682924275427755,0.3281136573962334,0.3442121689859962,false,2
10187,0.4186365194489209,0.08,0.10898528885509402,0.09604845440507206,0.2048309623130997,false,4
10188,0.3582609596424949,0.04,0.041210658458300534,0.16396503193188297,0.2227695585617633,false,1
10189,0.5464683563546969,0.37,0.6808274127576819,0.42419667095624325,0.6224498778218717,false,4
10190,0.37597670469395633,0.2,0.2166332360628764,0.2854881161851763,0.33274230391705395,false,5
10191,0.4624583428272499,0.21,0.2775077813147494,0.4259478037699691,0.46912715924983095,false,2
10192,0.49870500890052755,0.32,0.4888271019862383,0.38355594380593816,0.44155619653942235,false,3
10193,0.4989716271412321,0.2,0.20794855625081457,0.3566420062621553,0.4515971426594006,false,2
10194,0.8435307961190273,0.53,0.7150663944709097,0.6935072673154474,0.7689095922534839,false,5
10195,0.8370825802429732,0.68,0.6728140007348883,0.7837248407207562,0.797024078996218,false,5
10196,0.40592498194076854,0.28,0.2802861717749908,0.37223259331990244,0.4011212653451368,false,5
10197,0.5177305873063548,0.32,0.3175052954849994,0.3607540236923901,0.5406087624627368,false,4
10198,0.6973580710550774,0.54,0.7655203330100243,0.6355529532289351,0.718650043677841,false,4
10199,0.5544392342491677,0.48,0.3554532324930103,0.5550645630715182,0.5733855126709025,false,5
10200,0.36124553173004864,0.05,0.3117820118208308,0.2569979064408245,0.30260242417231953,false,4
10201,0.3504583187137722,0.34,0.4158745514195886,0.25068121125060755,0.25307044751576424,false,2
10202,0.3717275384668729,0.18,0.24117995024745478,0.3881505919209459,0.3985766457942473,false,1
10203,0.38849883242407207,0.25,0.23700675554025807,0.29926962895104386,0.30363083901639265,false,1
10204,0.5063469661389378,0.36,0.660373585126233,0.42818639153072247,0.5590073115804887,false,2
10205,0.6289522859215826,0.68,0.6756370306604654,0.7603779276420607,0.707074211035057,false,1
10206,0.4257839877689604,0.14,0.19531064335368772,0.2682355162797828,0.25042556856644116,false,2
10207,0.3818951648066481,0.43,0.5032590102783371,0.38409120552319237,0.4215992787765086,false,1
10209,0.2634780681607697,0.06,0.08860471493457356,0.15114637045715587,0.18032970267223603,false,3
10210,0.5119756937563982,0.27,0.34504491039641233,0.4614277642466976,0.5128193745755644,false,1
10211,0.31534021712327326,0.2,0.18698209144980785,0.23354368299156467,0.26545576743774996,false,4
10212,0.3989385342977809,0.07,0.2818295961209089,0.25749980890453295,0.28571822108130235,false,2
10213,0.3061043676500688,0.19,0.20567714200684764,0.2208658645944615,0.2511429192118496,false,2
10214,0.3552580698823837,0.32,0.5723366699553396,0.5047001378378377,0.5110460703870888,false,4
10215,0.6256901291081072,0.37,0.645511859957353,0.5867741962063002,0.6421634084629874,false,2
10216,0.5392704337859842,0.61,0.6001188764038259,0.6508824322541849,0.7579505299848527,false,4
10217,0.5169360929831016,0.24,0.44330566425585466,0.5058071104674159,0.5487551901534563,false,2
10218,0.3079227986987595,0.13,0.10554010736894183,0.0647059614362246,0.24447966169989335,false,4
10219,0.39075220927143484,0.17,0.3045206134086112,0.3338867481020029,0.3465395025609586,false,1
10220,0.44668578384156676,0.33,0.3213490445743291,0.3715492987304519,0.4351470918494222,false,4
10221,0.4705489997724648,0.32,0.30328565536435614,0.4317962663613029,0.49621931315138623,false,4
10222,0.8056605090082912,0.71,0.6944625878274088,0.7602700236970337,0.7988988528709435,false,1
10223,0.43814078754473634,0.19,0.3022643425532336,0.2555084743029418,0.3683557718813663,false,3
10224,0.35342929479329144,0.1545,0.33589755156137585,0.2889791571178282,0.3103509769007266,false,4
10225,0.3965441446473634,0.17,0.3637466791044734,0.3363719317539131,0.36948791625505334,false,2
10226,0.3767736006370298,0.45,0.5166104021859261,0.5015300640424366,0.4142036355305756,false,3
10227,0.3137807735131418,0.39,0.3716042557865611,0.30219237554763256,0.242861675812019,false,2
10228,0.3547804828003533,0.1,0.14504369330988887,0.28552410210325674,0.2825608047529959,false,5
10229,0.48880704050884694,0.17,0.2831394851941032,0.43122248451376516,0.38897107837977285,false,2
10230,0.5022161761314902,0.21,0.3409563551735987,0.452558560478876,0.4971429741764474,false,2
10231,0.5588981521559423,0.54,0.5678256896400304,0.6945188098519515,0.6628664695801366,false,2
10232,0.5861439007749287,0.4,0.4173065393620492,0.4093418538540258,0.6953074786219913,false,3
10233,0.5609412293988005,0.6,0.5920247332972781,0.5748590636144044,0.6630428378996391,false,4
10234,0.3676793463301701,0.31,0.49677682356727615,0.376906577945821,0.4366353739385187,false,3
10235,0.7224304416773372,0.46,0.572779128307646,0.46732779218324205,0.6663172878580949,false,3
10236,0.49146406019241573,0.34,0.5200385417884753,0.4585116839808034,0.45812007693826123,false,2
10237,0.5131084290639766,0.37,0.37336537113649393,0.5286950985298835,0.536162078901084,false,3
10238,0.43301574519466995,0.22,0.3854662153009294,0.30796183482260847,0.389635236782671,false,4
10239,0.37212235550844125,0.17,0.3773517054875412,0.3697431059318108,0.4735057878798951,false,4
10240,0.4691839515165538,0.26,0.41543560456101725,0.21924069978868738,0.4574889908376084,false,4
10241,0.43340593726068305,0.41,0.44681919658900654,0.3829267987535679,0.4655155344600079,false,3
10242,0.37672680516666807,0.32,0.25642138691010385,0.26873425750707364,0.32206609105252176,false,1
10243,0.8179610024830251,0.69,0.6395759585842679,0.690722911991207,0.7609088108872897,false,1
10244,0.4873633425889792,0.16,0.08289448111635482,0.19113027680094252,0.4045077836394694,false,4
10245,0.5914688824765653,0.44,0.5865571786602315,0.5984078963591679,0.57051082994717,false,5
10246,0.5085638492638009,0.22,0.2683440489451832,0.4360921775440736,0.45698489543328147,false,5
10247,0.38381319503731737,0.12,0.08081877344570072,0.17325163232576027,0.25209489286869813,false,1
10248,0.2626995848004416,0.21,0.41282579056917734,0.32945251366269745,0.2790214732653099,false,3
10249,0.42506261089508296,0.37,0.5413397141852198,0.4615110473862021,0.5317710222982528,false,2
10250,0.3241888824276027,0.04,0.14678533582619166,0.20150812562937773,0.2560060006031916,false,1
10251,0.6267057163906554,0.3,0.5243438341887255,0.477064193240092,0.6436604424768199,false,3
10253,0.5497412892707237,0.36,0.6842608809571888,0.6085491460612371,0.6159793035548529,false,1
10254,0.33151997708724323,0.37,0.23600148992365383,0.26961694876545883,0.4047266795810476,false,4
10255,0.2725990207852632,0.0,0.06837773200689778,0.1902715839268435,0.20909153526759708,false,5
10256,0.37798351428108296,0.29,0.2761902674441561,0.35773692061976625,0.3173277233118861,false,4
10257,0.6881859979293176,0.37,0.6139844839174744,0.645996073882536,0.7674437791150552,false,2
10258,0.5927353746004512,0.52,0.5007296665962998,0.60984801374446,0.7054830552076309,false,3
10259,0.5496023279464474,0.53,0.6651548234625866,0.5379076624550052,0.5646218014892139,false,1
10260,0.5068120039173892,0.34,0.46076763673077953,0.5784846146292231,0.5368726356785257,false,1
10261,0.33484916964616057,0.2,0.32982579972576137,0.23554108025996132,0.3313962421612676,false,1
10262,0.5161416805963353,0.26,0.22878318084399799,0.2264641766543857,0.4078543525700949,false,4
10263,0.5105499164320199,0.38,0.38377221378439713,0.45310416748284377,0.5511792769446067,false,4
10264,0.5931424649871948,0.43,0.5366516290931769,0.5927169502949717,0.6091841917815118,false,1
10265,0.46092234453572617,0.35,0.4461816224342049,0.4390796012499535,0.47942869446614494,false,3
10266,0.3530339220296407,0.23,0.10314081535098987,0.13556489248177225,0.27106321607620254,false,4
10267,0.5269267122897048,0.35,0.3950241373901989,0.5196634810055544,0.5478268976787994,false,2
10268,0.2288493600662958,0.03,0.12812511588748762,0.11357727251217549,0.2964717490318689,false,3
10269,0.3214717973769505,0.1,0.22851535568870604,0.27799707807263063,0.35227138251189616,false,1
10270,0.5613074736890656,0.46,0.606361297559341,0.6166047626849716,0.6332761636238534,false,1
10271,0.5138792497239848,0.29,0.32927827867256554,0.4920886748206105,0.47816348276830234,false,1
10272,0.39442108223743,0.23,0.030859495259166644,0.2509247022219506,0.3704909242423532,false,5
10273,0.41063106244304304,0.31,0.3121042546078531,0.3807498060757785,0.3507907184486058,false,4
10274,0.30352580939055496,0.41,0.3509918426865726,0.32672557649422473,0.3706824306771089,false,1
10275,0.6627699531945591,0.45,0.5853048917082678,0.5874144509480873,0.6218651877312185,false,2
10276,0.3290991520170999,0.2,0.177211031049726,0.3314793207166663,0.3790981031100804,false,5
10277,0.43071449660156486,0.08,0.014782941622942318,0.27229952435338706,0.17589481980827928,false,2
10278,0.440172570807292,0.4,0.26086353180413574,0.435630662283433,0.44557655841274457,false,1
10280,0.594775097847593,0.27,0.3164956086190428,0.4159072269654209,0.4615887582173818,false,1
10281,0.4575064283902121,0.23,0.21070898072667985,0.2500484477396242,0.4010281991643098,false,4
10282,0.3210297507412457,0.46,0.6144835857281634,0.46902606864515783,0.48194507661350733,false,2
10283,0.47287393094955094,0.19,0.2940097829845369,0.30669471968216,0.3435722243149877,false,1
10284,0.3908465103996584,0.01,0.2729219487462058,0.2581960962020053,0.32532625528522013,false,1
10285,0.4448041832746298,0.31,0.40093151329492677,0.3729501919392749,0.44714435335241226,false,1
10287,0.7178470504976439,0.58,0.35475072855162954,0.6399582286357173,0.5662654740405908,false,4
10288,0.30166452924174525,0.32,0.3542526472579695,0.3413292362892343,0.3460198779649692,false,5
10289,0.37822358516200116,0.4,0.3675518974491454,0.47089489914745675,0.651652368655399,false,4
10290,0.32298178622901497,0.11,0.12410198765417618,0.17273372081265687,0.20236077825418275,false,3
10291,0.36661451053816224,0.11,0.23519674442868221,0.18105102873562626,0.3772244175540432,false,4
10292,0.31317027814467285,0.24,0.1761167920820485,0.28639921147563085,0.2839158797509927,false,5
10293,0.5201333767992451,0.45,0.5726558600919124,0.4767852188775427,0.4499328142081065,false,1
10294,0.39585816932185225,0.22,0.21231286353786935,0.19002832625930718,0.2628928401665092,false,4
10296,0.3921618166712211,0.27,0.14828306032778443,0.2633987843248091,0.26194342875719695,false,3
10297,0.31329536690768517,0.07,0.20343147737403708,0.10637567334626155,0.29132813851129785,false,4
10298,0.34618270935422346,0.14,0.1302927904420051,0.2602125942688204,0.327145331005102,false,3
10299,0.3425387570408684,0.04,0.17293342446319795,0.2120756239807439,0.2557990741708359,false,5
10301,0.7420390129494501,0.48,0.3038224069702264,0.60574215263151,0.7082560153688942,false,4
10302,0.3609570034810187,0.1,0.23396364795936256,0.23999342127948972,0.26126900133554476,false,5
10303,0.3924483380235561,0.41,0.4136628392637197,0.43622273745515194,0.4118501140503139,false,5
10304,0.3593907600096998,0.25,0.3714482348096496,0.42372191150613203,0.42526177306689145,false,1
10305,0.3593907600096998,0.25,0.3714482348096496,0.42372191150613203,0.42526177306689145,false,1
10306,0.3823879707814846,0.14,0.26961387878140436,0.2424593597709171,0.2768772488980085,false,1
10307,0.19160116645763056,0.0,0.18194056562619662,0.19641139545777134,0.26709114097311376,false,2
10308,0.4462549319011591,0.29,0.36614592888573594,0.27868191855048235,0.39523192914526184,false,3
10309,0.3572175353668983,0.11,0.4356351798904377,0.40945447602214424,0.4193912639891175,false,1
10310,0.3572175353668983,0.11,0.4356351798904377,0.40945447602214424,0.4193912639891175,false,1
10311,0.3183713111999165,0.01,0.33367747040591755,0.3187151736193059,0.30162153712526774,false,5
10312,0.4026352358341761,0.45,0.4270665872361211,0.44368726639529316,0.4923075186769841,false,5
10313,0.362330608293914,0.21,0.36766353486710773,0.2845172712273538,0.31192402846527584,false,2
10315,0.5038471419423437,0.25,0.3185230168163935,0.3718170755536422,0.494969683223279,false,3
10316,0.43037866896813154,0.22,0.30466264302956264,0.35470136971498584,0.4345438417700916,false,1
10317,0.6030901035463778,0.46,0.4251242516128013,0.5163960527506013,0.5387996512922352,false,5
10318,0.4160077411763738,0.37,0.33606134040252994,0.39777839002610416,0.4577905895126891,false,3
10319,0.5173445202408556,0.39,0.5817779654155644,0.474999890409301,0.6127709395800595,false,3
10321,0.5827341966362368,0.28,0.5132572411369738,0.5507654547361771,0.5901157663617405,false,5
10322,0.36842068872741834,0.39,0.5600301559007219,0.415426146188547,0.5143632853182829,false,2
10323,0.34641682965637266,0.47,0.2532170336082093,0.3953468230990652,0.38777056588079895,false,5
10324,0.475014905110063,0.24,0.3075371449752132,0.4213622201402185,0.5588721324450794,false,2
10325,0.40438447279510537,0.23,0.3207750195322422,0.35029579924714804,0.4039167256290376,false,5
10326,0.32962202048716766,0.4,0.40006936135167176,0.3989326733976487,0.32683120594848175,false,5
10327,0.3199280501822882,0.06,0.26185725955256983,0.1847677867362421,0.2916186253312958,false,3
10328,0.4110757192423542,0.13,0.11834786315795917,0.1900103012197743,0.2273242074863353,false,3
10330,0.43649099114072243,0.14,0.20396224300246407,0.27914947750438013,0.28644115237859463,false,5
10331,0.39983868561704167,0.06,0.17181641308714282,0.25064706250912744,0.2821430579087435,false,2
10333,0.4571113125786377,0.11,0.3690355993506132,0.34535561517792346,0.42868546758061943,false,5
10334,0.510540721588637,0.08,0.35338931645012667,0.32993294578506605,0.43459244316080176,false,5
10335,0.45212138840806115,0.16,0.2585069949851062,0.2915599850016402,0.37950373865821174,false,5
10336,0.6231326853562322,0.32,0.10191335971554445,0.35629972963404766,0.2453134221735428,false,5
10337,0.42196460151021575,0.1,0.22818070846514663,0.30591360561086217,0.3297216868981683,false,2
10338,0.41545944283544545,0.1,0.2628142593027783,0.10522488659748888,0.33701580743570153,false,4
10339,0.4246822186413057,0.03,0.1820696829055711,0.3004307742911514,0.32099863074616014,false,2
10340,0.47270235654311293,0.23,0.2886051282596732,0.39978845247131156,0.3936431455026478,false,2
10341,0.43500466174300434,0.26,0.2386006217709951,0.309720418839057,0.3997821500412571,false,5
10342,0.36412987527862695,0.08,0.12845505398490742,0.2656658227172856,0.3172449326205663,false,5
10343,0.38060772868681775,0.10777777777777779,0.3744160408130434,0.36872367143208906,0.36221981533899894,false,4
10344,0.3380752354148411,0.42,0.46340477076699316,0.5077632985761455,0.4480467675058406,false,1
10345,0.5339927330994715,0.2,0.2306504858584562,0.2724803459009023,0.45508982205212484,false,4
10347,0.45716587697062333,0.24,0.27062703846267117,0.3968410741768053,0.4421083045159386,false,5
10348,0.421899806708929,0.07,0.1782448271986112,0.14771146886738995,0.32705574109293034,false,4
10349,0.4744037445595598,0.17,0.02817725302343954,0.3383459509981531,0.197133753291654,false,2
10350,0.3974272635785433,0.08,0.12632704268559017,0.25924804079819924,0.3491988128503846,false,5
10351,0.40784572794862656,0.22,0.2532741774760293,0.22115335583200824,0.44758954973409665,false,4
10352,0.38917338725206524,0.12,0.22336478439533658,0.3302957951716772,0.3739654860193256,false,2
10353,0.3468028835256755,0.18,0.4254093587189079,0.3336707015535819,0.3536242419413354,false,1
10354,0.3110113836108351,0.05,0.17084190311618455,0.11890406828842602,0.2405847284093667,false,3
10355,0.4788436060744466,0.25,0.08968042776063768,0.25127735104592686,0.3736187930489091,false,4
10356,0.38555429154974646,0.2,0.20665444989113818,0.3251497046213433,0.35588477507166116,false,5
10358,0.3696327280098317,0.13,0.20819794943578615,0.27911936965023904,0.281914308399278,false,5
10360,0.7551301673209726,0.69,0.7480381309329229,0.7579364320417428,0.7763754198857847,false,3
10361,0.7397953455805725,0.65,0.8222343012676461,0.8179109720227226,0.7572650091511691,false,1
10362,0.678556846759376,0.48,0.37355213722098707,0.6351711795681578,0.6930999190204346,false,2
10365,0.48219004327218973,0.41,0.21782256617577153,0.36172391924228764,0.41572597759336405,false,2
10366,0.40077965823842676,0.22,0.18787648776141697,0.24706832291171657,0.32777823737678,false,3
10367,0.8513010431797332,0.56,0.6698274934046389,0.6623525108635235,0.7368117238698101,false,1
10368,0.37786781798407865,0.21,0.3918349854391054,0.28492770123109645,0.3876002549106858,false,4
10369,0.37786781798407865,0.21,0.3918349854391054,0.28492770123109645,0.3876002549106858,false,4
10370,0.430025849643941,0.16,0.21149980164760673,0.28546297915303187,0.2540809052860987,false,2
10372,0.364085011581813,0.18,0.23540374470634065,0.260456712915628,0.26618245918818667,false,2
10373,0.4544357362542641,0.36,0.2514540911589169,0.4024403427209935,0.37492895613283733,false,2
10374,0.4469091979274969,0.21,0.21718067751227063,0.41081244823375734,0.48785720337432886,false,2
10375,0.32047373581681776,0.04,0.1420360644505339,0.17407771629355706,0.24880262155905533,false,1
10376,0.48301578667782635,0.28,0.47977949727325647,0.3366423731428134,0.5024460030955157,false,4
10377,0.3414963692065737,0.23,0.21767049804536262,0.25412635836189496,0.30962374820545596,false,1
10378,0.48205848303196025,0.33166666666666667,0.37736236977177795,0.454678078352422,0.4741478158236501,false,4
10379,0.4119267969166002,0.25,0.3487976226099823,0.4594872293766996,0.4162753780585104,false,1
10380,0.36274178756822434,0.19,0.10341533449868223,0.3100715576645936,0.3125340644316645,false,1
10381,0.49964476247496875,0.35,0.5089562015738582,0.3911588091356705,0.49054106480173626,false,3
10382,0.5047517777886927,0.44,0.5639012600608596,0.6114205845268235,0.5807569691321627,false,4
10383,0.2897399632589701,0.34659090909090906,0.17700757677922235,0.24861178089492342,0.22768422738001284,false,1
10384,0.6486837826490682,0.65,0.6862403720903462,0.7120388570580386,0.7198617882935852,false,1
10385,0.3514590488447916,0.28,0.27288737591671697,0.24910635167261008,0.3031600115793829,false,1
10386,0.37188055850952817,0.13,0.09130385909703449,0.2204441437322688,0.28524859827205806,false,5
10387,0.3883127466611478,0.08,0.15585031799460178,0.15112546865745743,0.24962732971913235,false,3
10388,0.3366023285889558,0.09,0.14993509279923264,0.16431686996352782,0.2283575560543874,false,3
10389,0.45815400562439584,0.17,0.18292733725372404,0.1863577088275315,0.3200521969507288,false,4
10391,0.2693769382139918,0.02,0.034687608341879006,0.13241449129575683,0.20019255560198423,false,5
10392,0.26257223660040374,0.04,0.09832791052698395,0.17535788547265774,0.22035022988728206,false,5
10393,0.2644718505208435,0.38,0.23998178166891834,0.34788904197129733,0.274482687127616,false,3
10394,0.3221989191964036,0.07,0.06306618883091153,0.20714414059456604,0.21036801063316338,false,2
10395,0.3009335499879285,0.08,0.16115390455719433,0.12155539330770176,0.2300969883419359,false,3
10396,0.2836820645053378,0.06,0.05451462690521992,0.10881569703086727,0.15555883380700194,false,4
10397,0.6140243633209059,0.57,0.6458582133450488,0.643454748111984,0.6748109630426491,false,4
10398,0.30582776131814887,0.05,0.033172062290640576,0.16605720011031122,0.20774997747750298,false,3
10399,0.3008367035395443,0.03,0.028050225825072356,0.19241400474636175,0.13868824320907444,false,1
10400,0.24147517464828616,0.02,0.05436528273728766,0.18211514446503332,0.24442829919008344,false,2
10401,0.24147517464828616,0.02,0.05436528273728766,0.18211514446503332,0.24442829919008344,false,2
10402,0.26304450961500403,0.1,0.08144432698596911,0.16376273178798242,0.22035022988728206,false,5
10403,0.3180766418803742,0.19,0.18308028540155463,0.2372719991693468,0.27330611227451584,false,2
10404,0.3180766418803742,0.19,0.18308028540155463,0.2372719991693468,0.27330611227451584,false,2
10405,0.2693769382139918,0.02,0.034687608341879006,0.13241449129575683,0.20019255560198423,false,5
10406,0.29507733442883644,0.19,0.15536542659688715,0.22850552621340334,0.1903703638502712,false,3
10407,0.46198810371077925,0.18,0.4313898701123505,0.44224636495293734,0.48766261597174604,false,5
10408,0.4187007674510496,0.15,0.2603414767528169,0.26644284876350244,0.4186579382865916,false,5
10409,0.2021434382774683,0.02,0.07121399930622992,0.19907445944780136,0.1585555375180316,false,1
10410,0.19013400689409957,0.07,0.136765726613792,0.24412681260515348,0.26709114097311376,false,2
10411,0.9196439200164548,0.88,0.749517992822462,0.9036614129547709,0.829823201200192,false,1
10412,0.5160501487583409,0.21,0.34438230804213277,0.3637299488188566,0.5508516428896129,false,3
10413,0.5167899589264002,0.3,0.514504133047458,0.3469226401365526,0.5865243566946426,false,4
10414,0.525428710067548,0.19,0.23356216577397784,0.38118120879281625,0.4968003636853775,false,3
10415,0.46081000920048054,0.29,0.3422159299580624,0.39033403866257843,0.38949095570628156,false,2
10416,0.7418790072360999,0.45,0.6272402586859349,0.7417771970793773,0.7760488417723438,false,5
10417,0.38330051199496,0.3,0.5023879929499054,0.434888557190282,0.5028981090587139,false,5
10418,0.7718308623602795,0.54,0.6584812966864277,0.6642834609567135,0.7855799059158459,false,2
10419,0.7129062577102013,0.63,0.4327790158873342,0.7461064006294639,0.7388391186191369,false,2
10420,0.8225865755449591,0.4,0.4523682370815336,0.5901388631390342,0.7442157436553374,false,1
10421,0.19013400689409957,0.07,0.136765726613792,0.24412681260515348,0.26709114097311376,false,2
10422,0.8107715824775679,0.41,0.45909525499833687,0.6312814694887957,0.7449177090288331,false,5
10423,0.42332425046172767,0.06,0.1293048489742779,0.24000403344628105,0.2309750498667184,false,2
10426,0.4410402354470059,0.08,0.3451551272857889,0.2465031438168938,0.4221058069153657,false,3
10427,0.4620682029979264,0.17,0.13578887183260582,0.32611626554395,0.37937379098614044,false,2
10428,0.5452582895042326,0.16,0.23936314173715562,0.32762410942697895,0.4503026429315046,false,2
10429,0.4306031205902925,0.12,0.1920581970284,0.206836148107475,0.31202064433945503,false,4
10430,0.5646515156630276,0.42,0.5354665918097397,0.4662995887171543,0.5777587404451608,false,2
10431,0.494546964799438,0.24,0.37071405709356775,0.3073461953387905,0.4917414710786726,false,3
10432,0.5054328599394221,0.28,0.3479938031570483,0.35969630405674446,0.3469565014982981,false,2
10433,0.31674612472359837,0.02,0.04313142509061759,0.12048783628881068,0.20042108727829433,false,5
10434,0.36445758194737177,0.19,0.23958493005724665,0.2085319026578014,0.2778559725613426,false,2
10436,0.3605250248608004,0.21,0.35963358758748576,0.24214221509914244,0.26210557410175656,false,4
10437,0.3678531010397719,0.16,0.3312236200115493,0.3327932553253038,0.34823246742982,false,1
10438,0.34266952707193066,0.08,0.1722786834018044,0.22277274802257963,0.23849724306821204,false,5
10441,0.32786617110381044,0.1,0.1656421038811256,0.15797012055263504,0.3023657288856984,false,4
10442,0.36327417258881206,0.04,0.1735291603003846,0.08956098291350406,0.2426402450014322,false,3
10443,0.3705352527449086,0.15,0.37844748289352537,0.2274249006300421,0.39616563062051396,false,3
10444,0.353359195539383,0.15,0.301748541278761,0.3146219671869912,0.31005339223262035,false,4
10445,0.3973649924747777,0.17,0.379933625405517,0.3043222639260598,0.4190261968247626,false,3
10446,0.6677111451139999,0.37,0.6648592248286354,0.5665358269605261,0.6912075897235086,false,2
10447,0.6387958615333528,0.55,0.6671107802015579,0.5507189443975407,0.662259324855329,false,3
10448,0.34884264451534996,0.1,0.16978615198692357,0.16059829465769862,0.28694137959978516,false,4
10449,0.36711484457275395,0.37,0.16407155927946596,0.21393254276389673,0.25455039916466493,false,1
10450,0.3728244721056207,0.41,0.35928003768260935,0.27760242296459325,0.32419360757052523,false,4
10451,0.35254996777419245,0.19,0.2560635619767969,0.28315912121677433,0.34286619344121627,false,4
10452,0.3873490076818067,0.2,0.22667308480431675,0.21123830591922693,0.4482967664575574,false,4
10453,0.3445828893228587,0.1,0.13123091554051608,0.1944251663364613,0.24880262155905533,false,1
10454,0.48416222497461137,0.39,0.40931510514504305,0.551293622222032,0.5610698822064638,false,1
10455,0.5332472151641153,0.42,0.7400263404870657,0.5491935352141146,0.6714002699231895,false,3
10456,0.38288819004766417,0.05,0.3546459732321333,0.32568018790502246,0.346256274790423,false,1
10457,0.4982830043840939,0.14,0.5807202122838495,0.5369111049177107,0.5845674297319354,false,3
10459,0.39291933220221936,0.15,0.30198901667750533,0.28757621890708046,0.37287861739263245,false,5
10461,0.28448908377531823,0.02,0.10550337221404163,0.1321167166482761,0.1849402831992361,false,1
10462,0.2587103988510821,0.54,0.2509728774664751,0.2752694984712306,0.23517002689260194,false,5
10463,0.41376758416210085,0.56,0.7300316363107262,0.5946353617300433,0.5428129032884896,false,1
10464,0.520904681331881,0.41,0.4699159054157376,0.48805507130813447,0.4308667873974264,false,1
10465,0.24011641000860945,0.24666666666666667,0.3353447405235934,0.31936118628533494,0.2767175873716514,false,4
10466,0.2781668237409995,0.26,0.3447351237045026,0.24033842142007944,0.25611642362308884,false,4
10467,0.18971161624677574,0.0,0.1698003376559029,0.18786061595349435,0.26709114097311376,false,2
10468,0.4861293175178976,0.51,0.5414027320251356,0.4475412787520863,0.47485908243070335,false,5
10469,0.2989019227507781,0.1,0.20567714200684764,0.224060820332416,0.2511429192118496,false,2
10470,0.2780570483558588,0.17,0.15443800170645275,0.25392256135190283,0.32860746609260727,false,5
10471,0.8006220635061825,0.6,0.5149712289931084,0.7841617768242317,0.748761929573863,false,1
10475,0.39826989180486994,0.14,0.33875255006945443,0.39272239754273786,0.45056126349087794,false,1
10480,0.27090148912616635,0.0,0.03620696107150163,0.1661937269750641,0.1726369668651851,false,1
10482,0.46281589578568777,0.35,0.4510221740210275,0.3852898138943565,0.5324953027653986,false,4
10483,0.30134500421806837,0.14,0.1607280365127773,0.14397829263301742,0.22615253888984888,false,3
10485,0.39527655278948404,0.37,0.40182012076624496,0.45028347492748877,0.46642960350780416,false,2
10486,0.2780570483558588,0.17,0.15443800170645275,0.25392256135190283,0.32860746609260727,false,5
10487,0.9370797775499204,0.57,0.7985777417666828,0.836290248018393,0.8230243177929462,false,1
10488,0.8547752272668957,0.54,0.5329454337880535,0.6433823614466028,0.7857581153818528,false,4
10489,0.4135263359387413,0.45,0.4502431689681732,0.45796357011549255,0.4399283672485332,false,2
10492,0.292787719174961,0.15,0.15836142423792604,0.13225321761571757,0.2432848083344082,false,4
10495,0.6476076378673516,0.55,0.7445567834680326,0.5942980073276768,0.6772323273440419,false,2
10496,0.3177701629172169,0.06,0.17358251470189504,0.048662544563279855,0.27548344404273234,false,4
10497,0.38911426132330396,0.33,0.5358344245697506,0.47543248632983626,0.508293072633603,false,2
10499,0.45878299298399583,0.14,0.16170456637952543,0.1751707040153651,0.3273072969502604,false,4
10507,0.4195781225679518,0.14,0.4101979718313192,0.23830293610521003,0.40307926174236935,false,4
10508,0.46259614314176195,0.29,0.2406318679592563,0.36583519993640384,0.36992834598417784,false,2
10512,0.32573505961455496,0.37,0.17225264300663373,0.27014687716805263,0.23582368284995422,false,4
10514,0.38400018684133674,0.04,0.23180491994662925,0.3429526483121623,0.357062335451289,false,5
10522,0.3643073482758231,0.17,0.2641165513004201,0.24581510280061053,0.3571249828266485,false,3
10523,0.24856662623033254,0.085,0.055939593725571744,0.16884392330776724,0.21090713179851045,false,3
10524,0.8240795395079311,0.59,0.748610251974424,0.7893908694271043,0.8155859604199084,false,5
10526,0.7732755462779642,0.51,0.6133293186383144,0.5987270657142879,0.7313654823027187,false,5
10528,0.25573668180965675,0.0,0.0662759156900996,0.019020922425527685,0.22787882701336598,false,4
10529,0.3211877465554175,0.23,0.2592090872710341,0.2481719512088421,0.2575700710723797,false,4
10530,0.2670507157489092,0.05,0.043726895295845884,0.2016261590252288,0.16503107606688736,false,5
10531,0.43771434199875153,0.14,0.2972777616642035,0.24385341785260323,0.4118707316920133,false,3
10532,0.4414656050661927,0.27,0.49811241543854873,0.3335313483912302,0.5031474031095419,false,4
10533,0.4540853963975215,0.18,0.31032865423665484,0.30099380880949556,0.48262236302008205,false,4
10534,0.45335809150391077,0.27,0.5123470695990031,0.4174263465639847,0.5109715686303097,false,3
10535,0.5240993024152656,0.44,0.6182977677949968,0.5105353327412838,0.645886488952573,false,2
10537,0.2687519718611236,0.07,0.12402961708155935,0.17991418155235864,0.24145701155078894,false,5
10538,0.8061757858651919,0.78,0.6952755246477792,0.8464678971054745,0.7896169620564623,false,4
10539,0.3216940207287976,0.27,0.5210796170471172,0.3821330835337769,0.381919604742597,false,5
10540,0.3216940207287976,0.27,0.5210796170471172,0.3821330835337769,0.381919604742597,false,5
10545,0.34868227090556636,0.03,0.10480294762828782,0.20438567188246698,0.24074230786634784,false,2
10546,0.45878299298399583,0.14,0.16170456637952543,0.1751707040153651,0.3273072969502604,false,4
10549,0.39134808203408045,0.08,0.11372351348881353,0.23280924687141577,0.26508912792240985,false,2
10554,0.6166770534072847,0.46,0.41509865746561403,0.5479865054889486,0.6535080330811498,false,3
10555,0.2701568331712158,0.02,0.07500303838090493,0.17656921714198634,0.2541269234975177,false,5
10556,0.24539926893887704,0.3704047619047619,0.4328051960768128,0.3914733532767039,0.2783445170020807,false,3
10557,0.726420729670128,0.49,0.6010053669359271,0.6626670755967914,0.7309371573551663,false,2
10558,0.503555683614153,0.53,0.6996115928343697,0.574034657137543,0.6536848461466631,false,5
10559,0.2687519718611236,0.07,0.12402961708155935,0.17991418155235864,0.24145701155078894,false,5
10560,0.39905292373998236,0.38,0.4432414117739328,0.4570659143829876,0.5250338485394059,false,4
10562,0.32974411371643564,0.07,0.28567556968134,0.2910246260822158,0.3374458810158227,false,5
10563,0.325252737299841,0.17,0.3452692407881885,0.3222795275517022,0.3634862141911546,false,1
10566,0.3783290069146406,0.31,0.33593982616273754,0.401373039025497,0.3763184217554492,false,3
10572,0.26244304092229337,0.1,0.09980526369711118,0.19616659167986264,0.2454856555566123,false,2
10575,0.3072601314004111,0.0,0.22607348574875122,0.20137063402034416,0.2688951839062526,false,1
10576,0.27090148912616635,0.0,0.03620696107150163,0.1661937269750641,0.1726369668651851,false,1
10582,0.3828100610872986,0.09,0.16389699661861207,0.18931084039281104,0.2516794223955695,false,1
10583,0.38513067921585503,0.24,0.3957849318818057,0.4230496758212277,0.44733911261906656,false,1
10588,0.45730436382773343,0.34,0.5742606295435757,0.5310732417227058,0.5748461430959697,false,1
10589,0.3730667829503448,0.03,0.11966729448292263,0.21001818466882508,0.24014250204317517,false,2
10590,0.3681075179134386,0.07,0.040552464336047686,0.04067078754578754,0.20106211380612188,false,4
10591,0.3710322787053753,0.07,0.07149484924381506,0.07376958991899962,0.2206015990831592,false,3
10592,0.36073660186488704,0.23,0.17997958786742402,0.27692167669550805,0.24161973052167132,false,2
10593,0.37695422433228243,0.14,0.1569075218148932,0.23555126911187926,0.26173996460230403,false,2
10601,0.4372158079816857,0.26,0.4069628539307468,0.4362938585941885,0.49348104781629865,false,2
10605,0.37714532117319305,0.03,0.09864295479855892,0.08695412682206886,0.22316969091134933,false,3
10606,0.44037299502807103,0.31,0.29384040948440426,0.3300880256044075,0.32692243731038273,false,1
10610,0.36647193715658555,0.01,0.29630248099453993,0.2599635627800496,0.3474179807076218,false,1
10613,0.44109203380526457,0.28,0.31422789458935463,0.34188142109779096,0.4363740839805385,false,3
10614,0.5020848550896786,0.3,0.34346178288769114,0.43833609187029393,0.5647882418401449,false,3
10615,0.3734888168259336,0.28,0.2961549442515558,0.3617543434034605,0.3755607775506744,false,5
10628,0.367680128068249,0.1,0.24302569810237365,0.23381033793134545,0.27469900205667963,false,2
10629,0.5678724423823444,0.54,0.7355306520595114,0.6429956569673763,0.6141125733320325,false,5
10630,0.6098001745498782,0.6,0.7300407142172513,0.5881102396493734,0.6547954064931156,false,2
10631,0.5705209747442231,0.36,0.394810852641288,0.514173912901796,0.6438321878703868,false,3
10632,0.6625463730096429,0.65,0.6643229830789814,0.7842844631417774,0.7790514910956685,false,4
10638,0.38634328129464635,0.02,0.08189927364915221,0.07305060401045779,0.21233602121070977,false,3
10640,0.44075840789972826,0.25,0.3302029946843438,0.42239065165974227,0.4697833034781748,false,1
10646,0.28834157152624784,0.23,0.11181737439443004,0.1415654353816118,0.26701375946874056,false,4
10647,0.28834157152624784,0.23,0.11181737439443004,0.1415654353816118,0.26701375946874056,false,4
10648,0.33494116178124067,0.12,0.38196487943241825,0.33046429068970107,0.3710206535487948,false,5
10649,0.36699935622766167,0.43,0.6443567987444024,0.509720458734124,0.46633916531758945,false,3
10650,0.6041411754193233,0.25,0.4800138931750282,0.45606766039445873,0.5607325378187114,false,2
10657,0.37052680085705336,0.06,0.167914368615876,0.23690267489432948,0.28990313710254156,false,5
10659,0.3075223208551257,0.056666666666666664,0.2289379116887772,0.21074028848429383,0.2511429192118496,false,2
10661,0.3633550752136308,0.07,0.13084852799232363,0.19251383061057697,0.24312955758502505,false,1
10663,0.39711329505153686,0.04,0.10132402369200873,0.1734915420326305,0.2453951716421522,false,1
10664,0.3656812168518748,0.04,0.09919994346131215,0.2312145506747492,0.25513000327801894,false,2
10665,0.35406527873013144,0.05,0.12768876064753368,0.03792964126516758,0.26582953383882396,false,4
10666,0.34816241770257694,0.14,0.20172285782925764,0.21857485426093362,0.23161923968205336,false,3
10667,0.40264465674087563,0.06,0.10248832988470426,0.16439470865146089,0.22696918841669209,false,1
10668,0.4007427657874885,0.17,0.21720230409774513,0.30688022930287473,0.2624906936421875,false,2
10669,0.322345781286107,0.27,0.19169826130584836,0.26741406389006545,0.2784500826355256,false,5
10671,0.3329196118623999,0.18,0.2515654801636138,0.25529077038614056,0.2511429192118496,false,2
10672,0.41177593549703234,0.15,0.17984037175775466,0.3166810839339633,0.28667703996799293,false,5
10674,0.3774628895911512,0.04,0.15769917259859506,0.22682684936309447,0.24850265642411526,false,5
10678,0.43518612975117504,0.2,0.4797033658570418,0.33671523830057093,0.39578497642726973,false,4
10680,0.39826989180486994,0.14,0.33875255006945443,0.39272239754273786,0.45056126349087794,false,1
10681,0.3980613206341329,0.35,0.4739682293440296,0.42338608013336226,0.5643948734217417,false,5
10687,0.27497555262722834,0.01,0.023040718897934152,0.1757553241090431,0.16503107606688736,false,5
10690,0.3339212495258414,0.03,0.14045342094954866,0.12679550581751048,0.22866369155992175,false,3
10693,0.3339459649896321,0.21,0.35301373055311097,0.29934538078570244,0.3479040886920829,false,5
10695,0.3339212495258414,0.03,0.14045342094954866,0.12679550581751048,0.22866369155992175,false,3
10697,0.37714532117319305,0.03,0.09864295479855892,0.08695412682206886,0.22316969091134933,false,3
10698,0.44037299502807103,0.31,0.29384040948440426,0.3300880256044075,0.32692243731038273,false,1
10700,0.33035076033821875,0.27,0.602667238527432,0.35769431040547056,0.455745598956257,false,4
10701,0.4968965244347841,0.63,0.6400941483953408,0.5738357023767321,0.5863824550948139,false,2
10704,0.3971702515906713,0.21,0.34607629106444177,0.3492194535313329,0.37757968926034174,false,2
10707,0.3000546781436481,0.22,0.16964673802319413,0.25247027534182964,0.25349775145677084,false,5
10708,0.34927397984139935,0.52,0.24895476216348006,0.33012006551804546,0.22866369155992175,false,3
10709,0.3771393633004943,0.53,0.5103129338945621,0.5257002114558074,0.4517235618873466,false,1
10711,0.3225743281584164,0.15,0.1655237800942981,0.2681885102425956,0.33672187987033814,false,1
10713,0.29154873967167666,0.09,0.12698705508278105,0.24386355916629573,0.30215895932307574,false,5
10714,0.2570187113805481,0.07,0.1813062554220264,0.24595551198645804,0.24895613423078522,false,2
10715,0.398368160141542,0.22,0.43527875296872104,0.3874204332801361,0.4050067930436199,false,2
10722,0.34829500033683747,0.03,0.23610262052906789,0.27466340706116027,0.3127776015409958,false,1
10723,0.4062544079041887,0.3,0.4092536908717425,0.3876491627254067,0.4651191130847233,false,5
10732,0.37940880788393855,0.25,0.3831129659518718,0.3558187391951062,0.3722068710016588,false,2
10733,0.3955887398916499,0.19,0.2689456509476823,0.2624393910596374,0.39723460403270877,false,3
10734,0.4335001713384519,0.29,0.5004052596048928,0.42582848116435523,0.44889896572874005,false,2
10735,0.3515520256015829,0.25,0.2177089980197629,0.3438952320374992,0.30291917308836736,false,3
10736,0.30249799379747877,0.48,0.45159912795571355,0.23294939439920392,0.26150151561440815,false,5
10739,0.30249799379747877,0.48,0.45159912795571355,0.23294939439920392,0.26150151561440815,false,5
10746,0.3432450859325586,0.18,0.3934798743175674,0.3063491203355876,0.36294521623293774,false,1
10750,0.3783290069146406,0.31,0.33593982616273754,0.401373039025497,0.3763184217554492,false,3
10751,0.6790683889230258,0.37,0.3346016035721002,0.5820356515123877,0.6742180905191115,false,5
10753,0.3130007082659395,0.33,0.08031449142865345,0.24809043888127572,0.2403247375936777,false,4
10758,0.278665157649275,0.04,0.06274477505511143,0.17431525070299211,0.1810471425543602,false,1
10759,0.33005311321657516,0.17,0.38384969667087415,0.3369357433683819,0.3833877649381048,false,5
10760,0.6549443975023264,0.47,0.5633084525336297,0.6142464705590551,0.690416990197063,false,2
10761,0.5348440514061029,0.44,0.3682352475722548,0.5286068418025863,0.6005708532416535,false,4
10771,0.27912056759763915,0.05,0.036282482549695155,0.17176649993906434,0.16503107606688736,false,5
10772,0.27912056759763915,0.05,0.036282482549695155,0.17176649993906434,0.16503107606688736,false,5
10773,0.3726835955032509,0.51,0.4649781424317607,0.40486635552695033,0.39597827231908994,false,5
10774,0.39021535504747695,0.04,0.2532068248302224,0.0993691067919009,0.33183187406732956,false,4
10775,0.3986523151438014,0.11,0.3557326351929274,0.3749928396078844,0.3995981617532376,false,2
10779,0.40043700392314935,0.14,0.26378296936300755,0.27643120523190223,0.2714534385195746,false,2
10782,0.41565874599114166,0.23,0.3866363137817037,0.33206255601945633,0.46385996557208314,false,3
10783,0.3329196118623999,0.18,0.2515654801636138,0.25529077038614056,0.2511429192118496,false,2
10784,0.41352743178850876,0.1,0.14803554190362958,0.2738815965263685,0.2712773855791529,false,5
10786,0.49714236323046446,0.57,0.6914064718916939,0.6095567383472783,0.6122788133713509,false,2
10787,0.3986523151438014,0.11,0.3557326351929274,0.3749928396078844,0.3995981617532376,false,2
10788,0.3986523151438014,0.11,0.3557326351929274,0.3749928396078844,0.3995981617532376,false,2
10790,0.40437305691320863,0.12,0.3453202630559537,0.36314313844979135,0.42153035250956117,false,2
10791,0.40437305691320863,0.12,0.3453202630559537,0.36314313844979135,0.42153035250956117,false,2
10792,0.37697327284122334,0.12,0.42540456629267387,0.5044855138307686,0.44833140574403724,false,1
10794,0.39829785063864886,0.19,0.3501922160855585,0.33634887803943747,0.4188689094250134,false,3
10799,0.5066682639503512,0.33,0.216994375551405,0.4087317766701577,0.39460676464813965,false,2
10800,0.5591618112381984,0.26,0.12290453905629933,0.44612623909310206,0.529073986736748,false,5
10801,0.3485977554675337,0.46,0.48150678389803186,0.49718390944597424,0.42395564813324016,false,4
10802,0.4240046210204203,0.28,0.25429627404635174,0.3240046188453437,0.35876395295513064,false,2
10803,0.5097718603168826,0.57,0.5984347771525036,0.5502104008171663,0.5659715012859485,false,2
10804,0.2474823459166653,0.3901666666666667,0.1693280698742354,0.30604632032377777,0.24576733761624614,false,3
10806,0.2825090754716134,0.07,0.13628919366455886,0.11070113913863913,0.2621853604414372,false,4
10808,0.41626948986615236,0.12,0.1581684621448873,0.29326348233936395,0.3358122611102908,false,1
10809,0.4143482025910163,0.23,0.20776846576072336,0.37005658775422184,0.41568098696624056,false,2
10810,0.38078197585441537,0.09,0.22906989974509512,0.3661772538476763,0.357062335451289,false,5
10813,0.3592250400204119,0.13,0.3228256527891924,0.37354473599014976,0.3900039865945728,false,3
10814,0.27004767020074133,0.11,0.03869047024497669,0.19689478101358904,0.167298100053202,false,5
10822,0.37914195998974753,0.18,0.5559699616428293,0.3743687860196998,0.46859683676869246,false,3
10825,0.3707702260401625,0.08,0.19537435236290437,0.2974168802437116,0.3181538705722169,false,2
10828,0.29491958376985733,0.06,0.17983948650824105,0.23738284941992466,0.31676478110612905,false,2
10829,0.4900153861381623,0.28,0.45897139591181757,0.2698247688631994,0.5136056316504254,false,4
10830,0.38794868465843185,0.27,0.3968805657663869,0.4319785318622488,0.43970768556411566,false,1
10831,0.4172942448826559,0.2,0.38258610126486287,0.35966768236362723,0.5152969840491032,false,4
10832,0.3444451233406017,0.04,0.11413615850735806,0.17964724954629932,0.2140670212994257,false,2
10833,0.3333360291640018,0.11,0.05694966876339286,0.16201331071550043,0.21672568771434336,false,1
10836,0.3267643046963361,0.07,0.03970785614283016,0.04002271666242255,0.15066525348458912,false,4
10837,0.5424161961999627,0.37,0.4666922021927762,0.5433252741620691,0.539856600515178,false,5
10838,0.6717605282783087,0.52,0.5805630586609666,0.6441367020971156,0.7235475926896765,false,3
10839,0.699671310552517,0.71,0.6960367270031911,0.7574143212456446,0.7865303752393912,false,3
10840,0.6618838427514765,0.27,0.3637726888587433,0.3982318454546596,0.4112919294462087,false,3
10841,0.9577848636750731,0.63,0.7471081513952508,0.7679018649119229,0.719185563192787,false,4
10842,0.637026725236542,0.71,0.8390178372783367,0.7465065705824613,0.7372809591251592,false,2
10843,0.6408114970666956,0.69,0.8916116758387109,0.7340695986975849,0.7372809591251592,false,2
10844,0.4580483791831573,0.13,0.29738627840899223,0.379117970015162,0.4193319538762215,false,1
10845,0.5754458540865557,0.436,0.6071951081495652,0.518646987135973,0.5247001048557949,false,2
10846,0.47687228352640193,0.5,0.4945449833177208,0.5326431070412192,0.5414334235056978,false,5
10847,0.5684082646655778,0.5766666666666667,0.7242672261663726,0.5926009697373015,0.6678175823764888,false,5
10848,0.33814011397300553,0.44,0.41086742172149665,0.5380134397898464,0.4487948279015961,false,1
10849,0.5766208373057644,0.29,0.6737898150874378,0.5812883626110232,0.6095542942800415,false,1
10850,0.40490933871407425,0.28,0.4389576155063027,0.41235375153102394,0.4403420448211759,false,2
10851,0.29987036052228183,0.0,0.03456980226057213,0.16235550319354344,0.22630016468413766,false,2
10852,0.4324050660753781,0.27,0.4263130774215799,0.4159343322906786,0.5034651793652646,false,5
10853,0.29477519464305924,0.16,0.1922118909849813,0.23447294106468924,0.28072676170674116,false,1
10854,0.27218901989503763,0.17,0.25866943066478837,0.22566525346303887,0.267083103733304,false,4
10855,0.5454753204297506,0.61,0.836248522080367,0.7351313146800216,0.7634166134443884,false,3
10856,0.5637175026374065,0.59,0.8463514096320837,0.7180710886191151,0.6789757364350391,false,1
10857,0.4643556805363923,0.41,0.3275664905139963,0.46810021464123397,0.4925191974526302,false,1
10858,0.6384647053019679,0.43,0.41651192921759195,0.5483983855360858,0.6194908178252053,false,3
10859,0.9894419612702431,0.66,0.8750251299356885,0.757862535969699,0.8027982536495092,false,4
10860,0.8793007946794952,0.3,0.05653459590907477,0.43345063691736757,0.5607181892214906,false,2
10861,0.5890116011077908,0.27,0.25413020437035133,0.48982028858205995,0.4955112732758767,false,4
10862,0.5459306525898996,0.22,0.06720306940006271,0.3270926884433076,0.29150297214291815,false,4
10863,0.6096111253451977,0.33,0.24570334296738092,0.386887750976285,0.48258493526393287,false,5
10864,0.29987036052228183,0.0,0.03456980226057213,0.16235550319354344,0.22630016468413766,false,2
10865,0.5928181264151944,0.3,0.6007829271154498,0.3742409961211818,0.5965793628074649,false,4
10866,0.31821995841846795,0.05,0.12617575687741342,0.18131799795588507,0.30944058320094214,false,3
10867,0.22264234240276207,0.05,0.10746568040372194,0.18966171941002977,0.19330807386361443,false,1
10868,0.3072546046556673,0.21,0.2100943554177067,0.21484334533152574,0.248511831015541,false,2
10869,0.3055443920095126,0.17666666666666664,0.24562738235437448,0.2071974178307389,0.2916186253312958,false,3
10870,0.3845967155604852,0.16,0.17005983645079992,0.11969980713730713,0.27227050448518336,false,4
10871,0.3973207590565201,0.12,0.3971590341146872,0.331653312256692,0.35952486818874596,false,2
10872,0.36009200627298293,0.26,0.372493832163977,0.34604915932854036,0.3149632358076118,false,1
10873,0.4959032455857177,0.29,0.4237671384124573,0.4503703228080414,0.5325156869453065,false,5
10874,0.3594718526650151,0.25,0.34923715295213786,0.3415058757893623,0.3231529335727357,false,1
10875,0.4959032455857177,0.29,0.4237671384124573,0.4503703228080414,0.5325156869453065,false,5
10876,0.31365109225976695,0.22,0.4355411515415484,0.35111625500608795,0.44837737219277024,false,3
10879,0.4142821824912902,0.52,0.6474099212446732,0.4869076825076165,0.5017607663508719,false,2
10880,0.4021039067956613,0.32,0.3196968321779786,0.35883955468346485,0.3876422006244595,false,2
10881,0.3470542660864022,0.09,0.19787991460614215,0.27198297581411457,0.30276275036466643,false,1
10882,0.45629954460347855,0.37,0.7175819859296676,0.5901197906180798,0.605431663420922,false,1
10883,0.3419988302003263,0.5,0.1610968913392467,0.28836309637699614,0.3172705885769285,false,2
10884,0.39542972013351524,0.18,0.38738604127074683,0.3343419305132136,0.38325106255312225,false,5
